region,tech,vintage,output_comm,operator,factor,notes,data_source,dq_cred,dq_geog,dq_struc,dq_tech,dq_time,data_id
AB,T_HDV_BS_CNG,2010.0,T_D_pkm_hdv_bs,ge,0.032292942,,,,,,,,TRPHRAB001
AB,T_HDV_BS_CNG,2015.0,T_D_pkm_hdv_bs,ge,0.032292942,,,,,,,,TRPHRAB001
AB,T_HDV_BIC_DSL,2005.0,T_D_pkm_hdv_bic,ge,0.044619354,,,,,,,,TRPHRAB001
AB,T_HDV_BIC_DSL,2010.0,T_D_pkm_hdv_bic,ge,0.044619354,,,,,,,,TRPHRAB001
AB,T_HDV_BIC_DSL,2015.0,T_D_pkm_hdv_bic,ge,0.044619354,,,,,,,,TRPHRAB001
AB,T_LDV_M_GSL,2000.0,T_D_pkm_ldv_m,le,0.008371511,,,,,,,,TRPHRAB001
AB,T_LDV_M_GSL,2005.0,T_D_pkm_ldv_m,le,0.008371511,,,,,,,,TRPHRAB001
AB,T_LDV_M_GSL,2010.0,T_D_pkm_ldv_m,le,0.008371511,,,,,,,,TRPHRAB001
AB,T_LDV_M_GSL,2015.0,T_D_pkm_ldv_m,le,0.008371511,,,,,,,,TRPHRAB001
AB,T_HDV_BT_BEV,2005.0,T_D_pkm_hdv_bt,le,0.044597224,,,,,,,,TRPHRAB001
AB,T_HDV_BT_BEV,2010.0,T_D_pkm_hdv_bt,le,0.044597224,,,,,,,,TRPHRAB001
AB,T_HDV_BT_BEV,2015.0,T_D_pkm_hdv_bt,le,0.044597224,,,,,,,,TRPHRAB001
AB,T_HDV_BIC_GSL,2010.0,T_D_pkm_hdv_bic,ge,0.044619354,,,,,,,,TRPHRAB001
AB,T_HDV_BIC_GSL,2015.0,T_D_pkm_hdv_bic,ge,0.044619354,,,,,,,,TRPHRAB001
AB,T_HDV_BS_DSL,2005.0,T_D_pkm_hdv_bs,ge,0.032292942,,,,,,,,TRPHRAB001
AB,T_HDV_BS_DSL,2010.0,T_D_pkm_hdv_bs,ge,0.032292942,,,,,,,,TRPHRAB001
AB,T_HDV_BS_DSL,2015.0,T_D_pkm_hdv_bs,ge,0.032292942,,,,,,,,TRPHRAB001
AB,T_HDV_BT_DSL,2005.0,T_D_pkm_hdv_bt,le,0.044597224,,,,,,,,TRPHRAB001
AB,T_HDV_BT_DSL,2010.0,T_D_pkm_hdv_bt,le,0.044597224,,,,,,,,TRPHRAB001
AB,T_HDV_BT_DSL,2015.0,T_D_pkm_hdv_bt,le,0.044597224,,,,,,,,TRPHRAB001
AB,T_HDV_BIC_GSL,2010.0,T_D_pkm_hdv_bic,le,0.046967741,,,,,,,,TRPHRAB001
AB,T_HDV_BIC_GSL,2015.0,T_D_pkm_hdv_bic,le,0.046967741,,,,,,,,TRPHRAB001
AB,T_HDV_BT_DSL,2005.0,T_D_pkm_hdv_bt,ge,0.042367363,,,,,,,,TRPHRAB001
AB,T_HDV_BT_DSL,2010.0,T_D_pkm_hdv_bt,ge,0.042367363,,,,,,,,TRPHRAB001
AB,T_HDV_BT_DSL,2015.0,T_D_pkm_hdv_bt,ge,0.042367363,,,,,,,,TRPHRAB001
AB,T_HDV_BS_GSL,2005.0,T_D_pkm_hdv_bs,ge,0.032292942,,,,,,,,TRPHRAB001
AB,T_HDV_BS_GSL,2010.0,T_D_pkm_hdv_bs,ge,0.032292942,,,,,,,,TRPHRAB001
AB,T_HDV_BS_GSL,2015.0,T_D_pkm_hdv_bs,ge,0.032292942,,,,,,,,TRPHRAB001
AB,T_HDV_BT_BEV,2005.0,T_D_pkm_hdv_bt,ge,0.042367363,,,,,,,,TRPHRAB001
AB,T_HDV_BT_BEV,2010.0,T_D_pkm_hdv_bt,ge,0.042367363,,,,,,,,TRPHRAB001
AB,T_HDV_BT_BEV,2015.0,T_D_pkm_hdv_bt,ge,0.042367363,,,,,,,,TRPHRAB001
AB,T_HDV_BIC_DSL,2005.0,T_D_pkm_hdv_bic,le,0.046967741,,,,,,,,TRPHRAB001
AB,T_HDV_BIC_DSL,2010.0,T_D_pkm_hdv_bic,le,0.046967741,,,,,,,,TRPHRAB001
AB,T_HDV_BIC_DSL,2015.0,T_D_pkm_hdv_bic,le,0.046967741,,,,,,,,TRPHRAB001
AB,T_LDV_M_GSL,2000.0,T_D_pkm_ldv_m,ge,0.007952935,,,,,,,,TRPHRAB001
AB,T_LDV_M_GSL,2005.0,T_D_pkm_ldv_m,ge,0.007952935,,,,,,,,TRPHRAB001
AB,T_LDV_M_GSL,2010.0,T_D_pkm_ldv_m,ge,0.007952935,,,,,,,,TRPHRAB001
AB,T_LDV_M_GSL,2015.0,T_D_pkm_ldv_m,ge,0.007952935,,,,,,,,TRPHRAB001
AB,T_HDV_BS_DSL,2005.0,T_D_pkm_hdv_bs,le,0.033992571,,,,,,,,TRPHRAB001
AB,T_HDV_BS_DSL,2010.0,T_D_pkm_hdv_bs,le,0.033992571,,,,,,,,TRPHRAB001
AB,T_HDV_BS_DSL,2015.0,T_D_pkm_hdv_bs,le,0.033992571,,,,,,,,TRPHRAB001
AB,T_HDV_BS_CNG,2010.0,T_D_pkm_hdv_bs,le,0.033992571,,,,,,,,TRPHRAB001
AB,T_HDV_BS_CNG,2015.0,T_D_pkm_hdv_bs,le,0.033992571,,,,,,,,TRPHRAB001
AB,T_HDV_BT_CNG,2010.0,T_D_pkm_hdv_bt,ge,0.042367363,,,,,,,,TRPHRAB001
AB,T_HDV_BT_CNG,2015.0,T_D_pkm_hdv_bt,ge,0.042367363,,,,,,,,TRPHRAB001
AB,T_HDV_BT_GSL,2010.0,T_D_pkm_hdv_bt,ge,0.042367363,,,,,,,,TRPHRAB001
AB,T_HDV_BT_GSL,2015.0,T_D_pkm_hdv_bt,ge,0.042367363,,,,,,,,TRPHRAB001
AB,T_HDV_BT_CNG,2010.0,T_D_pkm_hdv_bt,le,0.044597224,,,,,,,,TRPHRAB001
AB,T_HDV_BT_CNG,2015.0,T_D_pkm_hdv_bt,le,0.044597224,,,,,,,,TRPHRAB001
AB,T_HDV_BS_GSL,2005.0,T_D_pkm_hdv_bs,le,0.033992571,,,,,,,,TRPHRAB001
AB,T_HDV_BS_GSL,2010.0,T_D_pkm_hdv_bs,le,0.033992571,,,,,,,,TRPHRAB001
AB,T_HDV_BS_GSL,2015.0,T_D_pkm_hdv_bs,le,0.033992571,,,,,,,,TRPHRAB001
AB,T_HDV_BT_GSL,2010.0,T_D_pkm_hdv_bt,le,0.044597224,,,,,,,,TRPHRAB001
AB,T_HDV_BT_GSL,2015.0,T_D_pkm_hdv_bt,le,0.044597224,,,,,,,,TRPHRAB001
AB,T_LDV_BEV_CHRG,2015.0,T_elc_ldv_bev_chrg,ge,0.4352528997003083,,,,,,,,TRPHRAB001
BC,T_HDV_BIC_DSL,2005.0,T_D_pkm_hdv_bic,ge,0.044619354,,,,,,,,TRPHRBC001
BC,T_HDV_BIC_DSL,2010.0,T_D_pkm_hdv_bic,ge,0.044619354,,,,,,,,TRPHRBC001
BC,T_HDV_BIC_DSL,2015.0,T_D_pkm_hdv_bic,ge,0.044619354,,,,,,,,TRPHRBC001
BC,T_LDV_M_GSL,2000.0,T_D_pkm_ldv_m,le,0.008371511,,,,,,,,TRPHRBC001
BC,T_LDV_M_GSL,2005.0,T_D_pkm_ldv_m,le,0.008371511,,,,,,,,TRPHRBC001
BC,T_LDV_M_GSL,2010.0,T_D_pkm_ldv_m,le,0.008371511,,,,,,,,TRPHRBC001
BC,T_LDV_M_GSL,2015.0,T_D_pkm_ldv_m,le,0.008371511,,,,,,,,TRPHRBC001
BC,T_HDV_BS_DSL,2005.0,T_D_pkm_hdv_bs,ge,0.032292942,,,,,,,,TRPHRBC001
BC,T_HDV_BS_DSL,2010.0,T_D_pkm_hdv_bs,ge,0.032292942,,,,,,,,TRPHRBC001
BC,T_HDV_BS_DSL,2015.0,T_D_pkm_hdv_bs,ge,0.032292942,,,,,,,,TRPHRBC001
BC,T_HDV_BT_CNG,2010.0,T_D_pkm_hdv_bt,ge,0.042367363,,,,,,,,TRPHRBC001
BC,T_HDV_BT_CNG,2015.0,T_D_pkm_hdv_bt,ge,0.042367363,,,,,,,,TRPHRBC001
BC,T_HDV_BT_BEV,2005.0,T_D_pkm_hdv_bt,le,0.044597224,,,,,,,,TRPHRBC001
BC,T_HDV_BT_BEV,2010.0,T_D_pkm_hdv_bt,le,0.044597224,,,,,,,,TRPHRBC001
BC,T_HDV_BT_BEV,2015.0,T_D_pkm_hdv_bt,le,0.044597224,,,,,,,,TRPHRBC001
BC,T_HDV_BT_GSL,2015.0,T_D_pkm_hdv_bt,le,0.044597224,,,,,,,,TRPHRBC001
BC,T_LDV_M_GSL,2000.0,T_D_pkm_ldv_m,ge,0.007952935,,,,,,,,TRPHRBC001
BC,T_LDV_M_GSL,2005.0,T_D_pkm_ldv_m,ge,0.007952935,,,,,,,,TRPHRBC001
BC,T_LDV_M_GSL,2010.0,T_D_pkm_ldv_m,ge,0.007952935,,,,,,,,TRPHRBC001
BC,T_LDV_M_GSL,2015.0,T_D_pkm_ldv_m,ge,0.007952935,,,,,,,,TRPHRBC001
BC,T_HDV_BS_GSL,2005.0,T_D_pkm_hdv_bs,ge,0.032292942,,,,,,,,TRPHRBC001
BC,T_HDV_BS_GSL,2010.0,T_D_pkm_hdv_bs,ge,0.032292942,,,,,,,,TRPHRBC001
BC,T_HDV_BS_GSL,2015.0,T_D_pkm_hdv_bs,ge,0.032292942,,,,,,,,TRPHRBC001
BC,T_HDV_BIC_GSL,2010.0,T_D_pkm_hdv_bic,ge,0.044619354,,,,,,,,TRPHRBC001
BC,T_HDV_BIC_GSL,2015.0,T_D_pkm_hdv_bic,ge,0.044619354,,,,,,,,TRPHRBC001
BC,T_HDV_BIC_GSL,2010.0,T_D_pkm_hdv_bic,le,0.046967741,,,,,,,,TRPHRBC001
BC,T_HDV_BIC_GSL,2015.0,T_D_pkm_hdv_bic,le,0.046967741,,,,,,,,TRPHRBC001
BC,T_HDV_BT_CNG,2010.0,T_D_pkm_hdv_bt,le,0.044597224,,,,,,,,TRPHRBC001
BC,T_HDV_BT_CNG,2015.0,T_D_pkm_hdv_bt,le,0.044597224,,,,,,,,TRPHRBC001
BC,T_HDV_BIC_DSL,2005.0,T_D_pkm_hdv_bic,le,0.046967741,,,,,,,,TRPHRBC001
BC,T_HDV_BIC_DSL,2010.0,T_D_pkm_hdv_bic,le,0.046967741,,,,,,,,TRPHRBC001
BC,T_HDV_BIC_DSL,2015.0,T_D_pkm_hdv_bic,le,0.046967741,,,,,,,,TRPHRBC001
BC,T_HDV_BS_DSL,2005.0,T_D_pkm_hdv_bs,le,0.033992571,,,,,,,,TRPHRBC001
BC,T_HDV_BS_DSL,2010.0,T_D_pkm_hdv_bs,le,0.033992571,,,,,,,,TRPHRBC001
BC,T_HDV_BS_DSL,2015.0,T_D_pkm_hdv_bs,le,0.033992571,,,,,,,,TRPHRBC001
BC,T_HDV_BT_DSL,2005.0,T_D_pkm_hdv_bt,ge,0.042367363,,,,,,,,TRPHRBC001
BC,T_HDV_BT_DSL,2010.0,T_D_pkm_hdv_bt,ge,0.042367363,,,,,,,,TRPHRBC001
BC,T_HDV_BT_DSL,2015.0,T_D_pkm_hdv_bt,ge,0.042367363,,,,,,,,TRPHRBC001
BC,T_HDV_BS_CNG,2010.0,T_D_pkm_hdv_bs,ge,0.032292942,,,,,,,,TRPHRBC001
BC,T_HDV_BS_CNG,2015.0,T_D_pkm_hdv_bs,ge,0.032292942,,,,,,,,TRPHRBC001
BC,T_HDV_BT_BEV,2005.0,T_D_pkm_hdv_bt,ge,0.042367363,,,,,,,,TRPHRBC001
BC,T_HDV_BT_BEV,2010.0,T_D_pkm_hdv_bt,ge,0.042367363,,,,,,,,TRPHRBC001
BC,T_HDV_BT_BEV,2015.0,T_D_pkm_hdv_bt,ge,0.042367363,,,,,,,,TRPHRBC001
BC,T_HDV_BT_DSL,2005.0,T_D_pkm_hdv_bt,le,0.044597224,,,,,,,,TRPHRBC001
BC,T_HDV_BT_DSL,2010.0,T_D_pkm_hdv_bt,le,0.044597224,,,,,,,,TRPHRBC001
BC,T_HDV_BT_DSL,2015.0,T_D_pkm_hdv_bt,le,0.044597224,,,,,,,,TRPHRBC001
BC,T_HDV_BS_GSL,2005.0,T_D_pkm_hdv_bs,le,0.033992571,,,,,,,,TRPHRBC001
BC,T_HDV_BS_GSL,2010.0,T_D_pkm_hdv_bs,le,0.033992571,,,,,,,,TRPHRBC001
BC,T_HDV_BS_GSL,2015.0,T_D_pkm_hdv_bs,le,0.033992571,,,,,,,,TRPHRBC001
BC,T_HDV_BS_CNG,2010.0,T_D_pkm_hdv_bs,le,0.033992571,,,,,,,,TRPHRBC001
BC,T_HDV_BS_CNG,2015.0,T_D_pkm_hdv_bs,le,0.033992571,,,,,,,,TRPHRBC001
BC,T_HDV_BT_GSL,2015.0,T_D_pkm_hdv_bt,ge,0.042367363,,,,,,,,TRPHRBC001
BC,T_LDV_BEV_CHRG,2015.0,T_elc_ldv_bev_chrg,ge,0.4352528997003083,,,,,,,,TRPHRBC001
MB,T_HDV_BT_BEV,2005.0,T_D_pkm_hdv_bt,ge,0.042367363,,,,,,,,TRPHRMB001
MB,T_HDV_BT_BEV,2010.0,T_D_pkm_hdv_bt,ge,0.042367363,,,,,,,,TRPHRMB001
MB,T_HDV_BT_BEV,2015.0,T_D_pkm_hdv_bt,ge,0.042367363,,,,,,,,TRPHRMB001
MB,T_HDV_BS_DSL,2005.0,T_D_pkm_hdv_bs,ge,0.032292942,,,,,,,,TRPHRMB001
MB,T_HDV_BS_DSL,2010.0,T_D_pkm_hdv_bs,ge,0.032292942,,,,,,,,TRPHRMB001
MB,T_HDV_BS_DSL,2015.0,T_D_pkm_hdv_bs,ge,0.032292942,,,,,,,,TRPHRMB001
MB,T_LDV_M_GSL,2000.0,T_D_pkm_ldv_m,ge,0.007952935,,,,,,,,TRPHRMB001
MB,T_LDV_M_GSL,2005.0,T_D_pkm_ldv_m,ge,0.007952935,,,,,,,,TRPHRMB001
MB,T_LDV_M_GSL,2010.0,T_D_pkm_ldv_m,ge,0.007952935,,,,,,,,TRPHRMB001
MB,T_LDV_M_GSL,2015.0,T_D_pkm_ldv_m,ge,0.007952935,,,,,,,,TRPHRMB001
MB,T_HDV_BS_GSL,2010.0,T_D_pkm_hdv_bs,le,0.033992571,,,,,,,,TRPHRMB001
MB,T_HDV_BS_GSL,2015.0,T_D_pkm_hdv_bs,le,0.033992571,,,,,,,,TRPHRMB001
MB,T_HDV_BT_DSL,2005.0,T_D_pkm_hdv_bt,le,0.044597224,,,,,,,,TRPHRMB001
MB,T_HDV_BT_DSL,2010.0,T_D_pkm_hdv_bt,le,0.044597224,,,,,,,,TRPHRMB001
MB,T_HDV_BT_DSL,2015.0,T_D_pkm_hdv_bt,le,0.044597224,,,,,,,,TRPHRMB001
MB,T_HDV_BIC_DSL,2005.0,T_D_pkm_hdv_bic,ge,0.044619354,,,,,,,,TRPHRMB001
MB,T_HDV_BIC_DSL,2010.0,T_D_pkm_hdv_bic,ge,0.044619354,,,,,,,,TRPHRMB001
MB,T_HDV_BIC_DSL,2015.0,T_D_pkm_hdv_bic,ge,0.044619354,,,,,,,,TRPHRMB001
MB,T_HDV_BT_GSL,2015.0,T_D_pkm_hdv_bt,le,0.044597224,,,,,,,,TRPHRMB001
MB,T_HDV_BT_DSL,2005.0,T_D_pkm_hdv_bt,ge,0.042367363,,,,,,,,TRPHRMB001
MB,T_HDV_BT_DSL,2010.0,T_D_pkm_hdv_bt,ge,0.042367363,,,,,,,,TRPHRMB001
MB,T_HDV_BT_DSL,2015.0,T_D_pkm_hdv_bt,ge,0.042367363,,,,,,,,TRPHRMB001
MB,T_HDV_BT_CNG,2010.0,T_D_pkm_hdv_bt,ge,0.042367363,,,,,,,,TRPHRMB001
MB,T_HDV_BT_CNG,2015.0,T_D_pkm_hdv_bt,ge,0.042367363,,,,,,,,TRPHRMB001
MB,T_HDV_BS_DSL,2005.0,T_D_pkm_hdv_bs,le,0.033992571,,,,,,,,TRPHRMB001
MB,T_HDV_BS_DSL,2010.0,T_D_pkm_hdv_bs,le,0.033992571,,,,,,,,TRPHRMB001
MB,T_HDV_BS_DSL,2015.0,T_D_pkm_hdv_bs,le,0.033992571,,,,,,,,TRPHRMB001
MB,T_HDV_BIC_DSL,2005.0,T_D_pkm_hdv_bic,le,0.046967741,,,,,,,,TRPHRMB001
MB,T_HDV_BIC_DSL,2010.0,T_D_pkm_hdv_bic,le,0.046967741,,,,,,,,TRPHRMB001
MB,T_HDV_BIC_DSL,2015.0,T_D_pkm_hdv_bic,le,0.046967741,,,,,,,,TRPHRMB001
MB,T_HDV_BS_GSL,2010.0,T_D_pkm_hdv_bs,ge,0.032292942,,,,,,,,TRPHRMB001
MB,T_HDV_BS_GSL,2015.0,T_D_pkm_hdv_bs,ge,0.032292942,,,,,,,,TRPHRMB001
MB,T_LDV_M_GSL,2000.0,T_D_pkm_ldv_m,le,0.008371511,,,,,,,,TRPHRMB001
MB,T_LDV_M_GSL,2005.0,T_D_pkm_ldv_m,le,0.008371511,,,,,,,,TRPHRMB001
MB,T_LDV_M_GSL,2010.0,T_D_pkm_ldv_m,le,0.008371511,,,,,,,,TRPHRMB001
MB,T_LDV_M_GSL,2015.0,T_D_pkm_ldv_m,le,0.008371511,,,,,,,,TRPHRMB001
MB,T_HDV_BT_GSL,2015.0,T_D_pkm_hdv_bt,ge,0.042367363,,,,,,,,TRPHRMB001
MB,T_HDV_BIC_GSL,2015.0,T_D_pkm_hdv_bic,ge,0.044619354,,,,,,,,TRPHRMB001
MB,T_HDV_BIC_GSL,2015.0,T_D_pkm_hdv_bic,le,0.046967741,,,,,,,,TRPHRMB001
MB,T_HDV_BT_CNG,2010.0,T_D_pkm_hdv_bt,le,0.044597224,,,,,,,,TRPHRMB001
MB,T_HDV_BT_CNG,2015.0,T_D_pkm_hdv_bt,le,0.044597224,,,,,,,,TRPHRMB001
MB,T_HDV_BT_BEV,2005.0,T_D_pkm_hdv_bt,le,0.044597224,,,,,,,,TRPHRMB001
MB,T_HDV_BT_BEV,2010.0,T_D_pkm_hdv_bt,le,0.044597224,,,,,,,,TRPHRMB001
MB,T_HDV_BT_BEV,2015.0,T_D_pkm_hdv_bt,le,0.044597224,,,,,,,,TRPHRMB001
MB,T_LDV_BEV_CHRG,2015.0,T_elc_ldv_bev_chrg,ge,0.4352528997003083,,,,,,,,TRPHRMB001
NB,T_HDV_BS_CNG,2010.0,T_D_pkm_hdv_bs,ge,0.032292942,,,,,,,,TRPHRNB001
NB,T_HDV_BS_CNG,2015.0,T_D_pkm_hdv_bs,ge,0.032292942,,,,,,,,TRPHRNB001
NB,T_HDV_BIC_DSL,2005.0,T_D_pkm_hdv_bic,ge,0.044619354,,,,,,,,TRPHRNB001
NB,T_HDV_BIC_DSL,2010.0,T_D_pkm_hdv_bic,ge,0.044619354,,,,,,,,TRPHRNB001
NB,T_HDV_BIC_DSL,2015.0,T_D_pkm_hdv_bic,ge,0.044619354,,,,,,,,TRPHRNB001
NB,T_LDV_M_GSL,2000.0,T_D_pkm_ldv_m,le,0.008371511,,,,,,,,TRPHRNB001
NB,T_LDV_M_GSL,2005.0,T_D_pkm_ldv_m,le,0.008371511,,,,,,,,TRPHRNB001
NB,T_LDV_M_GSL,2010.0,T_D_pkm_ldv_m,le,0.008371511,,,,,,,,TRPHRNB001
NB,T_LDV_M_GSL,2015.0,T_D_pkm_ldv_m,le,0.008371511,,,,,,,,TRPHRNB001
NB,T_HDV_BT_BEV,2005.0,T_D_pkm_hdv_bt,le,0.044597224,,,,,,,,TRPHRNB001
NB,T_HDV_BT_BEV,2010.0,T_D_pkm_hdv_bt,le,0.044597224,,,,,,,,TRPHRNB001
NB,T_HDV_BT_BEV,2015.0,T_D_pkm_hdv_bt,le,0.044597224,,,,,,,,TRPHRNB001
NB,T_HDV_BIC_GSL,2010.0,T_D_pkm_hdv_bic,ge,0.044619354,,,,,,,,TRPHRNB001
NB,T_HDV_BIC_GSL,2015.0,T_D_pkm_hdv_bic,ge,0.044619354,,,,,,,,TRPHRNB001
NB,T_HDV_BS_DSL,2005.0,T_D_pkm_hdv_bs,ge,0.032292942,,,,,,,,TRPHRNB001
NB,T_HDV_BS_DSL,2010.0,T_D_pkm_hdv_bs,ge,0.032292942,,,,,,,,TRPHRNB001
NB,T_HDV_BS_DSL,2015.0,T_D_pkm_hdv_bs,ge,0.032292942,,,,,,,,TRPHRNB001
NB,T_HDV_BT_DSL,2005.0,T_D_pkm_hdv_bt,le,0.044597224,,,,,,,,TRPHRNB001
NB,T_HDV_BT_DSL,2010.0,T_D_pkm_hdv_bt,le,0.044597224,,,,,,,,TRPHRNB001
NB,T_HDV_BT_DSL,2015.0,T_D_pkm_hdv_bt,le,0.044597224,,,,,,,,TRPHRNB001
NB,T_HDV_BIC_GSL,2010.0,T_D_pkm_hdv_bic,le,0.046967741,,,,,,,,TRPHRNB001
NB,T_HDV_BIC_GSL,2015.0,T_D_pkm_hdv_bic,le,0.046967741,,,,,,,,TRPHRNB001
NB,T_HDV_BT_DSL,2005.0,T_D_pkm_hdv_bt,ge,0.042367363,,,,,,,,TRPHRNB001
NB,T_HDV_BT_DSL,2010.0,T_D_pkm_hdv_bt,ge,0.042367363,,,,,,,,TRPHRNB001
NB,T_HDV_BT_DSL,2015.0,T_D_pkm_hdv_bt,ge,0.042367363,,,,,,,,TRPHRNB001
NB,T_HDV_BS_GSL,2005.0,T_D_pkm_hdv_bs,ge,0.032292942,,,,,,,,TRPHRNB001
NB,T_HDV_BS_GSL,2010.0,T_D_pkm_hdv_bs,ge,0.032292942,,,,,,,,TRPHRNB001
NB,T_HDV_BS_GSL,2015.0,T_D_pkm_hdv_bs,ge,0.032292942,,,,,,,,TRPHRNB001
NB,T_HDV_BT_BEV,2005.0,T_D_pkm_hdv_bt,ge,0.042367363,,,,,,,,TRPHRNB001
NB,T_HDV_BT_BEV,2010.0,T_D_pkm_hdv_bt,ge,0.042367363,,,,,,,,TRPHRNB001
NB,T_HDV_BT_BEV,2015.0,T_D_pkm_hdv_bt,ge,0.042367363,,,,,,,,TRPHRNB001
NB,T_HDV_BIC_DSL,2005.0,T_D_pkm_hdv_bic,le,0.046967741,,,,,,,,TRPHRNB001
NB,T_HDV_BIC_DSL,2010.0,T_D_pkm_hdv_bic,le,0.046967741,,,,,,,,TRPHRNB001
NB,T_HDV_BIC_DSL,2015.0,T_D_pkm_hdv_bic,le,0.046967741,,,,,,,,TRPHRNB001
NB,T_LDV_M_GSL,2000.0,T_D_pkm_ldv_m,ge,0.007952935,,,,,,,,TRPHRNB001
NB,T_LDV_M_GSL,2005.0,T_D_pkm_ldv_m,ge,0.007952935,,,,,,,,TRPHRNB001
NB,T_LDV_M_GSL,2010.0,T_D_pkm_ldv_m,ge,0.007952935,,,,,,,,TRPHRNB001
NB,T_LDV_M_GSL,2015.0,T_D_pkm_ldv_m,ge,0.007952935,,,,,,,,TRPHRNB001
NB,T_HDV_BS_DSL,2005.0,T_D_pkm_hdv_bs,le,0.033992571,,,,,,,,TRPHRNB001
NB,T_HDV_BS_DSL,2010.0,T_D_pkm_hdv_bs,le,0.033992571,,,,,,,,TRPHRNB001
NB,T_HDV_BS_DSL,2015.0,T_D_pkm_hdv_bs,le,0.033992571,,,,,,,,TRPHRNB001
NB,T_HDV_BS_CNG,2010.0,T_D_pkm_hdv_bs,le,0.033992571,,,,,,,,TRPHRNB001
NB,T_HDV_BS_CNG,2015.0,T_D_pkm_hdv_bs,le,0.033992571,,,,,,,,TRPHRNB001
NB,T_HDV_BT_CNG,2010.0,T_D_pkm_hdv_bt,ge,0.042367363,,,,,,,,TRPHRNB001
NB,T_HDV_BT_CNG,2015.0,T_D_pkm_hdv_bt,ge,0.042367363,,,,,,,,TRPHRNB001
NB,T_HDV_BT_GSL,2015.0,T_D_pkm_hdv_bt,ge,0.042367363,,,,,,,,TRPHRNB001
NB,T_HDV_BT_CNG,2010.0,T_D_pkm_hdv_bt,le,0.044597224,,,,,,,,TRPHRNB001
NB,T_HDV_BT_CNG,2015.0,T_D_pkm_hdv_bt,le,0.044597224,,,,,,,,TRPHRNB001
NB,T_HDV_BS_GSL,2005.0,T_D_pkm_hdv_bs,le,0.033992571,,,,,,,,TRPHRNB001
NB,T_HDV_BS_GSL,2010.0,T_D_pkm_hdv_bs,le,0.033992571,,,,,,,,TRPHRNB001
NB,T_HDV_BS_GSL,2015.0,T_D_pkm_hdv_bs,le,0.033992571,,,,,,,,TRPHRNB001
NB,T_HDV_BT_GSL,2015.0,T_D_pkm_hdv_bt,le,0.044597224,,,,,,,,TRPHRNB001
NB,T_LDV_BEV_CHRG,2015.0,T_elc_ldv_bev_chrg,ge,0.4352528997003083,,,,,,,,TRPHRNB001
NLLAB,T_HDV_BS_CNG,2010.0,T_D_pkm_hdv_bs,ge,0.032292942,,,,,,,,TRPHRNLLAB001
NLLAB,T_HDV_BS_CNG,2015.0,T_D_pkm_hdv_bs,ge,0.032292942,,,,,,,,TRPHRNLLAB001
NLLAB,T_HDV_BIC_DSL,2005.0,T_D_pkm_hdv_bic,ge,0.044619354,,,,,,,,TRPHRNLLAB001
NLLAB,T_HDV_BIC_DSL,2010.0,T_D_pkm_hdv_bic,ge,0.044619354,,,,,,,,TRPHRNLLAB001
NLLAB,T_HDV_BIC_DSL,2015.0,T_D_pkm_hdv_bic,ge,0.044619354,,,,,,,,TRPHRNLLAB001
NLLAB,T_LDV_M_GSL,2000.0,T_D_pkm_ldv_m,le,0.008371511,,,,,,,,TRPHRNLLAB001
NLLAB,T_LDV_M_GSL,2005.0,T_D_pkm_ldv_m,le,0.008371511,,,,,,,,TRPHRNLLAB001
NLLAB,T_LDV_M_GSL,2010.0,T_D_pkm_ldv_m,le,0.008371511,,,,,,,,TRPHRNLLAB001
NLLAB,T_LDV_M_GSL,2015.0,T_D_pkm_ldv_m,le,0.008371511,,,,,,,,TRPHRNLLAB001
NLLAB,T_HDV_BT_BEV,2005.0,T_D_pkm_hdv_bt,le,0.044597224,,,,,,,,TRPHRNLLAB001
NLLAB,T_HDV_BT_BEV,2010.0,T_D_pkm_hdv_bt,le,0.044597224,,,,,,,,TRPHRNLLAB001
NLLAB,T_HDV_BT_BEV,2015.0,T_D_pkm_hdv_bt,le,0.044597224,,,,,,,,TRPHRNLLAB001
NLLAB,T_HDV_BIC_GSL,2010.0,T_D_pkm_hdv_bic,ge,0.044619354,,,,,,,,TRPHRNLLAB001
NLLAB,T_HDV_BIC_GSL,2015.0,T_D_pkm_hdv_bic,ge,0.044619354,,,,,,,,TRPHRNLLAB001
NLLAB,T_HDV_BS_DSL,2005.0,T_D_pkm_hdv_bs,ge,0.032292942,,,,,,,,TRPHRNLLAB001
NLLAB,T_HDV_BS_DSL,2010.0,T_D_pkm_hdv_bs,ge,0.032292942,,,,,,,,TRPHRNLLAB001
NLLAB,T_HDV_BS_DSL,2015.0,T_D_pkm_hdv_bs,ge,0.032292942,,,,,,,,TRPHRNLLAB001
NLLAB,T_HDV_BT_DSL,2005.0,T_D_pkm_hdv_bt,le,0.044597224,,,,,,,,TRPHRNLLAB001
NLLAB,T_HDV_BT_DSL,2010.0,T_D_pkm_hdv_bt,le,0.044597224,,,,,,,,TRPHRNLLAB001
NLLAB,T_HDV_BT_DSL,2015.0,T_D_pkm_hdv_bt,le,0.044597224,,,,,,,,TRPHRNLLAB001
NLLAB,T_HDV_BIC_GSL,2010.0,T_D_pkm_hdv_bic,le,0.046967741,,,,,,,,TRPHRNLLAB001
NLLAB,T_HDV_BIC_GSL,2015.0,T_D_pkm_hdv_bic,le,0.046967741,,,,,,,,TRPHRNLLAB001
NLLAB,T_HDV_BT_DSL,2005.0,T_D_pkm_hdv_bt,ge,0.042367363,,,,,,,,TRPHRNLLAB001
NLLAB,T_HDV_BT_DSL,2010.0,T_D_pkm_hdv_bt,ge,0.042367363,,,,,,,,TRPHRNLLAB001
NLLAB,T_HDV_BT_DSL,2015.0,T_D_pkm_hdv_bt,ge,0.042367363,,,,,,,,TRPHRNLLAB001
NLLAB,T_HDV_BS_GSL,2005.0,T_D_pkm_hdv_bs,ge,0.032292942,,,,,,,,TRPHRNLLAB001
NLLAB,T_HDV_BS_GSL,2010.0,T_D_pkm_hdv_bs,ge,0.032292942,,,,,,,,TRPHRNLLAB001
NLLAB,T_HDV_BS_GSL,2015.0,T_D_pkm_hdv_bs,ge,0.032292942,,,,,,,,TRPHRNLLAB001
NLLAB,T_HDV_BT_BEV,2005.0,T_D_pkm_hdv_bt,ge,0.042367363,,,,,,,,TRPHRNLLAB001
NLLAB,T_HDV_BT_BEV,2010.0,T_D_pkm_hdv_bt,ge,0.042367363,,,,,,,,TRPHRNLLAB001
NLLAB,T_HDV_BT_BEV,2015.0,T_D_pkm_hdv_bt,ge,0.042367363,,,,,,,,TRPHRNLLAB001
NLLAB,T_HDV_BIC_DSL,2005.0,T_D_pkm_hdv_bic,le,0.046967741,,,,,,,,TRPHRNLLAB001
NLLAB,T_HDV_BIC_DSL,2010.0,T_D_pkm_hdv_bic,le,0.046967741,,,,,,,,TRPHRNLLAB001
NLLAB,T_HDV_BIC_DSL,2015.0,T_D_pkm_hdv_bic,le,0.046967741,,,,,,,,TRPHRNLLAB001
NLLAB,T_LDV_M_GSL,2000.0,T_D_pkm_ldv_m,ge,0.007952935,,,,,,,,TRPHRNLLAB001
NLLAB,T_LDV_M_GSL,2005.0,T_D_pkm_ldv_m,ge,0.007952935,,,,,,,,TRPHRNLLAB001
NLLAB,T_LDV_M_GSL,2010.0,T_D_pkm_ldv_m,ge,0.007952935,,,,,,,,TRPHRNLLAB001
NLLAB,T_LDV_M_GSL,2015.0,T_D_pkm_ldv_m,ge,0.007952935,,,,,,,,TRPHRNLLAB001
NLLAB,T_HDV_BS_DSL,2005.0,T_D_pkm_hdv_bs,le,0.033992571,,,,,,,,TRPHRNLLAB001
NLLAB,T_HDV_BS_DSL,2010.0,T_D_pkm_hdv_bs,le,0.033992571,,,,,,,,TRPHRNLLAB001
NLLAB,T_HDV_BS_DSL,2015.0,T_D_pkm_hdv_bs,le,0.033992571,,,,,,,,TRPHRNLLAB001
NLLAB,T_HDV_BS_CNG,2010.0,T_D_pkm_hdv_bs,le,0.033992571,,,,,,,,TRPHRNLLAB001
NLLAB,T_HDV_BS_CNG,2015.0,T_D_pkm_hdv_bs,le,0.033992571,,,,,,,,TRPHRNLLAB001
NLLAB,T_HDV_BT_CNG,2010.0,T_D_pkm_hdv_bt,ge,0.042367363,,,,,,,,TRPHRNLLAB001
NLLAB,T_HDV_BT_CNG,2015.0,T_D_pkm_hdv_bt,ge,0.042367363,,,,,,,,TRPHRNLLAB001
NLLAB,T_HDV_BT_GSL,2015.0,T_D_pkm_hdv_bt,ge,0.042367363,,,,,,,,TRPHRNLLAB001
NLLAB,T_HDV_BT_CNG,2010.0,T_D_pkm_hdv_bt,le,0.044597224,,,,,,,,TRPHRNLLAB001
NLLAB,T_HDV_BT_CNG,2015.0,T_D_pkm_hdv_bt,le,0.044597224,,,,,,,,TRPHRNLLAB001
NLLAB,T_HDV_BS_GSL,2005.0,T_D_pkm_hdv_bs,le,0.033992571,,,,,,,,TRPHRNLLAB001
NLLAB,T_HDV_BS_GSL,2010.0,T_D_pkm_hdv_bs,le,0.033992571,,,,,,,,TRPHRNLLAB001
NLLAB,T_HDV_BS_GSL,2015.0,T_D_pkm_hdv_bs,le,0.033992571,,,,,,,,TRPHRNLLAB001
NLLAB,T_HDV_BT_GSL,2015.0,T_D_pkm_hdv_bt,le,0.044597224,,,,,,,,TRPHRNLLAB001
NLLAB,T_LDV_BEV_CHRG,2015.0,T_elc_ldv_bev_chrg,ge,0.4352528997003083,,,,,,,,TRPHRNLLAB001
NS,T_HDV_BS_CNG,2010.0,T_D_pkm_hdv_bs,ge,0.032292942,,,,,,,,TRPHRNS001
NS,T_HDV_BS_CNG,2015.0,T_D_pkm_hdv_bs,ge,0.032292942,,,,,,,,TRPHRNS001
NS,T_HDV_BIC_DSL,2005.0,T_D_pkm_hdv_bic,ge,0.044619354,,,,,,,,TRPHRNS001
NS,T_HDV_BIC_DSL,2010.0,T_D_pkm_hdv_bic,ge,0.044619354,,,,,,,,TRPHRNS001
NS,T_HDV_BIC_DSL,2015.0,T_D_pkm_hdv_bic,ge,0.044619354,,,,,,,,TRPHRNS001
NS,T_LDV_M_GSL,2000.0,T_D_pkm_ldv_m,le,0.008371511,,,,,,,,TRPHRNS001
NS,T_LDV_M_GSL,2005.0,T_D_pkm_ldv_m,le,0.008371511,,,,,,,,TRPHRNS001
NS,T_LDV_M_GSL,2010.0,T_D_pkm_ldv_m,le,0.008371511,,,,,,,,TRPHRNS001
NS,T_LDV_M_GSL,2015.0,T_D_pkm_ldv_m,le,0.008371511,,,,,,,,TRPHRNS001
NS,T_HDV_BT_BEV,2005.0,T_D_pkm_hdv_bt,le,0.044597224,,,,,,,,TRPHRNS001
NS,T_HDV_BT_BEV,2010.0,T_D_pkm_hdv_bt,le,0.044597224,,,,,,,,TRPHRNS001
NS,T_HDV_BT_BEV,2015.0,T_D_pkm_hdv_bt,le,0.044597224,,,,,,,,TRPHRNS001
NS,T_HDV_BIC_GSL,2010.0,T_D_pkm_hdv_bic,ge,0.044619354,,,,,,,,TRPHRNS001
NS,T_HDV_BIC_GSL,2015.0,T_D_pkm_hdv_bic,ge,0.044619354,,,,,,,,TRPHRNS001
NS,T_HDV_BS_DSL,2005.0,T_D_pkm_hdv_bs,ge,0.032292942,,,,,,,,TRPHRNS001
NS,T_HDV_BS_DSL,2010.0,T_D_pkm_hdv_bs,ge,0.032292942,,,,,,,,TRPHRNS001
NS,T_HDV_BS_DSL,2015.0,T_D_pkm_hdv_bs,ge,0.032292942,,,,,,,,TRPHRNS001
NS,T_HDV_BT_DSL,2005.0,T_D_pkm_hdv_bt,le,0.044597224,,,,,,,,TRPHRNS001
NS,T_HDV_BT_DSL,2010.0,T_D_pkm_hdv_bt,le,0.044597224,,,,,,,,TRPHRNS001
NS,T_HDV_BT_DSL,2015.0,T_D_pkm_hdv_bt,le,0.044597224,,,,,,,,TRPHRNS001
NS,T_HDV_BIC_GSL,2010.0,T_D_pkm_hdv_bic,le,0.046967741,,,,,,,,TRPHRNS001
NS,T_HDV_BIC_GSL,2015.0,T_D_pkm_hdv_bic,le,0.046967741,,,,,,,,TRPHRNS001
NS,T_HDV_BT_DSL,2005.0,T_D_pkm_hdv_bt,ge,0.042367363,,,,,,,,TRPHRNS001
NS,T_HDV_BT_DSL,2010.0,T_D_pkm_hdv_bt,ge,0.042367363,,,,,,,,TRPHRNS001
NS,T_HDV_BT_DSL,2015.0,T_D_pkm_hdv_bt,ge,0.042367363,,,,,,,,TRPHRNS001
NS,T_HDV_BS_GSL,2005.0,T_D_pkm_hdv_bs,ge,0.032292942,,,,,,,,TRPHRNS001
NS,T_HDV_BS_GSL,2010.0,T_D_pkm_hdv_bs,ge,0.032292942,,,,,,,,TRPHRNS001
NS,T_HDV_BS_GSL,2015.0,T_D_pkm_hdv_bs,ge,0.032292942,,,,,,,,TRPHRNS001
NS,T_HDV_BT_BEV,2005.0,T_D_pkm_hdv_bt,ge,0.042367363,,,,,,,,TRPHRNS001
NS,T_HDV_BT_BEV,2010.0,T_D_pkm_hdv_bt,ge,0.042367363,,,,,,,,TRPHRNS001
NS,T_HDV_BT_BEV,2015.0,T_D_pkm_hdv_bt,ge,0.042367363,,,,,,,,TRPHRNS001
NS,T_HDV_BIC_DSL,2005.0,T_D_pkm_hdv_bic,le,0.046967741,,,,,,,,TRPHRNS001
NS,T_HDV_BIC_DSL,2010.0,T_D_pkm_hdv_bic,le,0.046967741,,,,,,,,TRPHRNS001
NS,T_HDV_BIC_DSL,2015.0,T_D_pkm_hdv_bic,le,0.046967741,,,,,,,,TRPHRNS001
NS,T_LDV_M_GSL,2000.0,T_D_pkm_ldv_m,ge,0.007952935,,,,,,,,TRPHRNS001
NS,T_LDV_M_GSL,2005.0,T_D_pkm_ldv_m,ge,0.007952935,,,,,,,,TRPHRNS001
NS,T_LDV_M_GSL,2010.0,T_D_pkm_ldv_m,ge,0.007952935,,,,,,,,TRPHRNS001
NS,T_LDV_M_GSL,2015.0,T_D_pkm_ldv_m,ge,0.007952935,,,,,,,,TRPHRNS001
NS,T_HDV_BS_DSL,2005.0,T_D_pkm_hdv_bs,le,0.033992571,,,,,,,,TRPHRNS001
NS,T_HDV_BS_DSL,2010.0,T_D_pkm_hdv_bs,le,0.033992571,,,,,,,,TRPHRNS001
NS,T_HDV_BS_DSL,2015.0,T_D_pkm_hdv_bs,le,0.033992571,,,,,,,,TRPHRNS001
NS,T_HDV_BS_CNG,2010.0,T_D_pkm_hdv_bs,le,0.033992571,,,,,,,,TRPHRNS001
NS,T_HDV_BS_CNG,2015.0,T_D_pkm_hdv_bs,le,0.033992571,,,,,,,,TRPHRNS001
NS,T_HDV_BT_CNG,2010.0,T_D_pkm_hdv_bt,ge,0.042367363,,,,,,,,TRPHRNS001
NS,T_HDV_BT_CNG,2015.0,T_D_pkm_hdv_bt,ge,0.042367363,,,,,,,,TRPHRNS001
NS,T_HDV_BT_GSL,2015.0,T_D_pkm_hdv_bt,ge,0.042367363,,,,,,,,TRPHRNS001
NS,T_HDV_BT_CNG,2010.0,T_D_pkm_hdv_bt,le,0.044597224,,,,,,,,TRPHRNS001
NS,T_HDV_BT_CNG,2015.0,T_D_pkm_hdv_bt,le,0.044597224,,,,,,,,TRPHRNS001
NS,T_HDV_BS_GSL,2005.0,T_D_pkm_hdv_bs,le,0.033992571,,,,,,,,TRPHRNS001
NS,T_HDV_BS_GSL,2010.0,T_D_pkm_hdv_bs,le,0.033992571,,,,,,,,TRPHRNS001
NS,T_HDV_BS_GSL,2015.0,T_D_pkm_hdv_bs,le,0.033992571,,,,,,,,TRPHRNS001
NS,T_HDV_BT_GSL,2015.0,T_D_pkm_hdv_bt,le,0.044597224,,,,,,,,TRPHRNS001
NS,T_LDV_BEV_CHRG,2015.0,T_elc_ldv_bev_chrg,ge,0.4352528997003083,,,,,,,,TRPHRNS001
ON,T_HDV_BS_CNG,2005.0,T_D_pkm_hdv_bs,ge,0.032292942,,,,,,,,TRPHRON001
ON,T_HDV_BS_CNG,2010.0,T_D_pkm_hdv_bs,ge,0.032292942,,,,,,,,TRPHRON001
ON,T_HDV_BS_CNG,2015.0,T_D_pkm_hdv_bs,ge,0.032292942,,,,,,,,TRPHRON001
ON,T_HDV_BIC_GSL,2005.0,T_D_pkm_hdv_bic,le,0.046967741,,,,,,,,TRPHRON001
ON,T_HDV_BIC_GSL,2010.0,T_D_pkm_hdv_bic,le,0.046967741,,,,,,,,TRPHRON001
ON,T_HDV_BIC_GSL,2015.0,T_D_pkm_hdv_bic,le,0.046967741,,,,,,,,TRPHRON001
ON,T_HDV_BT_DSL,2005.0,T_D_pkm_hdv_bt,ge,0.042367363,,,,,,,,TRPHRON001
ON,T_HDV_BT_DSL,2010.0,T_D_pkm_hdv_bt,ge,0.042367363,,,,,,,,TRPHRON001
ON,T_HDV_BT_DSL,2015.0,T_D_pkm_hdv_bt,ge,0.042367363,,,,,,,,TRPHRON001
ON,T_HDV_BT_CNG,2005.0,T_D_pkm_hdv_bt,le,0.044597224,,,,,,,,TRPHRON001
ON,T_HDV_BT_CNG,2010.0,T_D_pkm_hdv_bt,le,0.044597224,,,,,,,,TRPHRON001
ON,T_HDV_BT_CNG,2015.0,T_D_pkm_hdv_bt,le,0.044597224,,,,,,,,TRPHRON001
ON,T_HDV_BS_DSL,2005.0,T_D_pkm_hdv_bs,ge,0.032292942,,,,,,,,TRPHRON001
ON,T_HDV_BS_DSL,2010.0,T_D_pkm_hdv_bs,ge,0.032292942,,,,,,,,TRPHRON001
ON,T_HDV_BS_DSL,2015.0,T_D_pkm_hdv_bs,ge,0.032292942,,,,,,,,TRPHRON001
ON,T_HDV_BT_DSL,2005.0,T_D_pkm_hdv_bt,le,0.044597224,,,,,,,,TRPHRON001
ON,T_HDV_BT_DSL,2010.0,T_D_pkm_hdv_bt,le,0.044597224,,,,,,,,TRPHRON001
ON,T_HDV_BT_DSL,2015.0,T_D_pkm_hdv_bt,le,0.044597224,,,,,,,,TRPHRON001
ON,T_LDV_M_GSL,2000.0,T_D_pkm_ldv_m,le,0.008371511,,,,,,,,TRPHRON001
ON,T_LDV_M_GSL,2005.0,T_D_pkm_ldv_m,le,0.008371511,,,,,,,,TRPHRON001
ON,T_LDV_M_GSL,2010.0,T_D_pkm_ldv_m,le,0.008371511,,,,,,,,TRPHRON001
ON,T_LDV_M_GSL,2015.0,T_D_pkm_ldv_m,le,0.008371511,,,,,,,,TRPHRON001
ON,T_HDV_BS_GSL,2005.0,T_D_pkm_hdv_bs,ge,0.032292942,,,,,,,,TRPHRON001
ON,T_HDV_BS_GSL,2010.0,T_D_pkm_hdv_bs,ge,0.032292942,,,,,,,,TRPHRON001
ON,T_HDV_BS_GSL,2015.0,T_D_pkm_hdv_bs,ge,0.032292942,,,,,,,,TRPHRON001
ON,T_HDV_BT_GSL,2010.0,T_D_pkm_hdv_bt,ge,0.042367363,,,,,,,,TRPHRON001
ON,T_HDV_BT_GSL,2015.0,T_D_pkm_hdv_bt,ge,0.042367363,,,,,,,,TRPHRON001
ON,T_HDV_BT_CNG,2005.0,T_D_pkm_hdv_bt,ge,0.042367363,,,,,,,,TRPHRON001
ON,T_HDV_BT_CNG,2010.0,T_D_pkm_hdv_bt,ge,0.042367363,,,,,,,,TRPHRON001
ON,T_HDV_BT_CNG,2015.0,T_D_pkm_hdv_bt,ge,0.042367363,,,,,,,,TRPHRON001
ON,T_HDV_BS_DSL,2005.0,T_D_pkm_hdv_bs,le,0.033992571,,,,,,,,TRPHRON001
ON,T_HDV_BS_DSL,2010.0,T_D_pkm_hdv_bs,le,0.033992571,,,,,,,,TRPHRON001
ON,T_HDV_BS_DSL,2015.0,T_D_pkm_hdv_bs,le,0.033992571,,,,,,,,TRPHRON001
ON,T_HDV_BS_GSL,2005.0,T_D_pkm_hdv_bs,le,0.033992571,,,,,,,,TRPHRON001
ON,T_HDV_BS_GSL,2010.0,T_D_pkm_hdv_bs,le,0.033992571,,,,,,,,TRPHRON001
ON,T_HDV_BS_GSL,2015.0,T_D_pkm_hdv_bs,le,0.033992571,,,,,,,,TRPHRON001
ON,T_HDV_BS_CNG,2005.0,T_D_pkm_hdv_bs,le,0.033992571,,,,,,,,TRPHRON001
ON,T_HDV_BS_CNG,2010.0,T_D_pkm_hdv_bs,le,0.033992571,,,,,,,,TRPHRON001
ON,T_HDV_BS_CNG,2015.0,T_D_pkm_hdv_bs,le,0.033992571,,,,,,,,TRPHRON001
ON,T_LDV_M_GSL,2000.0,T_D_pkm_ldv_m,ge,0.007952935,,,,,,,,TRPHRON001
ON,T_LDV_M_GSL,2005.0,T_D_pkm_ldv_m,ge,0.007952935,,,,,,,,TRPHRON001
ON,T_LDV_M_GSL,2010.0,T_D_pkm_ldv_m,ge,0.007952935,,,,,,,,TRPHRON001
ON,T_LDV_M_GSL,2015.0,T_D_pkm_ldv_m,ge,0.007952935,,,,,,,,TRPHRON001
ON,T_HDV_BT_BEV,2005.0,T_D_pkm_hdv_bt,le,0.044597224,,,,,,,,TRPHRON001
ON,T_HDV_BT_BEV,2010.0,T_D_pkm_hdv_bt,le,0.044597224,,,,,,,,TRPHRON001
ON,T_HDV_BT_BEV,2015.0,T_D_pkm_hdv_bt,le,0.044597224,,,,,,,,TRPHRON001
ON,T_HDV_BIC_GSL,2005.0,T_D_pkm_hdv_bic,ge,0.044619354,,,,,,,,TRPHRON001
ON,T_HDV_BIC_GSL,2010.0,T_D_pkm_hdv_bic,ge,0.044619354,,,,,,,,TRPHRON001
ON,T_HDV_BIC_GSL,2015.0,T_D_pkm_hdv_bic,ge,0.044619354,,,,,,,,TRPHRON001
ON,T_HDV_BT_BEV,2005.0,T_D_pkm_hdv_bt,ge,0.042367363,,,,,,,,TRPHRON001
ON,T_HDV_BT_BEV,2010.0,T_D_pkm_hdv_bt,ge,0.042367363,,,,,,,,TRPHRON001
ON,T_HDV_BT_BEV,2015.0,T_D_pkm_hdv_bt,ge,0.042367363,,,,,,,,TRPHRON001
ON,T_HDV_BT_GSL,2010.0,T_D_pkm_hdv_bt,le,0.044597224,,,,,,,,TRPHRON001
ON,T_HDV_BT_GSL,2015.0,T_D_pkm_hdv_bt,le,0.044597224,,,,,,,,TRPHRON001
ON,T_HDV_BIC_DSL,2005.0,T_D_pkm_hdv_bic,ge,0.044619354,,,,,,,,TRPHRON001
ON,T_HDV_BIC_DSL,2010.0,T_D_pkm_hdv_bic,ge,0.044619354,,,,,,,,TRPHRON001
ON,T_HDV_BIC_DSL,2015.0,T_D_pkm_hdv_bic,ge,0.044619354,,,,,,,,TRPHRON001
ON,T_HDV_BIC_DSL,2005.0,T_D_pkm_hdv_bic,le,0.046967741,,,,,,,,TRPHRON001
ON,T_HDV_BIC_DSL,2010.0,T_D_pkm_hdv_bic,le,0.046967741,,,,,,,,TRPHRON001
ON,T_HDV_BIC_DSL,2015.0,T_D_pkm_hdv_bic,le,0.046967741,,,,,,,,TRPHRON001
ON,T_LDV_BEV_CHRG,2010.0,T_elc_ldv_bev_chrg,ge,0.4352528997003083,,,,,,,,TRPHRON001
ON,T_LDV_BEV_CHRG,2015.0,T_elc_ldv_bev_chrg,ge,0.4352528997003083,,,,,,,,TRPHRON001
PEI,T_HDV_BS_CNG,2010.0,T_D_pkm_hdv_bs,ge,0.032292942,,,,,,,,TRPHRPEI001
PEI,T_HDV_BS_CNG,2015.0,T_D_pkm_hdv_bs,ge,0.032292942,,,,,,,,TRPHRPEI001
PEI,T_HDV_BIC_DSL,2005.0,T_D_pkm_hdv_bic,ge,0.044619354,,,,,,,,TRPHRPEI001
PEI,T_HDV_BIC_DSL,2010.0,T_D_pkm_hdv_bic,ge,0.044619354,,,,,,,,TRPHRPEI001
PEI,T_HDV_BIC_DSL,2015.0,T_D_pkm_hdv_bic,ge,0.044619354,,,,,,,,TRPHRPEI001
PEI,T_LDV_M_GSL,2000.0,T_D_pkm_ldv_m,le,0.008371511,,,,,,,,TRPHRPEI001
PEI,T_LDV_M_GSL,2005.0,T_D_pkm_ldv_m,le,0.008371511,,,,,,,,TRPHRPEI001
PEI,T_LDV_M_GSL,2010.0,T_D_pkm_ldv_m,le,0.008371511,,,,,,,,TRPHRPEI001
PEI,T_LDV_M_GSL,2015.0,T_D_pkm_ldv_m,le,0.008371511,,,,,,,,TRPHRPEI001
PEI,T_HDV_BT_BEV,2005.0,T_D_pkm_hdv_bt,le,0.044597224,,,,,,,,TRPHRPEI001
PEI,T_HDV_BT_BEV,2010.0,T_D_pkm_hdv_bt,le,0.044597224,,,,,,,,TRPHRPEI001
PEI,T_HDV_BT_BEV,2015.0,T_D_pkm_hdv_bt,le,0.044597224,,,,,,,,TRPHRPEI001
PEI,T_HDV_BIC_GSL,2015.0,T_D_pkm_hdv_bic,ge,0.044619354,,,,,,,,TRPHRPEI001
PEI,T_HDV_BS_DSL,2005.0,T_D_pkm_hdv_bs,ge,0.032292942,,,,,,,,TRPHRPEI001
PEI,T_HDV_BS_DSL,2010.0,T_D_pkm_hdv_bs,ge,0.032292942,,,,,,,,TRPHRPEI001
PEI,T_HDV_BS_DSL,2015.0,T_D_pkm_hdv_bs,ge,0.032292942,,,,,,,,TRPHRPEI001
PEI,T_HDV_BT_DSL,2005.0,T_D_pkm_hdv_bt,le,0.044597224,,,,,,,,TRPHRPEI001
PEI,T_HDV_BT_DSL,2010.0,T_D_pkm_hdv_bt,le,0.044597224,,,,,,,,TRPHRPEI001
PEI,T_HDV_BT_DSL,2015.0,T_D_pkm_hdv_bt,le,0.044597224,,,,,,,,TRPHRPEI001
PEI,T_HDV_BIC_GSL,2015.0,T_D_pkm_hdv_bic,le,0.046967741,,,,,,,,TRPHRPEI001
PEI,T_HDV_BT_DSL,2005.0,T_D_pkm_hdv_bt,ge,0.042367363,,,,,,,,TRPHRPEI001
PEI,T_HDV_BT_DSL,2010.0,T_D_pkm_hdv_bt,ge,0.042367363,,,,,,,,TRPHRPEI001
PEI,T_HDV_BT_DSL,2015.0,T_D_pkm_hdv_bt,ge,0.042367363,,,,,,,,TRPHRPEI001
PEI,T_HDV_BS_GSL,2005.0,T_D_pkm_hdv_bs,ge,0.032292942,,,,,,,,TRPHRPEI001
PEI,T_HDV_BS_GSL,2010.0,T_D_pkm_hdv_bs,ge,0.032292942,,,,,,,,TRPHRPEI001
PEI,T_HDV_BS_GSL,2015.0,T_D_pkm_hdv_bs,ge,0.032292942,,,,,,,,TRPHRPEI001
PEI,T_HDV_BT_BEV,2005.0,T_D_pkm_hdv_bt,ge,0.042367363,,,,,,,,TRPHRPEI001
PEI,T_HDV_BT_BEV,2010.0,T_D_pkm_hdv_bt,ge,0.042367363,,,,,,,,TRPHRPEI001
PEI,T_HDV_BT_BEV,2015.0,T_D_pkm_hdv_bt,ge,0.042367363,,,,,,,,TRPHRPEI001
PEI,T_HDV_BIC_DSL,2005.0,T_D_pkm_hdv_bic,le,0.046967741,,,,,,,,TRPHRPEI001
PEI,T_HDV_BIC_DSL,2010.0,T_D_pkm_hdv_bic,le,0.046967741,,,,,,,,TRPHRPEI001
PEI,T_HDV_BIC_DSL,2015.0,T_D_pkm_hdv_bic,le,0.046967741,,,,,,,,TRPHRPEI001
PEI,T_LDV_M_GSL,2000.0,T_D_pkm_ldv_m,ge,0.007952935,,,,,,,,TRPHRPEI001
PEI,T_LDV_M_GSL,2005.0,T_D_pkm_ldv_m,ge,0.007952935,,,,,,,,TRPHRPEI001
PEI,T_LDV_M_GSL,2010.0,T_D_pkm_ldv_m,ge,0.007952935,,,,,,,,TRPHRPEI001
PEI,T_LDV_M_GSL,2015.0,T_D_pkm_ldv_m,ge,0.007952935,,,,,,,,TRPHRPEI001
PEI,T_HDV_BS_DSL,2005.0,T_D_pkm_hdv_bs,le,0.033992571,,,,,,,,TRPHRPEI001
PEI,T_HDV_BS_DSL,2010.0,T_D_pkm_hdv_bs,le,0.033992571,,,,,,,,TRPHRPEI001
PEI,T_HDV_BS_DSL,2015.0,T_D_pkm_hdv_bs,le,0.033992571,,,,,,,,TRPHRPEI001
PEI,T_HDV_BS_CNG,2010.0,T_D_pkm_hdv_bs,le,0.033992571,,,,,,,,TRPHRPEI001
PEI,T_HDV_BS_CNG,2015.0,T_D_pkm_hdv_bs,le,0.033992571,,,,,,,,TRPHRPEI001
PEI,T_HDV_BT_CNG,2010.0,T_D_pkm_hdv_bt,ge,0.042367363,,,,,,,,TRPHRPEI001
PEI,T_HDV_BT_CNG,2015.0,T_D_pkm_hdv_bt,ge,0.042367363,,,,,,,,TRPHRPEI001
PEI,T_HDV_BT_GSL,2015.0,T_D_pkm_hdv_bt,ge,0.042367363,,,,,,,,TRPHRPEI001
PEI,T_HDV_BT_CNG,2010.0,T_D_pkm_hdv_bt,le,0.044597224,,,,,,,,TRPHRPEI001
PEI,T_HDV_BT_CNG,2015.0,T_D_pkm_hdv_bt,le,0.044597224,,,,,,,,TRPHRPEI001
PEI,T_HDV_BS_GSL,2005.0,T_D_pkm_hdv_bs,le,0.033992571,,,,,,,,TRPHRPEI001
PEI,T_HDV_BS_GSL,2010.0,T_D_pkm_hdv_bs,le,0.033992571,,,,,,,,TRPHRPEI001
PEI,T_HDV_BS_GSL,2015.0,T_D_pkm_hdv_bs,le,0.033992571,,,,,,,,TRPHRPEI001
PEI,T_HDV_BT_GSL,2015.0,T_D_pkm_hdv_bt,le,0.044597224,,,,,,,,TRPHRPEI001
PEI,T_LDV_BEV_CHRG,2015.0,T_elc_ldv_bev_chrg,ge,0.4352528997003083,,,,,,,,TRPHRPEI001
QC,T_HDV_BT_GSL,2010.0,T_D_pkm_hdv_bt,le,0.044597224,,,,,,,,TRPHRQC001
QC,T_HDV_BT_GSL,2015.0,T_D_pkm_hdv_bt,le,0.044597224,,,,,,,,TRPHRQC001
QC,T_HDV_BS_CNG,2010.0,T_D_pkm_hdv_bs,ge,0.032292942,,,,,,,,TRPHRQC001
QC,T_HDV_BS_CNG,2015.0,T_D_pkm_hdv_bs,ge,0.032292942,,,,,,,,TRPHRQC001
QC,T_HDV_BT_DSL,2005.0,T_D_pkm_hdv_bt,le,0.044597224,,,,,,,,TRPHRQC001
QC,T_HDV_BT_DSL,2010.0,T_D_pkm_hdv_bt,le,0.044597224,,,,,,,,TRPHRQC001
QC,T_HDV_BT_DSL,2015.0,T_D_pkm_hdv_bt,le,0.044597224,,,,,,,,TRPHRQC001
QC,T_HDV_BT_CNG,2010.0,T_D_pkm_hdv_bt,ge,0.042367363,,,,,,,,TRPHRQC001
QC,T_HDV_BT_CNG,2015.0,T_D_pkm_hdv_bt,ge,0.042367363,,,,,,,,TRPHRQC001
QC,T_HDV_BT_DSL,2005.0,T_D_pkm_hdv_bt,ge,0.042367363,,,,,,,,TRPHRQC001
QC,T_HDV_BT_DSL,2010.0,T_D_pkm_hdv_bt,ge,0.042367363,,,,,,,,TRPHRQC001
QC,T_HDV_BT_DSL,2015.0,T_D_pkm_hdv_bt,ge,0.042367363,,,,,,,,TRPHRQC001
QC,T_HDV_BT_BEV,2005.0,T_D_pkm_hdv_bt,ge,0.042367363,,,,,,,,TRPHRQC001
QC,T_HDV_BT_BEV,2010.0,T_D_pkm_hdv_bt,ge,0.042367363,,,,,,,,TRPHRQC001
QC,T_HDV_BT_BEV,2015.0,T_D_pkm_hdv_bt,ge,0.042367363,,,,,,,,TRPHRQC001
QC,T_HDV_BS_DSL,2005.0,T_D_pkm_hdv_bs,le,0.033992571,,,,,,,,TRPHRQC001
QC,T_HDV_BS_DSL,2010.0,T_D_pkm_hdv_bs,le,0.033992571,,,,,,,,TRPHRQC001
QC,T_HDV_BS_DSL,2015.0,T_D_pkm_hdv_bs,le,0.033992571,,,,,,,,TRPHRQC001
QC,T_HDV_BIC_DSL,2005.0,T_D_pkm_hdv_bic,le,0.046967741,,,,,,,,TRPHRQC001
QC,T_HDV_BIC_DSL,2010.0,T_D_pkm_hdv_bic,le,0.046967741,,,,,,,,TRPHRQC001
QC,T_HDV_BIC_DSL,2015.0,T_D_pkm_hdv_bic,le,0.046967741,,,,,,,,TRPHRQC001
QC,T_HDV_BT_CNG,2010.0,T_D_pkm_hdv_bt,le,0.044597224,,,,,,,,TRPHRQC001
QC,T_HDV_BT_CNG,2015.0,T_D_pkm_hdv_bt,le,0.044597224,,,,,,,,TRPHRQC001
QC,T_HDV_BS_CNG,2010.0,T_D_pkm_hdv_bs,le,0.033992571,,,,,,,,TRPHRQC001
QC,T_HDV_BS_CNG,2015.0,T_D_pkm_hdv_bs,le,0.033992571,,,,,,,,TRPHRQC001
QC,T_HDV_BIC_DSL,2005.0,T_D_pkm_hdv_bic,ge,0.044619354,,,,,,,,TRPHRQC001
QC,T_HDV_BIC_DSL,2010.0,T_D_pkm_hdv_bic,ge,0.044619354,,,,,,,,TRPHRQC001
QC,T_HDV_BIC_DSL,2015.0,T_D_pkm_hdv_bic,ge,0.044619354,,,,,,,,TRPHRQC001
QC,T_HDV_BS_GSL,2005.0,T_D_pkm_hdv_bs,le,0.033992571,,,,,,,,TRPHRQC001
QC,T_HDV_BS_GSL,2010.0,T_D_pkm_hdv_bs,le,0.033992571,,,,,,,,TRPHRQC001
QC,T_HDV_BS_GSL,2015.0,T_D_pkm_hdv_bs,le,0.033992571,,,,,,,,TRPHRQC001
QC,T_LDV_M_GSL,2000.0,T_D_pkm_ldv_m,ge,0.007952935,,,,,,,,TRPHRQC001
QC,T_LDV_M_GSL,2005.0,T_D_pkm_ldv_m,ge,0.007952935,,,,,,,,TRPHRQC001
QC,T_LDV_M_GSL,2010.0,T_D_pkm_ldv_m,ge,0.007952935,,,,,,,,TRPHRQC001
QC,T_LDV_M_GSL,2015.0,T_D_pkm_ldv_m,ge,0.007952935,,,,,,,,TRPHRQC001
QC,T_HDV_BS_DSL,2005.0,T_D_pkm_hdv_bs,ge,0.032292942,,,,,,,,TRPHRQC001
QC,T_HDV_BS_DSL,2010.0,T_D_pkm_hdv_bs,ge,0.032292942,,,,,,,,TRPHRQC001
QC,T_HDV_BS_DSL,2015.0,T_D_pkm_hdv_bs,ge,0.032292942,,,,,,,,TRPHRQC001
QC,T_HDV_BT_GSL,2010.0,T_D_pkm_hdv_bt,ge,0.042367363,,,,,,,,TRPHRQC001
QC,T_HDV_BT_GSL,2015.0,T_D_pkm_hdv_bt,ge,0.042367363,,,,,,,,TRPHRQC001
QC,T_LDV_M_GSL,2000.0,T_D_pkm_ldv_m,le,0.008371511,,,,,,,,TRPHRQC001
QC,T_LDV_M_GSL,2005.0,T_D_pkm_ldv_m,le,0.008371511,,,,,,,,TRPHRQC001
QC,T_LDV_M_GSL,2010.0,T_D_pkm_ldv_m,le,0.008371511,,,,,,,,TRPHRQC001
QC,T_LDV_M_GSL,2015.0,T_D_pkm_ldv_m,le,0.008371511,,,,,,,,TRPHRQC001
QC,T_HDV_BT_BEV,2005.0,T_D_pkm_hdv_bt,le,0.044597224,,,,,,,,TRPHRQC001
QC,T_HDV_BT_BEV,2010.0,T_D_pkm_hdv_bt,le,0.044597224,,,,,,,,TRPHRQC001
QC,T_HDV_BT_BEV,2015.0,T_D_pkm_hdv_bt,le,0.044597224,,,,,,,,TRPHRQC001
QC,T_HDV_BS_GSL,2005.0,T_D_pkm_hdv_bs,ge,0.032292942,,,,,,,,TRPHRQC001
QC,T_HDV_BS_GSL,2010.0,T_D_pkm_hdv_bs,ge,0.032292942,,,,,,,,TRPHRQC001
QC,T_HDV_BS_GSL,2015.0,T_D_pkm_hdv_bs,ge,0.032292942,,,,,,,,TRPHRQC001
QC,T_HDV_BIC_GSL,2005.0,T_D_pkm_hdv_bic,ge,0.044619354,,,,,,,,TRPHRQC001
QC,T_HDV_BIC_GSL,2010.0,T_D_pkm_hdv_bic,ge,0.044619354,,,,,,,,TRPHRQC001
QC,T_HDV_BIC_GSL,2015.0,T_D_pkm_hdv_bic,ge,0.044619354,,,,,,,,TRPHRQC001
QC,T_HDV_BIC_GSL,2005.0,T_D_pkm_hdv_bic,le,0.046967741,,,,,,,,TRPHRQC001
QC,T_HDV_BIC_GSL,2010.0,T_D_pkm_hdv_bic,le,0.046967741,,,,,,,,TRPHRQC001
QC,T_HDV_BIC_GSL,2015.0,T_D_pkm_hdv_bic,le,0.046967741,,,,,,,,TRPHRQC001
QC,T_LDV_BEV_CHRG,2010.0,T_elc_ldv_bev_chrg,ge,0.4352528997003083,,,,,,,,TRPHRQC001
QC,T_LDV_BEV_CHRG,2015.0,T_elc_ldv_bev_chrg,ge,0.4352528997003083,,,,,,,,TRPHRQC001
SK,T_HDV_BIC_GSL,2015.0,T_D_pkm_hdv_bic,le,0.046967741,,,,,,,,TRPHRSK001
SK,T_HDV_BIC_DSL,2005.0,T_D_pkm_hdv_bic,ge,0.044619354,,,,,,,,TRPHRSK001
SK,T_HDV_BIC_DSL,2010.0,T_D_pkm_hdv_bic,ge,0.044619354,,,,,,,,TRPHRSK001
SK,T_HDV_BIC_DSL,2015.0,T_D_pkm_hdv_bic,ge,0.044619354,,,,,,,,TRPHRSK001
SK,T_HDV_BS_GSL,2010.0,T_D_pkm_hdv_bs,ge,0.032292942,,,,,,,,TRPHRSK001
SK,T_HDV_BS_GSL,2015.0,T_D_pkm_hdv_bs,ge,0.032292942,,,,,,,,TRPHRSK001
SK,T_HDV_BS_CNG,2015.0,T_D_pkm_hdv_bs,le,0.033992571,,,,,,,,TRPHRSK001
SK,T_HDV_BS_GSL,2010.0,T_D_pkm_hdv_bs,le,0.033992571,,,,,,,,TRPHRSK001
SK,T_HDV_BS_GSL,2015.0,T_D_pkm_hdv_bs,le,0.033992571,,,,,,,,TRPHRSK001
SK,T_HDV_BS_DSL,2005.0,T_D_pkm_hdv_bs,le,0.033992571,,,,,,,,TRPHRSK001
SK,T_HDV_BS_DSL,2010.0,T_D_pkm_hdv_bs,le,0.033992571,,,,,,,,TRPHRSK001
SK,T_HDV_BS_DSL,2015.0,T_D_pkm_hdv_bs,le,0.033992571,,,,,,,,TRPHRSK001
SK,T_HDV_BT_DSL,2005.0,T_D_pkm_hdv_bt,ge,0.042367363,,,,,,,,TRPHRSK001
SK,T_HDV_BT_DSL,2010.0,T_D_pkm_hdv_bt,ge,0.042367363,,,,,,,,TRPHRSK001
SK,T_HDV_BT_DSL,2015.0,T_D_pkm_hdv_bt,ge,0.042367363,,,,,,,,TRPHRSK001
SK,T_HDV_BT_DSL,2005.0,T_D_pkm_hdv_bt,le,0.044597224,,,,,,,,TRPHRSK001
SK,T_HDV_BT_DSL,2010.0,T_D_pkm_hdv_bt,le,0.044597224,,,,,,,,TRPHRSK001
SK,T_HDV_BT_DSL,2015.0,T_D_pkm_hdv_bt,le,0.044597224,,,,,,,,TRPHRSK001
SK,T_HDV_BS_CNG,2015.0,T_D_pkm_hdv_bs,ge,0.032292942,,,,,,,,TRPHRSK001
SK,T_LDV_M_GSL,2000.0,T_D_pkm_ldv_m,le,0.008371511,,,,,,,,TRPHRSK001
SK,T_LDV_M_GSL,2005.0,T_D_pkm_ldv_m,le,0.008371511,,,,,,,,TRPHRSK001
SK,T_LDV_M_GSL,2010.0,T_D_pkm_ldv_m,le,0.008371511,,,,,,,,TRPHRSK001
SK,T_LDV_M_GSL,2015.0,T_D_pkm_ldv_m,le,0.008371511,,,,,,,,TRPHRSK001
SK,T_HDV_BS_DSL,2005.0,T_D_pkm_hdv_bs,ge,0.032292942,,,,,,,,TRPHRSK001
SK,T_HDV_BS_DSL,2010.0,T_D_pkm_hdv_bs,ge,0.032292942,,,,,,,,TRPHRSK001
SK,T_HDV_BS_DSL,2015.0,T_D_pkm_hdv_bs,ge,0.032292942,,,,,,,,TRPHRSK001
SK,T_HDV_BIC_GSL,2015.0,T_D_pkm_hdv_bic,ge,0.044619354,,,,,,,,TRPHRSK001
SK,T_HDV_BT_GSL,2015.0,T_D_pkm_hdv_bt,ge,0.042367363,,,,,,,,TRPHRSK001
SK,T_HDV_BT_GSL,2015.0,T_D_pkm_hdv_bt,le,0.044597224,,,,,,,,TRPHRSK001
SK,T_LDV_M_GSL,2000.0,T_D_pkm_ldv_m,ge,0.007952935,,,,,,,,TRPHRSK001
SK,T_LDV_M_GSL,2005.0,T_D_pkm_ldv_m,ge,0.007952935,,,,,,,,TRPHRSK001
SK,T_LDV_M_GSL,2010.0,T_D_pkm_ldv_m,ge,0.007952935,,,,,,,,TRPHRSK001
SK,T_LDV_M_GSL,2015.0,T_D_pkm_ldv_m,ge,0.007952935,,,,,,,,TRPHRSK001
SK,T_HDV_BIC_DSL,2005.0,T_D_pkm_hdv_bic,le,0.046967741,,,,,,,,TRPHRSK001
SK,T_HDV_BIC_DSL,2010.0,T_D_pkm_hdv_bic,le,0.046967741,,,,,,,,TRPHRSK001
SK,T_HDV_BIC_DSL,2015.0,T_D_pkm_hdv_bic,le,0.046967741,,,,,,,,TRPHRSK001
AB,T_LDV_C_BEV150,2010.0,T_D_pkm_ldv_c,le,0.03925316249767118,,,,,,,,TRPHRAB001
AB,T_LDV_C_BEV150,2015.0,T_D_pkm_ldv_c,le,0.03925316249767118,,,,,,,,TRPHRAB001
AB,T_LDV_C_BEV150,2020.0,T_D_pkm_ldv_c,le,0.03925316249767118,,,,,,,,TRPHRAB001
AB,T_LDV_C_DSL,2005.0,T_D_pkm_ldv_c,le,0.03925316249767118,,,,,,,,TRPHRAB001
AB,T_LDV_C_DSL,2010.0,T_D_pkm_ldv_c,le,0.03925316249767118,,,,,,,,TRPHRAB001
AB,T_LDV_C_DSL,2015.0,T_D_pkm_ldv_c,le,0.03925316249767118,,,,,,,,TRPHRAB001
AB,T_LDV_C_DSL,2020.0,T_D_pkm_ldv_c,le,0.03925316249767118,,,,,,,,TRPHRAB001
AB,T_LDV_C_GSL,2005.0,T_D_pkm_ldv_c,le,0.03925316249767118,,,,,,,,TRPHRAB001
AB,T_LDV_C_GSL,2010.0,T_D_pkm_ldv_c,le,0.03925316249767118,,,,,,,,TRPHRAB001
AB,T_LDV_C_GSL,2015.0,T_D_pkm_ldv_c,le,0.03925316249767118,,,,,,,,TRPHRAB001
AB,T_LDV_C_GSL,2020.0,T_D_pkm_ldv_c,le,0.03925316249767118,,,,,,,,TRPHRAB001
AB,T_LDV_C_GSL_HEV,2010.0,T_D_pkm_ldv_c,le,0.03925316249767118,,,,,,,,TRPHRAB001
AB,T_LDV_C_GSL_HEV,2015.0,T_D_pkm_ldv_c,le,0.03925316249767118,,,,,,,,TRPHRAB001
AB,T_LDV_C_GSL_HEV,2020.0,T_D_pkm_ldv_c,le,0.03925316249767118,,,,,,,,TRPHRAB001
AB,T_LDV_C_GSL_PHEV35,2010.0,T_D_pkm_ldv_c,le,0.03925316249767118,,,,,,,,TRPHRAB001
AB,T_LDV_C_GSL_PHEV35,2015.0,T_D_pkm_ldv_c,le,0.03925316249767118,,,,,,,,TRPHRAB001
AB,T_LDV_C_GSL_PHEV35,2020.0,T_D_pkm_ldv_c,le,0.03925316249767118,,,,,,,,TRPHRAB001
AB,T_LDV_LTP_BEV300,2010.0,T_D_pkm_ldv_t,le,0.01828133116969436,,,,,,,,TRPHRAB001
AB,T_LDV_LTP_BEV300,2015.0,T_D_pkm_ldv_t,le,0.01828133116969436,,,,,,,,TRPHRAB001
AB,T_LDV_LTP_BEV300,2020.0,T_D_pkm_ldv_t,le,0.01828133116969436,,,,,,,,TRPHRAB001
AB,T_LDV_LTP_DSL,2000.0,T_D_pkm_ldv_t,le,0.01828133116969436,,,,,,,,TRPHRAB001
AB,T_LDV_LTP_DSL,2005.0,T_D_pkm_ldv_t,le,0.01828133116969436,,,,,,,,TRPHRAB001
AB,T_LDV_LTP_DSL,2010.0,T_D_pkm_ldv_t,le,0.01828133116969436,,,,,,,,TRPHRAB001
AB,T_LDV_LTP_DSL,2015.0,T_D_pkm_ldv_t,le,0.01828133116969436,,,,,,,,TRPHRAB001
AB,T_LDV_LTP_DSL,2020.0,T_D_pkm_ldv_t,le,0.01828133116969436,,,,,,,,TRPHRAB001
AB,T_LDV_LTP_GSL,2000.0,T_D_pkm_ldv_t,le,0.01828133116969436,,,,,,,,TRPHRAB001
AB,T_LDV_LTP_GSL,2005.0,T_D_pkm_ldv_t,le,0.01828133116969436,,,,,,,,TRPHRAB001
AB,T_LDV_LTP_GSL,2010.0,T_D_pkm_ldv_t,le,0.01828133116969436,,,,,,,,TRPHRAB001
AB,T_LDV_LTP_GSL,2015.0,T_D_pkm_ldv_t,le,0.01828133116969436,,,,,,,,TRPHRAB001
AB,T_LDV_LTP_GSL,2020.0,T_D_pkm_ldv_t,le,0.01828133116969436,,,,,,,,TRPHRAB001
AB,T_LDV_LTP_GSL_HEV,2010.0,T_D_pkm_ldv_t,le,0.01828133116969436,,,,,,,,TRPHRAB001
AB,T_LDV_LTP_GSL_HEV,2015.0,T_D_pkm_ldv_t,le,0.01828133116969436,,,,,,,,TRPHRAB001
AB,T_LDV_LTP_GSL_HEV,2020.0,T_D_pkm_ldv_t,le,0.01828133116969436,,,,,,,,TRPHRAB001
AB,T_LDV_LTP_GSL_PHEV35,2010.0,T_D_pkm_ldv_t,le,0.01828133116969436,,,,,,,,TRPHRAB001
AB,T_LDV_LTP_GSL_PHEV35,2015.0,T_D_pkm_ldv_t,le,0.01828133116969436,,,,,,,,TRPHRAB001
AB,T_LDV_LTP_GSL_PHEV35,2020.0,T_D_pkm_ldv_t,le,0.01828133116969436,,,,,,,,TRPHRAB001
AB,T_HDV_T_DSL,2000.0,T_D_tkm_hdv_t,le,0.09175230567148425,,,,,,,,TRPHRAB001
AB,T_HDV_T_DSL,2005.0,T_D_tkm_hdv_t,le,0.09175230567148425,,,,,,,,TRPHRAB001
AB,T_HDV_T_DSL,2010.0,T_D_tkm_hdv_t,le,0.09175230567148425,,,,,,,,TRPHRAB001
AB,T_HDV_T_DSL,2015.0,T_D_tkm_hdv_t,le,0.09175230567148425,,,,,,,,TRPHRAB001
AB,T_HDV_T_DSL,2020.0,T_D_tkm_hdv_t,le,0.09175230567148425,,,,,,,,TRPHRAB001
AB,T_LDV_LTF_DSL,2000.0,T_D_tkm_ldv_t,le,0.0345210234503699,,,,,,,,TRPHRAB001
AB,T_LDV_LTF_DSL,2005.0,T_D_tkm_ldv_t,le,0.0345210234503699,,,,,,,,TRPHRAB001
AB,T_LDV_LTF_DSL,2010.0,T_D_tkm_ldv_t,le,0.0345210234503699,,,,,,,,TRPHRAB001
AB,T_LDV_LTF_DSL,2015.0,T_D_tkm_ldv_t,le,0.0345210234503699,,,,,,,,TRPHRAB001
AB,T_LDV_LTF_DSL,2020.0,T_D_tkm_ldv_t,le,0.0345210234503699,,,,,,,,TRPHRAB001
AB,T_LDV_LTF_GSL,2000.0,T_D_tkm_ldv_t,le,0.0345210234503699,,,,,,,,TRPHRAB001
AB,T_LDV_LTF_GSL,2005.0,T_D_tkm_ldv_t,le,0.0345210234503699,,,,,,,,TRPHRAB001
AB,T_LDV_LTF_GSL,2010.0,T_D_tkm_ldv_t,le,0.0345210234503699,,,,,,,,TRPHRAB001
AB,T_LDV_LTF_GSL,2015.0,T_D_tkm_ldv_t,le,0.0345210234503699,,,,,,,,TRPHRAB001
AB,T_LDV_LTF_GSL,2020.0,T_D_tkm_ldv_t,le,0.0345210234503699,,,,,,,,TRPHRAB001
AB,T_LDV_LTF_GSL_HEV,2010.0,T_D_tkm_ldv_t,le,0.0345210234503699,,,,,,,,TRPHRAB001
AB,T_LDV_LTF_GSL_HEV,2015.0,T_D_tkm_ldv_t,le,0.0345210234503699,,,,,,,,TRPHRAB001
AB,T_LDV_LTF_GSL_HEV,2020.0,T_D_tkm_ldv_t,le,0.0345210234503699,,,,,,,,TRPHRAB001
AB,T_LDV_LTF_GSL_PHEV35,2015.0,T_D_tkm_ldv_t,le,0.0345210234503699,,,,,,,,TRPHRAB001
AB,T_LDV_LTF_GSL_PHEV35,2020.0,T_D_tkm_ldv_t,le,0.0345210234503699,,,,,,,,TRPHRAB001
AB,T_MDV_T_DSL,2000.0,T_D_tkm_mdv_t,le,0.017973669558385533,,,,,,,,TRPHRAB001
AB,T_MDV_T_DSL,2005.0,T_D_tkm_mdv_t,le,0.017973669558385533,,,,,,,,TRPHRAB001
AB,T_MDV_T_DSL,2010.0,T_D_tkm_mdv_t,le,0.017973669558385533,,,,,,,,TRPHRAB001
AB,T_MDV_T_DSL,2015.0,T_D_tkm_mdv_t,le,0.017973669558385533,,,,,,,,TRPHRAB001
AB,T_MDV_T_DSL,2020.0,T_D_tkm_mdv_t,le,0.017973669558385533,,,,,,,,TRPHRAB001
AB,T_MDV_T_GSL,2000.0,T_D_tkm_mdv_t,le,0.017973669558385533,,,,,,,,TRPHRAB001
AB,T_MDV_T_GSL,2005.0,T_D_tkm_mdv_t,le,0.017973669558385533,,,,,,,,TRPHRAB001
AB,T_MDV_T_GSL,2010.0,T_D_tkm_mdv_t,le,0.017973669558385533,,,,,,,,TRPHRAB001
AB,T_MDV_T_GSL,2015.0,T_D_tkm_mdv_t,le,0.017973669558385533,,,,,,,,TRPHRAB001
AB,T_MDV_T_GSL,2020.0,T_D_tkm_mdv_t,le,0.017973669558385533,,,,,,,,TRPHRAB001
BC,T_LDV_C_BEV150,2010.0,T_D_pkm_ldv_c,le,0.03428268707235778,,,,,,,,TRPHRBC001
BC,T_LDV_C_BEV150,2015.0,T_D_pkm_ldv_c,le,0.03428268707235778,,,,,,,,TRPHRBC001
BC,T_LDV_C_BEV150,2020.0,T_D_pkm_ldv_c,le,0.03428268707235778,,,,,,,,TRPHRBC001
BC,T_LDV_C_DSL,2005.0,T_D_pkm_ldv_c,le,0.03428268707235778,,,,,,,,TRPHRBC001
BC,T_LDV_C_DSL,2010.0,T_D_pkm_ldv_c,le,0.03428268707235778,,,,,,,,TRPHRBC001
BC,T_LDV_C_DSL,2015.0,T_D_pkm_ldv_c,le,0.03428268707235778,,,,,,,,TRPHRBC001
BC,T_LDV_C_DSL,2020.0,T_D_pkm_ldv_c,le,0.03428268707235778,,,,,,,,TRPHRBC001
BC,T_LDV_C_GSL,2005.0,T_D_pkm_ldv_c,le,0.03428268707235778,,,,,,,,TRPHRBC001
BC,T_LDV_C_GSL,2010.0,T_D_pkm_ldv_c,le,0.03428268707235778,,,,,,,,TRPHRBC001
BC,T_LDV_C_GSL,2015.0,T_D_pkm_ldv_c,le,0.03428268707235778,,,,,,,,TRPHRBC001
BC,T_LDV_C_GSL,2020.0,T_D_pkm_ldv_c,le,0.03428268707235778,,,,,,,,TRPHRBC001
BC,T_LDV_C_GSL_HEV,2010.0,T_D_pkm_ldv_c,le,0.03428268707235778,,,,,,,,TRPHRBC001
BC,T_LDV_C_GSL_HEV,2015.0,T_D_pkm_ldv_c,le,0.03428268707235778,,,,,,,,TRPHRBC001
BC,T_LDV_C_GSL_HEV,2020.0,T_D_pkm_ldv_c,le,0.03428268707235778,,,,,,,,TRPHRBC001
BC,T_LDV_C_GSL_PHEV35,2010.0,T_D_pkm_ldv_c,le,0.03428268707235778,,,,,,,,TRPHRBC001
BC,T_LDV_C_GSL_PHEV35,2015.0,T_D_pkm_ldv_c,le,0.03428268707235778,,,,,,,,TRPHRBC001
BC,T_LDV_C_GSL_PHEV35,2020.0,T_D_pkm_ldv_c,le,0.03428268707235778,,,,,,,,TRPHRBC001
BC,T_LDV_LTP_BEV300,2010.0,T_D_pkm_ldv_t,le,0.02093360858452039,,,,,,,,TRPHRBC001
BC,T_LDV_LTP_BEV300,2015.0,T_D_pkm_ldv_t,le,0.02093360858452039,,,,,,,,TRPHRBC001
BC,T_LDV_LTP_BEV300,2020.0,T_D_pkm_ldv_t,le,0.02093360858452039,,,,,,,,TRPHRBC001
BC,T_LDV_LTP_DSL,2000.0,T_D_pkm_ldv_t,le,0.02093360858452039,,,,,,,,TRPHRBC001
BC,T_LDV_LTP_DSL,2005.0,T_D_pkm_ldv_t,le,0.02093360858452039,,,,,,,,TRPHRBC001
BC,T_LDV_LTP_DSL,2010.0,T_D_pkm_ldv_t,le,0.02093360858452039,,,,,,,,TRPHRBC001
BC,T_LDV_LTP_DSL,2015.0,T_D_pkm_ldv_t,le,0.02093360858452039,,,,,,,,TRPHRBC001
BC,T_LDV_LTP_DSL,2020.0,T_D_pkm_ldv_t,le,0.02093360858452039,,,,,,,,TRPHRBC001
BC,T_LDV_LTP_GSL,2000.0,T_D_pkm_ldv_t,le,0.02093360858452039,,,,,,,,TRPHRBC001
BC,T_LDV_LTP_GSL,2005.0,T_D_pkm_ldv_t,le,0.02093360858452039,,,,,,,,TRPHRBC001
BC,T_LDV_LTP_GSL,2010.0,T_D_pkm_ldv_t,le,0.02093360858452039,,,,,,,,TRPHRBC001
BC,T_LDV_LTP_GSL,2015.0,T_D_pkm_ldv_t,le,0.02093360858452039,,,,,,,,TRPHRBC001
BC,T_LDV_LTP_GSL,2020.0,T_D_pkm_ldv_t,le,0.02093360858452039,,,,,,,,TRPHRBC001
BC,T_LDV_LTP_GSL_HEV,2010.0,T_D_pkm_ldv_t,le,0.02093360858452039,,,,,,,,TRPHRBC001
BC,T_LDV_LTP_GSL_HEV,2015.0,T_D_pkm_ldv_t,le,0.02093360858452039,,,,,,,,TRPHRBC001
BC,T_LDV_LTP_GSL_HEV,2020.0,T_D_pkm_ldv_t,le,0.02093360858452039,,,,,,,,TRPHRBC001
BC,T_LDV_LTP_GSL_PHEV35,2010.0,T_D_pkm_ldv_t,le,0.02093360858452039,,,,,,,,TRPHRBC001
BC,T_LDV_LTP_GSL_PHEV35,2015.0,T_D_pkm_ldv_t,le,0.02093360858452039,,,,,,,,TRPHRBC001
BC,T_LDV_LTP_GSL_PHEV35,2020.0,T_D_pkm_ldv_t,le,0.02093360858452039,,,,,,,,TRPHRBC001
BC,T_HDV_T_DSL,2000.0,T_D_tkm_hdv_t,le,0.050098355821194075,,,,,,,,TRPHRBC001
BC,T_HDV_T_DSL,2005.0,T_D_tkm_hdv_t,le,0.050098355821194075,,,,,,,,TRPHRBC001
BC,T_HDV_T_DSL,2010.0,T_D_tkm_hdv_t,le,0.050098355821194075,,,,,,,,TRPHRBC001
BC,T_HDV_T_DSL,2015.0,T_D_tkm_hdv_t,le,0.050098355821194075,,,,,,,,TRPHRBC001
BC,T_HDV_T_DSL,2020.0,T_D_tkm_hdv_t,le,0.050098355821194075,,,,,,,,TRPHRBC001
BC,T_LDV_LTF_DSL,2000.0,T_D_tkm_ldv_t,le,0.034690606019459856,,,,,,,,TRPHRBC001
BC,T_LDV_LTF_DSL,2005.0,T_D_tkm_ldv_t,le,0.034690606019459856,,,,,,,,TRPHRBC001
BC,T_LDV_LTF_DSL,2010.0,T_D_tkm_ldv_t,le,0.034690606019459856,,,,,,,,TRPHRBC001
BC,T_LDV_LTF_DSL,2015.0,T_D_tkm_ldv_t,le,0.034690606019459856,,,,,,,,TRPHRBC001
BC,T_LDV_LTF_DSL,2020.0,T_D_tkm_ldv_t,le,0.034690606019459856,,,,,,,,TRPHRBC001
BC,T_LDV_LTF_GSL,2000.0,T_D_tkm_ldv_t,le,0.034690606019459856,,,,,,,,TRPHRBC001
BC,T_LDV_LTF_GSL,2005.0,T_D_tkm_ldv_t,le,0.034690606019459856,,,,,,,,TRPHRBC001
BC,T_LDV_LTF_GSL,2010.0,T_D_tkm_ldv_t,le,0.034690606019459856,,,,,,,,TRPHRBC001
BC,T_LDV_LTF_GSL,2015.0,T_D_tkm_ldv_t,le,0.034690606019459856,,,,,,,,TRPHRBC001
BC,T_LDV_LTF_GSL,2020.0,T_D_tkm_ldv_t,le,0.034690606019459856,,,,,,,,TRPHRBC001
BC,T_LDV_LTF_GSL_HEV,2010.0,T_D_tkm_ldv_t,le,0.034690606019459856,,,,,,,,TRPHRBC001
BC,T_LDV_LTF_GSL_HEV,2015.0,T_D_tkm_ldv_t,le,0.034690606019459856,,,,,,,,TRPHRBC001
BC,T_LDV_LTF_GSL_HEV,2020.0,T_D_tkm_ldv_t,le,0.034690606019459856,,,,,,,,TRPHRBC001
BC,T_LDV_LTF_GSL_PHEV35,2015.0,T_D_tkm_ldv_t,le,0.034690606019459856,,,,,,,,TRPHRBC001
BC,T_LDV_LTF_GSL_PHEV35,2020.0,T_D_tkm_ldv_t,le,0.034690606019459856,,,,,,,,TRPHRBC001
BC,T_MDV_T_DSL,2000.0,T_D_tkm_mdv_t,le,0.020658443815293116,,,,,,,,TRPHRBC001
BC,T_MDV_T_DSL,2005.0,T_D_tkm_mdv_t,le,0.020658443815293116,,,,,,,,TRPHRBC001
BC,T_MDV_T_DSL,2010.0,T_D_tkm_mdv_t,le,0.020658443815293116,,,,,,,,TRPHRBC001
BC,T_MDV_T_DSL,2015.0,T_D_tkm_mdv_t,le,0.020658443815293116,,,,,,,,TRPHRBC001
BC,T_MDV_T_DSL,2020.0,T_D_tkm_mdv_t,le,0.020658443815293116,,,,,,,,TRPHRBC001
BC,T_MDV_T_GSL,2000.0,T_D_tkm_mdv_t,le,0.020658443815293116,,,,,,,,TRPHRBC001
BC,T_MDV_T_GSL,2005.0,T_D_tkm_mdv_t,le,0.020658443815293116,,,,,,,,TRPHRBC001
BC,T_MDV_T_GSL,2010.0,T_D_tkm_mdv_t,le,0.020658443815293116,,,,,,,,TRPHRBC001
BC,T_MDV_T_GSL,2015.0,T_D_tkm_mdv_t,le,0.020658443815293116,,,,,,,,TRPHRBC001
BC,T_MDV_T_GSL,2020.0,T_D_tkm_mdv_t,le,0.020658443815293116,,,,,,,,TRPHRBC001
MB,T_LDV_C_BEV150,2010.0,T_D_pkm_ldv_c,le,0.05030325881848641,,,,,,,,TRPHRMB001
MB,T_LDV_C_BEV150,2015.0,T_D_pkm_ldv_c,le,0.05030325881848641,,,,,,,,TRPHRMB001
MB,T_LDV_C_BEV150,2020.0,T_D_pkm_ldv_c,le,0.05030325881848641,,,,,,,,TRPHRMB001
MB,T_LDV_C_DSL,2005.0,T_D_pkm_ldv_c,le,0.05030325881848641,,,,,,,,TRPHRMB001
MB,T_LDV_C_DSL,2010.0,T_D_pkm_ldv_c,le,0.05030325881848641,,,,,,,,TRPHRMB001
MB,T_LDV_C_DSL,2015.0,T_D_pkm_ldv_c,le,0.05030325881848641,,,,,,,,TRPHRMB001
MB,T_LDV_C_DSL,2020.0,T_D_pkm_ldv_c,le,0.05030325881848641,,,,,,,,TRPHRMB001
MB,T_LDV_C_GSL,2005.0,T_D_pkm_ldv_c,le,0.05030325881848641,,,,,,,,TRPHRMB001
MB,T_LDV_C_GSL,2010.0,T_D_pkm_ldv_c,le,0.05030325881848641,,,,,,,,TRPHRMB001
MB,T_LDV_C_GSL,2015.0,T_D_pkm_ldv_c,le,0.05030325881848641,,,,,,,,TRPHRMB001
MB,T_LDV_C_GSL,2020.0,T_D_pkm_ldv_c,le,0.05030325881848641,,,,,,,,TRPHRMB001
MB,T_LDV_C_GSL_HEV,2010.0,T_D_pkm_ldv_c,le,0.05030325881848641,,,,,,,,TRPHRMB001
MB,T_LDV_C_GSL_HEV,2015.0,T_D_pkm_ldv_c,le,0.05030325881848641,,,,,,,,TRPHRMB001
MB,T_LDV_C_GSL_HEV,2020.0,T_D_pkm_ldv_c,le,0.05030325881848641,,,,,,,,TRPHRMB001
MB,T_LDV_C_GSL_PHEV35,2010.0,T_D_pkm_ldv_c,le,0.05030325881848641,,,,,,,,TRPHRMB001
MB,T_LDV_C_GSL_PHEV35,2015.0,T_D_pkm_ldv_c,le,0.05030325881848641,,,,,,,,TRPHRMB001
MB,T_LDV_C_GSL_PHEV35,2020.0,T_D_pkm_ldv_c,le,0.05030325881848641,,,,,,,,TRPHRMB001
MB,T_LDV_LTP_BEV300,2010.0,T_D_pkm_ldv_t,le,0.02404027806524683,,,,,,,,TRPHRMB001
MB,T_LDV_LTP_BEV300,2015.0,T_D_pkm_ldv_t,le,0.02404027806524683,,,,,,,,TRPHRMB001
MB,T_LDV_LTP_BEV300,2020.0,T_D_pkm_ldv_t,le,0.02404027806524683,,,,,,,,TRPHRMB001
MB,T_LDV_LTP_DSL,2000.0,T_D_pkm_ldv_t,le,0.02404027806524683,,,,,,,,TRPHRMB001
MB,T_LDV_LTP_DSL,2005.0,T_D_pkm_ldv_t,le,0.02404027806524683,,,,,,,,TRPHRMB001
MB,T_LDV_LTP_DSL,2010.0,T_D_pkm_ldv_t,le,0.02404027806524683,,,,,,,,TRPHRMB001
MB,T_LDV_LTP_DSL,2015.0,T_D_pkm_ldv_t,le,0.02404027806524683,,,,,,,,TRPHRMB001
MB,T_LDV_LTP_DSL,2020.0,T_D_pkm_ldv_t,le,0.02404027806524683,,,,,,,,TRPHRMB001
MB,T_LDV_LTP_GSL,2000.0,T_D_pkm_ldv_t,le,0.02404027806524683,,,,,,,,TRPHRMB001
MB,T_LDV_LTP_GSL,2005.0,T_D_pkm_ldv_t,le,0.02404027806524683,,,,,,,,TRPHRMB001
MB,T_LDV_LTP_GSL,2010.0,T_D_pkm_ldv_t,le,0.02404027806524683,,,,,,,,TRPHRMB001
MB,T_LDV_LTP_GSL,2015.0,T_D_pkm_ldv_t,le,0.02404027806524683,,,,,,,,TRPHRMB001
MB,T_LDV_LTP_GSL,2020.0,T_D_pkm_ldv_t,le,0.02404027806524683,,,,,,,,TRPHRMB001
MB,T_LDV_LTP_GSL_HEV,2010.0,T_D_pkm_ldv_t,le,0.02404027806524683,,,,,,,,TRPHRMB001
MB,T_LDV_LTP_GSL_HEV,2015.0,T_D_pkm_ldv_t,le,0.02404027806524683,,,,,,,,TRPHRMB001
MB,T_LDV_LTP_GSL_HEV,2020.0,T_D_pkm_ldv_t,le,0.02404027806524683,,,,,,,,TRPHRMB001
MB,T_LDV_LTP_GSL_PHEV35,2010.0,T_D_pkm_ldv_t,le,0.02404027806524683,,,,,,,,TRPHRMB001
MB,T_LDV_LTP_GSL_PHEV35,2015.0,T_D_pkm_ldv_t,le,0.02404027806524683,,,,,,,,TRPHRMB001
MB,T_LDV_LTP_GSL_PHEV35,2020.0,T_D_pkm_ldv_t,le,0.02404027806524683,,,,,,,,TRPHRMB001
MB,T_HDV_T_DSL,2000.0,T_D_tkm_hdv_t,le,0.06953406886653479,,,,,,,,TRPHRMB001
MB,T_HDV_T_DSL,2005.0,T_D_tkm_hdv_t,le,0.06953406886653479,,,,,,,,TRPHRMB001
MB,T_HDV_T_DSL,2010.0,T_D_tkm_hdv_t,le,0.06953406886653479,,,,,,,,TRPHRMB001
MB,T_HDV_T_DSL,2015.0,T_D_tkm_hdv_t,le,0.06953406886653479,,,,,,,,TRPHRMB001
MB,T_HDV_T_DSL,2020.0,T_D_tkm_hdv_t,le,0.06953406886653479,,,,,,,,TRPHRMB001
MB,T_LDV_LTF_DSL,2000.0,T_D_tkm_ldv_t,le,0.04536829988200192,,,,,,,,TRPHRMB001
MB,T_LDV_LTF_DSL,2005.0,T_D_tkm_ldv_t,le,0.04536829988200192,,,,,,,,TRPHRMB001
MB,T_LDV_LTF_DSL,2010.0,T_D_tkm_ldv_t,le,0.04536829988200192,,,,,,,,TRPHRMB001
MB,T_LDV_LTF_DSL,2015.0,T_D_tkm_ldv_t,le,0.04536829988200192,,,,,,,,TRPHRMB001
MB,T_LDV_LTF_DSL,2020.0,T_D_tkm_ldv_t,le,0.04536829988200192,,,,,,,,TRPHRMB001
MB,T_LDV_LTF_GSL,2000.0,T_D_tkm_ldv_t,le,0.04536829988200192,,,,,,,,TRPHRMB001
MB,T_LDV_LTF_GSL,2005.0,T_D_tkm_ldv_t,le,0.04536829988200192,,,,,,,,TRPHRMB001
MB,T_LDV_LTF_GSL,2010.0,T_D_tkm_ldv_t,le,0.04536829988200192,,,,,,,,TRPHRMB001
MB,T_LDV_LTF_GSL,2015.0,T_D_tkm_ldv_t,le,0.04536829988200192,,,,,,,,TRPHRMB001
MB,T_LDV_LTF_GSL,2020.0,T_D_tkm_ldv_t,le,0.04536829988200192,,,,,,,,TRPHRMB001
MB,T_LDV_LTF_GSL_HEV,2010.0,T_D_tkm_ldv_t,le,0.04536829988200192,,,,,,,,TRPHRMB001
MB,T_LDV_LTF_GSL_HEV,2015.0,T_D_tkm_ldv_t,le,0.04536829988200192,,,,,,,,TRPHRMB001
MB,T_LDV_LTF_GSL_HEV,2020.0,T_D_tkm_ldv_t,le,0.04536829988200192,,,,,,,,TRPHRMB001
MB,T_LDV_LTF_GSL_PHEV35,2015.0,T_D_tkm_ldv_t,le,0.04536829988200192,,,,,,,,TRPHRMB001
MB,T_LDV_LTF_GSL_PHEV35,2020.0,T_D_tkm_ldv_t,le,0.04536829988200192,,,,,,,,TRPHRMB001
MB,T_MDV_T_DSL,2000.0,T_D_tkm_mdv_t,le,0.011602283820849671,,,,,,,,TRPHRMB001
MB,T_MDV_T_DSL,2005.0,T_D_tkm_mdv_t,le,0.011602283820849671,,,,,,,,TRPHRMB001
MB,T_MDV_T_DSL,2010.0,T_D_tkm_mdv_t,le,0.011602283820849671,,,,,,,,TRPHRMB001
MB,T_MDV_T_DSL,2015.0,T_D_tkm_mdv_t,le,0.011602283820849671,,,,,,,,TRPHRMB001
MB,T_MDV_T_DSL,2020.0,T_D_tkm_mdv_t,le,0.011602283820849671,,,,,,,,TRPHRMB001
MB,T_MDV_T_GSL,2000.0,T_D_tkm_mdv_t,le,0.011602283820849671,,,,,,,,TRPHRMB001
MB,T_MDV_T_GSL,2005.0,T_D_tkm_mdv_t,le,0.011602283820849671,,,,,,,,TRPHRMB001
MB,T_MDV_T_GSL,2010.0,T_D_tkm_mdv_t,le,0.011602283820849671,,,,,,,,TRPHRMB001
MB,T_MDV_T_GSL,2015.0,T_D_tkm_mdv_t,le,0.011602283820849671,,,,,,,,TRPHRMB001
MB,T_MDV_T_GSL,2020.0,T_D_tkm_mdv_t,le,0.011602283820849671,,,,,,,,TRPHRMB001
NB,T_LDV_C_BEV150,2010.0,T_D_pkm_ldv_c,le,0.0018887461758740423,,,,,,,,TRPHRNB001
NB,T_LDV_C_BEV150,2015.0,T_D_pkm_ldv_c,le,0.0018887461758740423,,,,,,,,TRPHRNB001
NB,T_LDV_C_BEV150,2020.0,T_D_pkm_ldv_c,le,0.0018887461758740423,,,,,,,,TRPHRNB001
NB,T_LDV_C_DSL,2005.0,T_D_pkm_ldv_c,le,0.0018887461758740423,,,,,,,,TRPHRNB001
NB,T_LDV_C_DSL,2010.0,T_D_pkm_ldv_c,le,0.0018887461758740423,,,,,,,,TRPHRNB001
NB,T_LDV_C_DSL,2015.0,T_D_pkm_ldv_c,le,0.0018887461758740423,,,,,,,,TRPHRNB001
NB,T_LDV_C_DSL,2020.0,T_D_pkm_ldv_c,le,0.0018887461758740423,,,,,,,,TRPHRNB001
NB,T_LDV_C_GSL,2005.0,T_D_pkm_ldv_c,le,0.0018887461758740423,,,,,,,,TRPHRNB001
NB,T_LDV_C_GSL,2010.0,T_D_pkm_ldv_c,le,0.0018887461758740423,,,,,,,,TRPHRNB001
NB,T_LDV_C_GSL,2015.0,T_D_pkm_ldv_c,le,0.0018887461758740423,,,,,,,,TRPHRNB001
NB,T_LDV_C_GSL,2020.0,T_D_pkm_ldv_c,le,0.0018887461758740423,,,,,,,,TRPHRNB001
NB,T_LDV_C_GSL_HEV,2010.0,T_D_pkm_ldv_c,le,0.0018887461758740423,,,,,,,,TRPHRNB001
NB,T_LDV_C_GSL_HEV,2015.0,T_D_pkm_ldv_c,le,0.0018887461758740423,,,,,,,,TRPHRNB001
NB,T_LDV_C_GSL_HEV,2020.0,T_D_pkm_ldv_c,le,0.0018887461758740423,,,,,,,,TRPHRNB001
NB,T_LDV_C_GSL_PHEV35,2010.0,T_D_pkm_ldv_c,le,0.0018887461758740423,,,,,,,,TRPHRNB001
NB,T_LDV_C_GSL_PHEV35,2015.0,T_D_pkm_ldv_c,le,0.0018887461758740423,,,,,,,,TRPHRNB001
NB,T_LDV_C_GSL_PHEV35,2020.0,T_D_pkm_ldv_c,le,0.0018887461758740423,,,,,,,,TRPHRNB001
NB,T_LDV_LTP_BEV300,2010.0,T_D_pkm_ldv_t,le,0.010364601894530067,,,,,,,,TRPHRNB001
NB,T_LDV_LTP_BEV300,2015.0,T_D_pkm_ldv_t,le,0.010364601894530067,,,,,,,,TRPHRNB001
NB,T_LDV_LTP_BEV300,2020.0,T_D_pkm_ldv_t,le,0.010364601894530067,,,,,,,,TRPHRNB001
NB,T_LDV_LTP_DSL,2000.0,T_D_pkm_ldv_t,le,0.010364601894530067,,,,,,,,TRPHRNB001
NB,T_LDV_LTP_DSL,2005.0,T_D_pkm_ldv_t,le,0.010364601894530067,,,,,,,,TRPHRNB001
NB,T_LDV_LTP_DSL,2010.0,T_D_pkm_ldv_t,le,0.010364601894530067,,,,,,,,TRPHRNB001
NB,T_LDV_LTP_DSL,2015.0,T_D_pkm_ldv_t,le,0.010364601894530067,,,,,,,,TRPHRNB001
NB,T_LDV_LTP_DSL,2020.0,T_D_pkm_ldv_t,le,0.010364601894530067,,,,,,,,TRPHRNB001
NB,T_LDV_LTP_GSL,2000.0,T_D_pkm_ldv_t,le,0.010364601894530067,,,,,,,,TRPHRNB001
NB,T_LDV_LTP_GSL,2005.0,T_D_pkm_ldv_t,le,0.010364601894530067,,,,,,,,TRPHRNB001
NB,T_LDV_LTP_GSL,2010.0,T_D_pkm_ldv_t,le,0.010364601894530067,,,,,,,,TRPHRNB001
NB,T_LDV_LTP_GSL,2015.0,T_D_pkm_ldv_t,le,0.010364601894530067,,,,,,,,TRPHRNB001
NB,T_LDV_LTP_GSL,2020.0,T_D_pkm_ldv_t,le,0.010364601894530067,,,,,,,,TRPHRNB001
NB,T_LDV_LTP_GSL_HEV,2010.0,T_D_pkm_ldv_t,le,0.010364601894530067,,,,,,,,TRPHRNB001
NB,T_LDV_LTP_GSL_HEV,2015.0,T_D_pkm_ldv_t,le,0.010364601894530067,,,,,,,,TRPHRNB001
NB,T_LDV_LTP_GSL_HEV,2020.0,T_D_pkm_ldv_t,le,0.010364601894530067,,,,,,,,TRPHRNB001
NB,T_LDV_LTP_GSL_PHEV35,2010.0,T_D_pkm_ldv_t,le,0.010364601894530067,,,,,,,,TRPHRNB001
NB,T_LDV_LTP_GSL_PHEV35,2015.0,T_D_pkm_ldv_t,le,0.010364601894530067,,,,,,,,TRPHRNB001
NB,T_LDV_LTP_GSL_PHEV35,2020.0,T_D_pkm_ldv_t,le,0.010364601894530067,,,,,,,,TRPHRNB001
NB,T_HDV_T_DSL,2000.0,T_D_tkm_hdv_t,le,0.1512850384758951,,,,,,,,TRPHRNB001
NB,T_HDV_T_DSL,2005.0,T_D_tkm_hdv_t,le,0.1512850384758951,,,,,,,,TRPHRNB001
NB,T_HDV_T_DSL,2010.0,T_D_tkm_hdv_t,le,0.1512850384758951,,,,,,,,TRPHRNB001
NB,T_HDV_T_DSL,2015.0,T_D_tkm_hdv_t,le,0.1512850384758951,,,,,,,,TRPHRNB001
NB,T_HDV_T_DSL,2020.0,T_D_tkm_hdv_t,le,0.1512850384758951,,,,,,,,TRPHRNB001
NB,T_LDV_LTF_DSL,2000.0,T_D_tkm_ldv_t,le,0.07414118901957177,,,,,,,,TRPHRNB001
NB,T_LDV_LTF_DSL,2005.0,T_D_tkm_ldv_t,le,0.07414118901957177,,,,,,,,TRPHRNB001
NB,T_LDV_LTF_DSL,2010.0,T_D_tkm_ldv_t,le,0.07414118901957177,,,,,,,,TRPHRNB001
NB,T_LDV_LTF_DSL,2015.0,T_D_tkm_ldv_t,le,0.07414118901957177,,,,,,,,TRPHRNB001
NB,T_LDV_LTF_DSL,2020.0,T_D_tkm_ldv_t,le,0.07414118901957177,,,,,,,,TRPHRNB001
NB,T_LDV_LTF_GSL,2000.0,T_D_tkm_ldv_t,le,0.07414118901957177,,,,,,,,TRPHRNB001
NB,T_LDV_LTF_GSL,2005.0,T_D_tkm_ldv_t,le,0.07414118901957177,,,,,,,,TRPHRNB001
NB,T_LDV_LTF_GSL,2010.0,T_D_tkm_ldv_t,le,0.07414118901957177,,,,,,,,TRPHRNB001
NB,T_LDV_LTF_GSL,2015.0,T_D_tkm_ldv_t,le,0.07414118901957177,,,,,,,,TRPHRNB001
NB,T_LDV_LTF_GSL,2020.0,T_D_tkm_ldv_t,le,0.07414118901957177,,,,,,,,TRPHRNB001
NB,T_LDV_LTF_GSL_HEV,2010.0,T_D_tkm_ldv_t,le,0.07414118901957177,,,,,,,,TRPHRNB001
NB,T_LDV_LTF_GSL_HEV,2015.0,T_D_tkm_ldv_t,le,0.07414118901957177,,,,,,,,TRPHRNB001
NB,T_LDV_LTF_GSL_HEV,2020.0,T_D_tkm_ldv_t,le,0.07414118901957177,,,,,,,,TRPHRNB001
NB,T_LDV_LTF_GSL_PHEV35,2015.0,T_D_tkm_ldv_t,le,0.07414118901957177,,,,,,,,TRPHRNB001
NB,T_LDV_LTF_GSL_PHEV35,2020.0,T_D_tkm_ldv_t,le,0.07414118901957177,,,,,,,,TRPHRNB001
NB,T_MDV_T_DSL,2000.0,T_D_tkm_mdv_t,le,0.11510954601778405,,,,,,,,TRPHRNB001
NB,T_MDV_T_DSL,2005.0,T_D_tkm_mdv_t,le,0.11510954601778405,,,,,,,,TRPHRNB001
NB,T_MDV_T_DSL,2010.0,T_D_tkm_mdv_t,le,0.11510954601778405,,,,,,,,TRPHRNB001
NB,T_MDV_T_DSL,2015.0,T_D_tkm_mdv_t,le,0.11510954601778405,,,,,,,,TRPHRNB001
NB,T_MDV_T_DSL,2020.0,T_D_tkm_mdv_t,le,0.11510954601778405,,,,,,,,TRPHRNB001
NB,T_MDV_T_GSL,2000.0,T_D_tkm_mdv_t,le,0.11510954601778405,,,,,,,,TRPHRNB001
NB,T_MDV_T_GSL,2005.0,T_D_tkm_mdv_t,le,0.11510954601778405,,,,,,,,TRPHRNB001
NB,T_MDV_T_GSL,2010.0,T_D_tkm_mdv_t,le,0.11510954601778405,,,,,,,,TRPHRNB001
NB,T_MDV_T_GSL,2015.0,T_D_tkm_mdv_t,le,0.11510954601778405,,,,,,,,TRPHRNB001
NB,T_MDV_T_GSL,2020.0,T_D_tkm_mdv_t,le,0.11510954601778405,,,,,,,,TRPHRNB001
NLLAB,T_LDV_C_BEV150,2010.0,T_D_pkm_ldv_c,le,0.10870195834761542,,,,,,,,TRPHRNLLAB001
NLLAB,T_LDV_C_BEV150,2015.0,T_D_pkm_ldv_c,le,0.10870195834761542,,,,,,,,TRPHRNLLAB001
NLLAB,T_LDV_C_BEV150,2020.0,T_D_pkm_ldv_c,le,0.10870195834761542,,,,,,,,TRPHRNLLAB001
NLLAB,T_LDV_C_DSL,2005.0,T_D_pkm_ldv_c,le,0.10870195834761542,,,,,,,,TRPHRNLLAB001
NLLAB,T_LDV_C_DSL,2010.0,T_D_pkm_ldv_c,le,0.10870195834761542,,,,,,,,TRPHRNLLAB001
NLLAB,T_LDV_C_DSL,2015.0,T_D_pkm_ldv_c,le,0.10870195834761542,,,,,,,,TRPHRNLLAB001
NLLAB,T_LDV_C_DSL,2020.0,T_D_pkm_ldv_c,le,0.10870195834761542,,,,,,,,TRPHRNLLAB001
NLLAB,T_LDV_C_GSL,2005.0,T_D_pkm_ldv_c,le,0.10870195834761542,,,,,,,,TRPHRNLLAB001
NLLAB,T_LDV_C_GSL,2010.0,T_D_pkm_ldv_c,le,0.10870195834761542,,,,,,,,TRPHRNLLAB001
NLLAB,T_LDV_C_GSL,2015.0,T_D_pkm_ldv_c,le,0.10870195834761542,,,,,,,,TRPHRNLLAB001
NLLAB,T_LDV_C_GSL,2020.0,T_D_pkm_ldv_c,le,0.10870195834761542,,,,,,,,TRPHRNLLAB001
NLLAB,T_LDV_C_GSL_HEV,2010.0,T_D_pkm_ldv_c,le,0.10870195834761542,,,,,,,,TRPHRNLLAB001
NLLAB,T_LDV_C_GSL_HEV,2015.0,T_D_pkm_ldv_c,le,0.10870195834761542,,,,,,,,TRPHRNLLAB001
NLLAB,T_LDV_C_GSL_HEV,2020.0,T_D_pkm_ldv_c,le,0.10870195834761542,,,,,,,,TRPHRNLLAB001
NLLAB,T_LDV_C_GSL_PHEV35,2010.0,T_D_pkm_ldv_c,le,0.10870195834761542,,,,,,,,TRPHRNLLAB001
NLLAB,T_LDV_C_GSL_PHEV35,2015.0,T_D_pkm_ldv_c,le,0.10870195834761542,,,,,,,,TRPHRNLLAB001
NLLAB,T_LDV_C_GSL_PHEV35,2020.0,T_D_pkm_ldv_c,le,0.10870195834761542,,,,,,,,TRPHRNLLAB001
NLLAB,T_LDV_LTP_BEV300,2010.0,T_D_pkm_ldv_t,le,0.004677943012055315,,,,,,,,TRPHRNLLAB001
NLLAB,T_LDV_LTP_BEV300,2015.0,T_D_pkm_ldv_t,le,0.004677943012055315,,,,,,,,TRPHRNLLAB001
NLLAB,T_LDV_LTP_BEV300,2020.0,T_D_pkm_ldv_t,le,0.004677943012055315,,,,,,,,TRPHRNLLAB001
NLLAB,T_LDV_LTP_DSL,2000.0,T_D_pkm_ldv_t,le,0.004677943012055315,,,,,,,,TRPHRNLLAB001
NLLAB,T_LDV_LTP_DSL,2005.0,T_D_pkm_ldv_t,le,0.004677943012055315,,,,,,,,TRPHRNLLAB001
NLLAB,T_LDV_LTP_DSL,2010.0,T_D_pkm_ldv_t,le,0.004677943012055315,,,,,,,,TRPHRNLLAB001
NLLAB,T_LDV_LTP_DSL,2015.0,T_D_pkm_ldv_t,le,0.004677943012055315,,,,,,,,TRPHRNLLAB001
NLLAB,T_LDV_LTP_DSL,2020.0,T_D_pkm_ldv_t,le,0.004677943012055315,,,,,,,,TRPHRNLLAB001
NLLAB,T_LDV_LTP_GSL,2000.0,T_D_pkm_ldv_t,le,0.004677943012055315,,,,,,,,TRPHRNLLAB001
NLLAB,T_LDV_LTP_GSL,2005.0,T_D_pkm_ldv_t,le,0.004677943012055315,,,,,,,,TRPHRNLLAB001
NLLAB,T_LDV_LTP_GSL,2010.0,T_D_pkm_ldv_t,le,0.004677943012055315,,,,,,,,TRPHRNLLAB001
NLLAB,T_LDV_LTP_GSL,2015.0,T_D_pkm_ldv_t,le,0.004677943012055315,,,,,,,,TRPHRNLLAB001
NLLAB,T_LDV_LTP_GSL,2020.0,T_D_pkm_ldv_t,le,0.004677943012055315,,,,,,,,TRPHRNLLAB001
NLLAB,T_LDV_LTP_GSL_HEV,2010.0,T_D_pkm_ldv_t,le,0.004677943012055315,,,,,,,,TRPHRNLLAB001
NLLAB,T_LDV_LTP_GSL_HEV,2015.0,T_D_pkm_ldv_t,le,0.004677943012055315,,,,,,,,TRPHRNLLAB001
NLLAB,T_LDV_LTP_GSL_HEV,2020.0,T_D_pkm_ldv_t,le,0.004677943012055315,,,,,,,,TRPHRNLLAB001
NLLAB,T_LDV_LTP_GSL_PHEV35,2010.0,T_D_pkm_ldv_t,le,0.004677943012055315,,,,,,,,TRPHRNLLAB001
NLLAB,T_LDV_LTP_GSL_PHEV35,2015.0,T_D_pkm_ldv_t,le,0.004677943012055315,,,,,,,,TRPHRNLLAB001
NLLAB,T_LDV_LTP_GSL_PHEV35,2020.0,T_D_pkm_ldv_t,le,0.004677943012055315,,,,,,,,TRPHRNLLAB001
NLLAB,T_HDV_T_DSL,2000.0,T_D_tkm_hdv_t,le,0.46384369365138634,,,,,,,,TRPHRNLLAB001
NLLAB,T_HDV_T_DSL,2005.0,T_D_tkm_hdv_t,le,0.46384369365138634,,,,,,,,TRPHRNLLAB001
NLLAB,T_HDV_T_DSL,2010.0,T_D_tkm_hdv_t,le,0.46384369365138634,,,,,,,,TRPHRNLLAB001
NLLAB,T_HDV_T_DSL,2015.0,T_D_tkm_hdv_t,le,0.46384369365138634,,,,,,,,TRPHRNLLAB001
NLLAB,T_HDV_T_DSL,2020.0,T_D_tkm_hdv_t,le,0.46384369365138634,,,,,,,,TRPHRNLLAB001
NLLAB,T_LDV_LTF_DSL,2000.0,T_D_tkm_ldv_t,le,0.0738973037844504,,,,,,,,TRPHRNLLAB001
NLLAB,T_LDV_LTF_DSL,2005.0,T_D_tkm_ldv_t,le,0.0738973037844504,,,,,,,,TRPHRNLLAB001
NLLAB,T_LDV_LTF_DSL,2010.0,T_D_tkm_ldv_t,le,0.0738973037844504,,,,,,,,TRPHRNLLAB001
NLLAB,T_LDV_LTF_DSL,2015.0,T_D_tkm_ldv_t,le,0.0738973037844504,,,,,,,,TRPHRNLLAB001
NLLAB,T_LDV_LTF_DSL,2020.0,T_D_tkm_ldv_t,le,0.0738973037844504,,,,,,,,TRPHRNLLAB001
NLLAB,T_LDV_LTF_GSL,2000.0,T_D_tkm_ldv_t,le,0.0738973037844504,,,,,,,,TRPHRNLLAB001
NLLAB,T_LDV_LTF_GSL,2005.0,T_D_tkm_ldv_t,le,0.0738973037844504,,,,,,,,TRPHRNLLAB001
NLLAB,T_LDV_LTF_GSL,2010.0,T_D_tkm_ldv_t,le,0.0738973037844504,,,,,,,,TRPHRNLLAB001
NLLAB,T_LDV_LTF_GSL,2015.0,T_D_tkm_ldv_t,le,0.0738973037844504,,,,,,,,TRPHRNLLAB001
NLLAB,T_LDV_LTF_GSL,2020.0,T_D_tkm_ldv_t,le,0.0738973037844504,,,,,,,,TRPHRNLLAB001
NLLAB,T_LDV_LTF_GSL_HEV,2010.0,T_D_tkm_ldv_t,le,0.0738973037844504,,,,,,,,TRPHRNLLAB001
NLLAB,T_LDV_LTF_GSL_HEV,2015.0,T_D_tkm_ldv_t,le,0.0738973037844504,,,,,,,,TRPHRNLLAB001
NLLAB,T_LDV_LTF_GSL_HEV,2020.0,T_D_tkm_ldv_t,le,0.0738973037844504,,,,,,,,TRPHRNLLAB001
NLLAB,T_LDV_LTF_GSL_PHEV35,2015.0,T_D_tkm_ldv_t,le,0.0738973037844504,,,,,,,,TRPHRNLLAB001
NLLAB,T_LDV_LTF_GSL_PHEV35,2020.0,T_D_tkm_ldv_t,le,0.0738973037844504,,,,,,,,TRPHRNLLAB001
NLLAB,T_MDV_T_DSL,2000.0,T_D_tkm_mdv_t,le,0.1486453232721933,,,,,,,,TRPHRNLLAB001
NLLAB,T_MDV_T_DSL,2005.0,T_D_tkm_mdv_t,le,0.1486453232721933,,,,,,,,TRPHRNLLAB001
NLLAB,T_MDV_T_DSL,2010.0,T_D_tkm_mdv_t,le,0.1486453232721933,,,,,,,,TRPHRNLLAB001
NLLAB,T_MDV_T_DSL,2015.0,T_D_tkm_mdv_t,le,0.1486453232721933,,,,,,,,TRPHRNLLAB001
NLLAB,T_MDV_T_DSL,2020.0,T_D_tkm_mdv_t,le,0.1486453232721933,,,,,,,,TRPHRNLLAB001
NLLAB,T_MDV_T_GSL,2000.0,T_D_tkm_mdv_t,le,0.1486453232721933,,,,,,,,TRPHRNLLAB001
NLLAB,T_MDV_T_GSL,2005.0,T_D_tkm_mdv_t,le,0.1486453232721933,,,,,,,,TRPHRNLLAB001
NLLAB,T_MDV_T_GSL,2010.0,T_D_tkm_mdv_t,le,0.1486453232721933,,,,,,,,TRPHRNLLAB001
NLLAB,T_MDV_T_GSL,2015.0,T_D_tkm_mdv_t,le,0.1486453232721933,,,,,,,,TRPHRNLLAB001
NLLAB,T_MDV_T_GSL,2020.0,T_D_tkm_mdv_t,le,0.1486453232721933,,,,,,,,TRPHRNLLAB001
NS,T_LDV_C_BEV150,2010.0,T_D_pkm_ldv_c,le,0.006799620320559478,,,,,,,,TRPHRNS001
NS,T_LDV_C_BEV150,2015.0,T_D_pkm_ldv_c,le,0.006799620320559478,,,,,,,,TRPHRNS001
NS,T_LDV_C_BEV150,2020.0,T_D_pkm_ldv_c,le,0.006799620320559478,,,,,,,,TRPHRNS001
NS,T_LDV_C_DSL,2005.0,T_D_pkm_ldv_c,le,0.006799620320559478,,,,,,,,TRPHRNS001
NS,T_LDV_C_DSL,2010.0,T_D_pkm_ldv_c,le,0.006799620320559478,,,,,,,,TRPHRNS001
NS,T_LDV_C_DSL,2015.0,T_D_pkm_ldv_c,le,0.006799620320559478,,,,,,,,TRPHRNS001
NS,T_LDV_C_DSL,2020.0,T_D_pkm_ldv_c,le,0.006799620320559478,,,,,,,,TRPHRNS001
NS,T_LDV_C_GSL,2005.0,T_D_pkm_ldv_c,le,0.006799620320559478,,,,,,,,TRPHRNS001
NS,T_LDV_C_GSL,2010.0,T_D_pkm_ldv_c,le,0.006799620320559478,,,,,,,,TRPHRNS001
NS,T_LDV_C_GSL,2015.0,T_D_pkm_ldv_c,le,0.006799620320559478,,,,,,,,TRPHRNS001
NS,T_LDV_C_GSL,2020.0,T_D_pkm_ldv_c,le,0.006799620320559478,,,,,,,,TRPHRNS001
NS,T_LDV_C_GSL_HEV,2010.0,T_D_pkm_ldv_c,le,0.006799620320559478,,,,,,,,TRPHRNS001
NS,T_LDV_C_GSL_HEV,2015.0,T_D_pkm_ldv_c,le,0.006799620320559478,,,,,,,,TRPHRNS001
NS,T_LDV_C_GSL_HEV,2020.0,T_D_pkm_ldv_c,le,0.006799620320559478,,,,,,,,TRPHRNS001
NS,T_LDV_C_GSL_PHEV35,2010.0,T_D_pkm_ldv_c,le,0.006799620320559478,,,,,,,,TRPHRNS001
NS,T_LDV_C_GSL_PHEV35,2015.0,T_D_pkm_ldv_c,le,0.006799620320559478,,,,,,,,TRPHRNS001
NS,T_LDV_C_GSL_PHEV35,2020.0,T_D_pkm_ldv_c,le,0.006799620320559478,,,,,,,,TRPHRNS001
NS,T_LDV_LTP_BEV300,2010.0,T_D_pkm_ldv_t,le,0.013360958159871612,,,,,,,,TRPHRNS001
NS,T_LDV_LTP_BEV300,2015.0,T_D_pkm_ldv_t,le,0.013360958159871612,,,,,,,,TRPHRNS001
NS,T_LDV_LTP_BEV300,2020.0,T_D_pkm_ldv_t,le,0.013360958159871612,,,,,,,,TRPHRNS001
NS,T_LDV_LTP_DSL,2000.0,T_D_pkm_ldv_t,le,0.013360958159871612,,,,,,,,TRPHRNS001
NS,T_LDV_LTP_DSL,2005.0,T_D_pkm_ldv_t,le,0.013360958159871612,,,,,,,,TRPHRNS001
NS,T_LDV_LTP_DSL,2010.0,T_D_pkm_ldv_t,le,0.013360958159871612,,,,,,,,TRPHRNS001
NS,T_LDV_LTP_DSL,2015.0,T_D_pkm_ldv_t,le,0.013360958159871612,,,,,,,,TRPHRNS001
NS,T_LDV_LTP_DSL,2020.0,T_D_pkm_ldv_t,le,0.013360958159871612,,,,,,,,TRPHRNS001
NS,T_LDV_LTP_GSL,2000.0,T_D_pkm_ldv_t,le,0.013360958159871612,,,,,,,,TRPHRNS001
NS,T_LDV_LTP_GSL,2005.0,T_D_pkm_ldv_t,le,0.013360958159871612,,,,,,,,TRPHRNS001
NS,T_LDV_LTP_GSL,2010.0,T_D_pkm_ldv_t,le,0.013360958159871612,,,,,,,,TRPHRNS001
NS,T_LDV_LTP_GSL,2015.0,T_D_pkm_ldv_t,le,0.013360958159871612,,,,,,,,TRPHRNS001
NS,T_LDV_LTP_GSL,2020.0,T_D_pkm_ldv_t,le,0.013360958159871612,,,,,,,,TRPHRNS001
NS,T_LDV_LTP_GSL_HEV,2010.0,T_D_pkm_ldv_t,le,0.013360958159871612,,,,,,,,TRPHRNS001
NS,T_LDV_LTP_GSL_HEV,2015.0,T_D_pkm_ldv_t,le,0.013360958159871612,,,,,,,,TRPHRNS001
NS,T_LDV_LTP_GSL_HEV,2020.0,T_D_pkm_ldv_t,le,0.013360958159871612,,,,,,,,TRPHRNS001
NS,T_LDV_LTP_GSL_PHEV35,2010.0,T_D_pkm_ldv_t,le,0.013360958159871612,,,,,,,,TRPHRNS001
NS,T_LDV_LTP_GSL_PHEV35,2015.0,T_D_pkm_ldv_t,le,0.013360958159871612,,,,,,,,TRPHRNS001
NS,T_LDV_LTP_GSL_PHEV35,2020.0,T_D_pkm_ldv_t,le,0.013360958159871612,,,,,,,,TRPHRNS001
NS,T_HDV_T_DSL,2000.0,T_D_tkm_hdv_t,le,0.2153226832578337,,,,,,,,TRPHRNS001
NS,T_HDV_T_DSL,2005.0,T_D_tkm_hdv_t,le,0.2153226832578337,,,,,,,,TRPHRNS001
NS,T_HDV_T_DSL,2010.0,T_D_tkm_hdv_t,le,0.2153226832578337,,,,,,,,TRPHRNS001
NS,T_HDV_T_DSL,2015.0,T_D_tkm_hdv_t,le,0.2153226832578337,,,,,,,,TRPHRNS001
NS,T_HDV_T_DSL,2020.0,T_D_tkm_hdv_t,le,0.2153226832578337,,,,,,,,TRPHRNS001
NS,T_LDV_LTF_DSL,2000.0,T_D_tkm_ldv_t,le,0.07448070512276415,,,,,,,,TRPHRNS001
NS,T_LDV_LTF_DSL,2005.0,T_D_tkm_ldv_t,le,0.07448070512276415,,,,,,,,TRPHRNS001
NS,T_LDV_LTF_DSL,2010.0,T_D_tkm_ldv_t,le,0.07448070512276415,,,,,,,,TRPHRNS001
NS,T_LDV_LTF_DSL,2015.0,T_D_tkm_ldv_t,le,0.07448070512276415,,,,,,,,TRPHRNS001
NS,T_LDV_LTF_DSL,2020.0,T_D_tkm_ldv_t,le,0.07448070512276415,,,,,,,,TRPHRNS001
NS,T_LDV_LTF_GSL,2000.0,T_D_tkm_ldv_t,le,0.07448070512276415,,,,,,,,TRPHRNS001
NS,T_LDV_LTF_GSL,2005.0,T_D_tkm_ldv_t,le,0.07448070512276415,,,,,,,,TRPHRNS001
NS,T_LDV_LTF_GSL,2010.0,T_D_tkm_ldv_t,le,0.07448070512276415,,,,,,,,TRPHRNS001
NS,T_LDV_LTF_GSL,2015.0,T_D_tkm_ldv_t,le,0.07448070512276415,,,,,,,,TRPHRNS001
NS,T_LDV_LTF_GSL,2020.0,T_D_tkm_ldv_t,le,0.07448070512276415,,,,,,,,TRPHRNS001
NS,T_LDV_LTF_GSL_HEV,2010.0,T_D_tkm_ldv_t,le,0.07448070512276415,,,,,,,,TRPHRNS001
NS,T_LDV_LTF_GSL_HEV,2015.0,T_D_tkm_ldv_t,le,0.07448070512276415,,,,,,,,TRPHRNS001
NS,T_LDV_LTF_GSL_HEV,2020.0,T_D_tkm_ldv_t,le,0.07448070512276415,,,,,,,,TRPHRNS001
NS,T_LDV_LTF_GSL_PHEV35,2015.0,T_D_tkm_ldv_t,le,0.07448070512276415,,,,,,,,TRPHRNS001
NS,T_LDV_LTF_GSL_PHEV35,2020.0,T_D_tkm_ldv_t,le,0.07448070512276415,,,,,,,,TRPHRNS001
NS,T_MDV_T_DSL,2000.0,T_D_tkm_mdv_t,le,0.08487157622362251,,,,,,,,TRPHRNS001
NS,T_MDV_T_DSL,2005.0,T_D_tkm_mdv_t,le,0.08487157622362251,,,,,,,,TRPHRNS001
NS,T_MDV_T_DSL,2010.0,T_D_tkm_mdv_t,le,0.08487157622362251,,,,,,,,TRPHRNS001
NS,T_MDV_T_DSL,2015.0,T_D_tkm_mdv_t,le,0.08487157622362251,,,,,,,,TRPHRNS001
NS,T_MDV_T_DSL,2020.0,T_D_tkm_mdv_t,le,0.08487157622362251,,,,,,,,TRPHRNS001
NS,T_MDV_T_GSL,2000.0,T_D_tkm_mdv_t,le,0.08487157622362251,,,,,,,,TRPHRNS001
NS,T_MDV_T_GSL,2005.0,T_D_tkm_mdv_t,le,0.08487157622362251,,,,,,,,TRPHRNS001
NS,T_MDV_T_GSL,2010.0,T_D_tkm_mdv_t,le,0.08487157622362251,,,,,,,,TRPHRNS001
NS,T_MDV_T_GSL,2015.0,T_D_tkm_mdv_t,le,0.08487157622362251,,,,,,,,TRPHRNS001
NS,T_MDV_T_GSL,2020.0,T_D_tkm_mdv_t,le,0.08487157622362251,,,,,,,,TRPHRNS001
ON,T_LDV_C_BEV150,2010.0,T_D_pkm_ldv_c,le,0.04009141741248517,,,,,,,,TRPHRON001
ON,T_LDV_C_BEV150,2015.0,T_D_pkm_ldv_c,le,0.04009141741248517,,,,,,,,TRPHRON001
ON,T_LDV_C_BEV150,2020.0,T_D_pkm_ldv_c,le,0.04009141741248517,,,,,,,,TRPHRON001
ON,T_LDV_C_DSL,2005.0,T_D_pkm_ldv_c,le,0.04009141741248517,,,,,,,,TRPHRON001
ON,T_LDV_C_DSL,2010.0,T_D_pkm_ldv_c,le,0.04009141741248517,,,,,,,,TRPHRON001
ON,T_LDV_C_DSL,2015.0,T_D_pkm_ldv_c,le,0.04009141741248517,,,,,,,,TRPHRON001
ON,T_LDV_C_DSL,2020.0,T_D_pkm_ldv_c,le,0.04009141741248517,,,,,,,,TRPHRON001
ON,T_LDV_C_GSL,2005.0,T_D_pkm_ldv_c,le,0.04009141741248517,,,,,,,,TRPHRON001
ON,T_LDV_C_GSL,2010.0,T_D_pkm_ldv_c,le,0.04009141741248517,,,,,,,,TRPHRON001
ON,T_LDV_C_GSL,2015.0,T_D_pkm_ldv_c,le,0.04009141741248517,,,,,,,,TRPHRON001
ON,T_LDV_C_GSL,2020.0,T_D_pkm_ldv_c,le,0.04009141741248517,,,,,,,,TRPHRON001
ON,T_LDV_C_GSL_HEV,2010.0,T_D_pkm_ldv_c,le,0.04009141741248517,,,,,,,,TRPHRON001
ON,T_LDV_C_GSL_HEV,2015.0,T_D_pkm_ldv_c,le,0.04009141741248517,,,,,,,,TRPHRON001
ON,T_LDV_C_GSL_HEV,2020.0,T_D_pkm_ldv_c,le,0.04009141741248517,,,,,,,,TRPHRON001
ON,T_LDV_C_GSL_PHEV35,2010.0,T_D_pkm_ldv_c,le,0.04009141741248517,,,,,,,,TRPHRON001
ON,T_LDV_C_GSL_PHEV35,2015.0,T_D_pkm_ldv_c,le,0.04009141741248517,,,,,,,,TRPHRON001
ON,T_LDV_C_GSL_PHEV35,2020.0,T_D_pkm_ldv_c,le,0.04009141741248517,,,,,,,,TRPHRON001
ON,T_LDV_LTP_BEV300,2010.0,T_D_pkm_ldv_t,le,0.019613968316736303,,,,,,,,TRPHRON001
ON,T_LDV_LTP_BEV300,2015.0,T_D_pkm_ldv_t,le,0.019613968316736303,,,,,,,,TRPHRON001
ON,T_LDV_LTP_BEV300,2020.0,T_D_pkm_ldv_t,le,0.019613968316736303,,,,,,,,TRPHRON001
ON,T_LDV_LTP_DSL,2000.0,T_D_pkm_ldv_t,le,0.019613968316736303,,,,,,,,TRPHRON001
ON,T_LDV_LTP_DSL,2005.0,T_D_pkm_ldv_t,le,0.019613968316736303,,,,,,,,TRPHRON001
ON,T_LDV_LTP_DSL,2010.0,T_D_pkm_ldv_t,le,0.019613968316736303,,,,,,,,TRPHRON001
ON,T_LDV_LTP_DSL,2015.0,T_D_pkm_ldv_t,le,0.019613968316736303,,,,,,,,TRPHRON001
ON,T_LDV_LTP_DSL,2020.0,T_D_pkm_ldv_t,le,0.019613968316736303,,,,,,,,TRPHRON001
ON,T_LDV_LTP_GSL,2000.0,T_D_pkm_ldv_t,le,0.019613968316736303,,,,,,,,TRPHRON001
ON,T_LDV_LTP_GSL,2005.0,T_D_pkm_ldv_t,le,0.019613968316736303,,,,,,,,TRPHRON001
ON,T_LDV_LTP_GSL,2010.0,T_D_pkm_ldv_t,le,0.019613968316736303,,,,,,,,TRPHRON001
ON,T_LDV_LTP_GSL,2015.0,T_D_pkm_ldv_t,le,0.019613968316736303,,,,,,,,TRPHRON001
ON,T_LDV_LTP_GSL,2020.0,T_D_pkm_ldv_t,le,0.019613968316736303,,,,,,,,TRPHRON001
ON,T_LDV_LTP_GSL_HEV,2010.0,T_D_pkm_ldv_t,le,0.019613968316736303,,,,,,,,TRPHRON001
ON,T_LDV_LTP_GSL_HEV,2015.0,T_D_pkm_ldv_t,le,0.019613968316736303,,,,,,,,TRPHRON001
ON,T_LDV_LTP_GSL_HEV,2020.0,T_D_pkm_ldv_t,le,0.019613968316736303,,,,,,,,TRPHRON001
ON,T_LDV_LTP_GSL_PHEV35,2010.0,T_D_pkm_ldv_t,le,0.019613968316736303,,,,,,,,TRPHRON001
ON,T_LDV_LTP_GSL_PHEV35,2015.0,T_D_pkm_ldv_t,le,0.019613968316736303,,,,,,,,TRPHRON001
ON,T_LDV_LTP_GSL_PHEV35,2020.0,T_D_pkm_ldv_t,le,0.019613968316736303,,,,,,,,TRPHRON001
ON,T_HDV_T_DSL,2000.0,T_D_tkm_hdv_t,le,0.06119218746667592,,,,,,,,TRPHRON001
ON,T_HDV_T_DSL,2005.0,T_D_tkm_hdv_t,le,0.06119218746667592,,,,,,,,TRPHRON001
ON,T_HDV_T_DSL,2010.0,T_D_tkm_hdv_t,le,0.06119218746667592,,,,,,,,TRPHRON001
ON,T_HDV_T_DSL,2015.0,T_D_tkm_hdv_t,le,0.06119218746667592,,,,,,,,TRPHRON001
ON,T_HDV_T_DSL,2020.0,T_D_tkm_hdv_t,le,0.06119218746667592,,,,,,,,TRPHRON001
ON,T_LDV_LTF_DSL,2000.0,T_D_tkm_ldv_t,le,0.03783729461513036,,,,,,,,TRPHRON001
ON,T_LDV_LTF_DSL,2005.0,T_D_tkm_ldv_t,le,0.03783729461513036,,,,,,,,TRPHRON001
ON,T_LDV_LTF_DSL,2010.0,T_D_tkm_ldv_t,le,0.03783729461513036,,,,,,,,TRPHRON001
ON,T_LDV_LTF_DSL,2015.0,T_D_tkm_ldv_t,le,0.03783729461513036,,,,,,,,TRPHRON001
ON,T_LDV_LTF_DSL,2020.0,T_D_tkm_ldv_t,le,0.03783729461513036,,,,,,,,TRPHRON001
ON,T_LDV_LTF_GSL,2000.0,T_D_tkm_ldv_t,le,0.03783729461513036,,,,,,,,TRPHRON001
ON,T_LDV_LTF_GSL,2005.0,T_D_tkm_ldv_t,le,0.03783729461513036,,,,,,,,TRPHRON001
ON,T_LDV_LTF_GSL,2010.0,T_D_tkm_ldv_t,le,0.03783729461513036,,,,,,,,TRPHRON001
ON,T_LDV_LTF_GSL,2015.0,T_D_tkm_ldv_t,le,0.03783729461513036,,,,,,,,TRPHRON001
ON,T_LDV_LTF_GSL,2020.0,T_D_tkm_ldv_t,le,0.03783729461513036,,,,,,,,TRPHRON001
ON,T_LDV_LTF_GSL_HEV,2010.0,T_D_tkm_ldv_t,le,0.03783729461513036,,,,,,,,TRPHRON001
ON,T_LDV_LTF_GSL_HEV,2015.0,T_D_tkm_ldv_t,le,0.03783729461513036,,,,,,,,TRPHRON001
ON,T_LDV_LTF_GSL_HEV,2020.0,T_D_tkm_ldv_t,le,0.03783729461513036,,,,,,,,TRPHRON001
ON,T_LDV_LTF_GSL_PHEV35,2015.0,T_D_tkm_ldv_t,le,0.03783729461513036,,,,,,,,TRPHRON001
ON,T_LDV_LTF_GSL_PHEV35,2020.0,T_D_tkm_ldv_t,le,0.03783729461513036,,,,,,,,TRPHRON001
ON,T_MDV_T_DSL,2000.0,T_D_tkm_mdv_t,le,0.01302548705021047,,,,,,,,TRPHRON001
ON,T_MDV_T_DSL,2005.0,T_D_tkm_mdv_t,le,0.01302548705021047,,,,,,,,TRPHRON001
ON,T_MDV_T_DSL,2010.0,T_D_tkm_mdv_t,le,0.01302548705021047,,,,,,,,TRPHRON001
ON,T_MDV_T_DSL,2015.0,T_D_tkm_mdv_t,le,0.01302548705021047,,,,,,,,TRPHRON001
ON,T_MDV_T_DSL,2020.0,T_D_tkm_mdv_t,le,0.01302548705021047,,,,,,,,TRPHRON001
ON,T_MDV_T_GSL,2000.0,T_D_tkm_mdv_t,le,0.01302548705021047,,,,,,,,TRPHRON001
ON,T_MDV_T_GSL,2005.0,T_D_tkm_mdv_t,le,0.01302548705021047,,,,,,,,TRPHRON001
ON,T_MDV_T_GSL,2010.0,T_D_tkm_mdv_t,le,0.01302548705021047,,,,,,,,TRPHRON001
ON,T_MDV_T_GSL,2015.0,T_D_tkm_mdv_t,le,0.01302548705021047,,,,,,,,TRPHRON001
ON,T_MDV_T_GSL,2020.0,T_D_tkm_mdv_t,le,0.01302548705021047,,,,,,,,TRPHRON001
PEI,T_LDV_C_BEV150,2010.0,T_D_pkm_ldv_c,le,0.4049747493305076,,,,,,,,TRPHRPEI001
PEI,T_LDV_C_BEV150,2015.0,T_D_pkm_ldv_c,le,0.4049747493305076,,,,,,,,TRPHRPEI001
PEI,T_LDV_C_BEV150,2020.0,T_D_pkm_ldv_c,le,0.4049747493305076,,,,,,,,TRPHRPEI001
PEI,T_LDV_C_DSL,2005.0,T_D_pkm_ldv_c,le,0.4049747493305076,,,,,,,,TRPHRPEI001
PEI,T_LDV_C_DSL,2010.0,T_D_pkm_ldv_c,le,0.4049747493305076,,,,,,,,TRPHRPEI001
PEI,T_LDV_C_DSL,2015.0,T_D_pkm_ldv_c,le,0.4049747493305076,,,,,,,,TRPHRPEI001
PEI,T_LDV_C_DSL,2020.0,T_D_pkm_ldv_c,le,0.4049747493305076,,,,,,,,TRPHRPEI001
PEI,T_LDV_C_GSL,2005.0,T_D_pkm_ldv_c,le,0.4049747493305076,,,,,,,,TRPHRPEI001
PEI,T_LDV_C_GSL,2010.0,T_D_pkm_ldv_c,le,0.4049747493305076,,,,,,,,TRPHRPEI001
PEI,T_LDV_C_GSL,2015.0,T_D_pkm_ldv_c,le,0.4049747493305076,,,,,,,,TRPHRPEI001
PEI,T_LDV_C_GSL,2020.0,T_D_pkm_ldv_c,le,0.4049747493305076,,,,,,,,TRPHRPEI001
PEI,T_LDV_C_GSL_HEV,2010.0,T_D_pkm_ldv_c,le,0.4049747493305076,,,,,,,,TRPHRPEI001
PEI,T_LDV_C_GSL_HEV,2015.0,T_D_pkm_ldv_c,le,0.4049747493305076,,,,,,,,TRPHRPEI001
PEI,T_LDV_C_GSL_HEV,2020.0,T_D_pkm_ldv_c,le,0.4049747493305076,,,,,,,,TRPHRPEI001
PEI,T_LDV_C_GSL_PHEV35,2010.0,T_D_pkm_ldv_c,le,0.4049747493305076,,,,,,,,TRPHRPEI001
PEI,T_LDV_C_GSL_PHEV35,2015.0,T_D_pkm_ldv_c,le,0.4049747493305076,,,,,,,,TRPHRPEI001
PEI,T_LDV_C_GSL_PHEV35,2020.0,T_D_pkm_ldv_c,le,0.4049747493305076,,,,,,,,TRPHRPEI001
PEI,T_LDV_LTP_BEV300,2010.0,T_D_pkm_ldv_t,le,0.21552393005300158,,,,,,,,TRPHRPEI001
PEI,T_LDV_LTP_BEV300,2015.0,T_D_pkm_ldv_t,le,0.21552393005300158,,,,,,,,TRPHRPEI001
PEI,T_LDV_LTP_BEV300,2020.0,T_D_pkm_ldv_t,le,0.21552393005300158,,,,,,,,TRPHRPEI001
PEI,T_LDV_LTP_DSL,2000.0,T_D_pkm_ldv_t,le,0.21552393005300158,,,,,,,,TRPHRPEI001
PEI,T_LDV_LTP_DSL,2005.0,T_D_pkm_ldv_t,le,0.21552393005300158,,,,,,,,TRPHRPEI001
PEI,T_LDV_LTP_DSL,2010.0,T_D_pkm_ldv_t,le,0.21552393005300158,,,,,,,,TRPHRPEI001
PEI,T_LDV_LTP_DSL,2015.0,T_D_pkm_ldv_t,le,0.21552393005300158,,,,,,,,TRPHRPEI001
PEI,T_LDV_LTP_DSL,2020.0,T_D_pkm_ldv_t,le,0.21552393005300158,,,,,,,,TRPHRPEI001
PEI,T_LDV_LTP_GSL,2000.0,T_D_pkm_ldv_t,le,0.21552393005300158,,,,,,,,TRPHRPEI001
PEI,T_LDV_LTP_GSL,2005.0,T_D_pkm_ldv_t,le,0.21552393005300158,,,,,,,,TRPHRPEI001
PEI,T_LDV_LTP_GSL,2010.0,T_D_pkm_ldv_t,le,0.21552393005300158,,,,,,,,TRPHRPEI001
PEI,T_LDV_LTP_GSL,2015.0,T_D_pkm_ldv_t,le,0.21552393005300158,,,,,,,,TRPHRPEI001
PEI,T_LDV_LTP_GSL,2020.0,T_D_pkm_ldv_t,le,0.21552393005300158,,,,,,,,TRPHRPEI001
PEI,T_LDV_LTP_GSL_HEV,2010.0,T_D_pkm_ldv_t,le,0.21552393005300158,,,,,,,,TRPHRPEI001
PEI,T_LDV_LTP_GSL_HEV,2015.0,T_D_pkm_ldv_t,le,0.21552393005300158,,,,,,,,TRPHRPEI001
PEI,T_LDV_LTP_GSL_HEV,2020.0,T_D_pkm_ldv_t,le,0.21552393005300158,,,,,,,,TRPHRPEI001
PEI,T_LDV_LTP_GSL_PHEV35,2010.0,T_D_pkm_ldv_t,le,0.21552393005300158,,,,,,,,TRPHRPEI001
PEI,T_LDV_LTP_GSL_PHEV35,2015.0,T_D_pkm_ldv_t,le,0.21552393005300158,,,,,,,,TRPHRPEI001
PEI,T_LDV_LTP_GSL_PHEV35,2020.0,T_D_pkm_ldv_t,le,0.21552393005300158,,,,,,,,TRPHRPEI001
PEI,T_HDV_T_DSL,2000.0,T_D_tkm_hdv_t,le,0.9596597776167145,,,,,,,,TRPHRPEI001
PEI,T_HDV_T_DSL,2005.0,T_D_tkm_hdv_t,le,0.9596597776167145,,,,,,,,TRPHRPEI001
PEI,T_HDV_T_DSL,2010.0,T_D_tkm_hdv_t,le,0.9596597776167145,,,,,,,,TRPHRPEI001
PEI,T_HDV_T_DSL,2015.0,T_D_tkm_hdv_t,le,0.9596597776167145,,,,,,,,TRPHRPEI001
PEI,T_HDV_T_DSL,2020.0,T_D_tkm_hdv_t,le,0.9596597776167145,,,,,,,,TRPHRPEI001
PEI,T_LDV_LTF_DSL,2000.0,T_D_tkm_ldv_t,le,0.27275010069614614,,,,,,,,TRPHRPEI001
PEI,T_LDV_LTF_DSL,2005.0,T_D_tkm_ldv_t,le,0.27275010069614614,,,,,,,,TRPHRPEI001
PEI,T_LDV_LTF_DSL,2010.0,T_D_tkm_ldv_t,le,0.27275010069614614,,,,,,,,TRPHRPEI001
PEI,T_LDV_LTF_DSL,2015.0,T_D_tkm_ldv_t,le,0.27275010069614614,,,,,,,,TRPHRPEI001
PEI,T_LDV_LTF_DSL,2020.0,T_D_tkm_ldv_t,le,0.27275010069614614,,,,,,,,TRPHRPEI001
PEI,T_LDV_LTF_GSL,2000.0,T_D_tkm_ldv_t,le,0.27275010069614614,,,,,,,,TRPHRPEI001
PEI,T_LDV_LTF_GSL,2005.0,T_D_tkm_ldv_t,le,0.27275010069614614,,,,,,,,TRPHRPEI001
PEI,T_LDV_LTF_GSL,2010.0,T_D_tkm_ldv_t,le,0.27275010069614614,,,,,,,,TRPHRPEI001
PEI,T_LDV_LTF_GSL,2015.0,T_D_tkm_ldv_t,le,0.27275010069614614,,,,,,,,TRPHRPEI001
PEI,T_LDV_LTF_GSL,2020.0,T_D_tkm_ldv_t,le,0.27275010069614614,,,,,,,,TRPHRPEI001
PEI,T_LDV_LTF_GSL_HEV,2010.0,T_D_tkm_ldv_t,le,0.27275010069614614,,,,,,,,TRPHRPEI001
PEI,T_LDV_LTF_GSL_HEV,2015.0,T_D_tkm_ldv_t,le,0.27275010069614614,,,,,,,,TRPHRPEI001
PEI,T_LDV_LTF_GSL_HEV,2020.0,T_D_tkm_ldv_t,le,0.27275010069614614,,,,,,,,TRPHRPEI001
PEI,T_LDV_LTF_GSL_PHEV35,2015.0,T_D_tkm_ldv_t,le,0.27275010069614614,,,,,,,,TRPHRPEI001
PEI,T_LDV_LTF_GSL_PHEV35,2020.0,T_D_tkm_ldv_t,le,0.27275010069614614,,,,,,,,TRPHRPEI001
PEI,T_MDV_T_DSL,2000.0,T_D_tkm_mdv_t,le,0.6644301145031295,,,,,,,,TRPHRPEI001
PEI,T_MDV_T_DSL,2005.0,T_D_tkm_mdv_t,le,0.6644301145031295,,,,,,,,TRPHRPEI001
PEI,T_MDV_T_DSL,2010.0,T_D_tkm_mdv_t,le,0.6644301145031295,,,,,,,,TRPHRPEI001
PEI,T_MDV_T_DSL,2015.0,T_D_tkm_mdv_t,le,0.6644301145031295,,,,,,,,TRPHRPEI001
PEI,T_MDV_T_DSL,2020.0,T_D_tkm_mdv_t,le,0.6644301145031295,,,,,,,,TRPHRPEI001
PEI,T_MDV_T_GSL,2000.0,T_D_tkm_mdv_t,le,0.6644301145031295,,,,,,,,TRPHRPEI001
PEI,T_MDV_T_GSL,2005.0,T_D_tkm_mdv_t,le,0.6644301145031295,,,,,,,,TRPHRPEI001
PEI,T_MDV_T_GSL,2010.0,T_D_tkm_mdv_t,le,0.6644301145031295,,,,,,,,TRPHRPEI001
PEI,T_MDV_T_GSL,2015.0,T_D_tkm_mdv_t,le,0.6644301145031295,,,,,,,,TRPHRPEI001
PEI,T_MDV_T_GSL,2020.0,T_D_tkm_mdv_t,le,0.6644301145031295,,,,,,,,TRPHRPEI001
QC,T_LDV_C_BEV150,2010.0,T_D_pkm_ldv_c,le,0.029978041602779955,,,,,,,,TRPHRQC001
QC,T_LDV_C_BEV150,2015.0,T_D_pkm_ldv_c,le,0.029978041602779955,,,,,,,,TRPHRQC001
QC,T_LDV_C_BEV150,2020.0,T_D_pkm_ldv_c,le,0.029978041602779955,,,,,,,,TRPHRQC001
QC,T_LDV_C_DSL,2005.0,T_D_pkm_ldv_c,le,0.029978041602779955,,,,,,,,TRPHRQC001
QC,T_LDV_C_DSL,2010.0,T_D_pkm_ldv_c,le,0.029978041602779955,,,,,,,,TRPHRQC001
QC,T_LDV_C_DSL,2015.0,T_D_pkm_ldv_c,le,0.029978041602779955,,,,,,,,TRPHRQC001
QC,T_LDV_C_DSL,2020.0,T_D_pkm_ldv_c,le,0.029978041602779955,,,,,,,,TRPHRQC001
QC,T_LDV_C_GSL,2005.0,T_D_pkm_ldv_c,le,0.029978041602779955,,,,,,,,TRPHRQC001
QC,T_LDV_C_GSL,2010.0,T_D_pkm_ldv_c,le,0.029978041602779955,,,,,,,,TRPHRQC001
QC,T_LDV_C_GSL,2015.0,T_D_pkm_ldv_c,le,0.029978041602779955,,,,,,,,TRPHRQC001
QC,T_LDV_C_GSL,2020.0,T_D_pkm_ldv_c,le,0.029978041602779955,,,,,,,,TRPHRQC001
QC,T_LDV_C_GSL_HEV,2010.0,T_D_pkm_ldv_c,le,0.029978041602779955,,,,,,,,TRPHRQC001
QC,T_LDV_C_GSL_HEV,2015.0,T_D_pkm_ldv_c,le,0.029978041602779955,,,,,,,,TRPHRQC001
QC,T_LDV_C_GSL_HEV,2020.0,T_D_pkm_ldv_c,le,0.029978041602779955,,,,,,,,TRPHRQC001
QC,T_LDV_C_GSL_PHEV35,2010.0,T_D_pkm_ldv_c,le,0.029978041602779955,,,,,,,,TRPHRQC001
QC,T_LDV_C_GSL_PHEV35,2015.0,T_D_pkm_ldv_c,le,0.029978041602779955,,,,,,,,TRPHRQC001
QC,T_LDV_C_GSL_PHEV35,2020.0,T_D_pkm_ldv_c,le,0.029978041602779955,,,,,,,,TRPHRQC001
QC,T_LDV_LTP_BEV300,2010.0,T_D_pkm_ldv_t,le,0.015355792763329794,,,,,,,,TRPHRQC001
QC,T_LDV_LTP_BEV300,2015.0,T_D_pkm_ldv_t,le,0.015355792763329794,,,,,,,,TRPHRQC001
QC,T_LDV_LTP_BEV300,2020.0,T_D_pkm_ldv_t,le,0.015355792763329794,,,,,,,,TRPHRQC001
QC,T_LDV_LTP_DSL,2000.0,T_D_pkm_ldv_t,le,0.015355792763329794,,,,,,,,TRPHRQC001
QC,T_LDV_LTP_DSL,2005.0,T_D_pkm_ldv_t,le,0.015355792763329794,,,,,,,,TRPHRQC001
QC,T_LDV_LTP_DSL,2010.0,T_D_pkm_ldv_t,le,0.015355792763329794,,,,,,,,TRPHRQC001
QC,T_LDV_LTP_DSL,2015.0,T_D_pkm_ldv_t,le,0.015355792763329794,,,,,,,,TRPHRQC001
QC,T_LDV_LTP_DSL,2020.0,T_D_pkm_ldv_t,le,0.015355792763329794,,,,,,,,TRPHRQC001
QC,T_LDV_LTP_GSL,2000.0,T_D_pkm_ldv_t,le,0.015355792763329794,,,,,,,,TRPHRQC001
QC,T_LDV_LTP_GSL,2005.0,T_D_pkm_ldv_t,le,0.015355792763329794,,,,,,,,TRPHRQC001
QC,T_LDV_LTP_GSL,2010.0,T_D_pkm_ldv_t,le,0.015355792763329794,,,,,,,,TRPHRQC001
QC,T_LDV_LTP_GSL,2015.0,T_D_pkm_ldv_t,le,0.015355792763329794,,,,,,,,TRPHRQC001
QC,T_LDV_LTP_GSL,2020.0,T_D_pkm_ldv_t,le,0.015355792763329794,,,,,,,,TRPHRQC001
QC,T_LDV_LTP_GSL_HEV,2010.0,T_D_pkm_ldv_t,le,0.015355792763329794,,,,,,,,TRPHRQC001
QC,T_LDV_LTP_GSL_HEV,2015.0,T_D_pkm_ldv_t,le,0.015355792763329794,,,,,,,,TRPHRQC001
QC,T_LDV_LTP_GSL_HEV,2020.0,T_D_pkm_ldv_t,le,0.015355792763329794,,,,,,,,TRPHRQC001
QC,T_LDV_LTP_GSL_PHEV35,2010.0,T_D_pkm_ldv_t,le,0.015355792763329794,,,,,,,,TRPHRQC001
QC,T_LDV_LTP_GSL_PHEV35,2015.0,T_D_pkm_ldv_t,le,0.015355792763329794,,,,,,,,TRPHRQC001
QC,T_LDV_LTP_GSL_PHEV35,2020.0,T_D_pkm_ldv_t,le,0.015355792763329794,,,,,,,,TRPHRQC001
QC,T_HDV_T_DSL,2000.0,T_D_tkm_hdv_t,le,0.07794520378273498,,,,,,,,TRPHRQC001
QC,T_HDV_T_DSL,2005.0,T_D_tkm_hdv_t,le,0.07794520378273498,,,,,,,,TRPHRQC001
QC,T_HDV_T_DSL,2010.0,T_D_tkm_hdv_t,le,0.07794520378273498,,,,,,,,TRPHRQC001
QC,T_HDV_T_DSL,2015.0,T_D_tkm_hdv_t,le,0.07794520378273498,,,,,,,,TRPHRQC001
QC,T_HDV_T_DSL,2020.0,T_D_tkm_hdv_t,le,0.07794520378273498,,,,,,,,TRPHRQC001
QC,T_LDV_LTF_DSL,2000.0,T_D_tkm_ldv_t,le,0.03498290322044994,,,,,,,,TRPHRQC001
QC,T_LDV_LTF_DSL,2005.0,T_D_tkm_ldv_t,le,0.03498290322044994,,,,,,,,TRPHRQC001
QC,T_LDV_LTF_DSL,2010.0,T_D_tkm_ldv_t,le,0.03498290322044994,,,,,,,,TRPHRQC001
QC,T_LDV_LTF_DSL,2015.0,T_D_tkm_ldv_t,le,0.03498290322044994,,,,,,,,TRPHRQC001
QC,T_LDV_LTF_DSL,2020.0,T_D_tkm_ldv_t,le,0.03498290322044994,,,,,,,,TRPHRQC001
QC,T_LDV_LTF_GSL,2000.0,T_D_tkm_ldv_t,le,0.03498290322044994,,,,,,,,TRPHRQC001
QC,T_LDV_LTF_GSL,2005.0,T_D_tkm_ldv_t,le,0.03498290322044994,,,,,,,,TRPHRQC001
QC,T_LDV_LTF_GSL,2010.0,T_D_tkm_ldv_t,le,0.03498290322044994,,,,,,,,TRPHRQC001
QC,T_LDV_LTF_GSL,2015.0,T_D_tkm_ldv_t,le,0.03498290322044994,,,,,,,,TRPHRQC001
QC,T_LDV_LTF_GSL,2020.0,T_D_tkm_ldv_t,le,0.03498290322044994,,,,,,,,TRPHRQC001
QC,T_LDV_LTF_GSL_HEV,2010.0,T_D_tkm_ldv_t,le,0.03498290322044994,,,,,,,,TRPHRQC001
QC,T_LDV_LTF_GSL_HEV,2015.0,T_D_tkm_ldv_t,le,0.03498290322044994,,,,,,,,TRPHRQC001
QC,T_LDV_LTF_GSL_HEV,2020.0,T_D_tkm_ldv_t,le,0.03498290322044994,,,,,,,,TRPHRQC001
QC,T_LDV_LTF_GSL_PHEV35,2015.0,T_D_tkm_ldv_t,le,0.03498290322044994,,,,,,,,TRPHRQC001
QC,T_LDV_LTF_GSL_PHEV35,2020.0,T_D_tkm_ldv_t,le,0.03498290322044994,,,,,,,,TRPHRQC001
QC,T_MDV_T_DSL,2000.0,T_D_tkm_mdv_t,le,0.015108262522631399,,,,,,,,TRPHRQC001
QC,T_MDV_T_DSL,2005.0,T_D_tkm_mdv_t,le,0.015108262522631399,,,,,,,,TRPHRQC001
QC,T_MDV_T_DSL,2010.0,T_D_tkm_mdv_t,le,0.015108262522631399,,,,,,,,TRPHRQC001
QC,T_MDV_T_DSL,2015.0,T_D_tkm_mdv_t,le,0.015108262522631399,,,,,,,,TRPHRQC001
QC,T_MDV_T_DSL,2020.0,T_D_tkm_mdv_t,le,0.015108262522631399,,,,,,,,TRPHRQC001
QC,T_MDV_T_GSL,2000.0,T_D_tkm_mdv_t,le,0.015108262522631399,,,,,,,,TRPHRQC001
QC,T_MDV_T_GSL,2005.0,T_D_tkm_mdv_t,le,0.015108262522631399,,,,,,,,TRPHRQC001
QC,T_MDV_T_GSL,2010.0,T_D_tkm_mdv_t,le,0.015108262522631399,,,,,,,,TRPHRQC001
QC,T_MDV_T_GSL,2015.0,T_D_tkm_mdv_t,le,0.015108262522631399,,,,,,,,TRPHRQC001
QC,T_MDV_T_GSL,2020.0,T_D_tkm_mdv_t,le,0.015108262522631399,,,,,,,,TRPHRQC001
SK,T_LDV_C_BEV150,2010.0,T_D_pkm_ldv_c,le,0.08204928438392727,,,,,,,,TRPHRSK001
SK,T_LDV_C_BEV150,2015.0,T_D_pkm_ldv_c,le,0.08204928438392727,,,,,,,,TRPHRSK001
SK,T_LDV_C_BEV150,2020.0,T_D_pkm_ldv_c,le,0.08204928438392727,,,,,,,,TRPHRSK001
SK,T_LDV_C_DSL,2005.0,T_D_pkm_ldv_c,le,0.08204928438392727,,,,,,,,TRPHRSK001
SK,T_LDV_C_DSL,2010.0,T_D_pkm_ldv_c,le,0.08204928438392727,,,,,,,,TRPHRSK001
SK,T_LDV_C_DSL,2015.0,T_D_pkm_ldv_c,le,0.08204928438392727,,,,,,,,TRPHRSK001
SK,T_LDV_C_DSL,2020.0,T_D_pkm_ldv_c,le,0.08204928438392727,,,,,,,,TRPHRSK001
SK,T_LDV_C_GSL,2005.0,T_D_pkm_ldv_c,le,0.08204928438392727,,,,,,,,TRPHRSK001
SK,T_LDV_C_GSL,2010.0,T_D_pkm_ldv_c,le,0.08204928438392727,,,,,,,,TRPHRSK001
SK,T_LDV_C_GSL,2015.0,T_D_pkm_ldv_c,le,0.08204928438392727,,,,,,,,TRPHRSK001
SK,T_LDV_C_GSL,2020.0,T_D_pkm_ldv_c,le,0.08204928438392727,,,,,,,,TRPHRSK001
SK,T_LDV_C_GSL_HEV,2010.0,T_D_pkm_ldv_c,le,0.08204928438392727,,,,,,,,TRPHRSK001
SK,T_LDV_C_GSL_HEV,2015.0,T_D_pkm_ldv_c,le,0.08204928438392727,,,,,,,,TRPHRSK001
SK,T_LDV_C_GSL_HEV,2020.0,T_D_pkm_ldv_c,le,0.08204928438392727,,,,,,,,TRPHRSK001
SK,T_LDV_C_GSL_PHEV35,2010.0,T_D_pkm_ldv_c,le,0.08204928438392727,,,,,,,,TRPHRSK001
SK,T_LDV_C_GSL_PHEV35,2015.0,T_D_pkm_ldv_c,le,0.08204928438392727,,,,,,,,TRPHRSK001
SK,T_LDV_C_GSL_PHEV35,2020.0,T_D_pkm_ldv_c,le,0.08204928438392727,,,,,,,,TRPHRSK001
SK,T_LDV_LTP_BEV300,2010.0,T_D_pkm_ldv_t,le,0.031505400196636404,,,,,,,,TRPHRSK001
SK,T_LDV_LTP_BEV300,2015.0,T_D_pkm_ldv_t,le,0.031505400196636404,,,,,,,,TRPHRSK001
SK,T_LDV_LTP_BEV300,2020.0,T_D_pkm_ldv_t,le,0.031505400196636404,,,,,,,,TRPHRSK001
SK,T_LDV_LTP_DSL,2000.0,T_D_pkm_ldv_t,le,0.031505400196636404,,,,,,,,TRPHRSK001
SK,T_LDV_LTP_DSL,2005.0,T_D_pkm_ldv_t,le,0.031505400196636404,,,,,,,,TRPHRSK001
SK,T_LDV_LTP_DSL,2010.0,T_D_pkm_ldv_t,le,0.031505400196636404,,,,,,,,TRPHRSK001
SK,T_LDV_LTP_DSL,2015.0,T_D_pkm_ldv_t,le,0.031505400196636404,,,,,,,,TRPHRSK001
SK,T_LDV_LTP_DSL,2020.0,T_D_pkm_ldv_t,le,0.031505400196636404,,,,,,,,TRPHRSK001
SK,T_LDV_LTP_GSL,2000.0,T_D_pkm_ldv_t,le,0.031505400196636404,,,,,,,,TRPHRSK001
SK,T_LDV_LTP_GSL,2005.0,T_D_pkm_ldv_t,le,0.031505400196636404,,,,,,,,TRPHRSK001
SK,T_LDV_LTP_GSL,2010.0,T_D_pkm_ldv_t,le,0.031505400196636404,,,,,,,,TRPHRSK001
SK,T_LDV_LTP_GSL,2015.0,T_D_pkm_ldv_t,le,0.031505400196636404,,,,,,,,TRPHRSK001
SK,T_LDV_LTP_GSL,2020.0,T_D_pkm_ldv_t,le,0.031505400196636404,,,,,,,,TRPHRSK001
SK,T_LDV_LTP_GSL_HEV,2010.0,T_D_pkm_ldv_t,le,0.031505400196636404,,,,,,,,TRPHRSK001
SK,T_LDV_LTP_GSL_HEV,2015.0,T_D_pkm_ldv_t,le,0.031505400196636404,,,,,,,,TRPHRSK001
SK,T_LDV_LTP_GSL_HEV,2020.0,T_D_pkm_ldv_t,le,0.031505400196636404,,,,,,,,TRPHRSK001
SK,T_LDV_LTP_GSL_PHEV35,2010.0,T_D_pkm_ldv_t,le,0.031505400196636404,,,,,,,,TRPHRSK001
SK,T_LDV_LTP_GSL_PHEV35,2015.0,T_D_pkm_ldv_t,le,0.031505400196636404,,,,,,,,TRPHRSK001
SK,T_LDV_LTP_GSL_PHEV35,2020.0,T_D_pkm_ldv_t,le,0.031505400196636404,,,,,,,,TRPHRSK001
SK,T_HDV_T_DSL,2000.0,T_D_tkm_hdv_t,le,0.1519796018085294,,,,,,,,TRPHRSK001
SK,T_HDV_T_DSL,2005.0,T_D_tkm_hdv_t,le,0.1519796018085294,,,,,,,,TRPHRSK001
SK,T_HDV_T_DSL,2010.0,T_D_tkm_hdv_t,le,0.1519796018085294,,,,,,,,TRPHRSK001
SK,T_HDV_T_DSL,2015.0,T_D_tkm_hdv_t,le,0.1519796018085294,,,,,,,,TRPHRSK001
SK,T_HDV_T_DSL,2020.0,T_D_tkm_hdv_t,le,0.1519796018085294,,,,,,,,TRPHRSK001
SK,T_LDV_LTF_DSL,2000.0,T_D_tkm_ldv_t,le,0.05898565869260153,,,,,,,,TRPHRSK001
SK,T_LDV_LTF_DSL,2005.0,T_D_tkm_ldv_t,le,0.05898565869260153,,,,,,,,TRPHRSK001
SK,T_LDV_LTF_DSL,2010.0,T_D_tkm_ldv_t,le,0.05898565869260153,,,,,,,,TRPHRSK001
SK,T_LDV_LTF_DSL,2015.0,T_D_tkm_ldv_t,le,0.05898565869260153,,,,,,,,TRPHRSK001
SK,T_LDV_LTF_DSL,2020.0,T_D_tkm_ldv_t,le,0.05898565869260153,,,,,,,,TRPHRSK001
SK,T_LDV_LTF_GSL,2000.0,T_D_tkm_ldv_t,le,0.05898565869260153,,,,,,,,TRPHRSK001
SK,T_LDV_LTF_GSL,2005.0,T_D_tkm_ldv_t,le,0.05898565869260153,,,,,,,,TRPHRSK001
SK,T_LDV_LTF_GSL,2010.0,T_D_tkm_ldv_t,le,0.05898565869260153,,,,,,,,TRPHRSK001
SK,T_LDV_LTF_GSL,2015.0,T_D_tkm_ldv_t,le,0.05898565869260153,,,,,,,,TRPHRSK001
SK,T_LDV_LTF_GSL,2020.0,T_D_tkm_ldv_t,le,0.05898565869260153,,,,,,,,TRPHRSK001
SK,T_LDV_LTF_GSL_HEV,2010.0,T_D_tkm_ldv_t,le,0.05898565869260153,,,,,,,,TRPHRSK001
SK,T_LDV_LTF_GSL_HEV,2015.0,T_D_tkm_ldv_t,le,0.05898565869260153,,,,,,,,TRPHRSK001
SK,T_LDV_LTF_GSL_HEV,2020.0,T_D_tkm_ldv_t,le,0.05898565869260153,,,,,,,,TRPHRSK001
SK,T_LDV_LTF_GSL_PHEV35,2015.0,T_D_tkm_ldv_t,le,0.05898565869260153,,,,,,,,TRPHRSK001
SK,T_LDV_LTF_GSL_PHEV35,2020.0,T_D_tkm_ldv_t,le,0.05898565869260153,,,,,,,,TRPHRSK001
SK,T_MDV_T_DSL,2000.0,T_D_tkm_mdv_t,le,0.02450495687699666,,,,,,,,TRPHRSK001
SK,T_MDV_T_DSL,2005.0,T_D_tkm_mdv_t,le,0.02450495687699666,,,,,,,,TRPHRSK001
SK,T_MDV_T_DSL,2010.0,T_D_tkm_mdv_t,le,0.02450495687699666,,,,,,,,TRPHRSK001
SK,T_MDV_T_DSL,2015.0,T_D_tkm_mdv_t,le,0.02450495687699666,,,,,,,,TRPHRSK001
SK,T_MDV_T_DSL,2020.0,T_D_tkm_mdv_t,le,0.02450495687699666,,,,,,,,TRPHRSK001
SK,T_MDV_T_GSL,2000.0,T_D_tkm_mdv_t,le,0.02450495687699666,,,,,,,,TRPHRSK001
SK,T_MDV_T_GSL,2005.0,T_D_tkm_mdv_t,le,0.02450495687699666,,,,,,,,TRPHRSK001
SK,T_MDV_T_GSL,2010.0,T_D_tkm_mdv_t,le,0.02450495687699666,,,,,,,,TRPHRSK001
SK,T_MDV_T_GSL,2015.0,T_D_tkm_mdv_t,le,0.02450495687699666,,,,,,,,TRPHRSK001
SK,T_MDV_T_GSL,2020.0,T_D_tkm_mdv_t,le,0.02450495687699666,,,,,,,,TRPHRSK001
AB,T_LDV_C_BEV150,2010.0,T_D_pkm_ldv_c,ge,0.03733837408315064,,,,,,,,TRPHRAB001
AB,T_LDV_C_BEV150,2015.0,T_D_pkm_ldv_c,ge,0.03733837408315064,,,,,,,,TRPHRAB001
AB,T_LDV_C_BEV150,2020.0,T_D_pkm_ldv_c,ge,0.03733837408315064,,,,,,,,TRPHRAB001
AB,T_LDV_C_DSL,2005.0,T_D_pkm_ldv_c,ge,0.03733837408315064,,,,,,,,TRPHRAB001
AB,T_LDV_C_DSL,2010.0,T_D_pkm_ldv_c,ge,0.03733837408315064,,,,,,,,TRPHRAB001
AB,T_LDV_C_DSL,2015.0,T_D_pkm_ldv_c,ge,0.03733837408315064,,,,,,,,TRPHRAB001
AB,T_LDV_C_DSL,2020.0,T_D_pkm_ldv_c,ge,0.03733837408315064,,,,,,,,TRPHRAB001
AB,T_LDV_C_GSL,2005.0,T_D_pkm_ldv_c,ge,0.03733837408315064,,,,,,,,TRPHRAB001
AB,T_LDV_C_GSL,2010.0,T_D_pkm_ldv_c,ge,0.03733837408315064,,,,,,,,TRPHRAB001
AB,T_LDV_C_GSL,2015.0,T_D_pkm_ldv_c,ge,0.03733837408315064,,,,,,,,TRPHRAB001
AB,T_LDV_C_GSL,2020.0,T_D_pkm_ldv_c,ge,0.03733837408315064,,,,,,,,TRPHRAB001
AB,T_LDV_C_GSL_HEV,2010.0,T_D_pkm_ldv_c,ge,0.03733837408315064,,,,,,,,TRPHRAB001
AB,T_LDV_C_GSL_HEV,2015.0,T_D_pkm_ldv_c,ge,0.03733837408315064,,,,,,,,TRPHRAB001
AB,T_LDV_C_GSL_HEV,2020.0,T_D_pkm_ldv_c,ge,0.03733837408315064,,,,,,,,TRPHRAB001
AB,T_LDV_C_GSL_PHEV35,2010.0,T_D_pkm_ldv_c,ge,0.03733837408315064,,,,,,,,TRPHRAB001
AB,T_LDV_C_GSL_PHEV35,2015.0,T_D_pkm_ldv_c,ge,0.03733837408315064,,,,,,,,TRPHRAB001
AB,T_LDV_C_GSL_PHEV35,2020.0,T_D_pkm_ldv_c,ge,0.03733837408315064,,,,,,,,TRPHRAB001
AB,T_LDV_LTP_BEV300,2010.0,T_D_pkm_ldv_t,ge,0.01738955891751415,,,,,,,,TRPHRAB001
AB,T_LDV_LTP_BEV300,2015.0,T_D_pkm_ldv_t,ge,0.01738955891751415,,,,,,,,TRPHRAB001
AB,T_LDV_LTP_BEV300,2020.0,T_D_pkm_ldv_t,ge,0.01738955891751415,,,,,,,,TRPHRAB001
AB,T_LDV_LTP_DSL,2000.0,T_D_pkm_ldv_t,ge,0.01738955891751415,,,,,,,,TRPHRAB001
AB,T_LDV_LTP_DSL,2005.0,T_D_pkm_ldv_t,ge,0.01738955891751415,,,,,,,,TRPHRAB001
AB,T_LDV_LTP_DSL,2010.0,T_D_pkm_ldv_t,ge,0.01738955891751415,,,,,,,,TRPHRAB001
AB,T_LDV_LTP_DSL,2015.0,T_D_pkm_ldv_t,ge,0.01738955891751415,,,,,,,,TRPHRAB001
AB,T_LDV_LTP_DSL,2020.0,T_D_pkm_ldv_t,ge,0.01738955891751415,,,,,,,,TRPHRAB001
AB,T_LDV_LTP_GSL,2000.0,T_D_pkm_ldv_t,ge,0.01738955891751415,,,,,,,,TRPHRAB001
AB,T_LDV_LTP_GSL,2005.0,T_D_pkm_ldv_t,ge,0.01738955891751415,,,,,,,,TRPHRAB001
AB,T_LDV_LTP_GSL,2010.0,T_D_pkm_ldv_t,ge,0.01738955891751415,,,,,,,,TRPHRAB001
AB,T_LDV_LTP_GSL,2015.0,T_D_pkm_ldv_t,ge,0.01738955891751415,,,,,,,,TRPHRAB001
AB,T_LDV_LTP_GSL,2020.0,T_D_pkm_ldv_t,ge,0.01738955891751415,,,,,,,,TRPHRAB001
AB,T_LDV_LTP_GSL_HEV,2010.0,T_D_pkm_ldv_t,ge,0.01738955891751415,,,,,,,,TRPHRAB001
AB,T_LDV_LTP_GSL_HEV,2015.0,T_D_pkm_ldv_t,ge,0.01738955891751415,,,,,,,,TRPHRAB001
AB,T_LDV_LTP_GSL_HEV,2020.0,T_D_pkm_ldv_t,ge,0.01738955891751415,,,,,,,,TRPHRAB001
AB,T_LDV_LTP_GSL_PHEV35,2010.0,T_D_pkm_ldv_t,ge,0.01738955891751415,,,,,,,,TRPHRAB001
AB,T_LDV_LTP_GSL_PHEV35,2015.0,T_D_pkm_ldv_t,ge,0.01738955891751415,,,,,,,,TRPHRAB001
AB,T_LDV_LTP_GSL_PHEV35,2020.0,T_D_pkm_ldv_t,ge,0.01738955891751415,,,,,,,,TRPHRAB001
AB,T_HDV_T_DSL,2000.0,T_D_tkm_hdv_t,ge,0.08727658344360698,,,,,,,,TRPHRAB001
AB,T_HDV_T_DSL,2005.0,T_D_tkm_hdv_t,ge,0.08727658344360698,,,,,,,,TRPHRAB001
AB,T_HDV_T_DSL,2010.0,T_D_tkm_hdv_t,ge,0.08727658344360698,,,,,,,,TRPHRAB001
AB,T_HDV_T_DSL,2015.0,T_D_tkm_hdv_t,ge,0.08727658344360698,,,,,,,,TRPHRAB001
AB,T_HDV_T_DSL,2020.0,T_D_tkm_hdv_t,ge,0.08727658344360698,,,,,,,,TRPHRAB001
AB,T_LDV_LTF_DSL,2000.0,T_D_tkm_ldv_t,ge,0.032837071086937224,,,,,,,,TRPHRAB001
AB,T_LDV_LTF_DSL,2005.0,T_D_tkm_ldv_t,ge,0.032837071086937224,,,,,,,,TRPHRAB001
AB,T_LDV_LTF_DSL,2010.0,T_D_tkm_ldv_t,ge,0.032837071086937224,,,,,,,,TRPHRAB001
AB,T_LDV_LTF_DSL,2015.0,T_D_tkm_ldv_t,ge,0.032837071086937224,,,,,,,,TRPHRAB001
AB,T_LDV_LTF_DSL,2020.0,T_D_tkm_ldv_t,ge,0.032837071086937224,,,,,,,,TRPHRAB001
AB,T_LDV_LTF_GSL,2000.0,T_D_tkm_ldv_t,ge,0.032837071086937224,,,,,,,,TRPHRAB001
AB,T_LDV_LTF_GSL,2005.0,T_D_tkm_ldv_t,ge,0.032837071086937224,,,,,,,,TRPHRAB001
AB,T_LDV_LTF_GSL,2010.0,T_D_tkm_ldv_t,ge,0.032837071086937224,,,,,,,,TRPHRAB001
AB,T_LDV_LTF_GSL,2015.0,T_D_tkm_ldv_t,ge,0.032837071086937224,,,,,,,,TRPHRAB001
AB,T_LDV_LTF_GSL,2020.0,T_D_tkm_ldv_t,ge,0.032837071086937224,,,,,,,,TRPHRAB001
AB,T_LDV_LTF_GSL_HEV,2010.0,T_D_tkm_ldv_t,ge,0.032837071086937224,,,,,,,,TRPHRAB001
AB,T_LDV_LTF_GSL_HEV,2015.0,T_D_tkm_ldv_t,ge,0.032837071086937224,,,,,,,,TRPHRAB001
AB,T_LDV_LTF_GSL_HEV,2020.0,T_D_tkm_ldv_t,ge,0.032837071086937224,,,,,,,,TRPHRAB001
AB,T_LDV_LTF_GSL_PHEV35,2015.0,T_D_tkm_ldv_t,ge,0.032837071086937224,,,,,,,,TRPHRAB001
AB,T_LDV_LTF_GSL_PHEV35,2020.0,T_D_tkm_ldv_t,ge,0.032837071086937224,,,,,,,,TRPHRAB001
AB,T_MDV_T_DSL,2000.0,T_D_tkm_mdv_t,ge,0.017096905189683802,,,,,,,,TRPHRAB001
AB,T_MDV_T_DSL,2005.0,T_D_tkm_mdv_t,ge,0.017096905189683802,,,,,,,,TRPHRAB001
AB,T_MDV_T_DSL,2010.0,T_D_tkm_mdv_t,ge,0.017096905189683802,,,,,,,,TRPHRAB001
AB,T_MDV_T_DSL,2015.0,T_D_tkm_mdv_t,ge,0.017096905189683802,,,,,,,,TRPHRAB001
AB,T_MDV_T_DSL,2020.0,T_D_tkm_mdv_t,ge,0.017096905189683802,,,,,,,,TRPHRAB001
AB,T_MDV_T_GSL,2000.0,T_D_tkm_mdv_t,ge,0.017096905189683802,,,,,,,,TRPHRAB001
AB,T_MDV_T_GSL,2005.0,T_D_tkm_mdv_t,ge,0.017096905189683802,,,,,,,,TRPHRAB001
AB,T_MDV_T_GSL,2010.0,T_D_tkm_mdv_t,ge,0.017096905189683802,,,,,,,,TRPHRAB001
AB,T_MDV_T_GSL,2015.0,T_D_tkm_mdv_t,ge,0.017096905189683802,,,,,,,,TRPHRAB001
AB,T_MDV_T_GSL,2020.0,T_D_tkm_mdv_t,ge,0.017096905189683802,,,,,,,,TRPHRAB001
BC,T_LDV_C_BEV150,2010.0,T_D_pkm_ldv_c,ge,0.03261036087370618,,,,,,,,TRPHRBC001
BC,T_LDV_C_BEV150,2015.0,T_D_pkm_ldv_c,ge,0.03261036087370618,,,,,,,,TRPHRBC001
BC,T_LDV_C_BEV150,2020.0,T_D_pkm_ldv_c,ge,0.03261036087370618,,,,,,,,TRPHRBC001
BC,T_LDV_C_DSL,2005.0,T_D_pkm_ldv_c,ge,0.03261036087370618,,,,,,,,TRPHRBC001
BC,T_LDV_C_DSL,2010.0,T_D_pkm_ldv_c,ge,0.03261036087370618,,,,,,,,TRPHRBC001
BC,T_LDV_C_DSL,2015.0,T_D_pkm_ldv_c,ge,0.03261036087370618,,,,,,,,TRPHRBC001
BC,T_LDV_C_DSL,2020.0,T_D_pkm_ldv_c,ge,0.03261036087370618,,,,,,,,TRPHRBC001
BC,T_LDV_C_GSL,2005.0,T_D_pkm_ldv_c,ge,0.03261036087370618,,,,,,,,TRPHRBC001
BC,T_LDV_C_GSL,2010.0,T_D_pkm_ldv_c,ge,0.03261036087370618,,,,,,,,TRPHRBC001
BC,T_LDV_C_GSL,2015.0,T_D_pkm_ldv_c,ge,0.03261036087370618,,,,,,,,TRPHRBC001
BC,T_LDV_C_GSL,2020.0,T_D_pkm_ldv_c,ge,0.03261036087370618,,,,,,,,TRPHRBC001
BC,T_LDV_C_GSL_HEV,2010.0,T_D_pkm_ldv_c,ge,0.03261036087370618,,,,,,,,TRPHRBC001
BC,T_LDV_C_GSL_HEV,2015.0,T_D_pkm_ldv_c,ge,0.03261036087370618,,,,,,,,TRPHRBC001
BC,T_LDV_C_GSL_HEV,2020.0,T_D_pkm_ldv_c,ge,0.03261036087370618,,,,,,,,TRPHRBC001
BC,T_LDV_C_GSL_PHEV35,2010.0,T_D_pkm_ldv_c,ge,0.03261036087370618,,,,,,,,TRPHRBC001
BC,T_LDV_C_GSL_PHEV35,2015.0,T_D_pkm_ldv_c,ge,0.03261036087370618,,,,,,,,TRPHRBC001
BC,T_LDV_C_GSL_PHEV35,2020.0,T_D_pkm_ldv_c,ge,0.03261036087370618,,,,,,,,TRPHRBC001
BC,T_LDV_LTP_BEV300,2010.0,T_D_pkm_ldv_t,ge,0.019912456946251104,,,,,,,,TRPHRBC001
BC,T_LDV_LTP_BEV300,2015.0,T_D_pkm_ldv_t,ge,0.019912456946251104,,,,,,,,TRPHRBC001
BC,T_LDV_LTP_BEV300,2020.0,T_D_pkm_ldv_t,ge,0.019912456946251104,,,,,,,,TRPHRBC001
BC,T_LDV_LTP_DSL,2000.0,T_D_pkm_ldv_t,ge,0.019912456946251104,,,,,,,,TRPHRBC001
BC,T_LDV_LTP_DSL,2005.0,T_D_pkm_ldv_t,ge,0.019912456946251104,,,,,,,,TRPHRBC001
BC,T_LDV_LTP_DSL,2010.0,T_D_pkm_ldv_t,ge,0.019912456946251104,,,,,,,,TRPHRBC001
BC,T_LDV_LTP_DSL,2015.0,T_D_pkm_ldv_t,ge,0.019912456946251104,,,,,,,,TRPHRBC001
BC,T_LDV_LTP_DSL,2020.0,T_D_pkm_ldv_t,ge,0.019912456946251104,,,,,,,,TRPHRBC001
BC,T_LDV_LTP_GSL,2000.0,T_D_pkm_ldv_t,ge,0.019912456946251104,,,,,,,,TRPHRBC001
BC,T_LDV_LTP_GSL,2005.0,T_D_pkm_ldv_t,ge,0.019912456946251104,,,,,,,,TRPHRBC001
BC,T_LDV_LTP_GSL,2010.0,T_D_pkm_ldv_t,ge,0.019912456946251104,,,,,,,,TRPHRBC001
BC,T_LDV_LTP_GSL,2015.0,T_D_pkm_ldv_t,ge,0.019912456946251104,,,,,,,,TRPHRBC001
BC,T_LDV_LTP_GSL,2020.0,T_D_pkm_ldv_t,ge,0.019912456946251104,,,,,,,,TRPHRBC001
BC,T_LDV_LTP_GSL_HEV,2010.0,T_D_pkm_ldv_t,ge,0.019912456946251104,,,,,,,,TRPHRBC001
BC,T_LDV_LTP_GSL_HEV,2015.0,T_D_pkm_ldv_t,ge,0.019912456946251104,,,,,,,,TRPHRBC001
BC,T_LDV_LTP_GSL_HEV,2020.0,T_D_pkm_ldv_t,ge,0.019912456946251104,,,,,,,,TRPHRBC001
BC,T_LDV_LTP_GSL_PHEV35,2010.0,T_D_pkm_ldv_t,ge,0.019912456946251104,,,,,,,,TRPHRBC001
BC,T_LDV_LTP_GSL_PHEV35,2015.0,T_D_pkm_ldv_t,ge,0.019912456946251104,,,,,,,,TRPHRBC001
BC,T_LDV_LTP_GSL_PHEV35,2020.0,T_D_pkm_ldv_t,ge,0.019912456946251104,,,,,,,,TRPHRBC001
BC,T_HDV_T_DSL,2000.0,T_D_tkm_hdv_t,ge,0.047654533586013875,,,,,,,,TRPHRBC001
BC,T_HDV_T_DSL,2005.0,T_D_tkm_hdv_t,ge,0.047654533586013875,,,,,,,,TRPHRBC001
BC,T_HDV_T_DSL,2010.0,T_D_tkm_hdv_t,ge,0.047654533586013875,,,,,,,,TRPHRBC001
BC,T_HDV_T_DSL,2015.0,T_D_tkm_hdv_t,ge,0.047654533586013875,,,,,,,,TRPHRBC001
BC,T_HDV_T_DSL,2020.0,T_D_tkm_hdv_t,ge,0.047654533586013875,,,,,,,,TRPHRBC001
BC,T_LDV_LTF_DSL,2000.0,T_D_tkm_ldv_t,ge,0.03299838133558377,,,,,,,,TRPHRBC001
BC,T_LDV_LTF_DSL,2005.0,T_D_tkm_ldv_t,ge,0.03299838133558377,,,,,,,,TRPHRBC001
BC,T_LDV_LTF_DSL,2010.0,T_D_tkm_ldv_t,ge,0.03299838133558377,,,,,,,,TRPHRBC001
BC,T_LDV_LTF_DSL,2015.0,T_D_tkm_ldv_t,ge,0.03299838133558377,,,,,,,,TRPHRBC001
BC,T_LDV_LTF_DSL,2020.0,T_D_tkm_ldv_t,ge,0.03299838133558377,,,,,,,,TRPHRBC001
BC,T_LDV_LTF_GSL,2000.0,T_D_tkm_ldv_t,ge,0.03299838133558377,,,,,,,,TRPHRBC001
BC,T_LDV_LTF_GSL,2005.0,T_D_tkm_ldv_t,ge,0.03299838133558377,,,,,,,,TRPHRBC001
BC,T_LDV_LTF_GSL,2010.0,T_D_tkm_ldv_t,ge,0.03299838133558377,,,,,,,,TRPHRBC001
BC,T_LDV_LTF_GSL,2015.0,T_D_tkm_ldv_t,ge,0.03299838133558377,,,,,,,,TRPHRBC001
BC,T_LDV_LTF_GSL,2020.0,T_D_tkm_ldv_t,ge,0.03299838133558377,,,,,,,,TRPHRBC001
BC,T_LDV_LTF_GSL_HEV,2010.0,T_D_tkm_ldv_t,ge,0.03299838133558377,,,,,,,,TRPHRBC001
BC,T_LDV_LTF_GSL_HEV,2015.0,T_D_tkm_ldv_t,ge,0.03299838133558377,,,,,,,,TRPHRBC001
BC,T_LDV_LTF_GSL_HEV,2020.0,T_D_tkm_ldv_t,ge,0.03299838133558377,,,,,,,,TRPHRBC001
BC,T_LDV_LTF_GSL_PHEV35,2015.0,T_D_tkm_ldv_t,ge,0.03299838133558377,,,,,,,,TRPHRBC001
BC,T_LDV_LTF_GSL_PHEV35,2020.0,T_D_tkm_ldv_t,ge,0.03299838133558377,,,,,,,,TRPHRBC001
BC,T_MDV_T_DSL,2000.0,T_D_tkm_mdv_t,ge,0.019650714848693452,,,,,,,,TRPHRBC001
BC,T_MDV_T_DSL,2005.0,T_D_tkm_mdv_t,ge,0.019650714848693452,,,,,,,,TRPHRBC001
BC,T_MDV_T_DSL,2010.0,T_D_tkm_mdv_t,ge,0.019650714848693452,,,,,,,,TRPHRBC001
BC,T_MDV_T_DSL,2015.0,T_D_tkm_mdv_t,ge,0.019650714848693452,,,,,,,,TRPHRBC001
BC,T_MDV_T_DSL,2020.0,T_D_tkm_mdv_t,ge,0.019650714848693452,,,,,,,,TRPHRBC001
BC,T_MDV_T_GSL,2000.0,T_D_tkm_mdv_t,ge,0.019650714848693452,,,,,,,,TRPHRBC001
BC,T_MDV_T_GSL,2005.0,T_D_tkm_mdv_t,ge,0.019650714848693452,,,,,,,,TRPHRBC001
BC,T_MDV_T_GSL,2010.0,T_D_tkm_mdv_t,ge,0.019650714848693452,,,,,,,,TRPHRBC001
BC,T_MDV_T_GSL,2015.0,T_D_tkm_mdv_t,ge,0.019650714848693452,,,,,,,,TRPHRBC001
BC,T_MDV_T_GSL,2020.0,T_D_tkm_mdv_t,ge,0.019650714848693452,,,,,,,,TRPHRBC001
MB,T_LDV_C_BEV150,2010.0,T_D_pkm_ldv_c,ge,0.04784944131514561,,,,,,,,TRPHRMB001
MB,T_LDV_C_BEV150,2015.0,T_D_pkm_ldv_c,ge,0.04784944131514561,,,,,,,,TRPHRMB001
MB,T_LDV_C_BEV150,2020.0,T_D_pkm_ldv_c,ge,0.04784944131514561,,,,,,,,TRPHRMB001
MB,T_LDV_C_DSL,2005.0,T_D_pkm_ldv_c,ge,0.04784944131514561,,,,,,,,TRPHRMB001
MB,T_LDV_C_DSL,2010.0,T_D_pkm_ldv_c,ge,0.04784944131514561,,,,,,,,TRPHRMB001
MB,T_LDV_C_DSL,2015.0,T_D_pkm_ldv_c,ge,0.04784944131514561,,,,,,,,TRPHRMB001
MB,T_LDV_C_DSL,2020.0,T_D_pkm_ldv_c,ge,0.04784944131514561,,,,,,,,TRPHRMB001
MB,T_LDV_C_GSL,2005.0,T_D_pkm_ldv_c,ge,0.04784944131514561,,,,,,,,TRPHRMB001
MB,T_LDV_C_GSL,2010.0,T_D_pkm_ldv_c,ge,0.04784944131514561,,,,,,,,TRPHRMB001
MB,T_LDV_C_GSL,2015.0,T_D_pkm_ldv_c,ge,0.04784944131514561,,,,,,,,TRPHRMB001
MB,T_LDV_C_GSL,2020.0,T_D_pkm_ldv_c,ge,0.04784944131514561,,,,,,,,TRPHRMB001
MB,T_LDV_C_GSL_HEV,2010.0,T_D_pkm_ldv_c,ge,0.04784944131514561,,,,,,,,TRPHRMB001
MB,T_LDV_C_GSL_HEV,2015.0,T_D_pkm_ldv_c,ge,0.04784944131514561,,,,,,,,TRPHRMB001
MB,T_LDV_C_GSL_HEV,2020.0,T_D_pkm_ldv_c,ge,0.04784944131514561,,,,,,,,TRPHRMB001
MB,T_LDV_C_GSL_PHEV35,2010.0,T_D_pkm_ldv_c,ge,0.04784944131514561,,,,,,,,TRPHRMB001
MB,T_LDV_C_GSL_PHEV35,2015.0,T_D_pkm_ldv_c,ge,0.04784944131514561,,,,,,,,TRPHRMB001
MB,T_LDV_C_GSL_PHEV35,2020.0,T_D_pkm_ldv_c,ge,0.04784944131514561,,,,,,,,TRPHRMB001
MB,T_LDV_LTP_BEV300,2010.0,T_D_pkm_ldv_t,ge,0.02286758157425918,,,,,,,,TRPHRMB001
MB,T_LDV_LTP_BEV300,2015.0,T_D_pkm_ldv_t,ge,0.02286758157425918,,,,,,,,TRPHRMB001
MB,T_LDV_LTP_BEV300,2020.0,T_D_pkm_ldv_t,ge,0.02286758157425918,,,,,,,,TRPHRMB001
MB,T_LDV_LTP_DSL,2000.0,T_D_pkm_ldv_t,ge,0.02286758157425918,,,,,,,,TRPHRMB001
MB,T_LDV_LTP_DSL,2005.0,T_D_pkm_ldv_t,ge,0.02286758157425918,,,,,,,,TRPHRMB001
MB,T_LDV_LTP_DSL,2010.0,T_D_pkm_ldv_t,ge,0.02286758157425918,,,,,,,,TRPHRMB001
MB,T_LDV_LTP_DSL,2015.0,T_D_pkm_ldv_t,ge,0.02286758157425918,,,,,,,,TRPHRMB001
MB,T_LDV_LTP_DSL,2020.0,T_D_pkm_ldv_t,ge,0.02286758157425918,,,,,,,,TRPHRMB001
MB,T_LDV_LTP_GSL,2000.0,T_D_pkm_ldv_t,ge,0.02286758157425918,,,,,,,,TRPHRMB001
MB,T_LDV_LTP_GSL,2005.0,T_D_pkm_ldv_t,ge,0.02286758157425918,,,,,,,,TRPHRMB001
MB,T_LDV_LTP_GSL,2010.0,T_D_pkm_ldv_t,ge,0.02286758157425918,,,,,,,,TRPHRMB001
MB,T_LDV_LTP_GSL,2015.0,T_D_pkm_ldv_t,ge,0.02286758157425918,,,,,,,,TRPHRMB001
MB,T_LDV_LTP_GSL,2020.0,T_D_pkm_ldv_t,ge,0.02286758157425918,,,,,,,,TRPHRMB001
MB,T_LDV_LTP_GSL_HEV,2010.0,T_D_pkm_ldv_t,ge,0.02286758157425918,,,,,,,,TRPHRMB001
MB,T_LDV_LTP_GSL_HEV,2015.0,T_D_pkm_ldv_t,ge,0.02286758157425918,,,,,,,,TRPHRMB001
MB,T_LDV_LTP_GSL_HEV,2020.0,T_D_pkm_ldv_t,ge,0.02286758157425918,,,,,,,,TRPHRMB001
MB,T_LDV_LTP_GSL_PHEV35,2010.0,T_D_pkm_ldv_t,ge,0.02286758157425918,,,,,,,,TRPHRMB001
MB,T_LDV_LTP_GSL_PHEV35,2015.0,T_D_pkm_ldv_t,ge,0.02286758157425918,,,,,,,,TRPHRMB001
MB,T_LDV_LTP_GSL_PHEV35,2020.0,T_D_pkm_ldv_t,ge,0.02286758157425918,,,,,,,,TRPHRMB001
MB,T_HDV_T_DSL,2000.0,T_D_tkm_hdv_t,ge,0.06614216306816724,,,,,,,,TRPHRMB001
MB,T_HDV_T_DSL,2005.0,T_D_tkm_hdv_t,ge,0.06614216306816724,,,,,,,,TRPHRMB001
MB,T_HDV_T_DSL,2010.0,T_D_tkm_hdv_t,ge,0.06614216306816724,,,,,,,,TRPHRMB001
MB,T_HDV_T_DSL,2015.0,T_D_tkm_hdv_t,ge,0.06614216306816724,,,,,,,,TRPHRMB001
MB,T_HDV_T_DSL,2020.0,T_D_tkm_hdv_t,ge,0.06614216306816724,,,,,,,,TRPHRMB001
MB,T_LDV_LTF_DSL,2000.0,T_D_tkm_ldv_t,ge,0.043155212082879875,,,,,,,,TRPHRMB001
MB,T_LDV_LTF_DSL,2005.0,T_D_tkm_ldv_t,ge,0.043155212082879875,,,,,,,,TRPHRMB001
MB,T_LDV_LTF_DSL,2010.0,T_D_tkm_ldv_t,ge,0.043155212082879875,,,,,,,,TRPHRMB001
MB,T_LDV_LTF_DSL,2015.0,T_D_tkm_ldv_t,ge,0.043155212082879875,,,,,,,,TRPHRMB001
MB,T_LDV_LTF_DSL,2020.0,T_D_tkm_ldv_t,ge,0.043155212082879875,,,,,,,,TRPHRMB001
MB,T_LDV_LTF_GSL,2000.0,T_D_tkm_ldv_t,ge,0.043155212082879875,,,,,,,,TRPHRMB001
MB,T_LDV_LTF_GSL,2005.0,T_D_tkm_ldv_t,ge,0.043155212082879875,,,,,,,,TRPHRMB001
MB,T_LDV_LTF_GSL,2010.0,T_D_tkm_ldv_t,ge,0.043155212082879875,,,,,,,,TRPHRMB001
MB,T_LDV_LTF_GSL,2015.0,T_D_tkm_ldv_t,ge,0.043155212082879875,,,,,,,,TRPHRMB001
MB,T_LDV_LTF_GSL,2020.0,T_D_tkm_ldv_t,ge,0.043155212082879875,,,,,,,,TRPHRMB001
MB,T_LDV_LTF_GSL_HEV,2010.0,T_D_tkm_ldv_t,ge,0.043155212082879875,,,,,,,,TRPHRMB001
MB,T_LDV_LTF_GSL_HEV,2015.0,T_D_tkm_ldv_t,ge,0.043155212082879875,,,,,,,,TRPHRMB001
MB,T_LDV_LTF_GSL_HEV,2020.0,T_D_tkm_ldv_t,ge,0.043155212082879875,,,,,,,,TRPHRMB001
MB,T_LDV_LTF_GSL_PHEV35,2015.0,T_D_tkm_ldv_t,ge,0.043155212082879875,,,,,,,,TRPHRMB001
MB,T_LDV_LTF_GSL_PHEV35,2020.0,T_D_tkm_ldv_t,ge,0.043155212082879875,,,,,,,,TRPHRMB001
MB,T_MDV_T_DSL,2000.0,T_D_tkm_mdv_t,ge,0.01103631875641798,,,,,,,,TRPHRMB001
MB,T_MDV_T_DSL,2005.0,T_D_tkm_mdv_t,ge,0.01103631875641798,,,,,,,,TRPHRMB001
MB,T_MDV_T_DSL,2010.0,T_D_tkm_mdv_t,ge,0.01103631875641798,,,,,,,,TRPHRMB001
MB,T_MDV_T_DSL,2015.0,T_D_tkm_mdv_t,ge,0.01103631875641798,,,,,,,,TRPHRMB001
MB,T_MDV_T_DSL,2020.0,T_D_tkm_mdv_t,ge,0.01103631875641798,,,,,,,,TRPHRMB001
MB,T_MDV_T_GSL,2000.0,T_D_tkm_mdv_t,ge,0.01103631875641798,,,,,,,,TRPHRMB001
MB,T_MDV_T_GSL,2005.0,T_D_tkm_mdv_t,ge,0.01103631875641798,,,,,,,,TRPHRMB001
MB,T_MDV_T_GSL,2010.0,T_D_tkm_mdv_t,ge,0.01103631875641798,,,,,,,,TRPHRMB001
MB,T_MDV_T_GSL,2015.0,T_D_tkm_mdv_t,ge,0.01103631875641798,,,,,,,,TRPHRMB001
MB,T_MDV_T_GSL,2020.0,T_D_tkm_mdv_t,ge,0.01103631875641798,,,,,,,,TRPHRMB001
NB,T_LDV_C_BEV150,2010.0,T_D_pkm_ldv_c,ge,0.0017966122160753086,,,,,,,,TRPHRNB001
NB,T_LDV_C_BEV150,2015.0,T_D_pkm_ldv_c,ge,0.0017966122160753086,,,,,,,,TRPHRNB001
NB,T_LDV_C_BEV150,2020.0,T_D_pkm_ldv_c,ge,0.0017966122160753086,,,,,,,,TRPHRNB001
NB,T_LDV_C_DSL,2005.0,T_D_pkm_ldv_c,ge,0.0017966122160753086,,,,,,,,TRPHRNB001
NB,T_LDV_C_DSL,2010.0,T_D_pkm_ldv_c,ge,0.0017966122160753086,,,,,,,,TRPHRNB001
NB,T_LDV_C_DSL,2015.0,T_D_pkm_ldv_c,ge,0.0017966122160753086,,,,,,,,TRPHRNB001
NB,T_LDV_C_DSL,2020.0,T_D_pkm_ldv_c,ge,0.0017966122160753086,,,,,,,,TRPHRNB001
NB,T_LDV_C_GSL,2005.0,T_D_pkm_ldv_c,ge,0.0017966122160753086,,,,,,,,TRPHRNB001
NB,T_LDV_C_GSL,2010.0,T_D_pkm_ldv_c,ge,0.0017966122160753086,,,,,,,,TRPHRNB001
NB,T_LDV_C_GSL,2015.0,T_D_pkm_ldv_c,ge,0.0017966122160753086,,,,,,,,TRPHRNB001
NB,T_LDV_C_GSL,2020.0,T_D_pkm_ldv_c,ge,0.0017966122160753086,,,,,,,,TRPHRNB001
NB,T_LDV_C_GSL_HEV,2010.0,T_D_pkm_ldv_c,ge,0.0017966122160753086,,,,,,,,TRPHRNB001
NB,T_LDV_C_GSL_HEV,2015.0,T_D_pkm_ldv_c,ge,0.0017966122160753086,,,,,,,,TRPHRNB001
NB,T_LDV_C_GSL_HEV,2020.0,T_D_pkm_ldv_c,ge,0.0017966122160753086,,,,,,,,TRPHRNB001
NB,T_LDV_C_GSL_PHEV35,2010.0,T_D_pkm_ldv_c,ge,0.0017966122160753086,,,,,,,,TRPHRNB001
NB,T_LDV_C_GSL_PHEV35,2015.0,T_D_pkm_ldv_c,ge,0.0017966122160753086,,,,,,,,TRPHRNB001
NB,T_LDV_C_GSL_PHEV35,2020.0,T_D_pkm_ldv_c,ge,0.0017966122160753086,,,,,,,,TRPHRNB001
NB,T_LDV_LTP_BEV300,2010.0,T_D_pkm_ldv_t,ge,0.009859011558211528,,,,,,,,TRPHRNB001
NB,T_LDV_LTP_BEV300,2015.0,T_D_pkm_ldv_t,ge,0.009859011558211528,,,,,,,,TRPHRNB001
NB,T_LDV_LTP_BEV300,2020.0,T_D_pkm_ldv_t,ge,0.009859011558211528,,,,,,,,TRPHRNB001
NB,T_LDV_LTP_DSL,2000.0,T_D_pkm_ldv_t,ge,0.009859011558211528,,,,,,,,TRPHRNB001
NB,T_LDV_LTP_DSL,2005.0,T_D_pkm_ldv_t,ge,0.009859011558211528,,,,,,,,TRPHRNB001
NB,T_LDV_LTP_DSL,2010.0,T_D_pkm_ldv_t,ge,0.009859011558211528,,,,,,,,TRPHRNB001
NB,T_LDV_LTP_DSL,2015.0,T_D_pkm_ldv_t,ge,0.009859011558211528,,,,,,,,TRPHRNB001
NB,T_LDV_LTP_DSL,2020.0,T_D_pkm_ldv_t,ge,0.009859011558211528,,,,,,,,TRPHRNB001
NB,T_LDV_LTP_GSL,2000.0,T_D_pkm_ldv_t,ge,0.009859011558211528,,,,,,,,TRPHRNB001
NB,T_LDV_LTP_GSL,2005.0,T_D_pkm_ldv_t,ge,0.009859011558211528,,,,,,,,TRPHRNB001
NB,T_LDV_LTP_GSL,2010.0,T_D_pkm_ldv_t,ge,0.009859011558211528,,,,,,,,TRPHRNB001
NB,T_LDV_LTP_GSL,2015.0,T_D_pkm_ldv_t,ge,0.009859011558211528,,,,,,,,TRPHRNB001
NB,T_LDV_LTP_GSL,2020.0,T_D_pkm_ldv_t,ge,0.009859011558211528,,,,,,,,TRPHRNB001
NB,T_LDV_LTP_GSL_HEV,2010.0,T_D_pkm_ldv_t,ge,0.009859011558211528,,,,,,,,TRPHRNB001
NB,T_LDV_LTP_GSL_HEV,2015.0,T_D_pkm_ldv_t,ge,0.009859011558211528,,,,,,,,TRPHRNB001
NB,T_LDV_LTP_GSL_HEV,2020.0,T_D_pkm_ldv_t,ge,0.009859011558211528,,,,,,,,TRPHRNB001
NB,T_LDV_LTP_GSL_PHEV35,2010.0,T_D_pkm_ldv_t,ge,0.009859011558211528,,,,,,,,TRPHRNB001
NB,T_LDV_LTP_GSL_PHEV35,2015.0,T_D_pkm_ldv_t,ge,0.009859011558211528,,,,,,,,TRPHRNB001
NB,T_LDV_LTP_GSL_PHEV35,2020.0,T_D_pkm_ldv_t,ge,0.009859011558211528,,,,,,,,TRPHRNB001
NB,T_HDV_T_DSL,2000.0,T_D_tkm_hdv_t,ge,0.1439052805014612,,,,,,,,TRPHRNB001
NB,T_HDV_T_DSL,2005.0,T_D_tkm_hdv_t,ge,0.1439052805014612,,,,,,,,TRPHRNB001
NB,T_HDV_T_DSL,2010.0,T_D_tkm_hdv_t,ge,0.1439052805014612,,,,,,,,TRPHRNB001
NB,T_HDV_T_DSL,2015.0,T_D_tkm_hdv_t,ge,0.1439052805014612,,,,,,,,TRPHRNB001
NB,T_HDV_T_DSL,2020.0,T_D_tkm_hdv_t,ge,0.1439052805014612,,,,,,,,TRPHRNB001
NB,T_LDV_LTF_DSL,2000.0,T_D_tkm_ldv_t,ge,0.07052454565276339,,,,,,,,TRPHRNB001
NB,T_LDV_LTF_DSL,2005.0,T_D_tkm_ldv_t,ge,0.07052454565276339,,,,,,,,TRPHRNB001
NB,T_LDV_LTF_DSL,2010.0,T_D_tkm_ldv_t,ge,0.07052454565276339,,,,,,,,TRPHRNB001
NB,T_LDV_LTF_DSL,2015.0,T_D_tkm_ldv_t,ge,0.07052454565276339,,,,,,,,TRPHRNB001
NB,T_LDV_LTF_DSL,2020.0,T_D_tkm_ldv_t,ge,0.07052454565276339,,,,,,,,TRPHRNB001
NB,T_LDV_LTF_GSL,2000.0,T_D_tkm_ldv_t,ge,0.07052454565276339,,,,,,,,TRPHRNB001
NB,T_LDV_LTF_GSL,2005.0,T_D_tkm_ldv_t,ge,0.07052454565276339,,,,,,,,TRPHRNB001
NB,T_LDV_LTF_GSL,2010.0,T_D_tkm_ldv_t,ge,0.07052454565276339,,,,,,,,TRPHRNB001
NB,T_LDV_LTF_GSL,2015.0,T_D_tkm_ldv_t,ge,0.07052454565276339,,,,,,,,TRPHRNB001
NB,T_LDV_LTF_GSL,2020.0,T_D_tkm_ldv_t,ge,0.07052454565276339,,,,,,,,TRPHRNB001
NB,T_LDV_LTF_GSL_HEV,2010.0,T_D_tkm_ldv_t,ge,0.07052454565276339,,,,,,,,TRPHRNB001
NB,T_LDV_LTF_GSL_HEV,2015.0,T_D_tkm_ldv_t,ge,0.07052454565276339,,,,,,,,TRPHRNB001
NB,T_LDV_LTF_GSL_HEV,2020.0,T_D_tkm_ldv_t,ge,0.07052454565276339,,,,,,,,TRPHRNB001
NB,T_LDV_LTF_GSL_PHEV35,2015.0,T_D_tkm_ldv_t,ge,0.07052454565276339,,,,,,,,TRPHRNB001
NB,T_LDV_LTF_GSL_PHEV35,2020.0,T_D_tkm_ldv_t,ge,0.07052454565276339,,,,,,,,TRPHRNB001
NB,T_MDV_T_DSL,2000.0,T_D_tkm_mdv_t,ge,0.1094944462120385,,,,,,,,TRPHRNB001
NB,T_MDV_T_DSL,2005.0,T_D_tkm_mdv_t,ge,0.1094944462120385,,,,,,,,TRPHRNB001
NB,T_MDV_T_DSL,2010.0,T_D_tkm_mdv_t,ge,0.1094944462120385,,,,,,,,TRPHRNB001
NB,T_MDV_T_DSL,2015.0,T_D_tkm_mdv_t,ge,0.1094944462120385,,,,,,,,TRPHRNB001
NB,T_MDV_T_DSL,2020.0,T_D_tkm_mdv_t,ge,0.1094944462120385,,,,,,,,TRPHRNB001
NB,T_MDV_T_GSL,2000.0,T_D_tkm_mdv_t,ge,0.1094944462120385,,,,,,,,TRPHRNB001
NB,T_MDV_T_GSL,2005.0,T_D_tkm_mdv_t,ge,0.1094944462120385,,,,,,,,TRPHRNB001
NB,T_MDV_T_GSL,2010.0,T_D_tkm_mdv_t,ge,0.1094944462120385,,,,,,,,TRPHRNB001
NB,T_MDV_T_GSL,2015.0,T_D_tkm_mdv_t,ge,0.1094944462120385,,,,,,,,TRPHRNB001
NB,T_MDV_T_GSL,2020.0,T_D_tkm_mdv_t,ge,0.1094944462120385,,,,,,,,TRPHRNB001
NLLAB,T_LDV_C_BEV150,2010.0,T_D_pkm_ldv_c,ge,0.10339942379407321,,,,,,,,TRPHRNLLAB001
NLLAB,T_LDV_C_BEV150,2015.0,T_D_pkm_ldv_c,ge,0.10339942379407321,,,,,,,,TRPHRNLLAB001
NLLAB,T_LDV_C_BEV150,2020.0,T_D_pkm_ldv_c,ge,0.10339942379407321,,,,,,,,TRPHRNLLAB001
NLLAB,T_LDV_C_DSL,2005.0,T_D_pkm_ldv_c,ge,0.10339942379407321,,,,,,,,TRPHRNLLAB001
NLLAB,T_LDV_C_DSL,2010.0,T_D_pkm_ldv_c,ge,0.10339942379407321,,,,,,,,TRPHRNLLAB001
NLLAB,T_LDV_C_DSL,2015.0,T_D_pkm_ldv_c,ge,0.10339942379407321,,,,,,,,TRPHRNLLAB001
NLLAB,T_LDV_C_DSL,2020.0,T_D_pkm_ldv_c,ge,0.10339942379407321,,,,,,,,TRPHRNLLAB001
NLLAB,T_LDV_C_GSL,2005.0,T_D_pkm_ldv_c,ge,0.10339942379407321,,,,,,,,TRPHRNLLAB001
NLLAB,T_LDV_C_GSL,2010.0,T_D_pkm_ldv_c,ge,0.10339942379407321,,,,,,,,TRPHRNLLAB001
NLLAB,T_LDV_C_GSL,2015.0,T_D_pkm_ldv_c,ge,0.10339942379407321,,,,,,,,TRPHRNLLAB001
NLLAB,T_LDV_C_GSL,2020.0,T_D_pkm_ldv_c,ge,0.10339942379407321,,,,,,,,TRPHRNLLAB001
NLLAB,T_LDV_C_GSL_HEV,2010.0,T_D_pkm_ldv_c,ge,0.10339942379407321,,,,,,,,TRPHRNLLAB001
NLLAB,T_LDV_C_GSL_HEV,2015.0,T_D_pkm_ldv_c,ge,0.10339942379407321,,,,,,,,TRPHRNLLAB001
NLLAB,T_LDV_C_GSL_HEV,2020.0,T_D_pkm_ldv_c,ge,0.10339942379407321,,,,,,,,TRPHRNLLAB001
NLLAB,T_LDV_C_GSL_PHEV35,2010.0,T_D_pkm_ldv_c,ge,0.10339942379407321,,,,,,,,TRPHRNLLAB001
NLLAB,T_LDV_C_GSL_PHEV35,2015.0,T_D_pkm_ldv_c,ge,0.10339942379407321,,,,,,,,TRPHRNLLAB001
NLLAB,T_LDV_C_GSL_PHEV35,2020.0,T_D_pkm_ldv_c,ge,0.10339942379407321,,,,,,,,TRPHRNLLAB001
NLLAB,T_LDV_LTP_BEV300,2010.0,T_D_pkm_ldv_t,ge,0.004449750670003836,,,,,,,,TRPHRNLLAB001
NLLAB,T_LDV_LTP_BEV300,2015.0,T_D_pkm_ldv_t,ge,0.004449750670003836,,,,,,,,TRPHRNLLAB001
NLLAB,T_LDV_LTP_BEV300,2020.0,T_D_pkm_ldv_t,ge,0.004449750670003836,,,,,,,,TRPHRNLLAB001
NLLAB,T_LDV_LTP_DSL,2000.0,T_D_pkm_ldv_t,ge,0.004449750670003836,,,,,,,,TRPHRNLLAB001
NLLAB,T_LDV_LTP_DSL,2005.0,T_D_pkm_ldv_t,ge,0.004449750670003836,,,,,,,,TRPHRNLLAB001
NLLAB,T_LDV_LTP_DSL,2010.0,T_D_pkm_ldv_t,ge,0.004449750670003836,,,,,,,,TRPHRNLLAB001
NLLAB,T_LDV_LTP_DSL,2015.0,T_D_pkm_ldv_t,ge,0.004449750670003836,,,,,,,,TRPHRNLLAB001
NLLAB,T_LDV_LTP_DSL,2020.0,T_D_pkm_ldv_t,ge,0.004449750670003836,,,,,,,,TRPHRNLLAB001
NLLAB,T_LDV_LTP_GSL,2000.0,T_D_pkm_ldv_t,ge,0.004449750670003836,,,,,,,,TRPHRNLLAB001
NLLAB,T_LDV_LTP_GSL,2005.0,T_D_pkm_ldv_t,ge,0.004449750670003836,,,,,,,,TRPHRNLLAB001
NLLAB,T_LDV_LTP_GSL,2010.0,T_D_pkm_ldv_t,ge,0.004449750670003836,,,,,,,,TRPHRNLLAB001
NLLAB,T_LDV_LTP_GSL,2015.0,T_D_pkm_ldv_t,ge,0.004449750670003836,,,,,,,,TRPHRNLLAB001
NLLAB,T_LDV_LTP_GSL,2020.0,T_D_pkm_ldv_t,ge,0.004449750670003836,,,,,,,,TRPHRNLLAB001
NLLAB,T_LDV_LTP_GSL_HEV,2010.0,T_D_pkm_ldv_t,ge,0.004449750670003836,,,,,,,,TRPHRNLLAB001
NLLAB,T_LDV_LTP_GSL_HEV,2015.0,T_D_pkm_ldv_t,ge,0.004449750670003836,,,,,,,,TRPHRNLLAB001
NLLAB,T_LDV_LTP_GSL_HEV,2020.0,T_D_pkm_ldv_t,ge,0.004449750670003836,,,,,,,,TRPHRNLLAB001
NLLAB,T_LDV_LTP_GSL_PHEV35,2010.0,T_D_pkm_ldv_t,ge,0.004449750670003836,,,,,,,,TRPHRNLLAB001
NLLAB,T_LDV_LTP_GSL_PHEV35,2015.0,T_D_pkm_ldv_t,ge,0.004449750670003836,,,,,,,,TRPHRNLLAB001
NLLAB,T_LDV_LTP_GSL_PHEV35,2020.0,T_D_pkm_ldv_t,ge,0.004449750670003836,,,,,,,,TRPHRNLLAB001
NLLAB,T_HDV_T_DSL,2000.0,T_D_tkm_hdv_t,ge,0.4412171720098553,,,,,,,,TRPHRNLLAB001
NLLAB,T_HDV_T_DSL,2005.0,T_D_tkm_hdv_t,ge,0.4412171720098553,,,,,,,,TRPHRNLLAB001
NLLAB,T_HDV_T_DSL,2010.0,T_D_tkm_hdv_t,ge,0.4412171720098553,,,,,,,,TRPHRNLLAB001
NLLAB,T_HDV_T_DSL,2015.0,T_D_tkm_hdv_t,ge,0.4412171720098553,,,,,,,,TRPHRNLLAB001
NLLAB,T_HDV_T_DSL,2020.0,T_D_tkm_hdv_t,ge,0.4412171720098553,,,,,,,,TRPHRNLLAB001
NLLAB,T_LDV_LTF_DSL,2000.0,T_D_tkm_ldv_t,ge,0.07029255725837966,,,,,,,,TRPHRNLLAB001
NLLAB,T_LDV_LTF_DSL,2005.0,T_D_tkm_ldv_t,ge,0.07029255725837966,,,,,,,,TRPHRNLLAB001
NLLAB,T_LDV_LTF_DSL,2010.0,T_D_tkm_ldv_t,ge,0.07029255725837966,,,,,,,,TRPHRNLLAB001
NLLAB,T_LDV_LTF_DSL,2015.0,T_D_tkm_ldv_t,ge,0.07029255725837966,,,,,,,,TRPHRNLLAB001
NLLAB,T_LDV_LTF_DSL,2020.0,T_D_tkm_ldv_t,ge,0.07029255725837966,,,,,,,,TRPHRNLLAB001
NLLAB,T_LDV_LTF_GSL,2000.0,T_D_tkm_ldv_t,ge,0.07029255725837966,,,,,,,,TRPHRNLLAB001
NLLAB,T_LDV_LTF_GSL,2005.0,T_D_tkm_ldv_t,ge,0.07029255725837966,,,,,,,,TRPHRNLLAB001
NLLAB,T_LDV_LTF_GSL,2010.0,T_D_tkm_ldv_t,ge,0.07029255725837966,,,,,,,,TRPHRNLLAB001
NLLAB,T_LDV_LTF_GSL,2015.0,T_D_tkm_ldv_t,ge,0.07029255725837966,,,,,,,,TRPHRNLLAB001
NLLAB,T_LDV_LTF_GSL,2020.0,T_D_tkm_ldv_t,ge,0.07029255725837966,,,,,,,,TRPHRNLLAB001
NLLAB,T_LDV_LTF_GSL_HEV,2010.0,T_D_tkm_ldv_t,ge,0.07029255725837966,,,,,,,,TRPHRNLLAB001
NLLAB,T_LDV_LTF_GSL_HEV,2015.0,T_D_tkm_ldv_t,ge,0.07029255725837966,,,,,,,,TRPHRNLLAB001
NLLAB,T_LDV_LTF_GSL_HEV,2020.0,T_D_tkm_ldv_t,ge,0.07029255725837966,,,,,,,,TRPHRNLLAB001
NLLAB,T_LDV_LTF_GSL_PHEV35,2015.0,T_D_tkm_ldv_t,ge,0.07029255725837966,,,,,,,,TRPHRNLLAB001
NLLAB,T_LDV_LTF_GSL_PHEV35,2020.0,T_D_tkm_ldv_t,ge,0.07029255725837966,,,,,,,,TRPHRNLLAB001
NLLAB,T_MDV_T_DSL,2000.0,T_D_tkm_mdv_t,ge,0.14139433189306191,,,,,,,,TRPHRNLLAB001
NLLAB,T_MDV_T_DSL,2005.0,T_D_tkm_mdv_t,ge,0.14139433189306191,,,,,,,,TRPHRNLLAB001
NLLAB,T_MDV_T_DSL,2010.0,T_D_tkm_mdv_t,ge,0.14139433189306191,,,,,,,,TRPHRNLLAB001
NLLAB,T_MDV_T_DSL,2015.0,T_D_tkm_mdv_t,ge,0.14139433189306191,,,,,,,,TRPHRNLLAB001
NLLAB,T_MDV_T_DSL,2020.0,T_D_tkm_mdv_t,ge,0.14139433189306191,,,,,,,,TRPHRNLLAB001
NLLAB,T_MDV_T_GSL,2000.0,T_D_tkm_mdv_t,ge,0.14139433189306191,,,,,,,,TRPHRNLLAB001
NLLAB,T_MDV_T_GSL,2005.0,T_D_tkm_mdv_t,ge,0.14139433189306191,,,,,,,,TRPHRNLLAB001
NLLAB,T_MDV_T_GSL,2010.0,T_D_tkm_mdv_t,ge,0.14139433189306191,,,,,,,,TRPHRNLLAB001
NLLAB,T_MDV_T_GSL,2015.0,T_D_tkm_mdv_t,ge,0.14139433189306191,,,,,,,,TRPHRNLLAB001
NLLAB,T_MDV_T_GSL,2020.0,T_D_tkm_mdv_t,ge,0.14139433189306191,,,,,,,,TRPHRNLLAB001
NS,T_LDV_C_BEV150,2010.0,T_D_pkm_ldv_c,ge,0.006467931524434626,,,,,,,,TRPHRNS001
NS,T_LDV_C_BEV150,2015.0,T_D_pkm_ldv_c,ge,0.006467931524434626,,,,,,,,TRPHRNS001
NS,T_LDV_C_BEV150,2020.0,T_D_pkm_ldv_c,ge,0.006467931524434626,,,,,,,,TRPHRNS001
NS,T_LDV_C_DSL,2005.0,T_D_pkm_ldv_c,ge,0.006467931524434626,,,,,,,,TRPHRNS001
NS,T_LDV_C_DSL,2010.0,T_D_pkm_ldv_c,ge,0.006467931524434626,,,,,,,,TRPHRNS001
NS,T_LDV_C_DSL,2015.0,T_D_pkm_ldv_c,ge,0.006467931524434626,,,,,,,,TRPHRNS001
NS,T_LDV_C_DSL,2020.0,T_D_pkm_ldv_c,ge,0.006467931524434626,,,,,,,,TRPHRNS001
NS,T_LDV_C_GSL,2005.0,T_D_pkm_ldv_c,ge,0.006467931524434626,,,,,,,,TRPHRNS001
NS,T_LDV_C_GSL,2010.0,T_D_pkm_ldv_c,ge,0.006467931524434626,,,,,,,,TRPHRNS001
NS,T_LDV_C_GSL,2015.0,T_D_pkm_ldv_c,ge,0.006467931524434626,,,,,,,,TRPHRNS001
NS,T_LDV_C_GSL,2020.0,T_D_pkm_ldv_c,ge,0.006467931524434626,,,,,,,,TRPHRNS001
NS,T_LDV_C_GSL_HEV,2010.0,T_D_pkm_ldv_c,ge,0.006467931524434626,,,,,,,,TRPHRNS001
NS,T_LDV_C_GSL_HEV,2015.0,T_D_pkm_ldv_c,ge,0.006467931524434626,,,,,,,,TRPHRNS001
NS,T_LDV_C_GSL_HEV,2020.0,T_D_pkm_ldv_c,ge,0.006467931524434626,,,,,,,,TRPHRNS001
NS,T_LDV_C_GSL_PHEV35,2010.0,T_D_pkm_ldv_c,ge,0.006467931524434626,,,,,,,,TRPHRNS001
NS,T_LDV_C_GSL_PHEV35,2015.0,T_D_pkm_ldv_c,ge,0.006467931524434626,,,,,,,,TRPHRNS001
NS,T_LDV_C_GSL_PHEV35,2020.0,T_D_pkm_ldv_c,ge,0.006467931524434626,,,,,,,,TRPHRNS001
NS,T_LDV_LTP_BEV300,2010.0,T_D_pkm_ldv_t,ge,0.01270920410329251,,,,,,,,TRPHRNS001
NS,T_LDV_LTP_BEV300,2015.0,T_D_pkm_ldv_t,ge,0.01270920410329251,,,,,,,,TRPHRNS001
NS,T_LDV_LTP_BEV300,2020.0,T_D_pkm_ldv_t,ge,0.01270920410329251,,,,,,,,TRPHRNS001
NS,T_LDV_LTP_DSL,2000.0,T_D_pkm_ldv_t,ge,0.01270920410329251,,,,,,,,TRPHRNS001
NS,T_LDV_LTP_DSL,2005.0,T_D_pkm_ldv_t,ge,0.01270920410329251,,,,,,,,TRPHRNS001
NS,T_LDV_LTP_DSL,2010.0,T_D_pkm_ldv_t,ge,0.01270920410329251,,,,,,,,TRPHRNS001
NS,T_LDV_LTP_DSL,2015.0,T_D_pkm_ldv_t,ge,0.01270920410329251,,,,,,,,TRPHRNS001
NS,T_LDV_LTP_DSL,2020.0,T_D_pkm_ldv_t,ge,0.01270920410329251,,,,,,,,TRPHRNS001
NS,T_LDV_LTP_GSL,2000.0,T_D_pkm_ldv_t,ge,0.01270920410329251,,,,,,,,TRPHRNS001
NS,T_LDV_LTP_GSL,2005.0,T_D_pkm_ldv_t,ge,0.01270920410329251,,,,,,,,TRPHRNS001
NS,T_LDV_LTP_GSL,2010.0,T_D_pkm_ldv_t,ge,0.01270920410329251,,,,,,,,TRPHRNS001
NS,T_LDV_LTP_GSL,2015.0,T_D_pkm_ldv_t,ge,0.01270920410329251,,,,,,,,TRPHRNS001
NS,T_LDV_LTP_GSL,2020.0,T_D_pkm_ldv_t,ge,0.01270920410329251,,,,,,,,TRPHRNS001
NS,T_LDV_LTP_GSL_HEV,2010.0,T_D_pkm_ldv_t,ge,0.01270920410329251,,,,,,,,TRPHRNS001
NS,T_LDV_LTP_GSL_HEV,2015.0,T_D_pkm_ldv_t,ge,0.01270920410329251,,,,,,,,TRPHRNS001
NS,T_LDV_LTP_GSL_HEV,2020.0,T_D_pkm_ldv_t,ge,0.01270920410329251,,,,,,,,TRPHRNS001
NS,T_LDV_LTP_GSL_PHEV35,2010.0,T_D_pkm_ldv_t,ge,0.01270920410329251,,,,,,,,TRPHRNS001
NS,T_LDV_LTP_GSL_PHEV35,2015.0,T_D_pkm_ldv_t,ge,0.01270920410329251,,,,,,,,TRPHRNS001
NS,T_LDV_LTP_GSL_PHEV35,2020.0,T_D_pkm_ldv_t,ge,0.01270920410329251,,,,,,,,TRPHRNS001
NS,T_HDV_T_DSL,2000.0,T_D_tkm_hdv_t,ge,0.20481913773306135,,,,,,,,TRPHRNS001
NS,T_HDV_T_DSL,2005.0,T_D_tkm_hdv_t,ge,0.20481913773306135,,,,,,,,TRPHRNS001
NS,T_HDV_T_DSL,2010.0,T_D_tkm_hdv_t,ge,0.20481913773306135,,,,,,,,TRPHRNS001
NS,T_HDV_T_DSL,2015.0,T_D_tkm_hdv_t,ge,0.20481913773306135,,,,,,,,TRPHRNS001
NS,T_HDV_T_DSL,2020.0,T_D_tkm_hdv_t,ge,0.20481913773306135,,,,,,,,TRPHRNS001
NS,T_LDV_LTF_DSL,2000.0,T_D_tkm_ldv_t,ge,0.07084749999482444,,,,,,,,TRPHRNS001
NS,T_LDV_LTF_DSL,2005.0,T_D_tkm_ldv_t,ge,0.07084749999482444,,,,,,,,TRPHRNS001
NS,T_LDV_LTF_DSL,2010.0,T_D_tkm_ldv_t,ge,0.07084749999482444,,,,,,,,TRPHRNS001
NS,T_LDV_LTF_DSL,2015.0,T_D_tkm_ldv_t,ge,0.07084749999482444,,,,,,,,TRPHRNS001
NS,T_LDV_LTF_DSL,2020.0,T_D_tkm_ldv_t,ge,0.07084749999482444,,,,,,,,TRPHRNS001
NS,T_LDV_LTF_GSL,2000.0,T_D_tkm_ldv_t,ge,0.07084749999482444,,,,,,,,TRPHRNS001
NS,T_LDV_LTF_GSL,2005.0,T_D_tkm_ldv_t,ge,0.07084749999482444,,,,,,,,TRPHRNS001
NS,T_LDV_LTF_GSL,2010.0,T_D_tkm_ldv_t,ge,0.07084749999482444,,,,,,,,TRPHRNS001
NS,T_LDV_LTF_GSL,2015.0,T_D_tkm_ldv_t,ge,0.07084749999482444,,,,,,,,TRPHRNS001
NS,T_LDV_LTF_GSL,2020.0,T_D_tkm_ldv_t,ge,0.07084749999482444,,,,,,,,TRPHRNS001
NS,T_LDV_LTF_GSL_HEV,2010.0,T_D_tkm_ldv_t,ge,0.07084749999482444,,,,,,,,TRPHRNS001
NS,T_LDV_LTF_GSL_HEV,2015.0,T_D_tkm_ldv_t,ge,0.07084749999482444,,,,,,,,TRPHRNS001
NS,T_LDV_LTF_GSL_HEV,2020.0,T_D_tkm_ldv_t,ge,0.07084749999482444,,,,,,,,TRPHRNS001
NS,T_LDV_LTF_GSL_PHEV35,2015.0,T_D_tkm_ldv_t,ge,0.07084749999482444,,,,,,,,TRPHRNS001
NS,T_LDV_LTF_GSL_PHEV35,2020.0,T_D_tkm_ldv_t,ge,0.07084749999482444,,,,,,,,TRPHRNS001
NS,T_MDV_T_DSL,2000.0,T_D_tkm_mdv_t,ge,0.08073149933466532,,,,,,,,TRPHRNS001
NS,T_MDV_T_DSL,2005.0,T_D_tkm_mdv_t,ge,0.08073149933466532,,,,,,,,TRPHRNS001
NS,T_MDV_T_DSL,2010.0,T_D_tkm_mdv_t,ge,0.08073149933466532,,,,,,,,TRPHRNS001
NS,T_MDV_T_DSL,2015.0,T_D_tkm_mdv_t,ge,0.08073149933466532,,,,,,,,TRPHRNS001
NS,T_MDV_T_DSL,2020.0,T_D_tkm_mdv_t,ge,0.08073149933466532,,,,,,,,TRPHRNS001
NS,T_MDV_T_GSL,2000.0,T_D_tkm_mdv_t,ge,0.08073149933466532,,,,,,,,TRPHRNS001
NS,T_MDV_T_GSL,2005.0,T_D_tkm_mdv_t,ge,0.08073149933466532,,,,,,,,TRPHRNS001
NS,T_MDV_T_GSL,2010.0,T_D_tkm_mdv_t,ge,0.08073149933466532,,,,,,,,TRPHRNS001
NS,T_MDV_T_GSL,2015.0,T_D_tkm_mdv_t,ge,0.08073149933466532,,,,,,,,TRPHRNS001
NS,T_MDV_T_GSL,2020.0,T_D_tkm_mdv_t,ge,0.08073149933466532,,,,,,,,TRPHRNS001
ON,T_LDV_C_BEV150,2010.0,T_D_pkm_ldv_c,ge,0.03813573851431516,,,,,,,,TRPHRON001
ON,T_LDV_C_BEV150,2015.0,T_D_pkm_ldv_c,ge,0.03813573851431516,,,,,,,,TRPHRON001
ON,T_LDV_C_BEV150,2020.0,T_D_pkm_ldv_c,ge,0.03813573851431516,,,,,,,,TRPHRON001
ON,T_LDV_C_DSL,2005.0,T_D_pkm_ldv_c,ge,0.03813573851431516,,,,,,,,TRPHRON001
ON,T_LDV_C_DSL,2010.0,T_D_pkm_ldv_c,ge,0.03813573851431516,,,,,,,,TRPHRON001
ON,T_LDV_C_DSL,2015.0,T_D_pkm_ldv_c,ge,0.03813573851431516,,,,,,,,TRPHRON001
ON,T_LDV_C_DSL,2020.0,T_D_pkm_ldv_c,ge,0.03813573851431516,,,,,,,,TRPHRON001
ON,T_LDV_C_GSL,2005.0,T_D_pkm_ldv_c,ge,0.03813573851431516,,,,,,,,TRPHRON001
ON,T_LDV_C_GSL,2010.0,T_D_pkm_ldv_c,ge,0.03813573851431516,,,,,,,,TRPHRON001
ON,T_LDV_C_GSL,2015.0,T_D_pkm_ldv_c,ge,0.03813573851431516,,,,,,,,TRPHRON001
ON,T_LDV_C_GSL,2020.0,T_D_pkm_ldv_c,ge,0.03813573851431516,,,,,,,,TRPHRON001
ON,T_LDV_C_GSL_HEV,2010.0,T_D_pkm_ldv_c,ge,0.03813573851431516,,,,,,,,TRPHRON001
ON,T_LDV_C_GSL_HEV,2015.0,T_D_pkm_ldv_c,ge,0.03813573851431516,,,,,,,,TRPHRON001
ON,T_LDV_C_GSL_HEV,2020.0,T_D_pkm_ldv_c,ge,0.03813573851431516,,,,,,,,TRPHRON001
ON,T_LDV_C_GSL_PHEV35,2010.0,T_D_pkm_ldv_c,ge,0.03813573851431516,,,,,,,,TRPHRON001
ON,T_LDV_C_GSL_PHEV35,2015.0,T_D_pkm_ldv_c,ge,0.03813573851431516,,,,,,,,TRPHRON001
ON,T_LDV_C_GSL_PHEV35,2020.0,T_D_pkm_ldv_c,ge,0.03813573851431516,,,,,,,,TRPHRON001
ON,T_LDV_LTP_BEV300,2010.0,T_D_pkm_ldv_t,ge,0.018657189374456484,,,,,,,,TRPHRON001
ON,T_LDV_LTP_BEV300,2015.0,T_D_pkm_ldv_t,ge,0.018657189374456484,,,,,,,,TRPHRON001
ON,T_LDV_LTP_BEV300,2020.0,T_D_pkm_ldv_t,ge,0.018657189374456484,,,,,,,,TRPHRON001
ON,T_LDV_LTP_DSL,2000.0,T_D_pkm_ldv_t,ge,0.018657189374456484,,,,,,,,TRPHRON001
ON,T_LDV_LTP_DSL,2005.0,T_D_pkm_ldv_t,ge,0.018657189374456484,,,,,,,,TRPHRON001
ON,T_LDV_LTP_DSL,2010.0,T_D_pkm_ldv_t,ge,0.018657189374456484,,,,,,,,TRPHRON001
ON,T_LDV_LTP_DSL,2015.0,T_D_pkm_ldv_t,ge,0.018657189374456484,,,,,,,,TRPHRON001
ON,T_LDV_LTP_DSL,2020.0,T_D_pkm_ldv_t,ge,0.018657189374456484,,,,,,,,TRPHRON001
ON,T_LDV_LTP_GSL,2000.0,T_D_pkm_ldv_t,ge,0.018657189374456484,,,,,,,,TRPHRON001
ON,T_LDV_LTP_GSL,2005.0,T_D_pkm_ldv_t,ge,0.018657189374456484,,,,,,,,TRPHRON001
ON,T_LDV_LTP_GSL,2010.0,T_D_pkm_ldv_t,ge,0.018657189374456484,,,,,,,,TRPHRON001
ON,T_LDV_LTP_GSL,2015.0,T_D_pkm_ldv_t,ge,0.018657189374456484,,,,,,,,TRPHRON001
ON,T_LDV_LTP_GSL,2020.0,T_D_pkm_ldv_t,ge,0.018657189374456484,,,,,,,,TRPHRON001
ON,T_LDV_LTP_GSL_HEV,2010.0,T_D_pkm_ldv_t,ge,0.018657189374456484,,,,,,,,TRPHRON001
ON,T_LDV_LTP_GSL_HEV,2015.0,T_D_pkm_ldv_t,ge,0.018657189374456484,,,,,,,,TRPHRON001
ON,T_LDV_LTP_GSL_HEV,2020.0,T_D_pkm_ldv_t,ge,0.018657189374456484,,,,,,,,TRPHRON001
ON,T_LDV_LTP_GSL_PHEV35,2010.0,T_D_pkm_ldv_t,ge,0.018657189374456484,,,,,,,,TRPHRON001
ON,T_LDV_LTP_GSL_PHEV35,2015.0,T_D_pkm_ldv_t,ge,0.018657189374456484,,,,,,,,TRPHRON001
ON,T_LDV_LTP_GSL_PHEV35,2020.0,T_D_pkm_ldv_t,ge,0.018657189374456484,,,,,,,,TRPHRON001
ON,T_HDV_T_DSL,2000.0,T_D_tkm_hdv_t,ge,0.058207202712203934,,,,,,,,TRPHRON001
ON,T_HDV_T_DSL,2005.0,T_D_tkm_hdv_t,ge,0.058207202712203934,,,,,,,,TRPHRON001
ON,T_HDV_T_DSL,2010.0,T_D_tkm_hdv_t,ge,0.058207202712203934,,,,,,,,TRPHRON001
ON,T_HDV_T_DSL,2015.0,T_D_tkm_hdv_t,ge,0.058207202712203934,,,,,,,,TRPHRON001
ON,T_HDV_T_DSL,2020.0,T_D_tkm_hdv_t,ge,0.058207202712203934,,,,,,,,TRPHRON001
ON,T_LDV_LTF_DSL,2000.0,T_D_tkm_ldv_t,ge,0.03599157292658742,,,,,,,,TRPHRON001
ON,T_LDV_LTF_DSL,2005.0,T_D_tkm_ldv_t,ge,0.03599157292658742,,,,,,,,TRPHRON001
ON,T_LDV_LTF_DSL,2010.0,T_D_tkm_ldv_t,ge,0.03599157292658742,,,,,,,,TRPHRON001
ON,T_LDV_LTF_DSL,2015.0,T_D_tkm_ldv_t,ge,0.03599157292658742,,,,,,,,TRPHRON001
ON,T_LDV_LTF_DSL,2020.0,T_D_tkm_ldv_t,ge,0.03599157292658742,,,,,,,,TRPHRON001
ON,T_LDV_LTF_GSL,2000.0,T_D_tkm_ldv_t,ge,0.03599157292658742,,,,,,,,TRPHRON001
ON,T_LDV_LTF_GSL,2005.0,T_D_tkm_ldv_t,ge,0.03599157292658742,,,,,,,,TRPHRON001
ON,T_LDV_LTF_GSL,2010.0,T_D_tkm_ldv_t,ge,0.03599157292658742,,,,,,,,TRPHRON001
ON,T_LDV_LTF_GSL,2015.0,T_D_tkm_ldv_t,ge,0.03599157292658742,,,,,,,,TRPHRON001
ON,T_LDV_LTF_GSL,2020.0,T_D_tkm_ldv_t,ge,0.03599157292658742,,,,,,,,TRPHRON001
ON,T_LDV_LTF_GSL_HEV,2010.0,T_D_tkm_ldv_t,ge,0.03599157292658742,,,,,,,,TRPHRON001
ON,T_LDV_LTF_GSL_HEV,2015.0,T_D_tkm_ldv_t,ge,0.03599157292658742,,,,,,,,TRPHRON001
ON,T_LDV_LTF_GSL_HEV,2020.0,T_D_tkm_ldv_t,ge,0.03599157292658742,,,,,,,,TRPHRON001
ON,T_LDV_LTF_GSL_PHEV35,2015.0,T_D_tkm_ldv_t,ge,0.03599157292658742,,,,,,,,TRPHRON001
ON,T_LDV_LTF_GSL_PHEV35,2020.0,T_D_tkm_ldv_t,ge,0.03599157292658742,,,,,,,,TRPHRON001
ON,T_MDV_T_DSL,2000.0,T_D_tkm_mdv_t,ge,0.012390097438005081,,,,,,,,TRPHRON001
ON,T_MDV_T_DSL,2005.0,T_D_tkm_mdv_t,ge,0.012390097438005081,,,,,,,,TRPHRON001
ON,T_MDV_T_DSL,2010.0,T_D_tkm_mdv_t,ge,0.012390097438005081,,,,,,,,TRPHRON001
ON,T_MDV_T_DSL,2015.0,T_D_tkm_mdv_t,ge,0.012390097438005081,,,,,,,,TRPHRON001
ON,T_MDV_T_DSL,2020.0,T_D_tkm_mdv_t,ge,0.012390097438005081,,,,,,,,TRPHRON001
ON,T_MDV_T_GSL,2000.0,T_D_tkm_mdv_t,ge,0.012390097438005081,,,,,,,,TRPHRON001
ON,T_MDV_T_GSL,2005.0,T_D_tkm_mdv_t,ge,0.012390097438005081,,,,,,,,TRPHRON001
ON,T_MDV_T_GSL,2010.0,T_D_tkm_mdv_t,ge,0.012390097438005081,,,,,,,,TRPHRON001
ON,T_MDV_T_GSL,2015.0,T_D_tkm_mdv_t,ge,0.012390097438005081,,,,,,,,TRPHRON001
ON,T_MDV_T_GSL,2020.0,T_D_tkm_mdv_t,ge,0.012390097438005081,,,,,,,,TRPHRON001
PEI,T_LDV_C_BEV150,2010.0,T_D_pkm_ldv_c,ge,0.38521988350950725,,,,,,,,TRPHRPEI001
PEI,T_LDV_C_BEV150,2015.0,T_D_pkm_ldv_c,ge,0.38521988350950725,,,,,,,,TRPHRPEI001
PEI,T_LDV_C_BEV150,2020.0,T_D_pkm_ldv_c,ge,0.38521988350950725,,,,,,,,TRPHRPEI001
PEI,T_LDV_C_DSL,2005.0,T_D_pkm_ldv_c,ge,0.38521988350950725,,,,,,,,TRPHRPEI001
PEI,T_LDV_C_DSL,2010.0,T_D_pkm_ldv_c,ge,0.38521988350950725,,,,,,,,TRPHRPEI001
PEI,T_LDV_C_DSL,2015.0,T_D_pkm_ldv_c,ge,0.38521988350950725,,,,,,,,TRPHRPEI001
PEI,T_LDV_C_DSL,2020.0,T_D_pkm_ldv_c,ge,0.38521988350950725,,,,,,,,TRPHRPEI001
PEI,T_LDV_C_GSL,2005.0,T_D_pkm_ldv_c,ge,0.38521988350950725,,,,,,,,TRPHRPEI001
PEI,T_LDV_C_GSL,2010.0,T_D_pkm_ldv_c,ge,0.38521988350950725,,,,,,,,TRPHRPEI001
PEI,T_LDV_C_GSL,2015.0,T_D_pkm_ldv_c,ge,0.38521988350950725,,,,,,,,TRPHRPEI001
PEI,T_LDV_C_GSL,2020.0,T_D_pkm_ldv_c,ge,0.38521988350950725,,,,,,,,TRPHRPEI001
PEI,T_LDV_C_GSL_HEV,2010.0,T_D_pkm_ldv_c,ge,0.38521988350950725,,,,,,,,TRPHRPEI001
PEI,T_LDV_C_GSL_HEV,2015.0,T_D_pkm_ldv_c,ge,0.38521988350950725,,,,,,,,TRPHRPEI001
PEI,T_LDV_C_GSL_HEV,2020.0,T_D_pkm_ldv_c,ge,0.38521988350950725,,,,,,,,TRPHRPEI001
PEI,T_LDV_C_GSL_PHEV35,2010.0,T_D_pkm_ldv_c,ge,0.38521988350950725,,,,,,,,TRPHRPEI001
PEI,T_LDV_C_GSL_PHEV35,2015.0,T_D_pkm_ldv_c,ge,0.38521988350950725,,,,,,,,TRPHRPEI001
PEI,T_LDV_C_GSL_PHEV35,2020.0,T_D_pkm_ldv_c,ge,0.38521988350950725,,,,,,,,TRPHRPEI001
PEI,T_LDV_LTP_BEV300,2010.0,T_D_pkm_ldv_t,ge,0.20501056761139178,,,,,,,,TRPHRPEI001
PEI,T_LDV_LTP_BEV300,2015.0,T_D_pkm_ldv_t,ge,0.20501056761139178,,,,,,,,TRPHRPEI001
PEI,T_LDV_LTP_BEV300,2020.0,T_D_pkm_ldv_t,ge,0.20501056761139178,,,,,,,,TRPHRPEI001
PEI,T_LDV_LTP_DSL,2000.0,T_D_pkm_ldv_t,ge,0.20501056761139178,,,,,,,,TRPHRPEI001
PEI,T_LDV_LTP_DSL,2005.0,T_D_pkm_ldv_t,ge,0.20501056761139178,,,,,,,,TRPHRPEI001
PEI,T_LDV_LTP_DSL,2010.0,T_D_pkm_ldv_t,ge,0.20501056761139178,,,,,,,,TRPHRPEI001
PEI,T_LDV_LTP_DSL,2015.0,T_D_pkm_ldv_t,ge,0.20501056761139178,,,,,,,,TRPHRPEI001
PEI,T_LDV_LTP_DSL,2020.0,T_D_pkm_ldv_t,ge,0.20501056761139178,,,,,,,,TRPHRPEI001
PEI,T_LDV_LTP_GSL,2000.0,T_D_pkm_ldv_t,ge,0.20501056761139178,,,,,,,,TRPHRPEI001
PEI,T_LDV_LTP_GSL,2005.0,T_D_pkm_ldv_t,ge,0.20501056761139178,,,,,,,,TRPHRPEI001
PEI,T_LDV_LTP_GSL,2010.0,T_D_pkm_ldv_t,ge,0.20501056761139178,,,,,,,,TRPHRPEI001
PEI,T_LDV_LTP_GSL,2015.0,T_D_pkm_ldv_t,ge,0.20501056761139178,,,,,,,,TRPHRPEI001
PEI,T_LDV_LTP_GSL,2020.0,T_D_pkm_ldv_t,ge,0.20501056761139178,,,,,,,,TRPHRPEI001
PEI,T_LDV_LTP_GSL_HEV,2010.0,T_D_pkm_ldv_t,ge,0.20501056761139178,,,,,,,,TRPHRPEI001
PEI,T_LDV_LTP_GSL_HEV,2015.0,T_D_pkm_ldv_t,ge,0.20501056761139178,,,,,,,,TRPHRPEI001
PEI,T_LDV_LTP_GSL_HEV,2020.0,T_D_pkm_ldv_t,ge,0.20501056761139178,,,,,,,,TRPHRPEI001
PEI,T_LDV_LTP_GSL_PHEV35,2010.0,T_D_pkm_ldv_t,ge,0.20501056761139178,,,,,,,,TRPHRPEI001
PEI,T_LDV_LTP_GSL_PHEV35,2015.0,T_D_pkm_ldv_t,ge,0.20501056761139178,,,,,,,,TRPHRPEI001
PEI,T_LDV_LTP_GSL_PHEV35,2020.0,T_D_pkm_ldv_t,ge,0.20501056761139178,,,,,,,,TRPHRPEI001
PEI,T_HDV_T_DSL,2000.0,T_D_tkm_hdv_t,ge,0.9128471055378504,,,,,,,,TRPHRPEI001
PEI,T_HDV_T_DSL,2005.0,T_D_tkm_hdv_t,ge,0.9128471055378504,,,,,,,,TRPHRPEI001
PEI,T_HDV_T_DSL,2010.0,T_D_tkm_hdv_t,ge,0.9128471055378504,,,,,,,,TRPHRPEI001
PEI,T_HDV_T_DSL,2015.0,T_D_tkm_hdv_t,ge,0.9128471055378504,,,,,,,,TRPHRPEI001
PEI,T_HDV_T_DSL,2020.0,T_D_tkm_hdv_t,ge,0.9128471055378504,,,,,,,,TRPHRPEI001
PEI,T_LDV_LTF_DSL,2000.0,T_D_tkm_ldv_t,ge,0.25944521773535856,,,,,,,,TRPHRPEI001
PEI,T_LDV_LTF_DSL,2005.0,T_D_tkm_ldv_t,ge,0.25944521773535856,,,,,,,,TRPHRPEI001
PEI,T_LDV_LTF_DSL,2010.0,T_D_tkm_ldv_t,ge,0.25944521773535856,,,,,,,,TRPHRPEI001
PEI,T_LDV_LTF_DSL,2015.0,T_D_tkm_ldv_t,ge,0.25944521773535856,,,,,,,,TRPHRPEI001
PEI,T_LDV_LTF_DSL,2020.0,T_D_tkm_ldv_t,ge,0.25944521773535856,,,,,,,,TRPHRPEI001
PEI,T_LDV_LTF_GSL,2000.0,T_D_tkm_ldv_t,ge,0.25944521773535856,,,,,,,,TRPHRPEI001
PEI,T_LDV_LTF_GSL,2005.0,T_D_tkm_ldv_t,ge,0.25944521773535856,,,,,,,,TRPHRPEI001
PEI,T_LDV_LTF_GSL,2010.0,T_D_tkm_ldv_t,ge,0.25944521773535856,,,,,,,,TRPHRPEI001
PEI,T_LDV_LTF_GSL,2015.0,T_D_tkm_ldv_t,ge,0.25944521773535856,,,,,,,,TRPHRPEI001
PEI,T_LDV_LTF_GSL,2020.0,T_D_tkm_ldv_t,ge,0.25944521773535856,,,,,,,,TRPHRPEI001
PEI,T_LDV_LTF_GSL_HEV,2010.0,T_D_tkm_ldv_t,ge,0.25944521773535856,,,,,,,,TRPHRPEI001
PEI,T_LDV_LTF_GSL_HEV,2015.0,T_D_tkm_ldv_t,ge,0.25944521773535856,,,,,,,,TRPHRPEI001
PEI,T_LDV_LTF_GSL_HEV,2020.0,T_D_tkm_ldv_t,ge,0.25944521773535856,,,,,,,,TRPHRPEI001
PEI,T_LDV_LTF_GSL_PHEV35,2015.0,T_D_tkm_ldv_t,ge,0.25944521773535856,,,,,,,,TRPHRPEI001
PEI,T_LDV_LTF_GSL_PHEV35,2020.0,T_D_tkm_ldv_t,ge,0.25944521773535856,,,,,,,,TRPHRPEI001
PEI,T_MDV_T_DSL,2000.0,T_D_tkm_mdv_t,ge,0.6320188894054158,,,,,,,,TRPHRPEI001
PEI,T_MDV_T_DSL,2005.0,T_D_tkm_mdv_t,ge,0.6320188894054158,,,,,,,,TRPHRPEI001
PEI,T_MDV_T_DSL,2010.0,T_D_tkm_mdv_t,ge,0.6320188894054158,,,,,,,,TRPHRPEI001
PEI,T_MDV_T_DSL,2015.0,T_D_tkm_mdv_t,ge,0.6320188894054158,,,,,,,,TRPHRPEI001
PEI,T_MDV_T_DSL,2020.0,T_D_tkm_mdv_t,ge,0.6320188894054158,,,,,,,,TRPHRPEI001
PEI,T_MDV_T_GSL,2000.0,T_D_tkm_mdv_t,ge,0.6320188894054158,,,,,,,,TRPHRPEI001
PEI,T_MDV_T_GSL,2005.0,T_D_tkm_mdv_t,ge,0.6320188894054158,,,,,,,,TRPHRPEI001
PEI,T_MDV_T_GSL,2010.0,T_D_tkm_mdv_t,ge,0.6320188894054158,,,,,,,,TRPHRPEI001
PEI,T_MDV_T_GSL,2015.0,T_D_tkm_mdv_t,ge,0.6320188894054158,,,,,,,,TRPHRPEI001
PEI,T_MDV_T_GSL,2020.0,T_D_tkm_mdv_t,ge,0.6320188894054158,,,,,,,,TRPHRPEI001
QC,T_LDV_C_BEV150,2010.0,T_D_pkm_ldv_c,ge,0.028515698109961424,,,,,,,,TRPHRQC001
QC,T_LDV_C_BEV150,2015.0,T_D_pkm_ldv_c,ge,0.028515698109961424,,,,,,,,TRPHRQC001
QC,T_LDV_C_BEV150,2020.0,T_D_pkm_ldv_c,ge,0.028515698109961424,,,,,,,,TRPHRQC001
QC,T_LDV_C_DSL,2005.0,T_D_pkm_ldv_c,ge,0.028515698109961424,,,,,,,,TRPHRQC001
QC,T_LDV_C_DSL,2010.0,T_D_pkm_ldv_c,ge,0.028515698109961424,,,,,,,,TRPHRQC001
QC,T_LDV_C_DSL,2015.0,T_D_pkm_ldv_c,ge,0.028515698109961424,,,,,,,,TRPHRQC001
QC,T_LDV_C_DSL,2020.0,T_D_pkm_ldv_c,ge,0.028515698109961424,,,,,,,,TRPHRQC001
QC,T_LDV_C_GSL,2005.0,T_D_pkm_ldv_c,ge,0.028515698109961424,,,,,,,,TRPHRQC001
QC,T_LDV_C_GSL,2010.0,T_D_pkm_ldv_c,ge,0.028515698109961424,,,,,,,,TRPHRQC001
QC,T_LDV_C_GSL,2015.0,T_D_pkm_ldv_c,ge,0.028515698109961424,,,,,,,,TRPHRQC001
QC,T_LDV_C_GSL,2020.0,T_D_pkm_ldv_c,ge,0.028515698109961424,,,,,,,,TRPHRQC001
QC,T_LDV_C_GSL_HEV,2010.0,T_D_pkm_ldv_c,ge,0.028515698109961424,,,,,,,,TRPHRQC001
QC,T_LDV_C_GSL_HEV,2015.0,T_D_pkm_ldv_c,ge,0.028515698109961424,,,,,,,,TRPHRQC001
QC,T_LDV_C_GSL_HEV,2020.0,T_D_pkm_ldv_c,ge,0.028515698109961424,,,,,,,,TRPHRQC001
QC,T_LDV_C_GSL_PHEV35,2010.0,T_D_pkm_ldv_c,ge,0.028515698109961424,,,,,,,,TRPHRQC001
QC,T_LDV_C_GSL_PHEV35,2015.0,T_D_pkm_ldv_c,ge,0.028515698109961424,,,,,,,,TRPHRQC001
QC,T_LDV_C_GSL_PHEV35,2020.0,T_D_pkm_ldv_c,ge,0.028515698109961424,,,,,,,,TRPHRQC001
QC,T_LDV_LTP_BEV300,2010.0,T_D_pkm_ldv_t,ge,0.01460672970170395,,,,,,,,TRPHRQC001
QC,T_LDV_LTP_BEV300,2015.0,T_D_pkm_ldv_t,ge,0.01460672970170395,,,,,,,,TRPHRQC001
QC,T_LDV_LTP_BEV300,2020.0,T_D_pkm_ldv_t,ge,0.01460672970170395,,,,,,,,TRPHRQC001
QC,T_LDV_LTP_DSL,2000.0,T_D_pkm_ldv_t,ge,0.01460672970170395,,,,,,,,TRPHRQC001
QC,T_LDV_LTP_DSL,2005.0,T_D_pkm_ldv_t,ge,0.01460672970170395,,,,,,,,TRPHRQC001
QC,T_LDV_LTP_DSL,2010.0,T_D_pkm_ldv_t,ge,0.01460672970170395,,,,,,,,TRPHRQC001
QC,T_LDV_LTP_DSL,2015.0,T_D_pkm_ldv_t,ge,0.01460672970170395,,,,,,,,TRPHRQC001
QC,T_LDV_LTP_DSL,2020.0,T_D_pkm_ldv_t,ge,0.01460672970170395,,,,,,,,TRPHRQC001
QC,T_LDV_LTP_GSL,2000.0,T_D_pkm_ldv_t,ge,0.01460672970170395,,,,,,,,TRPHRQC001
QC,T_LDV_LTP_GSL,2005.0,T_D_pkm_ldv_t,ge,0.01460672970170395,,,,,,,,TRPHRQC001
QC,T_LDV_LTP_GSL,2010.0,T_D_pkm_ldv_t,ge,0.01460672970170395,,,,,,,,TRPHRQC001
QC,T_LDV_LTP_GSL,2015.0,T_D_pkm_ldv_t,ge,0.01460672970170395,,,,,,,,TRPHRQC001
QC,T_LDV_LTP_GSL,2020.0,T_D_pkm_ldv_t,ge,0.01460672970170395,,,,,,,,TRPHRQC001
QC,T_LDV_LTP_GSL_HEV,2010.0,T_D_pkm_ldv_t,ge,0.01460672970170395,,,,,,,,TRPHRQC001
QC,T_LDV_LTP_GSL_HEV,2015.0,T_D_pkm_ldv_t,ge,0.01460672970170395,,,,,,,,TRPHRQC001
QC,T_LDV_LTP_GSL_HEV,2020.0,T_D_pkm_ldv_t,ge,0.01460672970170395,,,,,,,,TRPHRQC001
QC,T_LDV_LTP_GSL_PHEV35,2010.0,T_D_pkm_ldv_t,ge,0.01460672970170395,,,,,,,,TRPHRQC001
QC,T_LDV_LTP_GSL_PHEV35,2015.0,T_D_pkm_ldv_t,ge,0.01460672970170395,,,,,,,,TRPHRQC001
QC,T_LDV_LTP_GSL_PHEV35,2020.0,T_D_pkm_ldv_t,ge,0.01460672970170395,,,,,,,,TRPHRQC001
QC,T_HDV_T_DSL,2000.0,T_D_tkm_hdv_t,ge,0.07414299872016254,,,,,,,,TRPHRQC001
QC,T_HDV_T_DSL,2005.0,T_D_tkm_hdv_t,ge,0.07414299872016254,,,,,,,,TRPHRQC001
QC,T_HDV_T_DSL,2010.0,T_D_tkm_hdv_t,ge,0.07414299872016254,,,,,,,,TRPHRQC001
QC,T_HDV_T_DSL,2015.0,T_D_tkm_hdv_t,ge,0.07414299872016254,,,,,,,,TRPHRQC001
QC,T_HDV_T_DSL,2020.0,T_D_tkm_hdv_t,ge,0.07414299872016254,,,,,,,,TRPHRQC001
QC,T_LDV_LTF_DSL,2000.0,T_D_tkm_ldv_t,ge,0.033276420136525556,,,,,,,,TRPHRQC001
QC,T_LDV_LTF_DSL,2005.0,T_D_tkm_ldv_t,ge,0.033276420136525556,,,,,,,,TRPHRQC001
QC,T_LDV_LTF_DSL,2010.0,T_D_tkm_ldv_t,ge,0.033276420136525556,,,,,,,,TRPHRQC001
QC,T_LDV_LTF_DSL,2015.0,T_D_tkm_ldv_t,ge,0.033276420136525556,,,,,,,,TRPHRQC001
QC,T_LDV_LTF_DSL,2020.0,T_D_tkm_ldv_t,ge,0.033276420136525556,,,,,,,,TRPHRQC001
QC,T_LDV_LTF_GSL,2000.0,T_D_tkm_ldv_t,ge,0.033276420136525556,,,,,,,,TRPHRQC001
QC,T_LDV_LTF_GSL,2005.0,T_D_tkm_ldv_t,ge,0.033276420136525556,,,,,,,,TRPHRQC001
QC,T_LDV_LTF_GSL,2010.0,T_D_tkm_ldv_t,ge,0.033276420136525556,,,,,,,,TRPHRQC001
QC,T_LDV_LTF_GSL,2015.0,T_D_tkm_ldv_t,ge,0.033276420136525556,,,,,,,,TRPHRQC001
QC,T_LDV_LTF_GSL,2020.0,T_D_tkm_ldv_t,ge,0.033276420136525556,,,,,,,,TRPHRQC001
QC,T_LDV_LTF_GSL_HEV,2010.0,T_D_tkm_ldv_t,ge,0.033276420136525556,,,,,,,,TRPHRQC001
QC,T_LDV_LTF_GSL_HEV,2015.0,T_D_tkm_ldv_t,ge,0.033276420136525556,,,,,,,,TRPHRQC001
QC,T_LDV_LTF_GSL_HEV,2020.0,T_D_tkm_ldv_t,ge,0.033276420136525556,,,,,,,,TRPHRQC001
QC,T_LDV_LTF_GSL_PHEV35,2015.0,T_D_tkm_ldv_t,ge,0.033276420136525556,,,,,,,,TRPHRQC001
QC,T_LDV_LTF_GSL_PHEV35,2020.0,T_D_tkm_ldv_t,ge,0.033276420136525556,,,,,,,,TRPHRQC001
QC,T_MDV_T_DSL,2000.0,T_D_tkm_mdv_t,ge,0.014371274106893282,,,,,,,,TRPHRQC001
QC,T_MDV_T_DSL,2005.0,T_D_tkm_mdv_t,ge,0.014371274106893282,,,,,,,,TRPHRQC001
QC,T_MDV_T_DSL,2010.0,T_D_tkm_mdv_t,ge,0.014371274106893282,,,,,,,,TRPHRQC001
QC,T_MDV_T_DSL,2015.0,T_D_tkm_mdv_t,ge,0.014371274106893282,,,,,,,,TRPHRQC001
QC,T_MDV_T_DSL,2020.0,T_D_tkm_mdv_t,ge,0.014371274106893282,,,,,,,,TRPHRQC001
QC,T_MDV_T_GSL,2000.0,T_D_tkm_mdv_t,ge,0.014371274106893282,,,,,,,,TRPHRQC001
QC,T_MDV_T_GSL,2005.0,T_D_tkm_mdv_t,ge,0.014371274106893282,,,,,,,,TRPHRQC001
QC,T_MDV_T_GSL,2010.0,T_D_tkm_mdv_t,ge,0.014371274106893282,,,,,,,,TRPHRQC001
QC,T_MDV_T_GSL,2015.0,T_D_tkm_mdv_t,ge,0.014371274106893282,,,,,,,,TRPHRQC001
QC,T_MDV_T_GSL,2020.0,T_D_tkm_mdv_t,ge,0.014371274106893282,,,,,,,,TRPHRQC001
SK,T_LDV_C_BEV150,2010.0,T_D_pkm_ldv_c,ge,0.07804688026763813,,,,,,,,TRPHRSK001
SK,T_LDV_C_BEV150,2015.0,T_D_pkm_ldv_c,ge,0.07804688026763813,,,,,,,,TRPHRSK001
SK,T_LDV_C_BEV150,2020.0,T_D_pkm_ldv_c,ge,0.07804688026763813,,,,,,,,TRPHRSK001
SK,T_LDV_C_DSL,2005.0,T_D_pkm_ldv_c,ge,0.07804688026763813,,,,,,,,TRPHRSK001
SK,T_LDV_C_DSL,2010.0,T_D_pkm_ldv_c,ge,0.07804688026763813,,,,,,,,TRPHRSK001
SK,T_LDV_C_DSL,2015.0,T_D_pkm_ldv_c,ge,0.07804688026763813,,,,,,,,TRPHRSK001
SK,T_LDV_C_DSL,2020.0,T_D_pkm_ldv_c,ge,0.07804688026763813,,,,,,,,TRPHRSK001
SK,T_LDV_C_GSL,2005.0,T_D_pkm_ldv_c,ge,0.07804688026763813,,,,,,,,TRPHRSK001
SK,T_LDV_C_GSL,2010.0,T_D_pkm_ldv_c,ge,0.07804688026763813,,,,,,,,TRPHRSK001
SK,T_LDV_C_GSL,2015.0,T_D_pkm_ldv_c,ge,0.07804688026763813,,,,,,,,TRPHRSK001
SK,T_LDV_C_GSL,2020.0,T_D_pkm_ldv_c,ge,0.07804688026763813,,,,,,,,TRPHRSK001
SK,T_LDV_C_GSL_HEV,2010.0,T_D_pkm_ldv_c,ge,0.07804688026763813,,,,,,,,TRPHRSK001
SK,T_LDV_C_GSL_HEV,2015.0,T_D_pkm_ldv_c,ge,0.07804688026763813,,,,,,,,TRPHRSK001
SK,T_LDV_C_GSL_HEV,2020.0,T_D_pkm_ldv_c,ge,0.07804688026763813,,,,,,,,TRPHRSK001
SK,T_LDV_C_GSL_PHEV35,2010.0,T_D_pkm_ldv_c,ge,0.07804688026763813,,,,,,,,TRPHRSK001
SK,T_LDV_C_GSL_PHEV35,2015.0,T_D_pkm_ldv_c,ge,0.07804688026763813,,,,,,,,TRPHRSK001
SK,T_LDV_C_GSL_PHEV35,2020.0,T_D_pkm_ldv_c,ge,0.07804688026763813,,,,,,,,TRPHRSK001
SK,T_LDV_LTP_BEV300,2010.0,T_D_pkm_ldv_t,ge,0.029968551406556583,,,,,,,,TRPHRSK001
SK,T_LDV_LTP_BEV300,2015.0,T_D_pkm_ldv_t,ge,0.029968551406556583,,,,,,,,TRPHRSK001
SK,T_LDV_LTP_BEV300,2020.0,T_D_pkm_ldv_t,ge,0.029968551406556583,,,,,,,,TRPHRSK001
SK,T_LDV_LTP_DSL,2000.0,T_D_pkm_ldv_t,ge,0.029968551406556583,,,,,,,,TRPHRSK001
SK,T_LDV_LTP_DSL,2005.0,T_D_pkm_ldv_t,ge,0.029968551406556583,,,,,,,,TRPHRSK001
SK,T_LDV_LTP_DSL,2010.0,T_D_pkm_ldv_t,ge,0.029968551406556583,,,,,,,,TRPHRSK001
SK,T_LDV_LTP_DSL,2015.0,T_D_pkm_ldv_t,ge,0.029968551406556583,,,,,,,,TRPHRSK001
SK,T_LDV_LTP_DSL,2020.0,T_D_pkm_ldv_t,ge,0.029968551406556583,,,,,,,,TRPHRSK001
SK,T_LDV_LTP_GSL,2000.0,T_D_pkm_ldv_t,ge,0.029968551406556583,,,,,,,,TRPHRSK001
SK,T_LDV_LTP_GSL,2005.0,T_D_pkm_ldv_t,ge,0.029968551406556583,,,,,,,,TRPHRSK001
SK,T_LDV_LTP_GSL,2010.0,T_D_pkm_ldv_t,ge,0.029968551406556583,,,,,,,,TRPHRSK001
SK,T_LDV_LTP_GSL,2015.0,T_D_pkm_ldv_t,ge,0.029968551406556583,,,,,,,,TRPHRSK001
SK,T_LDV_LTP_GSL,2020.0,T_D_pkm_ldv_t,ge,0.029968551406556583,,,,,,,,TRPHRSK001
SK,T_LDV_LTP_GSL_HEV,2010.0,T_D_pkm_ldv_t,ge,0.029968551406556583,,,,,,,,TRPHRSK001
SK,T_LDV_LTP_GSL_HEV,2015.0,T_D_pkm_ldv_t,ge,0.029968551406556583,,,,,,,,TRPHRSK001
SK,T_LDV_LTP_GSL_HEV,2020.0,T_D_pkm_ldv_t,ge,0.029968551406556583,,,,,,,,TRPHRSK001
SK,T_LDV_LTP_GSL_PHEV35,2010.0,T_D_pkm_ldv_t,ge,0.029968551406556583,,,,,,,,TRPHRSK001
SK,T_LDV_LTP_GSL_PHEV35,2015.0,T_D_pkm_ldv_t,ge,0.029968551406556583,,,,,,,,TRPHRSK001
SK,T_LDV_LTP_GSL_PHEV35,2020.0,T_D_pkm_ldv_t,ge,0.029968551406556583,,,,,,,,TRPHRSK001
SK,T_HDV_T_DSL,2000.0,T_D_tkm_hdv_t,ge,0.14456596269591823,,,,,,,,TRPHRSK001
SK,T_HDV_T_DSL,2005.0,T_D_tkm_hdv_t,ge,0.14456596269591823,,,,,,,,TRPHRSK001
SK,T_HDV_T_DSL,2010.0,T_D_tkm_hdv_t,ge,0.14456596269591823,,,,,,,,TRPHRSK001
SK,T_HDV_T_DSL,2015.0,T_D_tkm_hdv_t,ge,0.14456596269591823,,,,,,,,TRPHRSK001
SK,T_HDV_T_DSL,2020.0,T_D_tkm_hdv_t,ge,0.14456596269591823,,,,,,,,TRPHRSK001
SK,T_LDV_LTF_DSL,2000.0,T_D_tkm_ldv_t,ge,0.05610830948808438,,,,,,,,TRPHRSK001
SK,T_LDV_LTF_DSL,2005.0,T_D_tkm_ldv_t,ge,0.05610830948808438,,,,,,,,TRPHRSK001
SK,T_LDV_LTF_DSL,2010.0,T_D_tkm_ldv_t,ge,0.05610830948808438,,,,,,,,TRPHRSK001
SK,T_LDV_LTF_DSL,2015.0,T_D_tkm_ldv_t,ge,0.05610830948808438,,,,,,,,TRPHRSK001
SK,T_LDV_LTF_DSL,2020.0,T_D_tkm_ldv_t,ge,0.05610830948808438,,,,,,,,TRPHRSK001
SK,T_LDV_LTF_GSL,2000.0,T_D_tkm_ldv_t,ge,0.05610830948808438,,,,,,,,TRPHRSK001
SK,T_LDV_LTF_GSL,2005.0,T_D_tkm_ldv_t,ge,0.05610830948808438,,,,,,,,TRPHRSK001
SK,T_LDV_LTF_GSL,2010.0,T_D_tkm_ldv_t,ge,0.05610830948808438,,,,,,,,TRPHRSK001
SK,T_LDV_LTF_GSL,2015.0,T_D_tkm_ldv_t,ge,0.05610830948808438,,,,,,,,TRPHRSK001
SK,T_LDV_LTF_GSL,2020.0,T_D_tkm_ldv_t,ge,0.05610830948808438,,,,,,,,TRPHRSK001
SK,T_LDV_LTF_GSL_HEV,2010.0,T_D_tkm_ldv_t,ge,0.05610830948808438,,,,,,,,TRPHRSK001
SK,T_LDV_LTF_GSL_HEV,2015.0,T_D_tkm_ldv_t,ge,0.05610830948808438,,,,,,,,TRPHRSK001
SK,T_LDV_LTF_GSL_HEV,2020.0,T_D_tkm_ldv_t,ge,0.05610830948808438,,,,,,,,TRPHRSK001
SK,T_LDV_LTF_GSL_PHEV35,2015.0,T_D_tkm_ldv_t,ge,0.05610830948808438,,,,,,,,TRPHRSK001
SK,T_LDV_LTF_GSL_PHEV35,2020.0,T_D_tkm_ldv_t,ge,0.05610830948808438,,,,,,,,TRPHRSK001
SK,T_MDV_T_DSL,2000.0,T_D_tkm_mdv_t,ge,0.023309593126899265,,,,,,,,TRPHRSK001
SK,T_MDV_T_DSL,2005.0,T_D_tkm_mdv_t,ge,0.023309593126899265,,,,,,,,TRPHRSK001
SK,T_MDV_T_DSL,2010.0,T_D_tkm_mdv_t,ge,0.023309593126899265,,,,,,,,TRPHRSK001
SK,T_MDV_T_DSL,2015.0,T_D_tkm_mdv_t,ge,0.023309593126899265,,,,,,,,TRPHRSK001
SK,T_MDV_T_DSL,2020.0,T_D_tkm_mdv_t,ge,0.023309593126899265,,,,,,,,TRPHRSK001
SK,T_MDV_T_GSL,2000.0,T_D_tkm_mdv_t,ge,0.023309593126899265,,,,,,,,TRPHRSK001
SK,T_MDV_T_GSL,2005.0,T_D_tkm_mdv_t,ge,0.023309593126899265,,,,,,,,TRPHRSK001
SK,T_MDV_T_GSL,2010.0,T_D_tkm_mdv_t,ge,0.023309593126899265,,,,,,,,TRPHRSK001
SK,T_MDV_T_GSL,2015.0,T_D_tkm_mdv_t,ge,0.023309593126899265,,,,,,,,TRPHRSK001
SK,T_MDV_T_GSL,2020.0,T_D_tkm_mdv_t,ge,0.023309593126899265,,,,,,,,TRPHRSK001
AB,T_I_H2_SMR,2025.0,T_h2,ge,0.9025,,,,,,,,TRPHRAB001
AB,T_I_H2_SMR,2030.0,T_h2,ge,0.9025,,,,,,,,TRPHRAB001
AB,T_I_H2_SMR,2035.0,T_h2,ge,0.9025,,,,,,,,TRPHRAB001
AB,T_I_H2_SMR,2040.0,T_h2,ge,0.9025,,,,,,,,TRPHRAB001
AB,T_I_H2_SMR,2045.0,T_h2,ge,0.9025,,,,,,,,TRPHRAB001
AB,T_HDV_BIC_BEV,2025.0,T_D_pkm_hdv_bic,le,0.046967741,,,,,,,,TRPHRAB001
AB,T_HDV_BIC_BEV,2030.0,T_D_pkm_hdv_bic,le,0.046967741,,,,,,,,TRPHRAB001
AB,T_HDV_BIC_BEV,2035.0,T_D_pkm_hdv_bic,le,0.046967741,,,,,,,,TRPHRAB001
AB,T_HDV_BIC_BEV,2040.0,T_D_pkm_hdv_bic,le,0.046967741,,,,,,,,TRPHRAB001
AB,T_HDV_BIC_BEV,2045.0,T_D_pkm_hdv_bic,le,0.046967741,,,,,,,,TRPHRAB001
AB,T_I_H2_SMR_CCS,2025.0,T_h2,le,0.95,,,,,,,,TRPHRAB001
AB,T_I_H2_SMR_CCS,2030.0,T_h2,le,0.95,,,,,,,,TRPHRAB001
AB,T_I_H2_SMR_CCS,2035.0,T_h2,le,0.95,,,,,,,,TRPHRAB001
AB,T_I_H2_SMR_CCS,2040.0,T_h2,le,0.95,,,,,,,,TRPHRAB001
AB,T_I_H2_SMR_CCS,2045.0,T_h2,le,0.95,,,,,,,,TRPHRAB001
AB,T_HDV_BS_CNG,2025.0,T_D_pkm_hdv_bs,ge,0.032292942,,,,,,,,TRPHRAB001
AB,T_HDV_BS_CNG,2030.0,T_D_pkm_hdv_bs,ge,0.032292942,,,,,,,,TRPHRAB001
AB,T_HDV_BS_CNG,2035.0,T_D_pkm_hdv_bs,ge,0.032292942,,,,,,,,TRPHRAB001
AB,T_HDV_BS_CNG,2040.0,T_D_pkm_hdv_bs,ge,0.032292942,,,,,,,,TRPHRAB001
AB,T_HDV_BS_CNG,2045.0,T_D_pkm_hdv_bs,ge,0.032292942,,,,,,,,TRPHRAB001
AB,T_HDV_BIC_DSL,2025.0,T_D_pkm_hdv_bic,ge,0.044619354,,,,,,,,TRPHRAB001
AB,T_HDV_BIC_DSL,2030.0,T_D_pkm_hdv_bic,ge,0.044619354,,,,,,,,TRPHRAB001
AB,T_HDV_BIC_DSL,2035.0,T_D_pkm_hdv_bic,ge,0.044619354,,,,,,,,TRPHRAB001
AB,T_HDV_BIC_DSL,2040.0,T_D_pkm_hdv_bic,ge,0.044619354,,,,,,,,TRPHRAB001
AB,T_HDV_BIC_DSL,2045.0,T_D_pkm_hdv_bic,ge,0.044619354,,,,,,,,TRPHRAB001
AB,T_LDV_M_GSL,2025.0,T_D_pkm_ldv_m,le,0.008371511,,,,,,,,TRPHRAB001
AB,T_LDV_M_GSL,2030.0,T_D_pkm_ldv_m,le,0.008371511,,,,,,,,TRPHRAB001
AB,T_LDV_M_GSL,2035.0,T_D_pkm_ldv_m,le,0.008371511,,,,,,,,TRPHRAB001
AB,T_LDV_M_GSL,2040.0,T_D_pkm_ldv_m,le,0.008371511,,,,,,,,TRPHRAB001
AB,T_LDV_M_GSL,2045.0,T_D_pkm_ldv_m,le,0.008371511,,,,,,,,TRPHRAB001
AB,T_HDV_BS_DSL_HEV,2025.0,T_D_pkm_hdv_bs,le,0.033992571,,,,,,,,TRPHRAB001
AB,T_HDV_BS_DSL_HEV,2030.0,T_D_pkm_hdv_bs,le,0.033992571,,,,,,,,TRPHRAB001
AB,T_HDV_BS_DSL_HEV,2035.0,T_D_pkm_hdv_bs,le,0.033992571,,,,,,,,TRPHRAB001
AB,T_HDV_BS_DSL_HEV,2040.0,T_D_pkm_hdv_bs,le,0.033992571,,,,,,,,TRPHRAB001
AB,T_HDV_BS_DSL_HEV,2045.0,T_D_pkm_hdv_bs,le,0.033992571,,,,,,,,TRPHRAB001
AB,T_HDV_BT_DSL_HEV,2025.0,T_D_pkm_hdv_bt,ge,0.042367363,,,,,,,,TRPHRAB001
AB,T_HDV_BT_DSL_HEV,2030.0,T_D_pkm_hdv_bt,ge,0.042367363,,,,,,,,TRPHRAB001
AB,T_HDV_BT_DSL_HEV,2035.0,T_D_pkm_hdv_bt,ge,0.042367363,,,,,,,,TRPHRAB001
AB,T_HDV_BT_DSL_HEV,2040.0,T_D_pkm_hdv_bt,ge,0.042367363,,,,,,,,TRPHRAB001
AB,T_HDV_BT_DSL_HEV,2045.0,T_D_pkm_hdv_bt,ge,0.042367363,,,,,,,,TRPHRAB001
AB,T_HDV_BS_DSL_PHEV,2025.0,T_D_pkm_hdv_bs,le,0.033992571,,,,,,,,TRPHRAB001
AB,T_HDV_BS_DSL_PHEV,2030.0,T_D_pkm_hdv_bs,le,0.033992571,,,,,,,,TRPHRAB001
AB,T_HDV_BS_DSL_PHEV,2035.0,T_D_pkm_hdv_bs,le,0.033992571,,,,,,,,TRPHRAB001
AB,T_HDV_BS_DSL_PHEV,2040.0,T_D_pkm_hdv_bs,le,0.033992571,,,,,,,,TRPHRAB001
AB,T_HDV_BS_DSL_PHEV,2045.0,T_D_pkm_hdv_bs,le,0.033992571,,,,,,,,TRPHRAB001
AB,T_HDV_BT_FCEV,2025.0,T_D_pkm_hdv_bt,le,0.044597224,,,,,,,,TRPHRAB001
AB,T_HDV_BT_FCEV,2030.0,T_D_pkm_hdv_bt,le,0.044597224,,,,,,,,TRPHRAB001
AB,T_HDV_BT_FCEV,2035.0,T_D_pkm_hdv_bt,le,0.044597224,,,,,,,,TRPHRAB001
AB,T_HDV_BT_FCEV,2040.0,T_D_pkm_hdv_bt,le,0.044597224,,,,,,,,TRPHRAB001
AB,T_HDV_BT_FCEV,2045.0,T_D_pkm_hdv_bt,le,0.044597224,,,,,,,,TRPHRAB001
AB,T_HDV_BT_BEV,2025.0,T_D_pkm_hdv_bt,le,0.044597224,,,,,,,,TRPHRAB001
AB,T_HDV_BT_BEV,2030.0,T_D_pkm_hdv_bt,le,0.044597224,,,,,,,,TRPHRAB001
AB,T_HDV_BT_BEV,2035.0,T_D_pkm_hdv_bt,le,0.044597224,,,,,,,,TRPHRAB001
AB,T_HDV_BT_BEV,2040.0,T_D_pkm_hdv_bt,le,0.044597224,,,,,,,,TRPHRAB001
AB,T_HDV_BT_BEV,2045.0,T_D_pkm_hdv_bt,le,0.044597224,,,,,,,,TRPHRAB001
AB,T_HDV_BIC_GSL,2025.0,T_D_pkm_hdv_bic,ge,0.044619354,,,,,,,,TRPHRAB001
AB,T_HDV_BIC_GSL,2030.0,T_D_pkm_hdv_bic,ge,0.044619354,,,,,,,,TRPHRAB001
AB,T_HDV_BIC_GSL,2035.0,T_D_pkm_hdv_bic,ge,0.044619354,,,,,,,,TRPHRAB001
AB,T_HDV_BIC_GSL,2040.0,T_D_pkm_hdv_bic,ge,0.044619354,,,,,,,,TRPHRAB001
AB,T_HDV_BIC_GSL,2045.0,T_D_pkm_hdv_bic,ge,0.044619354,,,,,,,,TRPHRAB001
AB,T_HDV_BS_DSL,2025.0,T_D_pkm_hdv_bs,ge,0.032292942,,,,,,,,TRPHRAB001
AB,T_HDV_BS_DSL,2030.0,T_D_pkm_hdv_bs,ge,0.032292942,,,,,,,,TRPHRAB001
AB,T_HDV_BS_DSL,2035.0,T_D_pkm_hdv_bs,ge,0.032292942,,,,,,,,TRPHRAB001
AB,T_HDV_BS_DSL,2040.0,T_D_pkm_hdv_bs,ge,0.032292942,,,,,,,,TRPHRAB001
AB,T_HDV_BS_DSL,2045.0,T_D_pkm_hdv_bs,ge,0.032292942,,,,,,,,TRPHRAB001
AB,T_HDV_BT_DSL,2025.0,T_D_pkm_hdv_bt,le,0.044597224,,,,,,,,TRPHRAB001
AB,T_HDV_BT_DSL,2030.0,T_D_pkm_hdv_bt,le,0.044597224,,,,,,,,TRPHRAB001
AB,T_HDV_BT_DSL,2035.0,T_D_pkm_hdv_bt,le,0.044597224,,,,,,,,TRPHRAB001
AB,T_HDV_BT_DSL,2040.0,T_D_pkm_hdv_bt,le,0.044597224,,,,,,,,TRPHRAB001
AB,T_HDV_BT_DSL,2045.0,T_D_pkm_hdv_bt,le,0.044597224,,,,,,,,TRPHRAB001
AB,T_HDV_BIC_FCEV,2025.0,T_D_pkm_hdv_bic,le,0.046967741,,,,,,,,TRPHRAB001
AB,T_HDV_BIC_FCEV,2030.0,T_D_pkm_hdv_bic,le,0.046967741,,,,,,,,TRPHRAB001
AB,T_HDV_BIC_FCEV,2035.0,T_D_pkm_hdv_bic,le,0.046967741,,,,,,,,TRPHRAB001
AB,T_HDV_BIC_FCEV,2040.0,T_D_pkm_hdv_bic,le,0.046967741,,,,,,,,TRPHRAB001
AB,T_HDV_BIC_FCEV,2045.0,T_D_pkm_hdv_bic,le,0.046967741,,,,,,,,TRPHRAB001
AB,T_HDV_BT_FCHEV,2025.0,T_D_pkm_hdv_bt,le,0.044597224,,,,,,,,TRPHRAB001
AB,T_HDV_BT_FCHEV,2030.0,T_D_pkm_hdv_bt,le,0.044597224,,,,,,,,TRPHRAB001
AB,T_HDV_BT_FCHEV,2035.0,T_D_pkm_hdv_bt,le,0.044597224,,,,,,,,TRPHRAB001
AB,T_HDV_BT_FCHEV,2040.0,T_D_pkm_hdv_bt,le,0.044597224,,,,,,,,TRPHRAB001
AB,T_HDV_BT_FCHEV,2045.0,T_D_pkm_hdv_bt,le,0.044597224,,,,,,,,TRPHRAB001
AB,T_HDV_BIC_GSL,2025.0,T_D_pkm_hdv_bic,le,0.046967741,,,,,,,,TRPHRAB001
AB,T_HDV_BIC_GSL,2030.0,T_D_pkm_hdv_bic,le,0.046967741,,,,,,,,TRPHRAB001
AB,T_HDV_BIC_GSL,2035.0,T_D_pkm_hdv_bic,le,0.046967741,,,,,,,,TRPHRAB001
AB,T_HDV_BIC_GSL,2040.0,T_D_pkm_hdv_bic,le,0.046967741,,,,,,,,TRPHRAB001
AB,T_HDV_BIC_GSL,2045.0,T_D_pkm_hdv_bic,le,0.046967741,,,,,,,,TRPHRAB001
AB,T_HDV_BS_FCHEV,2025.0,T_D_pkm_hdv_bs,ge,0.032292942,,,,,,,,TRPHRAB001
AB,T_HDV_BS_FCHEV,2030.0,T_D_pkm_hdv_bs,ge,0.032292942,,,,,,,,TRPHRAB001
AB,T_HDV_BS_FCHEV,2035.0,T_D_pkm_hdv_bs,ge,0.032292942,,,,,,,,TRPHRAB001
AB,T_HDV_BS_FCHEV,2040.0,T_D_pkm_hdv_bs,ge,0.032292942,,,,,,,,TRPHRAB001
AB,T_HDV_BS_FCHEV,2045.0,T_D_pkm_hdv_bs,ge,0.032292942,,,,,,,,TRPHRAB001
AB,T_HDV_BT_DSL,2025.0,T_D_pkm_hdv_bt,ge,0.042367363,,,,,,,,TRPHRAB001
AB,T_HDV_BT_DSL,2030.0,T_D_pkm_hdv_bt,ge,0.042367363,,,,,,,,TRPHRAB001
AB,T_HDV_BT_DSL,2035.0,T_D_pkm_hdv_bt,ge,0.042367363,,,,,,,,TRPHRAB001
AB,T_HDV_BT_DSL,2040.0,T_D_pkm_hdv_bt,ge,0.042367363,,,,,,,,TRPHRAB001
AB,T_HDV_BT_DSL,2045.0,T_D_pkm_hdv_bt,ge,0.042367363,,,,,,,,TRPHRAB001
AB,T_HDV_BS_GSL,2025.0,T_D_pkm_hdv_bs,ge,0.032292942,,,,,,,,TRPHRAB001
AB,T_HDV_BS_GSL,2030.0,T_D_pkm_hdv_bs,ge,0.032292942,,,,,,,,TRPHRAB001
AB,T_HDV_BS_GSL,2035.0,T_D_pkm_hdv_bs,ge,0.032292942,,,,,,,,TRPHRAB001
AB,T_HDV_BS_GSL,2040.0,T_D_pkm_hdv_bs,ge,0.032292942,,,,,,,,TRPHRAB001
AB,T_HDV_BS_GSL,2045.0,T_D_pkm_hdv_bs,ge,0.032292942,,,,,,,,TRPHRAB001
AB,T_HDV_BT_BEV,2025.0,T_D_pkm_hdv_bt,ge,0.042367363,,,,,,,,TRPHRAB001
AB,T_HDV_BT_BEV,2030.0,T_D_pkm_hdv_bt,ge,0.042367363,,,,,,,,TRPHRAB001
AB,T_HDV_BT_BEV,2035.0,T_D_pkm_hdv_bt,ge,0.042367363,,,,,,,,TRPHRAB001
AB,T_HDV_BT_BEV,2040.0,T_D_pkm_hdv_bt,ge,0.042367363,,,,,,,,TRPHRAB001
AB,T_HDV_BT_BEV,2045.0,T_D_pkm_hdv_bt,ge,0.042367363,,,,,,,,TRPHRAB001
AB,T_HDV_BS_BEV,2025.0,T_D_pkm_hdv_bs,le,0.033992571,,,,,,,,TRPHRAB001
AB,T_HDV_BS_BEV,2030.0,T_D_pkm_hdv_bs,le,0.033992571,,,,,,,,TRPHRAB001
AB,T_HDV_BS_BEV,2035.0,T_D_pkm_hdv_bs,le,0.033992571,,,,,,,,TRPHRAB001
AB,T_HDV_BS_BEV,2040.0,T_D_pkm_hdv_bs,le,0.033992571,,,,,,,,TRPHRAB001
AB,T_HDV_BS_BEV,2045.0,T_D_pkm_hdv_bs,le,0.033992571,,,,,,,,TRPHRAB001
AB,T_HDV_BIC_DSL,2025.0,T_D_pkm_hdv_bic,le,0.046967741,,,,,,,,TRPHRAB001
AB,T_HDV_BIC_DSL,2030.0,T_D_pkm_hdv_bic,le,0.046967741,,,,,,,,TRPHRAB001
AB,T_HDV_BIC_DSL,2035.0,T_D_pkm_hdv_bic,le,0.046967741,,,,,,,,TRPHRAB001
AB,T_HDV_BIC_DSL,2040.0,T_D_pkm_hdv_bic,le,0.046967741,,,,,,,,TRPHRAB001
AB,T_HDV_BIC_DSL,2045.0,T_D_pkm_hdv_bic,le,0.046967741,,,,,,,,TRPHRAB001
AB,T_LDV_M_GSL,2025.0,T_D_pkm_ldv_m,ge,0.007952935,,,,,,,,TRPHRAB001
AB,T_LDV_M_GSL,2030.0,T_D_pkm_ldv_m,ge,0.007952935,,,,,,,,TRPHRAB001
AB,T_LDV_M_GSL,2035.0,T_D_pkm_ldv_m,ge,0.007952935,,,,,,,,TRPHRAB001
AB,T_LDV_M_GSL,2040.0,T_D_pkm_ldv_m,ge,0.007952935,,,,,,,,TRPHRAB001
AB,T_LDV_M_GSL,2045.0,T_D_pkm_ldv_m,ge,0.007952935,,,,,,,,TRPHRAB001
AB,T_HDV_BS_DSL,2025.0,T_D_pkm_hdv_bs,le,0.033992571,,,,,,,,TRPHRAB001
AB,T_HDV_BS_DSL,2030.0,T_D_pkm_hdv_bs,le,0.033992571,,,,,,,,TRPHRAB001
AB,T_HDV_BS_DSL,2035.0,T_D_pkm_hdv_bs,le,0.033992571,,,,,,,,TRPHRAB001
AB,T_HDV_BS_DSL,2040.0,T_D_pkm_hdv_bs,le,0.033992571,,,,,,,,TRPHRAB001
AB,T_HDV_BS_DSL,2045.0,T_D_pkm_hdv_bs,le,0.033992571,,,,,,,,TRPHRAB001
AB,T_HDV_BS_FCEV,2025.0,T_D_pkm_hdv_bs,le,0.033992571,,,,,,,,TRPHRAB001
AB,T_HDV_BS_FCEV,2030.0,T_D_pkm_hdv_bs,le,0.033992571,,,,,,,,TRPHRAB001
AB,T_HDV_BS_FCEV,2035.0,T_D_pkm_hdv_bs,le,0.033992571,,,,,,,,TRPHRAB001
AB,T_HDV_BS_FCEV,2040.0,T_D_pkm_hdv_bs,le,0.033992571,,,,,,,,TRPHRAB001
AB,T_HDV_BS_FCEV,2045.0,T_D_pkm_hdv_bs,le,0.033992571,,,,,,,,TRPHRAB001
AB,T_HDV_BIC_DSL_HEV,2025.0,T_D_pkm_hdv_bic,le,0.046967741,,,,,,,,TRPHRAB001
AB,T_HDV_BIC_DSL_HEV,2030.0,T_D_pkm_hdv_bic,le,0.046967741,,,,,,,,TRPHRAB001
AB,T_HDV_BIC_DSL_HEV,2035.0,T_D_pkm_hdv_bic,le,0.046967741,,,,,,,,TRPHRAB001
AB,T_HDV_BIC_DSL_HEV,2040.0,T_D_pkm_hdv_bic,le,0.046967741,,,,,,,,TRPHRAB001
AB,T_HDV_BIC_DSL_HEV,2045.0,T_D_pkm_hdv_bic,le,0.046967741,,,,,,,,TRPHRAB001
AB,T_HDV_BS_CNG,2025.0,T_D_pkm_hdv_bs,le,0.033992571,,,,,,,,TRPHRAB001
AB,T_HDV_BS_CNG,2030.0,T_D_pkm_hdv_bs,le,0.033992571,,,,,,,,TRPHRAB001
AB,T_HDV_BS_CNG,2035.0,T_D_pkm_hdv_bs,le,0.033992571,,,,,,,,TRPHRAB001
AB,T_HDV_BS_CNG,2040.0,T_D_pkm_hdv_bs,le,0.033992571,,,,,,,,TRPHRAB001
AB,T_HDV_BS_CNG,2045.0,T_D_pkm_hdv_bs,le,0.033992571,,,,,,,,TRPHRAB001
AB,T_HDV_BT_CNG,2025.0,T_D_pkm_hdv_bt,ge,0.042367363,,,,,,,,TRPHRAB001
AB,T_HDV_BT_CNG,2030.0,T_D_pkm_hdv_bt,ge,0.042367363,,,,,,,,TRPHRAB001
AB,T_HDV_BT_CNG,2035.0,T_D_pkm_hdv_bt,ge,0.042367363,,,,,,,,TRPHRAB001
AB,T_HDV_BT_CNG,2040.0,T_D_pkm_hdv_bt,ge,0.042367363,,,,,,,,TRPHRAB001
AB,T_HDV_BT_CNG,2045.0,T_D_pkm_hdv_bt,ge,0.042367363,,,,,,,,TRPHRAB001
AB,T_HDV_BS_FCHEV,2025.0,T_D_pkm_hdv_bs,le,0.033992571,,,,,,,,TRPHRAB001
AB,T_HDV_BS_FCHEV,2030.0,T_D_pkm_hdv_bs,le,0.033992571,,,,,,,,TRPHRAB001
AB,T_HDV_BS_FCHEV,2035.0,T_D_pkm_hdv_bs,le,0.033992571,,,,,,,,TRPHRAB001
AB,T_HDV_BS_FCHEV,2040.0,T_D_pkm_hdv_bs,le,0.033992571,,,,,,,,TRPHRAB001
AB,T_HDV_BS_FCHEV,2045.0,T_D_pkm_hdv_bs,le,0.033992571,,,,,,,,TRPHRAB001
AB,T_HDV_BT_GSL,2025.0,T_D_pkm_hdv_bt,ge,0.042367363,,,,,,,,TRPHRAB001
AB,T_HDV_BT_GSL,2030.0,T_D_pkm_hdv_bt,ge,0.042367363,,,,,,,,TRPHRAB001
AB,T_HDV_BT_GSL,2035.0,T_D_pkm_hdv_bt,ge,0.042367363,,,,,,,,TRPHRAB001
AB,T_HDV_BT_GSL,2040.0,T_D_pkm_hdv_bt,ge,0.042367363,,,,,,,,TRPHRAB001
AB,T_HDV_BT_GSL,2045.0,T_D_pkm_hdv_bt,ge,0.042367363,,,,,,,,TRPHRAB001
AB,T_HDV_BS_FCEV,2025.0,T_D_pkm_hdv_bs,ge,0.032292942,,,,,,,,TRPHRAB001
AB,T_HDV_BS_FCEV,2030.0,T_D_pkm_hdv_bs,ge,0.032292942,,,,,,,,TRPHRAB001
AB,T_HDV_BS_FCEV,2035.0,T_D_pkm_hdv_bs,ge,0.032292942,,,,,,,,TRPHRAB001
AB,T_HDV_BS_FCEV,2040.0,T_D_pkm_hdv_bs,ge,0.032292942,,,,,,,,TRPHRAB001
AB,T_HDV_BS_FCEV,2045.0,T_D_pkm_hdv_bs,ge,0.032292942,,,,,,,,TRPHRAB001
AB,T_HDV_BS_DSL_PHEV,2025.0,T_D_pkm_hdv_bs,ge,0.032292942,,,,,,,,TRPHRAB001
AB,T_HDV_BS_DSL_PHEV,2030.0,T_D_pkm_hdv_bs,ge,0.032292942,,,,,,,,TRPHRAB001
AB,T_HDV_BS_DSL_PHEV,2035.0,T_D_pkm_hdv_bs,ge,0.032292942,,,,,,,,TRPHRAB001
AB,T_HDV_BS_DSL_PHEV,2040.0,T_D_pkm_hdv_bs,ge,0.032292942,,,,,,,,TRPHRAB001
AB,T_HDV_BS_DSL_PHEV,2045.0,T_D_pkm_hdv_bs,ge,0.032292942,,,,,,,,TRPHRAB001
AB,T_HDV_BT_CNG,2025.0,T_D_pkm_hdv_bt,le,0.044597224,,,,,,,,TRPHRAB001
AB,T_HDV_BT_CNG,2030.0,T_D_pkm_hdv_bt,le,0.044597224,,,,,,,,TRPHRAB001
AB,T_HDV_BT_CNG,2035.0,T_D_pkm_hdv_bt,le,0.044597224,,,,,,,,TRPHRAB001
AB,T_HDV_BT_CNG,2040.0,T_D_pkm_hdv_bt,le,0.044597224,,,,,,,,TRPHRAB001
AB,T_HDV_BT_CNG,2045.0,T_D_pkm_hdv_bt,le,0.044597224,,,,,,,,TRPHRAB001
AB,T_HDV_BT_FCEV,2025.0,T_D_pkm_hdv_bt,ge,0.042367363,,,,,,,,TRPHRAB001
AB,T_HDV_BT_FCEV,2030.0,T_D_pkm_hdv_bt,ge,0.042367363,,,,,,,,TRPHRAB001
AB,T_HDV_BT_FCEV,2035.0,T_D_pkm_hdv_bt,ge,0.042367363,,,,,,,,TRPHRAB001
AB,T_HDV_BT_FCEV,2040.0,T_D_pkm_hdv_bt,ge,0.042367363,,,,,,,,TRPHRAB001
AB,T_HDV_BT_FCEV,2045.0,T_D_pkm_hdv_bt,ge,0.042367363,,,,,,,,TRPHRAB001
AB,T_HDV_BT_FCHEV,2025.0,T_D_pkm_hdv_bt,ge,0.042367363,,,,,,,,TRPHRAB001
AB,T_HDV_BT_FCHEV,2030.0,T_D_pkm_hdv_bt,ge,0.042367363,,,,,,,,TRPHRAB001
AB,T_HDV_BT_FCHEV,2035.0,T_D_pkm_hdv_bt,ge,0.042367363,,,,,,,,TRPHRAB001
AB,T_HDV_BT_FCHEV,2040.0,T_D_pkm_hdv_bt,ge,0.042367363,,,,,,,,TRPHRAB001
AB,T_HDV_BT_FCHEV,2045.0,T_D_pkm_hdv_bt,ge,0.042367363,,,,,,,,TRPHRAB001
AB,T_LDV_M_BEV,2025.0,T_D_pkm_ldv_m,ge,0.007952935,,,,,,,,TRPHRAB001
AB,T_LDV_M_BEV,2030.0,T_D_pkm_ldv_m,ge,0.007952935,,,,,,,,TRPHRAB001
AB,T_LDV_M_BEV,2035.0,T_D_pkm_ldv_m,ge,0.007952935,,,,,,,,TRPHRAB001
AB,T_LDV_M_BEV,2040.0,T_D_pkm_ldv_m,ge,0.007952935,,,,,,,,TRPHRAB001
AB,T_LDV_M_BEV,2045.0,T_D_pkm_ldv_m,ge,0.007952935,,,,,,,,TRPHRAB001
AB,T_HDV_BS_GSL,2025.0,T_D_pkm_hdv_bs,le,0.033992571,,,,,,,,TRPHRAB001
AB,T_HDV_BS_GSL,2030.0,T_D_pkm_hdv_bs,le,0.033992571,,,,,,,,TRPHRAB001
AB,T_HDV_BS_GSL,2035.0,T_D_pkm_hdv_bs,le,0.033992571,,,,,,,,TRPHRAB001
AB,T_HDV_BS_GSL,2040.0,T_D_pkm_hdv_bs,le,0.033992571,,,,,,,,TRPHRAB001
AB,T_HDV_BS_GSL,2045.0,T_D_pkm_hdv_bs,le,0.033992571,,,,,,,,TRPHRAB001
AB,T_HDV_BS_DSL_HEV,2025.0,T_D_pkm_hdv_bs,ge,0.032292942,,,,,,,,TRPHRAB001
AB,T_HDV_BS_DSL_HEV,2030.0,T_D_pkm_hdv_bs,ge,0.032292942,,,,,,,,TRPHRAB001
AB,T_HDV_BS_DSL_HEV,2035.0,T_D_pkm_hdv_bs,ge,0.032292942,,,,,,,,TRPHRAB001
AB,T_HDV_BS_DSL_HEV,2040.0,T_D_pkm_hdv_bs,ge,0.032292942,,,,,,,,TRPHRAB001
AB,T_HDV_BS_DSL_HEV,2045.0,T_D_pkm_hdv_bs,ge,0.032292942,,,,,,,,TRPHRAB001
AB,T_LDV_M_BEV,2025.0,T_D_pkm_ldv_m,le,0.008371511,,,,,,,,TRPHRAB001
AB,T_LDV_M_BEV,2030.0,T_D_pkm_ldv_m,le,0.008371511,,,,,,,,TRPHRAB001
AB,T_LDV_M_BEV,2035.0,T_D_pkm_ldv_m,le,0.008371511,,,,,,,,TRPHRAB001
AB,T_LDV_M_BEV,2040.0,T_D_pkm_ldv_m,le,0.008371511,,,,,,,,TRPHRAB001
AB,T_LDV_M_BEV,2045.0,T_D_pkm_ldv_m,le,0.008371511,,,,,,,,TRPHRAB001
AB,T_HDV_BT_DSL_PHEV,2025.0,T_D_pkm_hdv_bt,ge,0.042367363,,,,,,,,TRPHRAB001
AB,T_HDV_BT_DSL_PHEV,2030.0,T_D_pkm_hdv_bt,ge,0.042367363,,,,,,,,TRPHRAB001
AB,T_HDV_BT_DSL_PHEV,2035.0,T_D_pkm_hdv_bt,ge,0.042367363,,,,,,,,TRPHRAB001
AB,T_HDV_BT_DSL_PHEV,2040.0,T_D_pkm_hdv_bt,ge,0.042367363,,,,,,,,TRPHRAB001
AB,T_HDV_BT_DSL_PHEV,2045.0,T_D_pkm_hdv_bt,ge,0.042367363,,,,,,,,TRPHRAB001
AB,T_HDV_BT_DSL_HEV,2025.0,T_D_pkm_hdv_bt,le,0.044597224,,,,,,,,TRPHRAB001
AB,T_HDV_BT_DSL_HEV,2030.0,T_D_pkm_hdv_bt,le,0.044597224,,,,,,,,TRPHRAB001
AB,T_HDV_BT_DSL_HEV,2035.0,T_D_pkm_hdv_bt,le,0.044597224,,,,,,,,TRPHRAB001
AB,T_HDV_BT_DSL_HEV,2040.0,T_D_pkm_hdv_bt,le,0.044597224,,,,,,,,TRPHRAB001
AB,T_HDV_BT_DSL_HEV,2045.0,T_D_pkm_hdv_bt,le,0.044597224,,,,,,,,TRPHRAB001
AB,T_HDV_BS_BEV,2025.0,T_D_pkm_hdv_bs,ge,0.032292942,,,,,,,,TRPHRAB001
AB,T_HDV_BS_BEV,2030.0,T_D_pkm_hdv_bs,ge,0.032292942,,,,,,,,TRPHRAB001
AB,T_HDV_BS_BEV,2035.0,T_D_pkm_hdv_bs,ge,0.032292942,,,,,,,,TRPHRAB001
AB,T_HDV_BS_BEV,2040.0,T_D_pkm_hdv_bs,ge,0.032292942,,,,,,,,TRPHRAB001
AB,T_HDV_BS_BEV,2045.0,T_D_pkm_hdv_bs,ge,0.032292942,,,,,,,,TRPHRAB001
AB,T_HDV_BIC_DSL_HEV,2025.0,T_D_pkm_hdv_bic,ge,0.044619354,,,,,,,,TRPHRAB001
AB,T_HDV_BIC_DSL_HEV,2030.0,T_D_pkm_hdv_bic,ge,0.044619354,,,,,,,,TRPHRAB001
AB,T_HDV_BIC_DSL_HEV,2035.0,T_D_pkm_hdv_bic,ge,0.044619354,,,,,,,,TRPHRAB001
AB,T_HDV_BIC_DSL_HEV,2040.0,T_D_pkm_hdv_bic,ge,0.044619354,,,,,,,,TRPHRAB001
AB,T_HDV_BIC_DSL_HEV,2045.0,T_D_pkm_hdv_bic,ge,0.044619354,,,,,,,,TRPHRAB001
AB,T_I_H2_SMR_CCS,2025.0,T_h2,ge,0.9025,,,,,,,,TRPHRAB001
AB,T_I_H2_SMR_CCS,2030.0,T_h2,ge,0.9025,,,,,,,,TRPHRAB001
AB,T_I_H2_SMR_CCS,2035.0,T_h2,ge,0.9025,,,,,,,,TRPHRAB001
AB,T_I_H2_SMR_CCS,2040.0,T_h2,ge,0.9025,,,,,,,,TRPHRAB001
AB,T_I_H2_SMR_CCS,2045.0,T_h2,ge,0.9025,,,,,,,,TRPHRAB001
AB,T_HDV_BT_DSL_PHEV,2025.0,T_D_pkm_hdv_bt,le,0.044597224,,,,,,,,TRPHRAB001
AB,T_HDV_BT_DSL_PHEV,2030.0,T_D_pkm_hdv_bt,le,0.044597224,,,,,,,,TRPHRAB001
AB,T_HDV_BT_DSL_PHEV,2035.0,T_D_pkm_hdv_bt,le,0.044597224,,,,,,,,TRPHRAB001
AB,T_HDV_BT_DSL_PHEV,2040.0,T_D_pkm_hdv_bt,le,0.044597224,,,,,,,,TRPHRAB001
AB,T_HDV_BT_DSL_PHEV,2045.0,T_D_pkm_hdv_bt,le,0.044597224,,,,,,,,TRPHRAB001
AB,T_HDV_BT_GSL,2025.0,T_D_pkm_hdv_bt,le,0.044597224,,,,,,,,TRPHRAB001
AB,T_HDV_BT_GSL,2030.0,T_D_pkm_hdv_bt,le,0.044597224,,,,,,,,TRPHRAB001
AB,T_HDV_BT_GSL,2035.0,T_D_pkm_hdv_bt,le,0.044597224,,,,,,,,TRPHRAB001
AB,T_HDV_BT_GSL,2040.0,T_D_pkm_hdv_bt,le,0.044597224,,,,,,,,TRPHRAB001
AB,T_HDV_BT_GSL,2045.0,T_D_pkm_hdv_bt,le,0.044597224,,,,,,,,TRPHRAB001
AB,T_I_H2_SMR,2025.0,T_h2,le,0.95,,,,,,,,TRPHRAB001
AB,T_I_H2_SMR,2030.0,T_h2,le,0.95,,,,,,,,TRPHRAB001
AB,T_I_H2_SMR,2035.0,T_h2,le,0.95,,,,,,,,TRPHRAB001
AB,T_I_H2_SMR,2040.0,T_h2,le,0.95,,,,,,,,TRPHRAB001
AB,T_I_H2_SMR,2045.0,T_h2,le,0.95,,,,,,,,TRPHRAB001
AB,T_HDV_BIC_BEV,2025.0,T_D_pkm_hdv_bic,ge,0.044619354,,,,,,,,TRPHRAB001
AB,T_HDV_BIC_BEV,2030.0,T_D_pkm_hdv_bic,ge,0.044619354,,,,,,,,TRPHRAB001
AB,T_HDV_BIC_BEV,2035.0,T_D_pkm_hdv_bic,ge,0.044619354,,,,,,,,TRPHRAB001
AB,T_HDV_BIC_BEV,2040.0,T_D_pkm_hdv_bic,ge,0.044619354,,,,,,,,TRPHRAB001
AB,T_HDV_BIC_BEV,2045.0,T_D_pkm_hdv_bic,ge,0.044619354,,,,,,,,TRPHRAB001
AB,T_HDV_BIC_FCEV,2025.0,T_D_pkm_hdv_bic,ge,0.044619354,,,,,,,,TRPHRAB001
AB,T_HDV_BIC_FCEV,2030.0,T_D_pkm_hdv_bic,ge,0.044619354,,,,,,,,TRPHRAB001
AB,T_HDV_BIC_FCEV,2035.0,T_D_pkm_hdv_bic,ge,0.044619354,,,,,,,,TRPHRAB001
AB,T_HDV_BIC_FCEV,2040.0,T_D_pkm_hdv_bic,ge,0.044619354,,,,,,,,TRPHRAB001
AB,T_HDV_BIC_FCEV,2045.0,T_D_pkm_hdv_bic,ge,0.044619354,,,,,,,,TRPHRAB001
AB,T_LDV_BEV_CHRG,2025.0,T_elc_ldv_bev_chrg,ge,0.4352528997003083,,,,,,,,TRPHRAB001
AB,T_LDV_BEV_CHRG,2030.0,T_elc_ldv_bev_chrg,ge,0.4352528997003083,,,,,,,,TRPHRAB001
AB,T_LDV_BEV_CHRG,2035.0,T_elc_ldv_bev_chrg,ge,0.4352528997003083,,,,,,,,TRPHRAB001
AB,T_LDV_BEV_CHRG,2040.0,T_elc_ldv_bev_chrg,ge,0.4352528997003083,,,,,,,,TRPHRAB001
AB,T_LDV_BEV_CHRG,2045.0,T_elc_ldv_bev_chrg,ge,0.4352528997003083,,,,,,,,TRPHRAB001
BC,T_HDV_BIC_DSL_HEV,2025.0,T_D_pkm_hdv_bic,ge,0.044619354,,,,,,,,TRPHRBC001
BC,T_HDV_BIC_DSL_HEV,2030.0,T_D_pkm_hdv_bic,ge,0.044619354,,,,,,,,TRPHRBC001
BC,T_HDV_BIC_DSL_HEV,2035.0,T_D_pkm_hdv_bic,ge,0.044619354,,,,,,,,TRPHRBC001
BC,T_HDV_BIC_DSL_HEV,2040.0,T_D_pkm_hdv_bic,ge,0.044619354,,,,,,,,TRPHRBC001
BC,T_HDV_BIC_DSL_HEV,2045.0,T_D_pkm_hdv_bic,ge,0.044619354,,,,,,,,TRPHRBC001
BC,T_HDV_BS_BEV,2025.0,T_D_pkm_hdv_bs,le,0.033992571,,,,,,,,TRPHRBC001
BC,T_HDV_BS_BEV,2030.0,T_D_pkm_hdv_bs,le,0.033992571,,,,,,,,TRPHRBC001
BC,T_HDV_BS_BEV,2035.0,T_D_pkm_hdv_bs,le,0.033992571,,,,,,,,TRPHRBC001
BC,T_HDV_BS_BEV,2040.0,T_D_pkm_hdv_bs,le,0.033992571,,,,,,,,TRPHRBC001
BC,T_HDV_BS_BEV,2045.0,T_D_pkm_hdv_bs,le,0.033992571,,,,,,,,TRPHRBC001
BC,T_HDV_BS_FCEV,2025.0,T_D_pkm_hdv_bs,le,0.033992571,,,,,,,,TRPHRBC001
BC,T_HDV_BS_FCEV,2030.0,T_D_pkm_hdv_bs,le,0.033992571,,,,,,,,TRPHRBC001
BC,T_HDV_BS_FCEV,2035.0,T_D_pkm_hdv_bs,le,0.033992571,,,,,,,,TRPHRBC001
BC,T_HDV_BS_FCEV,2040.0,T_D_pkm_hdv_bs,le,0.033992571,,,,,,,,TRPHRBC001
BC,T_HDV_BS_FCEV,2045.0,T_D_pkm_hdv_bs,le,0.033992571,,,,,,,,TRPHRBC001
BC,T_I_H2_SMR_CCS,2025.0,T_h2,ge,0.9025,,,,,,,,TRPHRBC001
BC,T_I_H2_SMR_CCS,2030.0,T_h2,ge,0.9025,,,,,,,,TRPHRBC001
BC,T_I_H2_SMR_CCS,2035.0,T_h2,ge,0.9025,,,,,,,,TRPHRBC001
BC,T_I_H2_SMR_CCS,2040.0,T_h2,ge,0.9025,,,,,,,,TRPHRBC001
BC,T_I_H2_SMR_CCS,2045.0,T_h2,ge,0.9025,,,,,,,,TRPHRBC001
BC,T_LDV_M_BEV,2025.0,T_D_pkm_ldv_m,le,0.008371511,,,,,,,,TRPHRBC001
BC,T_LDV_M_BEV,2030.0,T_D_pkm_ldv_m,le,0.008371511,,,,,,,,TRPHRBC001
BC,T_LDV_M_BEV,2035.0,T_D_pkm_ldv_m,le,0.008371511,,,,,,,,TRPHRBC001
BC,T_LDV_M_BEV,2040.0,T_D_pkm_ldv_m,le,0.008371511,,,,,,,,TRPHRBC001
BC,T_LDV_M_BEV,2045.0,T_D_pkm_ldv_m,le,0.008371511,,,,,,,,TRPHRBC001
BC,T_HDV_BT_DSL_HEV,2025.0,T_D_pkm_hdv_bt,le,0.044597224,,,,,,,,TRPHRBC001
BC,T_HDV_BT_DSL_HEV,2030.0,T_D_pkm_hdv_bt,le,0.044597224,,,,,,,,TRPHRBC001
BC,T_HDV_BT_DSL_HEV,2035.0,T_D_pkm_hdv_bt,le,0.044597224,,,,,,,,TRPHRBC001
BC,T_HDV_BT_DSL_HEV,2040.0,T_D_pkm_hdv_bt,le,0.044597224,,,,,,,,TRPHRBC001
BC,T_HDV_BT_DSL_HEV,2045.0,T_D_pkm_hdv_bt,le,0.044597224,,,,,,,,TRPHRBC001
BC,T_HDV_BIC_DSL,2025.0,T_D_pkm_hdv_bic,ge,0.044619354,,,,,,,,TRPHRBC001
BC,T_HDV_BIC_DSL,2030.0,T_D_pkm_hdv_bic,ge,0.044619354,,,,,,,,TRPHRBC001
BC,T_HDV_BIC_DSL,2035.0,T_D_pkm_hdv_bic,ge,0.044619354,,,,,,,,TRPHRBC001
BC,T_HDV_BIC_DSL,2040.0,T_D_pkm_hdv_bic,ge,0.044619354,,,,,,,,TRPHRBC001
BC,T_HDV_BIC_DSL,2045.0,T_D_pkm_hdv_bic,ge,0.044619354,,,,,,,,TRPHRBC001
BC,T_HDV_BT_DSL_PHEV,2025.0,T_D_pkm_hdv_bt,le,0.044597224,,,,,,,,TRPHRBC001
BC,T_HDV_BT_DSL_PHEV,2030.0,T_D_pkm_hdv_bt,le,0.044597224,,,,,,,,TRPHRBC001
BC,T_HDV_BT_DSL_PHEV,2035.0,T_D_pkm_hdv_bt,le,0.044597224,,,,,,,,TRPHRBC001
BC,T_HDV_BT_DSL_PHEV,2040.0,T_D_pkm_hdv_bt,le,0.044597224,,,,,,,,TRPHRBC001
BC,T_HDV_BT_DSL_PHEV,2045.0,T_D_pkm_hdv_bt,le,0.044597224,,,,,,,,TRPHRBC001
BC,T_HDV_BT_FCEV,2025.0,T_D_pkm_hdv_bt,ge,0.042367363,,,,,,,,TRPHRBC001
BC,T_HDV_BT_FCEV,2030.0,T_D_pkm_hdv_bt,ge,0.042367363,,,,,,,,TRPHRBC001
BC,T_HDV_BT_FCEV,2035.0,T_D_pkm_hdv_bt,ge,0.042367363,,,,,,,,TRPHRBC001
BC,T_HDV_BT_FCEV,2040.0,T_D_pkm_hdv_bt,ge,0.042367363,,,,,,,,TRPHRBC001
BC,T_HDV_BT_FCEV,2045.0,T_D_pkm_hdv_bt,ge,0.042367363,,,,,,,,TRPHRBC001
BC,T_HDV_BS_FCEV,2025.0,T_D_pkm_hdv_bs,ge,0.032292942,,,,,,,,TRPHRBC001
BC,T_HDV_BS_FCEV,2030.0,T_D_pkm_hdv_bs,ge,0.032292942,,,,,,,,TRPHRBC001
BC,T_HDV_BS_FCEV,2035.0,T_D_pkm_hdv_bs,ge,0.032292942,,,,,,,,TRPHRBC001
BC,T_HDV_BS_FCEV,2040.0,T_D_pkm_hdv_bs,ge,0.032292942,,,,,,,,TRPHRBC001
BC,T_HDV_BS_FCEV,2045.0,T_D_pkm_hdv_bs,ge,0.032292942,,,,,,,,TRPHRBC001
BC,T_LDV_M_GSL,2025.0,T_D_pkm_ldv_m,le,0.008371511,,,,,,,,TRPHRBC001
BC,T_LDV_M_GSL,2030.0,T_D_pkm_ldv_m,le,0.008371511,,,,,,,,TRPHRBC001
BC,T_LDV_M_GSL,2035.0,T_D_pkm_ldv_m,le,0.008371511,,,,,,,,TRPHRBC001
BC,T_LDV_M_GSL,2040.0,T_D_pkm_ldv_m,le,0.008371511,,,,,,,,TRPHRBC001
BC,T_LDV_M_GSL,2045.0,T_D_pkm_ldv_m,le,0.008371511,,,,,,,,TRPHRBC001
BC,T_HDV_BS_DSL,2025.0,T_D_pkm_hdv_bs,ge,0.032292942,,,,,,,,TRPHRBC001
BC,T_HDV_BS_DSL,2030.0,T_D_pkm_hdv_bs,ge,0.032292942,,,,,,,,TRPHRBC001
BC,T_HDV_BS_DSL,2035.0,T_D_pkm_hdv_bs,ge,0.032292942,,,,,,,,TRPHRBC001
BC,T_HDV_BS_DSL,2040.0,T_D_pkm_hdv_bs,ge,0.032292942,,,,,,,,TRPHRBC001
BC,T_HDV_BS_DSL,2045.0,T_D_pkm_hdv_bs,ge,0.032292942,,,,,,,,TRPHRBC001
BC,T_HDV_BS_DSL_HEV,2025.0,T_D_pkm_hdv_bs,le,0.033992571,,,,,,,,TRPHRBC001
BC,T_HDV_BS_DSL_HEV,2030.0,T_D_pkm_hdv_bs,le,0.033992571,,,,,,,,TRPHRBC001
BC,T_HDV_BS_DSL_HEV,2035.0,T_D_pkm_hdv_bs,le,0.033992571,,,,,,,,TRPHRBC001
BC,T_HDV_BS_DSL_HEV,2040.0,T_D_pkm_hdv_bs,le,0.033992571,,,,,,,,TRPHRBC001
BC,T_HDV_BS_DSL_HEV,2045.0,T_D_pkm_hdv_bs,le,0.033992571,,,,,,,,TRPHRBC001
BC,T_HDV_BT_FCEV,2025.0,T_D_pkm_hdv_bt,le,0.044597224,,,,,,,,TRPHRBC001
BC,T_HDV_BT_FCEV,2030.0,T_D_pkm_hdv_bt,le,0.044597224,,,,,,,,TRPHRBC001
BC,T_HDV_BT_FCEV,2035.0,T_D_pkm_hdv_bt,le,0.044597224,,,,,,,,TRPHRBC001
BC,T_HDV_BT_FCEV,2040.0,T_D_pkm_hdv_bt,le,0.044597224,,,,,,,,TRPHRBC001
BC,T_HDV_BT_FCEV,2045.0,T_D_pkm_hdv_bt,le,0.044597224,,,,,,,,TRPHRBC001
BC,T_I_H2_SMR,2025.0,T_h2,ge,0.9025,,,,,,,,TRPHRBC001
BC,T_I_H2_SMR,2030.0,T_h2,ge,0.9025,,,,,,,,TRPHRBC001
BC,T_I_H2_SMR,2035.0,T_h2,ge,0.9025,,,,,,,,TRPHRBC001
BC,T_I_H2_SMR,2040.0,T_h2,ge,0.9025,,,,,,,,TRPHRBC001
BC,T_I_H2_SMR,2045.0,T_h2,ge,0.9025,,,,,,,,TRPHRBC001
BC,T_HDV_BT_CNG,2025.0,T_D_pkm_hdv_bt,ge,0.042367363,,,,,,,,TRPHRBC001
BC,T_HDV_BT_CNG,2030.0,T_D_pkm_hdv_bt,ge,0.042367363,,,,,,,,TRPHRBC001
BC,T_HDV_BT_CNG,2035.0,T_D_pkm_hdv_bt,ge,0.042367363,,,,,,,,TRPHRBC001
BC,T_HDV_BT_CNG,2040.0,T_D_pkm_hdv_bt,ge,0.042367363,,,,,,,,TRPHRBC001
BC,T_HDV_BT_CNG,2045.0,T_D_pkm_hdv_bt,ge,0.042367363,,,,,,,,TRPHRBC001
BC,T_LDV_M_BEV,2025.0,T_D_pkm_ldv_m,ge,0.007952935,,,,,,,,TRPHRBC001
BC,T_LDV_M_BEV,2030.0,T_D_pkm_ldv_m,ge,0.007952935,,,,,,,,TRPHRBC001
BC,T_LDV_M_BEV,2035.0,T_D_pkm_ldv_m,ge,0.007952935,,,,,,,,TRPHRBC001
BC,T_LDV_M_BEV,2040.0,T_D_pkm_ldv_m,ge,0.007952935,,,,,,,,TRPHRBC001
BC,T_LDV_M_BEV,2045.0,T_D_pkm_ldv_m,ge,0.007952935,,,,,,,,TRPHRBC001
BC,T_HDV_BIC_DSL_HEV,2025.0,T_D_pkm_hdv_bic,le,0.046967741,,,,,,,,TRPHRBC001
BC,T_HDV_BIC_DSL_HEV,2030.0,T_D_pkm_hdv_bic,le,0.046967741,,,,,,,,TRPHRBC001
BC,T_HDV_BIC_DSL_HEV,2035.0,T_D_pkm_hdv_bic,le,0.046967741,,,,,,,,TRPHRBC001
BC,T_HDV_BIC_DSL_HEV,2040.0,T_D_pkm_hdv_bic,le,0.046967741,,,,,,,,TRPHRBC001
BC,T_HDV_BIC_DSL_HEV,2045.0,T_D_pkm_hdv_bic,le,0.046967741,,,,,,,,TRPHRBC001
BC,T_HDV_BIC_FCEV,2025.0,T_D_pkm_hdv_bic,ge,0.044619354,,,,,,,,TRPHRBC001
BC,T_HDV_BIC_FCEV,2030.0,T_D_pkm_hdv_bic,ge,0.044619354,,,,,,,,TRPHRBC001
BC,T_HDV_BIC_FCEV,2035.0,T_D_pkm_hdv_bic,ge,0.044619354,,,,,,,,TRPHRBC001
BC,T_HDV_BIC_FCEV,2040.0,T_D_pkm_hdv_bic,ge,0.044619354,,,,,,,,TRPHRBC001
BC,T_HDV_BIC_FCEV,2045.0,T_D_pkm_hdv_bic,ge,0.044619354,,,,,,,,TRPHRBC001
BC,T_HDV_BS_DSL_PHEV,2025.0,T_D_pkm_hdv_bs,ge,0.032292942,,,,,,,,TRPHRBC001
BC,T_HDV_BS_DSL_PHEV,2030.0,T_D_pkm_hdv_bs,ge,0.032292942,,,,,,,,TRPHRBC001
BC,T_HDV_BS_DSL_PHEV,2035.0,T_D_pkm_hdv_bs,ge,0.032292942,,,,,,,,TRPHRBC001
BC,T_HDV_BS_DSL_PHEV,2040.0,T_D_pkm_hdv_bs,ge,0.032292942,,,,,,,,TRPHRBC001
BC,T_HDV_BS_DSL_PHEV,2045.0,T_D_pkm_hdv_bs,ge,0.032292942,,,,,,,,TRPHRBC001
BC,T_HDV_BT_FCHEV,2025.0,T_D_pkm_hdv_bt,le,0.044597224,,,,,,,,TRPHRBC001
BC,T_HDV_BT_FCHEV,2030.0,T_D_pkm_hdv_bt,le,0.044597224,,,,,,,,TRPHRBC001
BC,T_HDV_BT_FCHEV,2035.0,T_D_pkm_hdv_bt,le,0.044597224,,,,,,,,TRPHRBC001
BC,T_HDV_BT_FCHEV,2040.0,T_D_pkm_hdv_bt,le,0.044597224,,,,,,,,TRPHRBC001
BC,T_HDV_BT_FCHEV,2045.0,T_D_pkm_hdv_bt,le,0.044597224,,,,,,,,TRPHRBC001
BC,T_HDV_BT_BEV,2025.0,T_D_pkm_hdv_bt,le,0.044597224,,,,,,,,TRPHRBC001
BC,T_HDV_BT_BEV,2030.0,T_D_pkm_hdv_bt,le,0.044597224,,,,,,,,TRPHRBC001
BC,T_HDV_BT_BEV,2035.0,T_D_pkm_hdv_bt,le,0.044597224,,,,,,,,TRPHRBC001
BC,T_HDV_BT_BEV,2040.0,T_D_pkm_hdv_bt,le,0.044597224,,,,,,,,TRPHRBC001
BC,T_HDV_BT_BEV,2045.0,T_D_pkm_hdv_bt,le,0.044597224,,,,,,,,TRPHRBC001
BC,T_HDV_BT_GSL,2025.0,T_D_pkm_hdv_bt,le,0.044597224,,,,,,,,TRPHRBC001
BC,T_HDV_BT_GSL,2030.0,T_D_pkm_hdv_bt,le,0.044597224,,,,,,,,TRPHRBC001
BC,T_HDV_BT_GSL,2035.0,T_D_pkm_hdv_bt,le,0.044597224,,,,,,,,TRPHRBC001
BC,T_HDV_BT_GSL,2040.0,T_D_pkm_hdv_bt,le,0.044597224,,,,,,,,TRPHRBC001
BC,T_HDV_BT_GSL,2045.0,T_D_pkm_hdv_bt,le,0.044597224,,,,,,,,TRPHRBC001
BC,T_HDV_BIC_FCEV,2025.0,T_D_pkm_hdv_bic,le,0.046967741,,,,,,,,TRPHRBC001
BC,T_HDV_BIC_FCEV,2030.0,T_D_pkm_hdv_bic,le,0.046967741,,,,,,,,TRPHRBC001
BC,T_HDV_BIC_FCEV,2035.0,T_D_pkm_hdv_bic,le,0.046967741,,,,,,,,TRPHRBC001
BC,T_HDV_BIC_FCEV,2040.0,T_D_pkm_hdv_bic,le,0.046967741,,,,,,,,TRPHRBC001
BC,T_HDV_BIC_FCEV,2045.0,T_D_pkm_hdv_bic,le,0.046967741,,,,,,,,TRPHRBC001
BC,T_LDV_M_GSL,2025.0,T_D_pkm_ldv_m,ge,0.007952935,,,,,,,,TRPHRBC001
BC,T_LDV_M_GSL,2030.0,T_D_pkm_ldv_m,ge,0.007952935,,,,,,,,TRPHRBC001
BC,T_LDV_M_GSL,2035.0,T_D_pkm_ldv_m,ge,0.007952935,,,,,,,,TRPHRBC001
BC,T_LDV_M_GSL,2040.0,T_D_pkm_ldv_m,ge,0.007952935,,,,,,,,TRPHRBC001
BC,T_LDV_M_GSL,2045.0,T_D_pkm_ldv_m,ge,0.007952935,,,,,,,,TRPHRBC001
BC,T_HDV_BS_GSL,2025.0,T_D_pkm_hdv_bs,ge,0.032292942,,,,,,,,TRPHRBC001
BC,T_HDV_BS_GSL,2030.0,T_D_pkm_hdv_bs,ge,0.032292942,,,,,,,,TRPHRBC001
BC,T_HDV_BS_GSL,2035.0,T_D_pkm_hdv_bs,ge,0.032292942,,,,,,,,TRPHRBC001
BC,T_HDV_BS_GSL,2040.0,T_D_pkm_hdv_bs,ge,0.032292942,,,,,,,,TRPHRBC001
BC,T_HDV_BS_GSL,2045.0,T_D_pkm_hdv_bs,ge,0.032292942,,,,,,,,TRPHRBC001
BC,T_HDV_BIC_GSL,2025.0,T_D_pkm_hdv_bic,ge,0.044619354,,,,,,,,TRPHRBC001
BC,T_HDV_BIC_GSL,2030.0,T_D_pkm_hdv_bic,ge,0.044619354,,,,,,,,TRPHRBC001
BC,T_HDV_BIC_GSL,2035.0,T_D_pkm_hdv_bic,ge,0.044619354,,,,,,,,TRPHRBC001
BC,T_HDV_BIC_GSL,2040.0,T_D_pkm_hdv_bic,ge,0.044619354,,,,,,,,TRPHRBC001
BC,T_HDV_BIC_GSL,2045.0,T_D_pkm_hdv_bic,ge,0.044619354,,,,,,,,TRPHRBC001
BC,T_HDV_BIC_GSL,2025.0,T_D_pkm_hdv_bic,le,0.046967741,,,,,,,,TRPHRBC001
BC,T_HDV_BIC_GSL,2030.0,T_D_pkm_hdv_bic,le,0.046967741,,,,,,,,TRPHRBC001
BC,T_HDV_BIC_GSL,2035.0,T_D_pkm_hdv_bic,le,0.046967741,,,,,,,,TRPHRBC001
BC,T_HDV_BIC_GSL,2040.0,T_D_pkm_hdv_bic,le,0.046967741,,,,,,,,TRPHRBC001
BC,T_HDV_BIC_GSL,2045.0,T_D_pkm_hdv_bic,le,0.046967741,,,,,,,,TRPHRBC001
BC,T_HDV_BT_CNG,2025.0,T_D_pkm_hdv_bt,le,0.044597224,,,,,,,,TRPHRBC001
BC,T_HDV_BT_CNG,2030.0,T_D_pkm_hdv_bt,le,0.044597224,,,,,,,,TRPHRBC001
BC,T_HDV_BT_CNG,2035.0,T_D_pkm_hdv_bt,le,0.044597224,,,,,,,,TRPHRBC001
BC,T_HDV_BT_CNG,2040.0,T_D_pkm_hdv_bt,le,0.044597224,,,,,,,,TRPHRBC001
BC,T_HDV_BT_CNG,2045.0,T_D_pkm_hdv_bt,le,0.044597224,,,,,,,,TRPHRBC001
BC,T_HDV_BIC_BEV,2025.0,T_D_pkm_hdv_bic,ge,0.044619354,,,,,,,,TRPHRBC001
BC,T_HDV_BIC_BEV,2030.0,T_D_pkm_hdv_bic,ge,0.044619354,,,,,,,,TRPHRBC001
BC,T_HDV_BIC_BEV,2035.0,T_D_pkm_hdv_bic,ge,0.044619354,,,,,,,,TRPHRBC001
BC,T_HDV_BIC_BEV,2040.0,T_D_pkm_hdv_bic,ge,0.044619354,,,,,,,,TRPHRBC001
BC,T_HDV_BIC_BEV,2045.0,T_D_pkm_hdv_bic,ge,0.044619354,,,,,,,,TRPHRBC001
BC,T_HDV_BS_FCHEV,2025.0,T_D_pkm_hdv_bs,ge,0.032292942,,,,,,,,TRPHRBC001
BC,T_HDV_BS_FCHEV,2030.0,T_D_pkm_hdv_bs,ge,0.032292942,,,,,,,,TRPHRBC001
BC,T_HDV_BS_FCHEV,2035.0,T_D_pkm_hdv_bs,ge,0.032292942,,,,,,,,TRPHRBC001
BC,T_HDV_BS_FCHEV,2040.0,T_D_pkm_hdv_bs,ge,0.032292942,,,,,,,,TRPHRBC001
BC,T_HDV_BS_FCHEV,2045.0,T_D_pkm_hdv_bs,ge,0.032292942,,,,,,,,TRPHRBC001
BC,T_HDV_BIC_DSL,2025.0,T_D_pkm_hdv_bic,le,0.046967741,,,,,,,,TRPHRBC001
BC,T_HDV_BIC_DSL,2030.0,T_D_pkm_hdv_bic,le,0.046967741,,,,,,,,TRPHRBC001
BC,T_HDV_BIC_DSL,2035.0,T_D_pkm_hdv_bic,le,0.046967741,,,,,,,,TRPHRBC001
BC,T_HDV_BIC_DSL,2040.0,T_D_pkm_hdv_bic,le,0.046967741,,,,,,,,TRPHRBC001
BC,T_HDV_BIC_DSL,2045.0,T_D_pkm_hdv_bic,le,0.046967741,,,,,,,,TRPHRBC001
BC,T_HDV_BIC_BEV,2025.0,T_D_pkm_hdv_bic,le,0.046967741,,,,,,,,TRPHRBC001
BC,T_HDV_BIC_BEV,2030.0,T_D_pkm_hdv_bic,le,0.046967741,,,,,,,,TRPHRBC001
BC,T_HDV_BIC_BEV,2035.0,T_D_pkm_hdv_bic,le,0.046967741,,,,,,,,TRPHRBC001
BC,T_HDV_BIC_BEV,2040.0,T_D_pkm_hdv_bic,le,0.046967741,,,,,,,,TRPHRBC001
BC,T_HDV_BIC_BEV,2045.0,T_D_pkm_hdv_bic,le,0.046967741,,,,,,,,TRPHRBC001
BC,T_HDV_BS_BEV,2025.0,T_D_pkm_hdv_bs,ge,0.032292942,,,,,,,,TRPHRBC001
BC,T_HDV_BS_BEV,2030.0,T_D_pkm_hdv_bs,ge,0.032292942,,,,,,,,TRPHRBC001
BC,T_HDV_BS_BEV,2035.0,T_D_pkm_hdv_bs,ge,0.032292942,,,,,,,,TRPHRBC001
BC,T_HDV_BS_BEV,2040.0,T_D_pkm_hdv_bs,ge,0.032292942,,,,,,,,TRPHRBC001
BC,T_HDV_BS_BEV,2045.0,T_D_pkm_hdv_bs,ge,0.032292942,,,,,,,,TRPHRBC001
BC,T_HDV_BS_DSL,2025.0,T_D_pkm_hdv_bs,le,0.033992571,,,,,,,,TRPHRBC001
BC,T_HDV_BS_DSL,2030.0,T_D_pkm_hdv_bs,le,0.033992571,,,,,,,,TRPHRBC001
BC,T_HDV_BS_DSL,2035.0,T_D_pkm_hdv_bs,le,0.033992571,,,,,,,,TRPHRBC001
BC,T_HDV_BS_DSL,2040.0,T_D_pkm_hdv_bs,le,0.033992571,,,,,,,,TRPHRBC001
BC,T_HDV_BS_DSL,2045.0,T_D_pkm_hdv_bs,le,0.033992571,,,,,,,,TRPHRBC001
BC,T_HDV_BT_DSL,2025.0,T_D_pkm_hdv_bt,ge,0.042367363,,,,,,,,TRPHRBC001
BC,T_HDV_BT_DSL,2030.0,T_D_pkm_hdv_bt,ge,0.042367363,,,,,,,,TRPHRBC001
BC,T_HDV_BT_DSL,2035.0,T_D_pkm_hdv_bt,ge,0.042367363,,,,,,,,TRPHRBC001
BC,T_HDV_BT_DSL,2040.0,T_D_pkm_hdv_bt,ge,0.042367363,,,,,,,,TRPHRBC001
BC,T_HDV_BT_DSL,2045.0,T_D_pkm_hdv_bt,ge,0.042367363,,,,,,,,TRPHRBC001
BC,T_HDV_BS_CNG,2025.0,T_D_pkm_hdv_bs,ge,0.032292942,,,,,,,,TRPHRBC001
BC,T_HDV_BS_CNG,2030.0,T_D_pkm_hdv_bs,ge,0.032292942,,,,,,,,TRPHRBC001
BC,T_HDV_BS_CNG,2035.0,T_D_pkm_hdv_bs,ge,0.032292942,,,,,,,,TRPHRBC001
BC,T_HDV_BS_CNG,2040.0,T_D_pkm_hdv_bs,ge,0.032292942,,,,,,,,TRPHRBC001
BC,T_HDV_BS_CNG,2045.0,T_D_pkm_hdv_bs,ge,0.032292942,,,,,,,,TRPHRBC001
BC,T_HDV_BT_BEV,2025.0,T_D_pkm_hdv_bt,ge,0.042367363,,,,,,,,TRPHRBC001
BC,T_HDV_BT_BEV,2030.0,T_D_pkm_hdv_bt,ge,0.042367363,,,,,,,,TRPHRBC001
BC,T_HDV_BT_BEV,2035.0,T_D_pkm_hdv_bt,ge,0.042367363,,,,,,,,TRPHRBC001
BC,T_HDV_BT_BEV,2040.0,T_D_pkm_hdv_bt,ge,0.042367363,,,,,,,,TRPHRBC001
BC,T_HDV_BT_BEV,2045.0,T_D_pkm_hdv_bt,ge,0.042367363,,,,,,,,TRPHRBC001
BC,T_HDV_BT_FCHEV,2025.0,T_D_pkm_hdv_bt,ge,0.042367363,,,,,,,,TRPHRBC001
BC,T_HDV_BT_FCHEV,2030.0,T_D_pkm_hdv_bt,ge,0.042367363,,,,,,,,TRPHRBC001
BC,T_HDV_BT_FCHEV,2035.0,T_D_pkm_hdv_bt,ge,0.042367363,,,,,,,,TRPHRBC001
BC,T_HDV_BT_FCHEV,2040.0,T_D_pkm_hdv_bt,ge,0.042367363,,,,,,,,TRPHRBC001
BC,T_HDV_BT_FCHEV,2045.0,T_D_pkm_hdv_bt,ge,0.042367363,,,,,,,,TRPHRBC001
BC,T_HDV_BT_DSL,2025.0,T_D_pkm_hdv_bt,le,0.044597224,,,,,,,,TRPHRBC001
BC,T_HDV_BT_DSL,2030.0,T_D_pkm_hdv_bt,le,0.044597224,,,,,,,,TRPHRBC001
BC,T_HDV_BT_DSL,2035.0,T_D_pkm_hdv_bt,le,0.044597224,,,,,,,,TRPHRBC001
BC,T_HDV_BT_DSL,2040.0,T_D_pkm_hdv_bt,le,0.044597224,,,,,,,,TRPHRBC001
BC,T_HDV_BT_DSL,2045.0,T_D_pkm_hdv_bt,le,0.044597224,,,,,,,,TRPHRBC001
BC,T_I_H2_SMR_CCS,2025.0,T_h2,le,0.95,,,,,,,,TRPHRBC001
BC,T_I_H2_SMR_CCS,2030.0,T_h2,le,0.95,,,,,,,,TRPHRBC001
BC,T_I_H2_SMR_CCS,2035.0,T_h2,le,0.95,,,,,,,,TRPHRBC001
BC,T_I_H2_SMR_CCS,2040.0,T_h2,le,0.95,,,,,,,,TRPHRBC001
BC,T_I_H2_SMR_CCS,2045.0,T_h2,le,0.95,,,,,,,,TRPHRBC001
BC,T_HDV_BT_DSL_PHEV,2025.0,T_D_pkm_hdv_bt,ge,0.042367363,,,,,,,,TRPHRBC001
BC,T_HDV_BT_DSL_PHEV,2030.0,T_D_pkm_hdv_bt,ge,0.042367363,,,,,,,,TRPHRBC001
BC,T_HDV_BT_DSL_PHEV,2035.0,T_D_pkm_hdv_bt,ge,0.042367363,,,,,,,,TRPHRBC001
BC,T_HDV_BT_DSL_PHEV,2040.0,T_D_pkm_hdv_bt,ge,0.042367363,,,,,,,,TRPHRBC001
BC,T_HDV_BT_DSL_PHEV,2045.0,T_D_pkm_hdv_bt,ge,0.042367363,,,,,,,,TRPHRBC001
BC,T_HDV_BS_DSL_PHEV,2025.0,T_D_pkm_hdv_bs,le,0.033992571,,,,,,,,TRPHRBC001
BC,T_HDV_BS_DSL_PHEV,2030.0,T_D_pkm_hdv_bs,le,0.033992571,,,,,,,,TRPHRBC001
BC,T_HDV_BS_DSL_PHEV,2035.0,T_D_pkm_hdv_bs,le,0.033992571,,,,,,,,TRPHRBC001
BC,T_HDV_BS_DSL_PHEV,2040.0,T_D_pkm_hdv_bs,le,0.033992571,,,,,,,,TRPHRBC001
BC,T_HDV_BS_DSL_PHEV,2045.0,T_D_pkm_hdv_bs,le,0.033992571,,,,,,,,TRPHRBC001
BC,T_HDV_BS_DSL_HEV,2025.0,T_D_pkm_hdv_bs,ge,0.032292942,,,,,,,,TRPHRBC001
BC,T_HDV_BS_DSL_HEV,2030.0,T_D_pkm_hdv_bs,ge,0.032292942,,,,,,,,TRPHRBC001
BC,T_HDV_BS_DSL_HEV,2035.0,T_D_pkm_hdv_bs,ge,0.032292942,,,,,,,,TRPHRBC001
BC,T_HDV_BS_DSL_HEV,2040.0,T_D_pkm_hdv_bs,ge,0.032292942,,,,,,,,TRPHRBC001
BC,T_HDV_BS_DSL_HEV,2045.0,T_D_pkm_hdv_bs,ge,0.032292942,,,,,,,,TRPHRBC001
BC,T_HDV_BS_FCHEV,2025.0,T_D_pkm_hdv_bs,le,0.033992571,,,,,,,,TRPHRBC001
BC,T_HDV_BS_FCHEV,2030.0,T_D_pkm_hdv_bs,le,0.033992571,,,,,,,,TRPHRBC001
BC,T_HDV_BS_FCHEV,2035.0,T_D_pkm_hdv_bs,le,0.033992571,,,,,,,,TRPHRBC001
BC,T_HDV_BS_FCHEV,2040.0,T_D_pkm_hdv_bs,le,0.033992571,,,,,,,,TRPHRBC001
BC,T_HDV_BS_FCHEV,2045.0,T_D_pkm_hdv_bs,le,0.033992571,,,,,,,,TRPHRBC001
BC,T_I_H2_SMR,2025.0,T_h2,le,0.95,,,,,,,,TRPHRBC001
BC,T_I_H2_SMR,2030.0,T_h2,le,0.95,,,,,,,,TRPHRBC001
BC,T_I_H2_SMR,2035.0,T_h2,le,0.95,,,,,,,,TRPHRBC001
BC,T_I_H2_SMR,2040.0,T_h2,le,0.95,,,,,,,,TRPHRBC001
BC,T_I_H2_SMR,2045.0,T_h2,le,0.95,,,,,,,,TRPHRBC001
BC,T_HDV_BS_GSL,2025.0,T_D_pkm_hdv_bs,le,0.033992571,,,,,,,,TRPHRBC001
BC,T_HDV_BS_GSL,2030.0,T_D_pkm_hdv_bs,le,0.033992571,,,,,,,,TRPHRBC001
BC,T_HDV_BS_GSL,2035.0,T_D_pkm_hdv_bs,le,0.033992571,,,,,,,,TRPHRBC001
BC,T_HDV_BS_GSL,2040.0,T_D_pkm_hdv_bs,le,0.033992571,,,,,,,,TRPHRBC001
BC,T_HDV_BS_GSL,2045.0,T_D_pkm_hdv_bs,le,0.033992571,,,,,,,,TRPHRBC001
BC,T_HDV_BS_CNG,2025.0,T_D_pkm_hdv_bs,le,0.033992571,,,,,,,,TRPHRBC001
BC,T_HDV_BS_CNG,2030.0,T_D_pkm_hdv_bs,le,0.033992571,,,,,,,,TRPHRBC001
BC,T_HDV_BS_CNG,2035.0,T_D_pkm_hdv_bs,le,0.033992571,,,,,,,,TRPHRBC001
BC,T_HDV_BS_CNG,2040.0,T_D_pkm_hdv_bs,le,0.033992571,,,,,,,,TRPHRBC001
BC,T_HDV_BS_CNG,2045.0,T_D_pkm_hdv_bs,le,0.033992571,,,,,,,,TRPHRBC001
BC,T_HDV_BT_GSL,2025.0,T_D_pkm_hdv_bt,ge,0.042367363,,,,,,,,TRPHRBC001
BC,T_HDV_BT_GSL,2030.0,T_D_pkm_hdv_bt,ge,0.042367363,,,,,,,,TRPHRBC001
BC,T_HDV_BT_GSL,2035.0,T_D_pkm_hdv_bt,ge,0.042367363,,,,,,,,TRPHRBC001
BC,T_HDV_BT_GSL,2040.0,T_D_pkm_hdv_bt,ge,0.042367363,,,,,,,,TRPHRBC001
BC,T_HDV_BT_GSL,2045.0,T_D_pkm_hdv_bt,ge,0.042367363,,,,,,,,TRPHRBC001
BC,T_HDV_BT_DSL_HEV,2025.0,T_D_pkm_hdv_bt,ge,0.042367363,,,,,,,,TRPHRBC001
BC,T_HDV_BT_DSL_HEV,2030.0,T_D_pkm_hdv_bt,ge,0.042367363,,,,,,,,TRPHRBC001
BC,T_HDV_BT_DSL_HEV,2035.0,T_D_pkm_hdv_bt,ge,0.042367363,,,,,,,,TRPHRBC001
BC,T_HDV_BT_DSL_HEV,2040.0,T_D_pkm_hdv_bt,ge,0.042367363,,,,,,,,TRPHRBC001
BC,T_HDV_BT_DSL_HEV,2045.0,T_D_pkm_hdv_bt,ge,0.042367363,,,,,,,,TRPHRBC001
BC,T_LDV_BEV_CHRG,2025.0,T_elc_ldv_bev_chrg,ge,0.4352528997003083,,,,,,,,TRPHRBC001
BC,T_LDV_BEV_CHRG,2030.0,T_elc_ldv_bev_chrg,ge,0.4352528997003083,,,,,,,,TRPHRBC001
BC,T_LDV_BEV_CHRG,2035.0,T_elc_ldv_bev_chrg,ge,0.4352528997003083,,,,,,,,TRPHRBC001
BC,T_LDV_BEV_CHRG,2040.0,T_elc_ldv_bev_chrg,ge,0.4352528997003083,,,,,,,,TRPHRBC001
BC,T_LDV_BEV_CHRG,2045.0,T_elc_ldv_bev_chrg,ge,0.4352528997003083,,,,,,,,TRPHRBC001
MB,T_HDV_BS_CNG,2025.0,T_D_pkm_hdv_bs,ge,0.032292942,,,,,,,,TRPHRMB001
MB,T_HDV_BS_CNG,2030.0,T_D_pkm_hdv_bs,ge,0.032292942,,,,,,,,TRPHRMB001
MB,T_HDV_BS_CNG,2035.0,T_D_pkm_hdv_bs,ge,0.032292942,,,,,,,,TRPHRMB001
MB,T_HDV_BS_CNG,2040.0,T_D_pkm_hdv_bs,ge,0.032292942,,,,,,,,TRPHRMB001
MB,T_HDV_BS_CNG,2045.0,T_D_pkm_hdv_bs,ge,0.032292942,,,,,,,,TRPHRMB001
MB,T_HDV_BIC_DSL_HEV,2025.0,T_D_pkm_hdv_bic,le,0.046967741,,,,,,,,TRPHRMB001
MB,T_HDV_BIC_DSL_HEV,2030.0,T_D_pkm_hdv_bic,le,0.046967741,,,,,,,,TRPHRMB001
MB,T_HDV_BIC_DSL_HEV,2035.0,T_D_pkm_hdv_bic,le,0.046967741,,,,,,,,TRPHRMB001
MB,T_HDV_BIC_DSL_HEV,2040.0,T_D_pkm_hdv_bic,le,0.046967741,,,,,,,,TRPHRMB001
MB,T_HDV_BIC_DSL_HEV,2045.0,T_D_pkm_hdv_bic,le,0.046967741,,,,,,,,TRPHRMB001
MB,T_HDV_BT_BEV,2025.0,T_D_pkm_hdv_bt,ge,0.042367363,,,,,,,,TRPHRMB001
MB,T_HDV_BT_BEV,2030.0,T_D_pkm_hdv_bt,ge,0.042367363,,,,,,,,TRPHRMB001
MB,T_HDV_BT_BEV,2035.0,T_D_pkm_hdv_bt,ge,0.042367363,,,,,,,,TRPHRMB001
MB,T_HDV_BT_BEV,2040.0,T_D_pkm_hdv_bt,ge,0.042367363,,,,,,,,TRPHRMB001
MB,T_HDV_BT_BEV,2045.0,T_D_pkm_hdv_bt,ge,0.042367363,,,,,,,,TRPHRMB001
MB,T_HDV_BS_DSL,2025.0,T_D_pkm_hdv_bs,ge,0.032292942,,,,,,,,TRPHRMB001
MB,T_HDV_BS_DSL,2030.0,T_D_pkm_hdv_bs,ge,0.032292942,,,,,,,,TRPHRMB001
MB,T_HDV_BS_DSL,2035.0,T_D_pkm_hdv_bs,ge,0.032292942,,,,,,,,TRPHRMB001
MB,T_HDV_BS_DSL,2040.0,T_D_pkm_hdv_bs,ge,0.032292942,,,,,,,,TRPHRMB001
MB,T_HDV_BS_DSL,2045.0,T_D_pkm_hdv_bs,ge,0.032292942,,,,,,,,TRPHRMB001
MB,T_HDV_BT_DSL_PHEV,2025.0,T_D_pkm_hdv_bt,ge,0.042367363,,,,,,,,TRPHRMB001
MB,T_HDV_BT_DSL_PHEV,2030.0,T_D_pkm_hdv_bt,ge,0.042367363,,,,,,,,TRPHRMB001
MB,T_HDV_BT_DSL_PHEV,2035.0,T_D_pkm_hdv_bt,ge,0.042367363,,,,,,,,TRPHRMB001
MB,T_HDV_BT_DSL_PHEV,2040.0,T_D_pkm_hdv_bt,ge,0.042367363,,,,,,,,TRPHRMB001
MB,T_HDV_BT_DSL_PHEV,2045.0,T_D_pkm_hdv_bt,ge,0.042367363,,,,,,,,TRPHRMB001
MB,T_HDV_BS_DSL_PHEV,2025.0,T_D_pkm_hdv_bs,ge,0.032292942,,,,,,,,TRPHRMB001
MB,T_HDV_BS_DSL_PHEV,2030.0,T_D_pkm_hdv_bs,ge,0.032292942,,,,,,,,TRPHRMB001
MB,T_HDV_BS_DSL_PHEV,2035.0,T_D_pkm_hdv_bs,ge,0.032292942,,,,,,,,TRPHRMB001
MB,T_HDV_BS_DSL_PHEV,2040.0,T_D_pkm_hdv_bs,ge,0.032292942,,,,,,,,TRPHRMB001
MB,T_HDV_BS_DSL_PHEV,2045.0,T_D_pkm_hdv_bs,ge,0.032292942,,,,,,,,TRPHRMB001
MB,T_I_H2_SMR,2025.0,T_h2,ge,0.9025,,,,,,,,TRPHRMB001
MB,T_I_H2_SMR,2030.0,T_h2,ge,0.9025,,,,,,,,TRPHRMB001
MB,T_I_H2_SMR,2035.0,T_h2,ge,0.9025,,,,,,,,TRPHRMB001
MB,T_I_H2_SMR,2040.0,T_h2,ge,0.9025,,,,,,,,TRPHRMB001
MB,T_I_H2_SMR,2045.0,T_h2,ge,0.9025,,,,,,,,TRPHRMB001
MB,T_LDV_M_GSL,2025.0,T_D_pkm_ldv_m,ge,0.007952935,,,,,,,,TRPHRMB001
MB,T_LDV_M_GSL,2030.0,T_D_pkm_ldv_m,ge,0.007952935,,,,,,,,TRPHRMB001
MB,T_LDV_M_GSL,2035.0,T_D_pkm_ldv_m,ge,0.007952935,,,,,,,,TRPHRMB001
MB,T_LDV_M_GSL,2040.0,T_D_pkm_ldv_m,ge,0.007952935,,,,,,,,TRPHRMB001
MB,T_LDV_M_GSL,2045.0,T_D_pkm_ldv_m,ge,0.007952935,,,,,,,,TRPHRMB001
MB,T_HDV_BS_GSL,2025.0,T_D_pkm_hdv_bs,le,0.033992571,,,,,,,,TRPHRMB001
MB,T_HDV_BS_GSL,2030.0,T_D_pkm_hdv_bs,le,0.033992571,,,,,,,,TRPHRMB001
MB,T_HDV_BS_GSL,2035.0,T_D_pkm_hdv_bs,le,0.033992571,,,,,,,,TRPHRMB001
MB,T_HDV_BS_GSL,2040.0,T_D_pkm_hdv_bs,le,0.033992571,,,,,,,,TRPHRMB001
MB,T_HDV_BS_GSL,2045.0,T_D_pkm_hdv_bs,le,0.033992571,,,,,,,,TRPHRMB001
MB,T_HDV_BS_BEV,2025.0,T_D_pkm_hdv_bs,le,0.033992571,,,,,,,,TRPHRMB001
MB,T_HDV_BS_BEV,2030.0,T_D_pkm_hdv_bs,le,0.033992571,,,,,,,,TRPHRMB001
MB,T_HDV_BS_BEV,2035.0,T_D_pkm_hdv_bs,le,0.033992571,,,,,,,,TRPHRMB001
MB,T_HDV_BS_BEV,2040.0,T_D_pkm_hdv_bs,le,0.033992571,,,,,,,,TRPHRMB001
MB,T_HDV_BS_BEV,2045.0,T_D_pkm_hdv_bs,le,0.033992571,,,,,,,,TRPHRMB001
MB,T_HDV_BT_FCHEV,2025.0,T_D_pkm_hdv_bt,le,0.044597224,,,,,,,,TRPHRMB001
MB,T_HDV_BT_FCHEV,2030.0,T_D_pkm_hdv_bt,le,0.044597224,,,,,,,,TRPHRMB001
MB,T_HDV_BT_FCHEV,2035.0,T_D_pkm_hdv_bt,le,0.044597224,,,,,,,,TRPHRMB001
MB,T_HDV_BT_FCHEV,2040.0,T_D_pkm_hdv_bt,le,0.044597224,,,,,,,,TRPHRMB001
MB,T_HDV_BT_FCHEV,2045.0,T_D_pkm_hdv_bt,le,0.044597224,,,,,,,,TRPHRMB001
MB,T_HDV_BT_FCEV,2025.0,T_D_pkm_hdv_bt,le,0.044597224,,,,,,,,TRPHRMB001
MB,T_HDV_BT_FCEV,2030.0,T_D_pkm_hdv_bt,le,0.044597224,,,,,,,,TRPHRMB001
MB,T_HDV_BT_FCEV,2035.0,T_D_pkm_hdv_bt,le,0.044597224,,,,,,,,TRPHRMB001
MB,T_HDV_BT_FCEV,2040.0,T_D_pkm_hdv_bt,le,0.044597224,,,,,,,,TRPHRMB001
MB,T_HDV_BT_FCEV,2045.0,T_D_pkm_hdv_bt,le,0.044597224,,,,,,,,TRPHRMB001
MB,T_HDV_BIC_BEV,2025.0,T_D_pkm_hdv_bic,ge,0.044619354,,,,,,,,TRPHRMB001
MB,T_HDV_BIC_BEV,2030.0,T_D_pkm_hdv_bic,ge,0.044619354,,,,,,,,TRPHRMB001
MB,T_HDV_BIC_BEV,2035.0,T_D_pkm_hdv_bic,ge,0.044619354,,,,,,,,TRPHRMB001
MB,T_HDV_BIC_BEV,2040.0,T_D_pkm_hdv_bic,ge,0.044619354,,,,,,,,TRPHRMB001
MB,T_HDV_BIC_BEV,2045.0,T_D_pkm_hdv_bic,ge,0.044619354,,,,,,,,TRPHRMB001
MB,T_HDV_BT_DSL,2025.0,T_D_pkm_hdv_bt,le,0.044597224,,,,,,,,TRPHRMB001
MB,T_HDV_BT_DSL,2030.0,T_D_pkm_hdv_bt,le,0.044597224,,,,,,,,TRPHRMB001
MB,T_HDV_BT_DSL,2035.0,T_D_pkm_hdv_bt,le,0.044597224,,,,,,,,TRPHRMB001
MB,T_HDV_BT_DSL,2040.0,T_D_pkm_hdv_bt,le,0.044597224,,,,,,,,TRPHRMB001
MB,T_HDV_BT_DSL,2045.0,T_D_pkm_hdv_bt,le,0.044597224,,,,,,,,TRPHRMB001
MB,T_LDV_M_BEV,2025.0,T_D_pkm_ldv_m,le,0.008371511,,,,,,,,TRPHRMB001
MB,T_LDV_M_BEV,2030.0,T_D_pkm_ldv_m,le,0.008371511,,,,,,,,TRPHRMB001
MB,T_LDV_M_BEV,2035.0,T_D_pkm_ldv_m,le,0.008371511,,,,,,,,TRPHRMB001
MB,T_LDV_M_BEV,2040.0,T_D_pkm_ldv_m,le,0.008371511,,,,,,,,TRPHRMB001
MB,T_LDV_M_BEV,2045.0,T_D_pkm_ldv_m,le,0.008371511,,,,,,,,TRPHRMB001
MB,T_HDV_BS_FCHEV,2025.0,T_D_pkm_hdv_bs,ge,0.032292942,,,,,,,,TRPHRMB001
MB,T_HDV_BS_FCHEV,2030.0,T_D_pkm_hdv_bs,ge,0.032292942,,,,,,,,TRPHRMB001
MB,T_HDV_BS_FCHEV,2035.0,T_D_pkm_hdv_bs,ge,0.032292942,,,,,,,,TRPHRMB001
MB,T_HDV_BS_FCHEV,2040.0,T_D_pkm_hdv_bs,ge,0.032292942,,,,,,,,TRPHRMB001
MB,T_HDV_BS_FCHEV,2045.0,T_D_pkm_hdv_bs,ge,0.032292942,,,,,,,,TRPHRMB001
MB,T_HDV_BT_DSL_HEV,2025.0,T_D_pkm_hdv_bt,le,0.044597224,,,,,,,,TRPHRMB001
MB,T_HDV_BT_DSL_HEV,2030.0,T_D_pkm_hdv_bt,le,0.044597224,,,,,,,,TRPHRMB001
MB,T_HDV_BT_DSL_HEV,2035.0,T_D_pkm_hdv_bt,le,0.044597224,,,,,,,,TRPHRMB001
MB,T_HDV_BT_DSL_HEV,2040.0,T_D_pkm_hdv_bt,le,0.044597224,,,,,,,,TRPHRMB001
MB,T_HDV_BT_DSL_HEV,2045.0,T_D_pkm_hdv_bt,le,0.044597224,,,,,,,,TRPHRMB001
MB,T_HDV_BIC_DSL,2025.0,T_D_pkm_hdv_bic,ge,0.044619354,,,,,,,,TRPHRMB001
MB,T_HDV_BIC_DSL,2030.0,T_D_pkm_hdv_bic,ge,0.044619354,,,,,,,,TRPHRMB001
MB,T_HDV_BIC_DSL,2035.0,T_D_pkm_hdv_bic,ge,0.044619354,,,,,,,,TRPHRMB001
MB,T_HDV_BIC_DSL,2040.0,T_D_pkm_hdv_bic,ge,0.044619354,,,,,,,,TRPHRMB001
MB,T_HDV_BIC_DSL,2045.0,T_D_pkm_hdv_bic,ge,0.044619354,,,,,,,,TRPHRMB001
MB,T_HDV_BT_FCEV,2025.0,T_D_pkm_hdv_bt,ge,0.042367363,,,,,,,,TRPHRMB001
MB,T_HDV_BT_FCEV,2030.0,T_D_pkm_hdv_bt,ge,0.042367363,,,,,,,,TRPHRMB001
MB,T_HDV_BT_FCEV,2035.0,T_D_pkm_hdv_bt,ge,0.042367363,,,,,,,,TRPHRMB001
MB,T_HDV_BT_FCEV,2040.0,T_D_pkm_hdv_bt,ge,0.042367363,,,,,,,,TRPHRMB001
MB,T_HDV_BT_FCEV,2045.0,T_D_pkm_hdv_bt,ge,0.042367363,,,,,,,,TRPHRMB001
MB,T_I_H2_SMR_CCS,2025.0,T_h2,ge,0.9025,,,,,,,,TRPHRMB001
MB,T_I_H2_SMR_CCS,2030.0,T_h2,ge,0.9025,,,,,,,,TRPHRMB001
MB,T_I_H2_SMR_CCS,2035.0,T_h2,ge,0.9025,,,,,,,,TRPHRMB001
MB,T_I_H2_SMR_CCS,2040.0,T_h2,ge,0.9025,,,,,,,,TRPHRMB001
MB,T_I_H2_SMR_CCS,2045.0,T_h2,ge,0.9025,,,,,,,,TRPHRMB001
MB,T_I_H2_SMR,2025.0,T_h2,le,0.95,,,,,,,,TRPHRMB001
MB,T_I_H2_SMR,2030.0,T_h2,le,0.95,,,,,,,,TRPHRMB001
MB,T_I_H2_SMR,2035.0,T_h2,le,0.95,,,,,,,,TRPHRMB001
MB,T_I_H2_SMR,2040.0,T_h2,le,0.95,,,,,,,,TRPHRMB001
MB,T_I_H2_SMR,2045.0,T_h2,le,0.95,,,,,,,,TRPHRMB001
MB,T_HDV_BT_GSL,2025.0,T_D_pkm_hdv_bt,le,0.044597224,,,,,,,,TRPHRMB001
MB,T_HDV_BT_GSL,2030.0,T_D_pkm_hdv_bt,le,0.044597224,,,,,,,,TRPHRMB001
MB,T_HDV_BT_GSL,2035.0,T_D_pkm_hdv_bt,le,0.044597224,,,,,,,,TRPHRMB001
MB,T_HDV_BT_GSL,2040.0,T_D_pkm_hdv_bt,le,0.044597224,,,,,,,,TRPHRMB001
MB,T_HDV_BT_GSL,2045.0,T_D_pkm_hdv_bt,le,0.044597224,,,,,,,,TRPHRMB001
MB,T_I_H2_SMR_CCS,2025.0,T_h2,le,0.95,,,,,,,,TRPHRMB001
MB,T_I_H2_SMR_CCS,2030.0,T_h2,le,0.95,,,,,,,,TRPHRMB001
MB,T_I_H2_SMR_CCS,2035.0,T_h2,le,0.95,,,,,,,,TRPHRMB001
MB,T_I_H2_SMR_CCS,2040.0,T_h2,le,0.95,,,,,,,,TRPHRMB001
MB,T_I_H2_SMR_CCS,2045.0,T_h2,le,0.95,,,,,,,,TRPHRMB001
MB,T_HDV_BT_DSL,2025.0,T_D_pkm_hdv_bt,ge,0.042367363,,,,,,,,TRPHRMB001
MB,T_HDV_BT_DSL,2030.0,T_D_pkm_hdv_bt,ge,0.042367363,,,,,,,,TRPHRMB001
MB,T_HDV_BT_DSL,2035.0,T_D_pkm_hdv_bt,ge,0.042367363,,,,,,,,TRPHRMB001
MB,T_HDV_BT_DSL,2040.0,T_D_pkm_hdv_bt,ge,0.042367363,,,,,,,,TRPHRMB001
MB,T_HDV_BT_DSL,2045.0,T_D_pkm_hdv_bt,ge,0.042367363,,,,,,,,TRPHRMB001
MB,T_HDV_BS_FCEV,2025.0,T_D_pkm_hdv_bs,ge,0.032292942,,,,,,,,TRPHRMB001
MB,T_HDV_BS_FCEV,2030.0,T_D_pkm_hdv_bs,ge,0.032292942,,,,,,,,TRPHRMB001
MB,T_HDV_BS_FCEV,2035.0,T_D_pkm_hdv_bs,ge,0.032292942,,,,,,,,TRPHRMB001
MB,T_HDV_BS_FCEV,2040.0,T_D_pkm_hdv_bs,ge,0.032292942,,,,,,,,TRPHRMB001
MB,T_HDV_BS_FCEV,2045.0,T_D_pkm_hdv_bs,ge,0.032292942,,,,,,,,TRPHRMB001
MB,T_HDV_BS_BEV,2025.0,T_D_pkm_hdv_bs,ge,0.032292942,,,,,,,,TRPHRMB001
MB,T_HDV_BS_BEV,2030.0,T_D_pkm_hdv_bs,ge,0.032292942,,,,,,,,TRPHRMB001
MB,T_HDV_BS_BEV,2035.0,T_D_pkm_hdv_bs,ge,0.032292942,,,,,,,,TRPHRMB001
MB,T_HDV_BS_BEV,2040.0,T_D_pkm_hdv_bs,ge,0.032292942,,,,,,,,TRPHRMB001
MB,T_HDV_BS_BEV,2045.0,T_D_pkm_hdv_bs,ge,0.032292942,,,,,,,,TRPHRMB001
MB,T_HDV_BS_CNG,2025.0,T_D_pkm_hdv_bs,le,0.033992571,,,,,,,,TRPHRMB001
MB,T_HDV_BS_CNG,2030.0,T_D_pkm_hdv_bs,le,0.033992571,,,,,,,,TRPHRMB001
MB,T_HDV_BS_CNG,2035.0,T_D_pkm_hdv_bs,le,0.033992571,,,,,,,,TRPHRMB001
MB,T_HDV_BS_CNG,2040.0,T_D_pkm_hdv_bs,le,0.033992571,,,,,,,,TRPHRMB001
MB,T_HDV_BS_CNG,2045.0,T_D_pkm_hdv_bs,le,0.033992571,,,,,,,,TRPHRMB001
MB,T_HDV_BS_DSL_PHEV,2025.0,T_D_pkm_hdv_bs,le,0.033992571,,,,,,,,TRPHRMB001
MB,T_HDV_BS_DSL_PHEV,2030.0,T_D_pkm_hdv_bs,le,0.033992571,,,,,,,,TRPHRMB001
MB,T_HDV_BS_DSL_PHEV,2035.0,T_D_pkm_hdv_bs,le,0.033992571,,,,,,,,TRPHRMB001
MB,T_HDV_BS_DSL_PHEV,2040.0,T_D_pkm_hdv_bs,le,0.033992571,,,,,,,,TRPHRMB001
MB,T_HDV_BS_DSL_PHEV,2045.0,T_D_pkm_hdv_bs,le,0.033992571,,,,,,,,TRPHRMB001
MB,T_HDV_BT_CNG,2025.0,T_D_pkm_hdv_bt,ge,0.042367363,,,,,,,,TRPHRMB001
MB,T_HDV_BT_CNG,2030.0,T_D_pkm_hdv_bt,ge,0.042367363,,,,,,,,TRPHRMB001
MB,T_HDV_BT_CNG,2035.0,T_D_pkm_hdv_bt,ge,0.042367363,,,,,,,,TRPHRMB001
MB,T_HDV_BT_CNG,2040.0,T_D_pkm_hdv_bt,ge,0.042367363,,,,,,,,TRPHRMB001
MB,T_HDV_BT_CNG,2045.0,T_D_pkm_hdv_bt,ge,0.042367363,,,,,,,,TRPHRMB001
MB,T_HDV_BS_DSL,2025.0,T_D_pkm_hdv_bs,le,0.033992571,,,,,,,,TRPHRMB001
MB,T_HDV_BS_DSL,2030.0,T_D_pkm_hdv_bs,le,0.033992571,,,,,,,,TRPHRMB001
MB,T_HDV_BS_DSL,2035.0,T_D_pkm_hdv_bs,le,0.033992571,,,,,,,,TRPHRMB001
MB,T_HDV_BS_DSL,2040.0,T_D_pkm_hdv_bs,le,0.033992571,,,,,,,,TRPHRMB001
MB,T_HDV_BS_DSL,2045.0,T_D_pkm_hdv_bs,le,0.033992571,,,,,,,,TRPHRMB001
MB,T_LDV_M_BEV,2025.0,T_D_pkm_ldv_m,ge,0.007952935,,,,,,,,TRPHRMB001
MB,T_LDV_M_BEV,2030.0,T_D_pkm_ldv_m,ge,0.007952935,,,,,,,,TRPHRMB001
MB,T_LDV_M_BEV,2035.0,T_D_pkm_ldv_m,ge,0.007952935,,,,,,,,TRPHRMB001
MB,T_LDV_M_BEV,2040.0,T_D_pkm_ldv_m,ge,0.007952935,,,,,,,,TRPHRMB001
MB,T_LDV_M_BEV,2045.0,T_D_pkm_ldv_m,ge,0.007952935,,,,,,,,TRPHRMB001
MB,T_HDV_BIC_DSL,2025.0,T_D_pkm_hdv_bic,le,0.046967741,,,,,,,,TRPHRMB001
MB,T_HDV_BIC_DSL,2030.0,T_D_pkm_hdv_bic,le,0.046967741,,,,,,,,TRPHRMB001
MB,T_HDV_BIC_DSL,2035.0,T_D_pkm_hdv_bic,le,0.046967741,,,,,,,,TRPHRMB001
MB,T_HDV_BIC_DSL,2040.0,T_D_pkm_hdv_bic,le,0.046967741,,,,,,,,TRPHRMB001
MB,T_HDV_BIC_DSL,2045.0,T_D_pkm_hdv_bic,le,0.046967741,,,,,,,,TRPHRMB001
MB,T_HDV_BS_GSL,2025.0,T_D_pkm_hdv_bs,ge,0.032292942,,,,,,,,TRPHRMB001
MB,T_HDV_BS_GSL,2030.0,T_D_pkm_hdv_bs,ge,0.032292942,,,,,,,,TRPHRMB001
MB,T_HDV_BS_GSL,2035.0,T_D_pkm_hdv_bs,ge,0.032292942,,,,,,,,TRPHRMB001
MB,T_HDV_BS_GSL,2040.0,T_D_pkm_hdv_bs,ge,0.032292942,,,,,,,,TRPHRMB001
MB,T_HDV_BS_GSL,2045.0,T_D_pkm_hdv_bs,ge,0.032292942,,,,,,,,TRPHRMB001
MB,T_LDV_M_GSL,2025.0,T_D_pkm_ldv_m,le,0.008371511,,,,,,,,TRPHRMB001
MB,T_LDV_M_GSL,2030.0,T_D_pkm_ldv_m,le,0.008371511,,,,,,,,TRPHRMB001
MB,T_LDV_M_GSL,2035.0,T_D_pkm_ldv_m,le,0.008371511,,,,,,,,TRPHRMB001
MB,T_LDV_M_GSL,2040.0,T_D_pkm_ldv_m,le,0.008371511,,,,,,,,TRPHRMB001
MB,T_LDV_M_GSL,2045.0,T_D_pkm_ldv_m,le,0.008371511,,,,,,,,TRPHRMB001
MB,T_HDV_BT_DSL_HEV,2025.0,T_D_pkm_hdv_bt,ge,0.042367363,,,,,,,,TRPHRMB001
MB,T_HDV_BT_DSL_HEV,2030.0,T_D_pkm_hdv_bt,ge,0.042367363,,,,,,,,TRPHRMB001
MB,T_HDV_BT_DSL_HEV,2035.0,T_D_pkm_hdv_bt,ge,0.042367363,,,,,,,,TRPHRMB001
MB,T_HDV_BT_DSL_HEV,2040.0,T_D_pkm_hdv_bt,ge,0.042367363,,,,,,,,TRPHRMB001
MB,T_HDV_BT_DSL_HEV,2045.0,T_D_pkm_hdv_bt,ge,0.042367363,,,,,,,,TRPHRMB001
MB,T_HDV_BIC_FCEV,2025.0,T_D_pkm_hdv_bic,le,0.046967741,,,,,,,,TRPHRMB001
MB,T_HDV_BIC_FCEV,2030.0,T_D_pkm_hdv_bic,le,0.046967741,,,,,,,,TRPHRMB001
MB,T_HDV_BIC_FCEV,2035.0,T_D_pkm_hdv_bic,le,0.046967741,,,,,,,,TRPHRMB001
MB,T_HDV_BIC_FCEV,2040.0,T_D_pkm_hdv_bic,le,0.046967741,,,,,,,,TRPHRMB001
MB,T_HDV_BIC_FCEV,2045.0,T_D_pkm_hdv_bic,le,0.046967741,,,,,,,,TRPHRMB001
MB,T_HDV_BS_FCHEV,2025.0,T_D_pkm_hdv_bs,le,0.033992571,,,,,,,,TRPHRMB001
MB,T_HDV_BS_FCHEV,2030.0,T_D_pkm_hdv_bs,le,0.033992571,,,,,,,,TRPHRMB001
MB,T_HDV_BS_FCHEV,2035.0,T_D_pkm_hdv_bs,le,0.033992571,,,,,,,,TRPHRMB001
MB,T_HDV_BS_FCHEV,2040.0,T_D_pkm_hdv_bs,le,0.033992571,,,,,,,,TRPHRMB001
MB,T_HDV_BS_FCHEV,2045.0,T_D_pkm_hdv_bs,le,0.033992571,,,,,,,,TRPHRMB001
MB,T_HDV_BIC_BEV,2025.0,T_D_pkm_hdv_bic,le,0.046967741,,,,,,,,TRPHRMB001
MB,T_HDV_BIC_BEV,2030.0,T_D_pkm_hdv_bic,le,0.046967741,,,,,,,,TRPHRMB001
MB,T_HDV_BIC_BEV,2035.0,T_D_pkm_hdv_bic,le,0.046967741,,,,,,,,TRPHRMB001
MB,T_HDV_BIC_BEV,2040.0,T_D_pkm_hdv_bic,le,0.046967741,,,,,,,,TRPHRMB001
MB,T_HDV_BIC_BEV,2045.0,T_D_pkm_hdv_bic,le,0.046967741,,,,,,,,TRPHRMB001
MB,T_HDV_BT_GSL,2025.0,T_D_pkm_hdv_bt,ge,0.042367363,,,,,,,,TRPHRMB001
MB,T_HDV_BT_GSL,2030.0,T_D_pkm_hdv_bt,ge,0.042367363,,,,,,,,TRPHRMB001
MB,T_HDV_BT_GSL,2035.0,T_D_pkm_hdv_bt,ge,0.042367363,,,,,,,,TRPHRMB001
MB,T_HDV_BT_GSL,2040.0,T_D_pkm_hdv_bt,ge,0.042367363,,,,,,,,TRPHRMB001
MB,T_HDV_BT_GSL,2045.0,T_D_pkm_hdv_bt,ge,0.042367363,,,,,,,,TRPHRMB001
MB,T_HDV_BIC_GSL,2025.0,T_D_pkm_hdv_bic,ge,0.044619354,,,,,,,,TRPHRMB001
MB,T_HDV_BIC_GSL,2030.0,T_D_pkm_hdv_bic,ge,0.044619354,,,,,,,,TRPHRMB001
MB,T_HDV_BIC_GSL,2035.0,T_D_pkm_hdv_bic,ge,0.044619354,,,,,,,,TRPHRMB001
MB,T_HDV_BIC_GSL,2040.0,T_D_pkm_hdv_bic,ge,0.044619354,,,,,,,,TRPHRMB001
MB,T_HDV_BIC_GSL,2045.0,T_D_pkm_hdv_bic,ge,0.044619354,,,,,,,,TRPHRMB001
MB,T_HDV_BIC_GSL,2025.0,T_D_pkm_hdv_bic,le,0.046967741,,,,,,,,TRPHRMB001
MB,T_HDV_BIC_GSL,2030.0,T_D_pkm_hdv_bic,le,0.046967741,,,,,,,,TRPHRMB001
MB,T_HDV_BIC_GSL,2035.0,T_D_pkm_hdv_bic,le,0.046967741,,,,,,,,TRPHRMB001
MB,T_HDV_BIC_GSL,2040.0,T_D_pkm_hdv_bic,le,0.046967741,,,,,,,,TRPHRMB001
MB,T_HDV_BIC_GSL,2045.0,T_D_pkm_hdv_bic,le,0.046967741,,,,,,,,TRPHRMB001
MB,T_HDV_BIC_FCEV,2025.0,T_D_pkm_hdv_bic,ge,0.044619354,,,,,,,,TRPHRMB001
MB,T_HDV_BIC_FCEV,2030.0,T_D_pkm_hdv_bic,ge,0.044619354,,,,,,,,TRPHRMB001
MB,T_HDV_BIC_FCEV,2035.0,T_D_pkm_hdv_bic,ge,0.044619354,,,,,,,,TRPHRMB001
MB,T_HDV_BIC_FCEV,2040.0,T_D_pkm_hdv_bic,ge,0.044619354,,,,,,,,TRPHRMB001
MB,T_HDV_BIC_FCEV,2045.0,T_D_pkm_hdv_bic,ge,0.044619354,,,,,,,,TRPHRMB001
MB,T_HDV_BT_CNG,2025.0,T_D_pkm_hdv_bt,le,0.044597224,,,,,,,,TRPHRMB001
MB,T_HDV_BT_CNG,2030.0,T_D_pkm_hdv_bt,le,0.044597224,,,,,,,,TRPHRMB001
MB,T_HDV_BT_CNG,2035.0,T_D_pkm_hdv_bt,le,0.044597224,,,,,,,,TRPHRMB001
MB,T_HDV_BT_CNG,2040.0,T_D_pkm_hdv_bt,le,0.044597224,,,,,,,,TRPHRMB001
MB,T_HDV_BT_CNG,2045.0,T_D_pkm_hdv_bt,le,0.044597224,,,,,,,,TRPHRMB001
MB,T_HDV_BS_DSL_HEV,2025.0,T_D_pkm_hdv_bs,le,0.033992571,,,,,,,,TRPHRMB001
MB,T_HDV_BS_DSL_HEV,2030.0,T_D_pkm_hdv_bs,le,0.033992571,,,,,,,,TRPHRMB001
MB,T_HDV_BS_DSL_HEV,2035.0,T_D_pkm_hdv_bs,le,0.033992571,,,,,,,,TRPHRMB001
MB,T_HDV_BS_DSL_HEV,2040.0,T_D_pkm_hdv_bs,le,0.033992571,,,,,,,,TRPHRMB001
MB,T_HDV_BS_DSL_HEV,2045.0,T_D_pkm_hdv_bs,le,0.033992571,,,,,,,,TRPHRMB001
MB,T_HDV_BT_BEV,2025.0,T_D_pkm_hdv_bt,le,0.044597224,,,,,,,,TRPHRMB001
MB,T_HDV_BT_BEV,2030.0,T_D_pkm_hdv_bt,le,0.044597224,,,,,,,,TRPHRMB001
MB,T_HDV_BT_BEV,2035.0,T_D_pkm_hdv_bt,le,0.044597224,,,,,,,,TRPHRMB001
MB,T_HDV_BT_BEV,2040.0,T_D_pkm_hdv_bt,le,0.044597224,,,,,,,,TRPHRMB001
MB,T_HDV_BT_BEV,2045.0,T_D_pkm_hdv_bt,le,0.044597224,,,,,,,,TRPHRMB001
MB,T_HDV_BS_DSL_HEV,2025.0,T_D_pkm_hdv_bs,ge,0.032292942,,,,,,,,TRPHRMB001
MB,T_HDV_BS_DSL_HEV,2030.0,T_D_pkm_hdv_bs,ge,0.032292942,,,,,,,,TRPHRMB001
MB,T_HDV_BS_DSL_HEV,2035.0,T_D_pkm_hdv_bs,ge,0.032292942,,,,,,,,TRPHRMB001
MB,T_HDV_BS_DSL_HEV,2040.0,T_D_pkm_hdv_bs,ge,0.032292942,,,,,,,,TRPHRMB001
MB,T_HDV_BS_DSL_HEV,2045.0,T_D_pkm_hdv_bs,ge,0.032292942,,,,,,,,TRPHRMB001
MB,T_HDV_BT_FCHEV,2025.0,T_D_pkm_hdv_bt,ge,0.042367363,,,,,,,,TRPHRMB001
MB,T_HDV_BT_FCHEV,2030.0,T_D_pkm_hdv_bt,ge,0.042367363,,,,,,,,TRPHRMB001
MB,T_HDV_BT_FCHEV,2035.0,T_D_pkm_hdv_bt,ge,0.042367363,,,,,,,,TRPHRMB001
MB,T_HDV_BT_FCHEV,2040.0,T_D_pkm_hdv_bt,ge,0.042367363,,,,,,,,TRPHRMB001
MB,T_HDV_BT_FCHEV,2045.0,T_D_pkm_hdv_bt,ge,0.042367363,,,,,,,,TRPHRMB001
MB,T_HDV_BIC_DSL_HEV,2025.0,T_D_pkm_hdv_bic,ge,0.044619354,,,,,,,,TRPHRMB001
MB,T_HDV_BIC_DSL_HEV,2030.0,T_D_pkm_hdv_bic,ge,0.044619354,,,,,,,,TRPHRMB001
MB,T_HDV_BIC_DSL_HEV,2035.0,T_D_pkm_hdv_bic,ge,0.044619354,,,,,,,,TRPHRMB001
MB,T_HDV_BIC_DSL_HEV,2040.0,T_D_pkm_hdv_bic,ge,0.044619354,,,,,,,,TRPHRMB001
MB,T_HDV_BIC_DSL_HEV,2045.0,T_D_pkm_hdv_bic,ge,0.044619354,,,,,,,,TRPHRMB001
MB,T_HDV_BT_DSL_PHEV,2025.0,T_D_pkm_hdv_bt,le,0.044597224,,,,,,,,TRPHRMB001
MB,T_HDV_BT_DSL_PHEV,2030.0,T_D_pkm_hdv_bt,le,0.044597224,,,,,,,,TRPHRMB001
MB,T_HDV_BT_DSL_PHEV,2035.0,T_D_pkm_hdv_bt,le,0.044597224,,,,,,,,TRPHRMB001
MB,T_HDV_BT_DSL_PHEV,2040.0,T_D_pkm_hdv_bt,le,0.044597224,,,,,,,,TRPHRMB001
MB,T_HDV_BT_DSL_PHEV,2045.0,T_D_pkm_hdv_bt,le,0.044597224,,,,,,,,TRPHRMB001
MB,T_HDV_BS_FCEV,2025.0,T_D_pkm_hdv_bs,le,0.033992571,,,,,,,,TRPHRMB001
MB,T_HDV_BS_FCEV,2030.0,T_D_pkm_hdv_bs,le,0.033992571,,,,,,,,TRPHRMB001
MB,T_HDV_BS_FCEV,2035.0,T_D_pkm_hdv_bs,le,0.033992571,,,,,,,,TRPHRMB001
MB,T_HDV_BS_FCEV,2040.0,T_D_pkm_hdv_bs,le,0.033992571,,,,,,,,TRPHRMB001
MB,T_HDV_BS_FCEV,2045.0,T_D_pkm_hdv_bs,le,0.033992571,,,,,,,,TRPHRMB001
MB,T_LDV_BEV_CHRG,2025.0,T_elc_ldv_bev_chrg,ge,0.4352528997003083,,,,,,,,TRPHRMB001
MB,T_LDV_BEV_CHRG,2030.0,T_elc_ldv_bev_chrg,ge,0.4352528997003083,,,,,,,,TRPHRMB001
MB,T_LDV_BEV_CHRG,2035.0,T_elc_ldv_bev_chrg,ge,0.4352528997003083,,,,,,,,TRPHRMB001
MB,T_LDV_BEV_CHRG,2040.0,T_elc_ldv_bev_chrg,ge,0.4352528997003083,,,,,,,,TRPHRMB001
MB,T_LDV_BEV_CHRG,2045.0,T_elc_ldv_bev_chrg,ge,0.4352528997003083,,,,,,,,TRPHRMB001
NB,T_I_H2_SMR,2025.0,T_h2,ge,0.9025,,,,,,,,TRPHRNB001
NB,T_I_H2_SMR,2030.0,T_h2,ge,0.9025,,,,,,,,TRPHRNB001
NB,T_I_H2_SMR,2035.0,T_h2,ge,0.9025,,,,,,,,TRPHRNB001
NB,T_I_H2_SMR,2040.0,T_h2,ge,0.9025,,,,,,,,TRPHRNB001
NB,T_I_H2_SMR,2045.0,T_h2,ge,0.9025,,,,,,,,TRPHRNB001
NB,T_HDV_BIC_BEV,2025.0,T_D_pkm_hdv_bic,le,0.046967741,,,,,,,,TRPHRNB001
NB,T_HDV_BIC_BEV,2030.0,T_D_pkm_hdv_bic,le,0.046967741,,,,,,,,TRPHRNB001
NB,T_HDV_BIC_BEV,2035.0,T_D_pkm_hdv_bic,le,0.046967741,,,,,,,,TRPHRNB001
NB,T_HDV_BIC_BEV,2040.0,T_D_pkm_hdv_bic,le,0.046967741,,,,,,,,TRPHRNB001
NB,T_HDV_BIC_BEV,2045.0,T_D_pkm_hdv_bic,le,0.046967741,,,,,,,,TRPHRNB001
NB,T_I_H2_SMR_CCS,2025.0,T_h2,le,0.95,,,,,,,,TRPHRNB001
NB,T_I_H2_SMR_CCS,2030.0,T_h2,le,0.95,,,,,,,,TRPHRNB001
NB,T_I_H2_SMR_CCS,2035.0,T_h2,le,0.95,,,,,,,,TRPHRNB001
NB,T_I_H2_SMR_CCS,2040.0,T_h2,le,0.95,,,,,,,,TRPHRNB001
NB,T_I_H2_SMR_CCS,2045.0,T_h2,le,0.95,,,,,,,,TRPHRNB001
NB,T_HDV_BS_CNG,2025.0,T_D_pkm_hdv_bs,ge,0.032292942,,,,,,,,TRPHRNB001
NB,T_HDV_BS_CNG,2030.0,T_D_pkm_hdv_bs,ge,0.032292942,,,,,,,,TRPHRNB001
NB,T_HDV_BS_CNG,2035.0,T_D_pkm_hdv_bs,ge,0.032292942,,,,,,,,TRPHRNB001
NB,T_HDV_BS_CNG,2040.0,T_D_pkm_hdv_bs,ge,0.032292942,,,,,,,,TRPHRNB001
NB,T_HDV_BS_CNG,2045.0,T_D_pkm_hdv_bs,ge,0.032292942,,,,,,,,TRPHRNB001
NB,T_HDV_BIC_DSL,2025.0,T_D_pkm_hdv_bic,ge,0.044619354,,,,,,,,TRPHRNB001
NB,T_HDV_BIC_DSL,2030.0,T_D_pkm_hdv_bic,ge,0.044619354,,,,,,,,TRPHRNB001
NB,T_HDV_BIC_DSL,2035.0,T_D_pkm_hdv_bic,ge,0.044619354,,,,,,,,TRPHRNB001
NB,T_HDV_BIC_DSL,2040.0,T_D_pkm_hdv_bic,ge,0.044619354,,,,,,,,TRPHRNB001
NB,T_HDV_BIC_DSL,2045.0,T_D_pkm_hdv_bic,ge,0.044619354,,,,,,,,TRPHRNB001
NB,T_LDV_M_GSL,2025.0,T_D_pkm_ldv_m,le,0.008371511,,,,,,,,TRPHRNB001
NB,T_LDV_M_GSL,2030.0,T_D_pkm_ldv_m,le,0.008371511,,,,,,,,TRPHRNB001
NB,T_LDV_M_GSL,2035.0,T_D_pkm_ldv_m,le,0.008371511,,,,,,,,TRPHRNB001
NB,T_LDV_M_GSL,2040.0,T_D_pkm_ldv_m,le,0.008371511,,,,,,,,TRPHRNB001
NB,T_LDV_M_GSL,2045.0,T_D_pkm_ldv_m,le,0.008371511,,,,,,,,TRPHRNB001
NB,T_HDV_BS_DSL_HEV,2025.0,T_D_pkm_hdv_bs,le,0.033992571,,,,,,,,TRPHRNB001
NB,T_HDV_BS_DSL_HEV,2030.0,T_D_pkm_hdv_bs,le,0.033992571,,,,,,,,TRPHRNB001
NB,T_HDV_BS_DSL_HEV,2035.0,T_D_pkm_hdv_bs,le,0.033992571,,,,,,,,TRPHRNB001
NB,T_HDV_BS_DSL_HEV,2040.0,T_D_pkm_hdv_bs,le,0.033992571,,,,,,,,TRPHRNB001
NB,T_HDV_BS_DSL_HEV,2045.0,T_D_pkm_hdv_bs,le,0.033992571,,,,,,,,TRPHRNB001
NB,T_HDV_BT_DSL_HEV,2025.0,T_D_pkm_hdv_bt,ge,0.042367363,,,,,,,,TRPHRNB001
NB,T_HDV_BT_DSL_HEV,2030.0,T_D_pkm_hdv_bt,ge,0.042367363,,,,,,,,TRPHRNB001
NB,T_HDV_BT_DSL_HEV,2035.0,T_D_pkm_hdv_bt,ge,0.042367363,,,,,,,,TRPHRNB001
NB,T_HDV_BT_DSL_HEV,2040.0,T_D_pkm_hdv_bt,ge,0.042367363,,,,,,,,TRPHRNB001
NB,T_HDV_BT_DSL_HEV,2045.0,T_D_pkm_hdv_bt,ge,0.042367363,,,,,,,,TRPHRNB001
NB,T_HDV_BS_DSL_PHEV,2025.0,T_D_pkm_hdv_bs,le,0.033992571,,,,,,,,TRPHRNB001
NB,T_HDV_BS_DSL_PHEV,2030.0,T_D_pkm_hdv_bs,le,0.033992571,,,,,,,,TRPHRNB001
NB,T_HDV_BS_DSL_PHEV,2035.0,T_D_pkm_hdv_bs,le,0.033992571,,,,,,,,TRPHRNB001
NB,T_HDV_BS_DSL_PHEV,2040.0,T_D_pkm_hdv_bs,le,0.033992571,,,,,,,,TRPHRNB001
NB,T_HDV_BS_DSL_PHEV,2045.0,T_D_pkm_hdv_bs,le,0.033992571,,,,,,,,TRPHRNB001
NB,T_HDV_BT_FCEV,2025.0,T_D_pkm_hdv_bt,le,0.044597224,,,,,,,,TRPHRNB001
NB,T_HDV_BT_FCEV,2030.0,T_D_pkm_hdv_bt,le,0.044597224,,,,,,,,TRPHRNB001
NB,T_HDV_BT_FCEV,2035.0,T_D_pkm_hdv_bt,le,0.044597224,,,,,,,,TRPHRNB001
NB,T_HDV_BT_FCEV,2040.0,T_D_pkm_hdv_bt,le,0.044597224,,,,,,,,TRPHRNB001
NB,T_HDV_BT_FCEV,2045.0,T_D_pkm_hdv_bt,le,0.044597224,,,,,,,,TRPHRNB001
NB,T_HDV_BT_BEV,2025.0,T_D_pkm_hdv_bt,le,0.044597224,,,,,,,,TRPHRNB001
NB,T_HDV_BT_BEV,2030.0,T_D_pkm_hdv_bt,le,0.044597224,,,,,,,,TRPHRNB001
NB,T_HDV_BT_BEV,2035.0,T_D_pkm_hdv_bt,le,0.044597224,,,,,,,,TRPHRNB001
NB,T_HDV_BT_BEV,2040.0,T_D_pkm_hdv_bt,le,0.044597224,,,,,,,,TRPHRNB001
NB,T_HDV_BT_BEV,2045.0,T_D_pkm_hdv_bt,le,0.044597224,,,,,,,,TRPHRNB001
NB,T_HDV_BIC_GSL,2025.0,T_D_pkm_hdv_bic,ge,0.044619354,,,,,,,,TRPHRNB001
NB,T_HDV_BIC_GSL,2030.0,T_D_pkm_hdv_bic,ge,0.044619354,,,,,,,,TRPHRNB001
NB,T_HDV_BIC_GSL,2035.0,T_D_pkm_hdv_bic,ge,0.044619354,,,,,,,,TRPHRNB001
NB,T_HDV_BIC_GSL,2040.0,T_D_pkm_hdv_bic,ge,0.044619354,,,,,,,,TRPHRNB001
NB,T_HDV_BIC_GSL,2045.0,T_D_pkm_hdv_bic,ge,0.044619354,,,,,,,,TRPHRNB001
NB,T_HDV_BS_DSL,2025.0,T_D_pkm_hdv_bs,ge,0.032292942,,,,,,,,TRPHRNB001
NB,T_HDV_BS_DSL,2030.0,T_D_pkm_hdv_bs,ge,0.032292942,,,,,,,,TRPHRNB001
NB,T_HDV_BS_DSL,2035.0,T_D_pkm_hdv_bs,ge,0.032292942,,,,,,,,TRPHRNB001
NB,T_HDV_BS_DSL,2040.0,T_D_pkm_hdv_bs,ge,0.032292942,,,,,,,,TRPHRNB001
NB,T_HDV_BS_DSL,2045.0,T_D_pkm_hdv_bs,ge,0.032292942,,,,,,,,TRPHRNB001
NB,T_HDV_BT_DSL,2025.0,T_D_pkm_hdv_bt,le,0.044597224,,,,,,,,TRPHRNB001
NB,T_HDV_BT_DSL,2030.0,T_D_pkm_hdv_bt,le,0.044597224,,,,,,,,TRPHRNB001
NB,T_HDV_BT_DSL,2035.0,T_D_pkm_hdv_bt,le,0.044597224,,,,,,,,TRPHRNB001
NB,T_HDV_BT_DSL,2040.0,T_D_pkm_hdv_bt,le,0.044597224,,,,,,,,TRPHRNB001
NB,T_HDV_BT_DSL,2045.0,T_D_pkm_hdv_bt,le,0.044597224,,,,,,,,TRPHRNB001
NB,T_HDV_BIC_FCEV,2025.0,T_D_pkm_hdv_bic,le,0.046967741,,,,,,,,TRPHRNB001
NB,T_HDV_BIC_FCEV,2030.0,T_D_pkm_hdv_bic,le,0.046967741,,,,,,,,TRPHRNB001
NB,T_HDV_BIC_FCEV,2035.0,T_D_pkm_hdv_bic,le,0.046967741,,,,,,,,TRPHRNB001
NB,T_HDV_BIC_FCEV,2040.0,T_D_pkm_hdv_bic,le,0.046967741,,,,,,,,TRPHRNB001
NB,T_HDV_BIC_FCEV,2045.0,T_D_pkm_hdv_bic,le,0.046967741,,,,,,,,TRPHRNB001
NB,T_HDV_BT_FCHEV,2025.0,T_D_pkm_hdv_bt,le,0.044597224,,,,,,,,TRPHRNB001
NB,T_HDV_BT_FCHEV,2030.0,T_D_pkm_hdv_bt,le,0.044597224,,,,,,,,TRPHRNB001
NB,T_HDV_BT_FCHEV,2035.0,T_D_pkm_hdv_bt,le,0.044597224,,,,,,,,TRPHRNB001
NB,T_HDV_BT_FCHEV,2040.0,T_D_pkm_hdv_bt,le,0.044597224,,,,,,,,TRPHRNB001
NB,T_HDV_BT_FCHEV,2045.0,T_D_pkm_hdv_bt,le,0.044597224,,,,,,,,TRPHRNB001
NB,T_HDV_BIC_GSL,2025.0,T_D_pkm_hdv_bic,le,0.046967741,,,,,,,,TRPHRNB001
NB,T_HDV_BIC_GSL,2030.0,T_D_pkm_hdv_bic,le,0.046967741,,,,,,,,TRPHRNB001
NB,T_HDV_BIC_GSL,2035.0,T_D_pkm_hdv_bic,le,0.046967741,,,,,,,,TRPHRNB001
NB,T_HDV_BIC_GSL,2040.0,T_D_pkm_hdv_bic,le,0.046967741,,,,,,,,TRPHRNB001
NB,T_HDV_BIC_GSL,2045.0,T_D_pkm_hdv_bic,le,0.046967741,,,,,,,,TRPHRNB001
NB,T_HDV_BS_FCHEV,2025.0,T_D_pkm_hdv_bs,ge,0.032292942,,,,,,,,TRPHRNB001
NB,T_HDV_BS_FCHEV,2030.0,T_D_pkm_hdv_bs,ge,0.032292942,,,,,,,,TRPHRNB001
NB,T_HDV_BS_FCHEV,2035.0,T_D_pkm_hdv_bs,ge,0.032292942,,,,,,,,TRPHRNB001
NB,T_HDV_BS_FCHEV,2040.0,T_D_pkm_hdv_bs,ge,0.032292942,,,,,,,,TRPHRNB001
NB,T_HDV_BS_FCHEV,2045.0,T_D_pkm_hdv_bs,ge,0.032292942,,,,,,,,TRPHRNB001
NB,T_HDV_BT_DSL,2025.0,T_D_pkm_hdv_bt,ge,0.042367363,,,,,,,,TRPHRNB001
NB,T_HDV_BT_DSL,2030.0,T_D_pkm_hdv_bt,ge,0.042367363,,,,,,,,TRPHRNB001
NB,T_HDV_BT_DSL,2035.0,T_D_pkm_hdv_bt,ge,0.042367363,,,,,,,,TRPHRNB001
NB,T_HDV_BT_DSL,2040.0,T_D_pkm_hdv_bt,ge,0.042367363,,,,,,,,TRPHRNB001
NB,T_HDV_BT_DSL,2045.0,T_D_pkm_hdv_bt,ge,0.042367363,,,,,,,,TRPHRNB001
NB,T_HDV_BS_GSL,2025.0,T_D_pkm_hdv_bs,ge,0.032292942,,,,,,,,TRPHRNB001
NB,T_HDV_BS_GSL,2030.0,T_D_pkm_hdv_bs,ge,0.032292942,,,,,,,,TRPHRNB001
NB,T_HDV_BS_GSL,2035.0,T_D_pkm_hdv_bs,ge,0.032292942,,,,,,,,TRPHRNB001
NB,T_HDV_BS_GSL,2040.0,T_D_pkm_hdv_bs,ge,0.032292942,,,,,,,,TRPHRNB001
NB,T_HDV_BS_GSL,2045.0,T_D_pkm_hdv_bs,ge,0.032292942,,,,,,,,TRPHRNB001
NB,T_HDV_BT_BEV,2025.0,T_D_pkm_hdv_bt,ge,0.042367363,,,,,,,,TRPHRNB001
NB,T_HDV_BT_BEV,2030.0,T_D_pkm_hdv_bt,ge,0.042367363,,,,,,,,TRPHRNB001
NB,T_HDV_BT_BEV,2035.0,T_D_pkm_hdv_bt,ge,0.042367363,,,,,,,,TRPHRNB001
NB,T_HDV_BT_BEV,2040.0,T_D_pkm_hdv_bt,ge,0.042367363,,,,,,,,TRPHRNB001
NB,T_HDV_BT_BEV,2045.0,T_D_pkm_hdv_bt,ge,0.042367363,,,,,,,,TRPHRNB001
NB,T_HDV_BS_BEV,2025.0,T_D_pkm_hdv_bs,le,0.033992571,,,,,,,,TRPHRNB001
NB,T_HDV_BS_BEV,2030.0,T_D_pkm_hdv_bs,le,0.033992571,,,,,,,,TRPHRNB001
NB,T_HDV_BS_BEV,2035.0,T_D_pkm_hdv_bs,le,0.033992571,,,,,,,,TRPHRNB001
NB,T_HDV_BS_BEV,2040.0,T_D_pkm_hdv_bs,le,0.033992571,,,,,,,,TRPHRNB001
NB,T_HDV_BS_BEV,2045.0,T_D_pkm_hdv_bs,le,0.033992571,,,,,,,,TRPHRNB001
NB,T_HDV_BIC_DSL,2025.0,T_D_pkm_hdv_bic,le,0.046967741,,,,,,,,TRPHRNB001
NB,T_HDV_BIC_DSL,2030.0,T_D_pkm_hdv_bic,le,0.046967741,,,,,,,,TRPHRNB001
NB,T_HDV_BIC_DSL,2035.0,T_D_pkm_hdv_bic,le,0.046967741,,,,,,,,TRPHRNB001
NB,T_HDV_BIC_DSL,2040.0,T_D_pkm_hdv_bic,le,0.046967741,,,,,,,,TRPHRNB001
NB,T_HDV_BIC_DSL,2045.0,T_D_pkm_hdv_bic,le,0.046967741,,,,,,,,TRPHRNB001
NB,T_LDV_M_GSL,2025.0,T_D_pkm_ldv_m,ge,0.007952935,,,,,,,,TRPHRNB001
NB,T_LDV_M_GSL,2030.0,T_D_pkm_ldv_m,ge,0.007952935,,,,,,,,TRPHRNB001
NB,T_LDV_M_GSL,2035.0,T_D_pkm_ldv_m,ge,0.007952935,,,,,,,,TRPHRNB001
NB,T_LDV_M_GSL,2040.0,T_D_pkm_ldv_m,ge,0.007952935,,,,,,,,TRPHRNB001
NB,T_LDV_M_GSL,2045.0,T_D_pkm_ldv_m,ge,0.007952935,,,,,,,,TRPHRNB001
NB,T_HDV_BS_DSL,2025.0,T_D_pkm_hdv_bs,le,0.033992571,,,,,,,,TRPHRNB001
NB,T_HDV_BS_DSL,2030.0,T_D_pkm_hdv_bs,le,0.033992571,,,,,,,,TRPHRNB001
NB,T_HDV_BS_DSL,2035.0,T_D_pkm_hdv_bs,le,0.033992571,,,,,,,,TRPHRNB001
NB,T_HDV_BS_DSL,2040.0,T_D_pkm_hdv_bs,le,0.033992571,,,,,,,,TRPHRNB001
NB,T_HDV_BS_DSL,2045.0,T_D_pkm_hdv_bs,le,0.033992571,,,,,,,,TRPHRNB001
NB,T_HDV_BS_FCEV,2025.0,T_D_pkm_hdv_bs,le,0.033992571,,,,,,,,TRPHRNB001
NB,T_HDV_BS_FCEV,2030.0,T_D_pkm_hdv_bs,le,0.033992571,,,,,,,,TRPHRNB001
NB,T_HDV_BS_FCEV,2035.0,T_D_pkm_hdv_bs,le,0.033992571,,,,,,,,TRPHRNB001
NB,T_HDV_BS_FCEV,2040.0,T_D_pkm_hdv_bs,le,0.033992571,,,,,,,,TRPHRNB001
NB,T_HDV_BS_FCEV,2045.0,T_D_pkm_hdv_bs,le,0.033992571,,,,,,,,TRPHRNB001
NB,T_HDV_BIC_DSL_HEV,2025.0,T_D_pkm_hdv_bic,le,0.046967741,,,,,,,,TRPHRNB001
NB,T_HDV_BIC_DSL_HEV,2030.0,T_D_pkm_hdv_bic,le,0.046967741,,,,,,,,TRPHRNB001
NB,T_HDV_BIC_DSL_HEV,2035.0,T_D_pkm_hdv_bic,le,0.046967741,,,,,,,,TRPHRNB001
NB,T_HDV_BIC_DSL_HEV,2040.0,T_D_pkm_hdv_bic,le,0.046967741,,,,,,,,TRPHRNB001
NB,T_HDV_BIC_DSL_HEV,2045.0,T_D_pkm_hdv_bic,le,0.046967741,,,,,,,,TRPHRNB001
NB,T_HDV_BS_CNG,2025.0,T_D_pkm_hdv_bs,le,0.033992571,,,,,,,,TRPHRNB001
NB,T_HDV_BS_CNG,2030.0,T_D_pkm_hdv_bs,le,0.033992571,,,,,,,,TRPHRNB001
NB,T_HDV_BS_CNG,2035.0,T_D_pkm_hdv_bs,le,0.033992571,,,,,,,,TRPHRNB001
NB,T_HDV_BS_CNG,2040.0,T_D_pkm_hdv_bs,le,0.033992571,,,,,,,,TRPHRNB001
NB,T_HDV_BS_CNG,2045.0,T_D_pkm_hdv_bs,le,0.033992571,,,,,,,,TRPHRNB001
NB,T_HDV_BT_CNG,2025.0,T_D_pkm_hdv_bt,ge,0.042367363,,,,,,,,TRPHRNB001
NB,T_HDV_BT_CNG,2030.0,T_D_pkm_hdv_bt,ge,0.042367363,,,,,,,,TRPHRNB001
NB,T_HDV_BT_CNG,2035.0,T_D_pkm_hdv_bt,ge,0.042367363,,,,,,,,TRPHRNB001
NB,T_HDV_BT_CNG,2040.0,T_D_pkm_hdv_bt,ge,0.042367363,,,,,,,,TRPHRNB001
NB,T_HDV_BT_CNG,2045.0,T_D_pkm_hdv_bt,ge,0.042367363,,,,,,,,TRPHRNB001
NB,T_HDV_BS_FCHEV,2025.0,T_D_pkm_hdv_bs,le,0.033992571,,,,,,,,TRPHRNB001
NB,T_HDV_BS_FCHEV,2030.0,T_D_pkm_hdv_bs,le,0.033992571,,,,,,,,TRPHRNB001
NB,T_HDV_BS_FCHEV,2035.0,T_D_pkm_hdv_bs,le,0.033992571,,,,,,,,TRPHRNB001
NB,T_HDV_BS_FCHEV,2040.0,T_D_pkm_hdv_bs,le,0.033992571,,,,,,,,TRPHRNB001
NB,T_HDV_BS_FCHEV,2045.0,T_D_pkm_hdv_bs,le,0.033992571,,,,,,,,TRPHRNB001
NB,T_HDV_BT_GSL,2025.0,T_D_pkm_hdv_bt,ge,0.042367363,,,,,,,,TRPHRNB001
NB,T_HDV_BT_GSL,2030.0,T_D_pkm_hdv_bt,ge,0.042367363,,,,,,,,TRPHRNB001
NB,T_HDV_BT_GSL,2035.0,T_D_pkm_hdv_bt,ge,0.042367363,,,,,,,,TRPHRNB001
NB,T_HDV_BT_GSL,2040.0,T_D_pkm_hdv_bt,ge,0.042367363,,,,,,,,TRPHRNB001
NB,T_HDV_BT_GSL,2045.0,T_D_pkm_hdv_bt,ge,0.042367363,,,,,,,,TRPHRNB001
NB,T_HDV_BS_FCEV,2025.0,T_D_pkm_hdv_bs,ge,0.032292942,,,,,,,,TRPHRNB001
NB,T_HDV_BS_FCEV,2030.0,T_D_pkm_hdv_bs,ge,0.032292942,,,,,,,,TRPHRNB001
NB,T_HDV_BS_FCEV,2035.0,T_D_pkm_hdv_bs,ge,0.032292942,,,,,,,,TRPHRNB001
NB,T_HDV_BS_FCEV,2040.0,T_D_pkm_hdv_bs,ge,0.032292942,,,,,,,,TRPHRNB001
NB,T_HDV_BS_FCEV,2045.0,T_D_pkm_hdv_bs,ge,0.032292942,,,,,,,,TRPHRNB001
NB,T_HDV_BS_DSL_PHEV,2025.0,T_D_pkm_hdv_bs,ge,0.032292942,,,,,,,,TRPHRNB001
NB,T_HDV_BS_DSL_PHEV,2030.0,T_D_pkm_hdv_bs,ge,0.032292942,,,,,,,,TRPHRNB001
NB,T_HDV_BS_DSL_PHEV,2035.0,T_D_pkm_hdv_bs,ge,0.032292942,,,,,,,,TRPHRNB001
NB,T_HDV_BS_DSL_PHEV,2040.0,T_D_pkm_hdv_bs,ge,0.032292942,,,,,,,,TRPHRNB001
NB,T_HDV_BS_DSL_PHEV,2045.0,T_D_pkm_hdv_bs,ge,0.032292942,,,,,,,,TRPHRNB001
NB,T_HDV_BT_CNG,2025.0,T_D_pkm_hdv_bt,le,0.044597224,,,,,,,,TRPHRNB001
NB,T_HDV_BT_CNG,2030.0,T_D_pkm_hdv_bt,le,0.044597224,,,,,,,,TRPHRNB001
NB,T_HDV_BT_CNG,2035.0,T_D_pkm_hdv_bt,le,0.044597224,,,,,,,,TRPHRNB001
NB,T_HDV_BT_CNG,2040.0,T_D_pkm_hdv_bt,le,0.044597224,,,,,,,,TRPHRNB001
NB,T_HDV_BT_CNG,2045.0,T_D_pkm_hdv_bt,le,0.044597224,,,,,,,,TRPHRNB001
NB,T_HDV_BT_FCEV,2025.0,T_D_pkm_hdv_bt,ge,0.042367363,,,,,,,,TRPHRNB001
NB,T_HDV_BT_FCEV,2030.0,T_D_pkm_hdv_bt,ge,0.042367363,,,,,,,,TRPHRNB001
NB,T_HDV_BT_FCEV,2035.0,T_D_pkm_hdv_bt,ge,0.042367363,,,,,,,,TRPHRNB001
NB,T_HDV_BT_FCEV,2040.0,T_D_pkm_hdv_bt,ge,0.042367363,,,,,,,,TRPHRNB001
NB,T_HDV_BT_FCEV,2045.0,T_D_pkm_hdv_bt,ge,0.042367363,,,,,,,,TRPHRNB001
NB,T_HDV_BT_FCHEV,2025.0,T_D_pkm_hdv_bt,ge,0.042367363,,,,,,,,TRPHRNB001
NB,T_HDV_BT_FCHEV,2030.0,T_D_pkm_hdv_bt,ge,0.042367363,,,,,,,,TRPHRNB001
NB,T_HDV_BT_FCHEV,2035.0,T_D_pkm_hdv_bt,ge,0.042367363,,,,,,,,TRPHRNB001
NB,T_HDV_BT_FCHEV,2040.0,T_D_pkm_hdv_bt,ge,0.042367363,,,,,,,,TRPHRNB001
NB,T_HDV_BT_FCHEV,2045.0,T_D_pkm_hdv_bt,ge,0.042367363,,,,,,,,TRPHRNB001
NB,T_LDV_M_BEV,2025.0,T_D_pkm_ldv_m,ge,0.007952935,,,,,,,,TRPHRNB001
NB,T_LDV_M_BEV,2030.0,T_D_pkm_ldv_m,ge,0.007952935,,,,,,,,TRPHRNB001
NB,T_LDV_M_BEV,2035.0,T_D_pkm_ldv_m,ge,0.007952935,,,,,,,,TRPHRNB001
NB,T_LDV_M_BEV,2040.0,T_D_pkm_ldv_m,ge,0.007952935,,,,,,,,TRPHRNB001
NB,T_LDV_M_BEV,2045.0,T_D_pkm_ldv_m,ge,0.007952935,,,,,,,,TRPHRNB001
NB,T_HDV_BS_GSL,2025.0,T_D_pkm_hdv_bs,le,0.033992571,,,,,,,,TRPHRNB001
NB,T_HDV_BS_GSL,2030.0,T_D_pkm_hdv_bs,le,0.033992571,,,,,,,,TRPHRNB001
NB,T_HDV_BS_GSL,2035.0,T_D_pkm_hdv_bs,le,0.033992571,,,,,,,,TRPHRNB001
NB,T_HDV_BS_GSL,2040.0,T_D_pkm_hdv_bs,le,0.033992571,,,,,,,,TRPHRNB001
NB,T_HDV_BS_GSL,2045.0,T_D_pkm_hdv_bs,le,0.033992571,,,,,,,,TRPHRNB001
NB,T_HDV_BS_DSL_HEV,2025.0,T_D_pkm_hdv_bs,ge,0.032292942,,,,,,,,TRPHRNB001
NB,T_HDV_BS_DSL_HEV,2030.0,T_D_pkm_hdv_bs,ge,0.032292942,,,,,,,,TRPHRNB001
NB,T_HDV_BS_DSL_HEV,2035.0,T_D_pkm_hdv_bs,ge,0.032292942,,,,,,,,TRPHRNB001
NB,T_HDV_BS_DSL_HEV,2040.0,T_D_pkm_hdv_bs,ge,0.032292942,,,,,,,,TRPHRNB001
NB,T_HDV_BS_DSL_HEV,2045.0,T_D_pkm_hdv_bs,ge,0.032292942,,,,,,,,TRPHRNB001
NB,T_LDV_M_BEV,2025.0,T_D_pkm_ldv_m,le,0.008371511,,,,,,,,TRPHRNB001
NB,T_LDV_M_BEV,2030.0,T_D_pkm_ldv_m,le,0.008371511,,,,,,,,TRPHRNB001
NB,T_LDV_M_BEV,2035.0,T_D_pkm_ldv_m,le,0.008371511,,,,,,,,TRPHRNB001
NB,T_LDV_M_BEV,2040.0,T_D_pkm_ldv_m,le,0.008371511,,,,,,,,TRPHRNB001
NB,T_LDV_M_BEV,2045.0,T_D_pkm_ldv_m,le,0.008371511,,,,,,,,TRPHRNB001
NB,T_HDV_BT_DSL_PHEV,2025.0,T_D_pkm_hdv_bt,ge,0.042367363,,,,,,,,TRPHRNB001
NB,T_HDV_BT_DSL_PHEV,2030.0,T_D_pkm_hdv_bt,ge,0.042367363,,,,,,,,TRPHRNB001
NB,T_HDV_BT_DSL_PHEV,2035.0,T_D_pkm_hdv_bt,ge,0.042367363,,,,,,,,TRPHRNB001
NB,T_HDV_BT_DSL_PHEV,2040.0,T_D_pkm_hdv_bt,ge,0.042367363,,,,,,,,TRPHRNB001
NB,T_HDV_BT_DSL_PHEV,2045.0,T_D_pkm_hdv_bt,ge,0.042367363,,,,,,,,TRPHRNB001
NB,T_HDV_BT_DSL_HEV,2025.0,T_D_pkm_hdv_bt,le,0.044597224,,,,,,,,TRPHRNB001
NB,T_HDV_BT_DSL_HEV,2030.0,T_D_pkm_hdv_bt,le,0.044597224,,,,,,,,TRPHRNB001
NB,T_HDV_BT_DSL_HEV,2035.0,T_D_pkm_hdv_bt,le,0.044597224,,,,,,,,TRPHRNB001
NB,T_HDV_BT_DSL_HEV,2040.0,T_D_pkm_hdv_bt,le,0.044597224,,,,,,,,TRPHRNB001
NB,T_HDV_BT_DSL_HEV,2045.0,T_D_pkm_hdv_bt,le,0.044597224,,,,,,,,TRPHRNB001
NB,T_HDV_BS_BEV,2025.0,T_D_pkm_hdv_bs,ge,0.032292942,,,,,,,,TRPHRNB001
NB,T_HDV_BS_BEV,2030.0,T_D_pkm_hdv_bs,ge,0.032292942,,,,,,,,TRPHRNB001
NB,T_HDV_BS_BEV,2035.0,T_D_pkm_hdv_bs,ge,0.032292942,,,,,,,,TRPHRNB001
NB,T_HDV_BS_BEV,2040.0,T_D_pkm_hdv_bs,ge,0.032292942,,,,,,,,TRPHRNB001
NB,T_HDV_BS_BEV,2045.0,T_D_pkm_hdv_bs,ge,0.032292942,,,,,,,,TRPHRNB001
NB,T_HDV_BIC_DSL_HEV,2025.0,T_D_pkm_hdv_bic,ge,0.044619354,,,,,,,,TRPHRNB001
NB,T_HDV_BIC_DSL_HEV,2030.0,T_D_pkm_hdv_bic,ge,0.044619354,,,,,,,,TRPHRNB001
NB,T_HDV_BIC_DSL_HEV,2035.0,T_D_pkm_hdv_bic,ge,0.044619354,,,,,,,,TRPHRNB001
NB,T_HDV_BIC_DSL_HEV,2040.0,T_D_pkm_hdv_bic,ge,0.044619354,,,,,,,,TRPHRNB001
NB,T_HDV_BIC_DSL_HEV,2045.0,T_D_pkm_hdv_bic,ge,0.044619354,,,,,,,,TRPHRNB001
NB,T_I_H2_SMR_CCS,2025.0,T_h2,ge,0.9025,,,,,,,,TRPHRNB001
NB,T_I_H2_SMR_CCS,2030.0,T_h2,ge,0.9025,,,,,,,,TRPHRNB001
NB,T_I_H2_SMR_CCS,2035.0,T_h2,ge,0.9025,,,,,,,,TRPHRNB001
NB,T_I_H2_SMR_CCS,2040.0,T_h2,ge,0.9025,,,,,,,,TRPHRNB001
NB,T_I_H2_SMR_CCS,2045.0,T_h2,ge,0.9025,,,,,,,,TRPHRNB001
NB,T_HDV_BT_DSL_PHEV,2025.0,T_D_pkm_hdv_bt,le,0.044597224,,,,,,,,TRPHRNB001
NB,T_HDV_BT_DSL_PHEV,2030.0,T_D_pkm_hdv_bt,le,0.044597224,,,,,,,,TRPHRNB001
NB,T_HDV_BT_DSL_PHEV,2035.0,T_D_pkm_hdv_bt,le,0.044597224,,,,,,,,TRPHRNB001
NB,T_HDV_BT_DSL_PHEV,2040.0,T_D_pkm_hdv_bt,le,0.044597224,,,,,,,,TRPHRNB001
NB,T_HDV_BT_DSL_PHEV,2045.0,T_D_pkm_hdv_bt,le,0.044597224,,,,,,,,TRPHRNB001
NB,T_HDV_BT_GSL,2025.0,T_D_pkm_hdv_bt,le,0.044597224,,,,,,,,TRPHRNB001
NB,T_HDV_BT_GSL,2030.0,T_D_pkm_hdv_bt,le,0.044597224,,,,,,,,TRPHRNB001
NB,T_HDV_BT_GSL,2035.0,T_D_pkm_hdv_bt,le,0.044597224,,,,,,,,TRPHRNB001
NB,T_HDV_BT_GSL,2040.0,T_D_pkm_hdv_bt,le,0.044597224,,,,,,,,TRPHRNB001
NB,T_HDV_BT_GSL,2045.0,T_D_pkm_hdv_bt,le,0.044597224,,,,,,,,TRPHRNB001
NB,T_I_H2_SMR,2025.0,T_h2,le,0.95,,,,,,,,TRPHRNB001
NB,T_I_H2_SMR,2030.0,T_h2,le,0.95,,,,,,,,TRPHRNB001
NB,T_I_H2_SMR,2035.0,T_h2,le,0.95,,,,,,,,TRPHRNB001
NB,T_I_H2_SMR,2040.0,T_h2,le,0.95,,,,,,,,TRPHRNB001
NB,T_I_H2_SMR,2045.0,T_h2,le,0.95,,,,,,,,TRPHRNB001
NB,T_HDV_BIC_BEV,2025.0,T_D_pkm_hdv_bic,ge,0.044619354,,,,,,,,TRPHRNB001
NB,T_HDV_BIC_BEV,2030.0,T_D_pkm_hdv_bic,ge,0.044619354,,,,,,,,TRPHRNB001
NB,T_HDV_BIC_BEV,2035.0,T_D_pkm_hdv_bic,ge,0.044619354,,,,,,,,TRPHRNB001
NB,T_HDV_BIC_BEV,2040.0,T_D_pkm_hdv_bic,ge,0.044619354,,,,,,,,TRPHRNB001
NB,T_HDV_BIC_BEV,2045.0,T_D_pkm_hdv_bic,ge,0.044619354,,,,,,,,TRPHRNB001
NB,T_HDV_BIC_FCEV,2025.0,T_D_pkm_hdv_bic,ge,0.044619354,,,,,,,,TRPHRNB001
NB,T_HDV_BIC_FCEV,2030.0,T_D_pkm_hdv_bic,ge,0.044619354,,,,,,,,TRPHRNB001
NB,T_HDV_BIC_FCEV,2035.0,T_D_pkm_hdv_bic,ge,0.044619354,,,,,,,,TRPHRNB001
NB,T_HDV_BIC_FCEV,2040.0,T_D_pkm_hdv_bic,ge,0.044619354,,,,,,,,TRPHRNB001
NB,T_HDV_BIC_FCEV,2045.0,T_D_pkm_hdv_bic,ge,0.044619354,,,,,,,,TRPHRNB001
NB,T_LDV_BEV_CHRG,2025.0,T_elc_ldv_bev_chrg,ge,0.4352528997003083,,,,,,,,TRPHRNB001
NB,T_LDV_BEV_CHRG,2030.0,T_elc_ldv_bev_chrg,ge,0.4352528997003083,,,,,,,,TRPHRNB001
NB,T_LDV_BEV_CHRG,2035.0,T_elc_ldv_bev_chrg,ge,0.4352528997003083,,,,,,,,TRPHRNB001
NB,T_LDV_BEV_CHRG,2040.0,T_elc_ldv_bev_chrg,ge,0.4352528997003083,,,,,,,,TRPHRNB001
NB,T_LDV_BEV_CHRG,2045.0,T_elc_ldv_bev_chrg,ge,0.4352528997003083,,,,,,,,TRPHRNB001
NLLAB,T_I_H2_SMR,2025.0,T_h2,ge,0.9025,,,,,,,,TRPHRNLLAB001
NLLAB,T_I_H2_SMR,2030.0,T_h2,ge,0.9025,,,,,,,,TRPHRNLLAB001
NLLAB,T_I_H2_SMR,2035.0,T_h2,ge,0.9025,,,,,,,,TRPHRNLLAB001
NLLAB,T_I_H2_SMR,2040.0,T_h2,ge,0.9025,,,,,,,,TRPHRNLLAB001
NLLAB,T_I_H2_SMR,2045.0,T_h2,ge,0.9025,,,,,,,,TRPHRNLLAB001
NLLAB,T_HDV_BIC_BEV,2025.0,T_D_pkm_hdv_bic,le,0.046967741,,,,,,,,TRPHRNLLAB001
NLLAB,T_HDV_BIC_BEV,2030.0,T_D_pkm_hdv_bic,le,0.046967741,,,,,,,,TRPHRNLLAB001
NLLAB,T_HDV_BIC_BEV,2035.0,T_D_pkm_hdv_bic,le,0.046967741,,,,,,,,TRPHRNLLAB001
NLLAB,T_HDV_BIC_BEV,2040.0,T_D_pkm_hdv_bic,le,0.046967741,,,,,,,,TRPHRNLLAB001
NLLAB,T_HDV_BIC_BEV,2045.0,T_D_pkm_hdv_bic,le,0.046967741,,,,,,,,TRPHRNLLAB001
NLLAB,T_I_H2_SMR_CCS,2025.0,T_h2,le,0.95,,,,,,,,TRPHRNLLAB001
NLLAB,T_I_H2_SMR_CCS,2030.0,T_h2,le,0.95,,,,,,,,TRPHRNLLAB001
NLLAB,T_I_H2_SMR_CCS,2035.0,T_h2,le,0.95,,,,,,,,TRPHRNLLAB001
NLLAB,T_I_H2_SMR_CCS,2040.0,T_h2,le,0.95,,,,,,,,TRPHRNLLAB001
NLLAB,T_I_H2_SMR_CCS,2045.0,T_h2,le,0.95,,,,,,,,TRPHRNLLAB001
NLLAB,T_HDV_BS_CNG,2025.0,T_D_pkm_hdv_bs,ge,0.032292942,,,,,,,,TRPHRNLLAB001
NLLAB,T_HDV_BS_CNG,2030.0,T_D_pkm_hdv_bs,ge,0.032292942,,,,,,,,TRPHRNLLAB001
NLLAB,T_HDV_BS_CNG,2035.0,T_D_pkm_hdv_bs,ge,0.032292942,,,,,,,,TRPHRNLLAB001
NLLAB,T_HDV_BS_CNG,2040.0,T_D_pkm_hdv_bs,ge,0.032292942,,,,,,,,TRPHRNLLAB001
NLLAB,T_HDV_BS_CNG,2045.0,T_D_pkm_hdv_bs,ge,0.032292942,,,,,,,,TRPHRNLLAB001
NLLAB,T_HDV_BIC_DSL,2025.0,T_D_pkm_hdv_bic,ge,0.044619354,,,,,,,,TRPHRNLLAB001
NLLAB,T_HDV_BIC_DSL,2030.0,T_D_pkm_hdv_bic,ge,0.044619354,,,,,,,,TRPHRNLLAB001
NLLAB,T_HDV_BIC_DSL,2035.0,T_D_pkm_hdv_bic,ge,0.044619354,,,,,,,,TRPHRNLLAB001
NLLAB,T_HDV_BIC_DSL,2040.0,T_D_pkm_hdv_bic,ge,0.044619354,,,,,,,,TRPHRNLLAB001
NLLAB,T_HDV_BIC_DSL,2045.0,T_D_pkm_hdv_bic,ge,0.044619354,,,,,,,,TRPHRNLLAB001
NLLAB,T_LDV_M_GSL,2025.0,T_D_pkm_ldv_m,le,0.008371511,,,,,,,,TRPHRNLLAB001
NLLAB,T_LDV_M_GSL,2030.0,T_D_pkm_ldv_m,le,0.008371511,,,,,,,,TRPHRNLLAB001
NLLAB,T_LDV_M_GSL,2035.0,T_D_pkm_ldv_m,le,0.008371511,,,,,,,,TRPHRNLLAB001
NLLAB,T_LDV_M_GSL,2040.0,T_D_pkm_ldv_m,le,0.008371511,,,,,,,,TRPHRNLLAB001
NLLAB,T_LDV_M_GSL,2045.0,T_D_pkm_ldv_m,le,0.008371511,,,,,,,,TRPHRNLLAB001
NLLAB,T_HDV_BS_DSL_HEV,2025.0,T_D_pkm_hdv_bs,le,0.033992571,,,,,,,,TRPHRNLLAB001
NLLAB,T_HDV_BS_DSL_HEV,2030.0,T_D_pkm_hdv_bs,le,0.033992571,,,,,,,,TRPHRNLLAB001
NLLAB,T_HDV_BS_DSL_HEV,2035.0,T_D_pkm_hdv_bs,le,0.033992571,,,,,,,,TRPHRNLLAB001
NLLAB,T_HDV_BS_DSL_HEV,2040.0,T_D_pkm_hdv_bs,le,0.033992571,,,,,,,,TRPHRNLLAB001
NLLAB,T_HDV_BS_DSL_HEV,2045.0,T_D_pkm_hdv_bs,le,0.033992571,,,,,,,,TRPHRNLLAB001
NLLAB,T_HDV_BT_DSL_HEV,2025.0,T_D_pkm_hdv_bt,ge,0.042367363,,,,,,,,TRPHRNLLAB001
NLLAB,T_HDV_BT_DSL_HEV,2030.0,T_D_pkm_hdv_bt,ge,0.042367363,,,,,,,,TRPHRNLLAB001
NLLAB,T_HDV_BT_DSL_HEV,2035.0,T_D_pkm_hdv_bt,ge,0.042367363,,,,,,,,TRPHRNLLAB001
NLLAB,T_HDV_BT_DSL_HEV,2040.0,T_D_pkm_hdv_bt,ge,0.042367363,,,,,,,,TRPHRNLLAB001
NLLAB,T_HDV_BT_DSL_HEV,2045.0,T_D_pkm_hdv_bt,ge,0.042367363,,,,,,,,TRPHRNLLAB001
NLLAB,T_HDV_BS_DSL_PHEV,2025.0,T_D_pkm_hdv_bs,le,0.033992571,,,,,,,,TRPHRNLLAB001
NLLAB,T_HDV_BS_DSL_PHEV,2030.0,T_D_pkm_hdv_bs,le,0.033992571,,,,,,,,TRPHRNLLAB001
NLLAB,T_HDV_BS_DSL_PHEV,2035.0,T_D_pkm_hdv_bs,le,0.033992571,,,,,,,,TRPHRNLLAB001
NLLAB,T_HDV_BS_DSL_PHEV,2040.0,T_D_pkm_hdv_bs,le,0.033992571,,,,,,,,TRPHRNLLAB001
NLLAB,T_HDV_BS_DSL_PHEV,2045.0,T_D_pkm_hdv_bs,le,0.033992571,,,,,,,,TRPHRNLLAB001
NLLAB,T_HDV_BT_FCEV,2025.0,T_D_pkm_hdv_bt,le,0.044597224,,,,,,,,TRPHRNLLAB001
NLLAB,T_HDV_BT_FCEV,2030.0,T_D_pkm_hdv_bt,le,0.044597224,,,,,,,,TRPHRNLLAB001
NLLAB,T_HDV_BT_FCEV,2035.0,T_D_pkm_hdv_bt,le,0.044597224,,,,,,,,TRPHRNLLAB001
NLLAB,T_HDV_BT_FCEV,2040.0,T_D_pkm_hdv_bt,le,0.044597224,,,,,,,,TRPHRNLLAB001
NLLAB,T_HDV_BT_FCEV,2045.0,T_D_pkm_hdv_bt,le,0.044597224,,,,,,,,TRPHRNLLAB001
NLLAB,T_HDV_BT_BEV,2025.0,T_D_pkm_hdv_bt,le,0.044597224,,,,,,,,TRPHRNLLAB001
NLLAB,T_HDV_BT_BEV,2030.0,T_D_pkm_hdv_bt,le,0.044597224,,,,,,,,TRPHRNLLAB001
NLLAB,T_HDV_BT_BEV,2035.0,T_D_pkm_hdv_bt,le,0.044597224,,,,,,,,TRPHRNLLAB001
NLLAB,T_HDV_BT_BEV,2040.0,T_D_pkm_hdv_bt,le,0.044597224,,,,,,,,TRPHRNLLAB001
NLLAB,T_HDV_BT_BEV,2045.0,T_D_pkm_hdv_bt,le,0.044597224,,,,,,,,TRPHRNLLAB001
NLLAB,T_HDV_BIC_GSL,2025.0,T_D_pkm_hdv_bic,ge,0.044619354,,,,,,,,TRPHRNLLAB001
NLLAB,T_HDV_BIC_GSL,2030.0,T_D_pkm_hdv_bic,ge,0.044619354,,,,,,,,TRPHRNLLAB001
NLLAB,T_HDV_BIC_GSL,2035.0,T_D_pkm_hdv_bic,ge,0.044619354,,,,,,,,TRPHRNLLAB001
NLLAB,T_HDV_BIC_GSL,2040.0,T_D_pkm_hdv_bic,ge,0.044619354,,,,,,,,TRPHRNLLAB001
NLLAB,T_HDV_BIC_GSL,2045.0,T_D_pkm_hdv_bic,ge,0.044619354,,,,,,,,TRPHRNLLAB001
NLLAB,T_HDV_BS_DSL,2025.0,T_D_pkm_hdv_bs,ge,0.032292942,,,,,,,,TRPHRNLLAB001
NLLAB,T_HDV_BS_DSL,2030.0,T_D_pkm_hdv_bs,ge,0.032292942,,,,,,,,TRPHRNLLAB001
NLLAB,T_HDV_BS_DSL,2035.0,T_D_pkm_hdv_bs,ge,0.032292942,,,,,,,,TRPHRNLLAB001
NLLAB,T_HDV_BS_DSL,2040.0,T_D_pkm_hdv_bs,ge,0.032292942,,,,,,,,TRPHRNLLAB001
NLLAB,T_HDV_BS_DSL,2045.0,T_D_pkm_hdv_bs,ge,0.032292942,,,,,,,,TRPHRNLLAB001
NLLAB,T_HDV_BT_DSL,2025.0,T_D_pkm_hdv_bt,le,0.044597224,,,,,,,,TRPHRNLLAB001
NLLAB,T_HDV_BT_DSL,2030.0,T_D_pkm_hdv_bt,le,0.044597224,,,,,,,,TRPHRNLLAB001
NLLAB,T_HDV_BT_DSL,2035.0,T_D_pkm_hdv_bt,le,0.044597224,,,,,,,,TRPHRNLLAB001
NLLAB,T_HDV_BT_DSL,2040.0,T_D_pkm_hdv_bt,le,0.044597224,,,,,,,,TRPHRNLLAB001
NLLAB,T_HDV_BT_DSL,2045.0,T_D_pkm_hdv_bt,le,0.044597224,,,,,,,,TRPHRNLLAB001
NLLAB,T_HDV_BIC_FCEV,2025.0,T_D_pkm_hdv_bic,le,0.046967741,,,,,,,,TRPHRNLLAB001
NLLAB,T_HDV_BIC_FCEV,2030.0,T_D_pkm_hdv_bic,le,0.046967741,,,,,,,,TRPHRNLLAB001
NLLAB,T_HDV_BIC_FCEV,2035.0,T_D_pkm_hdv_bic,le,0.046967741,,,,,,,,TRPHRNLLAB001
NLLAB,T_HDV_BIC_FCEV,2040.0,T_D_pkm_hdv_bic,le,0.046967741,,,,,,,,TRPHRNLLAB001
NLLAB,T_HDV_BIC_FCEV,2045.0,T_D_pkm_hdv_bic,le,0.046967741,,,,,,,,TRPHRNLLAB001
NLLAB,T_HDV_BT_FCHEV,2025.0,T_D_pkm_hdv_bt,le,0.044597224,,,,,,,,TRPHRNLLAB001
NLLAB,T_HDV_BT_FCHEV,2030.0,T_D_pkm_hdv_bt,le,0.044597224,,,,,,,,TRPHRNLLAB001
NLLAB,T_HDV_BT_FCHEV,2035.0,T_D_pkm_hdv_bt,le,0.044597224,,,,,,,,TRPHRNLLAB001
NLLAB,T_HDV_BT_FCHEV,2040.0,T_D_pkm_hdv_bt,le,0.044597224,,,,,,,,TRPHRNLLAB001
NLLAB,T_HDV_BT_FCHEV,2045.0,T_D_pkm_hdv_bt,le,0.044597224,,,,,,,,TRPHRNLLAB001
NLLAB,T_HDV_BIC_GSL,2025.0,T_D_pkm_hdv_bic,le,0.046967741,,,,,,,,TRPHRNLLAB001
NLLAB,T_HDV_BIC_GSL,2030.0,T_D_pkm_hdv_bic,le,0.046967741,,,,,,,,TRPHRNLLAB001
NLLAB,T_HDV_BIC_GSL,2035.0,T_D_pkm_hdv_bic,le,0.046967741,,,,,,,,TRPHRNLLAB001
NLLAB,T_HDV_BIC_GSL,2040.0,T_D_pkm_hdv_bic,le,0.046967741,,,,,,,,TRPHRNLLAB001
NLLAB,T_HDV_BIC_GSL,2045.0,T_D_pkm_hdv_bic,le,0.046967741,,,,,,,,TRPHRNLLAB001
NLLAB,T_HDV_BS_FCHEV,2025.0,T_D_pkm_hdv_bs,ge,0.032292942,,,,,,,,TRPHRNLLAB001
NLLAB,T_HDV_BS_FCHEV,2030.0,T_D_pkm_hdv_bs,ge,0.032292942,,,,,,,,TRPHRNLLAB001
NLLAB,T_HDV_BS_FCHEV,2035.0,T_D_pkm_hdv_bs,ge,0.032292942,,,,,,,,TRPHRNLLAB001
NLLAB,T_HDV_BS_FCHEV,2040.0,T_D_pkm_hdv_bs,ge,0.032292942,,,,,,,,TRPHRNLLAB001
NLLAB,T_HDV_BS_FCHEV,2045.0,T_D_pkm_hdv_bs,ge,0.032292942,,,,,,,,TRPHRNLLAB001
NLLAB,T_HDV_BT_DSL,2025.0,T_D_pkm_hdv_bt,ge,0.042367363,,,,,,,,TRPHRNLLAB001
NLLAB,T_HDV_BT_DSL,2030.0,T_D_pkm_hdv_bt,ge,0.042367363,,,,,,,,TRPHRNLLAB001
NLLAB,T_HDV_BT_DSL,2035.0,T_D_pkm_hdv_bt,ge,0.042367363,,,,,,,,TRPHRNLLAB001
NLLAB,T_HDV_BT_DSL,2040.0,T_D_pkm_hdv_bt,ge,0.042367363,,,,,,,,TRPHRNLLAB001
NLLAB,T_HDV_BT_DSL,2045.0,T_D_pkm_hdv_bt,ge,0.042367363,,,,,,,,TRPHRNLLAB001
NLLAB,T_HDV_BS_GSL,2025.0,T_D_pkm_hdv_bs,ge,0.032292942,,,,,,,,TRPHRNLLAB001
NLLAB,T_HDV_BS_GSL,2030.0,T_D_pkm_hdv_bs,ge,0.032292942,,,,,,,,TRPHRNLLAB001
NLLAB,T_HDV_BS_GSL,2035.0,T_D_pkm_hdv_bs,ge,0.032292942,,,,,,,,TRPHRNLLAB001
NLLAB,T_HDV_BS_GSL,2040.0,T_D_pkm_hdv_bs,ge,0.032292942,,,,,,,,TRPHRNLLAB001
NLLAB,T_HDV_BS_GSL,2045.0,T_D_pkm_hdv_bs,ge,0.032292942,,,,,,,,TRPHRNLLAB001
NLLAB,T_HDV_BT_BEV,2025.0,T_D_pkm_hdv_bt,ge,0.042367363,,,,,,,,TRPHRNLLAB001
NLLAB,T_HDV_BT_BEV,2030.0,T_D_pkm_hdv_bt,ge,0.042367363,,,,,,,,TRPHRNLLAB001
NLLAB,T_HDV_BT_BEV,2035.0,T_D_pkm_hdv_bt,ge,0.042367363,,,,,,,,TRPHRNLLAB001
NLLAB,T_HDV_BT_BEV,2040.0,T_D_pkm_hdv_bt,ge,0.042367363,,,,,,,,TRPHRNLLAB001
NLLAB,T_HDV_BT_BEV,2045.0,T_D_pkm_hdv_bt,ge,0.042367363,,,,,,,,TRPHRNLLAB001
NLLAB,T_HDV_BS_BEV,2025.0,T_D_pkm_hdv_bs,le,0.033992571,,,,,,,,TRPHRNLLAB001
NLLAB,T_HDV_BS_BEV,2030.0,T_D_pkm_hdv_bs,le,0.033992571,,,,,,,,TRPHRNLLAB001
NLLAB,T_HDV_BS_BEV,2035.0,T_D_pkm_hdv_bs,le,0.033992571,,,,,,,,TRPHRNLLAB001
NLLAB,T_HDV_BS_BEV,2040.0,T_D_pkm_hdv_bs,le,0.033992571,,,,,,,,TRPHRNLLAB001
NLLAB,T_HDV_BS_BEV,2045.0,T_D_pkm_hdv_bs,le,0.033992571,,,,,,,,TRPHRNLLAB001
NLLAB,T_HDV_BIC_DSL,2025.0,T_D_pkm_hdv_bic,le,0.046967741,,,,,,,,TRPHRNLLAB001
NLLAB,T_HDV_BIC_DSL,2030.0,T_D_pkm_hdv_bic,le,0.046967741,,,,,,,,TRPHRNLLAB001
NLLAB,T_HDV_BIC_DSL,2035.0,T_D_pkm_hdv_bic,le,0.046967741,,,,,,,,TRPHRNLLAB001
NLLAB,T_HDV_BIC_DSL,2040.0,T_D_pkm_hdv_bic,le,0.046967741,,,,,,,,TRPHRNLLAB001
NLLAB,T_HDV_BIC_DSL,2045.0,T_D_pkm_hdv_bic,le,0.046967741,,,,,,,,TRPHRNLLAB001
NLLAB,T_LDV_M_GSL,2025.0,T_D_pkm_ldv_m,ge,0.007952935,,,,,,,,TRPHRNLLAB001
NLLAB,T_LDV_M_GSL,2030.0,T_D_pkm_ldv_m,ge,0.007952935,,,,,,,,TRPHRNLLAB001
NLLAB,T_LDV_M_GSL,2035.0,T_D_pkm_ldv_m,ge,0.007952935,,,,,,,,TRPHRNLLAB001
NLLAB,T_LDV_M_GSL,2040.0,T_D_pkm_ldv_m,ge,0.007952935,,,,,,,,TRPHRNLLAB001
NLLAB,T_LDV_M_GSL,2045.0,T_D_pkm_ldv_m,ge,0.007952935,,,,,,,,TRPHRNLLAB001
NLLAB,T_HDV_BS_DSL,2025.0,T_D_pkm_hdv_bs,le,0.033992571,,,,,,,,TRPHRNLLAB001
NLLAB,T_HDV_BS_DSL,2030.0,T_D_pkm_hdv_bs,le,0.033992571,,,,,,,,TRPHRNLLAB001
NLLAB,T_HDV_BS_DSL,2035.0,T_D_pkm_hdv_bs,le,0.033992571,,,,,,,,TRPHRNLLAB001
NLLAB,T_HDV_BS_DSL,2040.0,T_D_pkm_hdv_bs,le,0.033992571,,,,,,,,TRPHRNLLAB001
NLLAB,T_HDV_BS_DSL,2045.0,T_D_pkm_hdv_bs,le,0.033992571,,,,,,,,TRPHRNLLAB001
NLLAB,T_HDV_BS_FCEV,2025.0,T_D_pkm_hdv_bs,le,0.033992571,,,,,,,,TRPHRNLLAB001
NLLAB,T_HDV_BS_FCEV,2030.0,T_D_pkm_hdv_bs,le,0.033992571,,,,,,,,TRPHRNLLAB001
NLLAB,T_HDV_BS_FCEV,2035.0,T_D_pkm_hdv_bs,le,0.033992571,,,,,,,,TRPHRNLLAB001
NLLAB,T_HDV_BS_FCEV,2040.0,T_D_pkm_hdv_bs,le,0.033992571,,,,,,,,TRPHRNLLAB001
NLLAB,T_HDV_BS_FCEV,2045.0,T_D_pkm_hdv_bs,le,0.033992571,,,,,,,,TRPHRNLLAB001
NLLAB,T_HDV_BIC_DSL_HEV,2025.0,T_D_pkm_hdv_bic,le,0.046967741,,,,,,,,TRPHRNLLAB001
NLLAB,T_HDV_BIC_DSL_HEV,2030.0,T_D_pkm_hdv_bic,le,0.046967741,,,,,,,,TRPHRNLLAB001
NLLAB,T_HDV_BIC_DSL_HEV,2035.0,T_D_pkm_hdv_bic,le,0.046967741,,,,,,,,TRPHRNLLAB001
NLLAB,T_HDV_BIC_DSL_HEV,2040.0,T_D_pkm_hdv_bic,le,0.046967741,,,,,,,,TRPHRNLLAB001
NLLAB,T_HDV_BIC_DSL_HEV,2045.0,T_D_pkm_hdv_bic,le,0.046967741,,,,,,,,TRPHRNLLAB001
NLLAB,T_HDV_BS_CNG,2025.0,T_D_pkm_hdv_bs,le,0.033992571,,,,,,,,TRPHRNLLAB001
NLLAB,T_HDV_BS_CNG,2030.0,T_D_pkm_hdv_bs,le,0.033992571,,,,,,,,TRPHRNLLAB001
NLLAB,T_HDV_BS_CNG,2035.0,T_D_pkm_hdv_bs,le,0.033992571,,,,,,,,TRPHRNLLAB001
NLLAB,T_HDV_BS_CNG,2040.0,T_D_pkm_hdv_bs,le,0.033992571,,,,,,,,TRPHRNLLAB001
NLLAB,T_HDV_BS_CNG,2045.0,T_D_pkm_hdv_bs,le,0.033992571,,,,,,,,TRPHRNLLAB001
NLLAB,T_HDV_BT_CNG,2025.0,T_D_pkm_hdv_bt,ge,0.042367363,,,,,,,,TRPHRNLLAB001
NLLAB,T_HDV_BT_CNG,2030.0,T_D_pkm_hdv_bt,ge,0.042367363,,,,,,,,TRPHRNLLAB001
NLLAB,T_HDV_BT_CNG,2035.0,T_D_pkm_hdv_bt,ge,0.042367363,,,,,,,,TRPHRNLLAB001
NLLAB,T_HDV_BT_CNG,2040.0,T_D_pkm_hdv_bt,ge,0.042367363,,,,,,,,TRPHRNLLAB001
NLLAB,T_HDV_BT_CNG,2045.0,T_D_pkm_hdv_bt,ge,0.042367363,,,,,,,,TRPHRNLLAB001
NLLAB,T_HDV_BS_FCHEV,2025.0,T_D_pkm_hdv_bs,le,0.033992571,,,,,,,,TRPHRNLLAB001
NLLAB,T_HDV_BS_FCHEV,2030.0,T_D_pkm_hdv_bs,le,0.033992571,,,,,,,,TRPHRNLLAB001
NLLAB,T_HDV_BS_FCHEV,2035.0,T_D_pkm_hdv_bs,le,0.033992571,,,,,,,,TRPHRNLLAB001
NLLAB,T_HDV_BS_FCHEV,2040.0,T_D_pkm_hdv_bs,le,0.033992571,,,,,,,,TRPHRNLLAB001
NLLAB,T_HDV_BS_FCHEV,2045.0,T_D_pkm_hdv_bs,le,0.033992571,,,,,,,,TRPHRNLLAB001
NLLAB,T_HDV_BT_GSL,2025.0,T_D_pkm_hdv_bt,ge,0.042367363,,,,,,,,TRPHRNLLAB001
NLLAB,T_HDV_BT_GSL,2030.0,T_D_pkm_hdv_bt,ge,0.042367363,,,,,,,,TRPHRNLLAB001
NLLAB,T_HDV_BT_GSL,2035.0,T_D_pkm_hdv_bt,ge,0.042367363,,,,,,,,TRPHRNLLAB001
NLLAB,T_HDV_BT_GSL,2040.0,T_D_pkm_hdv_bt,ge,0.042367363,,,,,,,,TRPHRNLLAB001
NLLAB,T_HDV_BT_GSL,2045.0,T_D_pkm_hdv_bt,ge,0.042367363,,,,,,,,TRPHRNLLAB001
NLLAB,T_HDV_BS_FCEV,2025.0,T_D_pkm_hdv_bs,ge,0.032292942,,,,,,,,TRPHRNLLAB001
NLLAB,T_HDV_BS_FCEV,2030.0,T_D_pkm_hdv_bs,ge,0.032292942,,,,,,,,TRPHRNLLAB001
NLLAB,T_HDV_BS_FCEV,2035.0,T_D_pkm_hdv_bs,ge,0.032292942,,,,,,,,TRPHRNLLAB001
NLLAB,T_HDV_BS_FCEV,2040.0,T_D_pkm_hdv_bs,ge,0.032292942,,,,,,,,TRPHRNLLAB001
NLLAB,T_HDV_BS_FCEV,2045.0,T_D_pkm_hdv_bs,ge,0.032292942,,,,,,,,TRPHRNLLAB001
NLLAB,T_HDV_BS_DSL_PHEV,2025.0,T_D_pkm_hdv_bs,ge,0.032292942,,,,,,,,TRPHRNLLAB001
NLLAB,T_HDV_BS_DSL_PHEV,2030.0,T_D_pkm_hdv_bs,ge,0.032292942,,,,,,,,TRPHRNLLAB001
NLLAB,T_HDV_BS_DSL_PHEV,2035.0,T_D_pkm_hdv_bs,ge,0.032292942,,,,,,,,TRPHRNLLAB001
NLLAB,T_HDV_BS_DSL_PHEV,2040.0,T_D_pkm_hdv_bs,ge,0.032292942,,,,,,,,TRPHRNLLAB001
NLLAB,T_HDV_BS_DSL_PHEV,2045.0,T_D_pkm_hdv_bs,ge,0.032292942,,,,,,,,TRPHRNLLAB001
NLLAB,T_HDV_BT_CNG,2025.0,T_D_pkm_hdv_bt,le,0.044597224,,,,,,,,TRPHRNLLAB001
NLLAB,T_HDV_BT_CNG,2030.0,T_D_pkm_hdv_bt,le,0.044597224,,,,,,,,TRPHRNLLAB001
NLLAB,T_HDV_BT_CNG,2035.0,T_D_pkm_hdv_bt,le,0.044597224,,,,,,,,TRPHRNLLAB001
NLLAB,T_HDV_BT_CNG,2040.0,T_D_pkm_hdv_bt,le,0.044597224,,,,,,,,TRPHRNLLAB001
NLLAB,T_HDV_BT_CNG,2045.0,T_D_pkm_hdv_bt,le,0.044597224,,,,,,,,TRPHRNLLAB001
NLLAB,T_HDV_BT_FCEV,2025.0,T_D_pkm_hdv_bt,ge,0.042367363,,,,,,,,TRPHRNLLAB001
NLLAB,T_HDV_BT_FCEV,2030.0,T_D_pkm_hdv_bt,ge,0.042367363,,,,,,,,TRPHRNLLAB001
NLLAB,T_HDV_BT_FCEV,2035.0,T_D_pkm_hdv_bt,ge,0.042367363,,,,,,,,TRPHRNLLAB001
NLLAB,T_HDV_BT_FCEV,2040.0,T_D_pkm_hdv_bt,ge,0.042367363,,,,,,,,TRPHRNLLAB001
NLLAB,T_HDV_BT_FCEV,2045.0,T_D_pkm_hdv_bt,ge,0.042367363,,,,,,,,TRPHRNLLAB001
NLLAB,T_HDV_BT_FCHEV,2025.0,T_D_pkm_hdv_bt,ge,0.042367363,,,,,,,,TRPHRNLLAB001
NLLAB,T_HDV_BT_FCHEV,2030.0,T_D_pkm_hdv_bt,ge,0.042367363,,,,,,,,TRPHRNLLAB001
NLLAB,T_HDV_BT_FCHEV,2035.0,T_D_pkm_hdv_bt,ge,0.042367363,,,,,,,,TRPHRNLLAB001
NLLAB,T_HDV_BT_FCHEV,2040.0,T_D_pkm_hdv_bt,ge,0.042367363,,,,,,,,TRPHRNLLAB001
NLLAB,T_HDV_BT_FCHEV,2045.0,T_D_pkm_hdv_bt,ge,0.042367363,,,,,,,,TRPHRNLLAB001
NLLAB,T_LDV_M_BEV,2025.0,T_D_pkm_ldv_m,ge,0.007952935,,,,,,,,TRPHRNLLAB001
NLLAB,T_LDV_M_BEV,2030.0,T_D_pkm_ldv_m,ge,0.007952935,,,,,,,,TRPHRNLLAB001
NLLAB,T_LDV_M_BEV,2035.0,T_D_pkm_ldv_m,ge,0.007952935,,,,,,,,TRPHRNLLAB001
NLLAB,T_LDV_M_BEV,2040.0,T_D_pkm_ldv_m,ge,0.007952935,,,,,,,,TRPHRNLLAB001
NLLAB,T_LDV_M_BEV,2045.0,T_D_pkm_ldv_m,ge,0.007952935,,,,,,,,TRPHRNLLAB001
NLLAB,T_HDV_BS_GSL,2025.0,T_D_pkm_hdv_bs,le,0.033992571,,,,,,,,TRPHRNLLAB001
NLLAB,T_HDV_BS_GSL,2030.0,T_D_pkm_hdv_bs,le,0.033992571,,,,,,,,TRPHRNLLAB001
NLLAB,T_HDV_BS_GSL,2035.0,T_D_pkm_hdv_bs,le,0.033992571,,,,,,,,TRPHRNLLAB001
NLLAB,T_HDV_BS_GSL,2040.0,T_D_pkm_hdv_bs,le,0.033992571,,,,,,,,TRPHRNLLAB001
NLLAB,T_HDV_BS_GSL,2045.0,T_D_pkm_hdv_bs,le,0.033992571,,,,,,,,TRPHRNLLAB001
NLLAB,T_HDV_BS_DSL_HEV,2025.0,T_D_pkm_hdv_bs,ge,0.032292942,,,,,,,,TRPHRNLLAB001
NLLAB,T_HDV_BS_DSL_HEV,2030.0,T_D_pkm_hdv_bs,ge,0.032292942,,,,,,,,TRPHRNLLAB001
NLLAB,T_HDV_BS_DSL_HEV,2035.0,T_D_pkm_hdv_bs,ge,0.032292942,,,,,,,,TRPHRNLLAB001
NLLAB,T_HDV_BS_DSL_HEV,2040.0,T_D_pkm_hdv_bs,ge,0.032292942,,,,,,,,TRPHRNLLAB001
NLLAB,T_HDV_BS_DSL_HEV,2045.0,T_D_pkm_hdv_bs,ge,0.032292942,,,,,,,,TRPHRNLLAB001
NLLAB,T_LDV_M_BEV,2025.0,T_D_pkm_ldv_m,le,0.008371511,,,,,,,,TRPHRNLLAB001
NLLAB,T_LDV_M_BEV,2030.0,T_D_pkm_ldv_m,le,0.008371511,,,,,,,,TRPHRNLLAB001
NLLAB,T_LDV_M_BEV,2035.0,T_D_pkm_ldv_m,le,0.008371511,,,,,,,,TRPHRNLLAB001
NLLAB,T_LDV_M_BEV,2040.0,T_D_pkm_ldv_m,le,0.008371511,,,,,,,,TRPHRNLLAB001
NLLAB,T_LDV_M_BEV,2045.0,T_D_pkm_ldv_m,le,0.008371511,,,,,,,,TRPHRNLLAB001
NLLAB,T_HDV_BT_DSL_PHEV,2025.0,T_D_pkm_hdv_bt,ge,0.042367363,,,,,,,,TRPHRNLLAB001
NLLAB,T_HDV_BT_DSL_PHEV,2030.0,T_D_pkm_hdv_bt,ge,0.042367363,,,,,,,,TRPHRNLLAB001
NLLAB,T_HDV_BT_DSL_PHEV,2035.0,T_D_pkm_hdv_bt,ge,0.042367363,,,,,,,,TRPHRNLLAB001
NLLAB,T_HDV_BT_DSL_PHEV,2040.0,T_D_pkm_hdv_bt,ge,0.042367363,,,,,,,,TRPHRNLLAB001
NLLAB,T_HDV_BT_DSL_PHEV,2045.0,T_D_pkm_hdv_bt,ge,0.042367363,,,,,,,,TRPHRNLLAB001
NLLAB,T_HDV_BT_DSL_HEV,2025.0,T_D_pkm_hdv_bt,le,0.044597224,,,,,,,,TRPHRNLLAB001
NLLAB,T_HDV_BT_DSL_HEV,2030.0,T_D_pkm_hdv_bt,le,0.044597224,,,,,,,,TRPHRNLLAB001
NLLAB,T_HDV_BT_DSL_HEV,2035.0,T_D_pkm_hdv_bt,le,0.044597224,,,,,,,,TRPHRNLLAB001
NLLAB,T_HDV_BT_DSL_HEV,2040.0,T_D_pkm_hdv_bt,le,0.044597224,,,,,,,,TRPHRNLLAB001
NLLAB,T_HDV_BT_DSL_HEV,2045.0,T_D_pkm_hdv_bt,le,0.044597224,,,,,,,,TRPHRNLLAB001
NLLAB,T_HDV_BS_BEV,2025.0,T_D_pkm_hdv_bs,ge,0.032292942,,,,,,,,TRPHRNLLAB001
NLLAB,T_HDV_BS_BEV,2030.0,T_D_pkm_hdv_bs,ge,0.032292942,,,,,,,,TRPHRNLLAB001
NLLAB,T_HDV_BS_BEV,2035.0,T_D_pkm_hdv_bs,ge,0.032292942,,,,,,,,TRPHRNLLAB001
NLLAB,T_HDV_BS_BEV,2040.0,T_D_pkm_hdv_bs,ge,0.032292942,,,,,,,,TRPHRNLLAB001
NLLAB,T_HDV_BS_BEV,2045.0,T_D_pkm_hdv_bs,ge,0.032292942,,,,,,,,TRPHRNLLAB001
NLLAB,T_HDV_BIC_DSL_HEV,2025.0,T_D_pkm_hdv_bic,ge,0.044619354,,,,,,,,TRPHRNLLAB001
NLLAB,T_HDV_BIC_DSL_HEV,2030.0,T_D_pkm_hdv_bic,ge,0.044619354,,,,,,,,TRPHRNLLAB001
NLLAB,T_HDV_BIC_DSL_HEV,2035.0,T_D_pkm_hdv_bic,ge,0.044619354,,,,,,,,TRPHRNLLAB001
NLLAB,T_HDV_BIC_DSL_HEV,2040.0,T_D_pkm_hdv_bic,ge,0.044619354,,,,,,,,TRPHRNLLAB001
NLLAB,T_HDV_BIC_DSL_HEV,2045.0,T_D_pkm_hdv_bic,ge,0.044619354,,,,,,,,TRPHRNLLAB001
NLLAB,T_I_H2_SMR_CCS,2025.0,T_h2,ge,0.9025,,,,,,,,TRPHRNLLAB001
NLLAB,T_I_H2_SMR_CCS,2030.0,T_h2,ge,0.9025,,,,,,,,TRPHRNLLAB001
NLLAB,T_I_H2_SMR_CCS,2035.0,T_h2,ge,0.9025,,,,,,,,TRPHRNLLAB001
NLLAB,T_I_H2_SMR_CCS,2040.0,T_h2,ge,0.9025,,,,,,,,TRPHRNLLAB001
NLLAB,T_I_H2_SMR_CCS,2045.0,T_h2,ge,0.9025,,,,,,,,TRPHRNLLAB001
NLLAB,T_HDV_BT_DSL_PHEV,2025.0,T_D_pkm_hdv_bt,le,0.044597224,,,,,,,,TRPHRNLLAB001
NLLAB,T_HDV_BT_DSL_PHEV,2030.0,T_D_pkm_hdv_bt,le,0.044597224,,,,,,,,TRPHRNLLAB001
NLLAB,T_HDV_BT_DSL_PHEV,2035.0,T_D_pkm_hdv_bt,le,0.044597224,,,,,,,,TRPHRNLLAB001
NLLAB,T_HDV_BT_DSL_PHEV,2040.0,T_D_pkm_hdv_bt,le,0.044597224,,,,,,,,TRPHRNLLAB001
NLLAB,T_HDV_BT_DSL_PHEV,2045.0,T_D_pkm_hdv_bt,le,0.044597224,,,,,,,,TRPHRNLLAB001
NLLAB,T_HDV_BT_GSL,2025.0,T_D_pkm_hdv_bt,le,0.044597224,,,,,,,,TRPHRNLLAB001
NLLAB,T_HDV_BT_GSL,2030.0,T_D_pkm_hdv_bt,le,0.044597224,,,,,,,,TRPHRNLLAB001
NLLAB,T_HDV_BT_GSL,2035.0,T_D_pkm_hdv_bt,le,0.044597224,,,,,,,,TRPHRNLLAB001
NLLAB,T_HDV_BT_GSL,2040.0,T_D_pkm_hdv_bt,le,0.044597224,,,,,,,,TRPHRNLLAB001
NLLAB,T_HDV_BT_GSL,2045.0,T_D_pkm_hdv_bt,le,0.044597224,,,,,,,,TRPHRNLLAB001
NLLAB,T_I_H2_SMR,2025.0,T_h2,le,0.95,,,,,,,,TRPHRNLLAB001
NLLAB,T_I_H2_SMR,2030.0,T_h2,le,0.95,,,,,,,,TRPHRNLLAB001
NLLAB,T_I_H2_SMR,2035.0,T_h2,le,0.95,,,,,,,,TRPHRNLLAB001
NLLAB,T_I_H2_SMR,2040.0,T_h2,le,0.95,,,,,,,,TRPHRNLLAB001
NLLAB,T_I_H2_SMR,2045.0,T_h2,le,0.95,,,,,,,,TRPHRNLLAB001
NLLAB,T_HDV_BIC_BEV,2025.0,T_D_pkm_hdv_bic,ge,0.044619354,,,,,,,,TRPHRNLLAB001
NLLAB,T_HDV_BIC_BEV,2030.0,T_D_pkm_hdv_bic,ge,0.044619354,,,,,,,,TRPHRNLLAB001
NLLAB,T_HDV_BIC_BEV,2035.0,T_D_pkm_hdv_bic,ge,0.044619354,,,,,,,,TRPHRNLLAB001
NLLAB,T_HDV_BIC_BEV,2040.0,T_D_pkm_hdv_bic,ge,0.044619354,,,,,,,,TRPHRNLLAB001
NLLAB,T_HDV_BIC_BEV,2045.0,T_D_pkm_hdv_bic,ge,0.044619354,,,,,,,,TRPHRNLLAB001
NLLAB,T_HDV_BIC_FCEV,2025.0,T_D_pkm_hdv_bic,ge,0.044619354,,,,,,,,TRPHRNLLAB001
NLLAB,T_HDV_BIC_FCEV,2030.0,T_D_pkm_hdv_bic,ge,0.044619354,,,,,,,,TRPHRNLLAB001
NLLAB,T_HDV_BIC_FCEV,2035.0,T_D_pkm_hdv_bic,ge,0.044619354,,,,,,,,TRPHRNLLAB001
NLLAB,T_HDV_BIC_FCEV,2040.0,T_D_pkm_hdv_bic,ge,0.044619354,,,,,,,,TRPHRNLLAB001
NLLAB,T_HDV_BIC_FCEV,2045.0,T_D_pkm_hdv_bic,ge,0.044619354,,,,,,,,TRPHRNLLAB001
NLLAB,T_LDV_BEV_CHRG,2025.0,T_elc_ldv_bev_chrg,ge,0.4352528997003083,,,,,,,,TRPHRNLLAB001
NLLAB,T_LDV_BEV_CHRG,2030.0,T_elc_ldv_bev_chrg,ge,0.4352528997003083,,,,,,,,TRPHRNLLAB001
NLLAB,T_LDV_BEV_CHRG,2035.0,T_elc_ldv_bev_chrg,ge,0.4352528997003083,,,,,,,,TRPHRNLLAB001
NLLAB,T_LDV_BEV_CHRG,2040.0,T_elc_ldv_bev_chrg,ge,0.4352528997003083,,,,,,,,TRPHRNLLAB001
NLLAB,T_LDV_BEV_CHRG,2045.0,T_elc_ldv_bev_chrg,ge,0.4352528997003083,,,,,,,,TRPHRNLLAB001
NS,T_I_H2_SMR,2025.0,T_h2,ge,0.9025,,,,,,,,TRPHRNS001
NS,T_I_H2_SMR,2030.0,T_h2,ge,0.9025,,,,,,,,TRPHRNS001
NS,T_I_H2_SMR,2035.0,T_h2,ge,0.9025,,,,,,,,TRPHRNS001
NS,T_I_H2_SMR,2040.0,T_h2,ge,0.9025,,,,,,,,TRPHRNS001
NS,T_I_H2_SMR,2045.0,T_h2,ge,0.9025,,,,,,,,TRPHRNS001
NS,T_HDV_BIC_BEV,2025.0,T_D_pkm_hdv_bic,le,0.046967741,,,,,,,,TRPHRNS001
NS,T_HDV_BIC_BEV,2030.0,T_D_pkm_hdv_bic,le,0.046967741,,,,,,,,TRPHRNS001
NS,T_HDV_BIC_BEV,2035.0,T_D_pkm_hdv_bic,le,0.046967741,,,,,,,,TRPHRNS001
NS,T_HDV_BIC_BEV,2040.0,T_D_pkm_hdv_bic,le,0.046967741,,,,,,,,TRPHRNS001
NS,T_HDV_BIC_BEV,2045.0,T_D_pkm_hdv_bic,le,0.046967741,,,,,,,,TRPHRNS001
NS,T_I_H2_SMR_CCS,2025.0,T_h2,le,0.95,,,,,,,,TRPHRNS001
NS,T_I_H2_SMR_CCS,2030.0,T_h2,le,0.95,,,,,,,,TRPHRNS001
NS,T_I_H2_SMR_CCS,2035.0,T_h2,le,0.95,,,,,,,,TRPHRNS001
NS,T_I_H2_SMR_CCS,2040.0,T_h2,le,0.95,,,,,,,,TRPHRNS001
NS,T_I_H2_SMR_CCS,2045.0,T_h2,le,0.95,,,,,,,,TRPHRNS001
NS,T_HDV_BS_CNG,2025.0,T_D_pkm_hdv_bs,ge,0.032292942,,,,,,,,TRPHRNS001
NS,T_HDV_BS_CNG,2030.0,T_D_pkm_hdv_bs,ge,0.032292942,,,,,,,,TRPHRNS001
NS,T_HDV_BS_CNG,2035.0,T_D_pkm_hdv_bs,ge,0.032292942,,,,,,,,TRPHRNS001
NS,T_HDV_BS_CNG,2040.0,T_D_pkm_hdv_bs,ge,0.032292942,,,,,,,,TRPHRNS001
NS,T_HDV_BS_CNG,2045.0,T_D_pkm_hdv_bs,ge,0.032292942,,,,,,,,TRPHRNS001
NS,T_HDV_BIC_DSL,2025.0,T_D_pkm_hdv_bic,ge,0.044619354,,,,,,,,TRPHRNS001
NS,T_HDV_BIC_DSL,2030.0,T_D_pkm_hdv_bic,ge,0.044619354,,,,,,,,TRPHRNS001
NS,T_HDV_BIC_DSL,2035.0,T_D_pkm_hdv_bic,ge,0.044619354,,,,,,,,TRPHRNS001
NS,T_HDV_BIC_DSL,2040.0,T_D_pkm_hdv_bic,ge,0.044619354,,,,,,,,TRPHRNS001
NS,T_HDV_BIC_DSL,2045.0,T_D_pkm_hdv_bic,ge,0.044619354,,,,,,,,TRPHRNS001
NS,T_LDV_M_GSL,2025.0,T_D_pkm_ldv_m,le,0.008371511,,,,,,,,TRPHRNS001
NS,T_LDV_M_GSL,2030.0,T_D_pkm_ldv_m,le,0.008371511,,,,,,,,TRPHRNS001
NS,T_LDV_M_GSL,2035.0,T_D_pkm_ldv_m,le,0.008371511,,,,,,,,TRPHRNS001
NS,T_LDV_M_GSL,2040.0,T_D_pkm_ldv_m,le,0.008371511,,,,,,,,TRPHRNS001
NS,T_LDV_M_GSL,2045.0,T_D_pkm_ldv_m,le,0.008371511,,,,,,,,TRPHRNS001
NS,T_HDV_BS_DSL_HEV,2025.0,T_D_pkm_hdv_bs,le,0.033992571,,,,,,,,TRPHRNS001
NS,T_HDV_BS_DSL_HEV,2030.0,T_D_pkm_hdv_bs,le,0.033992571,,,,,,,,TRPHRNS001
NS,T_HDV_BS_DSL_HEV,2035.0,T_D_pkm_hdv_bs,le,0.033992571,,,,,,,,TRPHRNS001
NS,T_HDV_BS_DSL_HEV,2040.0,T_D_pkm_hdv_bs,le,0.033992571,,,,,,,,TRPHRNS001
NS,T_HDV_BS_DSL_HEV,2045.0,T_D_pkm_hdv_bs,le,0.033992571,,,,,,,,TRPHRNS001
NS,T_HDV_BT_DSL_HEV,2025.0,T_D_pkm_hdv_bt,ge,0.042367363,,,,,,,,TRPHRNS001
NS,T_HDV_BT_DSL_HEV,2030.0,T_D_pkm_hdv_bt,ge,0.042367363,,,,,,,,TRPHRNS001
NS,T_HDV_BT_DSL_HEV,2035.0,T_D_pkm_hdv_bt,ge,0.042367363,,,,,,,,TRPHRNS001
NS,T_HDV_BT_DSL_HEV,2040.0,T_D_pkm_hdv_bt,ge,0.042367363,,,,,,,,TRPHRNS001
NS,T_HDV_BT_DSL_HEV,2045.0,T_D_pkm_hdv_bt,ge,0.042367363,,,,,,,,TRPHRNS001
NS,T_HDV_BS_DSL_PHEV,2025.0,T_D_pkm_hdv_bs,le,0.033992571,,,,,,,,TRPHRNS001
NS,T_HDV_BS_DSL_PHEV,2030.0,T_D_pkm_hdv_bs,le,0.033992571,,,,,,,,TRPHRNS001
NS,T_HDV_BS_DSL_PHEV,2035.0,T_D_pkm_hdv_bs,le,0.033992571,,,,,,,,TRPHRNS001
NS,T_HDV_BS_DSL_PHEV,2040.0,T_D_pkm_hdv_bs,le,0.033992571,,,,,,,,TRPHRNS001
NS,T_HDV_BS_DSL_PHEV,2045.0,T_D_pkm_hdv_bs,le,0.033992571,,,,,,,,TRPHRNS001
NS,T_HDV_BT_FCEV,2025.0,T_D_pkm_hdv_bt,le,0.044597224,,,,,,,,TRPHRNS001
NS,T_HDV_BT_FCEV,2030.0,T_D_pkm_hdv_bt,le,0.044597224,,,,,,,,TRPHRNS001
NS,T_HDV_BT_FCEV,2035.0,T_D_pkm_hdv_bt,le,0.044597224,,,,,,,,TRPHRNS001
NS,T_HDV_BT_FCEV,2040.0,T_D_pkm_hdv_bt,le,0.044597224,,,,,,,,TRPHRNS001
NS,T_HDV_BT_FCEV,2045.0,T_D_pkm_hdv_bt,le,0.044597224,,,,,,,,TRPHRNS001
NS,T_HDV_BT_BEV,2025.0,T_D_pkm_hdv_bt,le,0.044597224,,,,,,,,TRPHRNS001
NS,T_HDV_BT_BEV,2030.0,T_D_pkm_hdv_bt,le,0.044597224,,,,,,,,TRPHRNS001
NS,T_HDV_BT_BEV,2035.0,T_D_pkm_hdv_bt,le,0.044597224,,,,,,,,TRPHRNS001
NS,T_HDV_BT_BEV,2040.0,T_D_pkm_hdv_bt,le,0.044597224,,,,,,,,TRPHRNS001
NS,T_HDV_BT_BEV,2045.0,T_D_pkm_hdv_bt,le,0.044597224,,,,,,,,TRPHRNS001
NS,T_HDV_BIC_GSL,2025.0,T_D_pkm_hdv_bic,ge,0.044619354,,,,,,,,TRPHRNS001
NS,T_HDV_BIC_GSL,2030.0,T_D_pkm_hdv_bic,ge,0.044619354,,,,,,,,TRPHRNS001
NS,T_HDV_BIC_GSL,2035.0,T_D_pkm_hdv_bic,ge,0.044619354,,,,,,,,TRPHRNS001
NS,T_HDV_BIC_GSL,2040.0,T_D_pkm_hdv_bic,ge,0.044619354,,,,,,,,TRPHRNS001
NS,T_HDV_BIC_GSL,2045.0,T_D_pkm_hdv_bic,ge,0.044619354,,,,,,,,TRPHRNS001
NS,T_HDV_BS_DSL,2025.0,T_D_pkm_hdv_bs,ge,0.032292942,,,,,,,,TRPHRNS001
NS,T_HDV_BS_DSL,2030.0,T_D_pkm_hdv_bs,ge,0.032292942,,,,,,,,TRPHRNS001
NS,T_HDV_BS_DSL,2035.0,T_D_pkm_hdv_bs,ge,0.032292942,,,,,,,,TRPHRNS001
NS,T_HDV_BS_DSL,2040.0,T_D_pkm_hdv_bs,ge,0.032292942,,,,,,,,TRPHRNS001
NS,T_HDV_BS_DSL,2045.0,T_D_pkm_hdv_bs,ge,0.032292942,,,,,,,,TRPHRNS001
NS,T_HDV_BT_DSL,2025.0,T_D_pkm_hdv_bt,le,0.044597224,,,,,,,,TRPHRNS001
NS,T_HDV_BT_DSL,2030.0,T_D_pkm_hdv_bt,le,0.044597224,,,,,,,,TRPHRNS001
NS,T_HDV_BT_DSL,2035.0,T_D_pkm_hdv_bt,le,0.044597224,,,,,,,,TRPHRNS001
NS,T_HDV_BT_DSL,2040.0,T_D_pkm_hdv_bt,le,0.044597224,,,,,,,,TRPHRNS001
NS,T_HDV_BT_DSL,2045.0,T_D_pkm_hdv_bt,le,0.044597224,,,,,,,,TRPHRNS001
NS,T_HDV_BIC_FCEV,2025.0,T_D_pkm_hdv_bic,le,0.046967741,,,,,,,,TRPHRNS001
NS,T_HDV_BIC_FCEV,2030.0,T_D_pkm_hdv_bic,le,0.046967741,,,,,,,,TRPHRNS001
NS,T_HDV_BIC_FCEV,2035.0,T_D_pkm_hdv_bic,le,0.046967741,,,,,,,,TRPHRNS001
NS,T_HDV_BIC_FCEV,2040.0,T_D_pkm_hdv_bic,le,0.046967741,,,,,,,,TRPHRNS001
NS,T_HDV_BIC_FCEV,2045.0,T_D_pkm_hdv_bic,le,0.046967741,,,,,,,,TRPHRNS001
NS,T_HDV_BT_FCHEV,2025.0,T_D_pkm_hdv_bt,le,0.044597224,,,,,,,,TRPHRNS001
NS,T_HDV_BT_FCHEV,2030.0,T_D_pkm_hdv_bt,le,0.044597224,,,,,,,,TRPHRNS001
NS,T_HDV_BT_FCHEV,2035.0,T_D_pkm_hdv_bt,le,0.044597224,,,,,,,,TRPHRNS001
NS,T_HDV_BT_FCHEV,2040.0,T_D_pkm_hdv_bt,le,0.044597224,,,,,,,,TRPHRNS001
NS,T_HDV_BT_FCHEV,2045.0,T_D_pkm_hdv_bt,le,0.044597224,,,,,,,,TRPHRNS001
NS,T_HDV_BIC_GSL,2025.0,T_D_pkm_hdv_bic,le,0.046967741,,,,,,,,TRPHRNS001
NS,T_HDV_BIC_GSL,2030.0,T_D_pkm_hdv_bic,le,0.046967741,,,,,,,,TRPHRNS001
NS,T_HDV_BIC_GSL,2035.0,T_D_pkm_hdv_bic,le,0.046967741,,,,,,,,TRPHRNS001
NS,T_HDV_BIC_GSL,2040.0,T_D_pkm_hdv_bic,le,0.046967741,,,,,,,,TRPHRNS001
NS,T_HDV_BIC_GSL,2045.0,T_D_pkm_hdv_bic,le,0.046967741,,,,,,,,TRPHRNS001
NS,T_HDV_BS_FCHEV,2025.0,T_D_pkm_hdv_bs,ge,0.032292942,,,,,,,,TRPHRNS001
NS,T_HDV_BS_FCHEV,2030.0,T_D_pkm_hdv_bs,ge,0.032292942,,,,,,,,TRPHRNS001
NS,T_HDV_BS_FCHEV,2035.0,T_D_pkm_hdv_bs,ge,0.032292942,,,,,,,,TRPHRNS001
NS,T_HDV_BS_FCHEV,2040.0,T_D_pkm_hdv_bs,ge,0.032292942,,,,,,,,TRPHRNS001
NS,T_HDV_BS_FCHEV,2045.0,T_D_pkm_hdv_bs,ge,0.032292942,,,,,,,,TRPHRNS001
NS,T_HDV_BT_DSL,2025.0,T_D_pkm_hdv_bt,ge,0.042367363,,,,,,,,TRPHRNS001
NS,T_HDV_BT_DSL,2030.0,T_D_pkm_hdv_bt,ge,0.042367363,,,,,,,,TRPHRNS001
NS,T_HDV_BT_DSL,2035.0,T_D_pkm_hdv_bt,ge,0.042367363,,,,,,,,TRPHRNS001
NS,T_HDV_BT_DSL,2040.0,T_D_pkm_hdv_bt,ge,0.042367363,,,,,,,,TRPHRNS001
NS,T_HDV_BT_DSL,2045.0,T_D_pkm_hdv_bt,ge,0.042367363,,,,,,,,TRPHRNS001
NS,T_HDV_BS_GSL,2025.0,T_D_pkm_hdv_bs,ge,0.032292942,,,,,,,,TRPHRNS001
NS,T_HDV_BS_GSL,2030.0,T_D_pkm_hdv_bs,ge,0.032292942,,,,,,,,TRPHRNS001
NS,T_HDV_BS_GSL,2035.0,T_D_pkm_hdv_bs,ge,0.032292942,,,,,,,,TRPHRNS001
NS,T_HDV_BS_GSL,2040.0,T_D_pkm_hdv_bs,ge,0.032292942,,,,,,,,TRPHRNS001
NS,T_HDV_BS_GSL,2045.0,T_D_pkm_hdv_bs,ge,0.032292942,,,,,,,,TRPHRNS001
NS,T_HDV_BT_BEV,2025.0,T_D_pkm_hdv_bt,ge,0.042367363,,,,,,,,TRPHRNS001
NS,T_HDV_BT_BEV,2030.0,T_D_pkm_hdv_bt,ge,0.042367363,,,,,,,,TRPHRNS001
NS,T_HDV_BT_BEV,2035.0,T_D_pkm_hdv_bt,ge,0.042367363,,,,,,,,TRPHRNS001
NS,T_HDV_BT_BEV,2040.0,T_D_pkm_hdv_bt,ge,0.042367363,,,,,,,,TRPHRNS001
NS,T_HDV_BT_BEV,2045.0,T_D_pkm_hdv_bt,ge,0.042367363,,,,,,,,TRPHRNS001
NS,T_HDV_BS_BEV,2025.0,T_D_pkm_hdv_bs,le,0.033992571,,,,,,,,TRPHRNS001
NS,T_HDV_BS_BEV,2030.0,T_D_pkm_hdv_bs,le,0.033992571,,,,,,,,TRPHRNS001
NS,T_HDV_BS_BEV,2035.0,T_D_pkm_hdv_bs,le,0.033992571,,,,,,,,TRPHRNS001
NS,T_HDV_BS_BEV,2040.0,T_D_pkm_hdv_bs,le,0.033992571,,,,,,,,TRPHRNS001
NS,T_HDV_BS_BEV,2045.0,T_D_pkm_hdv_bs,le,0.033992571,,,,,,,,TRPHRNS001
NS,T_HDV_BIC_DSL,2025.0,T_D_pkm_hdv_bic,le,0.046967741,,,,,,,,TRPHRNS001
NS,T_HDV_BIC_DSL,2030.0,T_D_pkm_hdv_bic,le,0.046967741,,,,,,,,TRPHRNS001
NS,T_HDV_BIC_DSL,2035.0,T_D_pkm_hdv_bic,le,0.046967741,,,,,,,,TRPHRNS001
NS,T_HDV_BIC_DSL,2040.0,T_D_pkm_hdv_bic,le,0.046967741,,,,,,,,TRPHRNS001
NS,T_HDV_BIC_DSL,2045.0,T_D_pkm_hdv_bic,le,0.046967741,,,,,,,,TRPHRNS001
NS,T_LDV_M_GSL,2025.0,T_D_pkm_ldv_m,ge,0.007952935,,,,,,,,TRPHRNS001
NS,T_LDV_M_GSL,2030.0,T_D_pkm_ldv_m,ge,0.007952935,,,,,,,,TRPHRNS001
NS,T_LDV_M_GSL,2035.0,T_D_pkm_ldv_m,ge,0.007952935,,,,,,,,TRPHRNS001
NS,T_LDV_M_GSL,2040.0,T_D_pkm_ldv_m,ge,0.007952935,,,,,,,,TRPHRNS001
NS,T_LDV_M_GSL,2045.0,T_D_pkm_ldv_m,ge,0.007952935,,,,,,,,TRPHRNS001
NS,T_HDV_BS_DSL,2025.0,T_D_pkm_hdv_bs,le,0.033992571,,,,,,,,TRPHRNS001
NS,T_HDV_BS_DSL,2030.0,T_D_pkm_hdv_bs,le,0.033992571,,,,,,,,TRPHRNS001
NS,T_HDV_BS_DSL,2035.0,T_D_pkm_hdv_bs,le,0.033992571,,,,,,,,TRPHRNS001
NS,T_HDV_BS_DSL,2040.0,T_D_pkm_hdv_bs,le,0.033992571,,,,,,,,TRPHRNS001
NS,T_HDV_BS_DSL,2045.0,T_D_pkm_hdv_bs,le,0.033992571,,,,,,,,TRPHRNS001
NS,T_HDV_BS_FCEV,2025.0,T_D_pkm_hdv_bs,le,0.033992571,,,,,,,,TRPHRNS001
NS,T_HDV_BS_FCEV,2030.0,T_D_pkm_hdv_bs,le,0.033992571,,,,,,,,TRPHRNS001
NS,T_HDV_BS_FCEV,2035.0,T_D_pkm_hdv_bs,le,0.033992571,,,,,,,,TRPHRNS001
NS,T_HDV_BS_FCEV,2040.0,T_D_pkm_hdv_bs,le,0.033992571,,,,,,,,TRPHRNS001
NS,T_HDV_BS_FCEV,2045.0,T_D_pkm_hdv_bs,le,0.033992571,,,,,,,,TRPHRNS001
NS,T_HDV_BIC_DSL_HEV,2025.0,T_D_pkm_hdv_bic,le,0.046967741,,,,,,,,TRPHRNS001
NS,T_HDV_BIC_DSL_HEV,2030.0,T_D_pkm_hdv_bic,le,0.046967741,,,,,,,,TRPHRNS001
NS,T_HDV_BIC_DSL_HEV,2035.0,T_D_pkm_hdv_bic,le,0.046967741,,,,,,,,TRPHRNS001
NS,T_HDV_BIC_DSL_HEV,2040.0,T_D_pkm_hdv_bic,le,0.046967741,,,,,,,,TRPHRNS001
NS,T_HDV_BIC_DSL_HEV,2045.0,T_D_pkm_hdv_bic,le,0.046967741,,,,,,,,TRPHRNS001
NS,T_HDV_BS_CNG,2025.0,T_D_pkm_hdv_bs,le,0.033992571,,,,,,,,TRPHRNS001
NS,T_HDV_BS_CNG,2030.0,T_D_pkm_hdv_bs,le,0.033992571,,,,,,,,TRPHRNS001
NS,T_HDV_BS_CNG,2035.0,T_D_pkm_hdv_bs,le,0.033992571,,,,,,,,TRPHRNS001
NS,T_HDV_BS_CNG,2040.0,T_D_pkm_hdv_bs,le,0.033992571,,,,,,,,TRPHRNS001
NS,T_HDV_BS_CNG,2045.0,T_D_pkm_hdv_bs,le,0.033992571,,,,,,,,TRPHRNS001
NS,T_HDV_BT_CNG,2025.0,T_D_pkm_hdv_bt,ge,0.042367363,,,,,,,,TRPHRNS001
NS,T_HDV_BT_CNG,2030.0,T_D_pkm_hdv_bt,ge,0.042367363,,,,,,,,TRPHRNS001
NS,T_HDV_BT_CNG,2035.0,T_D_pkm_hdv_bt,ge,0.042367363,,,,,,,,TRPHRNS001
NS,T_HDV_BT_CNG,2040.0,T_D_pkm_hdv_bt,ge,0.042367363,,,,,,,,TRPHRNS001
NS,T_HDV_BT_CNG,2045.0,T_D_pkm_hdv_bt,ge,0.042367363,,,,,,,,TRPHRNS001
NS,T_HDV_BS_FCHEV,2025.0,T_D_pkm_hdv_bs,le,0.033992571,,,,,,,,TRPHRNS001
NS,T_HDV_BS_FCHEV,2030.0,T_D_pkm_hdv_bs,le,0.033992571,,,,,,,,TRPHRNS001
NS,T_HDV_BS_FCHEV,2035.0,T_D_pkm_hdv_bs,le,0.033992571,,,,,,,,TRPHRNS001
NS,T_HDV_BS_FCHEV,2040.0,T_D_pkm_hdv_bs,le,0.033992571,,,,,,,,TRPHRNS001
NS,T_HDV_BS_FCHEV,2045.0,T_D_pkm_hdv_bs,le,0.033992571,,,,,,,,TRPHRNS001
NS,T_HDV_BT_GSL,2025.0,T_D_pkm_hdv_bt,ge,0.042367363,,,,,,,,TRPHRNS001
NS,T_HDV_BT_GSL,2030.0,T_D_pkm_hdv_bt,ge,0.042367363,,,,,,,,TRPHRNS001
NS,T_HDV_BT_GSL,2035.0,T_D_pkm_hdv_bt,ge,0.042367363,,,,,,,,TRPHRNS001
NS,T_HDV_BT_GSL,2040.0,T_D_pkm_hdv_bt,ge,0.042367363,,,,,,,,TRPHRNS001
NS,T_HDV_BT_GSL,2045.0,T_D_pkm_hdv_bt,ge,0.042367363,,,,,,,,TRPHRNS001
NS,T_HDV_BS_FCEV,2025.0,T_D_pkm_hdv_bs,ge,0.032292942,,,,,,,,TRPHRNS001
NS,T_HDV_BS_FCEV,2030.0,T_D_pkm_hdv_bs,ge,0.032292942,,,,,,,,TRPHRNS001
NS,T_HDV_BS_FCEV,2035.0,T_D_pkm_hdv_bs,ge,0.032292942,,,,,,,,TRPHRNS001
NS,T_HDV_BS_FCEV,2040.0,T_D_pkm_hdv_bs,ge,0.032292942,,,,,,,,TRPHRNS001
NS,T_HDV_BS_FCEV,2045.0,T_D_pkm_hdv_bs,ge,0.032292942,,,,,,,,TRPHRNS001
NS,T_HDV_BS_DSL_PHEV,2025.0,T_D_pkm_hdv_bs,ge,0.032292942,,,,,,,,TRPHRNS001
NS,T_HDV_BS_DSL_PHEV,2030.0,T_D_pkm_hdv_bs,ge,0.032292942,,,,,,,,TRPHRNS001
NS,T_HDV_BS_DSL_PHEV,2035.0,T_D_pkm_hdv_bs,ge,0.032292942,,,,,,,,TRPHRNS001
NS,T_HDV_BS_DSL_PHEV,2040.0,T_D_pkm_hdv_bs,ge,0.032292942,,,,,,,,TRPHRNS001
NS,T_HDV_BS_DSL_PHEV,2045.0,T_D_pkm_hdv_bs,ge,0.032292942,,,,,,,,TRPHRNS001
NS,T_HDV_BT_CNG,2025.0,T_D_pkm_hdv_bt,le,0.044597224,,,,,,,,TRPHRNS001
NS,T_HDV_BT_CNG,2030.0,T_D_pkm_hdv_bt,le,0.044597224,,,,,,,,TRPHRNS001
NS,T_HDV_BT_CNG,2035.0,T_D_pkm_hdv_bt,le,0.044597224,,,,,,,,TRPHRNS001
NS,T_HDV_BT_CNG,2040.0,T_D_pkm_hdv_bt,le,0.044597224,,,,,,,,TRPHRNS001
NS,T_HDV_BT_CNG,2045.0,T_D_pkm_hdv_bt,le,0.044597224,,,,,,,,TRPHRNS001
NS,T_HDV_BT_FCEV,2025.0,T_D_pkm_hdv_bt,ge,0.042367363,,,,,,,,TRPHRNS001
NS,T_HDV_BT_FCEV,2030.0,T_D_pkm_hdv_bt,ge,0.042367363,,,,,,,,TRPHRNS001
NS,T_HDV_BT_FCEV,2035.0,T_D_pkm_hdv_bt,ge,0.042367363,,,,,,,,TRPHRNS001
NS,T_HDV_BT_FCEV,2040.0,T_D_pkm_hdv_bt,ge,0.042367363,,,,,,,,TRPHRNS001
NS,T_HDV_BT_FCEV,2045.0,T_D_pkm_hdv_bt,ge,0.042367363,,,,,,,,TRPHRNS001
NS,T_HDV_BT_FCHEV,2025.0,T_D_pkm_hdv_bt,ge,0.042367363,,,,,,,,TRPHRNS001
NS,T_HDV_BT_FCHEV,2030.0,T_D_pkm_hdv_bt,ge,0.042367363,,,,,,,,TRPHRNS001
NS,T_HDV_BT_FCHEV,2035.0,T_D_pkm_hdv_bt,ge,0.042367363,,,,,,,,TRPHRNS001
NS,T_HDV_BT_FCHEV,2040.0,T_D_pkm_hdv_bt,ge,0.042367363,,,,,,,,TRPHRNS001
NS,T_HDV_BT_FCHEV,2045.0,T_D_pkm_hdv_bt,ge,0.042367363,,,,,,,,TRPHRNS001
NS,T_LDV_M_BEV,2025.0,T_D_pkm_ldv_m,ge,0.007952935,,,,,,,,TRPHRNS001
NS,T_LDV_M_BEV,2030.0,T_D_pkm_ldv_m,ge,0.007952935,,,,,,,,TRPHRNS001
NS,T_LDV_M_BEV,2035.0,T_D_pkm_ldv_m,ge,0.007952935,,,,,,,,TRPHRNS001
NS,T_LDV_M_BEV,2040.0,T_D_pkm_ldv_m,ge,0.007952935,,,,,,,,TRPHRNS001
NS,T_LDV_M_BEV,2045.0,T_D_pkm_ldv_m,ge,0.007952935,,,,,,,,TRPHRNS001
NS,T_HDV_BS_GSL,2025.0,T_D_pkm_hdv_bs,le,0.033992571,,,,,,,,TRPHRNS001
NS,T_HDV_BS_GSL,2030.0,T_D_pkm_hdv_bs,le,0.033992571,,,,,,,,TRPHRNS001
NS,T_HDV_BS_GSL,2035.0,T_D_pkm_hdv_bs,le,0.033992571,,,,,,,,TRPHRNS001
NS,T_HDV_BS_GSL,2040.0,T_D_pkm_hdv_bs,le,0.033992571,,,,,,,,TRPHRNS001
NS,T_HDV_BS_GSL,2045.0,T_D_pkm_hdv_bs,le,0.033992571,,,,,,,,TRPHRNS001
NS,T_HDV_BS_DSL_HEV,2025.0,T_D_pkm_hdv_bs,ge,0.032292942,,,,,,,,TRPHRNS001
NS,T_HDV_BS_DSL_HEV,2030.0,T_D_pkm_hdv_bs,ge,0.032292942,,,,,,,,TRPHRNS001
NS,T_HDV_BS_DSL_HEV,2035.0,T_D_pkm_hdv_bs,ge,0.032292942,,,,,,,,TRPHRNS001
NS,T_HDV_BS_DSL_HEV,2040.0,T_D_pkm_hdv_bs,ge,0.032292942,,,,,,,,TRPHRNS001
NS,T_HDV_BS_DSL_HEV,2045.0,T_D_pkm_hdv_bs,ge,0.032292942,,,,,,,,TRPHRNS001
NS,T_LDV_M_BEV,2025.0,T_D_pkm_ldv_m,le,0.008371511,,,,,,,,TRPHRNS001
NS,T_LDV_M_BEV,2030.0,T_D_pkm_ldv_m,le,0.008371511,,,,,,,,TRPHRNS001
NS,T_LDV_M_BEV,2035.0,T_D_pkm_ldv_m,le,0.008371511,,,,,,,,TRPHRNS001
NS,T_LDV_M_BEV,2040.0,T_D_pkm_ldv_m,le,0.008371511,,,,,,,,TRPHRNS001
NS,T_LDV_M_BEV,2045.0,T_D_pkm_ldv_m,le,0.008371511,,,,,,,,TRPHRNS001
NS,T_HDV_BT_DSL_PHEV,2025.0,T_D_pkm_hdv_bt,ge,0.042367363,,,,,,,,TRPHRNS001
NS,T_HDV_BT_DSL_PHEV,2030.0,T_D_pkm_hdv_bt,ge,0.042367363,,,,,,,,TRPHRNS001
NS,T_HDV_BT_DSL_PHEV,2035.0,T_D_pkm_hdv_bt,ge,0.042367363,,,,,,,,TRPHRNS001
NS,T_HDV_BT_DSL_PHEV,2040.0,T_D_pkm_hdv_bt,ge,0.042367363,,,,,,,,TRPHRNS001
NS,T_HDV_BT_DSL_PHEV,2045.0,T_D_pkm_hdv_bt,ge,0.042367363,,,,,,,,TRPHRNS001
NS,T_HDV_BT_DSL_HEV,2025.0,T_D_pkm_hdv_bt,le,0.044597224,,,,,,,,TRPHRNS001
NS,T_HDV_BT_DSL_HEV,2030.0,T_D_pkm_hdv_bt,le,0.044597224,,,,,,,,TRPHRNS001
NS,T_HDV_BT_DSL_HEV,2035.0,T_D_pkm_hdv_bt,le,0.044597224,,,,,,,,TRPHRNS001
NS,T_HDV_BT_DSL_HEV,2040.0,T_D_pkm_hdv_bt,le,0.044597224,,,,,,,,TRPHRNS001
NS,T_HDV_BT_DSL_HEV,2045.0,T_D_pkm_hdv_bt,le,0.044597224,,,,,,,,TRPHRNS001
NS,T_HDV_BS_BEV,2025.0,T_D_pkm_hdv_bs,ge,0.032292942,,,,,,,,TRPHRNS001
NS,T_HDV_BS_BEV,2030.0,T_D_pkm_hdv_bs,ge,0.032292942,,,,,,,,TRPHRNS001
NS,T_HDV_BS_BEV,2035.0,T_D_pkm_hdv_bs,ge,0.032292942,,,,,,,,TRPHRNS001
NS,T_HDV_BS_BEV,2040.0,T_D_pkm_hdv_bs,ge,0.032292942,,,,,,,,TRPHRNS001
NS,T_HDV_BS_BEV,2045.0,T_D_pkm_hdv_bs,ge,0.032292942,,,,,,,,TRPHRNS001
NS,T_HDV_BIC_DSL_HEV,2025.0,T_D_pkm_hdv_bic,ge,0.044619354,,,,,,,,TRPHRNS001
NS,T_HDV_BIC_DSL_HEV,2030.0,T_D_pkm_hdv_bic,ge,0.044619354,,,,,,,,TRPHRNS001
NS,T_HDV_BIC_DSL_HEV,2035.0,T_D_pkm_hdv_bic,ge,0.044619354,,,,,,,,TRPHRNS001
NS,T_HDV_BIC_DSL_HEV,2040.0,T_D_pkm_hdv_bic,ge,0.044619354,,,,,,,,TRPHRNS001
NS,T_HDV_BIC_DSL_HEV,2045.0,T_D_pkm_hdv_bic,ge,0.044619354,,,,,,,,TRPHRNS001
NS,T_I_H2_SMR_CCS,2025.0,T_h2,ge,0.9025,,,,,,,,TRPHRNS001
NS,T_I_H2_SMR_CCS,2030.0,T_h2,ge,0.9025,,,,,,,,TRPHRNS001
NS,T_I_H2_SMR_CCS,2035.0,T_h2,ge,0.9025,,,,,,,,TRPHRNS001
NS,T_I_H2_SMR_CCS,2040.0,T_h2,ge,0.9025,,,,,,,,TRPHRNS001
NS,T_I_H2_SMR_CCS,2045.0,T_h2,ge,0.9025,,,,,,,,TRPHRNS001
NS,T_HDV_BT_DSL_PHEV,2025.0,T_D_pkm_hdv_bt,le,0.044597224,,,,,,,,TRPHRNS001
NS,T_HDV_BT_DSL_PHEV,2030.0,T_D_pkm_hdv_bt,le,0.044597224,,,,,,,,TRPHRNS001
NS,T_HDV_BT_DSL_PHEV,2035.0,T_D_pkm_hdv_bt,le,0.044597224,,,,,,,,TRPHRNS001
NS,T_HDV_BT_DSL_PHEV,2040.0,T_D_pkm_hdv_bt,le,0.044597224,,,,,,,,TRPHRNS001
NS,T_HDV_BT_DSL_PHEV,2045.0,T_D_pkm_hdv_bt,le,0.044597224,,,,,,,,TRPHRNS001
NS,T_HDV_BT_GSL,2025.0,T_D_pkm_hdv_bt,le,0.044597224,,,,,,,,TRPHRNS001
NS,T_HDV_BT_GSL,2030.0,T_D_pkm_hdv_bt,le,0.044597224,,,,,,,,TRPHRNS001
NS,T_HDV_BT_GSL,2035.0,T_D_pkm_hdv_bt,le,0.044597224,,,,,,,,TRPHRNS001
NS,T_HDV_BT_GSL,2040.0,T_D_pkm_hdv_bt,le,0.044597224,,,,,,,,TRPHRNS001
NS,T_HDV_BT_GSL,2045.0,T_D_pkm_hdv_bt,le,0.044597224,,,,,,,,TRPHRNS001
NS,T_I_H2_SMR,2025.0,T_h2,le,0.95,,,,,,,,TRPHRNS001
NS,T_I_H2_SMR,2030.0,T_h2,le,0.95,,,,,,,,TRPHRNS001
NS,T_I_H2_SMR,2035.0,T_h2,le,0.95,,,,,,,,TRPHRNS001
NS,T_I_H2_SMR,2040.0,T_h2,le,0.95,,,,,,,,TRPHRNS001
NS,T_I_H2_SMR,2045.0,T_h2,le,0.95,,,,,,,,TRPHRNS001
NS,T_HDV_BIC_BEV,2025.0,T_D_pkm_hdv_bic,ge,0.044619354,,,,,,,,TRPHRNS001
NS,T_HDV_BIC_BEV,2030.0,T_D_pkm_hdv_bic,ge,0.044619354,,,,,,,,TRPHRNS001
NS,T_HDV_BIC_BEV,2035.0,T_D_pkm_hdv_bic,ge,0.044619354,,,,,,,,TRPHRNS001
NS,T_HDV_BIC_BEV,2040.0,T_D_pkm_hdv_bic,ge,0.044619354,,,,,,,,TRPHRNS001
NS,T_HDV_BIC_BEV,2045.0,T_D_pkm_hdv_bic,ge,0.044619354,,,,,,,,TRPHRNS001
NS,T_HDV_BIC_FCEV,2025.0,T_D_pkm_hdv_bic,ge,0.044619354,,,,,,,,TRPHRNS001
NS,T_HDV_BIC_FCEV,2030.0,T_D_pkm_hdv_bic,ge,0.044619354,,,,,,,,TRPHRNS001
NS,T_HDV_BIC_FCEV,2035.0,T_D_pkm_hdv_bic,ge,0.044619354,,,,,,,,TRPHRNS001
NS,T_HDV_BIC_FCEV,2040.0,T_D_pkm_hdv_bic,ge,0.044619354,,,,,,,,TRPHRNS001
NS,T_HDV_BIC_FCEV,2045.0,T_D_pkm_hdv_bic,ge,0.044619354,,,,,,,,TRPHRNS001
NS,T_LDV_BEV_CHRG,2025.0,T_elc_ldv_bev_chrg,ge,0.4352528997003083,,,,,,,,TRPHRNS001
NS,T_LDV_BEV_CHRG,2030.0,T_elc_ldv_bev_chrg,ge,0.4352528997003083,,,,,,,,TRPHRNS001
NS,T_LDV_BEV_CHRG,2035.0,T_elc_ldv_bev_chrg,ge,0.4352528997003083,,,,,,,,TRPHRNS001
NS,T_LDV_BEV_CHRG,2040.0,T_elc_ldv_bev_chrg,ge,0.4352528997003083,,,,,,,,TRPHRNS001
NS,T_LDV_BEV_CHRG,2045.0,T_elc_ldv_bev_chrg,ge,0.4352528997003083,,,,,,,,TRPHRNS001
ON,T_HDV_BS_CNG,2025.0,T_D_pkm_hdv_bs,ge,0.032292942,,,,,,,,TRPHRON001
ON,T_HDV_BS_CNG,2030.0,T_D_pkm_hdv_bs,ge,0.032292942,,,,,,,,TRPHRON001
ON,T_HDV_BS_CNG,2035.0,T_D_pkm_hdv_bs,ge,0.032292942,,,,,,,,TRPHRON001
ON,T_HDV_BS_CNG,2040.0,T_D_pkm_hdv_bs,ge,0.032292942,,,,,,,,TRPHRON001
ON,T_HDV_BS_CNG,2045.0,T_D_pkm_hdv_bs,ge,0.032292942,,,,,,,,TRPHRON001
ON,T_HDV_BIC_GSL,2025.0,T_D_pkm_hdv_bic,le,0.046967741,,,,,,,,TRPHRON001
ON,T_HDV_BIC_GSL,2030.0,T_D_pkm_hdv_bic,le,0.046967741,,,,,,,,TRPHRON001
ON,T_HDV_BIC_GSL,2035.0,T_D_pkm_hdv_bic,le,0.046967741,,,,,,,,TRPHRON001
ON,T_HDV_BIC_GSL,2040.0,T_D_pkm_hdv_bic,le,0.046967741,,,,,,,,TRPHRON001
ON,T_HDV_BIC_GSL,2045.0,T_D_pkm_hdv_bic,le,0.046967741,,,,,,,,TRPHRON001
ON,T_HDV_BT_DSL,2025.0,T_D_pkm_hdv_bt,ge,0.042367363,,,,,,,,TRPHRON001
ON,T_HDV_BT_DSL,2030.0,T_D_pkm_hdv_bt,ge,0.042367363,,,,,,,,TRPHRON001
ON,T_HDV_BT_DSL,2035.0,T_D_pkm_hdv_bt,ge,0.042367363,,,,,,,,TRPHRON001
ON,T_HDV_BT_DSL,2040.0,T_D_pkm_hdv_bt,ge,0.042367363,,,,,,,,TRPHRON001
ON,T_HDV_BT_DSL,2045.0,T_D_pkm_hdv_bt,ge,0.042367363,,,,,,,,TRPHRON001
ON,T_HDV_BT_CNG,2025.0,T_D_pkm_hdv_bt,le,0.044597224,,,,,,,,TRPHRON001
ON,T_HDV_BT_CNG,2030.0,T_D_pkm_hdv_bt,le,0.044597224,,,,,,,,TRPHRON001
ON,T_HDV_BT_CNG,2035.0,T_D_pkm_hdv_bt,le,0.044597224,,,,,,,,TRPHRON001
ON,T_HDV_BT_CNG,2040.0,T_D_pkm_hdv_bt,le,0.044597224,,,,,,,,TRPHRON001
ON,T_HDV_BT_CNG,2045.0,T_D_pkm_hdv_bt,le,0.044597224,,,,,,,,TRPHRON001
ON,T_HDV_BS_DSL,2025.0,T_D_pkm_hdv_bs,ge,0.032292942,,,,,,,,TRPHRON001
ON,T_HDV_BS_DSL,2030.0,T_D_pkm_hdv_bs,ge,0.032292942,,,,,,,,TRPHRON001
ON,T_HDV_BS_DSL,2035.0,T_D_pkm_hdv_bs,ge,0.032292942,,,,,,,,TRPHRON001
ON,T_HDV_BS_DSL,2040.0,T_D_pkm_hdv_bs,ge,0.032292942,,,,,,,,TRPHRON001
ON,T_HDV_BS_DSL,2045.0,T_D_pkm_hdv_bs,ge,0.032292942,,,,,,,,TRPHRON001
ON,T_HDV_BT_DSL,2025.0,T_D_pkm_hdv_bt,le,0.044597224,,,,,,,,TRPHRON001
ON,T_HDV_BT_DSL,2030.0,T_D_pkm_hdv_bt,le,0.044597224,,,,,,,,TRPHRON001
ON,T_HDV_BT_DSL,2035.0,T_D_pkm_hdv_bt,le,0.044597224,,,,,,,,TRPHRON001
ON,T_HDV_BT_DSL,2040.0,T_D_pkm_hdv_bt,le,0.044597224,,,,,,,,TRPHRON001
ON,T_HDV_BT_DSL,2045.0,T_D_pkm_hdv_bt,le,0.044597224,,,,,,,,TRPHRON001
ON,T_HDV_BT_DSL_PHEV,2025.0,T_D_pkm_hdv_bt,le,0.044597224,,,,,,,,TRPHRON001
ON,T_HDV_BT_DSL_PHEV,2030.0,T_D_pkm_hdv_bt,le,0.044597224,,,,,,,,TRPHRON001
ON,T_HDV_BT_DSL_PHEV,2035.0,T_D_pkm_hdv_bt,le,0.044597224,,,,,,,,TRPHRON001
ON,T_HDV_BT_DSL_PHEV,2040.0,T_D_pkm_hdv_bt,le,0.044597224,,,,,,,,TRPHRON001
ON,T_HDV_BT_DSL_PHEV,2045.0,T_D_pkm_hdv_bt,le,0.044597224,,,,,,,,TRPHRON001
ON,T_LDV_M_GSL,2025.0,T_D_pkm_ldv_m,le,0.008371511,,,,,,,,TRPHRON001
ON,T_LDV_M_GSL,2030.0,T_D_pkm_ldv_m,le,0.008371511,,,,,,,,TRPHRON001
ON,T_LDV_M_GSL,2035.0,T_D_pkm_ldv_m,le,0.008371511,,,,,,,,TRPHRON001
ON,T_LDV_M_GSL,2040.0,T_D_pkm_ldv_m,le,0.008371511,,,,,,,,TRPHRON001
ON,T_LDV_M_GSL,2045.0,T_D_pkm_ldv_m,le,0.008371511,,,,,,,,TRPHRON001
ON,T_HDV_BT_DSL_HEV,2025.0,T_D_pkm_hdv_bt,ge,0.042367363,,,,,,,,TRPHRON001
ON,T_HDV_BT_DSL_HEV,2030.0,T_D_pkm_hdv_bt,ge,0.042367363,,,,,,,,TRPHRON001
ON,T_HDV_BT_DSL_HEV,2035.0,T_D_pkm_hdv_bt,ge,0.042367363,,,,,,,,TRPHRON001
ON,T_HDV_BT_DSL_HEV,2040.0,T_D_pkm_hdv_bt,ge,0.042367363,,,,,,,,TRPHRON001
ON,T_HDV_BT_DSL_HEV,2045.0,T_D_pkm_hdv_bt,ge,0.042367363,,,,,,,,TRPHRON001
ON,T_HDV_BS_DSL_PHEV,2025.0,T_D_pkm_hdv_bs,ge,0.032292942,,,,,,,,TRPHRON001
ON,T_HDV_BS_DSL_PHEV,2030.0,T_D_pkm_hdv_bs,ge,0.032292942,,,,,,,,TRPHRON001
ON,T_HDV_BS_DSL_PHEV,2035.0,T_D_pkm_hdv_bs,ge,0.032292942,,,,,,,,TRPHRON001
ON,T_HDV_BS_DSL_PHEV,2040.0,T_D_pkm_hdv_bs,ge,0.032292942,,,,,,,,TRPHRON001
ON,T_HDV_BS_DSL_PHEV,2045.0,T_D_pkm_hdv_bs,ge,0.032292942,,,,,,,,TRPHRON001
ON,T_HDV_BIC_BEV,2025.0,T_D_pkm_hdv_bic,le,0.046967741,,,,,,,,TRPHRON001
ON,T_HDV_BIC_BEV,2030.0,T_D_pkm_hdv_bic,le,0.046967741,,,,,,,,TRPHRON001
ON,T_HDV_BIC_BEV,2035.0,T_D_pkm_hdv_bic,le,0.046967741,,,,,,,,TRPHRON001
ON,T_HDV_BIC_BEV,2040.0,T_D_pkm_hdv_bic,le,0.046967741,,,,,,,,TRPHRON001
ON,T_HDV_BIC_BEV,2045.0,T_D_pkm_hdv_bic,le,0.046967741,,,,,,,,TRPHRON001
ON,T_HDV_BS_GSL,2025.0,T_D_pkm_hdv_bs,ge,0.032292942,,,,,,,,TRPHRON001
ON,T_HDV_BS_GSL,2030.0,T_D_pkm_hdv_bs,ge,0.032292942,,,,,,,,TRPHRON001
ON,T_HDV_BS_GSL,2035.0,T_D_pkm_hdv_bs,ge,0.032292942,,,,,,,,TRPHRON001
ON,T_HDV_BS_GSL,2040.0,T_D_pkm_hdv_bs,ge,0.032292942,,,,,,,,TRPHRON001
ON,T_HDV_BS_GSL,2045.0,T_D_pkm_hdv_bs,ge,0.032292942,,,,,,,,TRPHRON001
ON,T_HDV_BT_DSL_PHEV,2025.0,T_D_pkm_hdv_bt,ge,0.042367363,,,,,,,,TRPHRON001
ON,T_HDV_BT_DSL_PHEV,2030.0,T_D_pkm_hdv_bt,ge,0.042367363,,,,,,,,TRPHRON001
ON,T_HDV_BT_DSL_PHEV,2035.0,T_D_pkm_hdv_bt,ge,0.042367363,,,,,,,,TRPHRON001
ON,T_HDV_BT_DSL_PHEV,2040.0,T_D_pkm_hdv_bt,ge,0.042367363,,,,,,,,TRPHRON001
ON,T_HDV_BT_DSL_PHEV,2045.0,T_D_pkm_hdv_bt,ge,0.042367363,,,,,,,,TRPHRON001
ON,T_LDV_M_BEV,2025.0,T_D_pkm_ldv_m,le,0.008371511,,,,,,,,TRPHRON001
ON,T_LDV_M_BEV,2030.0,T_D_pkm_ldv_m,le,0.008371511,,,,,,,,TRPHRON001
ON,T_LDV_M_BEV,2035.0,T_D_pkm_ldv_m,le,0.008371511,,,,,,,,TRPHRON001
ON,T_LDV_M_BEV,2040.0,T_D_pkm_ldv_m,le,0.008371511,,,,,,,,TRPHRON001
ON,T_LDV_M_BEV,2045.0,T_D_pkm_ldv_m,le,0.008371511,,,,,,,,TRPHRON001
ON,T_HDV_BIC_BEV,2025.0,T_D_pkm_hdv_bic,ge,0.044619354,,,,,,,,TRPHRON001
ON,T_HDV_BIC_BEV,2030.0,T_D_pkm_hdv_bic,ge,0.044619354,,,,,,,,TRPHRON001
ON,T_HDV_BIC_BEV,2035.0,T_D_pkm_hdv_bic,ge,0.044619354,,,,,,,,TRPHRON001
ON,T_HDV_BIC_BEV,2040.0,T_D_pkm_hdv_bic,ge,0.044619354,,,,,,,,TRPHRON001
ON,T_HDV_BIC_BEV,2045.0,T_D_pkm_hdv_bic,ge,0.044619354,,,,,,,,TRPHRON001
ON,T_HDV_BT_FCHEV,2025.0,T_D_pkm_hdv_bt,ge,0.042367363,,,,,,,,TRPHRON001
ON,T_HDV_BT_FCHEV,2030.0,T_D_pkm_hdv_bt,ge,0.042367363,,,,,,,,TRPHRON001
ON,T_HDV_BT_FCHEV,2035.0,T_D_pkm_hdv_bt,ge,0.042367363,,,,,,,,TRPHRON001
ON,T_HDV_BT_FCHEV,2040.0,T_D_pkm_hdv_bt,ge,0.042367363,,,,,,,,TRPHRON001
ON,T_HDV_BT_FCHEV,2045.0,T_D_pkm_hdv_bt,ge,0.042367363,,,,,,,,TRPHRON001
ON,T_HDV_BIC_DSL_HEV,2025.0,T_D_pkm_hdv_bic,le,0.046967741,,,,,,,,TRPHRON001
ON,T_HDV_BIC_DSL_HEV,2030.0,T_D_pkm_hdv_bic,le,0.046967741,,,,,,,,TRPHRON001
ON,T_HDV_BIC_DSL_HEV,2035.0,T_D_pkm_hdv_bic,le,0.046967741,,,,,,,,TRPHRON001
ON,T_HDV_BIC_DSL_HEV,2040.0,T_D_pkm_hdv_bic,le,0.046967741,,,,,,,,TRPHRON001
ON,T_HDV_BIC_DSL_HEV,2045.0,T_D_pkm_hdv_bic,le,0.046967741,,,,,,,,TRPHRON001
ON,T_HDV_BT_GSL,2025.0,T_D_pkm_hdv_bt,ge,0.042367363,,,,,,,,TRPHRON001
ON,T_HDV_BT_GSL,2030.0,T_D_pkm_hdv_bt,ge,0.042367363,,,,,,,,TRPHRON001
ON,T_HDV_BT_GSL,2035.0,T_D_pkm_hdv_bt,ge,0.042367363,,,,,,,,TRPHRON001
ON,T_HDV_BT_GSL,2040.0,T_D_pkm_hdv_bt,ge,0.042367363,,,,,,,,TRPHRON001
ON,T_HDV_BT_GSL,2045.0,T_D_pkm_hdv_bt,ge,0.042367363,,,,,,,,TRPHRON001
ON,T_I_H2_SMR_CCS,2025.0,T_h2,ge,0.9025,,,,,,,,TRPHRON001
ON,T_I_H2_SMR_CCS,2030.0,T_h2,ge,0.9025,,,,,,,,TRPHRON001
ON,T_I_H2_SMR_CCS,2035.0,T_h2,ge,0.9025,,,,,,,,TRPHRON001
ON,T_I_H2_SMR_CCS,2040.0,T_h2,ge,0.9025,,,,,,,,TRPHRON001
ON,T_I_H2_SMR_CCS,2045.0,T_h2,ge,0.9025,,,,,,,,TRPHRON001
ON,T_HDV_BT_CNG,2025.0,T_D_pkm_hdv_bt,ge,0.042367363,,,,,,,,TRPHRON001
ON,T_HDV_BT_CNG,2030.0,T_D_pkm_hdv_bt,ge,0.042367363,,,,,,,,TRPHRON001
ON,T_HDV_BT_CNG,2035.0,T_D_pkm_hdv_bt,ge,0.042367363,,,,,,,,TRPHRON001
ON,T_HDV_BT_CNG,2040.0,T_D_pkm_hdv_bt,ge,0.042367363,,,,,,,,TRPHRON001
ON,T_HDV_BT_CNG,2045.0,T_D_pkm_hdv_bt,ge,0.042367363,,,,,,,,TRPHRON001
ON,T_HDV_BT_FCEV,2025.0,T_D_pkm_hdv_bt,le,0.044597224,,,,,,,,TRPHRON001
ON,T_HDV_BT_FCEV,2030.0,T_D_pkm_hdv_bt,le,0.044597224,,,,,,,,TRPHRON001
ON,T_HDV_BT_FCEV,2035.0,T_D_pkm_hdv_bt,le,0.044597224,,,,,,,,TRPHRON001
ON,T_HDV_BT_FCEV,2040.0,T_D_pkm_hdv_bt,le,0.044597224,,,,,,,,TRPHRON001
ON,T_HDV_BT_FCEV,2045.0,T_D_pkm_hdv_bt,le,0.044597224,,,,,,,,TRPHRON001
ON,T_HDV_BS_FCHEV,2025.0,T_D_pkm_hdv_bs,le,0.033992571,,,,,,,,TRPHRON001
ON,T_HDV_BS_FCHEV,2030.0,T_D_pkm_hdv_bs,le,0.033992571,,,,,,,,TRPHRON001
ON,T_HDV_BS_FCHEV,2035.0,T_D_pkm_hdv_bs,le,0.033992571,,,,,,,,TRPHRON001
ON,T_HDV_BS_FCHEV,2040.0,T_D_pkm_hdv_bs,le,0.033992571,,,,,,,,TRPHRON001
ON,T_HDV_BS_FCHEV,2045.0,T_D_pkm_hdv_bs,le,0.033992571,,,,,,,,TRPHRON001
ON,T_HDV_BS_DSL,2025.0,T_D_pkm_hdv_bs,le,0.033992571,,,,,,,,TRPHRON001
ON,T_HDV_BS_DSL,2030.0,T_D_pkm_hdv_bs,le,0.033992571,,,,,,,,TRPHRON001
ON,T_HDV_BS_DSL,2035.0,T_D_pkm_hdv_bs,le,0.033992571,,,,,,,,TRPHRON001
ON,T_HDV_BS_DSL,2040.0,T_D_pkm_hdv_bs,le,0.033992571,,,,,,,,TRPHRON001
ON,T_HDV_BS_DSL,2045.0,T_D_pkm_hdv_bs,le,0.033992571,,,,,,,,TRPHRON001
ON,T_HDV_BS_FCEV,2025.0,T_D_pkm_hdv_bs,ge,0.032292942,,,,,,,,TRPHRON001
ON,T_HDV_BS_FCEV,2030.0,T_D_pkm_hdv_bs,ge,0.032292942,,,,,,,,TRPHRON001
ON,T_HDV_BS_FCEV,2035.0,T_D_pkm_hdv_bs,ge,0.032292942,,,,,,,,TRPHRON001
ON,T_HDV_BS_FCEV,2040.0,T_D_pkm_hdv_bs,ge,0.032292942,,,,,,,,TRPHRON001
ON,T_HDV_BS_FCEV,2045.0,T_D_pkm_hdv_bs,ge,0.032292942,,,,,,,,TRPHRON001
ON,T_HDV_BS_GSL,2025.0,T_D_pkm_hdv_bs,le,0.033992571,,,,,,,,TRPHRON001
ON,T_HDV_BS_GSL,2030.0,T_D_pkm_hdv_bs,le,0.033992571,,,,,,,,TRPHRON001
ON,T_HDV_BS_GSL,2035.0,T_D_pkm_hdv_bs,le,0.033992571,,,,,,,,TRPHRON001
ON,T_HDV_BS_GSL,2040.0,T_D_pkm_hdv_bs,le,0.033992571,,,,,,,,TRPHRON001
ON,T_HDV_BS_GSL,2045.0,T_D_pkm_hdv_bs,le,0.033992571,,,,,,,,TRPHRON001
ON,T_HDV_BS_CNG,2025.0,T_D_pkm_hdv_bs,le,0.033992571,,,,,,,,TRPHRON001
ON,T_HDV_BS_CNG,2030.0,T_D_pkm_hdv_bs,le,0.033992571,,,,,,,,TRPHRON001
ON,T_HDV_BS_CNG,2035.0,T_D_pkm_hdv_bs,le,0.033992571,,,,,,,,TRPHRON001
ON,T_HDV_BS_CNG,2040.0,T_D_pkm_hdv_bs,le,0.033992571,,,,,,,,TRPHRON001
ON,T_HDV_BS_CNG,2045.0,T_D_pkm_hdv_bs,le,0.033992571,,,,,,,,TRPHRON001
ON,T_HDV_BIC_DSL_HEV,2025.0,T_D_pkm_hdv_bic,ge,0.044619354,,,,,,,,TRPHRON001
ON,T_HDV_BIC_DSL_HEV,2030.0,T_D_pkm_hdv_bic,ge,0.044619354,,,,,,,,TRPHRON001
ON,T_HDV_BIC_DSL_HEV,2035.0,T_D_pkm_hdv_bic,ge,0.044619354,,,,,,,,TRPHRON001
ON,T_HDV_BIC_DSL_HEV,2040.0,T_D_pkm_hdv_bic,ge,0.044619354,,,,,,,,TRPHRON001
ON,T_HDV_BIC_DSL_HEV,2045.0,T_D_pkm_hdv_bic,ge,0.044619354,,,,,,,,TRPHRON001
ON,T_HDV_BS_FCEV,2025.0,T_D_pkm_hdv_bs,le,0.033992571,,,,,,,,TRPHRON001
ON,T_HDV_BS_FCEV,2030.0,T_D_pkm_hdv_bs,le,0.033992571,,,,,,,,TRPHRON001
ON,T_HDV_BS_FCEV,2035.0,T_D_pkm_hdv_bs,le,0.033992571,,,,,,,,TRPHRON001
ON,T_HDV_BS_FCEV,2040.0,T_D_pkm_hdv_bs,le,0.033992571,,,,,,,,TRPHRON001
ON,T_HDV_BS_FCEV,2045.0,T_D_pkm_hdv_bs,le,0.033992571,,,,,,,,TRPHRON001
ON,T_HDV_BIC_FCEV,2025.0,T_D_pkm_hdv_bic,ge,0.044619354,,,,,,,,TRPHRON001
ON,T_HDV_BIC_FCEV,2030.0,T_D_pkm_hdv_bic,ge,0.044619354,,,,,,,,TRPHRON001
ON,T_HDV_BIC_FCEV,2035.0,T_D_pkm_hdv_bic,ge,0.044619354,,,,,,,,TRPHRON001
ON,T_HDV_BIC_FCEV,2040.0,T_D_pkm_hdv_bic,ge,0.044619354,,,,,,,,TRPHRON001
ON,T_HDV_BIC_FCEV,2045.0,T_D_pkm_hdv_bic,ge,0.044619354,,,,,,,,TRPHRON001
ON,T_HDV_BT_FCEV,2025.0,T_D_pkm_hdv_bt,ge,0.042367363,,,,,,,,TRPHRON001
ON,T_HDV_BT_FCEV,2030.0,T_D_pkm_hdv_bt,ge,0.042367363,,,,,,,,TRPHRON001
ON,T_HDV_BT_FCEV,2035.0,T_D_pkm_hdv_bt,ge,0.042367363,,,,,,,,TRPHRON001
ON,T_HDV_BT_FCEV,2040.0,T_D_pkm_hdv_bt,ge,0.042367363,,,,,,,,TRPHRON001
ON,T_HDV_BT_FCEV,2045.0,T_D_pkm_hdv_bt,ge,0.042367363,,,,,,,,TRPHRON001
ON,T_HDV_BIC_FCEV,2025.0,T_D_pkm_hdv_bic,le,0.046967741,,,,,,,,TRPHRON001
ON,T_HDV_BIC_FCEV,2030.0,T_D_pkm_hdv_bic,le,0.046967741,,,,,,,,TRPHRON001
ON,T_HDV_BIC_FCEV,2035.0,T_D_pkm_hdv_bic,le,0.046967741,,,,,,,,TRPHRON001
ON,T_HDV_BIC_FCEV,2040.0,T_D_pkm_hdv_bic,le,0.046967741,,,,,,,,TRPHRON001
ON,T_HDV_BIC_FCEV,2045.0,T_D_pkm_hdv_bic,le,0.046967741,,,,,,,,TRPHRON001
ON,T_LDV_M_GSL,2025.0,T_D_pkm_ldv_m,ge,0.007952935,,,,,,,,TRPHRON001
ON,T_LDV_M_GSL,2030.0,T_D_pkm_ldv_m,ge,0.007952935,,,,,,,,TRPHRON001
ON,T_LDV_M_GSL,2035.0,T_D_pkm_ldv_m,ge,0.007952935,,,,,,,,TRPHRON001
ON,T_LDV_M_GSL,2040.0,T_D_pkm_ldv_m,ge,0.007952935,,,,,,,,TRPHRON001
ON,T_LDV_M_GSL,2045.0,T_D_pkm_ldv_m,ge,0.007952935,,,,,,,,TRPHRON001
ON,T_HDV_BT_BEV,2025.0,T_D_pkm_hdv_bt,le,0.044597224,,,,,,,,TRPHRON001
ON,T_HDV_BT_BEV,2030.0,T_D_pkm_hdv_bt,le,0.044597224,,,,,,,,TRPHRON001
ON,T_HDV_BT_BEV,2035.0,T_D_pkm_hdv_bt,le,0.044597224,,,,,,,,TRPHRON001
ON,T_HDV_BT_BEV,2040.0,T_D_pkm_hdv_bt,le,0.044597224,,,,,,,,TRPHRON001
ON,T_HDV_BT_BEV,2045.0,T_D_pkm_hdv_bt,le,0.044597224,,,,,,,,TRPHRON001
ON,T_HDV_BS_DSL_PHEV,2025.0,T_D_pkm_hdv_bs,le,0.033992571,,,,,,,,TRPHRON001
ON,T_HDV_BS_DSL_PHEV,2030.0,T_D_pkm_hdv_bs,le,0.033992571,,,,,,,,TRPHRON001
ON,T_HDV_BS_DSL_PHEV,2035.0,T_D_pkm_hdv_bs,le,0.033992571,,,,,,,,TRPHRON001
ON,T_HDV_BS_DSL_PHEV,2040.0,T_D_pkm_hdv_bs,le,0.033992571,,,,,,,,TRPHRON001
ON,T_HDV_BS_DSL_PHEV,2045.0,T_D_pkm_hdv_bs,le,0.033992571,,,,,,,,TRPHRON001
ON,T_HDV_BIC_GSL,2025.0,T_D_pkm_hdv_bic,ge,0.044619354,,,,,,,,TRPHRON001
ON,T_HDV_BIC_GSL,2030.0,T_D_pkm_hdv_bic,ge,0.044619354,,,,,,,,TRPHRON001
ON,T_HDV_BIC_GSL,2035.0,T_D_pkm_hdv_bic,ge,0.044619354,,,,,,,,TRPHRON001
ON,T_HDV_BIC_GSL,2040.0,T_D_pkm_hdv_bic,ge,0.044619354,,,,,,,,TRPHRON001
ON,T_HDV_BIC_GSL,2045.0,T_D_pkm_hdv_bic,ge,0.044619354,,,,,,,,TRPHRON001
ON,T_HDV_BS_DSL_HEV,2025.0,T_D_pkm_hdv_bs,ge,0.032292942,,,,,,,,TRPHRON001
ON,T_HDV_BS_DSL_HEV,2030.0,T_D_pkm_hdv_bs,ge,0.032292942,,,,,,,,TRPHRON001
ON,T_HDV_BS_DSL_HEV,2035.0,T_D_pkm_hdv_bs,ge,0.032292942,,,,,,,,TRPHRON001
ON,T_HDV_BS_DSL_HEV,2040.0,T_D_pkm_hdv_bs,ge,0.032292942,,,,,,,,TRPHRON001
ON,T_HDV_BS_DSL_HEV,2045.0,T_D_pkm_hdv_bs,ge,0.032292942,,,,,,,,TRPHRON001
ON,T_HDV_BT_BEV,2025.0,T_D_pkm_hdv_bt,ge,0.042367363,,,,,,,,TRPHRON001
ON,T_HDV_BT_BEV,2030.0,T_D_pkm_hdv_bt,ge,0.042367363,,,,,,,,TRPHRON001
ON,T_HDV_BT_BEV,2035.0,T_D_pkm_hdv_bt,ge,0.042367363,,,,,,,,TRPHRON001
ON,T_HDV_BT_BEV,2040.0,T_D_pkm_hdv_bt,ge,0.042367363,,,,,,,,TRPHRON001
ON,T_HDV_BT_BEV,2045.0,T_D_pkm_hdv_bt,ge,0.042367363,,,,,,,,TRPHRON001
ON,T_I_H2_SMR_CCS,2025.0,T_h2,le,0.95,,,,,,,,TRPHRON001
ON,T_I_H2_SMR_CCS,2030.0,T_h2,le,0.95,,,,,,,,TRPHRON001
ON,T_I_H2_SMR_CCS,2035.0,T_h2,le,0.95,,,,,,,,TRPHRON001
ON,T_I_H2_SMR_CCS,2040.0,T_h2,le,0.95,,,,,,,,TRPHRON001
ON,T_I_H2_SMR_CCS,2045.0,T_h2,le,0.95,,,,,,,,TRPHRON001
ON,T_I_H2_SMR,2025.0,T_h2,ge,0.9025,,,,,,,,TRPHRON001
ON,T_I_H2_SMR,2030.0,T_h2,ge,0.9025,,,,,,,,TRPHRON001
ON,T_I_H2_SMR,2035.0,T_h2,ge,0.9025,,,,,,,,TRPHRON001
ON,T_I_H2_SMR,2040.0,T_h2,ge,0.9025,,,,,,,,TRPHRON001
ON,T_I_H2_SMR,2045.0,T_h2,ge,0.9025,,,,,,,,TRPHRON001
ON,T_LDV_M_BEV,2025.0,T_D_pkm_ldv_m,ge,0.007952935,,,,,,,,TRPHRON001
ON,T_LDV_M_BEV,2030.0,T_D_pkm_ldv_m,ge,0.007952935,,,,,,,,TRPHRON001
ON,T_LDV_M_BEV,2035.0,T_D_pkm_ldv_m,ge,0.007952935,,,,,,,,TRPHRON001
ON,T_LDV_M_BEV,2040.0,T_D_pkm_ldv_m,ge,0.007952935,,,,,,,,TRPHRON001
ON,T_LDV_M_BEV,2045.0,T_D_pkm_ldv_m,ge,0.007952935,,,,,,,,TRPHRON001
ON,T_HDV_BS_DSL_HEV,2025.0,T_D_pkm_hdv_bs,le,0.033992571,,,,,,,,TRPHRON001
ON,T_HDV_BS_DSL_HEV,2030.0,T_D_pkm_hdv_bs,le,0.033992571,,,,,,,,TRPHRON001
ON,T_HDV_BS_DSL_HEV,2035.0,T_D_pkm_hdv_bs,le,0.033992571,,,,,,,,TRPHRON001
ON,T_HDV_BS_DSL_HEV,2040.0,T_D_pkm_hdv_bs,le,0.033992571,,,,,,,,TRPHRON001
ON,T_HDV_BS_DSL_HEV,2045.0,T_D_pkm_hdv_bs,le,0.033992571,,,,,,,,TRPHRON001
ON,T_HDV_BT_GSL,2025.0,T_D_pkm_hdv_bt,le,0.044597224,,,,,,,,TRPHRON001
ON,T_HDV_BT_GSL,2030.0,T_D_pkm_hdv_bt,le,0.044597224,,,,,,,,TRPHRON001
ON,T_HDV_BT_GSL,2035.0,T_D_pkm_hdv_bt,le,0.044597224,,,,,,,,TRPHRON001
ON,T_HDV_BT_GSL,2040.0,T_D_pkm_hdv_bt,le,0.044597224,,,,,,,,TRPHRON001
ON,T_HDV_BT_GSL,2045.0,T_D_pkm_hdv_bt,le,0.044597224,,,,,,,,TRPHRON001
ON,T_I_H2_SMR,2025.0,T_h2,le,0.95,,,,,,,,TRPHRON001
ON,T_I_H2_SMR,2030.0,T_h2,le,0.95,,,,,,,,TRPHRON001
ON,T_I_H2_SMR,2035.0,T_h2,le,0.95,,,,,,,,TRPHRON001
ON,T_I_H2_SMR,2040.0,T_h2,le,0.95,,,,,,,,TRPHRON001
ON,T_I_H2_SMR,2045.0,T_h2,le,0.95,,,,,,,,TRPHRON001
ON,T_HDV_BIC_DSL,2025.0,T_D_pkm_hdv_bic,ge,0.044619354,,,,,,,,TRPHRON001
ON,T_HDV_BIC_DSL,2030.0,T_D_pkm_hdv_bic,ge,0.044619354,,,,,,,,TRPHRON001
ON,T_HDV_BIC_DSL,2035.0,T_D_pkm_hdv_bic,ge,0.044619354,,,,,,,,TRPHRON001
ON,T_HDV_BIC_DSL,2040.0,T_D_pkm_hdv_bic,ge,0.044619354,,,,,,,,TRPHRON001
ON,T_HDV_BIC_DSL,2045.0,T_D_pkm_hdv_bic,ge,0.044619354,,,,,,,,TRPHRON001
ON,T_HDV_BT_FCHEV,2025.0,T_D_pkm_hdv_bt,le,0.044597224,,,,,,,,TRPHRON001
ON,T_HDV_BT_FCHEV,2030.0,T_D_pkm_hdv_bt,le,0.044597224,,,,,,,,TRPHRON001
ON,T_HDV_BT_FCHEV,2035.0,T_D_pkm_hdv_bt,le,0.044597224,,,,,,,,TRPHRON001
ON,T_HDV_BT_FCHEV,2040.0,T_D_pkm_hdv_bt,le,0.044597224,,,,,,,,TRPHRON001
ON,T_HDV_BT_FCHEV,2045.0,T_D_pkm_hdv_bt,le,0.044597224,,,,,,,,TRPHRON001
ON,T_HDV_BT_DSL_HEV,2025.0,T_D_pkm_hdv_bt,le,0.044597224,,,,,,,,TRPHRON001
ON,T_HDV_BT_DSL_HEV,2030.0,T_D_pkm_hdv_bt,le,0.044597224,,,,,,,,TRPHRON001
ON,T_HDV_BT_DSL_HEV,2035.0,T_D_pkm_hdv_bt,le,0.044597224,,,,,,,,TRPHRON001
ON,T_HDV_BT_DSL_HEV,2040.0,T_D_pkm_hdv_bt,le,0.044597224,,,,,,,,TRPHRON001
ON,T_HDV_BT_DSL_HEV,2045.0,T_D_pkm_hdv_bt,le,0.044597224,,,,,,,,TRPHRON001
ON,T_HDV_BIC_DSL,2025.0,T_D_pkm_hdv_bic,le,0.046967741,,,,,,,,TRPHRON001
ON,T_HDV_BIC_DSL,2030.0,T_D_pkm_hdv_bic,le,0.046967741,,,,,,,,TRPHRON001
ON,T_HDV_BIC_DSL,2035.0,T_D_pkm_hdv_bic,le,0.046967741,,,,,,,,TRPHRON001
ON,T_HDV_BIC_DSL,2040.0,T_D_pkm_hdv_bic,le,0.046967741,,,,,,,,TRPHRON001
ON,T_HDV_BIC_DSL,2045.0,T_D_pkm_hdv_bic,le,0.046967741,,,,,,,,TRPHRON001
ON,T_HDV_BS_BEV,2025.0,T_D_pkm_hdv_bs,le,0.033992571,,,,,,,,TRPHRON001
ON,T_HDV_BS_BEV,2030.0,T_D_pkm_hdv_bs,le,0.033992571,,,,,,,,TRPHRON001
ON,T_HDV_BS_BEV,2035.0,T_D_pkm_hdv_bs,le,0.033992571,,,,,,,,TRPHRON001
ON,T_HDV_BS_BEV,2040.0,T_D_pkm_hdv_bs,le,0.033992571,,,,,,,,TRPHRON001
ON,T_HDV_BS_BEV,2045.0,T_D_pkm_hdv_bs,le,0.033992571,,,,,,,,TRPHRON001
ON,T_HDV_BS_BEV,2025.0,T_D_pkm_hdv_bs,ge,0.032292942,,,,,,,,TRPHRON001
ON,T_HDV_BS_BEV,2030.0,T_D_pkm_hdv_bs,ge,0.032292942,,,,,,,,TRPHRON001
ON,T_HDV_BS_BEV,2035.0,T_D_pkm_hdv_bs,ge,0.032292942,,,,,,,,TRPHRON001
ON,T_HDV_BS_BEV,2040.0,T_D_pkm_hdv_bs,ge,0.032292942,,,,,,,,TRPHRON001
ON,T_HDV_BS_BEV,2045.0,T_D_pkm_hdv_bs,ge,0.032292942,,,,,,,,TRPHRON001
ON,T_HDV_BS_FCHEV,2025.0,T_D_pkm_hdv_bs,ge,0.032292942,,,,,,,,TRPHRON001
ON,T_HDV_BS_FCHEV,2030.0,T_D_pkm_hdv_bs,ge,0.032292942,,,,,,,,TRPHRON001
ON,T_HDV_BS_FCHEV,2035.0,T_D_pkm_hdv_bs,ge,0.032292942,,,,,,,,TRPHRON001
ON,T_HDV_BS_FCHEV,2040.0,T_D_pkm_hdv_bs,ge,0.032292942,,,,,,,,TRPHRON001
ON,T_HDV_BS_FCHEV,2045.0,T_D_pkm_hdv_bs,ge,0.032292942,,,,,,,,TRPHRON001
ON,T_LDV_BEV_CHRG,2025.0,T_elc_ldv_bev_chrg,ge,0.4352528997003083,,,,,,,,TRPHRON001
ON,T_LDV_BEV_CHRG,2030.0,T_elc_ldv_bev_chrg,ge,0.4352528997003083,,,,,,,,TRPHRON001
ON,T_LDV_BEV_CHRG,2035.0,T_elc_ldv_bev_chrg,ge,0.4352528997003083,,,,,,,,TRPHRON001
ON,T_LDV_BEV_CHRG,2040.0,T_elc_ldv_bev_chrg,ge,0.4352528997003083,,,,,,,,TRPHRON001
ON,T_LDV_BEV_CHRG,2045.0,T_elc_ldv_bev_chrg,ge,0.4352528997003083,,,,,,,,TRPHRON001
PEI,T_I_H2_SMR,2025.0,T_h2,ge,0.9025,,,,,,,,TRPHRPEI001
PEI,T_I_H2_SMR,2030.0,T_h2,ge,0.9025,,,,,,,,TRPHRPEI001
PEI,T_I_H2_SMR,2035.0,T_h2,ge,0.9025,,,,,,,,TRPHRPEI001
PEI,T_I_H2_SMR,2040.0,T_h2,ge,0.9025,,,,,,,,TRPHRPEI001
PEI,T_I_H2_SMR,2045.0,T_h2,ge,0.9025,,,,,,,,TRPHRPEI001
PEI,T_HDV_BIC_BEV,2025.0,T_D_pkm_hdv_bic,le,0.046967741,,,,,,,,TRPHRPEI001
PEI,T_HDV_BIC_BEV,2030.0,T_D_pkm_hdv_bic,le,0.046967741,,,,,,,,TRPHRPEI001
PEI,T_HDV_BIC_BEV,2035.0,T_D_pkm_hdv_bic,le,0.046967741,,,,,,,,TRPHRPEI001
PEI,T_HDV_BIC_BEV,2040.0,T_D_pkm_hdv_bic,le,0.046967741,,,,,,,,TRPHRPEI001
PEI,T_HDV_BIC_BEV,2045.0,T_D_pkm_hdv_bic,le,0.046967741,,,,,,,,TRPHRPEI001
PEI,T_I_H2_SMR_CCS,2025.0,T_h2,le,0.95,,,,,,,,TRPHRPEI001
PEI,T_I_H2_SMR_CCS,2030.0,T_h2,le,0.95,,,,,,,,TRPHRPEI001
PEI,T_I_H2_SMR_CCS,2035.0,T_h2,le,0.95,,,,,,,,TRPHRPEI001
PEI,T_I_H2_SMR_CCS,2040.0,T_h2,le,0.95,,,,,,,,TRPHRPEI001
PEI,T_I_H2_SMR_CCS,2045.0,T_h2,le,0.95,,,,,,,,TRPHRPEI001
PEI,T_HDV_BS_CNG,2025.0,T_D_pkm_hdv_bs,ge,0.032292942,,,,,,,,TRPHRPEI001
PEI,T_HDV_BS_CNG,2030.0,T_D_pkm_hdv_bs,ge,0.032292942,,,,,,,,TRPHRPEI001
PEI,T_HDV_BS_CNG,2035.0,T_D_pkm_hdv_bs,ge,0.032292942,,,,,,,,TRPHRPEI001
PEI,T_HDV_BS_CNG,2040.0,T_D_pkm_hdv_bs,ge,0.032292942,,,,,,,,TRPHRPEI001
PEI,T_HDV_BS_CNG,2045.0,T_D_pkm_hdv_bs,ge,0.032292942,,,,,,,,TRPHRPEI001
PEI,T_HDV_BIC_DSL,2025.0,T_D_pkm_hdv_bic,ge,0.044619354,,,,,,,,TRPHRPEI001
PEI,T_HDV_BIC_DSL,2030.0,T_D_pkm_hdv_bic,ge,0.044619354,,,,,,,,TRPHRPEI001
PEI,T_HDV_BIC_DSL,2035.0,T_D_pkm_hdv_bic,ge,0.044619354,,,,,,,,TRPHRPEI001
PEI,T_HDV_BIC_DSL,2040.0,T_D_pkm_hdv_bic,ge,0.044619354,,,,,,,,TRPHRPEI001
PEI,T_HDV_BIC_DSL,2045.0,T_D_pkm_hdv_bic,ge,0.044619354,,,,,,,,TRPHRPEI001
PEI,T_LDV_M_GSL,2025.0,T_D_pkm_ldv_m,le,0.008371511,,,,,,,,TRPHRPEI001
PEI,T_LDV_M_GSL,2030.0,T_D_pkm_ldv_m,le,0.008371511,,,,,,,,TRPHRPEI001
PEI,T_LDV_M_GSL,2035.0,T_D_pkm_ldv_m,le,0.008371511,,,,,,,,TRPHRPEI001
PEI,T_LDV_M_GSL,2040.0,T_D_pkm_ldv_m,le,0.008371511,,,,,,,,TRPHRPEI001
PEI,T_LDV_M_GSL,2045.0,T_D_pkm_ldv_m,le,0.008371511,,,,,,,,TRPHRPEI001
PEI,T_HDV_BS_DSL_HEV,2025.0,T_D_pkm_hdv_bs,le,0.033992571,,,,,,,,TRPHRPEI001
PEI,T_HDV_BS_DSL_HEV,2030.0,T_D_pkm_hdv_bs,le,0.033992571,,,,,,,,TRPHRPEI001
PEI,T_HDV_BS_DSL_HEV,2035.0,T_D_pkm_hdv_bs,le,0.033992571,,,,,,,,TRPHRPEI001
PEI,T_HDV_BS_DSL_HEV,2040.0,T_D_pkm_hdv_bs,le,0.033992571,,,,,,,,TRPHRPEI001
PEI,T_HDV_BS_DSL_HEV,2045.0,T_D_pkm_hdv_bs,le,0.033992571,,,,,,,,TRPHRPEI001
PEI,T_HDV_BT_DSL_HEV,2025.0,T_D_pkm_hdv_bt,ge,0.042367363,,,,,,,,TRPHRPEI001
PEI,T_HDV_BT_DSL_HEV,2030.0,T_D_pkm_hdv_bt,ge,0.042367363,,,,,,,,TRPHRPEI001
PEI,T_HDV_BT_DSL_HEV,2035.0,T_D_pkm_hdv_bt,ge,0.042367363,,,,,,,,TRPHRPEI001
PEI,T_HDV_BT_DSL_HEV,2040.0,T_D_pkm_hdv_bt,ge,0.042367363,,,,,,,,TRPHRPEI001
PEI,T_HDV_BT_DSL_HEV,2045.0,T_D_pkm_hdv_bt,ge,0.042367363,,,,,,,,TRPHRPEI001
PEI,T_HDV_BS_DSL_PHEV,2025.0,T_D_pkm_hdv_bs,le,0.033992571,,,,,,,,TRPHRPEI001
PEI,T_HDV_BS_DSL_PHEV,2030.0,T_D_pkm_hdv_bs,le,0.033992571,,,,,,,,TRPHRPEI001
PEI,T_HDV_BS_DSL_PHEV,2035.0,T_D_pkm_hdv_bs,le,0.033992571,,,,,,,,TRPHRPEI001
PEI,T_HDV_BS_DSL_PHEV,2040.0,T_D_pkm_hdv_bs,le,0.033992571,,,,,,,,TRPHRPEI001
PEI,T_HDV_BS_DSL_PHEV,2045.0,T_D_pkm_hdv_bs,le,0.033992571,,,,,,,,TRPHRPEI001
PEI,T_HDV_BT_FCEV,2025.0,T_D_pkm_hdv_bt,le,0.044597224,,,,,,,,TRPHRPEI001
PEI,T_HDV_BT_FCEV,2030.0,T_D_pkm_hdv_bt,le,0.044597224,,,,,,,,TRPHRPEI001
PEI,T_HDV_BT_FCEV,2035.0,T_D_pkm_hdv_bt,le,0.044597224,,,,,,,,TRPHRPEI001
PEI,T_HDV_BT_FCEV,2040.0,T_D_pkm_hdv_bt,le,0.044597224,,,,,,,,TRPHRPEI001
PEI,T_HDV_BT_FCEV,2045.0,T_D_pkm_hdv_bt,le,0.044597224,,,,,,,,TRPHRPEI001
PEI,T_HDV_BT_BEV,2025.0,T_D_pkm_hdv_bt,le,0.044597224,,,,,,,,TRPHRPEI001
PEI,T_HDV_BT_BEV,2030.0,T_D_pkm_hdv_bt,le,0.044597224,,,,,,,,TRPHRPEI001
PEI,T_HDV_BT_BEV,2035.0,T_D_pkm_hdv_bt,le,0.044597224,,,,,,,,TRPHRPEI001
PEI,T_HDV_BT_BEV,2040.0,T_D_pkm_hdv_bt,le,0.044597224,,,,,,,,TRPHRPEI001
PEI,T_HDV_BT_BEV,2045.0,T_D_pkm_hdv_bt,le,0.044597224,,,,,,,,TRPHRPEI001
PEI,T_HDV_BIC_GSL,2025.0,T_D_pkm_hdv_bic,ge,0.044619354,,,,,,,,TRPHRPEI001
PEI,T_HDV_BIC_GSL,2030.0,T_D_pkm_hdv_bic,ge,0.044619354,,,,,,,,TRPHRPEI001
PEI,T_HDV_BIC_GSL,2035.0,T_D_pkm_hdv_bic,ge,0.044619354,,,,,,,,TRPHRPEI001
PEI,T_HDV_BIC_GSL,2040.0,T_D_pkm_hdv_bic,ge,0.044619354,,,,,,,,TRPHRPEI001
PEI,T_HDV_BIC_GSL,2045.0,T_D_pkm_hdv_bic,ge,0.044619354,,,,,,,,TRPHRPEI001
PEI,T_HDV_BS_DSL,2025.0,T_D_pkm_hdv_bs,ge,0.032292942,,,,,,,,TRPHRPEI001
PEI,T_HDV_BS_DSL,2030.0,T_D_pkm_hdv_bs,ge,0.032292942,,,,,,,,TRPHRPEI001
PEI,T_HDV_BS_DSL,2035.0,T_D_pkm_hdv_bs,ge,0.032292942,,,,,,,,TRPHRPEI001
PEI,T_HDV_BS_DSL,2040.0,T_D_pkm_hdv_bs,ge,0.032292942,,,,,,,,TRPHRPEI001
PEI,T_HDV_BS_DSL,2045.0,T_D_pkm_hdv_bs,ge,0.032292942,,,,,,,,TRPHRPEI001
PEI,T_HDV_BT_DSL,2025.0,T_D_pkm_hdv_bt,le,0.044597224,,,,,,,,TRPHRPEI001
PEI,T_HDV_BT_DSL,2030.0,T_D_pkm_hdv_bt,le,0.044597224,,,,,,,,TRPHRPEI001
PEI,T_HDV_BT_DSL,2035.0,T_D_pkm_hdv_bt,le,0.044597224,,,,,,,,TRPHRPEI001
PEI,T_HDV_BT_DSL,2040.0,T_D_pkm_hdv_bt,le,0.044597224,,,,,,,,TRPHRPEI001
PEI,T_HDV_BT_DSL,2045.0,T_D_pkm_hdv_bt,le,0.044597224,,,,,,,,TRPHRPEI001
PEI,T_HDV_BIC_FCEV,2025.0,T_D_pkm_hdv_bic,le,0.046967741,,,,,,,,TRPHRPEI001
PEI,T_HDV_BIC_FCEV,2030.0,T_D_pkm_hdv_bic,le,0.046967741,,,,,,,,TRPHRPEI001
PEI,T_HDV_BIC_FCEV,2035.0,T_D_pkm_hdv_bic,le,0.046967741,,,,,,,,TRPHRPEI001
PEI,T_HDV_BIC_FCEV,2040.0,T_D_pkm_hdv_bic,le,0.046967741,,,,,,,,TRPHRPEI001
PEI,T_HDV_BIC_FCEV,2045.0,T_D_pkm_hdv_bic,le,0.046967741,,,,,,,,TRPHRPEI001
PEI,T_HDV_BT_FCHEV,2025.0,T_D_pkm_hdv_bt,le,0.044597224,,,,,,,,TRPHRPEI001
PEI,T_HDV_BT_FCHEV,2030.0,T_D_pkm_hdv_bt,le,0.044597224,,,,,,,,TRPHRPEI001
PEI,T_HDV_BT_FCHEV,2035.0,T_D_pkm_hdv_bt,le,0.044597224,,,,,,,,TRPHRPEI001
PEI,T_HDV_BT_FCHEV,2040.0,T_D_pkm_hdv_bt,le,0.044597224,,,,,,,,TRPHRPEI001
PEI,T_HDV_BT_FCHEV,2045.0,T_D_pkm_hdv_bt,le,0.044597224,,,,,,,,TRPHRPEI001
PEI,T_HDV_BIC_GSL,2025.0,T_D_pkm_hdv_bic,le,0.046967741,,,,,,,,TRPHRPEI001
PEI,T_HDV_BIC_GSL,2030.0,T_D_pkm_hdv_bic,le,0.046967741,,,,,,,,TRPHRPEI001
PEI,T_HDV_BIC_GSL,2035.0,T_D_pkm_hdv_bic,le,0.046967741,,,,,,,,TRPHRPEI001
PEI,T_HDV_BIC_GSL,2040.0,T_D_pkm_hdv_bic,le,0.046967741,,,,,,,,TRPHRPEI001
PEI,T_HDV_BIC_GSL,2045.0,T_D_pkm_hdv_bic,le,0.046967741,,,,,,,,TRPHRPEI001
PEI,T_HDV_BS_FCHEV,2025.0,T_D_pkm_hdv_bs,ge,0.032292942,,,,,,,,TRPHRPEI001
PEI,T_HDV_BS_FCHEV,2030.0,T_D_pkm_hdv_bs,ge,0.032292942,,,,,,,,TRPHRPEI001
PEI,T_HDV_BS_FCHEV,2035.0,T_D_pkm_hdv_bs,ge,0.032292942,,,,,,,,TRPHRPEI001
PEI,T_HDV_BS_FCHEV,2040.0,T_D_pkm_hdv_bs,ge,0.032292942,,,,,,,,TRPHRPEI001
PEI,T_HDV_BS_FCHEV,2045.0,T_D_pkm_hdv_bs,ge,0.032292942,,,,,,,,TRPHRPEI001
PEI,T_HDV_BT_DSL,2025.0,T_D_pkm_hdv_bt,ge,0.042367363,,,,,,,,TRPHRPEI001
PEI,T_HDV_BT_DSL,2030.0,T_D_pkm_hdv_bt,ge,0.042367363,,,,,,,,TRPHRPEI001
PEI,T_HDV_BT_DSL,2035.0,T_D_pkm_hdv_bt,ge,0.042367363,,,,,,,,TRPHRPEI001
PEI,T_HDV_BT_DSL,2040.0,T_D_pkm_hdv_bt,ge,0.042367363,,,,,,,,TRPHRPEI001
PEI,T_HDV_BT_DSL,2045.0,T_D_pkm_hdv_bt,ge,0.042367363,,,,,,,,TRPHRPEI001
PEI,T_HDV_BS_GSL,2025.0,T_D_pkm_hdv_bs,ge,0.032292942,,,,,,,,TRPHRPEI001
PEI,T_HDV_BS_GSL,2030.0,T_D_pkm_hdv_bs,ge,0.032292942,,,,,,,,TRPHRPEI001
PEI,T_HDV_BS_GSL,2035.0,T_D_pkm_hdv_bs,ge,0.032292942,,,,,,,,TRPHRPEI001
PEI,T_HDV_BS_GSL,2040.0,T_D_pkm_hdv_bs,ge,0.032292942,,,,,,,,TRPHRPEI001
PEI,T_HDV_BS_GSL,2045.0,T_D_pkm_hdv_bs,ge,0.032292942,,,,,,,,TRPHRPEI001
PEI,T_HDV_BT_BEV,2025.0,T_D_pkm_hdv_bt,ge,0.042367363,,,,,,,,TRPHRPEI001
PEI,T_HDV_BT_BEV,2030.0,T_D_pkm_hdv_bt,ge,0.042367363,,,,,,,,TRPHRPEI001
PEI,T_HDV_BT_BEV,2035.0,T_D_pkm_hdv_bt,ge,0.042367363,,,,,,,,TRPHRPEI001
PEI,T_HDV_BT_BEV,2040.0,T_D_pkm_hdv_bt,ge,0.042367363,,,,,,,,TRPHRPEI001
PEI,T_HDV_BT_BEV,2045.0,T_D_pkm_hdv_bt,ge,0.042367363,,,,,,,,TRPHRPEI001
PEI,T_HDV_BS_BEV,2025.0,T_D_pkm_hdv_bs,le,0.033992571,,,,,,,,TRPHRPEI001
PEI,T_HDV_BS_BEV,2030.0,T_D_pkm_hdv_bs,le,0.033992571,,,,,,,,TRPHRPEI001
PEI,T_HDV_BS_BEV,2035.0,T_D_pkm_hdv_bs,le,0.033992571,,,,,,,,TRPHRPEI001
PEI,T_HDV_BS_BEV,2040.0,T_D_pkm_hdv_bs,le,0.033992571,,,,,,,,TRPHRPEI001
PEI,T_HDV_BS_BEV,2045.0,T_D_pkm_hdv_bs,le,0.033992571,,,,,,,,TRPHRPEI001
PEI,T_HDV_BIC_DSL,2025.0,T_D_pkm_hdv_bic,le,0.046967741,,,,,,,,TRPHRPEI001
PEI,T_HDV_BIC_DSL,2030.0,T_D_pkm_hdv_bic,le,0.046967741,,,,,,,,TRPHRPEI001
PEI,T_HDV_BIC_DSL,2035.0,T_D_pkm_hdv_bic,le,0.046967741,,,,,,,,TRPHRPEI001
PEI,T_HDV_BIC_DSL,2040.0,T_D_pkm_hdv_bic,le,0.046967741,,,,,,,,TRPHRPEI001
PEI,T_HDV_BIC_DSL,2045.0,T_D_pkm_hdv_bic,le,0.046967741,,,,,,,,TRPHRPEI001
PEI,T_LDV_M_GSL,2025.0,T_D_pkm_ldv_m,ge,0.007952935,,,,,,,,TRPHRPEI001
PEI,T_LDV_M_GSL,2030.0,T_D_pkm_ldv_m,ge,0.007952935,,,,,,,,TRPHRPEI001
PEI,T_LDV_M_GSL,2035.0,T_D_pkm_ldv_m,ge,0.007952935,,,,,,,,TRPHRPEI001
PEI,T_LDV_M_GSL,2040.0,T_D_pkm_ldv_m,ge,0.007952935,,,,,,,,TRPHRPEI001
PEI,T_LDV_M_GSL,2045.0,T_D_pkm_ldv_m,ge,0.007952935,,,,,,,,TRPHRPEI001
PEI,T_HDV_BS_DSL,2025.0,T_D_pkm_hdv_bs,le,0.033992571,,,,,,,,TRPHRPEI001
PEI,T_HDV_BS_DSL,2030.0,T_D_pkm_hdv_bs,le,0.033992571,,,,,,,,TRPHRPEI001
PEI,T_HDV_BS_DSL,2035.0,T_D_pkm_hdv_bs,le,0.033992571,,,,,,,,TRPHRPEI001
PEI,T_HDV_BS_DSL,2040.0,T_D_pkm_hdv_bs,le,0.033992571,,,,,,,,TRPHRPEI001
PEI,T_HDV_BS_DSL,2045.0,T_D_pkm_hdv_bs,le,0.033992571,,,,,,,,TRPHRPEI001
PEI,T_HDV_BS_FCEV,2025.0,T_D_pkm_hdv_bs,le,0.033992571,,,,,,,,TRPHRPEI001
PEI,T_HDV_BS_FCEV,2030.0,T_D_pkm_hdv_bs,le,0.033992571,,,,,,,,TRPHRPEI001
PEI,T_HDV_BS_FCEV,2035.0,T_D_pkm_hdv_bs,le,0.033992571,,,,,,,,TRPHRPEI001
PEI,T_HDV_BS_FCEV,2040.0,T_D_pkm_hdv_bs,le,0.033992571,,,,,,,,TRPHRPEI001
PEI,T_HDV_BS_FCEV,2045.0,T_D_pkm_hdv_bs,le,0.033992571,,,,,,,,TRPHRPEI001
PEI,T_HDV_BIC_DSL_HEV,2025.0,T_D_pkm_hdv_bic,le,0.046967741,,,,,,,,TRPHRPEI001
PEI,T_HDV_BIC_DSL_HEV,2030.0,T_D_pkm_hdv_bic,le,0.046967741,,,,,,,,TRPHRPEI001
PEI,T_HDV_BIC_DSL_HEV,2035.0,T_D_pkm_hdv_bic,le,0.046967741,,,,,,,,TRPHRPEI001
PEI,T_HDV_BIC_DSL_HEV,2040.0,T_D_pkm_hdv_bic,le,0.046967741,,,,,,,,TRPHRPEI001
PEI,T_HDV_BIC_DSL_HEV,2045.0,T_D_pkm_hdv_bic,le,0.046967741,,,,,,,,TRPHRPEI001
PEI,T_HDV_BS_CNG,2025.0,T_D_pkm_hdv_bs,le,0.033992571,,,,,,,,TRPHRPEI001
PEI,T_HDV_BS_CNG,2030.0,T_D_pkm_hdv_bs,le,0.033992571,,,,,,,,TRPHRPEI001
PEI,T_HDV_BS_CNG,2035.0,T_D_pkm_hdv_bs,le,0.033992571,,,,,,,,TRPHRPEI001
PEI,T_HDV_BS_CNG,2040.0,T_D_pkm_hdv_bs,le,0.033992571,,,,,,,,TRPHRPEI001
PEI,T_HDV_BS_CNG,2045.0,T_D_pkm_hdv_bs,le,0.033992571,,,,,,,,TRPHRPEI001
PEI,T_HDV_BT_CNG,2025.0,T_D_pkm_hdv_bt,ge,0.042367363,,,,,,,,TRPHRPEI001
PEI,T_HDV_BT_CNG,2030.0,T_D_pkm_hdv_bt,ge,0.042367363,,,,,,,,TRPHRPEI001
PEI,T_HDV_BT_CNG,2035.0,T_D_pkm_hdv_bt,ge,0.042367363,,,,,,,,TRPHRPEI001
PEI,T_HDV_BT_CNG,2040.0,T_D_pkm_hdv_bt,ge,0.042367363,,,,,,,,TRPHRPEI001
PEI,T_HDV_BT_CNG,2045.0,T_D_pkm_hdv_bt,ge,0.042367363,,,,,,,,TRPHRPEI001
PEI,T_HDV_BS_FCHEV,2025.0,T_D_pkm_hdv_bs,le,0.033992571,,,,,,,,TRPHRPEI001
PEI,T_HDV_BS_FCHEV,2030.0,T_D_pkm_hdv_bs,le,0.033992571,,,,,,,,TRPHRPEI001
PEI,T_HDV_BS_FCHEV,2035.0,T_D_pkm_hdv_bs,le,0.033992571,,,,,,,,TRPHRPEI001
PEI,T_HDV_BS_FCHEV,2040.0,T_D_pkm_hdv_bs,le,0.033992571,,,,,,,,TRPHRPEI001
PEI,T_HDV_BS_FCHEV,2045.0,T_D_pkm_hdv_bs,le,0.033992571,,,,,,,,TRPHRPEI001
PEI,T_HDV_BT_GSL,2025.0,T_D_pkm_hdv_bt,ge,0.042367363,,,,,,,,TRPHRPEI001
PEI,T_HDV_BT_GSL,2030.0,T_D_pkm_hdv_bt,ge,0.042367363,,,,,,,,TRPHRPEI001
PEI,T_HDV_BT_GSL,2035.0,T_D_pkm_hdv_bt,ge,0.042367363,,,,,,,,TRPHRPEI001
PEI,T_HDV_BT_GSL,2040.0,T_D_pkm_hdv_bt,ge,0.042367363,,,,,,,,TRPHRPEI001
PEI,T_HDV_BT_GSL,2045.0,T_D_pkm_hdv_bt,ge,0.042367363,,,,,,,,TRPHRPEI001
PEI,T_HDV_BS_FCEV,2025.0,T_D_pkm_hdv_bs,ge,0.032292942,,,,,,,,TRPHRPEI001
PEI,T_HDV_BS_FCEV,2030.0,T_D_pkm_hdv_bs,ge,0.032292942,,,,,,,,TRPHRPEI001
PEI,T_HDV_BS_FCEV,2035.0,T_D_pkm_hdv_bs,ge,0.032292942,,,,,,,,TRPHRPEI001
PEI,T_HDV_BS_FCEV,2040.0,T_D_pkm_hdv_bs,ge,0.032292942,,,,,,,,TRPHRPEI001
PEI,T_HDV_BS_FCEV,2045.0,T_D_pkm_hdv_bs,ge,0.032292942,,,,,,,,TRPHRPEI001
PEI,T_HDV_BS_DSL_PHEV,2025.0,T_D_pkm_hdv_bs,ge,0.032292942,,,,,,,,TRPHRPEI001
PEI,T_HDV_BS_DSL_PHEV,2030.0,T_D_pkm_hdv_bs,ge,0.032292942,,,,,,,,TRPHRPEI001
PEI,T_HDV_BS_DSL_PHEV,2035.0,T_D_pkm_hdv_bs,ge,0.032292942,,,,,,,,TRPHRPEI001
PEI,T_HDV_BS_DSL_PHEV,2040.0,T_D_pkm_hdv_bs,ge,0.032292942,,,,,,,,TRPHRPEI001
PEI,T_HDV_BS_DSL_PHEV,2045.0,T_D_pkm_hdv_bs,ge,0.032292942,,,,,,,,TRPHRPEI001
PEI,T_HDV_BT_CNG,2025.0,T_D_pkm_hdv_bt,le,0.044597224,,,,,,,,TRPHRPEI001
PEI,T_HDV_BT_CNG,2030.0,T_D_pkm_hdv_bt,le,0.044597224,,,,,,,,TRPHRPEI001
PEI,T_HDV_BT_CNG,2035.0,T_D_pkm_hdv_bt,le,0.044597224,,,,,,,,TRPHRPEI001
PEI,T_HDV_BT_CNG,2040.0,T_D_pkm_hdv_bt,le,0.044597224,,,,,,,,TRPHRPEI001
PEI,T_HDV_BT_CNG,2045.0,T_D_pkm_hdv_bt,le,0.044597224,,,,,,,,TRPHRPEI001
PEI,T_HDV_BT_FCEV,2025.0,T_D_pkm_hdv_bt,ge,0.042367363,,,,,,,,TRPHRPEI001
PEI,T_HDV_BT_FCEV,2030.0,T_D_pkm_hdv_bt,ge,0.042367363,,,,,,,,TRPHRPEI001
PEI,T_HDV_BT_FCEV,2035.0,T_D_pkm_hdv_bt,ge,0.042367363,,,,,,,,TRPHRPEI001
PEI,T_HDV_BT_FCEV,2040.0,T_D_pkm_hdv_bt,ge,0.042367363,,,,,,,,TRPHRPEI001
PEI,T_HDV_BT_FCEV,2045.0,T_D_pkm_hdv_bt,ge,0.042367363,,,,,,,,TRPHRPEI001
PEI,T_HDV_BT_FCHEV,2025.0,T_D_pkm_hdv_bt,ge,0.042367363,,,,,,,,TRPHRPEI001
PEI,T_HDV_BT_FCHEV,2030.0,T_D_pkm_hdv_bt,ge,0.042367363,,,,,,,,TRPHRPEI001
PEI,T_HDV_BT_FCHEV,2035.0,T_D_pkm_hdv_bt,ge,0.042367363,,,,,,,,TRPHRPEI001
PEI,T_HDV_BT_FCHEV,2040.0,T_D_pkm_hdv_bt,ge,0.042367363,,,,,,,,TRPHRPEI001
PEI,T_HDV_BT_FCHEV,2045.0,T_D_pkm_hdv_bt,ge,0.042367363,,,,,,,,TRPHRPEI001
PEI,T_LDV_M_BEV,2025.0,T_D_pkm_ldv_m,ge,0.007952935,,,,,,,,TRPHRPEI001
PEI,T_LDV_M_BEV,2030.0,T_D_pkm_ldv_m,ge,0.007952935,,,,,,,,TRPHRPEI001
PEI,T_LDV_M_BEV,2035.0,T_D_pkm_ldv_m,ge,0.007952935,,,,,,,,TRPHRPEI001
PEI,T_LDV_M_BEV,2040.0,T_D_pkm_ldv_m,ge,0.007952935,,,,,,,,TRPHRPEI001
PEI,T_LDV_M_BEV,2045.0,T_D_pkm_ldv_m,ge,0.007952935,,,,,,,,TRPHRPEI001
PEI,T_HDV_BS_GSL,2025.0,T_D_pkm_hdv_bs,le,0.033992571,,,,,,,,TRPHRPEI001
PEI,T_HDV_BS_GSL,2030.0,T_D_pkm_hdv_bs,le,0.033992571,,,,,,,,TRPHRPEI001
PEI,T_HDV_BS_GSL,2035.0,T_D_pkm_hdv_bs,le,0.033992571,,,,,,,,TRPHRPEI001
PEI,T_HDV_BS_GSL,2040.0,T_D_pkm_hdv_bs,le,0.033992571,,,,,,,,TRPHRPEI001
PEI,T_HDV_BS_GSL,2045.0,T_D_pkm_hdv_bs,le,0.033992571,,,,,,,,TRPHRPEI001
PEI,T_HDV_BS_DSL_HEV,2025.0,T_D_pkm_hdv_bs,ge,0.032292942,,,,,,,,TRPHRPEI001
PEI,T_HDV_BS_DSL_HEV,2030.0,T_D_pkm_hdv_bs,ge,0.032292942,,,,,,,,TRPHRPEI001
PEI,T_HDV_BS_DSL_HEV,2035.0,T_D_pkm_hdv_bs,ge,0.032292942,,,,,,,,TRPHRPEI001
PEI,T_HDV_BS_DSL_HEV,2040.0,T_D_pkm_hdv_bs,ge,0.032292942,,,,,,,,TRPHRPEI001
PEI,T_HDV_BS_DSL_HEV,2045.0,T_D_pkm_hdv_bs,ge,0.032292942,,,,,,,,TRPHRPEI001
PEI,T_LDV_M_BEV,2025.0,T_D_pkm_ldv_m,le,0.008371511,,,,,,,,TRPHRPEI001
PEI,T_LDV_M_BEV,2030.0,T_D_pkm_ldv_m,le,0.008371511,,,,,,,,TRPHRPEI001
PEI,T_LDV_M_BEV,2035.0,T_D_pkm_ldv_m,le,0.008371511,,,,,,,,TRPHRPEI001
PEI,T_LDV_M_BEV,2040.0,T_D_pkm_ldv_m,le,0.008371511,,,,,,,,TRPHRPEI001
PEI,T_LDV_M_BEV,2045.0,T_D_pkm_ldv_m,le,0.008371511,,,,,,,,TRPHRPEI001
PEI,T_HDV_BT_DSL_PHEV,2025.0,T_D_pkm_hdv_bt,ge,0.042367363,,,,,,,,TRPHRPEI001
PEI,T_HDV_BT_DSL_PHEV,2030.0,T_D_pkm_hdv_bt,ge,0.042367363,,,,,,,,TRPHRPEI001
PEI,T_HDV_BT_DSL_PHEV,2035.0,T_D_pkm_hdv_bt,ge,0.042367363,,,,,,,,TRPHRPEI001
PEI,T_HDV_BT_DSL_PHEV,2040.0,T_D_pkm_hdv_bt,ge,0.042367363,,,,,,,,TRPHRPEI001
PEI,T_HDV_BT_DSL_PHEV,2045.0,T_D_pkm_hdv_bt,ge,0.042367363,,,,,,,,TRPHRPEI001
PEI,T_HDV_BT_DSL_HEV,2025.0,T_D_pkm_hdv_bt,le,0.044597224,,,,,,,,TRPHRPEI001
PEI,T_HDV_BT_DSL_HEV,2030.0,T_D_pkm_hdv_bt,le,0.044597224,,,,,,,,TRPHRPEI001
PEI,T_HDV_BT_DSL_HEV,2035.0,T_D_pkm_hdv_bt,le,0.044597224,,,,,,,,TRPHRPEI001
PEI,T_HDV_BT_DSL_HEV,2040.0,T_D_pkm_hdv_bt,le,0.044597224,,,,,,,,TRPHRPEI001
PEI,T_HDV_BT_DSL_HEV,2045.0,T_D_pkm_hdv_bt,le,0.044597224,,,,,,,,TRPHRPEI001
PEI,T_HDV_BS_BEV,2025.0,T_D_pkm_hdv_bs,ge,0.032292942,,,,,,,,TRPHRPEI001
PEI,T_HDV_BS_BEV,2030.0,T_D_pkm_hdv_bs,ge,0.032292942,,,,,,,,TRPHRPEI001
PEI,T_HDV_BS_BEV,2035.0,T_D_pkm_hdv_bs,ge,0.032292942,,,,,,,,TRPHRPEI001
PEI,T_HDV_BS_BEV,2040.0,T_D_pkm_hdv_bs,ge,0.032292942,,,,,,,,TRPHRPEI001
PEI,T_HDV_BS_BEV,2045.0,T_D_pkm_hdv_bs,ge,0.032292942,,,,,,,,TRPHRPEI001
PEI,T_HDV_BIC_DSL_HEV,2025.0,T_D_pkm_hdv_bic,ge,0.044619354,,,,,,,,TRPHRPEI001
PEI,T_HDV_BIC_DSL_HEV,2030.0,T_D_pkm_hdv_bic,ge,0.044619354,,,,,,,,TRPHRPEI001
PEI,T_HDV_BIC_DSL_HEV,2035.0,T_D_pkm_hdv_bic,ge,0.044619354,,,,,,,,TRPHRPEI001
PEI,T_HDV_BIC_DSL_HEV,2040.0,T_D_pkm_hdv_bic,ge,0.044619354,,,,,,,,TRPHRPEI001
PEI,T_HDV_BIC_DSL_HEV,2045.0,T_D_pkm_hdv_bic,ge,0.044619354,,,,,,,,TRPHRPEI001
PEI,T_I_H2_SMR_CCS,2025.0,T_h2,ge,0.9025,,,,,,,,TRPHRPEI001
PEI,T_I_H2_SMR_CCS,2030.0,T_h2,ge,0.9025,,,,,,,,TRPHRPEI001
PEI,T_I_H2_SMR_CCS,2035.0,T_h2,ge,0.9025,,,,,,,,TRPHRPEI001
PEI,T_I_H2_SMR_CCS,2040.0,T_h2,ge,0.9025,,,,,,,,TRPHRPEI001
PEI,T_I_H2_SMR_CCS,2045.0,T_h2,ge,0.9025,,,,,,,,TRPHRPEI001
PEI,T_HDV_BT_DSL_PHEV,2025.0,T_D_pkm_hdv_bt,le,0.044597224,,,,,,,,TRPHRPEI001
PEI,T_HDV_BT_DSL_PHEV,2030.0,T_D_pkm_hdv_bt,le,0.044597224,,,,,,,,TRPHRPEI001
PEI,T_HDV_BT_DSL_PHEV,2035.0,T_D_pkm_hdv_bt,le,0.044597224,,,,,,,,TRPHRPEI001
PEI,T_HDV_BT_DSL_PHEV,2040.0,T_D_pkm_hdv_bt,le,0.044597224,,,,,,,,TRPHRPEI001
PEI,T_HDV_BT_DSL_PHEV,2045.0,T_D_pkm_hdv_bt,le,0.044597224,,,,,,,,TRPHRPEI001
PEI,T_HDV_BT_GSL,2025.0,T_D_pkm_hdv_bt,le,0.044597224,,,,,,,,TRPHRPEI001
PEI,T_HDV_BT_GSL,2030.0,T_D_pkm_hdv_bt,le,0.044597224,,,,,,,,TRPHRPEI001
PEI,T_HDV_BT_GSL,2035.0,T_D_pkm_hdv_bt,le,0.044597224,,,,,,,,TRPHRPEI001
PEI,T_HDV_BT_GSL,2040.0,T_D_pkm_hdv_bt,le,0.044597224,,,,,,,,TRPHRPEI001
PEI,T_HDV_BT_GSL,2045.0,T_D_pkm_hdv_bt,le,0.044597224,,,,,,,,TRPHRPEI001
PEI,T_I_H2_SMR,2025.0,T_h2,le,0.95,,,,,,,,TRPHRPEI001
PEI,T_I_H2_SMR,2030.0,T_h2,le,0.95,,,,,,,,TRPHRPEI001
PEI,T_I_H2_SMR,2035.0,T_h2,le,0.95,,,,,,,,TRPHRPEI001
PEI,T_I_H2_SMR,2040.0,T_h2,le,0.95,,,,,,,,TRPHRPEI001
PEI,T_I_H2_SMR,2045.0,T_h2,le,0.95,,,,,,,,TRPHRPEI001
PEI,T_HDV_BIC_BEV,2025.0,T_D_pkm_hdv_bic,ge,0.044619354,,,,,,,,TRPHRPEI001
PEI,T_HDV_BIC_BEV,2030.0,T_D_pkm_hdv_bic,ge,0.044619354,,,,,,,,TRPHRPEI001
PEI,T_HDV_BIC_BEV,2035.0,T_D_pkm_hdv_bic,ge,0.044619354,,,,,,,,TRPHRPEI001
PEI,T_HDV_BIC_BEV,2040.0,T_D_pkm_hdv_bic,ge,0.044619354,,,,,,,,TRPHRPEI001
PEI,T_HDV_BIC_BEV,2045.0,T_D_pkm_hdv_bic,ge,0.044619354,,,,,,,,TRPHRPEI001
PEI,T_HDV_BIC_FCEV,2025.0,T_D_pkm_hdv_bic,ge,0.044619354,,,,,,,,TRPHRPEI001
PEI,T_HDV_BIC_FCEV,2030.0,T_D_pkm_hdv_bic,ge,0.044619354,,,,,,,,TRPHRPEI001
PEI,T_HDV_BIC_FCEV,2035.0,T_D_pkm_hdv_bic,ge,0.044619354,,,,,,,,TRPHRPEI001
PEI,T_HDV_BIC_FCEV,2040.0,T_D_pkm_hdv_bic,ge,0.044619354,,,,,,,,TRPHRPEI001
PEI,T_HDV_BIC_FCEV,2045.0,T_D_pkm_hdv_bic,ge,0.044619354,,,,,,,,TRPHRPEI001
PEI,T_LDV_BEV_CHRG,2025.0,T_elc_ldv_bev_chrg,ge,0.4352528997003083,,,,,,,,TRPHRPEI001
PEI,T_LDV_BEV_CHRG,2030.0,T_elc_ldv_bev_chrg,ge,0.4352528997003083,,,,,,,,TRPHRPEI001
PEI,T_LDV_BEV_CHRG,2035.0,T_elc_ldv_bev_chrg,ge,0.4352528997003083,,,,,,,,TRPHRPEI001
PEI,T_LDV_BEV_CHRG,2040.0,T_elc_ldv_bev_chrg,ge,0.4352528997003083,,,,,,,,TRPHRPEI001
PEI,T_LDV_BEV_CHRG,2045.0,T_elc_ldv_bev_chrg,ge,0.4352528997003083,,,,,,,,TRPHRPEI001
QC,T_LDV_M_BEV,2025.0,T_D_pkm_ldv_m,le,0.008371511,,,,,,,,TRPHRQC001
QC,T_LDV_M_BEV,2030.0,T_D_pkm_ldv_m,le,0.008371511,,,,,,,,TRPHRQC001
QC,T_LDV_M_BEV,2035.0,T_D_pkm_ldv_m,le,0.008371511,,,,,,,,TRPHRQC001
QC,T_LDV_M_BEV,2040.0,T_D_pkm_ldv_m,le,0.008371511,,,,,,,,TRPHRQC001
QC,T_LDV_M_BEV,2045.0,T_D_pkm_ldv_m,le,0.008371511,,,,,,,,TRPHRQC001
QC,T_HDV_BIC_FCEV,2025.0,T_D_pkm_hdv_bic,le,0.046967741,,,,,,,,TRPHRQC001
QC,T_HDV_BIC_FCEV,2030.0,T_D_pkm_hdv_bic,le,0.046967741,,,,,,,,TRPHRQC001
QC,T_HDV_BIC_FCEV,2035.0,T_D_pkm_hdv_bic,le,0.046967741,,,,,,,,TRPHRQC001
QC,T_HDV_BIC_FCEV,2040.0,T_D_pkm_hdv_bic,le,0.046967741,,,,,,,,TRPHRQC001
QC,T_HDV_BIC_FCEV,2045.0,T_D_pkm_hdv_bic,le,0.046967741,,,,,,,,TRPHRQC001
QC,T_LDV_M_BEV,2025.0,T_D_pkm_ldv_m,ge,0.007952935,,,,,,,,TRPHRQC001
QC,T_LDV_M_BEV,2030.0,T_D_pkm_ldv_m,ge,0.007952935,,,,,,,,TRPHRQC001
QC,T_LDV_M_BEV,2035.0,T_D_pkm_ldv_m,ge,0.007952935,,,,,,,,TRPHRQC001
QC,T_LDV_M_BEV,2040.0,T_D_pkm_ldv_m,ge,0.007952935,,,,,,,,TRPHRQC001
QC,T_LDV_M_BEV,2045.0,T_D_pkm_ldv_m,ge,0.007952935,,,,,,,,TRPHRQC001
QC,T_HDV_BT_GSL,2025.0,T_D_pkm_hdv_bt,le,0.044597224,,,,,,,,TRPHRQC001
QC,T_HDV_BT_GSL,2030.0,T_D_pkm_hdv_bt,le,0.044597224,,,,,,,,TRPHRQC001
QC,T_HDV_BT_GSL,2035.0,T_D_pkm_hdv_bt,le,0.044597224,,,,,,,,TRPHRQC001
QC,T_HDV_BT_GSL,2040.0,T_D_pkm_hdv_bt,le,0.044597224,,,,,,,,TRPHRQC001
QC,T_HDV_BT_GSL,2045.0,T_D_pkm_hdv_bt,le,0.044597224,,,,,,,,TRPHRQC001
QC,T_HDV_BT_FCHEV,2025.0,T_D_pkm_hdv_bt,le,0.044597224,,,,,,,,TRPHRQC001
QC,T_HDV_BT_FCHEV,2030.0,T_D_pkm_hdv_bt,le,0.044597224,,,,,,,,TRPHRQC001
QC,T_HDV_BT_FCHEV,2035.0,T_D_pkm_hdv_bt,le,0.044597224,,,,,,,,TRPHRQC001
QC,T_HDV_BT_FCHEV,2040.0,T_D_pkm_hdv_bt,le,0.044597224,,,,,,,,TRPHRQC001
QC,T_HDV_BT_FCHEV,2045.0,T_D_pkm_hdv_bt,le,0.044597224,,,,,,,,TRPHRQC001
QC,T_HDV_BS_CNG,2025.0,T_D_pkm_hdv_bs,ge,0.032292942,,,,,,,,TRPHRQC001
QC,T_HDV_BS_CNG,2030.0,T_D_pkm_hdv_bs,ge,0.032292942,,,,,,,,TRPHRQC001
QC,T_HDV_BS_CNG,2035.0,T_D_pkm_hdv_bs,ge,0.032292942,,,,,,,,TRPHRQC001
QC,T_HDV_BS_CNG,2040.0,T_D_pkm_hdv_bs,ge,0.032292942,,,,,,,,TRPHRQC001
QC,T_HDV_BS_CNG,2045.0,T_D_pkm_hdv_bs,ge,0.032292942,,,,,,,,TRPHRQC001
QC,T_HDV_BIC_FCEV,2025.0,T_D_pkm_hdv_bic,ge,0.044619354,,,,,,,,TRPHRQC001
QC,T_HDV_BIC_FCEV,2030.0,T_D_pkm_hdv_bic,ge,0.044619354,,,,,,,,TRPHRQC001
QC,T_HDV_BIC_FCEV,2035.0,T_D_pkm_hdv_bic,ge,0.044619354,,,,,,,,TRPHRQC001
QC,T_HDV_BIC_FCEV,2040.0,T_D_pkm_hdv_bic,ge,0.044619354,,,,,,,,TRPHRQC001
QC,T_HDV_BIC_FCEV,2045.0,T_D_pkm_hdv_bic,ge,0.044619354,,,,,,,,TRPHRQC001
QC,T_HDV_BS_DSL_HEV,2025.0,T_D_pkm_hdv_bs,ge,0.032292942,,,,,,,,TRPHRQC001
QC,T_HDV_BS_DSL_HEV,2030.0,T_D_pkm_hdv_bs,ge,0.032292942,,,,,,,,TRPHRQC001
QC,T_HDV_BS_DSL_HEV,2035.0,T_D_pkm_hdv_bs,ge,0.032292942,,,,,,,,TRPHRQC001
QC,T_HDV_BS_DSL_HEV,2040.0,T_D_pkm_hdv_bs,ge,0.032292942,,,,,,,,TRPHRQC001
QC,T_HDV_BS_DSL_HEV,2045.0,T_D_pkm_hdv_bs,ge,0.032292942,,,,,,,,TRPHRQC001
QC,T_HDV_BS_FCHEV,2025.0,T_D_pkm_hdv_bs,ge,0.032292942,,,,,,,,TRPHRQC001
QC,T_HDV_BS_FCHEV,2030.0,T_D_pkm_hdv_bs,ge,0.032292942,,,,,,,,TRPHRQC001
QC,T_HDV_BS_FCHEV,2035.0,T_D_pkm_hdv_bs,ge,0.032292942,,,,,,,,TRPHRQC001
QC,T_HDV_BS_FCHEV,2040.0,T_D_pkm_hdv_bs,ge,0.032292942,,,,,,,,TRPHRQC001
QC,T_HDV_BS_FCHEV,2045.0,T_D_pkm_hdv_bs,ge,0.032292942,,,,,,,,TRPHRQC001
QC,T_HDV_BT_DSL_HEV,2025.0,T_D_pkm_hdv_bt,le,0.044597224,,,,,,,,TRPHRQC001
QC,T_HDV_BT_DSL_HEV,2030.0,T_D_pkm_hdv_bt,le,0.044597224,,,,,,,,TRPHRQC001
QC,T_HDV_BT_DSL_HEV,2035.0,T_D_pkm_hdv_bt,le,0.044597224,,,,,,,,TRPHRQC001
QC,T_HDV_BT_DSL_HEV,2040.0,T_D_pkm_hdv_bt,le,0.044597224,,,,,,,,TRPHRQC001
QC,T_HDV_BT_DSL_HEV,2045.0,T_D_pkm_hdv_bt,le,0.044597224,,,,,,,,TRPHRQC001
QC,T_HDV_BS_BEV,2025.0,T_D_pkm_hdv_bs,le,0.033992571,,,,,,,,TRPHRQC001
QC,T_HDV_BS_BEV,2030.0,T_D_pkm_hdv_bs,le,0.033992571,,,,,,,,TRPHRQC001
QC,T_HDV_BS_BEV,2035.0,T_D_pkm_hdv_bs,le,0.033992571,,,,,,,,TRPHRQC001
QC,T_HDV_BS_BEV,2040.0,T_D_pkm_hdv_bs,le,0.033992571,,,,,,,,TRPHRQC001
QC,T_HDV_BS_BEV,2045.0,T_D_pkm_hdv_bs,le,0.033992571,,,,,,,,TRPHRQC001
QC,T_HDV_BS_DSL_PHEV,2025.0,T_D_pkm_hdv_bs,le,0.033992571,,,,,,,,TRPHRQC001
QC,T_HDV_BS_DSL_PHEV,2030.0,T_D_pkm_hdv_bs,le,0.033992571,,,,,,,,TRPHRQC001
QC,T_HDV_BS_DSL_PHEV,2035.0,T_D_pkm_hdv_bs,le,0.033992571,,,,,,,,TRPHRQC001
QC,T_HDV_BS_DSL_PHEV,2040.0,T_D_pkm_hdv_bs,le,0.033992571,,,,,,,,TRPHRQC001
QC,T_HDV_BS_DSL_PHEV,2045.0,T_D_pkm_hdv_bs,le,0.033992571,,,,,,,,TRPHRQC001
QC,T_HDV_BT_DSL_HEV,2025.0,T_D_pkm_hdv_bt,ge,0.042367363,,,,,,,,TRPHRQC001
QC,T_HDV_BT_DSL_HEV,2030.0,T_D_pkm_hdv_bt,ge,0.042367363,,,,,,,,TRPHRQC001
QC,T_HDV_BT_DSL_HEV,2035.0,T_D_pkm_hdv_bt,ge,0.042367363,,,,,,,,TRPHRQC001
QC,T_HDV_BT_DSL_HEV,2040.0,T_D_pkm_hdv_bt,ge,0.042367363,,,,,,,,TRPHRQC001
QC,T_HDV_BT_DSL_HEV,2045.0,T_D_pkm_hdv_bt,ge,0.042367363,,,,,,,,TRPHRQC001
QC,T_HDV_BT_DSL,2025.0,T_D_pkm_hdv_bt,le,0.044597224,,,,,,,,TRPHRQC001
QC,T_HDV_BT_DSL,2030.0,T_D_pkm_hdv_bt,le,0.044597224,,,,,,,,TRPHRQC001
QC,T_HDV_BT_DSL,2035.0,T_D_pkm_hdv_bt,le,0.044597224,,,,,,,,TRPHRQC001
QC,T_HDV_BT_DSL,2040.0,T_D_pkm_hdv_bt,le,0.044597224,,,,,,,,TRPHRQC001
QC,T_HDV_BT_DSL,2045.0,T_D_pkm_hdv_bt,le,0.044597224,,,,,,,,TRPHRQC001
QC,T_HDV_BT_FCEV,2025.0,T_D_pkm_hdv_bt,ge,0.042367363,,,,,,,,TRPHRQC001
QC,T_HDV_BT_FCEV,2030.0,T_D_pkm_hdv_bt,ge,0.042367363,,,,,,,,TRPHRQC001
QC,T_HDV_BT_FCEV,2035.0,T_D_pkm_hdv_bt,ge,0.042367363,,,,,,,,TRPHRQC001
QC,T_HDV_BT_FCEV,2040.0,T_D_pkm_hdv_bt,ge,0.042367363,,,,,,,,TRPHRQC001
QC,T_HDV_BT_FCEV,2045.0,T_D_pkm_hdv_bt,ge,0.042367363,,,,,,,,TRPHRQC001
QC,T_HDV_BT_CNG,2025.0,T_D_pkm_hdv_bt,ge,0.042367363,,,,,,,,TRPHRQC001
QC,T_HDV_BT_CNG,2030.0,T_D_pkm_hdv_bt,ge,0.042367363,,,,,,,,TRPHRQC001
QC,T_HDV_BT_CNG,2035.0,T_D_pkm_hdv_bt,ge,0.042367363,,,,,,,,TRPHRQC001
QC,T_HDV_BT_CNG,2040.0,T_D_pkm_hdv_bt,ge,0.042367363,,,,,,,,TRPHRQC001
QC,T_HDV_BT_CNG,2045.0,T_D_pkm_hdv_bt,ge,0.042367363,,,,,,,,TRPHRQC001
QC,T_HDV_BT_DSL,2025.0,T_D_pkm_hdv_bt,ge,0.042367363,,,,,,,,TRPHRQC001
QC,T_HDV_BT_DSL,2030.0,T_D_pkm_hdv_bt,ge,0.042367363,,,,,,,,TRPHRQC001
QC,T_HDV_BT_DSL,2035.0,T_D_pkm_hdv_bt,ge,0.042367363,,,,,,,,TRPHRQC001
QC,T_HDV_BT_DSL,2040.0,T_D_pkm_hdv_bt,ge,0.042367363,,,,,,,,TRPHRQC001
QC,T_HDV_BT_DSL,2045.0,T_D_pkm_hdv_bt,ge,0.042367363,,,,,,,,TRPHRQC001
QC,T_I_H2_SMR,2025.0,T_h2,ge,0.9025,,,,,,,,TRPHRQC001
QC,T_I_H2_SMR,2030.0,T_h2,ge,0.9025,,,,,,,,TRPHRQC001
QC,T_I_H2_SMR,2035.0,T_h2,ge,0.9025,,,,,,,,TRPHRQC001
QC,T_I_H2_SMR,2040.0,T_h2,ge,0.9025,,,,,,,,TRPHRQC001
QC,T_I_H2_SMR,2045.0,T_h2,ge,0.9025,,,,,,,,TRPHRQC001
QC,T_HDV_BT_DSL_PHEV,2025.0,T_D_pkm_hdv_bt,le,0.044597224,,,,,,,,TRPHRQC001
QC,T_HDV_BT_DSL_PHEV,2030.0,T_D_pkm_hdv_bt,le,0.044597224,,,,,,,,TRPHRQC001
QC,T_HDV_BT_DSL_PHEV,2035.0,T_D_pkm_hdv_bt,le,0.044597224,,,,,,,,TRPHRQC001
QC,T_HDV_BT_DSL_PHEV,2040.0,T_D_pkm_hdv_bt,le,0.044597224,,,,,,,,TRPHRQC001
QC,T_HDV_BT_DSL_PHEV,2045.0,T_D_pkm_hdv_bt,le,0.044597224,,,,,,,,TRPHRQC001
QC,T_HDV_BT_DSL_PHEV,2025.0,T_D_pkm_hdv_bt,ge,0.042367363,,,,,,,,TRPHRQC001
QC,T_HDV_BT_DSL_PHEV,2030.0,T_D_pkm_hdv_bt,ge,0.042367363,,,,,,,,TRPHRQC001
QC,T_HDV_BT_DSL_PHEV,2035.0,T_D_pkm_hdv_bt,ge,0.042367363,,,,,,,,TRPHRQC001
QC,T_HDV_BT_DSL_PHEV,2040.0,T_D_pkm_hdv_bt,ge,0.042367363,,,,,,,,TRPHRQC001
QC,T_HDV_BT_DSL_PHEV,2045.0,T_D_pkm_hdv_bt,ge,0.042367363,,,,,,,,TRPHRQC001
QC,T_HDV_BT_BEV,2025.0,T_D_pkm_hdv_bt,ge,0.042367363,,,,,,,,TRPHRQC001
QC,T_HDV_BT_BEV,2030.0,T_D_pkm_hdv_bt,ge,0.042367363,,,,,,,,TRPHRQC001
QC,T_HDV_BT_BEV,2035.0,T_D_pkm_hdv_bt,ge,0.042367363,,,,,,,,TRPHRQC001
QC,T_HDV_BT_BEV,2040.0,T_D_pkm_hdv_bt,ge,0.042367363,,,,,,,,TRPHRQC001
QC,T_HDV_BT_BEV,2045.0,T_D_pkm_hdv_bt,ge,0.042367363,,,,,,,,TRPHRQC001
QC,T_I_H2_SMR,2025.0,T_h2,le,0.95,,,,,,,,TRPHRQC001
QC,T_I_H2_SMR,2030.0,T_h2,le,0.95,,,,,,,,TRPHRQC001
QC,T_I_H2_SMR,2035.0,T_h2,le,0.95,,,,,,,,TRPHRQC001
QC,T_I_H2_SMR,2040.0,T_h2,le,0.95,,,,,,,,TRPHRQC001
QC,T_I_H2_SMR,2045.0,T_h2,le,0.95,,,,,,,,TRPHRQC001
QC,T_HDV_BS_DSL,2025.0,T_D_pkm_hdv_bs,le,0.033992571,,,,,,,,TRPHRQC001
QC,T_HDV_BS_DSL,2030.0,T_D_pkm_hdv_bs,le,0.033992571,,,,,,,,TRPHRQC001
QC,T_HDV_BS_DSL,2035.0,T_D_pkm_hdv_bs,le,0.033992571,,,,,,,,TRPHRQC001
QC,T_HDV_BS_DSL,2040.0,T_D_pkm_hdv_bs,le,0.033992571,,,,,,,,TRPHRQC001
QC,T_HDV_BS_DSL,2045.0,T_D_pkm_hdv_bs,le,0.033992571,,,,,,,,TRPHRQC001
QC,T_HDV_BIC_DSL,2025.0,T_D_pkm_hdv_bic,le,0.046967741,,,,,,,,TRPHRQC001
QC,T_HDV_BIC_DSL,2030.0,T_D_pkm_hdv_bic,le,0.046967741,,,,,,,,TRPHRQC001
QC,T_HDV_BIC_DSL,2035.0,T_D_pkm_hdv_bic,le,0.046967741,,,,,,,,TRPHRQC001
QC,T_HDV_BIC_DSL,2040.0,T_D_pkm_hdv_bic,le,0.046967741,,,,,,,,TRPHRQC001
QC,T_HDV_BIC_DSL,2045.0,T_D_pkm_hdv_bic,le,0.046967741,,,,,,,,TRPHRQC001
QC,T_HDV_BIC_BEV,2025.0,T_D_pkm_hdv_bic,ge,0.044619354,,,,,,,,TRPHRQC001
QC,T_HDV_BIC_BEV,2030.0,T_D_pkm_hdv_bic,ge,0.044619354,,,,,,,,TRPHRQC001
QC,T_HDV_BIC_BEV,2035.0,T_D_pkm_hdv_bic,ge,0.044619354,,,,,,,,TRPHRQC001
QC,T_HDV_BIC_BEV,2040.0,T_D_pkm_hdv_bic,ge,0.044619354,,,,,,,,TRPHRQC001
QC,T_HDV_BIC_BEV,2045.0,T_D_pkm_hdv_bic,ge,0.044619354,,,,,,,,TRPHRQC001
QC,T_HDV_BT_FCEV,2025.0,T_D_pkm_hdv_bt,le,0.044597224,,,,,,,,TRPHRQC001
QC,T_HDV_BT_FCEV,2030.0,T_D_pkm_hdv_bt,le,0.044597224,,,,,,,,TRPHRQC001
QC,T_HDV_BT_FCEV,2035.0,T_D_pkm_hdv_bt,le,0.044597224,,,,,,,,TRPHRQC001
QC,T_HDV_BT_FCEV,2040.0,T_D_pkm_hdv_bt,le,0.044597224,,,,,,,,TRPHRQC001
QC,T_HDV_BT_FCEV,2045.0,T_D_pkm_hdv_bt,le,0.044597224,,,,,,,,TRPHRQC001
QC,T_HDV_BT_CNG,2025.0,T_D_pkm_hdv_bt,le,0.044597224,,,,,,,,TRPHRQC001
QC,T_HDV_BT_CNG,2030.0,T_D_pkm_hdv_bt,le,0.044597224,,,,,,,,TRPHRQC001
QC,T_HDV_BT_CNG,2035.0,T_D_pkm_hdv_bt,le,0.044597224,,,,,,,,TRPHRQC001
QC,T_HDV_BT_CNG,2040.0,T_D_pkm_hdv_bt,le,0.044597224,,,,,,,,TRPHRQC001
QC,T_HDV_BT_CNG,2045.0,T_D_pkm_hdv_bt,le,0.044597224,,,,,,,,TRPHRQC001
QC,T_HDV_BS_CNG,2025.0,T_D_pkm_hdv_bs,le,0.033992571,,,,,,,,TRPHRQC001
QC,T_HDV_BS_CNG,2030.0,T_D_pkm_hdv_bs,le,0.033992571,,,,,,,,TRPHRQC001
QC,T_HDV_BS_CNG,2035.0,T_D_pkm_hdv_bs,le,0.033992571,,,,,,,,TRPHRQC001
QC,T_HDV_BS_CNG,2040.0,T_D_pkm_hdv_bs,le,0.033992571,,,,,,,,TRPHRQC001
QC,T_HDV_BS_CNG,2045.0,T_D_pkm_hdv_bs,le,0.033992571,,,,,,,,TRPHRQC001
QC,T_HDV_BS_FCEV,2025.0,T_D_pkm_hdv_bs,ge,0.032292942,,,,,,,,TRPHRQC001
QC,T_HDV_BS_FCEV,2030.0,T_D_pkm_hdv_bs,ge,0.032292942,,,,,,,,TRPHRQC001
QC,T_HDV_BS_FCEV,2035.0,T_D_pkm_hdv_bs,ge,0.032292942,,,,,,,,TRPHRQC001
QC,T_HDV_BS_FCEV,2040.0,T_D_pkm_hdv_bs,ge,0.032292942,,,,,,,,TRPHRQC001
QC,T_HDV_BS_FCEV,2045.0,T_D_pkm_hdv_bs,ge,0.032292942,,,,,,,,TRPHRQC001
QC,T_HDV_BS_DSL_HEV,2025.0,T_D_pkm_hdv_bs,le,0.033992571,,,,,,,,TRPHRQC001
QC,T_HDV_BS_DSL_HEV,2030.0,T_D_pkm_hdv_bs,le,0.033992571,,,,,,,,TRPHRQC001
QC,T_HDV_BS_DSL_HEV,2035.0,T_D_pkm_hdv_bs,le,0.033992571,,,,,,,,TRPHRQC001
QC,T_HDV_BS_DSL_HEV,2040.0,T_D_pkm_hdv_bs,le,0.033992571,,,,,,,,TRPHRQC001
QC,T_HDV_BS_DSL_HEV,2045.0,T_D_pkm_hdv_bs,le,0.033992571,,,,,,,,TRPHRQC001
QC,T_HDV_BIC_DSL,2025.0,T_D_pkm_hdv_bic,ge,0.044619354,,,,,,,,TRPHRQC001
QC,T_HDV_BIC_DSL,2030.0,T_D_pkm_hdv_bic,ge,0.044619354,,,,,,,,TRPHRQC001
QC,T_HDV_BIC_DSL,2035.0,T_D_pkm_hdv_bic,ge,0.044619354,,,,,,,,TRPHRQC001
QC,T_HDV_BIC_DSL,2040.0,T_D_pkm_hdv_bic,ge,0.044619354,,,,,,,,TRPHRQC001
QC,T_HDV_BIC_DSL,2045.0,T_D_pkm_hdv_bic,ge,0.044619354,,,,,,,,TRPHRQC001
QC,T_HDV_BS_GSL,2025.0,T_D_pkm_hdv_bs,le,0.033992571,,,,,,,,TRPHRQC001
QC,T_HDV_BS_GSL,2030.0,T_D_pkm_hdv_bs,le,0.033992571,,,,,,,,TRPHRQC001
QC,T_HDV_BS_GSL,2035.0,T_D_pkm_hdv_bs,le,0.033992571,,,,,,,,TRPHRQC001
QC,T_HDV_BS_GSL,2040.0,T_D_pkm_hdv_bs,le,0.033992571,,,,,,,,TRPHRQC001
QC,T_HDV_BS_GSL,2045.0,T_D_pkm_hdv_bs,le,0.033992571,,,,,,,,TRPHRQC001
QC,T_LDV_M_GSL,2025.0,T_D_pkm_ldv_m,ge,0.007952935,,,,,,,,TRPHRQC001
QC,T_LDV_M_GSL,2030.0,T_D_pkm_ldv_m,ge,0.007952935,,,,,,,,TRPHRQC001
QC,T_LDV_M_GSL,2035.0,T_D_pkm_ldv_m,ge,0.007952935,,,,,,,,TRPHRQC001
QC,T_LDV_M_GSL,2040.0,T_D_pkm_ldv_m,ge,0.007952935,,,,,,,,TRPHRQC001
QC,T_LDV_M_GSL,2045.0,T_D_pkm_ldv_m,ge,0.007952935,,,,,,,,TRPHRQC001
QC,T_HDV_BS_DSL,2025.0,T_D_pkm_hdv_bs,ge,0.032292942,,,,,,,,TRPHRQC001
QC,T_HDV_BS_DSL,2030.0,T_D_pkm_hdv_bs,ge,0.032292942,,,,,,,,TRPHRQC001
QC,T_HDV_BS_DSL,2035.0,T_D_pkm_hdv_bs,ge,0.032292942,,,,,,,,TRPHRQC001
QC,T_HDV_BS_DSL,2040.0,T_D_pkm_hdv_bs,ge,0.032292942,,,,,,,,TRPHRQC001
QC,T_HDV_BS_DSL,2045.0,T_D_pkm_hdv_bs,ge,0.032292942,,,,,,,,TRPHRQC001
QC,T_I_H2_SMR_CCS,2025.0,T_h2,ge,0.9025,,,,,,,,TRPHRQC001
QC,T_I_H2_SMR_CCS,2030.0,T_h2,ge,0.9025,,,,,,,,TRPHRQC001
QC,T_I_H2_SMR_CCS,2035.0,T_h2,ge,0.9025,,,,,,,,TRPHRQC001
QC,T_I_H2_SMR_CCS,2040.0,T_h2,ge,0.9025,,,,,,,,TRPHRQC001
QC,T_I_H2_SMR_CCS,2045.0,T_h2,ge,0.9025,,,,,,,,TRPHRQC001
QC,T_HDV_BT_FCHEV,2025.0,T_D_pkm_hdv_bt,ge,0.042367363,,,,,,,,TRPHRQC001
QC,T_HDV_BT_FCHEV,2030.0,T_D_pkm_hdv_bt,ge,0.042367363,,,,,,,,TRPHRQC001
QC,T_HDV_BT_FCHEV,2035.0,T_D_pkm_hdv_bt,ge,0.042367363,,,,,,,,TRPHRQC001
QC,T_HDV_BT_FCHEV,2040.0,T_D_pkm_hdv_bt,ge,0.042367363,,,,,,,,TRPHRQC001
QC,T_HDV_BT_FCHEV,2045.0,T_D_pkm_hdv_bt,ge,0.042367363,,,,,,,,TRPHRQC001
QC,T_HDV_BT_GSL,2025.0,T_D_pkm_hdv_bt,ge,0.042367363,,,,,,,,TRPHRQC001
QC,T_HDV_BT_GSL,2030.0,T_D_pkm_hdv_bt,ge,0.042367363,,,,,,,,TRPHRQC001
QC,T_HDV_BT_GSL,2035.0,T_D_pkm_hdv_bt,ge,0.042367363,,,,,,,,TRPHRQC001
QC,T_HDV_BT_GSL,2040.0,T_D_pkm_hdv_bt,ge,0.042367363,,,,,,,,TRPHRQC001
QC,T_HDV_BT_GSL,2045.0,T_D_pkm_hdv_bt,ge,0.042367363,,,,,,,,TRPHRQC001
QC,T_LDV_M_GSL,2025.0,T_D_pkm_ldv_m,le,0.008371511,,,,,,,,TRPHRQC001
QC,T_LDV_M_GSL,2030.0,T_D_pkm_ldv_m,le,0.008371511,,,,,,,,TRPHRQC001
QC,T_LDV_M_GSL,2035.0,T_D_pkm_ldv_m,le,0.008371511,,,,,,,,TRPHRQC001
QC,T_LDV_M_GSL,2040.0,T_D_pkm_ldv_m,le,0.008371511,,,,,,,,TRPHRQC001
QC,T_LDV_M_GSL,2045.0,T_D_pkm_ldv_m,le,0.008371511,,,,,,,,TRPHRQC001
QC,T_HDV_BIC_BEV,2025.0,T_D_pkm_hdv_bic,le,0.046967741,,,,,,,,TRPHRQC001
QC,T_HDV_BIC_BEV,2030.0,T_D_pkm_hdv_bic,le,0.046967741,,,,,,,,TRPHRQC001
QC,T_HDV_BIC_BEV,2035.0,T_D_pkm_hdv_bic,le,0.046967741,,,,,,,,TRPHRQC001
QC,T_HDV_BIC_BEV,2040.0,T_D_pkm_hdv_bic,le,0.046967741,,,,,,,,TRPHRQC001
QC,T_HDV_BIC_BEV,2045.0,T_D_pkm_hdv_bic,le,0.046967741,,,,,,,,TRPHRQC001
QC,T_I_H2_SMR_CCS,2025.0,T_h2,le,0.95,,,,,,,,TRPHRQC001
QC,T_I_H2_SMR_CCS,2030.0,T_h2,le,0.95,,,,,,,,TRPHRQC001
QC,T_I_H2_SMR_CCS,2035.0,T_h2,le,0.95,,,,,,,,TRPHRQC001
QC,T_I_H2_SMR_CCS,2040.0,T_h2,le,0.95,,,,,,,,TRPHRQC001
QC,T_I_H2_SMR_CCS,2045.0,T_h2,le,0.95,,,,,,,,TRPHRQC001
QC,T_HDV_BT_BEV,2025.0,T_D_pkm_hdv_bt,le,0.044597224,,,,,,,,TRPHRQC001
QC,T_HDV_BT_BEV,2030.0,T_D_pkm_hdv_bt,le,0.044597224,,,,,,,,TRPHRQC001
QC,T_HDV_BT_BEV,2035.0,T_D_pkm_hdv_bt,le,0.044597224,,,,,,,,TRPHRQC001
QC,T_HDV_BT_BEV,2040.0,T_D_pkm_hdv_bt,le,0.044597224,,,,,,,,TRPHRQC001
QC,T_HDV_BT_BEV,2045.0,T_D_pkm_hdv_bt,le,0.044597224,,,,,,,,TRPHRQC001
QC,T_HDV_BS_GSL,2025.0,T_D_pkm_hdv_bs,ge,0.032292942,,,,,,,,TRPHRQC001
QC,T_HDV_BS_GSL,2030.0,T_D_pkm_hdv_bs,ge,0.032292942,,,,,,,,TRPHRQC001
QC,T_HDV_BS_GSL,2035.0,T_D_pkm_hdv_bs,ge,0.032292942,,,,,,,,TRPHRQC001
QC,T_HDV_BS_GSL,2040.0,T_D_pkm_hdv_bs,ge,0.032292942,,,,,,,,TRPHRQC001
QC,T_HDV_BS_GSL,2045.0,T_D_pkm_hdv_bs,ge,0.032292942,,,,,,,,TRPHRQC001
QC,T_HDV_BS_FCHEV,2025.0,T_D_pkm_hdv_bs,le,0.033992571,,,,,,,,TRPHRQC001
QC,T_HDV_BS_FCHEV,2030.0,T_D_pkm_hdv_bs,le,0.033992571,,,,,,,,TRPHRQC001
QC,T_HDV_BS_FCHEV,2035.0,T_D_pkm_hdv_bs,le,0.033992571,,,,,,,,TRPHRQC001
QC,T_HDV_BS_FCHEV,2040.0,T_D_pkm_hdv_bs,le,0.033992571,,,,,,,,TRPHRQC001
QC,T_HDV_BS_FCHEV,2045.0,T_D_pkm_hdv_bs,le,0.033992571,,,,,,,,TRPHRQC001
QC,T_HDV_BIC_GSL,2025.0,T_D_pkm_hdv_bic,ge,0.044619354,,,,,,,,TRPHRQC001
QC,T_HDV_BIC_GSL,2030.0,T_D_pkm_hdv_bic,ge,0.044619354,,,,,,,,TRPHRQC001
QC,T_HDV_BIC_GSL,2035.0,T_D_pkm_hdv_bic,ge,0.044619354,,,,,,,,TRPHRQC001
QC,T_HDV_BIC_GSL,2040.0,T_D_pkm_hdv_bic,ge,0.044619354,,,,,,,,TRPHRQC001
QC,T_HDV_BIC_GSL,2045.0,T_D_pkm_hdv_bic,ge,0.044619354,,,,,,,,TRPHRQC001
QC,T_HDV_BS_FCEV,2025.0,T_D_pkm_hdv_bs,le,0.033992571,,,,,,,,TRPHRQC001
QC,T_HDV_BS_FCEV,2030.0,T_D_pkm_hdv_bs,le,0.033992571,,,,,,,,TRPHRQC001
QC,T_HDV_BS_FCEV,2035.0,T_D_pkm_hdv_bs,le,0.033992571,,,,,,,,TRPHRQC001
QC,T_HDV_BS_FCEV,2040.0,T_D_pkm_hdv_bs,le,0.033992571,,,,,,,,TRPHRQC001
QC,T_HDV_BS_FCEV,2045.0,T_D_pkm_hdv_bs,le,0.033992571,,,,,,,,TRPHRQC001
QC,T_HDV_BIC_DSL_HEV,2025.0,T_D_pkm_hdv_bic,ge,0.044619354,,,,,,,,TRPHRQC001
QC,T_HDV_BIC_DSL_HEV,2030.0,T_D_pkm_hdv_bic,ge,0.044619354,,,,,,,,TRPHRQC001
QC,T_HDV_BIC_DSL_HEV,2035.0,T_D_pkm_hdv_bic,ge,0.044619354,,,,,,,,TRPHRQC001
QC,T_HDV_BIC_DSL_HEV,2040.0,T_D_pkm_hdv_bic,ge,0.044619354,,,,,,,,TRPHRQC001
QC,T_HDV_BIC_DSL_HEV,2045.0,T_D_pkm_hdv_bic,ge,0.044619354,,,,,,,,TRPHRQC001
QC,T_HDV_BIC_DSL_HEV,2025.0,T_D_pkm_hdv_bic,le,0.046967741,,,,,,,,TRPHRQC001
QC,T_HDV_BIC_DSL_HEV,2030.0,T_D_pkm_hdv_bic,le,0.046967741,,,,,,,,TRPHRQC001
QC,T_HDV_BIC_DSL_HEV,2035.0,T_D_pkm_hdv_bic,le,0.046967741,,,,,,,,TRPHRQC001
QC,T_HDV_BIC_DSL_HEV,2040.0,T_D_pkm_hdv_bic,le,0.046967741,,,,,,,,TRPHRQC001
QC,T_HDV_BIC_DSL_HEV,2045.0,T_D_pkm_hdv_bic,le,0.046967741,,,,,,,,TRPHRQC001
QC,T_HDV_BS_DSL_PHEV,2025.0,T_D_pkm_hdv_bs,ge,0.032292942,,,,,,,,TRPHRQC001
QC,T_HDV_BS_DSL_PHEV,2030.0,T_D_pkm_hdv_bs,ge,0.032292942,,,,,,,,TRPHRQC001
QC,T_HDV_BS_DSL_PHEV,2035.0,T_D_pkm_hdv_bs,ge,0.032292942,,,,,,,,TRPHRQC001
QC,T_HDV_BS_DSL_PHEV,2040.0,T_D_pkm_hdv_bs,ge,0.032292942,,,,,,,,TRPHRQC001
QC,T_HDV_BS_DSL_PHEV,2045.0,T_D_pkm_hdv_bs,ge,0.032292942,,,,,,,,TRPHRQC001
QC,T_HDV_BIC_GSL,2025.0,T_D_pkm_hdv_bic,le,0.046967741,,,,,,,,TRPHRQC001
QC,T_HDV_BIC_GSL,2030.0,T_D_pkm_hdv_bic,le,0.046967741,,,,,,,,TRPHRQC001
QC,T_HDV_BIC_GSL,2035.0,T_D_pkm_hdv_bic,le,0.046967741,,,,,,,,TRPHRQC001
QC,T_HDV_BIC_GSL,2040.0,T_D_pkm_hdv_bic,le,0.046967741,,,,,,,,TRPHRQC001
QC,T_HDV_BIC_GSL,2045.0,T_D_pkm_hdv_bic,le,0.046967741,,,,,,,,TRPHRQC001
QC,T_HDV_BS_BEV,2025.0,T_D_pkm_hdv_bs,ge,0.032292942,,,,,,,,TRPHRQC001
QC,T_HDV_BS_BEV,2030.0,T_D_pkm_hdv_bs,ge,0.032292942,,,,,,,,TRPHRQC001
QC,T_HDV_BS_BEV,2035.0,T_D_pkm_hdv_bs,ge,0.032292942,,,,,,,,TRPHRQC001
QC,T_HDV_BS_BEV,2040.0,T_D_pkm_hdv_bs,ge,0.032292942,,,,,,,,TRPHRQC001
QC,T_HDV_BS_BEV,2045.0,T_D_pkm_hdv_bs,ge,0.032292942,,,,,,,,TRPHRQC001
QC,T_LDV_BEV_CHRG,2025.0,T_elc_ldv_bev_chrg,ge,0.4352528997003083,,,,,,,,TRPHRQC001
QC,T_LDV_BEV_CHRG,2030.0,T_elc_ldv_bev_chrg,ge,0.4352528997003083,,,,,,,,TRPHRQC001
QC,T_LDV_BEV_CHRG,2035.0,T_elc_ldv_bev_chrg,ge,0.4352528997003083,,,,,,,,TRPHRQC001
QC,T_LDV_BEV_CHRG,2040.0,T_elc_ldv_bev_chrg,ge,0.4352528997003083,,,,,,,,TRPHRQC001
QC,T_LDV_BEV_CHRG,2045.0,T_elc_ldv_bev_chrg,ge,0.4352528997003083,,,,,,,,TRPHRQC001
SK,T_HDV_BIC_GSL,2025.0,T_D_pkm_hdv_bic,le,0.046967741,,,,,,,,TRPHRSK001
SK,T_HDV_BIC_GSL,2030.0,T_D_pkm_hdv_bic,le,0.046967741,,,,,,,,TRPHRSK001
SK,T_HDV_BIC_GSL,2035.0,T_D_pkm_hdv_bic,le,0.046967741,,,,,,,,TRPHRSK001
SK,T_HDV_BIC_GSL,2040.0,T_D_pkm_hdv_bic,le,0.046967741,,,,,,,,TRPHRSK001
SK,T_HDV_BIC_GSL,2045.0,T_D_pkm_hdv_bic,le,0.046967741,,,,,,,,TRPHRSK001
SK,T_HDV_BIC_DSL,2025.0,T_D_pkm_hdv_bic,ge,0.044619354,,,,,,,,TRPHRSK001
SK,T_HDV_BIC_DSL,2030.0,T_D_pkm_hdv_bic,ge,0.044619354,,,,,,,,TRPHRSK001
SK,T_HDV_BIC_DSL,2035.0,T_D_pkm_hdv_bic,ge,0.044619354,,,,,,,,TRPHRSK001
SK,T_HDV_BIC_DSL,2040.0,T_D_pkm_hdv_bic,ge,0.044619354,,,,,,,,TRPHRSK001
SK,T_HDV_BIC_DSL,2045.0,T_D_pkm_hdv_bic,ge,0.044619354,,,,,,,,TRPHRSK001
SK,T_HDV_BIC_DSL_HEV,2025.0,T_D_pkm_hdv_bic,ge,0.044619354,,,,,,,,TRPHRSK001
SK,T_HDV_BIC_DSL_HEV,2030.0,T_D_pkm_hdv_bic,ge,0.044619354,,,,,,,,TRPHRSK001
SK,T_HDV_BIC_DSL_HEV,2035.0,T_D_pkm_hdv_bic,ge,0.044619354,,,,,,,,TRPHRSK001
SK,T_HDV_BIC_DSL_HEV,2040.0,T_D_pkm_hdv_bic,ge,0.044619354,,,,,,,,TRPHRSK001
SK,T_HDV_BIC_DSL_HEV,2045.0,T_D_pkm_hdv_bic,ge,0.044619354,,,,,,,,TRPHRSK001
SK,T_I_H2_SMR,2025.0,T_h2,le,0.95,,,,,,,,TRPHRSK001
SK,T_I_H2_SMR,2030.0,T_h2,le,0.95,,,,,,,,TRPHRSK001
SK,T_I_H2_SMR,2035.0,T_h2,le,0.95,,,,,,,,TRPHRSK001
SK,T_I_H2_SMR,2040.0,T_h2,le,0.95,,,,,,,,TRPHRSK001
SK,T_I_H2_SMR,2045.0,T_h2,le,0.95,,,,,,,,TRPHRSK001
SK,T_HDV_BIC_BEV,2025.0,T_D_pkm_hdv_bic,ge,0.044619354,,,,,,,,TRPHRSK001
SK,T_HDV_BIC_BEV,2030.0,T_D_pkm_hdv_bic,ge,0.044619354,,,,,,,,TRPHRSK001
SK,T_HDV_BIC_BEV,2035.0,T_D_pkm_hdv_bic,ge,0.044619354,,,,,,,,TRPHRSK001
SK,T_HDV_BIC_BEV,2040.0,T_D_pkm_hdv_bic,ge,0.044619354,,,,,,,,TRPHRSK001
SK,T_HDV_BIC_BEV,2045.0,T_D_pkm_hdv_bic,ge,0.044619354,,,,,,,,TRPHRSK001
SK,T_HDV_BS_BEV,2025.0,T_D_pkm_hdv_bs,ge,0.032292942,,,,,,,,TRPHRSK001
SK,T_HDV_BS_BEV,2030.0,T_D_pkm_hdv_bs,ge,0.032292942,,,,,,,,TRPHRSK001
SK,T_HDV_BS_BEV,2035.0,T_D_pkm_hdv_bs,ge,0.032292942,,,,,,,,TRPHRSK001
SK,T_HDV_BS_BEV,2040.0,T_D_pkm_hdv_bs,ge,0.032292942,,,,,,,,TRPHRSK001
SK,T_HDV_BS_BEV,2045.0,T_D_pkm_hdv_bs,ge,0.032292942,,,,,,,,TRPHRSK001
SK,T_HDV_BIC_DSL_HEV,2025.0,T_D_pkm_hdv_bic,le,0.046967741,,,,,,,,TRPHRSK001
SK,T_HDV_BIC_DSL_HEV,2030.0,T_D_pkm_hdv_bic,le,0.046967741,,,,,,,,TRPHRSK001
SK,T_HDV_BIC_DSL_HEV,2035.0,T_D_pkm_hdv_bic,le,0.046967741,,,,,,,,TRPHRSK001
SK,T_HDV_BIC_DSL_HEV,2040.0,T_D_pkm_hdv_bic,le,0.046967741,,,,,,,,TRPHRSK001
SK,T_HDV_BIC_DSL_HEV,2045.0,T_D_pkm_hdv_bic,le,0.046967741,,,,,,,,TRPHRSK001
SK,T_HDV_BS_GSL,2025.0,T_D_pkm_hdv_bs,ge,0.032292942,,,,,,,,TRPHRSK001
SK,T_HDV_BS_GSL,2030.0,T_D_pkm_hdv_bs,ge,0.032292942,,,,,,,,TRPHRSK001
SK,T_HDV_BS_GSL,2035.0,T_D_pkm_hdv_bs,ge,0.032292942,,,,,,,,TRPHRSK001
SK,T_HDV_BS_GSL,2040.0,T_D_pkm_hdv_bs,ge,0.032292942,,,,,,,,TRPHRSK001
SK,T_HDV_BS_GSL,2045.0,T_D_pkm_hdv_bs,ge,0.032292942,,,,,,,,TRPHRSK001
SK,T_HDV_BT_CNG,2025.0,T_D_pkm_hdv_bt,ge,0.042367363,,,,,,,,TRPHRSK001
SK,T_HDV_BT_CNG,2030.0,T_D_pkm_hdv_bt,ge,0.042367363,,,,,,,,TRPHRSK001
SK,T_HDV_BT_CNG,2035.0,T_D_pkm_hdv_bt,ge,0.042367363,,,,,,,,TRPHRSK001
SK,T_HDV_BT_CNG,2040.0,T_D_pkm_hdv_bt,ge,0.042367363,,,,,,,,TRPHRSK001
SK,T_HDV_BT_CNG,2045.0,T_D_pkm_hdv_bt,ge,0.042367363,,,,,,,,TRPHRSK001
SK,T_HDV_BS_CNG,2025.0,T_D_pkm_hdv_bs,le,0.033992571,,,,,,,,TRPHRSK001
SK,T_HDV_BS_CNG,2030.0,T_D_pkm_hdv_bs,le,0.033992571,,,,,,,,TRPHRSK001
SK,T_HDV_BS_CNG,2035.0,T_D_pkm_hdv_bs,le,0.033992571,,,,,,,,TRPHRSK001
SK,T_HDV_BS_CNG,2040.0,T_D_pkm_hdv_bs,le,0.033992571,,,,,,,,TRPHRSK001
SK,T_HDV_BS_CNG,2045.0,T_D_pkm_hdv_bs,le,0.033992571,,,,,,,,TRPHRSK001
SK,T_HDV_BS_FCEV,2025.0,T_D_pkm_hdv_bs,ge,0.032292942,,,,,,,,TRPHRSK001
SK,T_HDV_BS_FCEV,2030.0,T_D_pkm_hdv_bs,ge,0.032292942,,,,,,,,TRPHRSK001
SK,T_HDV_BS_FCEV,2035.0,T_D_pkm_hdv_bs,ge,0.032292942,,,,,,,,TRPHRSK001
SK,T_HDV_BS_FCEV,2040.0,T_D_pkm_hdv_bs,ge,0.032292942,,,,,,,,TRPHRSK001
SK,T_HDV_BS_FCEV,2045.0,T_D_pkm_hdv_bs,ge,0.032292942,,,,,,,,TRPHRSK001
SK,T_HDV_BS_FCEV,2025.0,T_D_pkm_hdv_bs,le,0.033992571,,,,,,,,TRPHRSK001
SK,T_HDV_BS_FCEV,2030.0,T_D_pkm_hdv_bs,le,0.033992571,,,,,,,,TRPHRSK001
SK,T_HDV_BS_FCEV,2035.0,T_D_pkm_hdv_bs,le,0.033992571,,,,,,,,TRPHRSK001
SK,T_HDV_BS_FCEV,2040.0,T_D_pkm_hdv_bs,le,0.033992571,,,,,,,,TRPHRSK001
SK,T_HDV_BS_FCEV,2045.0,T_D_pkm_hdv_bs,le,0.033992571,,,,,,,,TRPHRSK001
SK,T_HDV_BS_GSL,2025.0,T_D_pkm_hdv_bs,le,0.033992571,,,,,,,,TRPHRSK001
SK,T_HDV_BS_GSL,2030.0,T_D_pkm_hdv_bs,le,0.033992571,,,,,,,,TRPHRSK001
SK,T_HDV_BS_GSL,2035.0,T_D_pkm_hdv_bs,le,0.033992571,,,,,,,,TRPHRSK001
SK,T_HDV_BS_GSL,2040.0,T_D_pkm_hdv_bs,le,0.033992571,,,,,,,,TRPHRSK001
SK,T_HDV_BS_GSL,2045.0,T_D_pkm_hdv_bs,le,0.033992571,,,,,,,,TRPHRSK001
SK,T_HDV_BS_DSL,2025.0,T_D_pkm_hdv_bs,le,0.033992571,,,,,,,,TRPHRSK001
SK,T_HDV_BS_DSL,2030.0,T_D_pkm_hdv_bs,le,0.033992571,,,,,,,,TRPHRSK001
SK,T_HDV_BS_DSL,2035.0,T_D_pkm_hdv_bs,le,0.033992571,,,,,,,,TRPHRSK001
SK,T_HDV_BS_DSL,2040.0,T_D_pkm_hdv_bs,le,0.033992571,,,,,,,,TRPHRSK001
SK,T_HDV_BS_DSL,2045.0,T_D_pkm_hdv_bs,le,0.033992571,,,,,,,,TRPHRSK001
SK,T_HDV_BT_BEV,2025.0,T_D_pkm_hdv_bt,le,0.044597224,,,,,,,,TRPHRSK001
SK,T_HDV_BT_BEV,2030.0,T_D_pkm_hdv_bt,le,0.044597224,,,,,,,,TRPHRSK001
SK,T_HDV_BT_BEV,2035.0,T_D_pkm_hdv_bt,le,0.044597224,,,,,,,,TRPHRSK001
SK,T_HDV_BT_BEV,2040.0,T_D_pkm_hdv_bt,le,0.044597224,,,,,,,,TRPHRSK001
SK,T_HDV_BT_BEV,2045.0,T_D_pkm_hdv_bt,le,0.044597224,,,,,,,,TRPHRSK001
SK,T_HDV_BT_DSL,2025.0,T_D_pkm_hdv_bt,ge,0.042367363,,,,,,,,TRPHRSK001
SK,T_HDV_BT_DSL,2030.0,T_D_pkm_hdv_bt,ge,0.042367363,,,,,,,,TRPHRSK001
SK,T_HDV_BT_DSL,2035.0,T_D_pkm_hdv_bt,ge,0.042367363,,,,,,,,TRPHRSK001
SK,T_HDV_BT_DSL,2040.0,T_D_pkm_hdv_bt,ge,0.042367363,,,,,,,,TRPHRSK001
SK,T_HDV_BT_DSL,2045.0,T_D_pkm_hdv_bt,ge,0.042367363,,,,,,,,TRPHRSK001
SK,T_HDV_BT_DSL_PHEV,2025.0,T_D_pkm_hdv_bt,le,0.044597224,,,,,,,,TRPHRSK001
SK,T_HDV_BT_DSL_PHEV,2030.0,T_D_pkm_hdv_bt,le,0.044597224,,,,,,,,TRPHRSK001
SK,T_HDV_BT_DSL_PHEV,2035.0,T_D_pkm_hdv_bt,le,0.044597224,,,,,,,,TRPHRSK001
SK,T_HDV_BT_DSL_PHEV,2040.0,T_D_pkm_hdv_bt,le,0.044597224,,,,,,,,TRPHRSK001
SK,T_HDV_BT_DSL_PHEV,2045.0,T_D_pkm_hdv_bt,le,0.044597224,,,,,,,,TRPHRSK001
SK,T_HDV_BT_DSL,2025.0,T_D_pkm_hdv_bt,le,0.044597224,,,,,,,,TRPHRSK001
SK,T_HDV_BT_DSL,2030.0,T_D_pkm_hdv_bt,le,0.044597224,,,,,,,,TRPHRSK001
SK,T_HDV_BT_DSL,2035.0,T_D_pkm_hdv_bt,le,0.044597224,,,,,,,,TRPHRSK001
SK,T_HDV_BT_DSL,2040.0,T_D_pkm_hdv_bt,le,0.044597224,,,,,,,,TRPHRSK001
SK,T_HDV_BT_DSL,2045.0,T_D_pkm_hdv_bt,le,0.044597224,,,,,,,,TRPHRSK001
SK,T_HDV_BS_CNG,2025.0,T_D_pkm_hdv_bs,ge,0.032292942,,,,,,,,TRPHRSK001
SK,T_HDV_BS_CNG,2030.0,T_D_pkm_hdv_bs,ge,0.032292942,,,,,,,,TRPHRSK001
SK,T_HDV_BS_CNG,2035.0,T_D_pkm_hdv_bs,ge,0.032292942,,,,,,,,TRPHRSK001
SK,T_HDV_BS_CNG,2040.0,T_D_pkm_hdv_bs,ge,0.032292942,,,,,,,,TRPHRSK001
SK,T_HDV_BS_CNG,2045.0,T_D_pkm_hdv_bs,ge,0.032292942,,,,,,,,TRPHRSK001
SK,T_HDV_BT_FCHEV,2025.0,T_D_pkm_hdv_bt,ge,0.042367363,,,,,,,,TRPHRSK001
SK,T_HDV_BT_FCHEV,2030.0,T_D_pkm_hdv_bt,ge,0.042367363,,,,,,,,TRPHRSK001
SK,T_HDV_BT_FCHEV,2035.0,T_D_pkm_hdv_bt,ge,0.042367363,,,,,,,,TRPHRSK001
SK,T_HDV_BT_FCHEV,2040.0,T_D_pkm_hdv_bt,ge,0.042367363,,,,,,,,TRPHRSK001
SK,T_HDV_BT_FCHEV,2045.0,T_D_pkm_hdv_bt,ge,0.042367363,,,,,,,,TRPHRSK001
SK,T_LDV_M_GSL,2025.0,T_D_pkm_ldv_m,le,0.008371511,,,,,,,,TRPHRSK001
SK,T_LDV_M_GSL,2030.0,T_D_pkm_ldv_m,le,0.008371511,,,,,,,,TRPHRSK001
SK,T_LDV_M_GSL,2035.0,T_D_pkm_ldv_m,le,0.008371511,,,,,,,,TRPHRSK001
SK,T_LDV_M_GSL,2040.0,T_D_pkm_ldv_m,le,0.008371511,,,,,,,,TRPHRSK001
SK,T_LDV_M_GSL,2045.0,T_D_pkm_ldv_m,le,0.008371511,,,,,,,,TRPHRSK001
SK,T_HDV_BT_CNG,2025.0,T_D_pkm_hdv_bt,le,0.044597224,,,,,,,,TRPHRSK001
SK,T_HDV_BT_CNG,2030.0,T_D_pkm_hdv_bt,le,0.044597224,,,,,,,,TRPHRSK001
SK,T_HDV_BT_CNG,2035.0,T_D_pkm_hdv_bt,le,0.044597224,,,,,,,,TRPHRSK001
SK,T_HDV_BT_CNG,2040.0,T_D_pkm_hdv_bt,le,0.044597224,,,,,,,,TRPHRSK001
SK,T_HDV_BT_CNG,2045.0,T_D_pkm_hdv_bt,le,0.044597224,,,,,,,,TRPHRSK001
SK,T_HDV_BS_DSL_PHEV,2025.0,T_D_pkm_hdv_bs,ge,0.032292942,,,,,,,,TRPHRSK001
SK,T_HDV_BS_DSL_PHEV,2030.0,T_D_pkm_hdv_bs,ge,0.032292942,,,,,,,,TRPHRSK001
SK,T_HDV_BS_DSL_PHEV,2035.0,T_D_pkm_hdv_bs,ge,0.032292942,,,,,,,,TRPHRSK001
SK,T_HDV_BS_DSL_PHEV,2040.0,T_D_pkm_hdv_bs,ge,0.032292942,,,,,,,,TRPHRSK001
SK,T_HDV_BS_DSL_PHEV,2045.0,T_D_pkm_hdv_bs,ge,0.032292942,,,,,,,,TRPHRSK001
SK,T_HDV_BT_DSL_HEV,2025.0,T_D_pkm_hdv_bt,ge,0.042367363,,,,,,,,TRPHRSK001
SK,T_HDV_BT_DSL_HEV,2030.0,T_D_pkm_hdv_bt,ge,0.042367363,,,,,,,,TRPHRSK001
SK,T_HDV_BT_DSL_HEV,2035.0,T_D_pkm_hdv_bt,ge,0.042367363,,,,,,,,TRPHRSK001
SK,T_HDV_BT_DSL_HEV,2040.0,T_D_pkm_hdv_bt,ge,0.042367363,,,,,,,,TRPHRSK001
SK,T_HDV_BT_DSL_HEV,2045.0,T_D_pkm_hdv_bt,ge,0.042367363,,,,,,,,TRPHRSK001
SK,T_HDV_BS_DSL,2025.0,T_D_pkm_hdv_bs,ge,0.032292942,,,,,,,,TRPHRSK001
SK,T_HDV_BS_DSL,2030.0,T_D_pkm_hdv_bs,ge,0.032292942,,,,,,,,TRPHRSK001
SK,T_HDV_BS_DSL,2035.0,T_D_pkm_hdv_bs,ge,0.032292942,,,,,,,,TRPHRSK001
SK,T_HDV_BS_DSL,2040.0,T_D_pkm_hdv_bs,ge,0.032292942,,,,,,,,TRPHRSK001
SK,T_HDV_BS_DSL,2045.0,T_D_pkm_hdv_bs,ge,0.032292942,,,,,,,,TRPHRSK001
SK,T_HDV_BIC_GSL,2025.0,T_D_pkm_hdv_bic,ge,0.044619354,,,,,,,,TRPHRSK001
SK,T_HDV_BIC_GSL,2030.0,T_D_pkm_hdv_bic,ge,0.044619354,,,,,,,,TRPHRSK001
SK,T_HDV_BIC_GSL,2035.0,T_D_pkm_hdv_bic,ge,0.044619354,,,,,,,,TRPHRSK001
SK,T_HDV_BIC_GSL,2040.0,T_D_pkm_hdv_bic,ge,0.044619354,,,,,,,,TRPHRSK001
SK,T_HDV_BIC_GSL,2045.0,T_D_pkm_hdv_bic,ge,0.044619354,,,,,,,,TRPHRSK001
SK,T_HDV_BT_GSL,2025.0,T_D_pkm_hdv_bt,ge,0.042367363,,,,,,,,TRPHRSK001
SK,T_HDV_BT_GSL,2030.0,T_D_pkm_hdv_bt,ge,0.042367363,,,,,,,,TRPHRSK001
SK,T_HDV_BT_GSL,2035.0,T_D_pkm_hdv_bt,ge,0.042367363,,,,,,,,TRPHRSK001
SK,T_HDV_BT_GSL,2040.0,T_D_pkm_hdv_bt,ge,0.042367363,,,,,,,,TRPHRSK001
SK,T_HDV_BT_GSL,2045.0,T_D_pkm_hdv_bt,ge,0.042367363,,,,,,,,TRPHRSK001
SK,T_HDV_BT_FCEV,2025.0,T_D_pkm_hdv_bt,le,0.044597224,,,,,,,,TRPHRSK001
SK,T_HDV_BT_FCEV,2030.0,T_D_pkm_hdv_bt,le,0.044597224,,,,,,,,TRPHRSK001
SK,T_HDV_BT_FCEV,2035.0,T_D_pkm_hdv_bt,le,0.044597224,,,,,,,,TRPHRSK001
SK,T_HDV_BT_FCEV,2040.0,T_D_pkm_hdv_bt,le,0.044597224,,,,,,,,TRPHRSK001
SK,T_HDV_BT_FCEV,2045.0,T_D_pkm_hdv_bt,le,0.044597224,,,,,,,,TRPHRSK001
SK,T_HDV_BT_DSL_PHEV,2025.0,T_D_pkm_hdv_bt,ge,0.042367363,,,,,,,,TRPHRSK001
SK,T_HDV_BT_DSL_PHEV,2030.0,T_D_pkm_hdv_bt,ge,0.042367363,,,,,,,,TRPHRSK001
SK,T_HDV_BT_DSL_PHEV,2035.0,T_D_pkm_hdv_bt,ge,0.042367363,,,,,,,,TRPHRSK001
SK,T_HDV_BT_DSL_PHEV,2040.0,T_D_pkm_hdv_bt,ge,0.042367363,,,,,,,,TRPHRSK001
SK,T_HDV_BT_DSL_PHEV,2045.0,T_D_pkm_hdv_bt,ge,0.042367363,,,,,,,,TRPHRSK001
SK,T_HDV_BS_FCHEV,2025.0,T_D_pkm_hdv_bs,ge,0.032292942,,,,,,,,TRPHRSK001
SK,T_HDV_BS_FCHEV,2030.0,T_D_pkm_hdv_bs,ge,0.032292942,,,,,,,,TRPHRSK001
SK,T_HDV_BS_FCHEV,2035.0,T_D_pkm_hdv_bs,ge,0.032292942,,,,,,,,TRPHRSK001
SK,T_HDV_BS_FCHEV,2040.0,T_D_pkm_hdv_bs,ge,0.032292942,,,,,,,,TRPHRSK001
SK,T_HDV_BS_FCHEV,2045.0,T_D_pkm_hdv_bs,ge,0.032292942,,,,,,,,TRPHRSK001
SK,T_I_H2_SMR_CCS,2025.0,T_h2,ge,0.9025,,,,,,,,TRPHRSK001
SK,T_I_H2_SMR_CCS,2030.0,T_h2,ge,0.9025,,,,,,,,TRPHRSK001
SK,T_I_H2_SMR_CCS,2035.0,T_h2,ge,0.9025,,,,,,,,TRPHRSK001
SK,T_I_H2_SMR_CCS,2040.0,T_h2,ge,0.9025,,,,,,,,TRPHRSK001
SK,T_I_H2_SMR_CCS,2045.0,T_h2,ge,0.9025,,,,,,,,TRPHRSK001
SK,T_HDV_BT_GSL,2025.0,T_D_pkm_hdv_bt,le,0.044597224,,,,,,,,TRPHRSK001
SK,T_HDV_BT_GSL,2030.0,T_D_pkm_hdv_bt,le,0.044597224,,,,,,,,TRPHRSK001
SK,T_HDV_BT_GSL,2035.0,T_D_pkm_hdv_bt,le,0.044597224,,,,,,,,TRPHRSK001
SK,T_HDV_BT_GSL,2040.0,T_D_pkm_hdv_bt,le,0.044597224,,,,,,,,TRPHRSK001
SK,T_HDV_BT_GSL,2045.0,T_D_pkm_hdv_bt,le,0.044597224,,,,,,,,TRPHRSK001
SK,T_HDV_BS_BEV,2025.0,T_D_pkm_hdv_bs,le,0.033992571,,,,,,,,TRPHRSK001
SK,T_HDV_BS_BEV,2030.0,T_D_pkm_hdv_bs,le,0.033992571,,,,,,,,TRPHRSK001
SK,T_HDV_BS_BEV,2035.0,T_D_pkm_hdv_bs,le,0.033992571,,,,,,,,TRPHRSK001
SK,T_HDV_BS_BEV,2040.0,T_D_pkm_hdv_bs,le,0.033992571,,,,,,,,TRPHRSK001
SK,T_HDV_BS_BEV,2045.0,T_D_pkm_hdv_bs,le,0.033992571,,,,,,,,TRPHRSK001
SK,T_HDV_BS_DSL_PHEV,2025.0,T_D_pkm_hdv_bs,le,0.033992571,,,,,,,,TRPHRSK001
SK,T_HDV_BS_DSL_PHEV,2030.0,T_D_pkm_hdv_bs,le,0.033992571,,,,,,,,TRPHRSK001
SK,T_HDV_BS_DSL_PHEV,2035.0,T_D_pkm_hdv_bs,le,0.033992571,,,,,,,,TRPHRSK001
SK,T_HDV_BS_DSL_PHEV,2040.0,T_D_pkm_hdv_bs,le,0.033992571,,,,,,,,TRPHRSK001
SK,T_HDV_BS_DSL_PHEV,2045.0,T_D_pkm_hdv_bs,le,0.033992571,,,,,,,,TRPHRSK001
SK,T_HDV_BT_BEV,2025.0,T_D_pkm_hdv_bt,ge,0.042367363,,,,,,,,TRPHRSK001
SK,T_HDV_BT_BEV,2030.0,T_D_pkm_hdv_bt,ge,0.042367363,,,,,,,,TRPHRSK001
SK,T_HDV_BT_BEV,2035.0,T_D_pkm_hdv_bt,ge,0.042367363,,,,,,,,TRPHRSK001
SK,T_HDV_BT_BEV,2040.0,T_D_pkm_hdv_bt,ge,0.042367363,,,,,,,,TRPHRSK001
SK,T_HDV_BT_BEV,2045.0,T_D_pkm_hdv_bt,ge,0.042367363,,,,,,,,TRPHRSK001
SK,T_LDV_M_GSL,2025.0,T_D_pkm_ldv_m,ge,0.007952935,,,,,,,,TRPHRSK001
SK,T_LDV_M_GSL,2030.0,T_D_pkm_ldv_m,ge,0.007952935,,,,,,,,TRPHRSK001
SK,T_LDV_M_GSL,2035.0,T_D_pkm_ldv_m,ge,0.007952935,,,,,,,,TRPHRSK001
SK,T_LDV_M_GSL,2040.0,T_D_pkm_ldv_m,ge,0.007952935,,,,,,,,TRPHRSK001
SK,T_LDV_M_GSL,2045.0,T_D_pkm_ldv_m,ge,0.007952935,,,,,,,,TRPHRSK001
SK,T_HDV_BS_FCHEV,2025.0,T_D_pkm_hdv_bs,le,0.033992571,,,,,,,,TRPHRSK001
SK,T_HDV_BS_FCHEV,2030.0,T_D_pkm_hdv_bs,le,0.033992571,,,,,,,,TRPHRSK001
SK,T_HDV_BS_FCHEV,2035.0,T_D_pkm_hdv_bs,le,0.033992571,,,,,,,,TRPHRSK001
SK,T_HDV_BS_FCHEV,2040.0,T_D_pkm_hdv_bs,le,0.033992571,,,,,,,,TRPHRSK001
SK,T_HDV_BS_FCHEV,2045.0,T_D_pkm_hdv_bs,le,0.033992571,,,,,,,,TRPHRSK001
SK,T_HDV_BIC_BEV,2025.0,T_D_pkm_hdv_bic,le,0.046967741,,,,,,,,TRPHRSK001
SK,T_HDV_BIC_BEV,2030.0,T_D_pkm_hdv_bic,le,0.046967741,,,,,,,,TRPHRSK001
SK,T_HDV_BIC_BEV,2035.0,T_D_pkm_hdv_bic,le,0.046967741,,,,,,,,TRPHRSK001
SK,T_HDV_BIC_BEV,2040.0,T_D_pkm_hdv_bic,le,0.046967741,,,,,,,,TRPHRSK001
SK,T_HDV_BIC_BEV,2045.0,T_D_pkm_hdv_bic,le,0.046967741,,,,,,,,TRPHRSK001
SK,T_HDV_BT_DSL_HEV,2025.0,T_D_pkm_hdv_bt,le,0.044597224,,,,,,,,TRPHRSK001
SK,T_HDV_BT_DSL_HEV,2030.0,T_D_pkm_hdv_bt,le,0.044597224,,,,,,,,TRPHRSK001
SK,T_HDV_BT_DSL_HEV,2035.0,T_D_pkm_hdv_bt,le,0.044597224,,,,,,,,TRPHRSK001
SK,T_HDV_BT_DSL_HEV,2040.0,T_D_pkm_hdv_bt,le,0.044597224,,,,,,,,TRPHRSK001
SK,T_HDV_BT_DSL_HEV,2045.0,T_D_pkm_hdv_bt,le,0.044597224,,,,,,,,TRPHRSK001
SK,T_I_H2_SMR_CCS,2025.0,T_h2,le,0.95,,,,,,,,TRPHRSK001
SK,T_I_H2_SMR_CCS,2030.0,T_h2,le,0.95,,,,,,,,TRPHRSK001
SK,T_I_H2_SMR_CCS,2035.0,T_h2,le,0.95,,,,,,,,TRPHRSK001
SK,T_I_H2_SMR_CCS,2040.0,T_h2,le,0.95,,,,,,,,TRPHRSK001
SK,T_I_H2_SMR_CCS,2045.0,T_h2,le,0.95,,,,,,,,TRPHRSK001
SK,T_I_H2_SMR,2025.0,T_h2,ge,0.9025,,,,,,,,TRPHRSK001
SK,T_I_H2_SMR,2030.0,T_h2,ge,0.9025,,,,,,,,TRPHRSK001
SK,T_I_H2_SMR,2035.0,T_h2,ge,0.9025,,,,,,,,TRPHRSK001
SK,T_I_H2_SMR,2040.0,T_h2,ge,0.9025,,,,,,,,TRPHRSK001
SK,T_I_H2_SMR,2045.0,T_h2,ge,0.9025,,,,,,,,TRPHRSK001
SK,T_LDV_M_BEV,2025.0,T_D_pkm_ldv_m,le,0.008371511,,,,,,,,TRPHRSK001
SK,T_LDV_M_BEV,2030.0,T_D_pkm_ldv_m,le,0.008371511,,,,,,,,TRPHRSK001
SK,T_LDV_M_BEV,2035.0,T_D_pkm_ldv_m,le,0.008371511,,,,,,,,TRPHRSK001
SK,T_LDV_M_BEV,2040.0,T_D_pkm_ldv_m,le,0.008371511,,,,,,,,TRPHRSK001
SK,T_LDV_M_BEV,2045.0,T_D_pkm_ldv_m,le,0.008371511,,,,,,,,TRPHRSK001
SK,T_HDV_BS_DSL_HEV,2025.0,T_D_pkm_hdv_bs,le,0.033992571,,,,,,,,TRPHRSK001
SK,T_HDV_BS_DSL_HEV,2030.0,T_D_pkm_hdv_bs,le,0.033992571,,,,,,,,TRPHRSK001
SK,T_HDV_BS_DSL_HEV,2035.0,T_D_pkm_hdv_bs,le,0.033992571,,,,,,,,TRPHRSK001
SK,T_HDV_BS_DSL_HEV,2040.0,T_D_pkm_hdv_bs,le,0.033992571,,,,,,,,TRPHRSK001
SK,T_HDV_BS_DSL_HEV,2045.0,T_D_pkm_hdv_bs,le,0.033992571,,,,,,,,TRPHRSK001
SK,T_HDV_BT_FCHEV,2025.0,T_D_pkm_hdv_bt,le,0.044597224,,,,,,,,TRPHRSK001
SK,T_HDV_BT_FCHEV,2030.0,T_D_pkm_hdv_bt,le,0.044597224,,,,,,,,TRPHRSK001
SK,T_HDV_BT_FCHEV,2035.0,T_D_pkm_hdv_bt,le,0.044597224,,,,,,,,TRPHRSK001
SK,T_HDV_BT_FCHEV,2040.0,T_D_pkm_hdv_bt,le,0.044597224,,,,,,,,TRPHRSK001
SK,T_HDV_BT_FCHEV,2045.0,T_D_pkm_hdv_bt,le,0.044597224,,,,,,,,TRPHRSK001
SK,T_HDV_BT_FCEV,2025.0,T_D_pkm_hdv_bt,ge,0.042367363,,,,,,,,TRPHRSK001
SK,T_HDV_BT_FCEV,2030.0,T_D_pkm_hdv_bt,ge,0.042367363,,,,,,,,TRPHRSK001
SK,T_HDV_BT_FCEV,2035.0,T_D_pkm_hdv_bt,ge,0.042367363,,,,,,,,TRPHRSK001
SK,T_HDV_BT_FCEV,2040.0,T_D_pkm_hdv_bt,ge,0.042367363,,,,,,,,TRPHRSK001
SK,T_HDV_BT_FCEV,2045.0,T_D_pkm_hdv_bt,ge,0.042367363,,,,,,,,TRPHRSK001
SK,T_HDV_BIC_FCEV,2025.0,T_D_pkm_hdv_bic,le,0.046967741,,,,,,,,TRPHRSK001
SK,T_HDV_BIC_FCEV,2030.0,T_D_pkm_hdv_bic,le,0.046967741,,,,,,,,TRPHRSK001
SK,T_HDV_BIC_FCEV,2035.0,T_D_pkm_hdv_bic,le,0.046967741,,,,,,,,TRPHRSK001
SK,T_HDV_BIC_FCEV,2040.0,T_D_pkm_hdv_bic,le,0.046967741,,,,,,,,TRPHRSK001
SK,T_HDV_BIC_FCEV,2045.0,T_D_pkm_hdv_bic,le,0.046967741,,,,,,,,TRPHRSK001
SK,T_LDV_M_BEV,2025.0,T_D_pkm_ldv_m,ge,0.007952935,,,,,,,,TRPHRSK001
SK,T_LDV_M_BEV,2030.0,T_D_pkm_ldv_m,ge,0.007952935,,,,,,,,TRPHRSK001
SK,T_LDV_M_BEV,2035.0,T_D_pkm_ldv_m,ge,0.007952935,,,,,,,,TRPHRSK001
SK,T_LDV_M_BEV,2040.0,T_D_pkm_ldv_m,ge,0.007952935,,,,,,,,TRPHRSK001
SK,T_LDV_M_BEV,2045.0,T_D_pkm_ldv_m,ge,0.007952935,,,,,,,,TRPHRSK001
SK,T_HDV_BIC_DSL,2025.0,T_D_pkm_hdv_bic,le,0.046967741,,,,,,,,TRPHRSK001
SK,T_HDV_BIC_DSL,2030.0,T_D_pkm_hdv_bic,le,0.046967741,,,,,,,,TRPHRSK001
SK,T_HDV_BIC_DSL,2035.0,T_D_pkm_hdv_bic,le,0.046967741,,,,,,,,TRPHRSK001
SK,T_HDV_BIC_DSL,2040.0,T_D_pkm_hdv_bic,le,0.046967741,,,,,,,,TRPHRSK001
SK,T_HDV_BIC_DSL,2045.0,T_D_pkm_hdv_bic,le,0.046967741,,,,,,,,TRPHRSK001
SK,T_HDV_BS_DSL_HEV,2025.0,T_D_pkm_hdv_bs,ge,0.032292942,,,,,,,,TRPHRSK001
SK,T_HDV_BS_DSL_HEV,2030.0,T_D_pkm_hdv_bs,ge,0.032292942,,,,,,,,TRPHRSK001
SK,T_HDV_BS_DSL_HEV,2035.0,T_D_pkm_hdv_bs,ge,0.032292942,,,,,,,,TRPHRSK001
SK,T_HDV_BS_DSL_HEV,2040.0,T_D_pkm_hdv_bs,ge,0.032292942,,,,,,,,TRPHRSK001
SK,T_HDV_BS_DSL_HEV,2045.0,T_D_pkm_hdv_bs,ge,0.032292942,,,,,,,,TRPHRSK001
SK,T_HDV_BIC_FCEV,2025.0,T_D_pkm_hdv_bic,ge,0.044619354,,,,,,,,TRPHRSK001
SK,T_HDV_BIC_FCEV,2030.0,T_D_pkm_hdv_bic,ge,0.044619354,,,,,,,,TRPHRSK001
SK,T_HDV_BIC_FCEV,2035.0,T_D_pkm_hdv_bic,ge,0.044619354,,,,,,,,TRPHRSK001
SK,T_HDV_BIC_FCEV,2040.0,T_D_pkm_hdv_bic,ge,0.044619354,,,,,,,,TRPHRSK001
SK,T_HDV_BIC_FCEV,2045.0,T_D_pkm_hdv_bic,ge,0.044619354,,,,,,,,TRPHRSK001
SK,T_LDV_BEV_CHRG,2025.0,T_elc_ldv_bev_chrg,ge,0.4352528997003083,,,,,,,,TRPHRSK001
SK,T_LDV_BEV_CHRG,2030.0,T_elc_ldv_bev_chrg,ge,0.4352528997003083,,,,,,,,TRPHRSK001
SK,T_LDV_BEV_CHRG,2035.0,T_elc_ldv_bev_chrg,ge,0.4352528997003083,,,,,,,,TRPHRSK001
SK,T_LDV_BEV_CHRG,2040.0,T_elc_ldv_bev_chrg,ge,0.4352528997003083,,,,,,,,TRPHRSK001
SK,T_LDV_BEV_CHRG,2045.0,T_elc_ldv_bev_chrg,ge,0.4352528997003083,,,,,,,,TRPHRSK001
AB,T_LDV_C_BEV150,2025.0,T_D_pkm_ldv_c,le,0.03792460691430093,,,,,,,,TRPHRAB001
AB,T_LDV_C_BEV150,2030.0,T_D_pkm_ldv_c,le,0.03792460691430093,,,,,,,,TRPHRAB001
AB,T_LDV_C_BEV150,2035.0,T_D_pkm_ldv_c,le,0.03792460691430093,,,,,,,,TRPHRAB001
AB,T_LDV_C_BEV150,2040.0,T_D_pkm_ldv_c,le,0.03792460691430093,,,,,,,,TRPHRAB001
AB,T_LDV_C_BEV150,2045.0,T_D_pkm_ldv_c,le,0.03792460691430093,,,,,,,,TRPHRAB001
AB,T_LDV_C_BEV200,2025.0,T_D_pkm_ldv_c,le,0.03792460691430093,,,,,,,,TRPHRAB001
AB,T_LDV_C_BEV200,2030.0,T_D_pkm_ldv_c,le,0.03792460691430093,,,,,,,,TRPHRAB001
AB,T_LDV_C_BEV200,2035.0,T_D_pkm_ldv_c,le,0.03792460691430093,,,,,,,,TRPHRAB001
AB,T_LDV_C_BEV200,2040.0,T_D_pkm_ldv_c,le,0.03792460691430093,,,,,,,,TRPHRAB001
AB,T_LDV_C_BEV200,2045.0,T_D_pkm_ldv_c,le,0.03792460691430093,,,,,,,,TRPHRAB001
AB,T_LDV_C_BEV300,2025.0,T_D_pkm_ldv_c,le,0.03792460691430093,,,,,,,,TRPHRAB001
AB,T_LDV_C_BEV300,2030.0,T_D_pkm_ldv_c,le,0.03792460691430093,,,,,,,,TRPHRAB001
AB,T_LDV_C_BEV300,2035.0,T_D_pkm_ldv_c,le,0.03792460691430093,,,,,,,,TRPHRAB001
AB,T_LDV_C_BEV300,2040.0,T_D_pkm_ldv_c,le,0.03792460691430093,,,,,,,,TRPHRAB001
AB,T_LDV_C_BEV300,2045.0,T_D_pkm_ldv_c,le,0.03792460691430093,,,,,,,,TRPHRAB001
AB,T_LDV_C_BEV400,2025.0,T_D_pkm_ldv_c,le,0.03792460691430093,,,,,,,,TRPHRAB001
AB,T_LDV_C_BEV400,2030.0,T_D_pkm_ldv_c,le,0.03792460691430093,,,,,,,,TRPHRAB001
AB,T_LDV_C_BEV400,2035.0,T_D_pkm_ldv_c,le,0.03792460691430093,,,,,,,,TRPHRAB001
AB,T_LDV_C_BEV400,2040.0,T_D_pkm_ldv_c,le,0.03792460691430093,,,,,,,,TRPHRAB001
AB,T_LDV_C_BEV400,2045.0,T_D_pkm_ldv_c,le,0.03792460691430093,,,,,,,,TRPHRAB001
AB,T_LDV_C_CNG,2025.0,T_D_pkm_ldv_c,le,0.03792460691430093,,,,,,,,TRPHRAB001
AB,T_LDV_C_CNG,2030.0,T_D_pkm_ldv_c,le,0.03792460691430093,,,,,,,,TRPHRAB001
AB,T_LDV_C_CNG,2035.0,T_D_pkm_ldv_c,le,0.03792460691430093,,,,,,,,TRPHRAB001
AB,T_LDV_C_CNG,2040.0,T_D_pkm_ldv_c,le,0.03792460691430093,,,,,,,,TRPHRAB001
AB,T_LDV_C_CNG,2045.0,T_D_pkm_ldv_c,le,0.03792460691430093,,,,,,,,TRPHRAB001
AB,T_LDV_C_DSL,2025.0,T_D_pkm_ldv_c,le,0.03792460691430093,,,,,,,,TRPHRAB001
AB,T_LDV_C_DSL,2030.0,T_D_pkm_ldv_c,le,0.03792460691430093,,,,,,,,TRPHRAB001
AB,T_LDV_C_DSL,2035.0,T_D_pkm_ldv_c,le,0.03792460691430093,,,,,,,,TRPHRAB001
AB,T_LDV_C_DSL,2040.0,T_D_pkm_ldv_c,le,0.03792460691430093,,,,,,,,TRPHRAB001
AB,T_LDV_C_DSL,2045.0,T_D_pkm_ldv_c,le,0.03792460691430093,,,,,,,,TRPHRAB001
AB,T_LDV_C_FCEV400,2025.0,T_D_pkm_ldv_c,le,0.03792460691430093,,,,,,,,TRPHRAB001
AB,T_LDV_C_FCEV400,2030.0,T_D_pkm_ldv_c,le,0.03792460691430093,,,,,,,,TRPHRAB001
AB,T_LDV_C_FCEV400,2035.0,T_D_pkm_ldv_c,le,0.03792460691430093,,,,,,,,TRPHRAB001
AB,T_LDV_C_FCEV400,2040.0,T_D_pkm_ldv_c,le,0.03792460691430093,,,,,,,,TRPHRAB001
AB,T_LDV_C_FCEV400,2045.0,T_D_pkm_ldv_c,le,0.03792460691430093,,,,,,,,TRPHRAB001
AB,T_LDV_C_GSL,2025.0,T_D_pkm_ldv_c,le,0.03792460691430093,,,,,,,,TRPHRAB001
AB,T_LDV_C_GSL,2030.0,T_D_pkm_ldv_c,le,0.03792460691430093,,,,,,,,TRPHRAB001
AB,T_LDV_C_GSL,2035.0,T_D_pkm_ldv_c,le,0.03792460691430093,,,,,,,,TRPHRAB001
AB,T_LDV_C_GSL,2040.0,T_D_pkm_ldv_c,le,0.03792460691430093,,,,,,,,TRPHRAB001
AB,T_LDV_C_GSL,2045.0,T_D_pkm_ldv_c,le,0.03792460691430093,,,,,,,,TRPHRAB001
AB,T_LDV_C_GSL_HEV,2025.0,T_D_pkm_ldv_c,le,0.03792460691430093,,,,,,,,TRPHRAB001
AB,T_LDV_C_GSL_HEV,2030.0,T_D_pkm_ldv_c,le,0.03792460691430093,,,,,,,,TRPHRAB001
AB,T_LDV_C_GSL_HEV,2035.0,T_D_pkm_ldv_c,le,0.03792460691430093,,,,,,,,TRPHRAB001
AB,T_LDV_C_GSL_HEV,2040.0,T_D_pkm_ldv_c,le,0.03792460691430093,,,,,,,,TRPHRAB001
AB,T_LDV_C_GSL_HEV,2045.0,T_D_pkm_ldv_c,le,0.03792460691430093,,,,,,,,TRPHRAB001
AB,T_LDV_C_GSL_PHEV35,2025.0,T_D_pkm_ldv_c,le,0.03792460691430093,,,,,,,,TRPHRAB001
AB,T_LDV_C_GSL_PHEV35,2030.0,T_D_pkm_ldv_c,le,0.03792460691430093,,,,,,,,TRPHRAB001
AB,T_LDV_C_GSL_PHEV35,2035.0,T_D_pkm_ldv_c,le,0.03792460691430093,,,,,,,,TRPHRAB001
AB,T_LDV_C_GSL_PHEV35,2040.0,T_D_pkm_ldv_c,le,0.03792460691430093,,,,,,,,TRPHRAB001
AB,T_LDV_C_GSL_PHEV35,2045.0,T_D_pkm_ldv_c,le,0.03792460691430093,,,,,,,,TRPHRAB001
AB,T_LDV_C_GSL_PHEV50,2025.0,T_D_pkm_ldv_c,le,0.03792460691430093,,,,,,,,TRPHRAB001
AB,T_LDV_C_GSL_PHEV50,2030.0,T_D_pkm_ldv_c,le,0.03792460691430093,,,,,,,,TRPHRAB001
AB,T_LDV_C_GSL_PHEV50,2035.0,T_D_pkm_ldv_c,le,0.03792460691430093,,,,,,,,TRPHRAB001
AB,T_LDV_C_GSL_PHEV50,2040.0,T_D_pkm_ldv_c,le,0.03792460691430093,,,,,,,,TRPHRAB001
AB,T_LDV_C_GSL_PHEV50,2045.0,T_D_pkm_ldv_c,le,0.03792460691430093,,,,,,,,TRPHRAB001
BC,T_LDV_C_BEV150,2025.0,T_D_pkm_ldv_c,le,0.03792460691430093,,,,,,,,TRPHRBC001
BC,T_LDV_C_BEV150,2030.0,T_D_pkm_ldv_c,le,0.03792460691430093,,,,,,,,TRPHRBC001
BC,T_LDV_C_BEV150,2035.0,T_D_pkm_ldv_c,le,0.03792460691430093,,,,,,,,TRPHRBC001
BC,T_LDV_C_BEV150,2040.0,T_D_pkm_ldv_c,le,0.03792460691430093,,,,,,,,TRPHRBC001
BC,T_LDV_C_BEV150,2045.0,T_D_pkm_ldv_c,le,0.03792460691430093,,,,,,,,TRPHRBC001
BC,T_LDV_C_BEV200,2025.0,T_D_pkm_ldv_c,le,0.03792460691430093,,,,,,,,TRPHRBC001
BC,T_LDV_C_BEV200,2030.0,T_D_pkm_ldv_c,le,0.03792460691430093,,,,,,,,TRPHRBC001
BC,T_LDV_C_BEV200,2035.0,T_D_pkm_ldv_c,le,0.03792460691430093,,,,,,,,TRPHRBC001
BC,T_LDV_C_BEV200,2040.0,T_D_pkm_ldv_c,le,0.03792460691430093,,,,,,,,TRPHRBC001
BC,T_LDV_C_BEV200,2045.0,T_D_pkm_ldv_c,le,0.03792460691430093,,,,,,,,TRPHRBC001
BC,T_LDV_C_BEV300,2025.0,T_D_pkm_ldv_c,le,0.03792460691430093,,,,,,,,TRPHRBC001
BC,T_LDV_C_BEV300,2030.0,T_D_pkm_ldv_c,le,0.03792460691430093,,,,,,,,TRPHRBC001
BC,T_LDV_C_BEV300,2035.0,T_D_pkm_ldv_c,le,0.03792460691430093,,,,,,,,TRPHRBC001
BC,T_LDV_C_BEV300,2040.0,T_D_pkm_ldv_c,le,0.03792460691430093,,,,,,,,TRPHRBC001
BC,T_LDV_C_BEV300,2045.0,T_D_pkm_ldv_c,le,0.03792460691430093,,,,,,,,TRPHRBC001
BC,T_LDV_C_BEV400,2025.0,T_D_pkm_ldv_c,le,0.03792460691430093,,,,,,,,TRPHRBC001
BC,T_LDV_C_BEV400,2030.0,T_D_pkm_ldv_c,le,0.03792460691430093,,,,,,,,TRPHRBC001
BC,T_LDV_C_BEV400,2035.0,T_D_pkm_ldv_c,le,0.03792460691430093,,,,,,,,TRPHRBC001
BC,T_LDV_C_BEV400,2040.0,T_D_pkm_ldv_c,le,0.03792460691430093,,,,,,,,TRPHRBC001
BC,T_LDV_C_BEV400,2045.0,T_D_pkm_ldv_c,le,0.03792460691430093,,,,,,,,TRPHRBC001
BC,T_LDV_C_CNG,2025.0,T_D_pkm_ldv_c,le,0.03792460691430093,,,,,,,,TRPHRBC001
BC,T_LDV_C_CNG,2030.0,T_D_pkm_ldv_c,le,0.03792460691430093,,,,,,,,TRPHRBC001
BC,T_LDV_C_CNG,2035.0,T_D_pkm_ldv_c,le,0.03792460691430093,,,,,,,,TRPHRBC001
BC,T_LDV_C_CNG,2040.0,T_D_pkm_ldv_c,le,0.03792460691430093,,,,,,,,TRPHRBC001
BC,T_LDV_C_CNG,2045.0,T_D_pkm_ldv_c,le,0.03792460691430093,,,,,,,,TRPHRBC001
BC,T_LDV_C_DSL,2025.0,T_D_pkm_ldv_c,le,0.03792460691430093,,,,,,,,TRPHRBC001
BC,T_LDV_C_DSL,2030.0,T_D_pkm_ldv_c,le,0.03792460691430093,,,,,,,,TRPHRBC001
BC,T_LDV_C_DSL,2035.0,T_D_pkm_ldv_c,le,0.03792460691430093,,,,,,,,TRPHRBC001
BC,T_LDV_C_DSL,2040.0,T_D_pkm_ldv_c,le,0.03792460691430093,,,,,,,,TRPHRBC001
BC,T_LDV_C_DSL,2045.0,T_D_pkm_ldv_c,le,0.03792460691430093,,,,,,,,TRPHRBC001
BC,T_LDV_C_FCEV400,2025.0,T_D_pkm_ldv_c,le,0.03792460691430093,,,,,,,,TRPHRBC001
BC,T_LDV_C_FCEV400,2030.0,T_D_pkm_ldv_c,le,0.03792460691430093,,,,,,,,TRPHRBC001
BC,T_LDV_C_FCEV400,2035.0,T_D_pkm_ldv_c,le,0.03792460691430093,,,,,,,,TRPHRBC001
BC,T_LDV_C_FCEV400,2040.0,T_D_pkm_ldv_c,le,0.03792460691430093,,,,,,,,TRPHRBC001
BC,T_LDV_C_FCEV400,2045.0,T_D_pkm_ldv_c,le,0.03792460691430093,,,,,,,,TRPHRBC001
BC,T_LDV_C_GSL,2025.0,T_D_pkm_ldv_c,le,0.03792460691430093,,,,,,,,TRPHRBC001
BC,T_LDV_C_GSL,2030.0,T_D_pkm_ldv_c,le,0.03792460691430093,,,,,,,,TRPHRBC001
BC,T_LDV_C_GSL,2035.0,T_D_pkm_ldv_c,le,0.03792460691430093,,,,,,,,TRPHRBC001
BC,T_LDV_C_GSL,2040.0,T_D_pkm_ldv_c,le,0.03792460691430093,,,,,,,,TRPHRBC001
BC,T_LDV_C_GSL,2045.0,T_D_pkm_ldv_c,le,0.03792460691430093,,,,,,,,TRPHRBC001
BC,T_LDV_C_GSL_HEV,2025.0,T_D_pkm_ldv_c,le,0.03792460691430093,,,,,,,,TRPHRBC001
BC,T_LDV_C_GSL_HEV,2030.0,T_D_pkm_ldv_c,le,0.03792460691430093,,,,,,,,TRPHRBC001
BC,T_LDV_C_GSL_HEV,2035.0,T_D_pkm_ldv_c,le,0.03792460691430093,,,,,,,,TRPHRBC001
BC,T_LDV_C_GSL_HEV,2040.0,T_D_pkm_ldv_c,le,0.03792460691430093,,,,,,,,TRPHRBC001
BC,T_LDV_C_GSL_HEV,2045.0,T_D_pkm_ldv_c,le,0.03792460691430093,,,,,,,,TRPHRBC001
BC,T_LDV_C_GSL_PHEV35,2025.0,T_D_pkm_ldv_c,le,0.03792460691430093,,,,,,,,TRPHRBC001
BC,T_LDV_C_GSL_PHEV35,2030.0,T_D_pkm_ldv_c,le,0.03792460691430093,,,,,,,,TRPHRBC001
BC,T_LDV_C_GSL_PHEV35,2035.0,T_D_pkm_ldv_c,le,0.03792460691430093,,,,,,,,TRPHRBC001
BC,T_LDV_C_GSL_PHEV35,2040.0,T_D_pkm_ldv_c,le,0.03792460691430093,,,,,,,,TRPHRBC001
BC,T_LDV_C_GSL_PHEV35,2045.0,T_D_pkm_ldv_c,le,0.03792460691430093,,,,,,,,TRPHRBC001
BC,T_LDV_C_GSL_PHEV50,2025.0,T_D_pkm_ldv_c,le,0.03792460691430093,,,,,,,,TRPHRBC001
BC,T_LDV_C_GSL_PHEV50,2030.0,T_D_pkm_ldv_c,le,0.03792460691430093,,,,,,,,TRPHRBC001
BC,T_LDV_C_GSL_PHEV50,2035.0,T_D_pkm_ldv_c,le,0.03792460691430093,,,,,,,,TRPHRBC001
BC,T_LDV_C_GSL_PHEV50,2040.0,T_D_pkm_ldv_c,le,0.03792460691430093,,,,,,,,TRPHRBC001
BC,T_LDV_C_GSL_PHEV50,2045.0,T_D_pkm_ldv_c,le,0.03792460691430093,,,,,,,,TRPHRBC001
MB,T_LDV_C_BEV150,2025.0,T_D_pkm_ldv_c,le,0.03792460691430093,,,,,,,,TRPHRMB001
MB,T_LDV_C_BEV150,2030.0,T_D_pkm_ldv_c,le,0.03792460691430093,,,,,,,,TRPHRMB001
MB,T_LDV_C_BEV150,2035.0,T_D_pkm_ldv_c,le,0.03792460691430093,,,,,,,,TRPHRMB001
MB,T_LDV_C_BEV150,2040.0,T_D_pkm_ldv_c,le,0.03792460691430093,,,,,,,,TRPHRMB001
MB,T_LDV_C_BEV150,2045.0,T_D_pkm_ldv_c,le,0.03792460691430093,,,,,,,,TRPHRMB001
MB,T_LDV_C_BEV200,2025.0,T_D_pkm_ldv_c,le,0.03792460691430093,,,,,,,,TRPHRMB001
MB,T_LDV_C_BEV200,2030.0,T_D_pkm_ldv_c,le,0.03792460691430093,,,,,,,,TRPHRMB001
MB,T_LDV_C_BEV200,2035.0,T_D_pkm_ldv_c,le,0.03792460691430093,,,,,,,,TRPHRMB001
MB,T_LDV_C_BEV200,2040.0,T_D_pkm_ldv_c,le,0.03792460691430093,,,,,,,,TRPHRMB001
MB,T_LDV_C_BEV200,2045.0,T_D_pkm_ldv_c,le,0.03792460691430093,,,,,,,,TRPHRMB001
MB,T_LDV_C_BEV300,2025.0,T_D_pkm_ldv_c,le,0.03792460691430093,,,,,,,,TRPHRMB001
MB,T_LDV_C_BEV300,2030.0,T_D_pkm_ldv_c,le,0.03792460691430093,,,,,,,,TRPHRMB001
MB,T_LDV_C_BEV300,2035.0,T_D_pkm_ldv_c,le,0.03792460691430093,,,,,,,,TRPHRMB001
MB,T_LDV_C_BEV300,2040.0,T_D_pkm_ldv_c,le,0.03792460691430093,,,,,,,,TRPHRMB001
MB,T_LDV_C_BEV300,2045.0,T_D_pkm_ldv_c,le,0.03792460691430093,,,,,,,,TRPHRMB001
MB,T_LDV_C_BEV400,2025.0,T_D_pkm_ldv_c,le,0.03792460691430093,,,,,,,,TRPHRMB001
MB,T_LDV_C_BEV400,2030.0,T_D_pkm_ldv_c,le,0.03792460691430093,,,,,,,,TRPHRMB001
MB,T_LDV_C_BEV400,2035.0,T_D_pkm_ldv_c,le,0.03792460691430093,,,,,,,,TRPHRMB001
MB,T_LDV_C_BEV400,2040.0,T_D_pkm_ldv_c,le,0.03792460691430093,,,,,,,,TRPHRMB001
MB,T_LDV_C_BEV400,2045.0,T_D_pkm_ldv_c,le,0.03792460691430093,,,,,,,,TRPHRMB001
MB,T_LDV_C_CNG,2025.0,T_D_pkm_ldv_c,le,0.03792460691430093,,,,,,,,TRPHRMB001
MB,T_LDV_C_CNG,2030.0,T_D_pkm_ldv_c,le,0.03792460691430093,,,,,,,,TRPHRMB001
MB,T_LDV_C_CNG,2035.0,T_D_pkm_ldv_c,le,0.03792460691430093,,,,,,,,TRPHRMB001
MB,T_LDV_C_CNG,2040.0,T_D_pkm_ldv_c,le,0.03792460691430093,,,,,,,,TRPHRMB001
MB,T_LDV_C_CNG,2045.0,T_D_pkm_ldv_c,le,0.03792460691430093,,,,,,,,TRPHRMB001
MB,T_LDV_C_DSL,2025.0,T_D_pkm_ldv_c,le,0.03792460691430093,,,,,,,,TRPHRMB001
MB,T_LDV_C_DSL,2030.0,T_D_pkm_ldv_c,le,0.03792460691430093,,,,,,,,TRPHRMB001
MB,T_LDV_C_DSL,2035.0,T_D_pkm_ldv_c,le,0.03792460691430093,,,,,,,,TRPHRMB001
MB,T_LDV_C_DSL,2040.0,T_D_pkm_ldv_c,le,0.03792460691430093,,,,,,,,TRPHRMB001
MB,T_LDV_C_DSL,2045.0,T_D_pkm_ldv_c,le,0.03792460691430093,,,,,,,,TRPHRMB001
MB,T_LDV_C_FCEV400,2025.0,T_D_pkm_ldv_c,le,0.03792460691430093,,,,,,,,TRPHRMB001
MB,T_LDV_C_FCEV400,2030.0,T_D_pkm_ldv_c,le,0.03792460691430093,,,,,,,,TRPHRMB001
MB,T_LDV_C_FCEV400,2035.0,T_D_pkm_ldv_c,le,0.03792460691430093,,,,,,,,TRPHRMB001
MB,T_LDV_C_FCEV400,2040.0,T_D_pkm_ldv_c,le,0.03792460691430093,,,,,,,,TRPHRMB001
MB,T_LDV_C_FCEV400,2045.0,T_D_pkm_ldv_c,le,0.03792460691430093,,,,,,,,TRPHRMB001
MB,T_LDV_C_GSL,2025.0,T_D_pkm_ldv_c,le,0.03792460691430093,,,,,,,,TRPHRMB001
MB,T_LDV_C_GSL,2030.0,T_D_pkm_ldv_c,le,0.03792460691430093,,,,,,,,TRPHRMB001
MB,T_LDV_C_GSL,2035.0,T_D_pkm_ldv_c,le,0.03792460691430093,,,,,,,,TRPHRMB001
MB,T_LDV_C_GSL,2040.0,T_D_pkm_ldv_c,le,0.03792460691430093,,,,,,,,TRPHRMB001
MB,T_LDV_C_GSL,2045.0,T_D_pkm_ldv_c,le,0.03792460691430093,,,,,,,,TRPHRMB001
MB,T_LDV_C_GSL_HEV,2025.0,T_D_pkm_ldv_c,le,0.03792460691430093,,,,,,,,TRPHRMB001
MB,T_LDV_C_GSL_HEV,2030.0,T_D_pkm_ldv_c,le,0.03792460691430093,,,,,,,,TRPHRMB001
MB,T_LDV_C_GSL_HEV,2035.0,T_D_pkm_ldv_c,le,0.03792460691430093,,,,,,,,TRPHRMB001
MB,T_LDV_C_GSL_HEV,2040.0,T_D_pkm_ldv_c,le,0.03792460691430093,,,,,,,,TRPHRMB001
MB,T_LDV_C_GSL_HEV,2045.0,T_D_pkm_ldv_c,le,0.03792460691430093,,,,,,,,TRPHRMB001
MB,T_LDV_C_GSL_PHEV35,2025.0,T_D_pkm_ldv_c,le,0.03792460691430093,,,,,,,,TRPHRMB001
MB,T_LDV_C_GSL_PHEV35,2030.0,T_D_pkm_ldv_c,le,0.03792460691430093,,,,,,,,TRPHRMB001
MB,T_LDV_C_GSL_PHEV35,2035.0,T_D_pkm_ldv_c,le,0.03792460691430093,,,,,,,,TRPHRMB001
MB,T_LDV_C_GSL_PHEV35,2040.0,T_D_pkm_ldv_c,le,0.03792460691430093,,,,,,,,TRPHRMB001
MB,T_LDV_C_GSL_PHEV35,2045.0,T_D_pkm_ldv_c,le,0.03792460691430093,,,,,,,,TRPHRMB001
MB,T_LDV_C_GSL_PHEV50,2025.0,T_D_pkm_ldv_c,le,0.03792460691430093,,,,,,,,TRPHRMB001
MB,T_LDV_C_GSL_PHEV50,2030.0,T_D_pkm_ldv_c,le,0.03792460691430093,,,,,,,,TRPHRMB001
MB,T_LDV_C_GSL_PHEV50,2035.0,T_D_pkm_ldv_c,le,0.03792460691430093,,,,,,,,TRPHRMB001
MB,T_LDV_C_GSL_PHEV50,2040.0,T_D_pkm_ldv_c,le,0.03792460691430093,,,,,,,,TRPHRMB001
MB,T_LDV_C_GSL_PHEV50,2045.0,T_D_pkm_ldv_c,le,0.03792460691430093,,,,,,,,TRPHRMB001
NB,T_LDV_C_BEV150,2025.0,T_D_pkm_ldv_c,le,0.03792460691430093,,,,,,,,TRPHRNB001
NB,T_LDV_C_BEV150,2030.0,T_D_pkm_ldv_c,le,0.03792460691430093,,,,,,,,TRPHRNB001
NB,T_LDV_C_BEV150,2035.0,T_D_pkm_ldv_c,le,0.03792460691430093,,,,,,,,TRPHRNB001
NB,T_LDV_C_BEV150,2040.0,T_D_pkm_ldv_c,le,0.03792460691430093,,,,,,,,TRPHRNB001
NB,T_LDV_C_BEV150,2045.0,T_D_pkm_ldv_c,le,0.03792460691430093,,,,,,,,TRPHRNB001
NB,T_LDV_C_BEV200,2025.0,T_D_pkm_ldv_c,le,0.03792460691430093,,,,,,,,TRPHRNB001
NB,T_LDV_C_BEV200,2030.0,T_D_pkm_ldv_c,le,0.03792460691430093,,,,,,,,TRPHRNB001
NB,T_LDV_C_BEV200,2035.0,T_D_pkm_ldv_c,le,0.03792460691430093,,,,,,,,TRPHRNB001
NB,T_LDV_C_BEV200,2040.0,T_D_pkm_ldv_c,le,0.03792460691430093,,,,,,,,TRPHRNB001
NB,T_LDV_C_BEV200,2045.0,T_D_pkm_ldv_c,le,0.03792460691430093,,,,,,,,TRPHRNB001
NB,T_LDV_C_BEV300,2025.0,T_D_pkm_ldv_c,le,0.03792460691430093,,,,,,,,TRPHRNB001
NB,T_LDV_C_BEV300,2030.0,T_D_pkm_ldv_c,le,0.03792460691430093,,,,,,,,TRPHRNB001
NB,T_LDV_C_BEV300,2035.0,T_D_pkm_ldv_c,le,0.03792460691430093,,,,,,,,TRPHRNB001
NB,T_LDV_C_BEV300,2040.0,T_D_pkm_ldv_c,le,0.03792460691430093,,,,,,,,TRPHRNB001
NB,T_LDV_C_BEV300,2045.0,T_D_pkm_ldv_c,le,0.03792460691430093,,,,,,,,TRPHRNB001
NB,T_LDV_C_BEV400,2025.0,T_D_pkm_ldv_c,le,0.03792460691430093,,,,,,,,TRPHRNB001
NB,T_LDV_C_BEV400,2030.0,T_D_pkm_ldv_c,le,0.03792460691430093,,,,,,,,TRPHRNB001
NB,T_LDV_C_BEV400,2035.0,T_D_pkm_ldv_c,le,0.03792460691430093,,,,,,,,TRPHRNB001
NB,T_LDV_C_BEV400,2040.0,T_D_pkm_ldv_c,le,0.03792460691430093,,,,,,,,TRPHRNB001
NB,T_LDV_C_BEV400,2045.0,T_D_pkm_ldv_c,le,0.03792460691430093,,,,,,,,TRPHRNB001
NB,T_LDV_C_CNG,2025.0,T_D_pkm_ldv_c,le,0.03792460691430093,,,,,,,,TRPHRNB001
NB,T_LDV_C_CNG,2030.0,T_D_pkm_ldv_c,le,0.03792460691430093,,,,,,,,TRPHRNB001
NB,T_LDV_C_CNG,2035.0,T_D_pkm_ldv_c,le,0.03792460691430093,,,,,,,,TRPHRNB001
NB,T_LDV_C_CNG,2040.0,T_D_pkm_ldv_c,le,0.03792460691430093,,,,,,,,TRPHRNB001
NB,T_LDV_C_CNG,2045.0,T_D_pkm_ldv_c,le,0.03792460691430093,,,,,,,,TRPHRNB001
NB,T_LDV_C_DSL,2025.0,T_D_pkm_ldv_c,le,0.03792460691430093,,,,,,,,TRPHRNB001
NB,T_LDV_C_DSL,2030.0,T_D_pkm_ldv_c,le,0.03792460691430093,,,,,,,,TRPHRNB001
NB,T_LDV_C_DSL,2035.0,T_D_pkm_ldv_c,le,0.03792460691430093,,,,,,,,TRPHRNB001
NB,T_LDV_C_DSL,2040.0,T_D_pkm_ldv_c,le,0.03792460691430093,,,,,,,,TRPHRNB001
NB,T_LDV_C_DSL,2045.0,T_D_pkm_ldv_c,le,0.03792460691430093,,,,,,,,TRPHRNB001
NB,T_LDV_C_FCEV400,2025.0,T_D_pkm_ldv_c,le,0.03792460691430093,,,,,,,,TRPHRNB001
NB,T_LDV_C_FCEV400,2030.0,T_D_pkm_ldv_c,le,0.03792460691430093,,,,,,,,TRPHRNB001
NB,T_LDV_C_FCEV400,2035.0,T_D_pkm_ldv_c,le,0.03792460691430093,,,,,,,,TRPHRNB001
NB,T_LDV_C_FCEV400,2040.0,T_D_pkm_ldv_c,le,0.03792460691430093,,,,,,,,TRPHRNB001
NB,T_LDV_C_FCEV400,2045.0,T_D_pkm_ldv_c,le,0.03792460691430093,,,,,,,,TRPHRNB001
NB,T_LDV_C_GSL,2025.0,T_D_pkm_ldv_c,le,0.03792460691430093,,,,,,,,TRPHRNB001
NB,T_LDV_C_GSL,2030.0,T_D_pkm_ldv_c,le,0.03792460691430093,,,,,,,,TRPHRNB001
NB,T_LDV_C_GSL,2035.0,T_D_pkm_ldv_c,le,0.03792460691430093,,,,,,,,TRPHRNB001
NB,T_LDV_C_GSL,2040.0,T_D_pkm_ldv_c,le,0.03792460691430093,,,,,,,,TRPHRNB001
NB,T_LDV_C_GSL,2045.0,T_D_pkm_ldv_c,le,0.03792460691430093,,,,,,,,TRPHRNB001
NB,T_LDV_C_GSL_HEV,2025.0,T_D_pkm_ldv_c,le,0.03792460691430093,,,,,,,,TRPHRNB001
NB,T_LDV_C_GSL_HEV,2030.0,T_D_pkm_ldv_c,le,0.03792460691430093,,,,,,,,TRPHRNB001
NB,T_LDV_C_GSL_HEV,2035.0,T_D_pkm_ldv_c,le,0.03792460691430093,,,,,,,,TRPHRNB001
NB,T_LDV_C_GSL_HEV,2040.0,T_D_pkm_ldv_c,le,0.03792460691430093,,,,,,,,TRPHRNB001
NB,T_LDV_C_GSL_HEV,2045.0,T_D_pkm_ldv_c,le,0.03792460691430093,,,,,,,,TRPHRNB001
NB,T_LDV_C_GSL_PHEV35,2025.0,T_D_pkm_ldv_c,le,0.03792460691430093,,,,,,,,TRPHRNB001
NB,T_LDV_C_GSL_PHEV35,2030.0,T_D_pkm_ldv_c,le,0.03792460691430093,,,,,,,,TRPHRNB001
NB,T_LDV_C_GSL_PHEV35,2035.0,T_D_pkm_ldv_c,le,0.03792460691430093,,,,,,,,TRPHRNB001
NB,T_LDV_C_GSL_PHEV35,2040.0,T_D_pkm_ldv_c,le,0.03792460691430093,,,,,,,,TRPHRNB001
NB,T_LDV_C_GSL_PHEV35,2045.0,T_D_pkm_ldv_c,le,0.03792460691430093,,,,,,,,TRPHRNB001
NB,T_LDV_C_GSL_PHEV50,2025.0,T_D_pkm_ldv_c,le,0.03792460691430093,,,,,,,,TRPHRNB001
NB,T_LDV_C_GSL_PHEV50,2030.0,T_D_pkm_ldv_c,le,0.03792460691430093,,,,,,,,TRPHRNB001
NB,T_LDV_C_GSL_PHEV50,2035.0,T_D_pkm_ldv_c,le,0.03792460691430093,,,,,,,,TRPHRNB001
NB,T_LDV_C_GSL_PHEV50,2040.0,T_D_pkm_ldv_c,le,0.03792460691430093,,,,,,,,TRPHRNB001
NB,T_LDV_C_GSL_PHEV50,2045.0,T_D_pkm_ldv_c,le,0.03792460691430093,,,,,,,,TRPHRNB001
NLLAB,T_LDV_C_BEV150,2025.0,T_D_pkm_ldv_c,le,0.03792460691430093,,,,,,,,TRPHRNLLAB001
NLLAB,T_LDV_C_BEV150,2030.0,T_D_pkm_ldv_c,le,0.03792460691430093,,,,,,,,TRPHRNLLAB001
NLLAB,T_LDV_C_BEV150,2035.0,T_D_pkm_ldv_c,le,0.03792460691430093,,,,,,,,TRPHRNLLAB001
NLLAB,T_LDV_C_BEV150,2040.0,T_D_pkm_ldv_c,le,0.03792460691430093,,,,,,,,TRPHRNLLAB001
NLLAB,T_LDV_C_BEV150,2045.0,T_D_pkm_ldv_c,le,0.03792460691430093,,,,,,,,TRPHRNLLAB001
NLLAB,T_LDV_C_BEV200,2025.0,T_D_pkm_ldv_c,le,0.03792460691430093,,,,,,,,TRPHRNLLAB001
NLLAB,T_LDV_C_BEV200,2030.0,T_D_pkm_ldv_c,le,0.03792460691430093,,,,,,,,TRPHRNLLAB001
NLLAB,T_LDV_C_BEV200,2035.0,T_D_pkm_ldv_c,le,0.03792460691430093,,,,,,,,TRPHRNLLAB001
NLLAB,T_LDV_C_BEV200,2040.0,T_D_pkm_ldv_c,le,0.03792460691430093,,,,,,,,TRPHRNLLAB001
NLLAB,T_LDV_C_BEV200,2045.0,T_D_pkm_ldv_c,le,0.03792460691430093,,,,,,,,TRPHRNLLAB001
NLLAB,T_LDV_C_BEV300,2025.0,T_D_pkm_ldv_c,le,0.03792460691430093,,,,,,,,TRPHRNLLAB001
NLLAB,T_LDV_C_BEV300,2030.0,T_D_pkm_ldv_c,le,0.03792460691430093,,,,,,,,TRPHRNLLAB001
NLLAB,T_LDV_C_BEV300,2035.0,T_D_pkm_ldv_c,le,0.03792460691430093,,,,,,,,TRPHRNLLAB001
NLLAB,T_LDV_C_BEV300,2040.0,T_D_pkm_ldv_c,le,0.03792460691430093,,,,,,,,TRPHRNLLAB001
NLLAB,T_LDV_C_BEV300,2045.0,T_D_pkm_ldv_c,le,0.03792460691430093,,,,,,,,TRPHRNLLAB001
NLLAB,T_LDV_C_BEV400,2025.0,T_D_pkm_ldv_c,le,0.03792460691430093,,,,,,,,TRPHRNLLAB001
NLLAB,T_LDV_C_BEV400,2030.0,T_D_pkm_ldv_c,le,0.03792460691430093,,,,,,,,TRPHRNLLAB001
NLLAB,T_LDV_C_BEV400,2035.0,T_D_pkm_ldv_c,le,0.03792460691430093,,,,,,,,TRPHRNLLAB001
NLLAB,T_LDV_C_BEV400,2040.0,T_D_pkm_ldv_c,le,0.03792460691430093,,,,,,,,TRPHRNLLAB001
NLLAB,T_LDV_C_BEV400,2045.0,T_D_pkm_ldv_c,le,0.03792460691430093,,,,,,,,TRPHRNLLAB001
NLLAB,T_LDV_C_CNG,2025.0,T_D_pkm_ldv_c,le,0.03792460691430093,,,,,,,,TRPHRNLLAB001
NLLAB,T_LDV_C_CNG,2030.0,T_D_pkm_ldv_c,le,0.03792460691430093,,,,,,,,TRPHRNLLAB001
NLLAB,T_LDV_C_CNG,2035.0,T_D_pkm_ldv_c,le,0.03792460691430093,,,,,,,,TRPHRNLLAB001
NLLAB,T_LDV_C_CNG,2040.0,T_D_pkm_ldv_c,le,0.03792460691430093,,,,,,,,TRPHRNLLAB001
NLLAB,T_LDV_C_CNG,2045.0,T_D_pkm_ldv_c,le,0.03792460691430093,,,,,,,,TRPHRNLLAB001
NLLAB,T_LDV_C_DSL,2025.0,T_D_pkm_ldv_c,le,0.03792460691430093,,,,,,,,TRPHRNLLAB001
NLLAB,T_LDV_C_DSL,2030.0,T_D_pkm_ldv_c,le,0.03792460691430093,,,,,,,,TRPHRNLLAB001
NLLAB,T_LDV_C_DSL,2035.0,T_D_pkm_ldv_c,le,0.03792460691430093,,,,,,,,TRPHRNLLAB001
NLLAB,T_LDV_C_DSL,2040.0,T_D_pkm_ldv_c,le,0.03792460691430093,,,,,,,,TRPHRNLLAB001
NLLAB,T_LDV_C_DSL,2045.0,T_D_pkm_ldv_c,le,0.03792460691430093,,,,,,,,TRPHRNLLAB001
NLLAB,T_LDV_C_FCEV400,2025.0,T_D_pkm_ldv_c,le,0.03792460691430093,,,,,,,,TRPHRNLLAB001
NLLAB,T_LDV_C_FCEV400,2030.0,T_D_pkm_ldv_c,le,0.03792460691430093,,,,,,,,TRPHRNLLAB001
NLLAB,T_LDV_C_FCEV400,2035.0,T_D_pkm_ldv_c,le,0.03792460691430093,,,,,,,,TRPHRNLLAB001
NLLAB,T_LDV_C_FCEV400,2040.0,T_D_pkm_ldv_c,le,0.03792460691430093,,,,,,,,TRPHRNLLAB001
NLLAB,T_LDV_C_FCEV400,2045.0,T_D_pkm_ldv_c,le,0.03792460691430093,,,,,,,,TRPHRNLLAB001
NLLAB,T_LDV_C_GSL,2025.0,T_D_pkm_ldv_c,le,0.03792460691430093,,,,,,,,TRPHRNLLAB001
NLLAB,T_LDV_C_GSL,2030.0,T_D_pkm_ldv_c,le,0.03792460691430093,,,,,,,,TRPHRNLLAB001
NLLAB,T_LDV_C_GSL,2035.0,T_D_pkm_ldv_c,le,0.03792460691430093,,,,,,,,TRPHRNLLAB001
NLLAB,T_LDV_C_GSL,2040.0,T_D_pkm_ldv_c,le,0.03792460691430093,,,,,,,,TRPHRNLLAB001
NLLAB,T_LDV_C_GSL,2045.0,T_D_pkm_ldv_c,le,0.03792460691430093,,,,,,,,TRPHRNLLAB001
NLLAB,T_LDV_C_GSL_HEV,2025.0,T_D_pkm_ldv_c,le,0.03792460691430093,,,,,,,,TRPHRNLLAB001
NLLAB,T_LDV_C_GSL_HEV,2030.0,T_D_pkm_ldv_c,le,0.03792460691430093,,,,,,,,TRPHRNLLAB001
NLLAB,T_LDV_C_GSL_HEV,2035.0,T_D_pkm_ldv_c,le,0.03792460691430093,,,,,,,,TRPHRNLLAB001
NLLAB,T_LDV_C_GSL_HEV,2040.0,T_D_pkm_ldv_c,le,0.03792460691430093,,,,,,,,TRPHRNLLAB001
NLLAB,T_LDV_C_GSL_HEV,2045.0,T_D_pkm_ldv_c,le,0.03792460691430093,,,,,,,,TRPHRNLLAB001
NLLAB,T_LDV_C_GSL_PHEV35,2025.0,T_D_pkm_ldv_c,le,0.03792460691430093,,,,,,,,TRPHRNLLAB001
NLLAB,T_LDV_C_GSL_PHEV35,2030.0,T_D_pkm_ldv_c,le,0.03792460691430093,,,,,,,,TRPHRNLLAB001
NLLAB,T_LDV_C_GSL_PHEV35,2035.0,T_D_pkm_ldv_c,le,0.03792460691430093,,,,,,,,TRPHRNLLAB001
NLLAB,T_LDV_C_GSL_PHEV35,2040.0,T_D_pkm_ldv_c,le,0.03792460691430093,,,,,,,,TRPHRNLLAB001
NLLAB,T_LDV_C_GSL_PHEV35,2045.0,T_D_pkm_ldv_c,le,0.03792460691430093,,,,,,,,TRPHRNLLAB001
NLLAB,T_LDV_C_GSL_PHEV50,2025.0,T_D_pkm_ldv_c,le,0.03792460691430093,,,,,,,,TRPHRNLLAB001
NLLAB,T_LDV_C_GSL_PHEV50,2030.0,T_D_pkm_ldv_c,le,0.03792460691430093,,,,,,,,TRPHRNLLAB001
NLLAB,T_LDV_C_GSL_PHEV50,2035.0,T_D_pkm_ldv_c,le,0.03792460691430093,,,,,,,,TRPHRNLLAB001
NLLAB,T_LDV_C_GSL_PHEV50,2040.0,T_D_pkm_ldv_c,le,0.03792460691430093,,,,,,,,TRPHRNLLAB001
NLLAB,T_LDV_C_GSL_PHEV50,2045.0,T_D_pkm_ldv_c,le,0.03792460691430093,,,,,,,,TRPHRNLLAB001
NS,T_LDV_C_BEV150,2025.0,T_D_pkm_ldv_c,le,0.03792460691430093,,,,,,,,TRPHRNS001
NS,T_LDV_C_BEV150,2030.0,T_D_pkm_ldv_c,le,0.03792460691430093,,,,,,,,TRPHRNS001
NS,T_LDV_C_BEV150,2035.0,T_D_pkm_ldv_c,le,0.03792460691430093,,,,,,,,TRPHRNS001
NS,T_LDV_C_BEV150,2040.0,T_D_pkm_ldv_c,le,0.03792460691430093,,,,,,,,TRPHRNS001
NS,T_LDV_C_BEV150,2045.0,T_D_pkm_ldv_c,le,0.03792460691430093,,,,,,,,TRPHRNS001
NS,T_LDV_C_BEV200,2025.0,T_D_pkm_ldv_c,le,0.03792460691430093,,,,,,,,TRPHRNS001
NS,T_LDV_C_BEV200,2030.0,T_D_pkm_ldv_c,le,0.03792460691430093,,,,,,,,TRPHRNS001
NS,T_LDV_C_BEV200,2035.0,T_D_pkm_ldv_c,le,0.03792460691430093,,,,,,,,TRPHRNS001
NS,T_LDV_C_BEV200,2040.0,T_D_pkm_ldv_c,le,0.03792460691430093,,,,,,,,TRPHRNS001
NS,T_LDV_C_BEV200,2045.0,T_D_pkm_ldv_c,le,0.03792460691430093,,,,,,,,TRPHRNS001
NS,T_LDV_C_BEV300,2025.0,T_D_pkm_ldv_c,le,0.03792460691430093,,,,,,,,TRPHRNS001
NS,T_LDV_C_BEV300,2030.0,T_D_pkm_ldv_c,le,0.03792460691430093,,,,,,,,TRPHRNS001
NS,T_LDV_C_BEV300,2035.0,T_D_pkm_ldv_c,le,0.03792460691430093,,,,,,,,TRPHRNS001
NS,T_LDV_C_BEV300,2040.0,T_D_pkm_ldv_c,le,0.03792460691430093,,,,,,,,TRPHRNS001
NS,T_LDV_C_BEV300,2045.0,T_D_pkm_ldv_c,le,0.03792460691430093,,,,,,,,TRPHRNS001
NS,T_LDV_C_BEV400,2025.0,T_D_pkm_ldv_c,le,0.03792460691430093,,,,,,,,TRPHRNS001
NS,T_LDV_C_BEV400,2030.0,T_D_pkm_ldv_c,le,0.03792460691430093,,,,,,,,TRPHRNS001
NS,T_LDV_C_BEV400,2035.0,T_D_pkm_ldv_c,le,0.03792460691430093,,,,,,,,TRPHRNS001
NS,T_LDV_C_BEV400,2040.0,T_D_pkm_ldv_c,le,0.03792460691430093,,,,,,,,TRPHRNS001
NS,T_LDV_C_BEV400,2045.0,T_D_pkm_ldv_c,le,0.03792460691430093,,,,,,,,TRPHRNS001
NS,T_LDV_C_CNG,2025.0,T_D_pkm_ldv_c,le,0.03792460691430093,,,,,,,,TRPHRNS001
NS,T_LDV_C_CNG,2030.0,T_D_pkm_ldv_c,le,0.03792460691430093,,,,,,,,TRPHRNS001
NS,T_LDV_C_CNG,2035.0,T_D_pkm_ldv_c,le,0.03792460691430093,,,,,,,,TRPHRNS001
NS,T_LDV_C_CNG,2040.0,T_D_pkm_ldv_c,le,0.03792460691430093,,,,,,,,TRPHRNS001
NS,T_LDV_C_CNG,2045.0,T_D_pkm_ldv_c,le,0.03792460691430093,,,,,,,,TRPHRNS001
NS,T_LDV_C_DSL,2025.0,T_D_pkm_ldv_c,le,0.03792460691430093,,,,,,,,TRPHRNS001
NS,T_LDV_C_DSL,2030.0,T_D_pkm_ldv_c,le,0.03792460691430093,,,,,,,,TRPHRNS001
NS,T_LDV_C_DSL,2035.0,T_D_pkm_ldv_c,le,0.03792460691430093,,,,,,,,TRPHRNS001
NS,T_LDV_C_DSL,2040.0,T_D_pkm_ldv_c,le,0.03792460691430093,,,,,,,,TRPHRNS001
NS,T_LDV_C_DSL,2045.0,T_D_pkm_ldv_c,le,0.03792460691430093,,,,,,,,TRPHRNS001
NS,T_LDV_C_FCEV400,2025.0,T_D_pkm_ldv_c,le,0.03792460691430093,,,,,,,,TRPHRNS001
NS,T_LDV_C_FCEV400,2030.0,T_D_pkm_ldv_c,le,0.03792460691430093,,,,,,,,TRPHRNS001
NS,T_LDV_C_FCEV400,2035.0,T_D_pkm_ldv_c,le,0.03792460691430093,,,,,,,,TRPHRNS001
NS,T_LDV_C_FCEV400,2040.0,T_D_pkm_ldv_c,le,0.03792460691430093,,,,,,,,TRPHRNS001
NS,T_LDV_C_FCEV400,2045.0,T_D_pkm_ldv_c,le,0.03792460691430093,,,,,,,,TRPHRNS001
NS,T_LDV_C_GSL,2025.0,T_D_pkm_ldv_c,le,0.03792460691430093,,,,,,,,TRPHRNS001
NS,T_LDV_C_GSL,2030.0,T_D_pkm_ldv_c,le,0.03792460691430093,,,,,,,,TRPHRNS001
NS,T_LDV_C_GSL,2035.0,T_D_pkm_ldv_c,le,0.03792460691430093,,,,,,,,TRPHRNS001
NS,T_LDV_C_GSL,2040.0,T_D_pkm_ldv_c,le,0.03792460691430093,,,,,,,,TRPHRNS001
NS,T_LDV_C_GSL,2045.0,T_D_pkm_ldv_c,le,0.03792460691430093,,,,,,,,TRPHRNS001
NS,T_LDV_C_GSL_HEV,2025.0,T_D_pkm_ldv_c,le,0.03792460691430093,,,,,,,,TRPHRNS001
NS,T_LDV_C_GSL_HEV,2030.0,T_D_pkm_ldv_c,le,0.03792460691430093,,,,,,,,TRPHRNS001
NS,T_LDV_C_GSL_HEV,2035.0,T_D_pkm_ldv_c,le,0.03792460691430093,,,,,,,,TRPHRNS001
NS,T_LDV_C_GSL_HEV,2040.0,T_D_pkm_ldv_c,le,0.03792460691430093,,,,,,,,TRPHRNS001
NS,T_LDV_C_GSL_HEV,2045.0,T_D_pkm_ldv_c,le,0.03792460691430093,,,,,,,,TRPHRNS001
NS,T_LDV_C_GSL_PHEV35,2025.0,T_D_pkm_ldv_c,le,0.03792460691430093,,,,,,,,TRPHRNS001
NS,T_LDV_C_GSL_PHEV35,2030.0,T_D_pkm_ldv_c,le,0.03792460691430093,,,,,,,,TRPHRNS001
NS,T_LDV_C_GSL_PHEV35,2035.0,T_D_pkm_ldv_c,le,0.03792460691430093,,,,,,,,TRPHRNS001
NS,T_LDV_C_GSL_PHEV35,2040.0,T_D_pkm_ldv_c,le,0.03792460691430093,,,,,,,,TRPHRNS001
NS,T_LDV_C_GSL_PHEV35,2045.0,T_D_pkm_ldv_c,le,0.03792460691430093,,,,,,,,TRPHRNS001
NS,T_LDV_C_GSL_PHEV50,2025.0,T_D_pkm_ldv_c,le,0.03792460691430093,,,,,,,,TRPHRNS001
NS,T_LDV_C_GSL_PHEV50,2030.0,T_D_pkm_ldv_c,le,0.03792460691430093,,,,,,,,TRPHRNS001
NS,T_LDV_C_GSL_PHEV50,2035.0,T_D_pkm_ldv_c,le,0.03792460691430093,,,,,,,,TRPHRNS001
NS,T_LDV_C_GSL_PHEV50,2040.0,T_D_pkm_ldv_c,le,0.03792460691430093,,,,,,,,TRPHRNS001
NS,T_LDV_C_GSL_PHEV50,2045.0,T_D_pkm_ldv_c,le,0.03792460691430093,,,,,,,,TRPHRNS001
ON,T_LDV_C_BEV150,2025.0,T_D_pkm_ldv_c,le,0.03792460691430093,,,,,,,,TRPHRON001
ON,T_LDV_C_BEV150,2030.0,T_D_pkm_ldv_c,le,0.03792460691430093,,,,,,,,TRPHRON001
ON,T_LDV_C_BEV150,2035.0,T_D_pkm_ldv_c,le,0.03792460691430093,,,,,,,,TRPHRON001
ON,T_LDV_C_BEV150,2040.0,T_D_pkm_ldv_c,le,0.03792460691430093,,,,,,,,TRPHRON001
ON,T_LDV_C_BEV150,2045.0,T_D_pkm_ldv_c,le,0.03792460691430093,,,,,,,,TRPHRON001
ON,T_LDV_C_BEV200,2025.0,T_D_pkm_ldv_c,le,0.03792460691430093,,,,,,,,TRPHRON001
ON,T_LDV_C_BEV200,2030.0,T_D_pkm_ldv_c,le,0.03792460691430093,,,,,,,,TRPHRON001
ON,T_LDV_C_BEV200,2035.0,T_D_pkm_ldv_c,le,0.03792460691430093,,,,,,,,TRPHRON001
ON,T_LDV_C_BEV200,2040.0,T_D_pkm_ldv_c,le,0.03792460691430093,,,,,,,,TRPHRON001
ON,T_LDV_C_BEV200,2045.0,T_D_pkm_ldv_c,le,0.03792460691430093,,,,,,,,TRPHRON001
ON,T_LDV_C_BEV300,2025.0,T_D_pkm_ldv_c,le,0.03792460691430093,,,,,,,,TRPHRON001
ON,T_LDV_C_BEV300,2030.0,T_D_pkm_ldv_c,le,0.03792460691430093,,,,,,,,TRPHRON001
ON,T_LDV_C_BEV300,2035.0,T_D_pkm_ldv_c,le,0.03792460691430093,,,,,,,,TRPHRON001
ON,T_LDV_C_BEV300,2040.0,T_D_pkm_ldv_c,le,0.03792460691430093,,,,,,,,TRPHRON001
ON,T_LDV_C_BEV300,2045.0,T_D_pkm_ldv_c,le,0.03792460691430093,,,,,,,,TRPHRON001
ON,T_LDV_C_BEV400,2025.0,T_D_pkm_ldv_c,le,0.03792460691430093,,,,,,,,TRPHRON001
ON,T_LDV_C_BEV400,2030.0,T_D_pkm_ldv_c,le,0.03792460691430093,,,,,,,,TRPHRON001
ON,T_LDV_C_BEV400,2035.0,T_D_pkm_ldv_c,le,0.03792460691430093,,,,,,,,TRPHRON001
ON,T_LDV_C_BEV400,2040.0,T_D_pkm_ldv_c,le,0.03792460691430093,,,,,,,,TRPHRON001
ON,T_LDV_C_BEV400,2045.0,T_D_pkm_ldv_c,le,0.03792460691430093,,,,,,,,TRPHRON001
ON,T_LDV_C_CNG,2025.0,T_D_pkm_ldv_c,le,0.03792460691430093,,,,,,,,TRPHRON001
ON,T_LDV_C_CNG,2030.0,T_D_pkm_ldv_c,le,0.03792460691430093,,,,,,,,TRPHRON001
ON,T_LDV_C_CNG,2035.0,T_D_pkm_ldv_c,le,0.03792460691430093,,,,,,,,TRPHRON001
ON,T_LDV_C_CNG,2040.0,T_D_pkm_ldv_c,le,0.03792460691430093,,,,,,,,TRPHRON001
ON,T_LDV_C_CNG,2045.0,T_D_pkm_ldv_c,le,0.03792460691430093,,,,,,,,TRPHRON001
ON,T_LDV_C_DSL,2025.0,T_D_pkm_ldv_c,le,0.03792460691430093,,,,,,,,TRPHRON001
ON,T_LDV_C_DSL,2030.0,T_D_pkm_ldv_c,le,0.03792460691430093,,,,,,,,TRPHRON001
ON,T_LDV_C_DSL,2035.0,T_D_pkm_ldv_c,le,0.03792460691430093,,,,,,,,TRPHRON001
ON,T_LDV_C_DSL,2040.0,T_D_pkm_ldv_c,le,0.03792460691430093,,,,,,,,TRPHRON001
ON,T_LDV_C_DSL,2045.0,T_D_pkm_ldv_c,le,0.03792460691430093,,,,,,,,TRPHRON001
ON,T_LDV_C_FCEV400,2025.0,T_D_pkm_ldv_c,le,0.03792460691430093,,,,,,,,TRPHRON001
ON,T_LDV_C_FCEV400,2030.0,T_D_pkm_ldv_c,le,0.03792460691430093,,,,,,,,TRPHRON001
ON,T_LDV_C_FCEV400,2035.0,T_D_pkm_ldv_c,le,0.03792460691430093,,,,,,,,TRPHRON001
ON,T_LDV_C_FCEV400,2040.0,T_D_pkm_ldv_c,le,0.03792460691430093,,,,,,,,TRPHRON001
ON,T_LDV_C_FCEV400,2045.0,T_D_pkm_ldv_c,le,0.03792460691430093,,,,,,,,TRPHRON001
ON,T_LDV_C_GSL,2025.0,T_D_pkm_ldv_c,le,0.03792460691430093,,,,,,,,TRPHRON001
ON,T_LDV_C_GSL,2030.0,T_D_pkm_ldv_c,le,0.03792460691430093,,,,,,,,TRPHRON001
ON,T_LDV_C_GSL,2035.0,T_D_pkm_ldv_c,le,0.03792460691430093,,,,,,,,TRPHRON001
ON,T_LDV_C_GSL,2040.0,T_D_pkm_ldv_c,le,0.03792460691430093,,,,,,,,TRPHRON001
ON,T_LDV_C_GSL,2045.0,T_D_pkm_ldv_c,le,0.03792460691430093,,,,,,,,TRPHRON001
ON,T_LDV_C_GSL_HEV,2025.0,T_D_pkm_ldv_c,le,0.03792460691430093,,,,,,,,TRPHRON001
ON,T_LDV_C_GSL_HEV,2030.0,T_D_pkm_ldv_c,le,0.03792460691430093,,,,,,,,TRPHRON001
ON,T_LDV_C_GSL_HEV,2035.0,T_D_pkm_ldv_c,le,0.03792460691430093,,,,,,,,TRPHRON001
ON,T_LDV_C_GSL_HEV,2040.0,T_D_pkm_ldv_c,le,0.03792460691430093,,,,,,,,TRPHRON001
ON,T_LDV_C_GSL_HEV,2045.0,T_D_pkm_ldv_c,le,0.03792460691430093,,,,,,,,TRPHRON001
ON,T_LDV_C_GSL_PHEV35,2025.0,T_D_pkm_ldv_c,le,0.03792460691430093,,,,,,,,TRPHRON001
ON,T_LDV_C_GSL_PHEV35,2030.0,T_D_pkm_ldv_c,le,0.03792460691430093,,,,,,,,TRPHRON001
ON,T_LDV_C_GSL_PHEV35,2035.0,T_D_pkm_ldv_c,le,0.03792460691430093,,,,,,,,TRPHRON001
ON,T_LDV_C_GSL_PHEV35,2040.0,T_D_pkm_ldv_c,le,0.03792460691430093,,,,,,,,TRPHRON001
ON,T_LDV_C_GSL_PHEV35,2045.0,T_D_pkm_ldv_c,le,0.03792460691430093,,,,,,,,TRPHRON001
ON,T_LDV_C_GSL_PHEV50,2025.0,T_D_pkm_ldv_c,le,0.03792460691430093,,,,,,,,TRPHRON001
ON,T_LDV_C_GSL_PHEV50,2030.0,T_D_pkm_ldv_c,le,0.03792460691430093,,,,,,,,TRPHRON001
ON,T_LDV_C_GSL_PHEV50,2035.0,T_D_pkm_ldv_c,le,0.03792460691430093,,,,,,,,TRPHRON001
ON,T_LDV_C_GSL_PHEV50,2040.0,T_D_pkm_ldv_c,le,0.03792460691430093,,,,,,,,TRPHRON001
ON,T_LDV_C_GSL_PHEV50,2045.0,T_D_pkm_ldv_c,le,0.03792460691430093,,,,,,,,TRPHRON001
PEI,T_LDV_C_BEV150,2025.0,T_D_pkm_ldv_c,le,0.03792460691430093,,,,,,,,TRPHRPEI001
PEI,T_LDV_C_BEV150,2030.0,T_D_pkm_ldv_c,le,0.03792460691430093,,,,,,,,TRPHRPEI001
PEI,T_LDV_C_BEV150,2035.0,T_D_pkm_ldv_c,le,0.03792460691430093,,,,,,,,TRPHRPEI001
PEI,T_LDV_C_BEV150,2040.0,T_D_pkm_ldv_c,le,0.03792460691430093,,,,,,,,TRPHRPEI001
PEI,T_LDV_C_BEV150,2045.0,T_D_pkm_ldv_c,le,0.03792460691430093,,,,,,,,TRPHRPEI001
PEI,T_LDV_C_BEV200,2025.0,T_D_pkm_ldv_c,le,0.03792460691430093,,,,,,,,TRPHRPEI001
PEI,T_LDV_C_BEV200,2030.0,T_D_pkm_ldv_c,le,0.03792460691430093,,,,,,,,TRPHRPEI001
PEI,T_LDV_C_BEV200,2035.0,T_D_pkm_ldv_c,le,0.03792460691430093,,,,,,,,TRPHRPEI001
PEI,T_LDV_C_BEV200,2040.0,T_D_pkm_ldv_c,le,0.03792460691430093,,,,,,,,TRPHRPEI001
PEI,T_LDV_C_BEV200,2045.0,T_D_pkm_ldv_c,le,0.03792460691430093,,,,,,,,TRPHRPEI001
PEI,T_LDV_C_BEV300,2025.0,T_D_pkm_ldv_c,le,0.03792460691430093,,,,,,,,TRPHRPEI001
PEI,T_LDV_C_BEV300,2030.0,T_D_pkm_ldv_c,le,0.03792460691430093,,,,,,,,TRPHRPEI001
PEI,T_LDV_C_BEV300,2035.0,T_D_pkm_ldv_c,le,0.03792460691430093,,,,,,,,TRPHRPEI001
PEI,T_LDV_C_BEV300,2040.0,T_D_pkm_ldv_c,le,0.03792460691430093,,,,,,,,TRPHRPEI001
PEI,T_LDV_C_BEV300,2045.0,T_D_pkm_ldv_c,le,0.03792460691430093,,,,,,,,TRPHRPEI001
PEI,T_LDV_C_BEV400,2025.0,T_D_pkm_ldv_c,le,0.03792460691430093,,,,,,,,TRPHRPEI001
PEI,T_LDV_C_BEV400,2030.0,T_D_pkm_ldv_c,le,0.03792460691430093,,,,,,,,TRPHRPEI001
PEI,T_LDV_C_BEV400,2035.0,T_D_pkm_ldv_c,le,0.03792460691430093,,,,,,,,TRPHRPEI001
PEI,T_LDV_C_BEV400,2040.0,T_D_pkm_ldv_c,le,0.03792460691430093,,,,,,,,TRPHRPEI001
PEI,T_LDV_C_BEV400,2045.0,T_D_pkm_ldv_c,le,0.03792460691430093,,,,,,,,TRPHRPEI001
PEI,T_LDV_C_CNG,2025.0,T_D_pkm_ldv_c,le,0.03792460691430093,,,,,,,,TRPHRPEI001
PEI,T_LDV_C_CNG,2030.0,T_D_pkm_ldv_c,le,0.03792460691430093,,,,,,,,TRPHRPEI001
PEI,T_LDV_C_CNG,2035.0,T_D_pkm_ldv_c,le,0.03792460691430093,,,,,,,,TRPHRPEI001
PEI,T_LDV_C_CNG,2040.0,T_D_pkm_ldv_c,le,0.03792460691430093,,,,,,,,TRPHRPEI001
PEI,T_LDV_C_CNG,2045.0,T_D_pkm_ldv_c,le,0.03792460691430093,,,,,,,,TRPHRPEI001
PEI,T_LDV_C_DSL,2025.0,T_D_pkm_ldv_c,le,0.03792460691430093,,,,,,,,TRPHRPEI001
PEI,T_LDV_C_DSL,2030.0,T_D_pkm_ldv_c,le,0.03792460691430093,,,,,,,,TRPHRPEI001
PEI,T_LDV_C_DSL,2035.0,T_D_pkm_ldv_c,le,0.03792460691430093,,,,,,,,TRPHRPEI001
PEI,T_LDV_C_DSL,2040.0,T_D_pkm_ldv_c,le,0.03792460691430093,,,,,,,,TRPHRPEI001
PEI,T_LDV_C_DSL,2045.0,T_D_pkm_ldv_c,le,0.03792460691430093,,,,,,,,TRPHRPEI001
PEI,T_LDV_C_FCEV400,2025.0,T_D_pkm_ldv_c,le,0.03792460691430093,,,,,,,,TRPHRPEI001
PEI,T_LDV_C_FCEV400,2030.0,T_D_pkm_ldv_c,le,0.03792460691430093,,,,,,,,TRPHRPEI001
PEI,T_LDV_C_FCEV400,2035.0,T_D_pkm_ldv_c,le,0.03792460691430093,,,,,,,,TRPHRPEI001
PEI,T_LDV_C_FCEV400,2040.0,T_D_pkm_ldv_c,le,0.03792460691430093,,,,,,,,TRPHRPEI001
PEI,T_LDV_C_FCEV400,2045.0,T_D_pkm_ldv_c,le,0.03792460691430093,,,,,,,,TRPHRPEI001
PEI,T_LDV_C_GSL,2025.0,T_D_pkm_ldv_c,le,0.03792460691430093,,,,,,,,TRPHRPEI001
PEI,T_LDV_C_GSL,2030.0,T_D_pkm_ldv_c,le,0.03792460691430093,,,,,,,,TRPHRPEI001
PEI,T_LDV_C_GSL,2035.0,T_D_pkm_ldv_c,le,0.03792460691430093,,,,,,,,TRPHRPEI001
PEI,T_LDV_C_GSL,2040.0,T_D_pkm_ldv_c,le,0.03792460691430093,,,,,,,,TRPHRPEI001
PEI,T_LDV_C_GSL,2045.0,T_D_pkm_ldv_c,le,0.03792460691430093,,,,,,,,TRPHRPEI001
PEI,T_LDV_C_GSL_HEV,2025.0,T_D_pkm_ldv_c,le,0.03792460691430093,,,,,,,,TRPHRPEI001
PEI,T_LDV_C_GSL_HEV,2030.0,T_D_pkm_ldv_c,le,0.03792460691430093,,,,,,,,TRPHRPEI001
PEI,T_LDV_C_GSL_HEV,2035.0,T_D_pkm_ldv_c,le,0.03792460691430093,,,,,,,,TRPHRPEI001
PEI,T_LDV_C_GSL_HEV,2040.0,T_D_pkm_ldv_c,le,0.03792460691430093,,,,,,,,TRPHRPEI001
PEI,T_LDV_C_GSL_HEV,2045.0,T_D_pkm_ldv_c,le,0.03792460691430093,,,,,,,,TRPHRPEI001
PEI,T_LDV_C_GSL_PHEV35,2025.0,T_D_pkm_ldv_c,le,0.03792460691430093,,,,,,,,TRPHRPEI001
PEI,T_LDV_C_GSL_PHEV35,2030.0,T_D_pkm_ldv_c,le,0.03792460691430093,,,,,,,,TRPHRPEI001
PEI,T_LDV_C_GSL_PHEV35,2035.0,T_D_pkm_ldv_c,le,0.03792460691430093,,,,,,,,TRPHRPEI001
PEI,T_LDV_C_GSL_PHEV35,2040.0,T_D_pkm_ldv_c,le,0.03792460691430093,,,,,,,,TRPHRPEI001
PEI,T_LDV_C_GSL_PHEV35,2045.0,T_D_pkm_ldv_c,le,0.03792460691430093,,,,,,,,TRPHRPEI001
PEI,T_LDV_C_GSL_PHEV50,2025.0,T_D_pkm_ldv_c,le,0.03792460691430093,,,,,,,,TRPHRPEI001
PEI,T_LDV_C_GSL_PHEV50,2030.0,T_D_pkm_ldv_c,le,0.03792460691430093,,,,,,,,TRPHRPEI001
PEI,T_LDV_C_GSL_PHEV50,2035.0,T_D_pkm_ldv_c,le,0.03792460691430093,,,,,,,,TRPHRPEI001
PEI,T_LDV_C_GSL_PHEV50,2040.0,T_D_pkm_ldv_c,le,0.03792460691430093,,,,,,,,TRPHRPEI001
PEI,T_LDV_C_GSL_PHEV50,2045.0,T_D_pkm_ldv_c,le,0.03792460691430093,,,,,,,,TRPHRPEI001
QC,T_LDV_C_BEV150,2025.0,T_D_pkm_ldv_c,le,0.03792460691430093,,,,,,,,TRPHRQC001
QC,T_LDV_C_BEV150,2030.0,T_D_pkm_ldv_c,le,0.03792460691430093,,,,,,,,TRPHRQC001
QC,T_LDV_C_BEV150,2035.0,T_D_pkm_ldv_c,le,0.03792460691430093,,,,,,,,TRPHRQC001
QC,T_LDV_C_BEV150,2040.0,T_D_pkm_ldv_c,le,0.03792460691430093,,,,,,,,TRPHRQC001
QC,T_LDV_C_BEV150,2045.0,T_D_pkm_ldv_c,le,0.03792460691430093,,,,,,,,TRPHRQC001
QC,T_LDV_C_BEV200,2025.0,T_D_pkm_ldv_c,le,0.03792460691430093,,,,,,,,TRPHRQC001
QC,T_LDV_C_BEV200,2030.0,T_D_pkm_ldv_c,le,0.03792460691430093,,,,,,,,TRPHRQC001
QC,T_LDV_C_BEV200,2035.0,T_D_pkm_ldv_c,le,0.03792460691430093,,,,,,,,TRPHRQC001
QC,T_LDV_C_BEV200,2040.0,T_D_pkm_ldv_c,le,0.03792460691430093,,,,,,,,TRPHRQC001
QC,T_LDV_C_BEV200,2045.0,T_D_pkm_ldv_c,le,0.03792460691430093,,,,,,,,TRPHRQC001
QC,T_LDV_C_BEV300,2025.0,T_D_pkm_ldv_c,le,0.03792460691430093,,,,,,,,TRPHRQC001
QC,T_LDV_C_BEV300,2030.0,T_D_pkm_ldv_c,le,0.03792460691430093,,,,,,,,TRPHRQC001
QC,T_LDV_C_BEV300,2035.0,T_D_pkm_ldv_c,le,0.03792460691430093,,,,,,,,TRPHRQC001
QC,T_LDV_C_BEV300,2040.0,T_D_pkm_ldv_c,le,0.03792460691430093,,,,,,,,TRPHRQC001
QC,T_LDV_C_BEV300,2045.0,T_D_pkm_ldv_c,le,0.03792460691430093,,,,,,,,TRPHRQC001
QC,T_LDV_C_BEV400,2025.0,T_D_pkm_ldv_c,le,0.03792460691430093,,,,,,,,TRPHRQC001
QC,T_LDV_C_BEV400,2030.0,T_D_pkm_ldv_c,le,0.03792460691430093,,,,,,,,TRPHRQC001
QC,T_LDV_C_BEV400,2035.0,T_D_pkm_ldv_c,le,0.03792460691430093,,,,,,,,TRPHRQC001
QC,T_LDV_C_BEV400,2040.0,T_D_pkm_ldv_c,le,0.03792460691430093,,,,,,,,TRPHRQC001
QC,T_LDV_C_BEV400,2045.0,T_D_pkm_ldv_c,le,0.03792460691430093,,,,,,,,TRPHRQC001
QC,T_LDV_C_CNG,2025.0,T_D_pkm_ldv_c,le,0.03792460691430093,,,,,,,,TRPHRQC001
QC,T_LDV_C_CNG,2030.0,T_D_pkm_ldv_c,le,0.03792460691430093,,,,,,,,TRPHRQC001
QC,T_LDV_C_CNG,2035.0,T_D_pkm_ldv_c,le,0.03792460691430093,,,,,,,,TRPHRQC001
QC,T_LDV_C_CNG,2040.0,T_D_pkm_ldv_c,le,0.03792460691430093,,,,,,,,TRPHRQC001
QC,T_LDV_C_CNG,2045.0,T_D_pkm_ldv_c,le,0.03792460691430093,,,,,,,,TRPHRQC001
QC,T_LDV_C_DSL,2025.0,T_D_pkm_ldv_c,le,0.03792460691430093,,,,,,,,TRPHRQC001
QC,T_LDV_C_DSL,2030.0,T_D_pkm_ldv_c,le,0.03792460691430093,,,,,,,,TRPHRQC001
QC,T_LDV_C_DSL,2035.0,T_D_pkm_ldv_c,le,0.03792460691430093,,,,,,,,TRPHRQC001
QC,T_LDV_C_DSL,2040.0,T_D_pkm_ldv_c,le,0.03792460691430093,,,,,,,,TRPHRQC001
QC,T_LDV_C_DSL,2045.0,T_D_pkm_ldv_c,le,0.03792460691430093,,,,,,,,TRPHRQC001
QC,T_LDV_C_FCEV400,2025.0,T_D_pkm_ldv_c,le,0.03792460691430093,,,,,,,,TRPHRQC001
QC,T_LDV_C_FCEV400,2030.0,T_D_pkm_ldv_c,le,0.03792460691430093,,,,,,,,TRPHRQC001
QC,T_LDV_C_FCEV400,2035.0,T_D_pkm_ldv_c,le,0.03792460691430093,,,,,,,,TRPHRQC001
QC,T_LDV_C_FCEV400,2040.0,T_D_pkm_ldv_c,le,0.03792460691430093,,,,,,,,TRPHRQC001
QC,T_LDV_C_FCEV400,2045.0,T_D_pkm_ldv_c,le,0.03792460691430093,,,,,,,,TRPHRQC001
QC,T_LDV_C_GSL,2025.0,T_D_pkm_ldv_c,le,0.03792460691430093,,,,,,,,TRPHRQC001
QC,T_LDV_C_GSL,2030.0,T_D_pkm_ldv_c,le,0.03792460691430093,,,,,,,,TRPHRQC001
QC,T_LDV_C_GSL,2035.0,T_D_pkm_ldv_c,le,0.03792460691430093,,,,,,,,TRPHRQC001
QC,T_LDV_C_GSL,2040.0,T_D_pkm_ldv_c,le,0.03792460691430093,,,,,,,,TRPHRQC001
QC,T_LDV_C_GSL,2045.0,T_D_pkm_ldv_c,le,0.03792460691430093,,,,,,,,TRPHRQC001
QC,T_LDV_C_GSL_HEV,2025.0,T_D_pkm_ldv_c,le,0.03792460691430093,,,,,,,,TRPHRQC001
QC,T_LDV_C_GSL_HEV,2030.0,T_D_pkm_ldv_c,le,0.03792460691430093,,,,,,,,TRPHRQC001
QC,T_LDV_C_GSL_HEV,2035.0,T_D_pkm_ldv_c,le,0.03792460691430093,,,,,,,,TRPHRQC001
QC,T_LDV_C_GSL_HEV,2040.0,T_D_pkm_ldv_c,le,0.03792460691430093,,,,,,,,TRPHRQC001
QC,T_LDV_C_GSL_HEV,2045.0,T_D_pkm_ldv_c,le,0.03792460691430093,,,,,,,,TRPHRQC001
QC,T_LDV_C_GSL_PHEV35,2025.0,T_D_pkm_ldv_c,le,0.03792460691430093,,,,,,,,TRPHRQC001
QC,T_LDV_C_GSL_PHEV35,2030.0,T_D_pkm_ldv_c,le,0.03792460691430093,,,,,,,,TRPHRQC001
QC,T_LDV_C_GSL_PHEV35,2035.0,T_D_pkm_ldv_c,le,0.03792460691430093,,,,,,,,TRPHRQC001
QC,T_LDV_C_GSL_PHEV35,2040.0,T_D_pkm_ldv_c,le,0.03792460691430093,,,,,,,,TRPHRQC001
QC,T_LDV_C_GSL_PHEV35,2045.0,T_D_pkm_ldv_c,le,0.03792460691430093,,,,,,,,TRPHRQC001
QC,T_LDV_C_GSL_PHEV50,2025.0,T_D_pkm_ldv_c,le,0.03792460691430093,,,,,,,,TRPHRQC001
QC,T_LDV_C_GSL_PHEV50,2030.0,T_D_pkm_ldv_c,le,0.03792460691430093,,,,,,,,TRPHRQC001
QC,T_LDV_C_GSL_PHEV50,2035.0,T_D_pkm_ldv_c,le,0.03792460691430093,,,,,,,,TRPHRQC001
QC,T_LDV_C_GSL_PHEV50,2040.0,T_D_pkm_ldv_c,le,0.03792460691430093,,,,,,,,TRPHRQC001
QC,T_LDV_C_GSL_PHEV50,2045.0,T_D_pkm_ldv_c,le,0.03792460691430093,,,,,,,,TRPHRQC001
SK,T_LDV_C_BEV150,2025.0,T_D_pkm_ldv_c,le,0.03792460691430093,,,,,,,,TRPHRSK001
SK,T_LDV_C_BEV150,2030.0,T_D_pkm_ldv_c,le,0.03792460691430093,,,,,,,,TRPHRSK001
SK,T_LDV_C_BEV150,2035.0,T_D_pkm_ldv_c,le,0.03792460691430093,,,,,,,,TRPHRSK001
SK,T_LDV_C_BEV150,2040.0,T_D_pkm_ldv_c,le,0.03792460691430093,,,,,,,,TRPHRSK001
SK,T_LDV_C_BEV150,2045.0,T_D_pkm_ldv_c,le,0.03792460691430093,,,,,,,,TRPHRSK001
SK,T_LDV_C_BEV200,2025.0,T_D_pkm_ldv_c,le,0.03792460691430093,,,,,,,,TRPHRSK001
SK,T_LDV_C_BEV200,2030.0,T_D_pkm_ldv_c,le,0.03792460691430093,,,,,,,,TRPHRSK001
SK,T_LDV_C_BEV200,2035.0,T_D_pkm_ldv_c,le,0.03792460691430093,,,,,,,,TRPHRSK001
SK,T_LDV_C_BEV200,2040.0,T_D_pkm_ldv_c,le,0.03792460691430093,,,,,,,,TRPHRSK001
SK,T_LDV_C_BEV200,2045.0,T_D_pkm_ldv_c,le,0.03792460691430093,,,,,,,,TRPHRSK001
SK,T_LDV_C_BEV300,2025.0,T_D_pkm_ldv_c,le,0.03792460691430093,,,,,,,,TRPHRSK001
SK,T_LDV_C_BEV300,2030.0,T_D_pkm_ldv_c,le,0.03792460691430093,,,,,,,,TRPHRSK001
SK,T_LDV_C_BEV300,2035.0,T_D_pkm_ldv_c,le,0.03792460691430093,,,,,,,,TRPHRSK001
SK,T_LDV_C_BEV300,2040.0,T_D_pkm_ldv_c,le,0.03792460691430093,,,,,,,,TRPHRSK001
SK,T_LDV_C_BEV300,2045.0,T_D_pkm_ldv_c,le,0.03792460691430093,,,,,,,,TRPHRSK001
SK,T_LDV_C_BEV400,2025.0,T_D_pkm_ldv_c,le,0.03792460691430093,,,,,,,,TRPHRSK001
SK,T_LDV_C_BEV400,2030.0,T_D_pkm_ldv_c,le,0.03792460691430093,,,,,,,,TRPHRSK001
SK,T_LDV_C_BEV400,2035.0,T_D_pkm_ldv_c,le,0.03792460691430093,,,,,,,,TRPHRSK001
SK,T_LDV_C_BEV400,2040.0,T_D_pkm_ldv_c,le,0.03792460691430093,,,,,,,,TRPHRSK001
SK,T_LDV_C_BEV400,2045.0,T_D_pkm_ldv_c,le,0.03792460691430093,,,,,,,,TRPHRSK001
SK,T_LDV_C_CNG,2025.0,T_D_pkm_ldv_c,le,0.03792460691430093,,,,,,,,TRPHRSK001
SK,T_LDV_C_CNG,2030.0,T_D_pkm_ldv_c,le,0.03792460691430093,,,,,,,,TRPHRSK001
SK,T_LDV_C_CNG,2035.0,T_D_pkm_ldv_c,le,0.03792460691430093,,,,,,,,TRPHRSK001
SK,T_LDV_C_CNG,2040.0,T_D_pkm_ldv_c,le,0.03792460691430093,,,,,,,,TRPHRSK001
SK,T_LDV_C_CNG,2045.0,T_D_pkm_ldv_c,le,0.03792460691430093,,,,,,,,TRPHRSK001
SK,T_LDV_C_DSL,2025.0,T_D_pkm_ldv_c,le,0.03792460691430093,,,,,,,,TRPHRSK001
SK,T_LDV_C_DSL,2030.0,T_D_pkm_ldv_c,le,0.03792460691430093,,,,,,,,TRPHRSK001
SK,T_LDV_C_DSL,2035.0,T_D_pkm_ldv_c,le,0.03792460691430093,,,,,,,,TRPHRSK001
SK,T_LDV_C_DSL,2040.0,T_D_pkm_ldv_c,le,0.03792460691430093,,,,,,,,TRPHRSK001
SK,T_LDV_C_DSL,2045.0,T_D_pkm_ldv_c,le,0.03792460691430093,,,,,,,,TRPHRSK001
SK,T_LDV_C_FCEV400,2025.0,T_D_pkm_ldv_c,le,0.03792460691430093,,,,,,,,TRPHRSK001
SK,T_LDV_C_FCEV400,2030.0,T_D_pkm_ldv_c,le,0.03792460691430093,,,,,,,,TRPHRSK001
SK,T_LDV_C_FCEV400,2035.0,T_D_pkm_ldv_c,le,0.03792460691430093,,,,,,,,TRPHRSK001
SK,T_LDV_C_FCEV400,2040.0,T_D_pkm_ldv_c,le,0.03792460691430093,,,,,,,,TRPHRSK001
SK,T_LDV_C_FCEV400,2045.0,T_D_pkm_ldv_c,le,0.03792460691430093,,,,,,,,TRPHRSK001
SK,T_LDV_C_GSL,2025.0,T_D_pkm_ldv_c,le,0.03792460691430093,,,,,,,,TRPHRSK001
SK,T_LDV_C_GSL,2030.0,T_D_pkm_ldv_c,le,0.03792460691430093,,,,,,,,TRPHRSK001
SK,T_LDV_C_GSL,2035.0,T_D_pkm_ldv_c,le,0.03792460691430093,,,,,,,,TRPHRSK001
SK,T_LDV_C_GSL,2040.0,T_D_pkm_ldv_c,le,0.03792460691430093,,,,,,,,TRPHRSK001
SK,T_LDV_C_GSL,2045.0,T_D_pkm_ldv_c,le,0.03792460691430093,,,,,,,,TRPHRSK001
SK,T_LDV_C_GSL_HEV,2025.0,T_D_pkm_ldv_c,le,0.03792460691430093,,,,,,,,TRPHRSK001
SK,T_LDV_C_GSL_HEV,2030.0,T_D_pkm_ldv_c,le,0.03792460691430093,,,,,,,,TRPHRSK001
SK,T_LDV_C_GSL_HEV,2035.0,T_D_pkm_ldv_c,le,0.03792460691430093,,,,,,,,TRPHRSK001
SK,T_LDV_C_GSL_HEV,2040.0,T_D_pkm_ldv_c,le,0.03792460691430093,,,,,,,,TRPHRSK001
SK,T_LDV_C_GSL_HEV,2045.0,T_D_pkm_ldv_c,le,0.03792460691430093,,,,,,,,TRPHRSK001
SK,T_LDV_C_GSL_PHEV35,2025.0,T_D_pkm_ldv_c,le,0.03792460691430093,,,,,,,,TRPHRSK001
SK,T_LDV_C_GSL_PHEV35,2030.0,T_D_pkm_ldv_c,le,0.03792460691430093,,,,,,,,TRPHRSK001
SK,T_LDV_C_GSL_PHEV35,2035.0,T_D_pkm_ldv_c,le,0.03792460691430093,,,,,,,,TRPHRSK001
SK,T_LDV_C_GSL_PHEV35,2040.0,T_D_pkm_ldv_c,le,0.03792460691430093,,,,,,,,TRPHRSK001
SK,T_LDV_C_GSL_PHEV35,2045.0,T_D_pkm_ldv_c,le,0.03792460691430093,,,,,,,,TRPHRSK001
SK,T_LDV_C_GSL_PHEV50,2025.0,T_D_pkm_ldv_c,le,0.03792460691430093,,,,,,,,TRPHRSK001
SK,T_LDV_C_GSL_PHEV50,2030.0,T_D_pkm_ldv_c,le,0.03792460691430093,,,,,,,,TRPHRSK001
SK,T_LDV_C_GSL_PHEV50,2035.0,T_D_pkm_ldv_c,le,0.03792460691430093,,,,,,,,TRPHRSK001
SK,T_LDV_C_GSL_PHEV50,2040.0,T_D_pkm_ldv_c,le,0.03792460691430093,,,,,,,,TRPHRSK001
SK,T_LDV_C_GSL_PHEV50,2045.0,T_D_pkm_ldv_c,le,0.03792460691430093,,,,,,,,TRPHRSK001
AB,T_LDV_LTP_BEV150,2025.0,T_D_pkm_ldv_t,le,0.01924412418573072,,,,,,,,TRPHRAB001
AB,T_LDV_LTP_BEV150,2030.0,T_D_pkm_ldv_t,le,0.01924412418573072,,,,,,,,TRPHRAB001
AB,T_LDV_LTP_BEV150,2035.0,T_D_pkm_ldv_t,le,0.01924412418573072,,,,,,,,TRPHRAB001
AB,T_LDV_LTP_BEV150,2040.0,T_D_pkm_ldv_t,le,0.01924412418573072,,,,,,,,TRPHRAB001
AB,T_LDV_LTP_BEV150,2045.0,T_D_pkm_ldv_t,le,0.01924412418573072,,,,,,,,TRPHRAB001
AB,T_LDV_LTP_BEV200,2025.0,T_D_pkm_ldv_t,le,0.01924412418573072,,,,,,,,TRPHRAB001
AB,T_LDV_LTP_BEV200,2030.0,T_D_pkm_ldv_t,le,0.01924412418573072,,,,,,,,TRPHRAB001
AB,T_LDV_LTP_BEV200,2035.0,T_D_pkm_ldv_t,le,0.01924412418573072,,,,,,,,TRPHRAB001
AB,T_LDV_LTP_BEV200,2040.0,T_D_pkm_ldv_t,le,0.01924412418573072,,,,,,,,TRPHRAB001
AB,T_LDV_LTP_BEV200,2045.0,T_D_pkm_ldv_t,le,0.01924412418573072,,,,,,,,TRPHRAB001
AB,T_LDV_LTP_BEV300,2025.0,T_D_pkm_ldv_t,le,0.01924412418573072,,,,,,,,TRPHRAB001
AB,T_LDV_LTP_BEV300,2030.0,T_D_pkm_ldv_t,le,0.01924412418573072,,,,,,,,TRPHRAB001
AB,T_LDV_LTP_BEV300,2035.0,T_D_pkm_ldv_t,le,0.01924412418573072,,,,,,,,TRPHRAB001
AB,T_LDV_LTP_BEV300,2040.0,T_D_pkm_ldv_t,le,0.01924412418573072,,,,,,,,TRPHRAB001
AB,T_LDV_LTP_BEV300,2045.0,T_D_pkm_ldv_t,le,0.01924412418573072,,,,,,,,TRPHRAB001
AB,T_LDV_LTP_BEV400,2025.0,T_D_pkm_ldv_t,le,0.01924412418573072,,,,,,,,TRPHRAB001
AB,T_LDV_LTP_BEV400,2030.0,T_D_pkm_ldv_t,le,0.01924412418573072,,,,,,,,TRPHRAB001
AB,T_LDV_LTP_BEV400,2035.0,T_D_pkm_ldv_t,le,0.01924412418573072,,,,,,,,TRPHRAB001
AB,T_LDV_LTP_BEV400,2040.0,T_D_pkm_ldv_t,le,0.01924412418573072,,,,,,,,TRPHRAB001
AB,T_LDV_LTP_BEV400,2045.0,T_D_pkm_ldv_t,le,0.01924412418573072,,,,,,,,TRPHRAB001
AB,T_LDV_LTP_CNG,2025.0,T_D_pkm_ldv_t,le,0.01924412418573072,,,,,,,,TRPHRAB001
AB,T_LDV_LTP_CNG,2030.0,T_D_pkm_ldv_t,le,0.01924412418573072,,,,,,,,TRPHRAB001
AB,T_LDV_LTP_CNG,2035.0,T_D_pkm_ldv_t,le,0.01924412418573072,,,,,,,,TRPHRAB001
AB,T_LDV_LTP_CNG,2040.0,T_D_pkm_ldv_t,le,0.01924412418573072,,,,,,,,TRPHRAB001
AB,T_LDV_LTP_CNG,2045.0,T_D_pkm_ldv_t,le,0.01924412418573072,,,,,,,,TRPHRAB001
AB,T_LDV_LTP_DSL,2025.0,T_D_pkm_ldv_t,le,0.01924412418573072,,,,,,,,TRPHRAB001
AB,T_LDV_LTP_DSL,2030.0,T_D_pkm_ldv_t,le,0.01924412418573072,,,,,,,,TRPHRAB001
AB,T_LDV_LTP_DSL,2035.0,T_D_pkm_ldv_t,le,0.01924412418573072,,,,,,,,TRPHRAB001
AB,T_LDV_LTP_DSL,2040.0,T_D_pkm_ldv_t,le,0.01924412418573072,,,,,,,,TRPHRAB001
AB,T_LDV_LTP_DSL,2045.0,T_D_pkm_ldv_t,le,0.01924412418573072,,,,,,,,TRPHRAB001
AB,T_LDV_LTP_FCEV400,2025.0,T_D_pkm_ldv_t,le,0.01924412418573072,,,,,,,,TRPHRAB001
AB,T_LDV_LTP_FCEV400,2030.0,T_D_pkm_ldv_t,le,0.01924412418573072,,,,,,,,TRPHRAB001
AB,T_LDV_LTP_FCEV400,2035.0,T_D_pkm_ldv_t,le,0.01924412418573072,,,,,,,,TRPHRAB001
AB,T_LDV_LTP_FCEV400,2040.0,T_D_pkm_ldv_t,le,0.01924412418573072,,,,,,,,TRPHRAB001
AB,T_LDV_LTP_FCEV400,2045.0,T_D_pkm_ldv_t,le,0.01924412418573072,,,,,,,,TRPHRAB001
AB,T_LDV_LTP_GSL,2025.0,T_D_pkm_ldv_t,le,0.01924412418573072,,,,,,,,TRPHRAB001
AB,T_LDV_LTP_GSL,2030.0,T_D_pkm_ldv_t,le,0.01924412418573072,,,,,,,,TRPHRAB001
AB,T_LDV_LTP_GSL,2035.0,T_D_pkm_ldv_t,le,0.01924412418573072,,,,,,,,TRPHRAB001
AB,T_LDV_LTP_GSL,2040.0,T_D_pkm_ldv_t,le,0.01924412418573072,,,,,,,,TRPHRAB001
AB,T_LDV_LTP_GSL,2045.0,T_D_pkm_ldv_t,le,0.01924412418573072,,,,,,,,TRPHRAB001
AB,T_LDV_LTP_GSL_HEV,2025.0,T_D_pkm_ldv_t,le,0.01924412418573072,,,,,,,,TRPHRAB001
AB,T_LDV_LTP_GSL_HEV,2030.0,T_D_pkm_ldv_t,le,0.01924412418573072,,,,,,,,TRPHRAB001
AB,T_LDV_LTP_GSL_HEV,2035.0,T_D_pkm_ldv_t,le,0.01924412418573072,,,,,,,,TRPHRAB001
AB,T_LDV_LTP_GSL_HEV,2040.0,T_D_pkm_ldv_t,le,0.01924412418573072,,,,,,,,TRPHRAB001
AB,T_LDV_LTP_GSL_HEV,2045.0,T_D_pkm_ldv_t,le,0.01924412418573072,,,,,,,,TRPHRAB001
AB,T_LDV_LTP_GSL_PHEV35,2025.0,T_D_pkm_ldv_t,le,0.01924412418573072,,,,,,,,TRPHRAB001
AB,T_LDV_LTP_GSL_PHEV35,2030.0,T_D_pkm_ldv_t,le,0.01924412418573072,,,,,,,,TRPHRAB001
AB,T_LDV_LTP_GSL_PHEV35,2035.0,T_D_pkm_ldv_t,le,0.01924412418573072,,,,,,,,TRPHRAB001
AB,T_LDV_LTP_GSL_PHEV35,2040.0,T_D_pkm_ldv_t,le,0.01924412418573072,,,,,,,,TRPHRAB001
AB,T_LDV_LTP_GSL_PHEV35,2045.0,T_D_pkm_ldv_t,le,0.01924412418573072,,,,,,,,TRPHRAB001
AB,T_LDV_LTP_GSL_PHEV50,2025.0,T_D_pkm_ldv_t,le,0.01924412418573072,,,,,,,,TRPHRAB001
AB,T_LDV_LTP_GSL_PHEV50,2030.0,T_D_pkm_ldv_t,le,0.01924412418573072,,,,,,,,TRPHRAB001
AB,T_LDV_LTP_GSL_PHEV50,2035.0,T_D_pkm_ldv_t,le,0.01924412418573072,,,,,,,,TRPHRAB001
AB,T_LDV_LTP_GSL_PHEV50,2040.0,T_D_pkm_ldv_t,le,0.01924412418573072,,,,,,,,TRPHRAB001
AB,T_LDV_LTP_GSL_PHEV50,2045.0,T_D_pkm_ldv_t,le,0.01924412418573072,,,,,,,,TRPHRAB001
BC,T_LDV_LTP_BEV150,2025.0,T_D_pkm_ldv_t,le,0.01924412418573072,,,,,,,,TRPHRBC001
BC,T_LDV_LTP_BEV150,2030.0,T_D_pkm_ldv_t,le,0.01924412418573072,,,,,,,,TRPHRBC001
BC,T_LDV_LTP_BEV150,2035.0,T_D_pkm_ldv_t,le,0.01924412418573072,,,,,,,,TRPHRBC001
BC,T_LDV_LTP_BEV150,2040.0,T_D_pkm_ldv_t,le,0.01924412418573072,,,,,,,,TRPHRBC001
BC,T_LDV_LTP_BEV150,2045.0,T_D_pkm_ldv_t,le,0.01924412418573072,,,,,,,,TRPHRBC001
BC,T_LDV_LTP_BEV200,2025.0,T_D_pkm_ldv_t,le,0.01924412418573072,,,,,,,,TRPHRBC001
BC,T_LDV_LTP_BEV200,2030.0,T_D_pkm_ldv_t,le,0.01924412418573072,,,,,,,,TRPHRBC001
BC,T_LDV_LTP_BEV200,2035.0,T_D_pkm_ldv_t,le,0.01924412418573072,,,,,,,,TRPHRBC001
BC,T_LDV_LTP_BEV200,2040.0,T_D_pkm_ldv_t,le,0.01924412418573072,,,,,,,,TRPHRBC001
BC,T_LDV_LTP_BEV200,2045.0,T_D_pkm_ldv_t,le,0.01924412418573072,,,,,,,,TRPHRBC001
BC,T_LDV_LTP_BEV300,2025.0,T_D_pkm_ldv_t,le,0.01924412418573072,,,,,,,,TRPHRBC001
BC,T_LDV_LTP_BEV300,2030.0,T_D_pkm_ldv_t,le,0.01924412418573072,,,,,,,,TRPHRBC001
BC,T_LDV_LTP_BEV300,2035.0,T_D_pkm_ldv_t,le,0.01924412418573072,,,,,,,,TRPHRBC001
BC,T_LDV_LTP_BEV300,2040.0,T_D_pkm_ldv_t,le,0.01924412418573072,,,,,,,,TRPHRBC001
BC,T_LDV_LTP_BEV300,2045.0,T_D_pkm_ldv_t,le,0.01924412418573072,,,,,,,,TRPHRBC001
BC,T_LDV_LTP_BEV400,2025.0,T_D_pkm_ldv_t,le,0.01924412418573072,,,,,,,,TRPHRBC001
BC,T_LDV_LTP_BEV400,2030.0,T_D_pkm_ldv_t,le,0.01924412418573072,,,,,,,,TRPHRBC001
BC,T_LDV_LTP_BEV400,2035.0,T_D_pkm_ldv_t,le,0.01924412418573072,,,,,,,,TRPHRBC001
BC,T_LDV_LTP_BEV400,2040.0,T_D_pkm_ldv_t,le,0.01924412418573072,,,,,,,,TRPHRBC001
BC,T_LDV_LTP_BEV400,2045.0,T_D_pkm_ldv_t,le,0.01924412418573072,,,,,,,,TRPHRBC001
BC,T_LDV_LTP_CNG,2025.0,T_D_pkm_ldv_t,le,0.01924412418573072,,,,,,,,TRPHRBC001
BC,T_LDV_LTP_CNG,2030.0,T_D_pkm_ldv_t,le,0.01924412418573072,,,,,,,,TRPHRBC001
BC,T_LDV_LTP_CNG,2035.0,T_D_pkm_ldv_t,le,0.01924412418573072,,,,,,,,TRPHRBC001
BC,T_LDV_LTP_CNG,2040.0,T_D_pkm_ldv_t,le,0.01924412418573072,,,,,,,,TRPHRBC001
BC,T_LDV_LTP_CNG,2045.0,T_D_pkm_ldv_t,le,0.01924412418573072,,,,,,,,TRPHRBC001
BC,T_LDV_LTP_DSL,2025.0,T_D_pkm_ldv_t,le,0.01924412418573072,,,,,,,,TRPHRBC001
BC,T_LDV_LTP_DSL,2030.0,T_D_pkm_ldv_t,le,0.01924412418573072,,,,,,,,TRPHRBC001
BC,T_LDV_LTP_DSL,2035.0,T_D_pkm_ldv_t,le,0.01924412418573072,,,,,,,,TRPHRBC001
BC,T_LDV_LTP_DSL,2040.0,T_D_pkm_ldv_t,le,0.01924412418573072,,,,,,,,TRPHRBC001
BC,T_LDV_LTP_DSL,2045.0,T_D_pkm_ldv_t,le,0.01924412418573072,,,,,,,,TRPHRBC001
BC,T_LDV_LTP_FCEV400,2025.0,T_D_pkm_ldv_t,le,0.01924412418573072,,,,,,,,TRPHRBC001
BC,T_LDV_LTP_FCEV400,2030.0,T_D_pkm_ldv_t,le,0.01924412418573072,,,,,,,,TRPHRBC001
BC,T_LDV_LTP_FCEV400,2035.0,T_D_pkm_ldv_t,le,0.01924412418573072,,,,,,,,TRPHRBC001
BC,T_LDV_LTP_FCEV400,2040.0,T_D_pkm_ldv_t,le,0.01924412418573072,,,,,,,,TRPHRBC001
BC,T_LDV_LTP_FCEV400,2045.0,T_D_pkm_ldv_t,le,0.01924412418573072,,,,,,,,TRPHRBC001
BC,T_LDV_LTP_GSL,2025.0,T_D_pkm_ldv_t,le,0.01924412418573072,,,,,,,,TRPHRBC001
BC,T_LDV_LTP_GSL,2030.0,T_D_pkm_ldv_t,le,0.01924412418573072,,,,,,,,TRPHRBC001
BC,T_LDV_LTP_GSL,2035.0,T_D_pkm_ldv_t,le,0.01924412418573072,,,,,,,,TRPHRBC001
BC,T_LDV_LTP_GSL,2040.0,T_D_pkm_ldv_t,le,0.01924412418573072,,,,,,,,TRPHRBC001
BC,T_LDV_LTP_GSL,2045.0,T_D_pkm_ldv_t,le,0.01924412418573072,,,,,,,,TRPHRBC001
BC,T_LDV_LTP_GSL_HEV,2025.0,T_D_pkm_ldv_t,le,0.01924412418573072,,,,,,,,TRPHRBC001
BC,T_LDV_LTP_GSL_HEV,2030.0,T_D_pkm_ldv_t,le,0.01924412418573072,,,,,,,,TRPHRBC001
BC,T_LDV_LTP_GSL_HEV,2035.0,T_D_pkm_ldv_t,le,0.01924412418573072,,,,,,,,TRPHRBC001
BC,T_LDV_LTP_GSL_HEV,2040.0,T_D_pkm_ldv_t,le,0.01924412418573072,,,,,,,,TRPHRBC001
BC,T_LDV_LTP_GSL_HEV,2045.0,T_D_pkm_ldv_t,le,0.01924412418573072,,,,,,,,TRPHRBC001
BC,T_LDV_LTP_GSL_PHEV35,2025.0,T_D_pkm_ldv_t,le,0.01924412418573072,,,,,,,,TRPHRBC001
BC,T_LDV_LTP_GSL_PHEV35,2030.0,T_D_pkm_ldv_t,le,0.01924412418573072,,,,,,,,TRPHRBC001
BC,T_LDV_LTP_GSL_PHEV35,2035.0,T_D_pkm_ldv_t,le,0.01924412418573072,,,,,,,,TRPHRBC001
BC,T_LDV_LTP_GSL_PHEV35,2040.0,T_D_pkm_ldv_t,le,0.01924412418573072,,,,,,,,TRPHRBC001
BC,T_LDV_LTP_GSL_PHEV35,2045.0,T_D_pkm_ldv_t,le,0.01924412418573072,,,,,,,,TRPHRBC001
BC,T_LDV_LTP_GSL_PHEV50,2025.0,T_D_pkm_ldv_t,le,0.01924412418573072,,,,,,,,TRPHRBC001
BC,T_LDV_LTP_GSL_PHEV50,2030.0,T_D_pkm_ldv_t,le,0.01924412418573072,,,,,,,,TRPHRBC001
BC,T_LDV_LTP_GSL_PHEV50,2035.0,T_D_pkm_ldv_t,le,0.01924412418573072,,,,,,,,TRPHRBC001
BC,T_LDV_LTP_GSL_PHEV50,2040.0,T_D_pkm_ldv_t,le,0.01924412418573072,,,,,,,,TRPHRBC001
BC,T_LDV_LTP_GSL_PHEV50,2045.0,T_D_pkm_ldv_t,le,0.01924412418573072,,,,,,,,TRPHRBC001
MB,T_LDV_LTP_BEV150,2025.0,T_D_pkm_ldv_t,le,0.01924412418573072,,,,,,,,TRPHRMB001
MB,T_LDV_LTP_BEV150,2030.0,T_D_pkm_ldv_t,le,0.01924412418573072,,,,,,,,TRPHRMB001
MB,T_LDV_LTP_BEV150,2035.0,T_D_pkm_ldv_t,le,0.01924412418573072,,,,,,,,TRPHRMB001
MB,T_LDV_LTP_BEV150,2040.0,T_D_pkm_ldv_t,le,0.01924412418573072,,,,,,,,TRPHRMB001
MB,T_LDV_LTP_BEV150,2045.0,T_D_pkm_ldv_t,le,0.01924412418573072,,,,,,,,TRPHRMB001
MB,T_LDV_LTP_BEV200,2025.0,T_D_pkm_ldv_t,le,0.01924412418573072,,,,,,,,TRPHRMB001
MB,T_LDV_LTP_BEV200,2030.0,T_D_pkm_ldv_t,le,0.01924412418573072,,,,,,,,TRPHRMB001
MB,T_LDV_LTP_BEV200,2035.0,T_D_pkm_ldv_t,le,0.01924412418573072,,,,,,,,TRPHRMB001
MB,T_LDV_LTP_BEV200,2040.0,T_D_pkm_ldv_t,le,0.01924412418573072,,,,,,,,TRPHRMB001
MB,T_LDV_LTP_BEV200,2045.0,T_D_pkm_ldv_t,le,0.01924412418573072,,,,,,,,TRPHRMB001
MB,T_LDV_LTP_BEV300,2025.0,T_D_pkm_ldv_t,le,0.01924412418573072,,,,,,,,TRPHRMB001
MB,T_LDV_LTP_BEV300,2030.0,T_D_pkm_ldv_t,le,0.01924412418573072,,,,,,,,TRPHRMB001
MB,T_LDV_LTP_BEV300,2035.0,T_D_pkm_ldv_t,le,0.01924412418573072,,,,,,,,TRPHRMB001
MB,T_LDV_LTP_BEV300,2040.0,T_D_pkm_ldv_t,le,0.01924412418573072,,,,,,,,TRPHRMB001
MB,T_LDV_LTP_BEV300,2045.0,T_D_pkm_ldv_t,le,0.01924412418573072,,,,,,,,TRPHRMB001
MB,T_LDV_LTP_BEV400,2025.0,T_D_pkm_ldv_t,le,0.01924412418573072,,,,,,,,TRPHRMB001
MB,T_LDV_LTP_BEV400,2030.0,T_D_pkm_ldv_t,le,0.01924412418573072,,,,,,,,TRPHRMB001
MB,T_LDV_LTP_BEV400,2035.0,T_D_pkm_ldv_t,le,0.01924412418573072,,,,,,,,TRPHRMB001
MB,T_LDV_LTP_BEV400,2040.0,T_D_pkm_ldv_t,le,0.01924412418573072,,,,,,,,TRPHRMB001
MB,T_LDV_LTP_BEV400,2045.0,T_D_pkm_ldv_t,le,0.01924412418573072,,,,,,,,TRPHRMB001
MB,T_LDV_LTP_CNG,2025.0,T_D_pkm_ldv_t,le,0.01924412418573072,,,,,,,,TRPHRMB001
MB,T_LDV_LTP_CNG,2030.0,T_D_pkm_ldv_t,le,0.01924412418573072,,,,,,,,TRPHRMB001
MB,T_LDV_LTP_CNG,2035.0,T_D_pkm_ldv_t,le,0.01924412418573072,,,,,,,,TRPHRMB001
MB,T_LDV_LTP_CNG,2040.0,T_D_pkm_ldv_t,le,0.01924412418573072,,,,,,,,TRPHRMB001
MB,T_LDV_LTP_CNG,2045.0,T_D_pkm_ldv_t,le,0.01924412418573072,,,,,,,,TRPHRMB001
MB,T_LDV_LTP_DSL,2025.0,T_D_pkm_ldv_t,le,0.01924412418573072,,,,,,,,TRPHRMB001
MB,T_LDV_LTP_DSL,2030.0,T_D_pkm_ldv_t,le,0.01924412418573072,,,,,,,,TRPHRMB001
MB,T_LDV_LTP_DSL,2035.0,T_D_pkm_ldv_t,le,0.01924412418573072,,,,,,,,TRPHRMB001
MB,T_LDV_LTP_DSL,2040.0,T_D_pkm_ldv_t,le,0.01924412418573072,,,,,,,,TRPHRMB001
MB,T_LDV_LTP_DSL,2045.0,T_D_pkm_ldv_t,le,0.01924412418573072,,,,,,,,TRPHRMB001
MB,T_LDV_LTP_FCEV400,2025.0,T_D_pkm_ldv_t,le,0.01924412418573072,,,,,,,,TRPHRMB001
MB,T_LDV_LTP_FCEV400,2030.0,T_D_pkm_ldv_t,le,0.01924412418573072,,,,,,,,TRPHRMB001
MB,T_LDV_LTP_FCEV400,2035.0,T_D_pkm_ldv_t,le,0.01924412418573072,,,,,,,,TRPHRMB001
MB,T_LDV_LTP_FCEV400,2040.0,T_D_pkm_ldv_t,le,0.01924412418573072,,,,,,,,TRPHRMB001
MB,T_LDV_LTP_FCEV400,2045.0,T_D_pkm_ldv_t,le,0.01924412418573072,,,,,,,,TRPHRMB001
MB,T_LDV_LTP_GSL,2025.0,T_D_pkm_ldv_t,le,0.01924412418573072,,,,,,,,TRPHRMB001
MB,T_LDV_LTP_GSL,2030.0,T_D_pkm_ldv_t,le,0.01924412418573072,,,,,,,,TRPHRMB001
MB,T_LDV_LTP_GSL,2035.0,T_D_pkm_ldv_t,le,0.01924412418573072,,,,,,,,TRPHRMB001
MB,T_LDV_LTP_GSL,2040.0,T_D_pkm_ldv_t,le,0.01924412418573072,,,,,,,,TRPHRMB001
MB,T_LDV_LTP_GSL,2045.0,T_D_pkm_ldv_t,le,0.01924412418573072,,,,,,,,TRPHRMB001
MB,T_LDV_LTP_GSL_HEV,2025.0,T_D_pkm_ldv_t,le,0.01924412418573072,,,,,,,,TRPHRMB001
MB,T_LDV_LTP_GSL_HEV,2030.0,T_D_pkm_ldv_t,le,0.01924412418573072,,,,,,,,TRPHRMB001
MB,T_LDV_LTP_GSL_HEV,2035.0,T_D_pkm_ldv_t,le,0.01924412418573072,,,,,,,,TRPHRMB001
MB,T_LDV_LTP_GSL_HEV,2040.0,T_D_pkm_ldv_t,le,0.01924412418573072,,,,,,,,TRPHRMB001
MB,T_LDV_LTP_GSL_HEV,2045.0,T_D_pkm_ldv_t,le,0.01924412418573072,,,,,,,,TRPHRMB001
MB,T_LDV_LTP_GSL_PHEV35,2025.0,T_D_pkm_ldv_t,le,0.01924412418573072,,,,,,,,TRPHRMB001
MB,T_LDV_LTP_GSL_PHEV35,2030.0,T_D_pkm_ldv_t,le,0.01924412418573072,,,,,,,,TRPHRMB001
MB,T_LDV_LTP_GSL_PHEV35,2035.0,T_D_pkm_ldv_t,le,0.01924412418573072,,,,,,,,TRPHRMB001
MB,T_LDV_LTP_GSL_PHEV35,2040.0,T_D_pkm_ldv_t,le,0.01924412418573072,,,,,,,,TRPHRMB001
MB,T_LDV_LTP_GSL_PHEV35,2045.0,T_D_pkm_ldv_t,le,0.01924412418573072,,,,,,,,TRPHRMB001
MB,T_LDV_LTP_GSL_PHEV50,2025.0,T_D_pkm_ldv_t,le,0.01924412418573072,,,,,,,,TRPHRMB001
MB,T_LDV_LTP_GSL_PHEV50,2030.0,T_D_pkm_ldv_t,le,0.01924412418573072,,,,,,,,TRPHRMB001
MB,T_LDV_LTP_GSL_PHEV50,2035.0,T_D_pkm_ldv_t,le,0.01924412418573072,,,,,,,,TRPHRMB001
MB,T_LDV_LTP_GSL_PHEV50,2040.0,T_D_pkm_ldv_t,le,0.01924412418573072,,,,,,,,TRPHRMB001
MB,T_LDV_LTP_GSL_PHEV50,2045.0,T_D_pkm_ldv_t,le,0.01924412418573072,,,,,,,,TRPHRMB001
NB,T_LDV_LTP_BEV150,2025.0,T_D_pkm_ldv_t,le,0.01924412418573072,,,,,,,,TRPHRNB001
NB,T_LDV_LTP_BEV150,2030.0,T_D_pkm_ldv_t,le,0.01924412418573072,,,,,,,,TRPHRNB001
NB,T_LDV_LTP_BEV150,2035.0,T_D_pkm_ldv_t,le,0.01924412418573072,,,,,,,,TRPHRNB001
NB,T_LDV_LTP_BEV150,2040.0,T_D_pkm_ldv_t,le,0.01924412418573072,,,,,,,,TRPHRNB001
NB,T_LDV_LTP_BEV150,2045.0,T_D_pkm_ldv_t,le,0.01924412418573072,,,,,,,,TRPHRNB001
NB,T_LDV_LTP_BEV200,2025.0,T_D_pkm_ldv_t,le,0.01924412418573072,,,,,,,,TRPHRNB001
NB,T_LDV_LTP_BEV200,2030.0,T_D_pkm_ldv_t,le,0.01924412418573072,,,,,,,,TRPHRNB001
NB,T_LDV_LTP_BEV200,2035.0,T_D_pkm_ldv_t,le,0.01924412418573072,,,,,,,,TRPHRNB001
NB,T_LDV_LTP_BEV200,2040.0,T_D_pkm_ldv_t,le,0.01924412418573072,,,,,,,,TRPHRNB001
NB,T_LDV_LTP_BEV200,2045.0,T_D_pkm_ldv_t,le,0.01924412418573072,,,,,,,,TRPHRNB001
NB,T_LDV_LTP_BEV300,2025.0,T_D_pkm_ldv_t,le,0.01924412418573072,,,,,,,,TRPHRNB001
NB,T_LDV_LTP_BEV300,2030.0,T_D_pkm_ldv_t,le,0.01924412418573072,,,,,,,,TRPHRNB001
NB,T_LDV_LTP_BEV300,2035.0,T_D_pkm_ldv_t,le,0.01924412418573072,,,,,,,,TRPHRNB001
NB,T_LDV_LTP_BEV300,2040.0,T_D_pkm_ldv_t,le,0.01924412418573072,,,,,,,,TRPHRNB001
NB,T_LDV_LTP_BEV300,2045.0,T_D_pkm_ldv_t,le,0.01924412418573072,,,,,,,,TRPHRNB001
NB,T_LDV_LTP_BEV400,2025.0,T_D_pkm_ldv_t,le,0.01924412418573072,,,,,,,,TRPHRNB001
NB,T_LDV_LTP_BEV400,2030.0,T_D_pkm_ldv_t,le,0.01924412418573072,,,,,,,,TRPHRNB001
NB,T_LDV_LTP_BEV400,2035.0,T_D_pkm_ldv_t,le,0.01924412418573072,,,,,,,,TRPHRNB001
NB,T_LDV_LTP_BEV400,2040.0,T_D_pkm_ldv_t,le,0.01924412418573072,,,,,,,,TRPHRNB001
NB,T_LDV_LTP_BEV400,2045.0,T_D_pkm_ldv_t,le,0.01924412418573072,,,,,,,,TRPHRNB001
NB,T_LDV_LTP_CNG,2025.0,T_D_pkm_ldv_t,le,0.01924412418573072,,,,,,,,TRPHRNB001
NB,T_LDV_LTP_CNG,2030.0,T_D_pkm_ldv_t,le,0.01924412418573072,,,,,,,,TRPHRNB001
NB,T_LDV_LTP_CNG,2035.0,T_D_pkm_ldv_t,le,0.01924412418573072,,,,,,,,TRPHRNB001
NB,T_LDV_LTP_CNG,2040.0,T_D_pkm_ldv_t,le,0.01924412418573072,,,,,,,,TRPHRNB001
NB,T_LDV_LTP_CNG,2045.0,T_D_pkm_ldv_t,le,0.01924412418573072,,,,,,,,TRPHRNB001
NB,T_LDV_LTP_DSL,2025.0,T_D_pkm_ldv_t,le,0.01924412418573072,,,,,,,,TRPHRNB001
NB,T_LDV_LTP_DSL,2030.0,T_D_pkm_ldv_t,le,0.01924412418573072,,,,,,,,TRPHRNB001
NB,T_LDV_LTP_DSL,2035.0,T_D_pkm_ldv_t,le,0.01924412418573072,,,,,,,,TRPHRNB001
NB,T_LDV_LTP_DSL,2040.0,T_D_pkm_ldv_t,le,0.01924412418573072,,,,,,,,TRPHRNB001
NB,T_LDV_LTP_DSL,2045.0,T_D_pkm_ldv_t,le,0.01924412418573072,,,,,,,,TRPHRNB001
NB,T_LDV_LTP_FCEV400,2025.0,T_D_pkm_ldv_t,le,0.01924412418573072,,,,,,,,TRPHRNB001
NB,T_LDV_LTP_FCEV400,2030.0,T_D_pkm_ldv_t,le,0.01924412418573072,,,,,,,,TRPHRNB001
NB,T_LDV_LTP_FCEV400,2035.0,T_D_pkm_ldv_t,le,0.01924412418573072,,,,,,,,TRPHRNB001
NB,T_LDV_LTP_FCEV400,2040.0,T_D_pkm_ldv_t,le,0.01924412418573072,,,,,,,,TRPHRNB001
NB,T_LDV_LTP_FCEV400,2045.0,T_D_pkm_ldv_t,le,0.01924412418573072,,,,,,,,TRPHRNB001
NB,T_LDV_LTP_GSL,2025.0,T_D_pkm_ldv_t,le,0.01924412418573072,,,,,,,,TRPHRNB001
NB,T_LDV_LTP_GSL,2030.0,T_D_pkm_ldv_t,le,0.01924412418573072,,,,,,,,TRPHRNB001
NB,T_LDV_LTP_GSL,2035.0,T_D_pkm_ldv_t,le,0.01924412418573072,,,,,,,,TRPHRNB001
NB,T_LDV_LTP_GSL,2040.0,T_D_pkm_ldv_t,le,0.01924412418573072,,,,,,,,TRPHRNB001
NB,T_LDV_LTP_GSL,2045.0,T_D_pkm_ldv_t,le,0.01924412418573072,,,,,,,,TRPHRNB001
NB,T_LDV_LTP_GSL_HEV,2025.0,T_D_pkm_ldv_t,le,0.01924412418573072,,,,,,,,TRPHRNB001
NB,T_LDV_LTP_GSL_HEV,2030.0,T_D_pkm_ldv_t,le,0.01924412418573072,,,,,,,,TRPHRNB001
NB,T_LDV_LTP_GSL_HEV,2035.0,T_D_pkm_ldv_t,le,0.01924412418573072,,,,,,,,TRPHRNB001
NB,T_LDV_LTP_GSL_HEV,2040.0,T_D_pkm_ldv_t,le,0.01924412418573072,,,,,,,,TRPHRNB001
NB,T_LDV_LTP_GSL_HEV,2045.0,T_D_pkm_ldv_t,le,0.01924412418573072,,,,,,,,TRPHRNB001
NB,T_LDV_LTP_GSL_PHEV35,2025.0,T_D_pkm_ldv_t,le,0.01924412418573072,,,,,,,,TRPHRNB001
NB,T_LDV_LTP_GSL_PHEV35,2030.0,T_D_pkm_ldv_t,le,0.01924412418573072,,,,,,,,TRPHRNB001
NB,T_LDV_LTP_GSL_PHEV35,2035.0,T_D_pkm_ldv_t,le,0.01924412418573072,,,,,,,,TRPHRNB001
NB,T_LDV_LTP_GSL_PHEV35,2040.0,T_D_pkm_ldv_t,le,0.01924412418573072,,,,,,,,TRPHRNB001
NB,T_LDV_LTP_GSL_PHEV35,2045.0,T_D_pkm_ldv_t,le,0.01924412418573072,,,,,,,,TRPHRNB001
NB,T_LDV_LTP_GSL_PHEV50,2025.0,T_D_pkm_ldv_t,le,0.01924412418573072,,,,,,,,TRPHRNB001
NB,T_LDV_LTP_GSL_PHEV50,2030.0,T_D_pkm_ldv_t,le,0.01924412418573072,,,,,,,,TRPHRNB001
NB,T_LDV_LTP_GSL_PHEV50,2035.0,T_D_pkm_ldv_t,le,0.01924412418573072,,,,,,,,TRPHRNB001
NB,T_LDV_LTP_GSL_PHEV50,2040.0,T_D_pkm_ldv_t,le,0.01924412418573072,,,,,,,,TRPHRNB001
NB,T_LDV_LTP_GSL_PHEV50,2045.0,T_D_pkm_ldv_t,le,0.01924412418573072,,,,,,,,TRPHRNB001
NLLAB,T_LDV_LTP_BEV150,2025.0,T_D_pkm_ldv_t,le,0.01924412418573072,,,,,,,,TRPHRNLLAB001
NLLAB,T_LDV_LTP_BEV150,2030.0,T_D_pkm_ldv_t,le,0.01924412418573072,,,,,,,,TRPHRNLLAB001
NLLAB,T_LDV_LTP_BEV150,2035.0,T_D_pkm_ldv_t,le,0.01924412418573072,,,,,,,,TRPHRNLLAB001
NLLAB,T_LDV_LTP_BEV150,2040.0,T_D_pkm_ldv_t,le,0.01924412418573072,,,,,,,,TRPHRNLLAB001
NLLAB,T_LDV_LTP_BEV150,2045.0,T_D_pkm_ldv_t,le,0.01924412418573072,,,,,,,,TRPHRNLLAB001
NLLAB,T_LDV_LTP_BEV200,2025.0,T_D_pkm_ldv_t,le,0.01924412418573072,,,,,,,,TRPHRNLLAB001
NLLAB,T_LDV_LTP_BEV200,2030.0,T_D_pkm_ldv_t,le,0.01924412418573072,,,,,,,,TRPHRNLLAB001
NLLAB,T_LDV_LTP_BEV200,2035.0,T_D_pkm_ldv_t,le,0.01924412418573072,,,,,,,,TRPHRNLLAB001
NLLAB,T_LDV_LTP_BEV200,2040.0,T_D_pkm_ldv_t,le,0.01924412418573072,,,,,,,,TRPHRNLLAB001
NLLAB,T_LDV_LTP_BEV200,2045.0,T_D_pkm_ldv_t,le,0.01924412418573072,,,,,,,,TRPHRNLLAB001
NLLAB,T_LDV_LTP_BEV300,2025.0,T_D_pkm_ldv_t,le,0.01924412418573072,,,,,,,,TRPHRNLLAB001
NLLAB,T_LDV_LTP_BEV300,2030.0,T_D_pkm_ldv_t,le,0.01924412418573072,,,,,,,,TRPHRNLLAB001
NLLAB,T_LDV_LTP_BEV300,2035.0,T_D_pkm_ldv_t,le,0.01924412418573072,,,,,,,,TRPHRNLLAB001
NLLAB,T_LDV_LTP_BEV300,2040.0,T_D_pkm_ldv_t,le,0.01924412418573072,,,,,,,,TRPHRNLLAB001
NLLAB,T_LDV_LTP_BEV300,2045.0,T_D_pkm_ldv_t,le,0.01924412418573072,,,,,,,,TRPHRNLLAB001
NLLAB,T_LDV_LTP_BEV400,2025.0,T_D_pkm_ldv_t,le,0.01924412418573072,,,,,,,,TRPHRNLLAB001
NLLAB,T_LDV_LTP_BEV400,2030.0,T_D_pkm_ldv_t,le,0.01924412418573072,,,,,,,,TRPHRNLLAB001
NLLAB,T_LDV_LTP_BEV400,2035.0,T_D_pkm_ldv_t,le,0.01924412418573072,,,,,,,,TRPHRNLLAB001
NLLAB,T_LDV_LTP_BEV400,2040.0,T_D_pkm_ldv_t,le,0.01924412418573072,,,,,,,,TRPHRNLLAB001
NLLAB,T_LDV_LTP_BEV400,2045.0,T_D_pkm_ldv_t,le,0.01924412418573072,,,,,,,,TRPHRNLLAB001
NLLAB,T_LDV_LTP_CNG,2025.0,T_D_pkm_ldv_t,le,0.01924412418573072,,,,,,,,TRPHRNLLAB001
NLLAB,T_LDV_LTP_CNG,2030.0,T_D_pkm_ldv_t,le,0.01924412418573072,,,,,,,,TRPHRNLLAB001
NLLAB,T_LDV_LTP_CNG,2035.0,T_D_pkm_ldv_t,le,0.01924412418573072,,,,,,,,TRPHRNLLAB001
NLLAB,T_LDV_LTP_CNG,2040.0,T_D_pkm_ldv_t,le,0.01924412418573072,,,,,,,,TRPHRNLLAB001
NLLAB,T_LDV_LTP_CNG,2045.0,T_D_pkm_ldv_t,le,0.01924412418573072,,,,,,,,TRPHRNLLAB001
NLLAB,T_LDV_LTP_DSL,2025.0,T_D_pkm_ldv_t,le,0.01924412418573072,,,,,,,,TRPHRNLLAB001
NLLAB,T_LDV_LTP_DSL,2030.0,T_D_pkm_ldv_t,le,0.01924412418573072,,,,,,,,TRPHRNLLAB001
NLLAB,T_LDV_LTP_DSL,2035.0,T_D_pkm_ldv_t,le,0.01924412418573072,,,,,,,,TRPHRNLLAB001
NLLAB,T_LDV_LTP_DSL,2040.0,T_D_pkm_ldv_t,le,0.01924412418573072,,,,,,,,TRPHRNLLAB001
NLLAB,T_LDV_LTP_DSL,2045.0,T_D_pkm_ldv_t,le,0.01924412418573072,,,,,,,,TRPHRNLLAB001
NLLAB,T_LDV_LTP_FCEV400,2025.0,T_D_pkm_ldv_t,le,0.01924412418573072,,,,,,,,TRPHRNLLAB001
NLLAB,T_LDV_LTP_FCEV400,2030.0,T_D_pkm_ldv_t,le,0.01924412418573072,,,,,,,,TRPHRNLLAB001
NLLAB,T_LDV_LTP_FCEV400,2035.0,T_D_pkm_ldv_t,le,0.01924412418573072,,,,,,,,TRPHRNLLAB001
NLLAB,T_LDV_LTP_FCEV400,2040.0,T_D_pkm_ldv_t,le,0.01924412418573072,,,,,,,,TRPHRNLLAB001
NLLAB,T_LDV_LTP_FCEV400,2045.0,T_D_pkm_ldv_t,le,0.01924412418573072,,,,,,,,TRPHRNLLAB001
NLLAB,T_LDV_LTP_GSL,2025.0,T_D_pkm_ldv_t,le,0.01924412418573072,,,,,,,,TRPHRNLLAB001
NLLAB,T_LDV_LTP_GSL,2030.0,T_D_pkm_ldv_t,le,0.01924412418573072,,,,,,,,TRPHRNLLAB001
NLLAB,T_LDV_LTP_GSL,2035.0,T_D_pkm_ldv_t,le,0.01924412418573072,,,,,,,,TRPHRNLLAB001
NLLAB,T_LDV_LTP_GSL,2040.0,T_D_pkm_ldv_t,le,0.01924412418573072,,,,,,,,TRPHRNLLAB001
NLLAB,T_LDV_LTP_GSL,2045.0,T_D_pkm_ldv_t,le,0.01924412418573072,,,,,,,,TRPHRNLLAB001
NLLAB,T_LDV_LTP_GSL_HEV,2025.0,T_D_pkm_ldv_t,le,0.01924412418573072,,,,,,,,TRPHRNLLAB001
NLLAB,T_LDV_LTP_GSL_HEV,2030.0,T_D_pkm_ldv_t,le,0.01924412418573072,,,,,,,,TRPHRNLLAB001
NLLAB,T_LDV_LTP_GSL_HEV,2035.0,T_D_pkm_ldv_t,le,0.01924412418573072,,,,,,,,TRPHRNLLAB001
NLLAB,T_LDV_LTP_GSL_HEV,2040.0,T_D_pkm_ldv_t,le,0.01924412418573072,,,,,,,,TRPHRNLLAB001
NLLAB,T_LDV_LTP_GSL_HEV,2045.0,T_D_pkm_ldv_t,le,0.01924412418573072,,,,,,,,TRPHRNLLAB001
NLLAB,T_LDV_LTP_GSL_PHEV35,2025.0,T_D_pkm_ldv_t,le,0.01924412418573072,,,,,,,,TRPHRNLLAB001
NLLAB,T_LDV_LTP_GSL_PHEV35,2030.0,T_D_pkm_ldv_t,le,0.01924412418573072,,,,,,,,TRPHRNLLAB001
NLLAB,T_LDV_LTP_GSL_PHEV35,2035.0,T_D_pkm_ldv_t,le,0.01924412418573072,,,,,,,,TRPHRNLLAB001
NLLAB,T_LDV_LTP_GSL_PHEV35,2040.0,T_D_pkm_ldv_t,le,0.01924412418573072,,,,,,,,TRPHRNLLAB001
NLLAB,T_LDV_LTP_GSL_PHEV35,2045.0,T_D_pkm_ldv_t,le,0.01924412418573072,,,,,,,,TRPHRNLLAB001
NLLAB,T_LDV_LTP_GSL_PHEV50,2025.0,T_D_pkm_ldv_t,le,0.01924412418573072,,,,,,,,TRPHRNLLAB001
NLLAB,T_LDV_LTP_GSL_PHEV50,2030.0,T_D_pkm_ldv_t,le,0.01924412418573072,,,,,,,,TRPHRNLLAB001
NLLAB,T_LDV_LTP_GSL_PHEV50,2035.0,T_D_pkm_ldv_t,le,0.01924412418573072,,,,,,,,TRPHRNLLAB001
NLLAB,T_LDV_LTP_GSL_PHEV50,2040.0,T_D_pkm_ldv_t,le,0.01924412418573072,,,,,,,,TRPHRNLLAB001
NLLAB,T_LDV_LTP_GSL_PHEV50,2045.0,T_D_pkm_ldv_t,le,0.01924412418573072,,,,,,,,TRPHRNLLAB001
NS,T_LDV_LTP_BEV150,2025.0,T_D_pkm_ldv_t,le,0.01924412418573072,,,,,,,,TRPHRNS001
NS,T_LDV_LTP_BEV150,2030.0,T_D_pkm_ldv_t,le,0.01924412418573072,,,,,,,,TRPHRNS001
NS,T_LDV_LTP_BEV150,2035.0,T_D_pkm_ldv_t,le,0.01924412418573072,,,,,,,,TRPHRNS001
NS,T_LDV_LTP_BEV150,2040.0,T_D_pkm_ldv_t,le,0.01924412418573072,,,,,,,,TRPHRNS001
NS,T_LDV_LTP_BEV150,2045.0,T_D_pkm_ldv_t,le,0.01924412418573072,,,,,,,,TRPHRNS001
NS,T_LDV_LTP_BEV200,2025.0,T_D_pkm_ldv_t,le,0.01924412418573072,,,,,,,,TRPHRNS001
NS,T_LDV_LTP_BEV200,2030.0,T_D_pkm_ldv_t,le,0.01924412418573072,,,,,,,,TRPHRNS001
NS,T_LDV_LTP_BEV200,2035.0,T_D_pkm_ldv_t,le,0.01924412418573072,,,,,,,,TRPHRNS001
NS,T_LDV_LTP_BEV200,2040.0,T_D_pkm_ldv_t,le,0.01924412418573072,,,,,,,,TRPHRNS001
NS,T_LDV_LTP_BEV200,2045.0,T_D_pkm_ldv_t,le,0.01924412418573072,,,,,,,,TRPHRNS001
NS,T_LDV_LTP_BEV300,2025.0,T_D_pkm_ldv_t,le,0.01924412418573072,,,,,,,,TRPHRNS001
NS,T_LDV_LTP_BEV300,2030.0,T_D_pkm_ldv_t,le,0.01924412418573072,,,,,,,,TRPHRNS001
NS,T_LDV_LTP_BEV300,2035.0,T_D_pkm_ldv_t,le,0.01924412418573072,,,,,,,,TRPHRNS001
NS,T_LDV_LTP_BEV300,2040.0,T_D_pkm_ldv_t,le,0.01924412418573072,,,,,,,,TRPHRNS001
NS,T_LDV_LTP_BEV300,2045.0,T_D_pkm_ldv_t,le,0.01924412418573072,,,,,,,,TRPHRNS001
NS,T_LDV_LTP_BEV400,2025.0,T_D_pkm_ldv_t,le,0.01924412418573072,,,,,,,,TRPHRNS001
NS,T_LDV_LTP_BEV400,2030.0,T_D_pkm_ldv_t,le,0.01924412418573072,,,,,,,,TRPHRNS001
NS,T_LDV_LTP_BEV400,2035.0,T_D_pkm_ldv_t,le,0.01924412418573072,,,,,,,,TRPHRNS001
NS,T_LDV_LTP_BEV400,2040.0,T_D_pkm_ldv_t,le,0.01924412418573072,,,,,,,,TRPHRNS001
NS,T_LDV_LTP_BEV400,2045.0,T_D_pkm_ldv_t,le,0.01924412418573072,,,,,,,,TRPHRNS001
NS,T_LDV_LTP_CNG,2025.0,T_D_pkm_ldv_t,le,0.01924412418573072,,,,,,,,TRPHRNS001
NS,T_LDV_LTP_CNG,2030.0,T_D_pkm_ldv_t,le,0.01924412418573072,,,,,,,,TRPHRNS001
NS,T_LDV_LTP_CNG,2035.0,T_D_pkm_ldv_t,le,0.01924412418573072,,,,,,,,TRPHRNS001
NS,T_LDV_LTP_CNG,2040.0,T_D_pkm_ldv_t,le,0.01924412418573072,,,,,,,,TRPHRNS001
NS,T_LDV_LTP_CNG,2045.0,T_D_pkm_ldv_t,le,0.01924412418573072,,,,,,,,TRPHRNS001
NS,T_LDV_LTP_DSL,2025.0,T_D_pkm_ldv_t,le,0.01924412418573072,,,,,,,,TRPHRNS001
NS,T_LDV_LTP_DSL,2030.0,T_D_pkm_ldv_t,le,0.01924412418573072,,,,,,,,TRPHRNS001
NS,T_LDV_LTP_DSL,2035.0,T_D_pkm_ldv_t,le,0.01924412418573072,,,,,,,,TRPHRNS001
NS,T_LDV_LTP_DSL,2040.0,T_D_pkm_ldv_t,le,0.01924412418573072,,,,,,,,TRPHRNS001
NS,T_LDV_LTP_DSL,2045.0,T_D_pkm_ldv_t,le,0.01924412418573072,,,,,,,,TRPHRNS001
NS,T_LDV_LTP_FCEV400,2025.0,T_D_pkm_ldv_t,le,0.01924412418573072,,,,,,,,TRPHRNS001
NS,T_LDV_LTP_FCEV400,2030.0,T_D_pkm_ldv_t,le,0.01924412418573072,,,,,,,,TRPHRNS001
NS,T_LDV_LTP_FCEV400,2035.0,T_D_pkm_ldv_t,le,0.01924412418573072,,,,,,,,TRPHRNS001
NS,T_LDV_LTP_FCEV400,2040.0,T_D_pkm_ldv_t,le,0.01924412418573072,,,,,,,,TRPHRNS001
NS,T_LDV_LTP_FCEV400,2045.0,T_D_pkm_ldv_t,le,0.01924412418573072,,,,,,,,TRPHRNS001
NS,T_LDV_LTP_GSL,2025.0,T_D_pkm_ldv_t,le,0.01924412418573072,,,,,,,,TRPHRNS001
NS,T_LDV_LTP_GSL,2030.0,T_D_pkm_ldv_t,le,0.01924412418573072,,,,,,,,TRPHRNS001
NS,T_LDV_LTP_GSL,2035.0,T_D_pkm_ldv_t,le,0.01924412418573072,,,,,,,,TRPHRNS001
NS,T_LDV_LTP_GSL,2040.0,T_D_pkm_ldv_t,le,0.01924412418573072,,,,,,,,TRPHRNS001
NS,T_LDV_LTP_GSL,2045.0,T_D_pkm_ldv_t,le,0.01924412418573072,,,,,,,,TRPHRNS001
NS,T_LDV_LTP_GSL_HEV,2025.0,T_D_pkm_ldv_t,le,0.01924412418573072,,,,,,,,TRPHRNS001
NS,T_LDV_LTP_GSL_HEV,2030.0,T_D_pkm_ldv_t,le,0.01924412418573072,,,,,,,,TRPHRNS001
NS,T_LDV_LTP_GSL_HEV,2035.0,T_D_pkm_ldv_t,le,0.01924412418573072,,,,,,,,TRPHRNS001
NS,T_LDV_LTP_GSL_HEV,2040.0,T_D_pkm_ldv_t,le,0.01924412418573072,,,,,,,,TRPHRNS001
NS,T_LDV_LTP_GSL_HEV,2045.0,T_D_pkm_ldv_t,le,0.01924412418573072,,,,,,,,TRPHRNS001
NS,T_LDV_LTP_GSL_PHEV35,2025.0,T_D_pkm_ldv_t,le,0.01924412418573072,,,,,,,,TRPHRNS001
NS,T_LDV_LTP_GSL_PHEV35,2030.0,T_D_pkm_ldv_t,le,0.01924412418573072,,,,,,,,TRPHRNS001
NS,T_LDV_LTP_GSL_PHEV35,2035.0,T_D_pkm_ldv_t,le,0.01924412418573072,,,,,,,,TRPHRNS001
NS,T_LDV_LTP_GSL_PHEV35,2040.0,T_D_pkm_ldv_t,le,0.01924412418573072,,,,,,,,TRPHRNS001
NS,T_LDV_LTP_GSL_PHEV35,2045.0,T_D_pkm_ldv_t,le,0.01924412418573072,,,,,,,,TRPHRNS001
NS,T_LDV_LTP_GSL_PHEV50,2025.0,T_D_pkm_ldv_t,le,0.01924412418573072,,,,,,,,TRPHRNS001
NS,T_LDV_LTP_GSL_PHEV50,2030.0,T_D_pkm_ldv_t,le,0.01924412418573072,,,,,,,,TRPHRNS001
NS,T_LDV_LTP_GSL_PHEV50,2035.0,T_D_pkm_ldv_t,le,0.01924412418573072,,,,,,,,TRPHRNS001
NS,T_LDV_LTP_GSL_PHEV50,2040.0,T_D_pkm_ldv_t,le,0.01924412418573072,,,,,,,,TRPHRNS001
NS,T_LDV_LTP_GSL_PHEV50,2045.0,T_D_pkm_ldv_t,le,0.01924412418573072,,,,,,,,TRPHRNS001
ON,T_LDV_LTP_BEV150,2025.0,T_D_pkm_ldv_t,le,0.01924412418573072,,,,,,,,TRPHRON001
ON,T_LDV_LTP_BEV150,2030.0,T_D_pkm_ldv_t,le,0.01924412418573072,,,,,,,,TRPHRON001
ON,T_LDV_LTP_BEV150,2035.0,T_D_pkm_ldv_t,le,0.01924412418573072,,,,,,,,TRPHRON001
ON,T_LDV_LTP_BEV150,2040.0,T_D_pkm_ldv_t,le,0.01924412418573072,,,,,,,,TRPHRON001
ON,T_LDV_LTP_BEV150,2045.0,T_D_pkm_ldv_t,le,0.01924412418573072,,,,,,,,TRPHRON001
ON,T_LDV_LTP_BEV200,2025.0,T_D_pkm_ldv_t,le,0.01924412418573072,,,,,,,,TRPHRON001
ON,T_LDV_LTP_BEV200,2030.0,T_D_pkm_ldv_t,le,0.01924412418573072,,,,,,,,TRPHRON001
ON,T_LDV_LTP_BEV200,2035.0,T_D_pkm_ldv_t,le,0.01924412418573072,,,,,,,,TRPHRON001
ON,T_LDV_LTP_BEV200,2040.0,T_D_pkm_ldv_t,le,0.01924412418573072,,,,,,,,TRPHRON001
ON,T_LDV_LTP_BEV200,2045.0,T_D_pkm_ldv_t,le,0.01924412418573072,,,,,,,,TRPHRON001
ON,T_LDV_LTP_BEV300,2025.0,T_D_pkm_ldv_t,le,0.01924412418573072,,,,,,,,TRPHRON001
ON,T_LDV_LTP_BEV300,2030.0,T_D_pkm_ldv_t,le,0.01924412418573072,,,,,,,,TRPHRON001
ON,T_LDV_LTP_BEV300,2035.0,T_D_pkm_ldv_t,le,0.01924412418573072,,,,,,,,TRPHRON001
ON,T_LDV_LTP_BEV300,2040.0,T_D_pkm_ldv_t,le,0.01924412418573072,,,,,,,,TRPHRON001
ON,T_LDV_LTP_BEV300,2045.0,T_D_pkm_ldv_t,le,0.01924412418573072,,,,,,,,TRPHRON001
ON,T_LDV_LTP_BEV400,2025.0,T_D_pkm_ldv_t,le,0.01924412418573072,,,,,,,,TRPHRON001
ON,T_LDV_LTP_BEV400,2030.0,T_D_pkm_ldv_t,le,0.01924412418573072,,,,,,,,TRPHRON001
ON,T_LDV_LTP_BEV400,2035.0,T_D_pkm_ldv_t,le,0.01924412418573072,,,,,,,,TRPHRON001
ON,T_LDV_LTP_BEV400,2040.0,T_D_pkm_ldv_t,le,0.01924412418573072,,,,,,,,TRPHRON001
ON,T_LDV_LTP_BEV400,2045.0,T_D_pkm_ldv_t,le,0.01924412418573072,,,,,,,,TRPHRON001
ON,T_LDV_LTP_CNG,2025.0,T_D_pkm_ldv_t,le,0.01924412418573072,,,,,,,,TRPHRON001
ON,T_LDV_LTP_CNG,2030.0,T_D_pkm_ldv_t,le,0.01924412418573072,,,,,,,,TRPHRON001
ON,T_LDV_LTP_CNG,2035.0,T_D_pkm_ldv_t,le,0.01924412418573072,,,,,,,,TRPHRON001
ON,T_LDV_LTP_CNG,2040.0,T_D_pkm_ldv_t,le,0.01924412418573072,,,,,,,,TRPHRON001
ON,T_LDV_LTP_CNG,2045.0,T_D_pkm_ldv_t,le,0.01924412418573072,,,,,,,,TRPHRON001
ON,T_LDV_LTP_DSL,2025.0,T_D_pkm_ldv_t,le,0.01924412418573072,,,,,,,,TRPHRON001
ON,T_LDV_LTP_DSL,2030.0,T_D_pkm_ldv_t,le,0.01924412418573072,,,,,,,,TRPHRON001
ON,T_LDV_LTP_DSL,2035.0,T_D_pkm_ldv_t,le,0.01924412418573072,,,,,,,,TRPHRON001
ON,T_LDV_LTP_DSL,2040.0,T_D_pkm_ldv_t,le,0.01924412418573072,,,,,,,,TRPHRON001
ON,T_LDV_LTP_DSL,2045.0,T_D_pkm_ldv_t,le,0.01924412418573072,,,,,,,,TRPHRON001
ON,T_LDV_LTP_FCEV400,2025.0,T_D_pkm_ldv_t,le,0.01924412418573072,,,,,,,,TRPHRON001
ON,T_LDV_LTP_FCEV400,2030.0,T_D_pkm_ldv_t,le,0.01924412418573072,,,,,,,,TRPHRON001
ON,T_LDV_LTP_FCEV400,2035.0,T_D_pkm_ldv_t,le,0.01924412418573072,,,,,,,,TRPHRON001
ON,T_LDV_LTP_FCEV400,2040.0,T_D_pkm_ldv_t,le,0.01924412418573072,,,,,,,,TRPHRON001
ON,T_LDV_LTP_FCEV400,2045.0,T_D_pkm_ldv_t,le,0.01924412418573072,,,,,,,,TRPHRON001
ON,T_LDV_LTP_GSL,2025.0,T_D_pkm_ldv_t,le,0.01924412418573072,,,,,,,,TRPHRON001
ON,T_LDV_LTP_GSL,2030.0,T_D_pkm_ldv_t,le,0.01924412418573072,,,,,,,,TRPHRON001
ON,T_LDV_LTP_GSL,2035.0,T_D_pkm_ldv_t,le,0.01924412418573072,,,,,,,,TRPHRON001
ON,T_LDV_LTP_GSL,2040.0,T_D_pkm_ldv_t,le,0.01924412418573072,,,,,,,,TRPHRON001
ON,T_LDV_LTP_GSL,2045.0,T_D_pkm_ldv_t,le,0.01924412418573072,,,,,,,,TRPHRON001
ON,T_LDV_LTP_GSL_HEV,2025.0,T_D_pkm_ldv_t,le,0.01924412418573072,,,,,,,,TRPHRON001
ON,T_LDV_LTP_GSL_HEV,2030.0,T_D_pkm_ldv_t,le,0.01924412418573072,,,,,,,,TRPHRON001
ON,T_LDV_LTP_GSL_HEV,2035.0,T_D_pkm_ldv_t,le,0.01924412418573072,,,,,,,,TRPHRON001
ON,T_LDV_LTP_GSL_HEV,2040.0,T_D_pkm_ldv_t,le,0.01924412418573072,,,,,,,,TRPHRON001
ON,T_LDV_LTP_GSL_HEV,2045.0,T_D_pkm_ldv_t,le,0.01924412418573072,,,,,,,,TRPHRON001
ON,T_LDV_LTP_GSL_PHEV35,2025.0,T_D_pkm_ldv_t,le,0.01924412418573072,,,,,,,,TRPHRON001
ON,T_LDV_LTP_GSL_PHEV35,2030.0,T_D_pkm_ldv_t,le,0.01924412418573072,,,,,,,,TRPHRON001
ON,T_LDV_LTP_GSL_PHEV35,2035.0,T_D_pkm_ldv_t,le,0.01924412418573072,,,,,,,,TRPHRON001
ON,T_LDV_LTP_GSL_PHEV35,2040.0,T_D_pkm_ldv_t,le,0.01924412418573072,,,,,,,,TRPHRON001
ON,T_LDV_LTP_GSL_PHEV35,2045.0,T_D_pkm_ldv_t,le,0.01924412418573072,,,,,,,,TRPHRON001
ON,T_LDV_LTP_GSL_PHEV50,2025.0,T_D_pkm_ldv_t,le,0.01924412418573072,,,,,,,,TRPHRON001
ON,T_LDV_LTP_GSL_PHEV50,2030.0,T_D_pkm_ldv_t,le,0.01924412418573072,,,,,,,,TRPHRON001
ON,T_LDV_LTP_GSL_PHEV50,2035.0,T_D_pkm_ldv_t,le,0.01924412418573072,,,,,,,,TRPHRON001
ON,T_LDV_LTP_GSL_PHEV50,2040.0,T_D_pkm_ldv_t,le,0.01924412418573072,,,,,,,,TRPHRON001
ON,T_LDV_LTP_GSL_PHEV50,2045.0,T_D_pkm_ldv_t,le,0.01924412418573072,,,,,,,,TRPHRON001
PEI,T_LDV_LTP_BEV150,2025.0,T_D_pkm_ldv_t,le,0.01924412418573072,,,,,,,,TRPHRPEI001
PEI,T_LDV_LTP_BEV150,2030.0,T_D_pkm_ldv_t,le,0.01924412418573072,,,,,,,,TRPHRPEI001
PEI,T_LDV_LTP_BEV150,2035.0,T_D_pkm_ldv_t,le,0.01924412418573072,,,,,,,,TRPHRPEI001
PEI,T_LDV_LTP_BEV150,2040.0,T_D_pkm_ldv_t,le,0.01924412418573072,,,,,,,,TRPHRPEI001
PEI,T_LDV_LTP_BEV150,2045.0,T_D_pkm_ldv_t,le,0.01924412418573072,,,,,,,,TRPHRPEI001
PEI,T_LDV_LTP_BEV200,2025.0,T_D_pkm_ldv_t,le,0.01924412418573072,,,,,,,,TRPHRPEI001
PEI,T_LDV_LTP_BEV200,2030.0,T_D_pkm_ldv_t,le,0.01924412418573072,,,,,,,,TRPHRPEI001
PEI,T_LDV_LTP_BEV200,2035.0,T_D_pkm_ldv_t,le,0.01924412418573072,,,,,,,,TRPHRPEI001
PEI,T_LDV_LTP_BEV200,2040.0,T_D_pkm_ldv_t,le,0.01924412418573072,,,,,,,,TRPHRPEI001
PEI,T_LDV_LTP_BEV200,2045.0,T_D_pkm_ldv_t,le,0.01924412418573072,,,,,,,,TRPHRPEI001
PEI,T_LDV_LTP_BEV300,2025.0,T_D_pkm_ldv_t,le,0.01924412418573072,,,,,,,,TRPHRPEI001
PEI,T_LDV_LTP_BEV300,2030.0,T_D_pkm_ldv_t,le,0.01924412418573072,,,,,,,,TRPHRPEI001
PEI,T_LDV_LTP_BEV300,2035.0,T_D_pkm_ldv_t,le,0.01924412418573072,,,,,,,,TRPHRPEI001
PEI,T_LDV_LTP_BEV300,2040.0,T_D_pkm_ldv_t,le,0.01924412418573072,,,,,,,,TRPHRPEI001
PEI,T_LDV_LTP_BEV300,2045.0,T_D_pkm_ldv_t,le,0.01924412418573072,,,,,,,,TRPHRPEI001
PEI,T_LDV_LTP_BEV400,2025.0,T_D_pkm_ldv_t,le,0.01924412418573072,,,,,,,,TRPHRPEI001
PEI,T_LDV_LTP_BEV400,2030.0,T_D_pkm_ldv_t,le,0.01924412418573072,,,,,,,,TRPHRPEI001
PEI,T_LDV_LTP_BEV400,2035.0,T_D_pkm_ldv_t,le,0.01924412418573072,,,,,,,,TRPHRPEI001
PEI,T_LDV_LTP_BEV400,2040.0,T_D_pkm_ldv_t,le,0.01924412418573072,,,,,,,,TRPHRPEI001
PEI,T_LDV_LTP_BEV400,2045.0,T_D_pkm_ldv_t,le,0.01924412418573072,,,,,,,,TRPHRPEI001
PEI,T_LDV_LTP_CNG,2025.0,T_D_pkm_ldv_t,le,0.01924412418573072,,,,,,,,TRPHRPEI001
PEI,T_LDV_LTP_CNG,2030.0,T_D_pkm_ldv_t,le,0.01924412418573072,,,,,,,,TRPHRPEI001
PEI,T_LDV_LTP_CNG,2035.0,T_D_pkm_ldv_t,le,0.01924412418573072,,,,,,,,TRPHRPEI001
PEI,T_LDV_LTP_CNG,2040.0,T_D_pkm_ldv_t,le,0.01924412418573072,,,,,,,,TRPHRPEI001
PEI,T_LDV_LTP_CNG,2045.0,T_D_pkm_ldv_t,le,0.01924412418573072,,,,,,,,TRPHRPEI001
PEI,T_LDV_LTP_DSL,2025.0,T_D_pkm_ldv_t,le,0.01924412418573072,,,,,,,,TRPHRPEI001
PEI,T_LDV_LTP_DSL,2030.0,T_D_pkm_ldv_t,le,0.01924412418573072,,,,,,,,TRPHRPEI001
PEI,T_LDV_LTP_DSL,2035.0,T_D_pkm_ldv_t,le,0.01924412418573072,,,,,,,,TRPHRPEI001
PEI,T_LDV_LTP_DSL,2040.0,T_D_pkm_ldv_t,le,0.01924412418573072,,,,,,,,TRPHRPEI001
PEI,T_LDV_LTP_DSL,2045.0,T_D_pkm_ldv_t,le,0.01924412418573072,,,,,,,,TRPHRPEI001
PEI,T_LDV_LTP_FCEV400,2025.0,T_D_pkm_ldv_t,le,0.01924412418573072,,,,,,,,TRPHRPEI001
PEI,T_LDV_LTP_FCEV400,2030.0,T_D_pkm_ldv_t,le,0.01924412418573072,,,,,,,,TRPHRPEI001
PEI,T_LDV_LTP_FCEV400,2035.0,T_D_pkm_ldv_t,le,0.01924412418573072,,,,,,,,TRPHRPEI001
PEI,T_LDV_LTP_FCEV400,2040.0,T_D_pkm_ldv_t,le,0.01924412418573072,,,,,,,,TRPHRPEI001
PEI,T_LDV_LTP_FCEV400,2045.0,T_D_pkm_ldv_t,le,0.01924412418573072,,,,,,,,TRPHRPEI001
PEI,T_LDV_LTP_GSL,2025.0,T_D_pkm_ldv_t,le,0.01924412418573072,,,,,,,,TRPHRPEI001
PEI,T_LDV_LTP_GSL,2030.0,T_D_pkm_ldv_t,le,0.01924412418573072,,,,,,,,TRPHRPEI001
PEI,T_LDV_LTP_GSL,2035.0,T_D_pkm_ldv_t,le,0.01924412418573072,,,,,,,,TRPHRPEI001
PEI,T_LDV_LTP_GSL,2040.0,T_D_pkm_ldv_t,le,0.01924412418573072,,,,,,,,TRPHRPEI001
PEI,T_LDV_LTP_GSL,2045.0,T_D_pkm_ldv_t,le,0.01924412418573072,,,,,,,,TRPHRPEI001
PEI,T_LDV_LTP_GSL_HEV,2025.0,T_D_pkm_ldv_t,le,0.01924412418573072,,,,,,,,TRPHRPEI001
PEI,T_LDV_LTP_GSL_HEV,2030.0,T_D_pkm_ldv_t,le,0.01924412418573072,,,,,,,,TRPHRPEI001
PEI,T_LDV_LTP_GSL_HEV,2035.0,T_D_pkm_ldv_t,le,0.01924412418573072,,,,,,,,TRPHRPEI001
PEI,T_LDV_LTP_GSL_HEV,2040.0,T_D_pkm_ldv_t,le,0.01924412418573072,,,,,,,,TRPHRPEI001
PEI,T_LDV_LTP_GSL_HEV,2045.0,T_D_pkm_ldv_t,le,0.01924412418573072,,,,,,,,TRPHRPEI001
PEI,T_LDV_LTP_GSL_PHEV35,2025.0,T_D_pkm_ldv_t,le,0.01924412418573072,,,,,,,,TRPHRPEI001
PEI,T_LDV_LTP_GSL_PHEV35,2030.0,T_D_pkm_ldv_t,le,0.01924412418573072,,,,,,,,TRPHRPEI001
PEI,T_LDV_LTP_GSL_PHEV35,2035.0,T_D_pkm_ldv_t,le,0.01924412418573072,,,,,,,,TRPHRPEI001
PEI,T_LDV_LTP_GSL_PHEV35,2040.0,T_D_pkm_ldv_t,le,0.01924412418573072,,,,,,,,TRPHRPEI001
PEI,T_LDV_LTP_GSL_PHEV35,2045.0,T_D_pkm_ldv_t,le,0.01924412418573072,,,,,,,,TRPHRPEI001
PEI,T_LDV_LTP_GSL_PHEV50,2025.0,T_D_pkm_ldv_t,le,0.01924412418573072,,,,,,,,TRPHRPEI001
PEI,T_LDV_LTP_GSL_PHEV50,2030.0,T_D_pkm_ldv_t,le,0.01924412418573072,,,,,,,,TRPHRPEI001
PEI,T_LDV_LTP_GSL_PHEV50,2035.0,T_D_pkm_ldv_t,le,0.01924412418573072,,,,,,,,TRPHRPEI001
PEI,T_LDV_LTP_GSL_PHEV50,2040.0,T_D_pkm_ldv_t,le,0.01924412418573072,,,,,,,,TRPHRPEI001
PEI,T_LDV_LTP_GSL_PHEV50,2045.0,T_D_pkm_ldv_t,le,0.01924412418573072,,,,,,,,TRPHRPEI001
QC,T_LDV_LTP_BEV150,2025.0,T_D_pkm_ldv_t,le,0.01924412418573072,,,,,,,,TRPHRQC001
QC,T_LDV_LTP_BEV150,2030.0,T_D_pkm_ldv_t,le,0.01924412418573072,,,,,,,,TRPHRQC001
QC,T_LDV_LTP_BEV150,2035.0,T_D_pkm_ldv_t,le,0.01924412418573072,,,,,,,,TRPHRQC001
QC,T_LDV_LTP_BEV150,2040.0,T_D_pkm_ldv_t,le,0.01924412418573072,,,,,,,,TRPHRQC001
QC,T_LDV_LTP_BEV150,2045.0,T_D_pkm_ldv_t,le,0.01924412418573072,,,,,,,,TRPHRQC001
QC,T_LDV_LTP_BEV200,2025.0,T_D_pkm_ldv_t,le,0.01924412418573072,,,,,,,,TRPHRQC001
QC,T_LDV_LTP_BEV200,2030.0,T_D_pkm_ldv_t,le,0.01924412418573072,,,,,,,,TRPHRQC001
QC,T_LDV_LTP_BEV200,2035.0,T_D_pkm_ldv_t,le,0.01924412418573072,,,,,,,,TRPHRQC001
QC,T_LDV_LTP_BEV200,2040.0,T_D_pkm_ldv_t,le,0.01924412418573072,,,,,,,,TRPHRQC001
QC,T_LDV_LTP_BEV200,2045.0,T_D_pkm_ldv_t,le,0.01924412418573072,,,,,,,,TRPHRQC001
QC,T_LDV_LTP_BEV300,2025.0,T_D_pkm_ldv_t,le,0.01924412418573072,,,,,,,,TRPHRQC001
QC,T_LDV_LTP_BEV300,2030.0,T_D_pkm_ldv_t,le,0.01924412418573072,,,,,,,,TRPHRQC001
QC,T_LDV_LTP_BEV300,2035.0,T_D_pkm_ldv_t,le,0.01924412418573072,,,,,,,,TRPHRQC001
QC,T_LDV_LTP_BEV300,2040.0,T_D_pkm_ldv_t,le,0.01924412418573072,,,,,,,,TRPHRQC001
QC,T_LDV_LTP_BEV300,2045.0,T_D_pkm_ldv_t,le,0.01924412418573072,,,,,,,,TRPHRQC001
QC,T_LDV_LTP_BEV400,2025.0,T_D_pkm_ldv_t,le,0.01924412418573072,,,,,,,,TRPHRQC001
QC,T_LDV_LTP_BEV400,2030.0,T_D_pkm_ldv_t,le,0.01924412418573072,,,,,,,,TRPHRQC001
QC,T_LDV_LTP_BEV400,2035.0,T_D_pkm_ldv_t,le,0.01924412418573072,,,,,,,,TRPHRQC001
QC,T_LDV_LTP_BEV400,2040.0,T_D_pkm_ldv_t,le,0.01924412418573072,,,,,,,,TRPHRQC001
QC,T_LDV_LTP_BEV400,2045.0,T_D_pkm_ldv_t,le,0.01924412418573072,,,,,,,,TRPHRQC001
QC,T_LDV_LTP_CNG,2025.0,T_D_pkm_ldv_t,le,0.01924412418573072,,,,,,,,TRPHRQC001
QC,T_LDV_LTP_CNG,2030.0,T_D_pkm_ldv_t,le,0.01924412418573072,,,,,,,,TRPHRQC001
QC,T_LDV_LTP_CNG,2035.0,T_D_pkm_ldv_t,le,0.01924412418573072,,,,,,,,TRPHRQC001
QC,T_LDV_LTP_CNG,2040.0,T_D_pkm_ldv_t,le,0.01924412418573072,,,,,,,,TRPHRQC001
QC,T_LDV_LTP_CNG,2045.0,T_D_pkm_ldv_t,le,0.01924412418573072,,,,,,,,TRPHRQC001
QC,T_LDV_LTP_DSL,2025.0,T_D_pkm_ldv_t,le,0.01924412418573072,,,,,,,,TRPHRQC001
QC,T_LDV_LTP_DSL,2030.0,T_D_pkm_ldv_t,le,0.01924412418573072,,,,,,,,TRPHRQC001
QC,T_LDV_LTP_DSL,2035.0,T_D_pkm_ldv_t,le,0.01924412418573072,,,,,,,,TRPHRQC001
QC,T_LDV_LTP_DSL,2040.0,T_D_pkm_ldv_t,le,0.01924412418573072,,,,,,,,TRPHRQC001
QC,T_LDV_LTP_DSL,2045.0,T_D_pkm_ldv_t,le,0.01924412418573072,,,,,,,,TRPHRQC001
QC,T_LDV_LTP_FCEV400,2025.0,T_D_pkm_ldv_t,le,0.01924412418573072,,,,,,,,TRPHRQC001
QC,T_LDV_LTP_FCEV400,2030.0,T_D_pkm_ldv_t,le,0.01924412418573072,,,,,,,,TRPHRQC001
QC,T_LDV_LTP_FCEV400,2035.0,T_D_pkm_ldv_t,le,0.01924412418573072,,,,,,,,TRPHRQC001
QC,T_LDV_LTP_FCEV400,2040.0,T_D_pkm_ldv_t,le,0.01924412418573072,,,,,,,,TRPHRQC001
QC,T_LDV_LTP_FCEV400,2045.0,T_D_pkm_ldv_t,le,0.01924412418573072,,,,,,,,TRPHRQC001
QC,T_LDV_LTP_GSL,2025.0,T_D_pkm_ldv_t,le,0.01924412418573072,,,,,,,,TRPHRQC001
QC,T_LDV_LTP_GSL,2030.0,T_D_pkm_ldv_t,le,0.01924412418573072,,,,,,,,TRPHRQC001
QC,T_LDV_LTP_GSL,2035.0,T_D_pkm_ldv_t,le,0.01924412418573072,,,,,,,,TRPHRQC001
QC,T_LDV_LTP_GSL,2040.0,T_D_pkm_ldv_t,le,0.01924412418573072,,,,,,,,TRPHRQC001
QC,T_LDV_LTP_GSL,2045.0,T_D_pkm_ldv_t,le,0.01924412418573072,,,,,,,,TRPHRQC001
QC,T_LDV_LTP_GSL_HEV,2025.0,T_D_pkm_ldv_t,le,0.01924412418573072,,,,,,,,TRPHRQC001
QC,T_LDV_LTP_GSL_HEV,2030.0,T_D_pkm_ldv_t,le,0.01924412418573072,,,,,,,,TRPHRQC001
QC,T_LDV_LTP_GSL_HEV,2035.0,T_D_pkm_ldv_t,le,0.01924412418573072,,,,,,,,TRPHRQC001
QC,T_LDV_LTP_GSL_HEV,2040.0,T_D_pkm_ldv_t,le,0.01924412418573072,,,,,,,,TRPHRQC001
QC,T_LDV_LTP_GSL_HEV,2045.0,T_D_pkm_ldv_t,le,0.01924412418573072,,,,,,,,TRPHRQC001
QC,T_LDV_LTP_GSL_PHEV35,2025.0,T_D_pkm_ldv_t,le,0.01924412418573072,,,,,,,,TRPHRQC001
QC,T_LDV_LTP_GSL_PHEV35,2030.0,T_D_pkm_ldv_t,le,0.01924412418573072,,,,,,,,TRPHRQC001
QC,T_LDV_LTP_GSL_PHEV35,2035.0,T_D_pkm_ldv_t,le,0.01924412418573072,,,,,,,,TRPHRQC001
QC,T_LDV_LTP_GSL_PHEV35,2040.0,T_D_pkm_ldv_t,le,0.01924412418573072,,,,,,,,TRPHRQC001
QC,T_LDV_LTP_GSL_PHEV35,2045.0,T_D_pkm_ldv_t,le,0.01924412418573072,,,,,,,,TRPHRQC001
QC,T_LDV_LTP_GSL_PHEV50,2025.0,T_D_pkm_ldv_t,le,0.01924412418573072,,,,,,,,TRPHRQC001
QC,T_LDV_LTP_GSL_PHEV50,2030.0,T_D_pkm_ldv_t,le,0.01924412418573072,,,,,,,,TRPHRQC001
QC,T_LDV_LTP_GSL_PHEV50,2035.0,T_D_pkm_ldv_t,le,0.01924412418573072,,,,,,,,TRPHRQC001
QC,T_LDV_LTP_GSL_PHEV50,2040.0,T_D_pkm_ldv_t,le,0.01924412418573072,,,,,,,,TRPHRQC001
QC,T_LDV_LTP_GSL_PHEV50,2045.0,T_D_pkm_ldv_t,le,0.01924412418573072,,,,,,,,TRPHRQC001
SK,T_LDV_LTP_BEV150,2025.0,T_D_pkm_ldv_t,le,0.01924412418573072,,,,,,,,TRPHRSK001
SK,T_LDV_LTP_BEV150,2030.0,T_D_pkm_ldv_t,le,0.01924412418573072,,,,,,,,TRPHRSK001
SK,T_LDV_LTP_BEV150,2035.0,T_D_pkm_ldv_t,le,0.01924412418573072,,,,,,,,TRPHRSK001
SK,T_LDV_LTP_BEV150,2040.0,T_D_pkm_ldv_t,le,0.01924412418573072,,,,,,,,TRPHRSK001
SK,T_LDV_LTP_BEV150,2045.0,T_D_pkm_ldv_t,le,0.01924412418573072,,,,,,,,TRPHRSK001
SK,T_LDV_LTP_BEV200,2025.0,T_D_pkm_ldv_t,le,0.01924412418573072,,,,,,,,TRPHRSK001
SK,T_LDV_LTP_BEV200,2030.0,T_D_pkm_ldv_t,le,0.01924412418573072,,,,,,,,TRPHRSK001
SK,T_LDV_LTP_BEV200,2035.0,T_D_pkm_ldv_t,le,0.01924412418573072,,,,,,,,TRPHRSK001
SK,T_LDV_LTP_BEV200,2040.0,T_D_pkm_ldv_t,le,0.01924412418573072,,,,,,,,TRPHRSK001
SK,T_LDV_LTP_BEV200,2045.0,T_D_pkm_ldv_t,le,0.01924412418573072,,,,,,,,TRPHRSK001
SK,T_LDV_LTP_BEV300,2025.0,T_D_pkm_ldv_t,le,0.01924412418573072,,,,,,,,TRPHRSK001
SK,T_LDV_LTP_BEV300,2030.0,T_D_pkm_ldv_t,le,0.01924412418573072,,,,,,,,TRPHRSK001
SK,T_LDV_LTP_BEV300,2035.0,T_D_pkm_ldv_t,le,0.01924412418573072,,,,,,,,TRPHRSK001
SK,T_LDV_LTP_BEV300,2040.0,T_D_pkm_ldv_t,le,0.01924412418573072,,,,,,,,TRPHRSK001
SK,T_LDV_LTP_BEV300,2045.0,T_D_pkm_ldv_t,le,0.01924412418573072,,,,,,,,TRPHRSK001
SK,T_LDV_LTP_BEV400,2025.0,T_D_pkm_ldv_t,le,0.01924412418573072,,,,,,,,TRPHRSK001
SK,T_LDV_LTP_BEV400,2030.0,T_D_pkm_ldv_t,le,0.01924412418573072,,,,,,,,TRPHRSK001
SK,T_LDV_LTP_BEV400,2035.0,T_D_pkm_ldv_t,le,0.01924412418573072,,,,,,,,TRPHRSK001
SK,T_LDV_LTP_BEV400,2040.0,T_D_pkm_ldv_t,le,0.01924412418573072,,,,,,,,TRPHRSK001
SK,T_LDV_LTP_BEV400,2045.0,T_D_pkm_ldv_t,le,0.01924412418573072,,,,,,,,TRPHRSK001
SK,T_LDV_LTP_CNG,2025.0,T_D_pkm_ldv_t,le,0.01924412418573072,,,,,,,,TRPHRSK001
SK,T_LDV_LTP_CNG,2030.0,T_D_pkm_ldv_t,le,0.01924412418573072,,,,,,,,TRPHRSK001
SK,T_LDV_LTP_CNG,2035.0,T_D_pkm_ldv_t,le,0.01924412418573072,,,,,,,,TRPHRSK001
SK,T_LDV_LTP_CNG,2040.0,T_D_pkm_ldv_t,le,0.01924412418573072,,,,,,,,TRPHRSK001
SK,T_LDV_LTP_CNG,2045.0,T_D_pkm_ldv_t,le,0.01924412418573072,,,,,,,,TRPHRSK001
SK,T_LDV_LTP_DSL,2025.0,T_D_pkm_ldv_t,le,0.01924412418573072,,,,,,,,TRPHRSK001
SK,T_LDV_LTP_DSL,2030.0,T_D_pkm_ldv_t,le,0.01924412418573072,,,,,,,,TRPHRSK001
SK,T_LDV_LTP_DSL,2035.0,T_D_pkm_ldv_t,le,0.01924412418573072,,,,,,,,TRPHRSK001
SK,T_LDV_LTP_DSL,2040.0,T_D_pkm_ldv_t,le,0.01924412418573072,,,,,,,,TRPHRSK001
SK,T_LDV_LTP_DSL,2045.0,T_D_pkm_ldv_t,le,0.01924412418573072,,,,,,,,TRPHRSK001
SK,T_LDV_LTP_FCEV400,2025.0,T_D_pkm_ldv_t,le,0.01924412418573072,,,,,,,,TRPHRSK001
SK,T_LDV_LTP_FCEV400,2030.0,T_D_pkm_ldv_t,le,0.01924412418573072,,,,,,,,TRPHRSK001
SK,T_LDV_LTP_FCEV400,2035.0,T_D_pkm_ldv_t,le,0.01924412418573072,,,,,,,,TRPHRSK001
SK,T_LDV_LTP_FCEV400,2040.0,T_D_pkm_ldv_t,le,0.01924412418573072,,,,,,,,TRPHRSK001
SK,T_LDV_LTP_FCEV400,2045.0,T_D_pkm_ldv_t,le,0.01924412418573072,,,,,,,,TRPHRSK001
SK,T_LDV_LTP_GSL,2025.0,T_D_pkm_ldv_t,le,0.01924412418573072,,,,,,,,TRPHRSK001
SK,T_LDV_LTP_GSL,2030.0,T_D_pkm_ldv_t,le,0.01924412418573072,,,,,,,,TRPHRSK001
SK,T_LDV_LTP_GSL,2035.0,T_D_pkm_ldv_t,le,0.01924412418573072,,,,,,,,TRPHRSK001
SK,T_LDV_LTP_GSL,2040.0,T_D_pkm_ldv_t,le,0.01924412418573072,,,,,,,,TRPHRSK001
SK,T_LDV_LTP_GSL,2045.0,T_D_pkm_ldv_t,le,0.01924412418573072,,,,,,,,TRPHRSK001
SK,T_LDV_LTP_GSL_HEV,2025.0,T_D_pkm_ldv_t,le,0.01924412418573072,,,,,,,,TRPHRSK001
SK,T_LDV_LTP_GSL_HEV,2030.0,T_D_pkm_ldv_t,le,0.01924412418573072,,,,,,,,TRPHRSK001
SK,T_LDV_LTP_GSL_HEV,2035.0,T_D_pkm_ldv_t,le,0.01924412418573072,,,,,,,,TRPHRSK001
SK,T_LDV_LTP_GSL_HEV,2040.0,T_D_pkm_ldv_t,le,0.01924412418573072,,,,,,,,TRPHRSK001
SK,T_LDV_LTP_GSL_HEV,2045.0,T_D_pkm_ldv_t,le,0.01924412418573072,,,,,,,,TRPHRSK001
SK,T_LDV_LTP_GSL_PHEV35,2025.0,T_D_pkm_ldv_t,le,0.01924412418573072,,,,,,,,TRPHRSK001
SK,T_LDV_LTP_GSL_PHEV35,2030.0,T_D_pkm_ldv_t,le,0.01924412418573072,,,,,,,,TRPHRSK001
SK,T_LDV_LTP_GSL_PHEV35,2035.0,T_D_pkm_ldv_t,le,0.01924412418573072,,,,,,,,TRPHRSK001
SK,T_LDV_LTP_GSL_PHEV35,2040.0,T_D_pkm_ldv_t,le,0.01924412418573072,,,,,,,,TRPHRSK001
SK,T_LDV_LTP_GSL_PHEV35,2045.0,T_D_pkm_ldv_t,le,0.01924412418573072,,,,,,,,TRPHRSK001
SK,T_LDV_LTP_GSL_PHEV50,2025.0,T_D_pkm_ldv_t,le,0.01924412418573072,,,,,,,,TRPHRSK001
SK,T_LDV_LTP_GSL_PHEV50,2030.0,T_D_pkm_ldv_t,le,0.01924412418573072,,,,,,,,TRPHRSK001
SK,T_LDV_LTP_GSL_PHEV50,2035.0,T_D_pkm_ldv_t,le,0.01924412418573072,,,,,,,,TRPHRSK001
SK,T_LDV_LTP_GSL_PHEV50,2040.0,T_D_pkm_ldv_t,le,0.01924412418573072,,,,,,,,TRPHRSK001
SK,T_LDV_LTP_GSL_PHEV50,2045.0,T_D_pkm_ldv_t,le,0.01924412418573072,,,,,,,,TRPHRSK001
AB,T_HDV_T_BEV,2025.0,T_D_tkm_hdv_t,le,0.08478510405433975,,,,,,,,TRPHRAB001
AB,T_HDV_T_BEV,2030.0,T_D_tkm_hdv_t,le,0.08478510405433975,,,,,,,,TRPHRAB001
AB,T_HDV_T_BEV,2035.0,T_D_tkm_hdv_t,le,0.08478510405433975,,,,,,,,TRPHRAB001
AB,T_HDV_T_BEV,2040.0,T_D_tkm_hdv_t,le,0.08478510405433975,,,,,,,,TRPHRAB001
AB,T_HDV_T_BEV,2045.0,T_D_tkm_hdv_t,le,0.08478510405433975,,,,,,,,TRPHRAB001
AB,T_HDV_T_DSL,2025.0,T_D_tkm_hdv_t,le,0.08478510405433975,,,,,,,,TRPHRAB001
AB,T_HDV_T_DSL,2030.0,T_D_tkm_hdv_t,le,0.08478510405433975,,,,,,,,TRPHRAB001
AB,T_HDV_T_DSL,2035.0,T_D_tkm_hdv_t,le,0.08478510405433975,,,,,,,,TRPHRAB001
AB,T_HDV_T_DSL,2040.0,T_D_tkm_hdv_t,le,0.08478510405433975,,,,,,,,TRPHRAB001
AB,T_HDV_T_DSL,2045.0,T_D_tkm_hdv_t,le,0.08478510405433975,,,,,,,,TRPHRAB001
AB,T_HDV_T_DSL_HEV,2025.0,T_D_tkm_hdv_t,le,0.08478510405433975,,,,,,,,TRPHRAB001
AB,T_HDV_T_DSL_HEV,2030.0,T_D_tkm_hdv_t,le,0.08478510405433975,,,,,,,,TRPHRAB001
AB,T_HDV_T_DSL_HEV,2035.0,T_D_tkm_hdv_t,le,0.08478510405433975,,,,,,,,TRPHRAB001
AB,T_HDV_T_DSL_HEV,2040.0,T_D_tkm_hdv_t,le,0.08478510405433975,,,,,,,,TRPHRAB001
AB,T_HDV_T_DSL_HEV,2045.0,T_D_tkm_hdv_t,le,0.08478510405433975,,,,,,,,TRPHRAB001
AB,T_HDV_T_DSL_PHEV,2025.0,T_D_tkm_hdv_t,le,0.08478510405433975,,,,,,,,TRPHRAB001
AB,T_HDV_T_DSL_PHEV,2030.0,T_D_tkm_hdv_t,le,0.08478510405433975,,,,,,,,TRPHRAB001
AB,T_HDV_T_DSL_PHEV,2035.0,T_D_tkm_hdv_t,le,0.08478510405433975,,,,,,,,TRPHRAB001
AB,T_HDV_T_DSL_PHEV,2040.0,T_D_tkm_hdv_t,le,0.08478510405433975,,,,,,,,TRPHRAB001
AB,T_HDV_T_DSL_PHEV,2045.0,T_D_tkm_hdv_t,le,0.08478510405433975,,,,,,,,TRPHRAB001
AB,T_HDV_T_FCEV,2025.0,T_D_tkm_hdv_t,le,0.08478510405433975,,,,,,,,TRPHRAB001
AB,T_HDV_T_FCEV,2030.0,T_D_tkm_hdv_t,le,0.08478510405433975,,,,,,,,TRPHRAB001
AB,T_HDV_T_FCEV,2035.0,T_D_tkm_hdv_t,le,0.08478510405433975,,,,,,,,TRPHRAB001
AB,T_HDV_T_FCEV,2040.0,T_D_tkm_hdv_t,le,0.08478510405433975,,,,,,,,TRPHRAB001
AB,T_HDV_T_FCEV,2045.0,T_D_tkm_hdv_t,le,0.08478510405433975,,,,,,,,TRPHRAB001
AB,T_HDV_T_FCHEV,2025.0,T_D_tkm_hdv_t,le,0.08478510405433975,,,,,,,,TRPHRAB001
AB,T_HDV_T_FCHEV,2030.0,T_D_tkm_hdv_t,le,0.08478510405433975,,,,,,,,TRPHRAB001
AB,T_HDV_T_FCHEV,2035.0,T_D_tkm_hdv_t,le,0.08478510405433975,,,,,,,,TRPHRAB001
AB,T_HDV_T_FCHEV,2040.0,T_D_tkm_hdv_t,le,0.08478510405433975,,,,,,,,TRPHRAB001
AB,T_HDV_T_FCHEV,2045.0,T_D_tkm_hdv_t,le,0.08478510405433975,,,,,,,,TRPHRAB001
BC,T_HDV_T_BEV,2025.0,T_D_tkm_hdv_t,le,0.08478510405433975,,,,,,,,TRPHRBC001
BC,T_HDV_T_BEV,2030.0,T_D_tkm_hdv_t,le,0.08478510405433975,,,,,,,,TRPHRBC001
BC,T_HDV_T_BEV,2035.0,T_D_tkm_hdv_t,le,0.08478510405433975,,,,,,,,TRPHRBC001
BC,T_HDV_T_BEV,2040.0,T_D_tkm_hdv_t,le,0.08478510405433975,,,,,,,,TRPHRBC001
BC,T_HDV_T_BEV,2045.0,T_D_tkm_hdv_t,le,0.08478510405433975,,,,,,,,TRPHRBC001
BC,T_HDV_T_DSL,2025.0,T_D_tkm_hdv_t,le,0.08478510405433975,,,,,,,,TRPHRBC001
BC,T_HDV_T_DSL,2030.0,T_D_tkm_hdv_t,le,0.08478510405433975,,,,,,,,TRPHRBC001
BC,T_HDV_T_DSL,2035.0,T_D_tkm_hdv_t,le,0.08478510405433975,,,,,,,,TRPHRBC001
BC,T_HDV_T_DSL,2040.0,T_D_tkm_hdv_t,le,0.08478510405433975,,,,,,,,TRPHRBC001
BC,T_HDV_T_DSL,2045.0,T_D_tkm_hdv_t,le,0.08478510405433975,,,,,,,,TRPHRBC001
BC,T_HDV_T_DSL_HEV,2025.0,T_D_tkm_hdv_t,le,0.08478510405433975,,,,,,,,TRPHRBC001
BC,T_HDV_T_DSL_HEV,2030.0,T_D_tkm_hdv_t,le,0.08478510405433975,,,,,,,,TRPHRBC001
BC,T_HDV_T_DSL_HEV,2035.0,T_D_tkm_hdv_t,le,0.08478510405433975,,,,,,,,TRPHRBC001
BC,T_HDV_T_DSL_HEV,2040.0,T_D_tkm_hdv_t,le,0.08478510405433975,,,,,,,,TRPHRBC001
BC,T_HDV_T_DSL_HEV,2045.0,T_D_tkm_hdv_t,le,0.08478510405433975,,,,,,,,TRPHRBC001
BC,T_HDV_T_DSL_PHEV,2025.0,T_D_tkm_hdv_t,le,0.08478510405433975,,,,,,,,TRPHRBC001
BC,T_HDV_T_DSL_PHEV,2030.0,T_D_tkm_hdv_t,le,0.08478510405433975,,,,,,,,TRPHRBC001
BC,T_HDV_T_DSL_PHEV,2035.0,T_D_tkm_hdv_t,le,0.08478510405433975,,,,,,,,TRPHRBC001
BC,T_HDV_T_DSL_PHEV,2040.0,T_D_tkm_hdv_t,le,0.08478510405433975,,,,,,,,TRPHRBC001
BC,T_HDV_T_DSL_PHEV,2045.0,T_D_tkm_hdv_t,le,0.08478510405433975,,,,,,,,TRPHRBC001
BC,T_HDV_T_FCEV,2025.0,T_D_tkm_hdv_t,le,0.08478510405433975,,,,,,,,TRPHRBC001
BC,T_HDV_T_FCEV,2030.0,T_D_tkm_hdv_t,le,0.08478510405433975,,,,,,,,TRPHRBC001
BC,T_HDV_T_FCEV,2035.0,T_D_tkm_hdv_t,le,0.08478510405433975,,,,,,,,TRPHRBC001
BC,T_HDV_T_FCEV,2040.0,T_D_tkm_hdv_t,le,0.08478510405433975,,,,,,,,TRPHRBC001
BC,T_HDV_T_FCEV,2045.0,T_D_tkm_hdv_t,le,0.08478510405433975,,,,,,,,TRPHRBC001
BC,T_HDV_T_FCHEV,2025.0,T_D_tkm_hdv_t,le,0.08478510405433975,,,,,,,,TRPHRBC001
BC,T_HDV_T_FCHEV,2030.0,T_D_tkm_hdv_t,le,0.08478510405433975,,,,,,,,TRPHRBC001
BC,T_HDV_T_FCHEV,2035.0,T_D_tkm_hdv_t,le,0.08478510405433975,,,,,,,,TRPHRBC001
BC,T_HDV_T_FCHEV,2040.0,T_D_tkm_hdv_t,le,0.08478510405433975,,,,,,,,TRPHRBC001
BC,T_HDV_T_FCHEV,2045.0,T_D_tkm_hdv_t,le,0.08478510405433975,,,,,,,,TRPHRBC001
MB,T_HDV_T_BEV,2025.0,T_D_tkm_hdv_t,le,0.08478510405433975,,,,,,,,TRPHRMB001
MB,T_HDV_T_BEV,2030.0,T_D_tkm_hdv_t,le,0.08478510405433975,,,,,,,,TRPHRMB001
MB,T_HDV_T_BEV,2035.0,T_D_tkm_hdv_t,le,0.08478510405433975,,,,,,,,TRPHRMB001
MB,T_HDV_T_BEV,2040.0,T_D_tkm_hdv_t,le,0.08478510405433975,,,,,,,,TRPHRMB001
MB,T_HDV_T_BEV,2045.0,T_D_tkm_hdv_t,le,0.08478510405433975,,,,,,,,TRPHRMB001
MB,T_HDV_T_DSL,2025.0,T_D_tkm_hdv_t,le,0.08478510405433975,,,,,,,,TRPHRMB001
MB,T_HDV_T_DSL,2030.0,T_D_tkm_hdv_t,le,0.08478510405433975,,,,,,,,TRPHRMB001
MB,T_HDV_T_DSL,2035.0,T_D_tkm_hdv_t,le,0.08478510405433975,,,,,,,,TRPHRMB001
MB,T_HDV_T_DSL,2040.0,T_D_tkm_hdv_t,le,0.08478510405433975,,,,,,,,TRPHRMB001
MB,T_HDV_T_DSL,2045.0,T_D_tkm_hdv_t,le,0.08478510405433975,,,,,,,,TRPHRMB001
MB,T_HDV_T_DSL_HEV,2025.0,T_D_tkm_hdv_t,le,0.08478510405433975,,,,,,,,TRPHRMB001
MB,T_HDV_T_DSL_HEV,2030.0,T_D_tkm_hdv_t,le,0.08478510405433975,,,,,,,,TRPHRMB001
MB,T_HDV_T_DSL_HEV,2035.0,T_D_tkm_hdv_t,le,0.08478510405433975,,,,,,,,TRPHRMB001
MB,T_HDV_T_DSL_HEV,2040.0,T_D_tkm_hdv_t,le,0.08478510405433975,,,,,,,,TRPHRMB001
MB,T_HDV_T_DSL_HEV,2045.0,T_D_tkm_hdv_t,le,0.08478510405433975,,,,,,,,TRPHRMB001
MB,T_HDV_T_DSL_PHEV,2025.0,T_D_tkm_hdv_t,le,0.08478510405433975,,,,,,,,TRPHRMB001
MB,T_HDV_T_DSL_PHEV,2030.0,T_D_tkm_hdv_t,le,0.08478510405433975,,,,,,,,TRPHRMB001
MB,T_HDV_T_DSL_PHEV,2035.0,T_D_tkm_hdv_t,le,0.08478510405433975,,,,,,,,TRPHRMB001
MB,T_HDV_T_DSL_PHEV,2040.0,T_D_tkm_hdv_t,le,0.08478510405433975,,,,,,,,TRPHRMB001
MB,T_HDV_T_DSL_PHEV,2045.0,T_D_tkm_hdv_t,le,0.08478510405433975,,,,,,,,TRPHRMB001
MB,T_HDV_T_FCEV,2025.0,T_D_tkm_hdv_t,le,0.08478510405433975,,,,,,,,TRPHRMB001
MB,T_HDV_T_FCEV,2030.0,T_D_tkm_hdv_t,le,0.08478510405433975,,,,,,,,TRPHRMB001
MB,T_HDV_T_FCEV,2035.0,T_D_tkm_hdv_t,le,0.08478510405433975,,,,,,,,TRPHRMB001
MB,T_HDV_T_FCEV,2040.0,T_D_tkm_hdv_t,le,0.08478510405433975,,,,,,,,TRPHRMB001
MB,T_HDV_T_FCEV,2045.0,T_D_tkm_hdv_t,le,0.08478510405433975,,,,,,,,TRPHRMB001
MB,T_HDV_T_FCHEV,2025.0,T_D_tkm_hdv_t,le,0.08478510405433975,,,,,,,,TRPHRMB001
MB,T_HDV_T_FCHEV,2030.0,T_D_tkm_hdv_t,le,0.08478510405433975,,,,,,,,TRPHRMB001
MB,T_HDV_T_FCHEV,2035.0,T_D_tkm_hdv_t,le,0.08478510405433975,,,,,,,,TRPHRMB001
MB,T_HDV_T_FCHEV,2040.0,T_D_tkm_hdv_t,le,0.08478510405433975,,,,,,,,TRPHRMB001
MB,T_HDV_T_FCHEV,2045.0,T_D_tkm_hdv_t,le,0.08478510405433975,,,,,,,,TRPHRMB001
NB,T_HDV_T_BEV,2025.0,T_D_tkm_hdv_t,le,0.08478510405433975,,,,,,,,TRPHRNB001
NB,T_HDV_T_BEV,2030.0,T_D_tkm_hdv_t,le,0.08478510405433975,,,,,,,,TRPHRNB001
NB,T_HDV_T_BEV,2035.0,T_D_tkm_hdv_t,le,0.08478510405433975,,,,,,,,TRPHRNB001
NB,T_HDV_T_BEV,2040.0,T_D_tkm_hdv_t,le,0.08478510405433975,,,,,,,,TRPHRNB001
NB,T_HDV_T_BEV,2045.0,T_D_tkm_hdv_t,le,0.08478510405433975,,,,,,,,TRPHRNB001
NB,T_HDV_T_DSL,2025.0,T_D_tkm_hdv_t,le,0.08478510405433975,,,,,,,,TRPHRNB001
NB,T_HDV_T_DSL,2030.0,T_D_tkm_hdv_t,le,0.08478510405433975,,,,,,,,TRPHRNB001
NB,T_HDV_T_DSL,2035.0,T_D_tkm_hdv_t,le,0.08478510405433975,,,,,,,,TRPHRNB001
NB,T_HDV_T_DSL,2040.0,T_D_tkm_hdv_t,le,0.08478510405433975,,,,,,,,TRPHRNB001
NB,T_HDV_T_DSL,2045.0,T_D_tkm_hdv_t,le,0.08478510405433975,,,,,,,,TRPHRNB001
NB,T_HDV_T_DSL_HEV,2025.0,T_D_tkm_hdv_t,le,0.08478510405433975,,,,,,,,TRPHRNB001
NB,T_HDV_T_DSL_HEV,2030.0,T_D_tkm_hdv_t,le,0.08478510405433975,,,,,,,,TRPHRNB001
NB,T_HDV_T_DSL_HEV,2035.0,T_D_tkm_hdv_t,le,0.08478510405433975,,,,,,,,TRPHRNB001
NB,T_HDV_T_DSL_HEV,2040.0,T_D_tkm_hdv_t,le,0.08478510405433975,,,,,,,,TRPHRNB001
NB,T_HDV_T_DSL_HEV,2045.0,T_D_tkm_hdv_t,le,0.08478510405433975,,,,,,,,TRPHRNB001
NB,T_HDV_T_DSL_PHEV,2025.0,T_D_tkm_hdv_t,le,0.08478510405433975,,,,,,,,TRPHRNB001
NB,T_HDV_T_DSL_PHEV,2030.0,T_D_tkm_hdv_t,le,0.08478510405433975,,,,,,,,TRPHRNB001
NB,T_HDV_T_DSL_PHEV,2035.0,T_D_tkm_hdv_t,le,0.08478510405433975,,,,,,,,TRPHRNB001
NB,T_HDV_T_DSL_PHEV,2040.0,T_D_tkm_hdv_t,le,0.08478510405433975,,,,,,,,TRPHRNB001
NB,T_HDV_T_DSL_PHEV,2045.0,T_D_tkm_hdv_t,le,0.08478510405433975,,,,,,,,TRPHRNB001
NB,T_HDV_T_FCEV,2025.0,T_D_tkm_hdv_t,le,0.08478510405433975,,,,,,,,TRPHRNB001
NB,T_HDV_T_FCEV,2030.0,T_D_tkm_hdv_t,le,0.08478510405433975,,,,,,,,TRPHRNB001
NB,T_HDV_T_FCEV,2035.0,T_D_tkm_hdv_t,le,0.08478510405433975,,,,,,,,TRPHRNB001
NB,T_HDV_T_FCEV,2040.0,T_D_tkm_hdv_t,le,0.08478510405433975,,,,,,,,TRPHRNB001
NB,T_HDV_T_FCEV,2045.0,T_D_tkm_hdv_t,le,0.08478510405433975,,,,,,,,TRPHRNB001
NB,T_HDV_T_FCHEV,2025.0,T_D_tkm_hdv_t,le,0.08478510405433975,,,,,,,,TRPHRNB001
NB,T_HDV_T_FCHEV,2030.0,T_D_tkm_hdv_t,le,0.08478510405433975,,,,,,,,TRPHRNB001
NB,T_HDV_T_FCHEV,2035.0,T_D_tkm_hdv_t,le,0.08478510405433975,,,,,,,,TRPHRNB001
NB,T_HDV_T_FCHEV,2040.0,T_D_tkm_hdv_t,le,0.08478510405433975,,,,,,,,TRPHRNB001
NB,T_HDV_T_FCHEV,2045.0,T_D_tkm_hdv_t,le,0.08478510405433975,,,,,,,,TRPHRNB001
NLLAB,T_HDV_T_BEV,2025.0,T_D_tkm_hdv_t,le,0.08478510405433975,,,,,,,,TRPHRNLLAB001
NLLAB,T_HDV_T_BEV,2030.0,T_D_tkm_hdv_t,le,0.08478510405433975,,,,,,,,TRPHRNLLAB001
NLLAB,T_HDV_T_BEV,2035.0,T_D_tkm_hdv_t,le,0.08478510405433975,,,,,,,,TRPHRNLLAB001
NLLAB,T_HDV_T_BEV,2040.0,T_D_tkm_hdv_t,le,0.08478510405433975,,,,,,,,TRPHRNLLAB001
NLLAB,T_HDV_T_BEV,2045.0,T_D_tkm_hdv_t,le,0.08478510405433975,,,,,,,,TRPHRNLLAB001
NLLAB,T_HDV_T_DSL,2025.0,T_D_tkm_hdv_t,le,0.08478510405433975,,,,,,,,TRPHRNLLAB001
NLLAB,T_HDV_T_DSL,2030.0,T_D_tkm_hdv_t,le,0.08478510405433975,,,,,,,,TRPHRNLLAB001
NLLAB,T_HDV_T_DSL,2035.0,T_D_tkm_hdv_t,le,0.08478510405433975,,,,,,,,TRPHRNLLAB001
NLLAB,T_HDV_T_DSL,2040.0,T_D_tkm_hdv_t,le,0.08478510405433975,,,,,,,,TRPHRNLLAB001
NLLAB,T_HDV_T_DSL,2045.0,T_D_tkm_hdv_t,le,0.08478510405433975,,,,,,,,TRPHRNLLAB001
NLLAB,T_HDV_T_DSL_HEV,2025.0,T_D_tkm_hdv_t,le,0.08478510405433975,,,,,,,,TRPHRNLLAB001
NLLAB,T_HDV_T_DSL_HEV,2030.0,T_D_tkm_hdv_t,le,0.08478510405433975,,,,,,,,TRPHRNLLAB001
NLLAB,T_HDV_T_DSL_HEV,2035.0,T_D_tkm_hdv_t,le,0.08478510405433975,,,,,,,,TRPHRNLLAB001
NLLAB,T_HDV_T_DSL_HEV,2040.0,T_D_tkm_hdv_t,le,0.08478510405433975,,,,,,,,TRPHRNLLAB001
NLLAB,T_HDV_T_DSL_HEV,2045.0,T_D_tkm_hdv_t,le,0.08478510405433975,,,,,,,,TRPHRNLLAB001
NLLAB,T_HDV_T_DSL_PHEV,2025.0,T_D_tkm_hdv_t,le,0.08478510405433975,,,,,,,,TRPHRNLLAB001
NLLAB,T_HDV_T_DSL_PHEV,2030.0,T_D_tkm_hdv_t,le,0.08478510405433975,,,,,,,,TRPHRNLLAB001
NLLAB,T_HDV_T_DSL_PHEV,2035.0,T_D_tkm_hdv_t,le,0.08478510405433975,,,,,,,,TRPHRNLLAB001
NLLAB,T_HDV_T_DSL_PHEV,2040.0,T_D_tkm_hdv_t,le,0.08478510405433975,,,,,,,,TRPHRNLLAB001
NLLAB,T_HDV_T_DSL_PHEV,2045.0,T_D_tkm_hdv_t,le,0.08478510405433975,,,,,,,,TRPHRNLLAB001
NLLAB,T_HDV_T_FCEV,2025.0,T_D_tkm_hdv_t,le,0.08478510405433975,,,,,,,,TRPHRNLLAB001
NLLAB,T_HDV_T_FCEV,2030.0,T_D_tkm_hdv_t,le,0.08478510405433975,,,,,,,,TRPHRNLLAB001
NLLAB,T_HDV_T_FCEV,2035.0,T_D_tkm_hdv_t,le,0.08478510405433975,,,,,,,,TRPHRNLLAB001
NLLAB,T_HDV_T_FCEV,2040.0,T_D_tkm_hdv_t,le,0.08478510405433975,,,,,,,,TRPHRNLLAB001
NLLAB,T_HDV_T_FCEV,2045.0,T_D_tkm_hdv_t,le,0.08478510405433975,,,,,,,,TRPHRNLLAB001
NLLAB,T_HDV_T_FCHEV,2025.0,T_D_tkm_hdv_t,le,0.08478510405433975,,,,,,,,TRPHRNLLAB001
NLLAB,T_HDV_T_FCHEV,2030.0,T_D_tkm_hdv_t,le,0.08478510405433975,,,,,,,,TRPHRNLLAB001
NLLAB,T_HDV_T_FCHEV,2035.0,T_D_tkm_hdv_t,le,0.08478510405433975,,,,,,,,TRPHRNLLAB001
NLLAB,T_HDV_T_FCHEV,2040.0,T_D_tkm_hdv_t,le,0.08478510405433975,,,,,,,,TRPHRNLLAB001
NLLAB,T_HDV_T_FCHEV,2045.0,T_D_tkm_hdv_t,le,0.08478510405433975,,,,,,,,TRPHRNLLAB001
NS,T_HDV_T_BEV,2025.0,T_D_tkm_hdv_t,le,0.08478510405433975,,,,,,,,TRPHRNS001
NS,T_HDV_T_BEV,2030.0,T_D_tkm_hdv_t,le,0.08478510405433975,,,,,,,,TRPHRNS001
NS,T_HDV_T_BEV,2035.0,T_D_tkm_hdv_t,le,0.08478510405433975,,,,,,,,TRPHRNS001
NS,T_HDV_T_BEV,2040.0,T_D_tkm_hdv_t,le,0.08478510405433975,,,,,,,,TRPHRNS001
NS,T_HDV_T_BEV,2045.0,T_D_tkm_hdv_t,le,0.08478510405433975,,,,,,,,TRPHRNS001
NS,T_HDV_T_DSL,2025.0,T_D_tkm_hdv_t,le,0.08478510405433975,,,,,,,,TRPHRNS001
NS,T_HDV_T_DSL,2030.0,T_D_tkm_hdv_t,le,0.08478510405433975,,,,,,,,TRPHRNS001
NS,T_HDV_T_DSL,2035.0,T_D_tkm_hdv_t,le,0.08478510405433975,,,,,,,,TRPHRNS001
NS,T_HDV_T_DSL,2040.0,T_D_tkm_hdv_t,le,0.08478510405433975,,,,,,,,TRPHRNS001
NS,T_HDV_T_DSL,2045.0,T_D_tkm_hdv_t,le,0.08478510405433975,,,,,,,,TRPHRNS001
NS,T_HDV_T_DSL_HEV,2025.0,T_D_tkm_hdv_t,le,0.08478510405433975,,,,,,,,TRPHRNS001
NS,T_HDV_T_DSL_HEV,2030.0,T_D_tkm_hdv_t,le,0.08478510405433975,,,,,,,,TRPHRNS001
NS,T_HDV_T_DSL_HEV,2035.0,T_D_tkm_hdv_t,le,0.08478510405433975,,,,,,,,TRPHRNS001
NS,T_HDV_T_DSL_HEV,2040.0,T_D_tkm_hdv_t,le,0.08478510405433975,,,,,,,,TRPHRNS001
NS,T_HDV_T_DSL_HEV,2045.0,T_D_tkm_hdv_t,le,0.08478510405433975,,,,,,,,TRPHRNS001
NS,T_HDV_T_DSL_PHEV,2025.0,T_D_tkm_hdv_t,le,0.08478510405433975,,,,,,,,TRPHRNS001
NS,T_HDV_T_DSL_PHEV,2030.0,T_D_tkm_hdv_t,le,0.08478510405433975,,,,,,,,TRPHRNS001
NS,T_HDV_T_DSL_PHEV,2035.0,T_D_tkm_hdv_t,le,0.08478510405433975,,,,,,,,TRPHRNS001
NS,T_HDV_T_DSL_PHEV,2040.0,T_D_tkm_hdv_t,le,0.08478510405433975,,,,,,,,TRPHRNS001
NS,T_HDV_T_DSL_PHEV,2045.0,T_D_tkm_hdv_t,le,0.08478510405433975,,,,,,,,TRPHRNS001
NS,T_HDV_T_FCEV,2025.0,T_D_tkm_hdv_t,le,0.08478510405433975,,,,,,,,TRPHRNS001
NS,T_HDV_T_FCEV,2030.0,T_D_tkm_hdv_t,le,0.08478510405433975,,,,,,,,TRPHRNS001
NS,T_HDV_T_FCEV,2035.0,T_D_tkm_hdv_t,le,0.08478510405433975,,,,,,,,TRPHRNS001
NS,T_HDV_T_FCEV,2040.0,T_D_tkm_hdv_t,le,0.08478510405433975,,,,,,,,TRPHRNS001
NS,T_HDV_T_FCEV,2045.0,T_D_tkm_hdv_t,le,0.08478510405433975,,,,,,,,TRPHRNS001
NS,T_HDV_T_FCHEV,2025.0,T_D_tkm_hdv_t,le,0.08478510405433975,,,,,,,,TRPHRNS001
NS,T_HDV_T_FCHEV,2030.0,T_D_tkm_hdv_t,le,0.08478510405433975,,,,,,,,TRPHRNS001
NS,T_HDV_T_FCHEV,2035.0,T_D_tkm_hdv_t,le,0.08478510405433975,,,,,,,,TRPHRNS001
NS,T_HDV_T_FCHEV,2040.0,T_D_tkm_hdv_t,le,0.08478510405433975,,,,,,,,TRPHRNS001
NS,T_HDV_T_FCHEV,2045.0,T_D_tkm_hdv_t,le,0.08478510405433975,,,,,,,,TRPHRNS001
ON,T_HDV_T_BEV,2025.0,T_D_tkm_hdv_t,le,0.08478510405433975,,,,,,,,TRPHRON001
ON,T_HDV_T_BEV,2030.0,T_D_tkm_hdv_t,le,0.08478510405433975,,,,,,,,TRPHRON001
ON,T_HDV_T_BEV,2035.0,T_D_tkm_hdv_t,le,0.08478510405433975,,,,,,,,TRPHRON001
ON,T_HDV_T_BEV,2040.0,T_D_tkm_hdv_t,le,0.08478510405433975,,,,,,,,TRPHRON001
ON,T_HDV_T_BEV,2045.0,T_D_tkm_hdv_t,le,0.08478510405433975,,,,,,,,TRPHRON001
ON,T_HDV_T_DSL,2025.0,T_D_tkm_hdv_t,le,0.08478510405433975,,,,,,,,TRPHRON001
ON,T_HDV_T_DSL,2030.0,T_D_tkm_hdv_t,le,0.08478510405433975,,,,,,,,TRPHRON001
ON,T_HDV_T_DSL,2035.0,T_D_tkm_hdv_t,le,0.08478510405433975,,,,,,,,TRPHRON001
ON,T_HDV_T_DSL,2040.0,T_D_tkm_hdv_t,le,0.08478510405433975,,,,,,,,TRPHRON001
ON,T_HDV_T_DSL,2045.0,T_D_tkm_hdv_t,le,0.08478510405433975,,,,,,,,TRPHRON001
ON,T_HDV_T_DSL_HEV,2025.0,T_D_tkm_hdv_t,le,0.08478510405433975,,,,,,,,TRPHRON001
ON,T_HDV_T_DSL_HEV,2030.0,T_D_tkm_hdv_t,le,0.08478510405433975,,,,,,,,TRPHRON001
ON,T_HDV_T_DSL_HEV,2035.0,T_D_tkm_hdv_t,le,0.08478510405433975,,,,,,,,TRPHRON001
ON,T_HDV_T_DSL_HEV,2040.0,T_D_tkm_hdv_t,le,0.08478510405433975,,,,,,,,TRPHRON001
ON,T_HDV_T_DSL_HEV,2045.0,T_D_tkm_hdv_t,le,0.08478510405433975,,,,,,,,TRPHRON001
ON,T_HDV_T_DSL_PHEV,2025.0,T_D_tkm_hdv_t,le,0.08478510405433975,,,,,,,,TRPHRON001
ON,T_HDV_T_DSL_PHEV,2030.0,T_D_tkm_hdv_t,le,0.08478510405433975,,,,,,,,TRPHRON001
ON,T_HDV_T_DSL_PHEV,2035.0,T_D_tkm_hdv_t,le,0.08478510405433975,,,,,,,,TRPHRON001
ON,T_HDV_T_DSL_PHEV,2040.0,T_D_tkm_hdv_t,le,0.08478510405433975,,,,,,,,TRPHRON001
ON,T_HDV_T_DSL_PHEV,2045.0,T_D_tkm_hdv_t,le,0.08478510405433975,,,,,,,,TRPHRON001
ON,T_HDV_T_FCEV,2025.0,T_D_tkm_hdv_t,le,0.08478510405433975,,,,,,,,TRPHRON001
ON,T_HDV_T_FCEV,2030.0,T_D_tkm_hdv_t,le,0.08478510405433975,,,,,,,,TRPHRON001
ON,T_HDV_T_FCEV,2035.0,T_D_tkm_hdv_t,le,0.08478510405433975,,,,,,,,TRPHRON001
ON,T_HDV_T_FCEV,2040.0,T_D_tkm_hdv_t,le,0.08478510405433975,,,,,,,,TRPHRON001
ON,T_HDV_T_FCEV,2045.0,T_D_tkm_hdv_t,le,0.08478510405433975,,,,,,,,TRPHRON001
ON,T_HDV_T_FCHEV,2025.0,T_D_tkm_hdv_t,le,0.08478510405433975,,,,,,,,TRPHRON001
ON,T_HDV_T_FCHEV,2030.0,T_D_tkm_hdv_t,le,0.08478510405433975,,,,,,,,TRPHRON001
ON,T_HDV_T_FCHEV,2035.0,T_D_tkm_hdv_t,le,0.08478510405433975,,,,,,,,TRPHRON001
ON,T_HDV_T_FCHEV,2040.0,T_D_tkm_hdv_t,le,0.08478510405433975,,,,,,,,TRPHRON001
ON,T_HDV_T_FCHEV,2045.0,T_D_tkm_hdv_t,le,0.08478510405433975,,,,,,,,TRPHRON001
PEI,T_HDV_T_BEV,2025.0,T_D_tkm_hdv_t,le,0.08478510405433975,,,,,,,,TRPHRPEI001
PEI,T_HDV_T_BEV,2030.0,T_D_tkm_hdv_t,le,0.08478510405433975,,,,,,,,TRPHRPEI001
PEI,T_HDV_T_BEV,2035.0,T_D_tkm_hdv_t,le,0.08478510405433975,,,,,,,,TRPHRPEI001
PEI,T_HDV_T_BEV,2040.0,T_D_tkm_hdv_t,le,0.08478510405433975,,,,,,,,TRPHRPEI001
PEI,T_HDV_T_BEV,2045.0,T_D_tkm_hdv_t,le,0.08478510405433975,,,,,,,,TRPHRPEI001
PEI,T_HDV_T_DSL,2025.0,T_D_tkm_hdv_t,le,0.08478510405433975,,,,,,,,TRPHRPEI001
PEI,T_HDV_T_DSL,2030.0,T_D_tkm_hdv_t,le,0.08478510405433975,,,,,,,,TRPHRPEI001
PEI,T_HDV_T_DSL,2035.0,T_D_tkm_hdv_t,le,0.08478510405433975,,,,,,,,TRPHRPEI001
PEI,T_HDV_T_DSL,2040.0,T_D_tkm_hdv_t,le,0.08478510405433975,,,,,,,,TRPHRPEI001
PEI,T_HDV_T_DSL,2045.0,T_D_tkm_hdv_t,le,0.08478510405433975,,,,,,,,TRPHRPEI001
PEI,T_HDV_T_DSL_HEV,2025.0,T_D_tkm_hdv_t,le,0.08478510405433975,,,,,,,,TRPHRPEI001
PEI,T_HDV_T_DSL_HEV,2030.0,T_D_tkm_hdv_t,le,0.08478510405433975,,,,,,,,TRPHRPEI001
PEI,T_HDV_T_DSL_HEV,2035.0,T_D_tkm_hdv_t,le,0.08478510405433975,,,,,,,,TRPHRPEI001
PEI,T_HDV_T_DSL_HEV,2040.0,T_D_tkm_hdv_t,le,0.08478510405433975,,,,,,,,TRPHRPEI001
PEI,T_HDV_T_DSL_HEV,2045.0,T_D_tkm_hdv_t,le,0.08478510405433975,,,,,,,,TRPHRPEI001
PEI,T_HDV_T_DSL_PHEV,2025.0,T_D_tkm_hdv_t,le,0.08478510405433975,,,,,,,,TRPHRPEI001
PEI,T_HDV_T_DSL_PHEV,2030.0,T_D_tkm_hdv_t,le,0.08478510405433975,,,,,,,,TRPHRPEI001
PEI,T_HDV_T_DSL_PHEV,2035.0,T_D_tkm_hdv_t,le,0.08478510405433975,,,,,,,,TRPHRPEI001
PEI,T_HDV_T_DSL_PHEV,2040.0,T_D_tkm_hdv_t,le,0.08478510405433975,,,,,,,,TRPHRPEI001
PEI,T_HDV_T_DSL_PHEV,2045.0,T_D_tkm_hdv_t,le,0.08478510405433975,,,,,,,,TRPHRPEI001
PEI,T_HDV_T_FCEV,2025.0,T_D_tkm_hdv_t,le,0.08478510405433975,,,,,,,,TRPHRPEI001
PEI,T_HDV_T_FCEV,2030.0,T_D_tkm_hdv_t,le,0.08478510405433975,,,,,,,,TRPHRPEI001
PEI,T_HDV_T_FCEV,2035.0,T_D_tkm_hdv_t,le,0.08478510405433975,,,,,,,,TRPHRPEI001
PEI,T_HDV_T_FCEV,2040.0,T_D_tkm_hdv_t,le,0.08478510405433975,,,,,,,,TRPHRPEI001
PEI,T_HDV_T_FCEV,2045.0,T_D_tkm_hdv_t,le,0.08478510405433975,,,,,,,,TRPHRPEI001
PEI,T_HDV_T_FCHEV,2025.0,T_D_tkm_hdv_t,le,0.08478510405433975,,,,,,,,TRPHRPEI001
PEI,T_HDV_T_FCHEV,2030.0,T_D_tkm_hdv_t,le,0.08478510405433975,,,,,,,,TRPHRPEI001
PEI,T_HDV_T_FCHEV,2035.0,T_D_tkm_hdv_t,le,0.08478510405433975,,,,,,,,TRPHRPEI001
PEI,T_HDV_T_FCHEV,2040.0,T_D_tkm_hdv_t,le,0.08478510405433975,,,,,,,,TRPHRPEI001
PEI,T_HDV_T_FCHEV,2045.0,T_D_tkm_hdv_t,le,0.08478510405433975,,,,,,,,TRPHRPEI001
QC,T_HDV_T_BEV,2025.0,T_D_tkm_hdv_t,le,0.08478510405433975,,,,,,,,TRPHRQC001
QC,T_HDV_T_BEV,2030.0,T_D_tkm_hdv_t,le,0.08478510405433975,,,,,,,,TRPHRQC001
QC,T_HDV_T_BEV,2035.0,T_D_tkm_hdv_t,le,0.08478510405433975,,,,,,,,TRPHRQC001
QC,T_HDV_T_BEV,2040.0,T_D_tkm_hdv_t,le,0.08478510405433975,,,,,,,,TRPHRQC001
QC,T_HDV_T_BEV,2045.0,T_D_tkm_hdv_t,le,0.08478510405433975,,,,,,,,TRPHRQC001
QC,T_HDV_T_DSL,2025.0,T_D_tkm_hdv_t,le,0.08478510405433975,,,,,,,,TRPHRQC001
QC,T_HDV_T_DSL,2030.0,T_D_tkm_hdv_t,le,0.08478510405433975,,,,,,,,TRPHRQC001
QC,T_HDV_T_DSL,2035.0,T_D_tkm_hdv_t,le,0.08478510405433975,,,,,,,,TRPHRQC001
QC,T_HDV_T_DSL,2040.0,T_D_tkm_hdv_t,le,0.08478510405433975,,,,,,,,TRPHRQC001
QC,T_HDV_T_DSL,2045.0,T_D_tkm_hdv_t,le,0.08478510405433975,,,,,,,,TRPHRQC001
QC,T_HDV_T_DSL_HEV,2025.0,T_D_tkm_hdv_t,le,0.08478510405433975,,,,,,,,TRPHRQC001
QC,T_HDV_T_DSL_HEV,2030.0,T_D_tkm_hdv_t,le,0.08478510405433975,,,,,,,,TRPHRQC001
QC,T_HDV_T_DSL_HEV,2035.0,T_D_tkm_hdv_t,le,0.08478510405433975,,,,,,,,TRPHRQC001
QC,T_HDV_T_DSL_HEV,2040.0,T_D_tkm_hdv_t,le,0.08478510405433975,,,,,,,,TRPHRQC001
QC,T_HDV_T_DSL_HEV,2045.0,T_D_tkm_hdv_t,le,0.08478510405433975,,,,,,,,TRPHRQC001
QC,T_HDV_T_DSL_PHEV,2025.0,T_D_tkm_hdv_t,le,0.08478510405433975,,,,,,,,TRPHRQC001
QC,T_HDV_T_DSL_PHEV,2030.0,T_D_tkm_hdv_t,le,0.08478510405433975,,,,,,,,TRPHRQC001
QC,T_HDV_T_DSL_PHEV,2035.0,T_D_tkm_hdv_t,le,0.08478510405433975,,,,,,,,TRPHRQC001
QC,T_HDV_T_DSL_PHEV,2040.0,T_D_tkm_hdv_t,le,0.08478510405433975,,,,,,,,TRPHRQC001
QC,T_HDV_T_DSL_PHEV,2045.0,T_D_tkm_hdv_t,le,0.08478510405433975,,,,,,,,TRPHRQC001
QC,T_HDV_T_FCEV,2025.0,T_D_tkm_hdv_t,le,0.08478510405433975,,,,,,,,TRPHRQC001
QC,T_HDV_T_FCEV,2030.0,T_D_tkm_hdv_t,le,0.08478510405433975,,,,,,,,TRPHRQC001
QC,T_HDV_T_FCEV,2035.0,T_D_tkm_hdv_t,le,0.08478510405433975,,,,,,,,TRPHRQC001
QC,T_HDV_T_FCEV,2040.0,T_D_tkm_hdv_t,le,0.08478510405433975,,,,,,,,TRPHRQC001
QC,T_HDV_T_FCEV,2045.0,T_D_tkm_hdv_t,le,0.08478510405433975,,,,,,,,TRPHRQC001
QC,T_HDV_T_FCHEV,2025.0,T_D_tkm_hdv_t,le,0.08478510405433975,,,,,,,,TRPHRQC001
QC,T_HDV_T_FCHEV,2030.0,T_D_tkm_hdv_t,le,0.08478510405433975,,,,,,,,TRPHRQC001
QC,T_HDV_T_FCHEV,2035.0,T_D_tkm_hdv_t,le,0.08478510405433975,,,,,,,,TRPHRQC001
QC,T_HDV_T_FCHEV,2040.0,T_D_tkm_hdv_t,le,0.08478510405433975,,,,,,,,TRPHRQC001
QC,T_HDV_T_FCHEV,2045.0,T_D_tkm_hdv_t,le,0.08478510405433975,,,,,,,,TRPHRQC001
SK,T_HDV_T_BEV,2025.0,T_D_tkm_hdv_t,le,0.08478510405433975,,,,,,,,TRPHRSK001
SK,T_HDV_T_BEV,2030.0,T_D_tkm_hdv_t,le,0.08478510405433975,,,,,,,,TRPHRSK001
SK,T_HDV_T_BEV,2035.0,T_D_tkm_hdv_t,le,0.08478510405433975,,,,,,,,TRPHRSK001
SK,T_HDV_T_BEV,2040.0,T_D_tkm_hdv_t,le,0.08478510405433975,,,,,,,,TRPHRSK001
SK,T_HDV_T_BEV,2045.0,T_D_tkm_hdv_t,le,0.08478510405433975,,,,,,,,TRPHRSK001
SK,T_HDV_T_DSL,2025.0,T_D_tkm_hdv_t,le,0.08478510405433975,,,,,,,,TRPHRSK001
SK,T_HDV_T_DSL,2030.0,T_D_tkm_hdv_t,le,0.08478510405433975,,,,,,,,TRPHRSK001
SK,T_HDV_T_DSL,2035.0,T_D_tkm_hdv_t,le,0.08478510405433975,,,,,,,,TRPHRSK001
SK,T_HDV_T_DSL,2040.0,T_D_tkm_hdv_t,le,0.08478510405433975,,,,,,,,TRPHRSK001
SK,T_HDV_T_DSL,2045.0,T_D_tkm_hdv_t,le,0.08478510405433975,,,,,,,,TRPHRSK001
SK,T_HDV_T_DSL_HEV,2025.0,T_D_tkm_hdv_t,le,0.08478510405433975,,,,,,,,TRPHRSK001
SK,T_HDV_T_DSL_HEV,2030.0,T_D_tkm_hdv_t,le,0.08478510405433975,,,,,,,,TRPHRSK001
SK,T_HDV_T_DSL_HEV,2035.0,T_D_tkm_hdv_t,le,0.08478510405433975,,,,,,,,TRPHRSK001
SK,T_HDV_T_DSL_HEV,2040.0,T_D_tkm_hdv_t,le,0.08478510405433975,,,,,,,,TRPHRSK001
SK,T_HDV_T_DSL_HEV,2045.0,T_D_tkm_hdv_t,le,0.08478510405433975,,,,,,,,TRPHRSK001
SK,T_HDV_T_DSL_PHEV,2025.0,T_D_tkm_hdv_t,le,0.08478510405433975,,,,,,,,TRPHRSK001
SK,T_HDV_T_DSL_PHEV,2030.0,T_D_tkm_hdv_t,le,0.08478510405433975,,,,,,,,TRPHRSK001
SK,T_HDV_T_DSL_PHEV,2035.0,T_D_tkm_hdv_t,le,0.08478510405433975,,,,,,,,TRPHRSK001
SK,T_HDV_T_DSL_PHEV,2040.0,T_D_tkm_hdv_t,le,0.08478510405433975,,,,,,,,TRPHRSK001
SK,T_HDV_T_DSL_PHEV,2045.0,T_D_tkm_hdv_t,le,0.08478510405433975,,,,,,,,TRPHRSK001
SK,T_HDV_T_FCEV,2025.0,T_D_tkm_hdv_t,le,0.08478510405433975,,,,,,,,TRPHRSK001
SK,T_HDV_T_FCEV,2030.0,T_D_tkm_hdv_t,le,0.08478510405433975,,,,,,,,TRPHRSK001
SK,T_HDV_T_FCEV,2035.0,T_D_tkm_hdv_t,le,0.08478510405433975,,,,,,,,TRPHRSK001
SK,T_HDV_T_FCEV,2040.0,T_D_tkm_hdv_t,le,0.08478510405433975,,,,,,,,TRPHRSK001
SK,T_HDV_T_FCEV,2045.0,T_D_tkm_hdv_t,le,0.08478510405433975,,,,,,,,TRPHRSK001
SK,T_HDV_T_FCHEV,2025.0,T_D_tkm_hdv_t,le,0.08478510405433975,,,,,,,,TRPHRSK001
SK,T_HDV_T_FCHEV,2030.0,T_D_tkm_hdv_t,le,0.08478510405433975,,,,,,,,TRPHRSK001
SK,T_HDV_T_FCHEV,2035.0,T_D_tkm_hdv_t,le,0.08478510405433975,,,,,,,,TRPHRSK001
SK,T_HDV_T_FCHEV,2040.0,T_D_tkm_hdv_t,le,0.08478510405433975,,,,,,,,TRPHRSK001
SK,T_HDV_T_FCHEV,2045.0,T_D_tkm_hdv_t,le,0.08478510405433975,,,,,,,,TRPHRSK001
AB,T_LDV_LTF_BEV150,2025.0,T_D_tkm_ldv_t,le,0.04049316637257586,,,,,,,,TRPHRAB001
AB,T_LDV_LTF_BEV150,2030.0,T_D_tkm_ldv_t,le,0.04049316637257586,,,,,,,,TRPHRAB001
AB,T_LDV_LTF_BEV150,2035.0,T_D_tkm_ldv_t,le,0.04049316637257586,,,,,,,,TRPHRAB001
AB,T_LDV_LTF_BEV150,2040.0,T_D_tkm_ldv_t,le,0.04049316637257586,,,,,,,,TRPHRAB001
AB,T_LDV_LTF_BEV150,2045.0,T_D_tkm_ldv_t,le,0.04049316637257586,,,,,,,,TRPHRAB001
AB,T_LDV_LTF_BEV200,2025.0,T_D_tkm_ldv_t,le,0.04049316637257586,,,,,,,,TRPHRAB001
AB,T_LDV_LTF_BEV200,2030.0,T_D_tkm_ldv_t,le,0.04049316637257586,,,,,,,,TRPHRAB001
AB,T_LDV_LTF_BEV200,2035.0,T_D_tkm_ldv_t,le,0.04049316637257586,,,,,,,,TRPHRAB001
AB,T_LDV_LTF_BEV200,2040.0,T_D_tkm_ldv_t,le,0.04049316637257586,,,,,,,,TRPHRAB001
AB,T_LDV_LTF_BEV200,2045.0,T_D_tkm_ldv_t,le,0.04049316637257586,,,,,,,,TRPHRAB001
AB,T_LDV_LTF_BEV300,2025.0,T_D_tkm_ldv_t,le,0.04049316637257586,,,,,,,,TRPHRAB001
AB,T_LDV_LTF_BEV300,2030.0,T_D_tkm_ldv_t,le,0.04049316637257586,,,,,,,,TRPHRAB001
AB,T_LDV_LTF_BEV300,2035.0,T_D_tkm_ldv_t,le,0.04049316637257586,,,,,,,,TRPHRAB001
AB,T_LDV_LTF_BEV300,2040.0,T_D_tkm_ldv_t,le,0.04049316637257586,,,,,,,,TRPHRAB001
AB,T_LDV_LTF_BEV300,2045.0,T_D_tkm_ldv_t,le,0.04049316637257586,,,,,,,,TRPHRAB001
AB,T_LDV_LTF_BEV400,2025.0,T_D_tkm_ldv_t,le,0.04049316637257586,,,,,,,,TRPHRAB001
AB,T_LDV_LTF_BEV400,2030.0,T_D_tkm_ldv_t,le,0.04049316637257586,,,,,,,,TRPHRAB001
AB,T_LDV_LTF_BEV400,2035.0,T_D_tkm_ldv_t,le,0.04049316637257586,,,,,,,,TRPHRAB001
AB,T_LDV_LTF_BEV400,2040.0,T_D_tkm_ldv_t,le,0.04049316637257586,,,,,,,,TRPHRAB001
AB,T_LDV_LTF_BEV400,2045.0,T_D_tkm_ldv_t,le,0.04049316637257586,,,,,,,,TRPHRAB001
AB,T_LDV_LTF_CNG,2025.0,T_D_tkm_ldv_t,le,0.04049316637257586,,,,,,,,TRPHRAB001
AB,T_LDV_LTF_CNG,2030.0,T_D_tkm_ldv_t,le,0.04049316637257586,,,,,,,,TRPHRAB001
AB,T_LDV_LTF_CNG,2035.0,T_D_tkm_ldv_t,le,0.04049316637257586,,,,,,,,TRPHRAB001
AB,T_LDV_LTF_CNG,2040.0,T_D_tkm_ldv_t,le,0.04049316637257586,,,,,,,,TRPHRAB001
AB,T_LDV_LTF_CNG,2045.0,T_D_tkm_ldv_t,le,0.04049316637257586,,,,,,,,TRPHRAB001
AB,T_LDV_LTF_DSL,2025.0,T_D_tkm_ldv_t,le,0.04049316637257586,,,,,,,,TRPHRAB001
AB,T_LDV_LTF_DSL,2030.0,T_D_tkm_ldv_t,le,0.04049316637257586,,,,,,,,TRPHRAB001
AB,T_LDV_LTF_DSL,2035.0,T_D_tkm_ldv_t,le,0.04049316637257586,,,,,,,,TRPHRAB001
AB,T_LDV_LTF_DSL,2040.0,T_D_tkm_ldv_t,le,0.04049316637257586,,,,,,,,TRPHRAB001
AB,T_LDV_LTF_DSL,2045.0,T_D_tkm_ldv_t,le,0.04049316637257586,,,,,,,,TRPHRAB001
AB,T_LDV_LTF_FCEV400,2025.0,T_D_tkm_ldv_t,le,0.04049316637257586,,,,,,,,TRPHRAB001
AB,T_LDV_LTF_FCEV400,2030.0,T_D_tkm_ldv_t,le,0.04049316637257586,,,,,,,,TRPHRAB001
AB,T_LDV_LTF_FCEV400,2035.0,T_D_tkm_ldv_t,le,0.04049316637257586,,,,,,,,TRPHRAB001
AB,T_LDV_LTF_FCEV400,2040.0,T_D_tkm_ldv_t,le,0.04049316637257586,,,,,,,,TRPHRAB001
AB,T_LDV_LTF_FCEV400,2045.0,T_D_tkm_ldv_t,le,0.04049316637257586,,,,,,,,TRPHRAB001
AB,T_LDV_LTF_GSL,2025.0,T_D_tkm_ldv_t,le,0.04049316637257586,,,,,,,,TRPHRAB001
AB,T_LDV_LTF_GSL,2030.0,T_D_tkm_ldv_t,le,0.04049316637257586,,,,,,,,TRPHRAB001
AB,T_LDV_LTF_GSL,2035.0,T_D_tkm_ldv_t,le,0.04049316637257586,,,,,,,,TRPHRAB001
AB,T_LDV_LTF_GSL,2040.0,T_D_tkm_ldv_t,le,0.04049316637257586,,,,,,,,TRPHRAB001
AB,T_LDV_LTF_GSL,2045.0,T_D_tkm_ldv_t,le,0.04049316637257586,,,,,,,,TRPHRAB001
AB,T_LDV_LTF_GSL_HEV,2025.0,T_D_tkm_ldv_t,le,0.04049316637257586,,,,,,,,TRPHRAB001
AB,T_LDV_LTF_GSL_HEV,2030.0,T_D_tkm_ldv_t,le,0.04049316637257586,,,,,,,,TRPHRAB001
AB,T_LDV_LTF_GSL_HEV,2035.0,T_D_tkm_ldv_t,le,0.04049316637257586,,,,,,,,TRPHRAB001
AB,T_LDV_LTF_GSL_HEV,2040.0,T_D_tkm_ldv_t,le,0.04049316637257586,,,,,,,,TRPHRAB001
AB,T_LDV_LTF_GSL_HEV,2045.0,T_D_tkm_ldv_t,le,0.04049316637257586,,,,,,,,TRPHRAB001
AB,T_LDV_LTF_GSL_PHEV35,2025.0,T_D_tkm_ldv_t,le,0.04049316637257586,,,,,,,,TRPHRAB001
AB,T_LDV_LTF_GSL_PHEV35,2030.0,T_D_tkm_ldv_t,le,0.04049316637257586,,,,,,,,TRPHRAB001
AB,T_LDV_LTF_GSL_PHEV35,2035.0,T_D_tkm_ldv_t,le,0.04049316637257586,,,,,,,,TRPHRAB001
AB,T_LDV_LTF_GSL_PHEV35,2040.0,T_D_tkm_ldv_t,le,0.04049316637257586,,,,,,,,TRPHRAB001
AB,T_LDV_LTF_GSL_PHEV35,2045.0,T_D_tkm_ldv_t,le,0.04049316637257586,,,,,,,,TRPHRAB001
AB,T_LDV_LTF_GSL_PHEV50,2025.0,T_D_tkm_ldv_t,le,0.04049316637257586,,,,,,,,TRPHRAB001
AB,T_LDV_LTF_GSL_PHEV50,2030.0,T_D_tkm_ldv_t,le,0.04049316637257586,,,,,,,,TRPHRAB001
AB,T_LDV_LTF_GSL_PHEV50,2035.0,T_D_tkm_ldv_t,le,0.04049316637257586,,,,,,,,TRPHRAB001
AB,T_LDV_LTF_GSL_PHEV50,2040.0,T_D_tkm_ldv_t,le,0.04049316637257586,,,,,,,,TRPHRAB001
AB,T_LDV_LTF_GSL_PHEV50,2045.0,T_D_tkm_ldv_t,le,0.04049316637257586,,,,,,,,TRPHRAB001
BC,T_LDV_LTF_BEV150,2025.0,T_D_tkm_ldv_t,le,0.04049316637257586,,,,,,,,TRPHRBC001
BC,T_LDV_LTF_BEV150,2030.0,T_D_tkm_ldv_t,le,0.04049316637257586,,,,,,,,TRPHRBC001
BC,T_LDV_LTF_BEV150,2035.0,T_D_tkm_ldv_t,le,0.04049316637257586,,,,,,,,TRPHRBC001
BC,T_LDV_LTF_BEV150,2040.0,T_D_tkm_ldv_t,le,0.04049316637257586,,,,,,,,TRPHRBC001
BC,T_LDV_LTF_BEV150,2045.0,T_D_tkm_ldv_t,le,0.04049316637257586,,,,,,,,TRPHRBC001
BC,T_LDV_LTF_BEV200,2025.0,T_D_tkm_ldv_t,le,0.04049316637257586,,,,,,,,TRPHRBC001
BC,T_LDV_LTF_BEV200,2030.0,T_D_tkm_ldv_t,le,0.04049316637257586,,,,,,,,TRPHRBC001
BC,T_LDV_LTF_BEV200,2035.0,T_D_tkm_ldv_t,le,0.04049316637257586,,,,,,,,TRPHRBC001
BC,T_LDV_LTF_BEV200,2040.0,T_D_tkm_ldv_t,le,0.04049316637257586,,,,,,,,TRPHRBC001
BC,T_LDV_LTF_BEV200,2045.0,T_D_tkm_ldv_t,le,0.04049316637257586,,,,,,,,TRPHRBC001
BC,T_LDV_LTF_BEV300,2025.0,T_D_tkm_ldv_t,le,0.04049316637257586,,,,,,,,TRPHRBC001
BC,T_LDV_LTF_BEV300,2030.0,T_D_tkm_ldv_t,le,0.04049316637257586,,,,,,,,TRPHRBC001
BC,T_LDV_LTF_BEV300,2035.0,T_D_tkm_ldv_t,le,0.04049316637257586,,,,,,,,TRPHRBC001
BC,T_LDV_LTF_BEV300,2040.0,T_D_tkm_ldv_t,le,0.04049316637257586,,,,,,,,TRPHRBC001
BC,T_LDV_LTF_BEV300,2045.0,T_D_tkm_ldv_t,le,0.04049316637257586,,,,,,,,TRPHRBC001
BC,T_LDV_LTF_BEV400,2025.0,T_D_tkm_ldv_t,le,0.04049316637257586,,,,,,,,TRPHRBC001
BC,T_LDV_LTF_BEV400,2030.0,T_D_tkm_ldv_t,le,0.04049316637257586,,,,,,,,TRPHRBC001
BC,T_LDV_LTF_BEV400,2035.0,T_D_tkm_ldv_t,le,0.04049316637257586,,,,,,,,TRPHRBC001
BC,T_LDV_LTF_BEV400,2040.0,T_D_tkm_ldv_t,le,0.04049316637257586,,,,,,,,TRPHRBC001
BC,T_LDV_LTF_BEV400,2045.0,T_D_tkm_ldv_t,le,0.04049316637257586,,,,,,,,TRPHRBC001
BC,T_LDV_LTF_CNG,2025.0,T_D_tkm_ldv_t,le,0.04049316637257586,,,,,,,,TRPHRBC001
BC,T_LDV_LTF_CNG,2030.0,T_D_tkm_ldv_t,le,0.04049316637257586,,,,,,,,TRPHRBC001
BC,T_LDV_LTF_CNG,2035.0,T_D_tkm_ldv_t,le,0.04049316637257586,,,,,,,,TRPHRBC001
BC,T_LDV_LTF_CNG,2040.0,T_D_tkm_ldv_t,le,0.04049316637257586,,,,,,,,TRPHRBC001
BC,T_LDV_LTF_CNG,2045.0,T_D_tkm_ldv_t,le,0.04049316637257586,,,,,,,,TRPHRBC001
BC,T_LDV_LTF_DSL,2025.0,T_D_tkm_ldv_t,le,0.04049316637257586,,,,,,,,TRPHRBC001
BC,T_LDV_LTF_DSL,2030.0,T_D_tkm_ldv_t,le,0.04049316637257586,,,,,,,,TRPHRBC001
BC,T_LDV_LTF_DSL,2035.0,T_D_tkm_ldv_t,le,0.04049316637257586,,,,,,,,TRPHRBC001
BC,T_LDV_LTF_DSL,2040.0,T_D_tkm_ldv_t,le,0.04049316637257586,,,,,,,,TRPHRBC001
BC,T_LDV_LTF_DSL,2045.0,T_D_tkm_ldv_t,le,0.04049316637257586,,,,,,,,TRPHRBC001
BC,T_LDV_LTF_FCEV400,2025.0,T_D_tkm_ldv_t,le,0.04049316637257586,,,,,,,,TRPHRBC001
BC,T_LDV_LTF_FCEV400,2030.0,T_D_tkm_ldv_t,le,0.04049316637257586,,,,,,,,TRPHRBC001
BC,T_LDV_LTF_FCEV400,2035.0,T_D_tkm_ldv_t,le,0.04049316637257586,,,,,,,,TRPHRBC001
BC,T_LDV_LTF_FCEV400,2040.0,T_D_tkm_ldv_t,le,0.04049316637257586,,,,,,,,TRPHRBC001
BC,T_LDV_LTF_FCEV400,2045.0,T_D_tkm_ldv_t,le,0.04049316637257586,,,,,,,,TRPHRBC001
BC,T_LDV_LTF_GSL,2025.0,T_D_tkm_ldv_t,le,0.04049316637257586,,,,,,,,TRPHRBC001
BC,T_LDV_LTF_GSL,2030.0,T_D_tkm_ldv_t,le,0.04049316637257586,,,,,,,,TRPHRBC001
BC,T_LDV_LTF_GSL,2035.0,T_D_tkm_ldv_t,le,0.04049316637257586,,,,,,,,TRPHRBC001
BC,T_LDV_LTF_GSL,2040.0,T_D_tkm_ldv_t,le,0.04049316637257586,,,,,,,,TRPHRBC001
BC,T_LDV_LTF_GSL,2045.0,T_D_tkm_ldv_t,le,0.04049316637257586,,,,,,,,TRPHRBC001
BC,T_LDV_LTF_GSL_HEV,2025.0,T_D_tkm_ldv_t,le,0.04049316637257586,,,,,,,,TRPHRBC001
BC,T_LDV_LTF_GSL_HEV,2030.0,T_D_tkm_ldv_t,le,0.04049316637257586,,,,,,,,TRPHRBC001
BC,T_LDV_LTF_GSL_HEV,2035.0,T_D_tkm_ldv_t,le,0.04049316637257586,,,,,,,,TRPHRBC001
BC,T_LDV_LTF_GSL_HEV,2040.0,T_D_tkm_ldv_t,le,0.04049316637257586,,,,,,,,TRPHRBC001
BC,T_LDV_LTF_GSL_HEV,2045.0,T_D_tkm_ldv_t,le,0.04049316637257586,,,,,,,,TRPHRBC001
BC,T_LDV_LTF_GSL_PHEV35,2025.0,T_D_tkm_ldv_t,le,0.04049316637257586,,,,,,,,TRPHRBC001
BC,T_LDV_LTF_GSL_PHEV35,2030.0,T_D_tkm_ldv_t,le,0.04049316637257586,,,,,,,,TRPHRBC001
BC,T_LDV_LTF_GSL_PHEV35,2035.0,T_D_tkm_ldv_t,le,0.04049316637257586,,,,,,,,TRPHRBC001
BC,T_LDV_LTF_GSL_PHEV35,2040.0,T_D_tkm_ldv_t,le,0.04049316637257586,,,,,,,,TRPHRBC001
BC,T_LDV_LTF_GSL_PHEV35,2045.0,T_D_tkm_ldv_t,le,0.04049316637257586,,,,,,,,TRPHRBC001
BC,T_LDV_LTF_GSL_PHEV50,2025.0,T_D_tkm_ldv_t,le,0.04049316637257586,,,,,,,,TRPHRBC001
BC,T_LDV_LTF_GSL_PHEV50,2030.0,T_D_tkm_ldv_t,le,0.04049316637257586,,,,,,,,TRPHRBC001
BC,T_LDV_LTF_GSL_PHEV50,2035.0,T_D_tkm_ldv_t,le,0.04049316637257586,,,,,,,,TRPHRBC001
BC,T_LDV_LTF_GSL_PHEV50,2040.0,T_D_tkm_ldv_t,le,0.04049316637257586,,,,,,,,TRPHRBC001
BC,T_LDV_LTF_GSL_PHEV50,2045.0,T_D_tkm_ldv_t,le,0.04049316637257586,,,,,,,,TRPHRBC001
MB,T_LDV_LTF_BEV150,2025.0,T_D_tkm_ldv_t,le,0.04049316637257586,,,,,,,,TRPHRMB001
MB,T_LDV_LTF_BEV150,2030.0,T_D_tkm_ldv_t,le,0.04049316637257586,,,,,,,,TRPHRMB001
MB,T_LDV_LTF_BEV150,2035.0,T_D_tkm_ldv_t,le,0.04049316637257586,,,,,,,,TRPHRMB001
MB,T_LDV_LTF_BEV150,2040.0,T_D_tkm_ldv_t,le,0.04049316637257586,,,,,,,,TRPHRMB001
MB,T_LDV_LTF_BEV150,2045.0,T_D_tkm_ldv_t,le,0.04049316637257586,,,,,,,,TRPHRMB001
MB,T_LDV_LTF_BEV200,2025.0,T_D_tkm_ldv_t,le,0.04049316637257586,,,,,,,,TRPHRMB001
MB,T_LDV_LTF_BEV200,2030.0,T_D_tkm_ldv_t,le,0.04049316637257586,,,,,,,,TRPHRMB001
MB,T_LDV_LTF_BEV200,2035.0,T_D_tkm_ldv_t,le,0.04049316637257586,,,,,,,,TRPHRMB001
MB,T_LDV_LTF_BEV200,2040.0,T_D_tkm_ldv_t,le,0.04049316637257586,,,,,,,,TRPHRMB001
MB,T_LDV_LTF_BEV200,2045.0,T_D_tkm_ldv_t,le,0.04049316637257586,,,,,,,,TRPHRMB001
MB,T_LDV_LTF_BEV300,2025.0,T_D_tkm_ldv_t,le,0.04049316637257586,,,,,,,,TRPHRMB001
MB,T_LDV_LTF_BEV300,2030.0,T_D_tkm_ldv_t,le,0.04049316637257586,,,,,,,,TRPHRMB001
MB,T_LDV_LTF_BEV300,2035.0,T_D_tkm_ldv_t,le,0.04049316637257586,,,,,,,,TRPHRMB001
MB,T_LDV_LTF_BEV300,2040.0,T_D_tkm_ldv_t,le,0.04049316637257586,,,,,,,,TRPHRMB001
MB,T_LDV_LTF_BEV300,2045.0,T_D_tkm_ldv_t,le,0.04049316637257586,,,,,,,,TRPHRMB001
MB,T_LDV_LTF_BEV400,2025.0,T_D_tkm_ldv_t,le,0.04049316637257586,,,,,,,,TRPHRMB001
MB,T_LDV_LTF_BEV400,2030.0,T_D_tkm_ldv_t,le,0.04049316637257586,,,,,,,,TRPHRMB001
MB,T_LDV_LTF_BEV400,2035.0,T_D_tkm_ldv_t,le,0.04049316637257586,,,,,,,,TRPHRMB001
MB,T_LDV_LTF_BEV400,2040.0,T_D_tkm_ldv_t,le,0.04049316637257586,,,,,,,,TRPHRMB001
MB,T_LDV_LTF_BEV400,2045.0,T_D_tkm_ldv_t,le,0.04049316637257586,,,,,,,,TRPHRMB001
MB,T_LDV_LTF_CNG,2025.0,T_D_tkm_ldv_t,le,0.04049316637257586,,,,,,,,TRPHRMB001
MB,T_LDV_LTF_CNG,2030.0,T_D_tkm_ldv_t,le,0.04049316637257586,,,,,,,,TRPHRMB001
MB,T_LDV_LTF_CNG,2035.0,T_D_tkm_ldv_t,le,0.04049316637257586,,,,,,,,TRPHRMB001
MB,T_LDV_LTF_CNG,2040.0,T_D_tkm_ldv_t,le,0.04049316637257586,,,,,,,,TRPHRMB001
MB,T_LDV_LTF_CNG,2045.0,T_D_tkm_ldv_t,le,0.04049316637257586,,,,,,,,TRPHRMB001
MB,T_LDV_LTF_DSL,2025.0,T_D_tkm_ldv_t,le,0.04049316637257586,,,,,,,,TRPHRMB001
MB,T_LDV_LTF_DSL,2030.0,T_D_tkm_ldv_t,le,0.04049316637257586,,,,,,,,TRPHRMB001
MB,T_LDV_LTF_DSL,2035.0,T_D_tkm_ldv_t,le,0.04049316637257586,,,,,,,,TRPHRMB001
MB,T_LDV_LTF_DSL,2040.0,T_D_tkm_ldv_t,le,0.04049316637257586,,,,,,,,TRPHRMB001
MB,T_LDV_LTF_DSL,2045.0,T_D_tkm_ldv_t,le,0.04049316637257586,,,,,,,,TRPHRMB001
MB,T_LDV_LTF_FCEV400,2025.0,T_D_tkm_ldv_t,le,0.04049316637257586,,,,,,,,TRPHRMB001
MB,T_LDV_LTF_FCEV400,2030.0,T_D_tkm_ldv_t,le,0.04049316637257586,,,,,,,,TRPHRMB001
MB,T_LDV_LTF_FCEV400,2035.0,T_D_tkm_ldv_t,le,0.04049316637257586,,,,,,,,TRPHRMB001
MB,T_LDV_LTF_FCEV400,2040.0,T_D_tkm_ldv_t,le,0.04049316637257586,,,,,,,,TRPHRMB001
MB,T_LDV_LTF_FCEV400,2045.0,T_D_tkm_ldv_t,le,0.04049316637257586,,,,,,,,TRPHRMB001
MB,T_LDV_LTF_GSL,2025.0,T_D_tkm_ldv_t,le,0.04049316637257586,,,,,,,,TRPHRMB001
MB,T_LDV_LTF_GSL,2030.0,T_D_tkm_ldv_t,le,0.04049316637257586,,,,,,,,TRPHRMB001
MB,T_LDV_LTF_GSL,2035.0,T_D_tkm_ldv_t,le,0.04049316637257586,,,,,,,,TRPHRMB001
MB,T_LDV_LTF_GSL,2040.0,T_D_tkm_ldv_t,le,0.04049316637257586,,,,,,,,TRPHRMB001
MB,T_LDV_LTF_GSL,2045.0,T_D_tkm_ldv_t,le,0.04049316637257586,,,,,,,,TRPHRMB001
MB,T_LDV_LTF_GSL_HEV,2025.0,T_D_tkm_ldv_t,le,0.04049316637257586,,,,,,,,TRPHRMB001
MB,T_LDV_LTF_GSL_HEV,2030.0,T_D_tkm_ldv_t,le,0.04049316637257586,,,,,,,,TRPHRMB001
MB,T_LDV_LTF_GSL_HEV,2035.0,T_D_tkm_ldv_t,le,0.04049316637257586,,,,,,,,TRPHRMB001
MB,T_LDV_LTF_GSL_HEV,2040.0,T_D_tkm_ldv_t,le,0.04049316637257586,,,,,,,,TRPHRMB001
MB,T_LDV_LTF_GSL_HEV,2045.0,T_D_tkm_ldv_t,le,0.04049316637257586,,,,,,,,TRPHRMB001
MB,T_LDV_LTF_GSL_PHEV35,2025.0,T_D_tkm_ldv_t,le,0.04049316637257586,,,,,,,,TRPHRMB001
MB,T_LDV_LTF_GSL_PHEV35,2030.0,T_D_tkm_ldv_t,le,0.04049316637257586,,,,,,,,TRPHRMB001
MB,T_LDV_LTF_GSL_PHEV35,2035.0,T_D_tkm_ldv_t,le,0.04049316637257586,,,,,,,,TRPHRMB001
MB,T_LDV_LTF_GSL_PHEV35,2040.0,T_D_tkm_ldv_t,le,0.04049316637257586,,,,,,,,TRPHRMB001
MB,T_LDV_LTF_GSL_PHEV35,2045.0,T_D_tkm_ldv_t,le,0.04049316637257586,,,,,,,,TRPHRMB001
MB,T_LDV_LTF_GSL_PHEV50,2025.0,T_D_tkm_ldv_t,le,0.04049316637257586,,,,,,,,TRPHRMB001
MB,T_LDV_LTF_GSL_PHEV50,2030.0,T_D_tkm_ldv_t,le,0.04049316637257586,,,,,,,,TRPHRMB001
MB,T_LDV_LTF_GSL_PHEV50,2035.0,T_D_tkm_ldv_t,le,0.04049316637257586,,,,,,,,TRPHRMB001
MB,T_LDV_LTF_GSL_PHEV50,2040.0,T_D_tkm_ldv_t,le,0.04049316637257586,,,,,,,,TRPHRMB001
MB,T_LDV_LTF_GSL_PHEV50,2045.0,T_D_tkm_ldv_t,le,0.04049316637257586,,,,,,,,TRPHRMB001
NB,T_LDV_LTF_BEV150,2025.0,T_D_tkm_ldv_t,le,0.04049316637257586,,,,,,,,TRPHRNB001
NB,T_LDV_LTF_BEV150,2030.0,T_D_tkm_ldv_t,le,0.04049316637257586,,,,,,,,TRPHRNB001
NB,T_LDV_LTF_BEV150,2035.0,T_D_tkm_ldv_t,le,0.04049316637257586,,,,,,,,TRPHRNB001
NB,T_LDV_LTF_BEV150,2040.0,T_D_tkm_ldv_t,le,0.04049316637257586,,,,,,,,TRPHRNB001
NB,T_LDV_LTF_BEV150,2045.0,T_D_tkm_ldv_t,le,0.04049316637257586,,,,,,,,TRPHRNB001
NB,T_LDV_LTF_BEV200,2025.0,T_D_tkm_ldv_t,le,0.04049316637257586,,,,,,,,TRPHRNB001
NB,T_LDV_LTF_BEV200,2030.0,T_D_tkm_ldv_t,le,0.04049316637257586,,,,,,,,TRPHRNB001
NB,T_LDV_LTF_BEV200,2035.0,T_D_tkm_ldv_t,le,0.04049316637257586,,,,,,,,TRPHRNB001
NB,T_LDV_LTF_BEV200,2040.0,T_D_tkm_ldv_t,le,0.04049316637257586,,,,,,,,TRPHRNB001
NB,T_LDV_LTF_BEV200,2045.0,T_D_tkm_ldv_t,le,0.04049316637257586,,,,,,,,TRPHRNB001
NB,T_LDV_LTF_BEV300,2025.0,T_D_tkm_ldv_t,le,0.04049316637257586,,,,,,,,TRPHRNB001
NB,T_LDV_LTF_BEV300,2030.0,T_D_tkm_ldv_t,le,0.04049316637257586,,,,,,,,TRPHRNB001
NB,T_LDV_LTF_BEV300,2035.0,T_D_tkm_ldv_t,le,0.04049316637257586,,,,,,,,TRPHRNB001
NB,T_LDV_LTF_BEV300,2040.0,T_D_tkm_ldv_t,le,0.04049316637257586,,,,,,,,TRPHRNB001
NB,T_LDV_LTF_BEV300,2045.0,T_D_tkm_ldv_t,le,0.04049316637257586,,,,,,,,TRPHRNB001
NB,T_LDV_LTF_BEV400,2025.0,T_D_tkm_ldv_t,le,0.04049316637257586,,,,,,,,TRPHRNB001
NB,T_LDV_LTF_BEV400,2030.0,T_D_tkm_ldv_t,le,0.04049316637257586,,,,,,,,TRPHRNB001
NB,T_LDV_LTF_BEV400,2035.0,T_D_tkm_ldv_t,le,0.04049316637257586,,,,,,,,TRPHRNB001
NB,T_LDV_LTF_BEV400,2040.0,T_D_tkm_ldv_t,le,0.04049316637257586,,,,,,,,TRPHRNB001
NB,T_LDV_LTF_BEV400,2045.0,T_D_tkm_ldv_t,le,0.04049316637257586,,,,,,,,TRPHRNB001
NB,T_LDV_LTF_CNG,2025.0,T_D_tkm_ldv_t,le,0.04049316637257586,,,,,,,,TRPHRNB001
NB,T_LDV_LTF_CNG,2030.0,T_D_tkm_ldv_t,le,0.04049316637257586,,,,,,,,TRPHRNB001
NB,T_LDV_LTF_CNG,2035.0,T_D_tkm_ldv_t,le,0.04049316637257586,,,,,,,,TRPHRNB001
NB,T_LDV_LTF_CNG,2040.0,T_D_tkm_ldv_t,le,0.04049316637257586,,,,,,,,TRPHRNB001
NB,T_LDV_LTF_CNG,2045.0,T_D_tkm_ldv_t,le,0.04049316637257586,,,,,,,,TRPHRNB001
NB,T_LDV_LTF_DSL,2025.0,T_D_tkm_ldv_t,le,0.04049316637257586,,,,,,,,TRPHRNB001
NB,T_LDV_LTF_DSL,2030.0,T_D_tkm_ldv_t,le,0.04049316637257586,,,,,,,,TRPHRNB001
NB,T_LDV_LTF_DSL,2035.0,T_D_tkm_ldv_t,le,0.04049316637257586,,,,,,,,TRPHRNB001
NB,T_LDV_LTF_DSL,2040.0,T_D_tkm_ldv_t,le,0.04049316637257586,,,,,,,,TRPHRNB001
NB,T_LDV_LTF_DSL,2045.0,T_D_tkm_ldv_t,le,0.04049316637257586,,,,,,,,TRPHRNB001
NB,T_LDV_LTF_FCEV400,2025.0,T_D_tkm_ldv_t,le,0.04049316637257586,,,,,,,,TRPHRNB001
NB,T_LDV_LTF_FCEV400,2030.0,T_D_tkm_ldv_t,le,0.04049316637257586,,,,,,,,TRPHRNB001
NB,T_LDV_LTF_FCEV400,2035.0,T_D_tkm_ldv_t,le,0.04049316637257586,,,,,,,,TRPHRNB001
NB,T_LDV_LTF_FCEV400,2040.0,T_D_tkm_ldv_t,le,0.04049316637257586,,,,,,,,TRPHRNB001
NB,T_LDV_LTF_FCEV400,2045.0,T_D_tkm_ldv_t,le,0.04049316637257586,,,,,,,,TRPHRNB001
NB,T_LDV_LTF_GSL,2025.0,T_D_tkm_ldv_t,le,0.04049316637257586,,,,,,,,TRPHRNB001
NB,T_LDV_LTF_GSL,2030.0,T_D_tkm_ldv_t,le,0.04049316637257586,,,,,,,,TRPHRNB001
NB,T_LDV_LTF_GSL,2035.0,T_D_tkm_ldv_t,le,0.04049316637257586,,,,,,,,TRPHRNB001
NB,T_LDV_LTF_GSL,2040.0,T_D_tkm_ldv_t,le,0.04049316637257586,,,,,,,,TRPHRNB001
NB,T_LDV_LTF_GSL,2045.0,T_D_tkm_ldv_t,le,0.04049316637257586,,,,,,,,TRPHRNB001
NB,T_LDV_LTF_GSL_HEV,2025.0,T_D_tkm_ldv_t,le,0.04049316637257586,,,,,,,,TRPHRNB001
NB,T_LDV_LTF_GSL_HEV,2030.0,T_D_tkm_ldv_t,le,0.04049316637257586,,,,,,,,TRPHRNB001
NB,T_LDV_LTF_GSL_HEV,2035.0,T_D_tkm_ldv_t,le,0.04049316637257586,,,,,,,,TRPHRNB001
NB,T_LDV_LTF_GSL_HEV,2040.0,T_D_tkm_ldv_t,le,0.04049316637257586,,,,,,,,TRPHRNB001
NB,T_LDV_LTF_GSL_HEV,2045.0,T_D_tkm_ldv_t,le,0.04049316637257586,,,,,,,,TRPHRNB001
NB,T_LDV_LTF_GSL_PHEV35,2025.0,T_D_tkm_ldv_t,le,0.04049316637257586,,,,,,,,TRPHRNB001
NB,T_LDV_LTF_GSL_PHEV35,2030.0,T_D_tkm_ldv_t,le,0.04049316637257586,,,,,,,,TRPHRNB001
NB,T_LDV_LTF_GSL_PHEV35,2035.0,T_D_tkm_ldv_t,le,0.04049316637257586,,,,,,,,TRPHRNB001
NB,T_LDV_LTF_GSL_PHEV35,2040.0,T_D_tkm_ldv_t,le,0.04049316637257586,,,,,,,,TRPHRNB001
NB,T_LDV_LTF_GSL_PHEV35,2045.0,T_D_tkm_ldv_t,le,0.04049316637257586,,,,,,,,TRPHRNB001
NB,T_LDV_LTF_GSL_PHEV50,2025.0,T_D_tkm_ldv_t,le,0.04049316637257586,,,,,,,,TRPHRNB001
NB,T_LDV_LTF_GSL_PHEV50,2030.0,T_D_tkm_ldv_t,le,0.04049316637257586,,,,,,,,TRPHRNB001
NB,T_LDV_LTF_GSL_PHEV50,2035.0,T_D_tkm_ldv_t,le,0.04049316637257586,,,,,,,,TRPHRNB001
NB,T_LDV_LTF_GSL_PHEV50,2040.0,T_D_tkm_ldv_t,le,0.04049316637257586,,,,,,,,TRPHRNB001
NB,T_LDV_LTF_GSL_PHEV50,2045.0,T_D_tkm_ldv_t,le,0.04049316637257586,,,,,,,,TRPHRNB001
NLLAB,T_LDV_LTF_BEV150,2025.0,T_D_tkm_ldv_t,le,0.04049316637257586,,,,,,,,TRPHRNLLAB001
NLLAB,T_LDV_LTF_BEV150,2030.0,T_D_tkm_ldv_t,le,0.04049316637257586,,,,,,,,TRPHRNLLAB001
NLLAB,T_LDV_LTF_BEV150,2035.0,T_D_tkm_ldv_t,le,0.04049316637257586,,,,,,,,TRPHRNLLAB001
NLLAB,T_LDV_LTF_BEV150,2040.0,T_D_tkm_ldv_t,le,0.04049316637257586,,,,,,,,TRPHRNLLAB001
NLLAB,T_LDV_LTF_BEV150,2045.0,T_D_tkm_ldv_t,le,0.04049316637257586,,,,,,,,TRPHRNLLAB001
NLLAB,T_LDV_LTF_BEV200,2025.0,T_D_tkm_ldv_t,le,0.04049316637257586,,,,,,,,TRPHRNLLAB001
NLLAB,T_LDV_LTF_BEV200,2030.0,T_D_tkm_ldv_t,le,0.04049316637257586,,,,,,,,TRPHRNLLAB001
NLLAB,T_LDV_LTF_BEV200,2035.0,T_D_tkm_ldv_t,le,0.04049316637257586,,,,,,,,TRPHRNLLAB001
NLLAB,T_LDV_LTF_BEV200,2040.0,T_D_tkm_ldv_t,le,0.04049316637257586,,,,,,,,TRPHRNLLAB001
NLLAB,T_LDV_LTF_BEV200,2045.0,T_D_tkm_ldv_t,le,0.04049316637257586,,,,,,,,TRPHRNLLAB001
NLLAB,T_LDV_LTF_BEV300,2025.0,T_D_tkm_ldv_t,le,0.04049316637257586,,,,,,,,TRPHRNLLAB001
NLLAB,T_LDV_LTF_BEV300,2030.0,T_D_tkm_ldv_t,le,0.04049316637257586,,,,,,,,TRPHRNLLAB001
NLLAB,T_LDV_LTF_BEV300,2035.0,T_D_tkm_ldv_t,le,0.04049316637257586,,,,,,,,TRPHRNLLAB001
NLLAB,T_LDV_LTF_BEV300,2040.0,T_D_tkm_ldv_t,le,0.04049316637257586,,,,,,,,TRPHRNLLAB001
NLLAB,T_LDV_LTF_BEV300,2045.0,T_D_tkm_ldv_t,le,0.04049316637257586,,,,,,,,TRPHRNLLAB001
NLLAB,T_LDV_LTF_BEV400,2025.0,T_D_tkm_ldv_t,le,0.04049316637257586,,,,,,,,TRPHRNLLAB001
NLLAB,T_LDV_LTF_BEV400,2030.0,T_D_tkm_ldv_t,le,0.04049316637257586,,,,,,,,TRPHRNLLAB001
NLLAB,T_LDV_LTF_BEV400,2035.0,T_D_tkm_ldv_t,le,0.04049316637257586,,,,,,,,TRPHRNLLAB001
NLLAB,T_LDV_LTF_BEV400,2040.0,T_D_tkm_ldv_t,le,0.04049316637257586,,,,,,,,TRPHRNLLAB001
NLLAB,T_LDV_LTF_BEV400,2045.0,T_D_tkm_ldv_t,le,0.04049316637257586,,,,,,,,TRPHRNLLAB001
NLLAB,T_LDV_LTF_CNG,2025.0,T_D_tkm_ldv_t,le,0.04049316637257586,,,,,,,,TRPHRNLLAB001
NLLAB,T_LDV_LTF_CNG,2030.0,T_D_tkm_ldv_t,le,0.04049316637257586,,,,,,,,TRPHRNLLAB001
NLLAB,T_LDV_LTF_CNG,2035.0,T_D_tkm_ldv_t,le,0.04049316637257586,,,,,,,,TRPHRNLLAB001
NLLAB,T_LDV_LTF_CNG,2040.0,T_D_tkm_ldv_t,le,0.04049316637257586,,,,,,,,TRPHRNLLAB001
NLLAB,T_LDV_LTF_CNG,2045.0,T_D_tkm_ldv_t,le,0.04049316637257586,,,,,,,,TRPHRNLLAB001
NLLAB,T_LDV_LTF_DSL,2025.0,T_D_tkm_ldv_t,le,0.04049316637257586,,,,,,,,TRPHRNLLAB001
NLLAB,T_LDV_LTF_DSL,2030.0,T_D_tkm_ldv_t,le,0.04049316637257586,,,,,,,,TRPHRNLLAB001
NLLAB,T_LDV_LTF_DSL,2035.0,T_D_tkm_ldv_t,le,0.04049316637257586,,,,,,,,TRPHRNLLAB001
NLLAB,T_LDV_LTF_DSL,2040.0,T_D_tkm_ldv_t,le,0.04049316637257586,,,,,,,,TRPHRNLLAB001
NLLAB,T_LDV_LTF_DSL,2045.0,T_D_tkm_ldv_t,le,0.04049316637257586,,,,,,,,TRPHRNLLAB001
NLLAB,T_LDV_LTF_FCEV400,2025.0,T_D_tkm_ldv_t,le,0.04049316637257586,,,,,,,,TRPHRNLLAB001
NLLAB,T_LDV_LTF_FCEV400,2030.0,T_D_tkm_ldv_t,le,0.04049316637257586,,,,,,,,TRPHRNLLAB001
NLLAB,T_LDV_LTF_FCEV400,2035.0,T_D_tkm_ldv_t,le,0.04049316637257586,,,,,,,,TRPHRNLLAB001
NLLAB,T_LDV_LTF_FCEV400,2040.0,T_D_tkm_ldv_t,le,0.04049316637257586,,,,,,,,TRPHRNLLAB001
NLLAB,T_LDV_LTF_FCEV400,2045.0,T_D_tkm_ldv_t,le,0.04049316637257586,,,,,,,,TRPHRNLLAB001
NLLAB,T_LDV_LTF_GSL,2025.0,T_D_tkm_ldv_t,le,0.04049316637257586,,,,,,,,TRPHRNLLAB001
NLLAB,T_LDV_LTF_GSL,2030.0,T_D_tkm_ldv_t,le,0.04049316637257586,,,,,,,,TRPHRNLLAB001
NLLAB,T_LDV_LTF_GSL,2035.0,T_D_tkm_ldv_t,le,0.04049316637257586,,,,,,,,TRPHRNLLAB001
NLLAB,T_LDV_LTF_GSL,2040.0,T_D_tkm_ldv_t,le,0.04049316637257586,,,,,,,,TRPHRNLLAB001
NLLAB,T_LDV_LTF_GSL,2045.0,T_D_tkm_ldv_t,le,0.04049316637257586,,,,,,,,TRPHRNLLAB001
NLLAB,T_LDV_LTF_GSL_HEV,2025.0,T_D_tkm_ldv_t,le,0.04049316637257586,,,,,,,,TRPHRNLLAB001
NLLAB,T_LDV_LTF_GSL_HEV,2030.0,T_D_tkm_ldv_t,le,0.04049316637257586,,,,,,,,TRPHRNLLAB001
NLLAB,T_LDV_LTF_GSL_HEV,2035.0,T_D_tkm_ldv_t,le,0.04049316637257586,,,,,,,,TRPHRNLLAB001
NLLAB,T_LDV_LTF_GSL_HEV,2040.0,T_D_tkm_ldv_t,le,0.04049316637257586,,,,,,,,TRPHRNLLAB001
NLLAB,T_LDV_LTF_GSL_HEV,2045.0,T_D_tkm_ldv_t,le,0.04049316637257586,,,,,,,,TRPHRNLLAB001
NLLAB,T_LDV_LTF_GSL_PHEV35,2025.0,T_D_tkm_ldv_t,le,0.04049316637257586,,,,,,,,TRPHRNLLAB001
NLLAB,T_LDV_LTF_GSL_PHEV35,2030.0,T_D_tkm_ldv_t,le,0.04049316637257586,,,,,,,,TRPHRNLLAB001
NLLAB,T_LDV_LTF_GSL_PHEV35,2035.0,T_D_tkm_ldv_t,le,0.04049316637257586,,,,,,,,TRPHRNLLAB001
NLLAB,T_LDV_LTF_GSL_PHEV35,2040.0,T_D_tkm_ldv_t,le,0.04049316637257586,,,,,,,,TRPHRNLLAB001
NLLAB,T_LDV_LTF_GSL_PHEV35,2045.0,T_D_tkm_ldv_t,le,0.04049316637257586,,,,,,,,TRPHRNLLAB001
NLLAB,T_LDV_LTF_GSL_PHEV50,2025.0,T_D_tkm_ldv_t,le,0.04049316637257586,,,,,,,,TRPHRNLLAB001
NLLAB,T_LDV_LTF_GSL_PHEV50,2030.0,T_D_tkm_ldv_t,le,0.04049316637257586,,,,,,,,TRPHRNLLAB001
NLLAB,T_LDV_LTF_GSL_PHEV50,2035.0,T_D_tkm_ldv_t,le,0.04049316637257586,,,,,,,,TRPHRNLLAB001
NLLAB,T_LDV_LTF_GSL_PHEV50,2040.0,T_D_tkm_ldv_t,le,0.04049316637257586,,,,,,,,TRPHRNLLAB001
NLLAB,T_LDV_LTF_GSL_PHEV50,2045.0,T_D_tkm_ldv_t,le,0.04049316637257586,,,,,,,,TRPHRNLLAB001
NS,T_LDV_LTF_BEV150,2025.0,T_D_tkm_ldv_t,le,0.04049316637257586,,,,,,,,TRPHRNS001
NS,T_LDV_LTF_BEV150,2030.0,T_D_tkm_ldv_t,le,0.04049316637257586,,,,,,,,TRPHRNS001
NS,T_LDV_LTF_BEV150,2035.0,T_D_tkm_ldv_t,le,0.04049316637257586,,,,,,,,TRPHRNS001
NS,T_LDV_LTF_BEV150,2040.0,T_D_tkm_ldv_t,le,0.04049316637257586,,,,,,,,TRPHRNS001
NS,T_LDV_LTF_BEV150,2045.0,T_D_tkm_ldv_t,le,0.04049316637257586,,,,,,,,TRPHRNS001
NS,T_LDV_LTF_BEV200,2025.0,T_D_tkm_ldv_t,le,0.04049316637257586,,,,,,,,TRPHRNS001
NS,T_LDV_LTF_BEV200,2030.0,T_D_tkm_ldv_t,le,0.04049316637257586,,,,,,,,TRPHRNS001
NS,T_LDV_LTF_BEV200,2035.0,T_D_tkm_ldv_t,le,0.04049316637257586,,,,,,,,TRPHRNS001
NS,T_LDV_LTF_BEV200,2040.0,T_D_tkm_ldv_t,le,0.04049316637257586,,,,,,,,TRPHRNS001
NS,T_LDV_LTF_BEV200,2045.0,T_D_tkm_ldv_t,le,0.04049316637257586,,,,,,,,TRPHRNS001
NS,T_LDV_LTF_BEV300,2025.0,T_D_tkm_ldv_t,le,0.04049316637257586,,,,,,,,TRPHRNS001
NS,T_LDV_LTF_BEV300,2030.0,T_D_tkm_ldv_t,le,0.04049316637257586,,,,,,,,TRPHRNS001
NS,T_LDV_LTF_BEV300,2035.0,T_D_tkm_ldv_t,le,0.04049316637257586,,,,,,,,TRPHRNS001
NS,T_LDV_LTF_BEV300,2040.0,T_D_tkm_ldv_t,le,0.04049316637257586,,,,,,,,TRPHRNS001
NS,T_LDV_LTF_BEV300,2045.0,T_D_tkm_ldv_t,le,0.04049316637257586,,,,,,,,TRPHRNS001
NS,T_LDV_LTF_BEV400,2025.0,T_D_tkm_ldv_t,le,0.04049316637257586,,,,,,,,TRPHRNS001
NS,T_LDV_LTF_BEV400,2030.0,T_D_tkm_ldv_t,le,0.04049316637257586,,,,,,,,TRPHRNS001
NS,T_LDV_LTF_BEV400,2035.0,T_D_tkm_ldv_t,le,0.04049316637257586,,,,,,,,TRPHRNS001
NS,T_LDV_LTF_BEV400,2040.0,T_D_tkm_ldv_t,le,0.04049316637257586,,,,,,,,TRPHRNS001
NS,T_LDV_LTF_BEV400,2045.0,T_D_tkm_ldv_t,le,0.04049316637257586,,,,,,,,TRPHRNS001
NS,T_LDV_LTF_CNG,2025.0,T_D_tkm_ldv_t,le,0.04049316637257586,,,,,,,,TRPHRNS001
NS,T_LDV_LTF_CNG,2030.0,T_D_tkm_ldv_t,le,0.04049316637257586,,,,,,,,TRPHRNS001
NS,T_LDV_LTF_CNG,2035.0,T_D_tkm_ldv_t,le,0.04049316637257586,,,,,,,,TRPHRNS001
NS,T_LDV_LTF_CNG,2040.0,T_D_tkm_ldv_t,le,0.04049316637257586,,,,,,,,TRPHRNS001
NS,T_LDV_LTF_CNG,2045.0,T_D_tkm_ldv_t,le,0.04049316637257586,,,,,,,,TRPHRNS001
NS,T_LDV_LTF_DSL,2025.0,T_D_tkm_ldv_t,le,0.04049316637257586,,,,,,,,TRPHRNS001
NS,T_LDV_LTF_DSL,2030.0,T_D_tkm_ldv_t,le,0.04049316637257586,,,,,,,,TRPHRNS001
NS,T_LDV_LTF_DSL,2035.0,T_D_tkm_ldv_t,le,0.04049316637257586,,,,,,,,TRPHRNS001
NS,T_LDV_LTF_DSL,2040.0,T_D_tkm_ldv_t,le,0.04049316637257586,,,,,,,,TRPHRNS001
NS,T_LDV_LTF_DSL,2045.0,T_D_tkm_ldv_t,le,0.04049316637257586,,,,,,,,TRPHRNS001
NS,T_LDV_LTF_FCEV400,2025.0,T_D_tkm_ldv_t,le,0.04049316637257586,,,,,,,,TRPHRNS001
NS,T_LDV_LTF_FCEV400,2030.0,T_D_tkm_ldv_t,le,0.04049316637257586,,,,,,,,TRPHRNS001
NS,T_LDV_LTF_FCEV400,2035.0,T_D_tkm_ldv_t,le,0.04049316637257586,,,,,,,,TRPHRNS001
NS,T_LDV_LTF_FCEV400,2040.0,T_D_tkm_ldv_t,le,0.04049316637257586,,,,,,,,TRPHRNS001
NS,T_LDV_LTF_FCEV400,2045.0,T_D_tkm_ldv_t,le,0.04049316637257586,,,,,,,,TRPHRNS001
NS,T_LDV_LTF_GSL,2025.0,T_D_tkm_ldv_t,le,0.04049316637257586,,,,,,,,TRPHRNS001
NS,T_LDV_LTF_GSL,2030.0,T_D_tkm_ldv_t,le,0.04049316637257586,,,,,,,,TRPHRNS001
NS,T_LDV_LTF_GSL,2035.0,T_D_tkm_ldv_t,le,0.04049316637257586,,,,,,,,TRPHRNS001
NS,T_LDV_LTF_GSL,2040.0,T_D_tkm_ldv_t,le,0.04049316637257586,,,,,,,,TRPHRNS001
NS,T_LDV_LTF_GSL,2045.0,T_D_tkm_ldv_t,le,0.04049316637257586,,,,,,,,TRPHRNS001
NS,T_LDV_LTF_GSL_HEV,2025.0,T_D_tkm_ldv_t,le,0.04049316637257586,,,,,,,,TRPHRNS001
NS,T_LDV_LTF_GSL_HEV,2030.0,T_D_tkm_ldv_t,le,0.04049316637257586,,,,,,,,TRPHRNS001
NS,T_LDV_LTF_GSL_HEV,2035.0,T_D_tkm_ldv_t,le,0.04049316637257586,,,,,,,,TRPHRNS001
NS,T_LDV_LTF_GSL_HEV,2040.0,T_D_tkm_ldv_t,le,0.04049316637257586,,,,,,,,TRPHRNS001
NS,T_LDV_LTF_GSL_HEV,2045.0,T_D_tkm_ldv_t,le,0.04049316637257586,,,,,,,,TRPHRNS001
NS,T_LDV_LTF_GSL_PHEV35,2025.0,T_D_tkm_ldv_t,le,0.04049316637257586,,,,,,,,TRPHRNS001
NS,T_LDV_LTF_GSL_PHEV35,2030.0,T_D_tkm_ldv_t,le,0.04049316637257586,,,,,,,,TRPHRNS001
NS,T_LDV_LTF_GSL_PHEV35,2035.0,T_D_tkm_ldv_t,le,0.04049316637257586,,,,,,,,TRPHRNS001
NS,T_LDV_LTF_GSL_PHEV35,2040.0,T_D_tkm_ldv_t,le,0.04049316637257586,,,,,,,,TRPHRNS001
NS,T_LDV_LTF_GSL_PHEV35,2045.0,T_D_tkm_ldv_t,le,0.04049316637257586,,,,,,,,TRPHRNS001
NS,T_LDV_LTF_GSL_PHEV50,2025.0,T_D_tkm_ldv_t,le,0.04049316637257586,,,,,,,,TRPHRNS001
NS,T_LDV_LTF_GSL_PHEV50,2030.0,T_D_tkm_ldv_t,le,0.04049316637257586,,,,,,,,TRPHRNS001
NS,T_LDV_LTF_GSL_PHEV50,2035.0,T_D_tkm_ldv_t,le,0.04049316637257586,,,,,,,,TRPHRNS001
NS,T_LDV_LTF_GSL_PHEV50,2040.0,T_D_tkm_ldv_t,le,0.04049316637257586,,,,,,,,TRPHRNS001
NS,T_LDV_LTF_GSL_PHEV50,2045.0,T_D_tkm_ldv_t,le,0.04049316637257586,,,,,,,,TRPHRNS001
ON,T_LDV_LTF_BEV150,2025.0,T_D_tkm_ldv_t,le,0.04049316637257586,,,,,,,,TRPHRON001
ON,T_LDV_LTF_BEV150,2030.0,T_D_tkm_ldv_t,le,0.04049316637257586,,,,,,,,TRPHRON001
ON,T_LDV_LTF_BEV150,2035.0,T_D_tkm_ldv_t,le,0.04049316637257586,,,,,,,,TRPHRON001
ON,T_LDV_LTF_BEV150,2040.0,T_D_tkm_ldv_t,le,0.04049316637257586,,,,,,,,TRPHRON001
ON,T_LDV_LTF_BEV150,2045.0,T_D_tkm_ldv_t,le,0.04049316637257586,,,,,,,,TRPHRON001
ON,T_LDV_LTF_BEV200,2025.0,T_D_tkm_ldv_t,le,0.04049316637257586,,,,,,,,TRPHRON001
ON,T_LDV_LTF_BEV200,2030.0,T_D_tkm_ldv_t,le,0.04049316637257586,,,,,,,,TRPHRON001
ON,T_LDV_LTF_BEV200,2035.0,T_D_tkm_ldv_t,le,0.04049316637257586,,,,,,,,TRPHRON001
ON,T_LDV_LTF_BEV200,2040.0,T_D_tkm_ldv_t,le,0.04049316637257586,,,,,,,,TRPHRON001
ON,T_LDV_LTF_BEV200,2045.0,T_D_tkm_ldv_t,le,0.04049316637257586,,,,,,,,TRPHRON001
ON,T_LDV_LTF_BEV300,2025.0,T_D_tkm_ldv_t,le,0.04049316637257586,,,,,,,,TRPHRON001
ON,T_LDV_LTF_BEV300,2030.0,T_D_tkm_ldv_t,le,0.04049316637257586,,,,,,,,TRPHRON001
ON,T_LDV_LTF_BEV300,2035.0,T_D_tkm_ldv_t,le,0.04049316637257586,,,,,,,,TRPHRON001
ON,T_LDV_LTF_BEV300,2040.0,T_D_tkm_ldv_t,le,0.04049316637257586,,,,,,,,TRPHRON001
ON,T_LDV_LTF_BEV300,2045.0,T_D_tkm_ldv_t,le,0.04049316637257586,,,,,,,,TRPHRON001
ON,T_LDV_LTF_BEV400,2025.0,T_D_tkm_ldv_t,le,0.04049316637257586,,,,,,,,TRPHRON001
ON,T_LDV_LTF_BEV400,2030.0,T_D_tkm_ldv_t,le,0.04049316637257586,,,,,,,,TRPHRON001
ON,T_LDV_LTF_BEV400,2035.0,T_D_tkm_ldv_t,le,0.04049316637257586,,,,,,,,TRPHRON001
ON,T_LDV_LTF_BEV400,2040.0,T_D_tkm_ldv_t,le,0.04049316637257586,,,,,,,,TRPHRON001
ON,T_LDV_LTF_BEV400,2045.0,T_D_tkm_ldv_t,le,0.04049316637257586,,,,,,,,TRPHRON001
ON,T_LDV_LTF_CNG,2025.0,T_D_tkm_ldv_t,le,0.04049316637257586,,,,,,,,TRPHRON001
ON,T_LDV_LTF_CNG,2030.0,T_D_tkm_ldv_t,le,0.04049316637257586,,,,,,,,TRPHRON001
ON,T_LDV_LTF_CNG,2035.0,T_D_tkm_ldv_t,le,0.04049316637257586,,,,,,,,TRPHRON001
ON,T_LDV_LTF_CNG,2040.0,T_D_tkm_ldv_t,le,0.04049316637257586,,,,,,,,TRPHRON001
ON,T_LDV_LTF_CNG,2045.0,T_D_tkm_ldv_t,le,0.04049316637257586,,,,,,,,TRPHRON001
ON,T_LDV_LTF_DSL,2025.0,T_D_tkm_ldv_t,le,0.04049316637257586,,,,,,,,TRPHRON001
ON,T_LDV_LTF_DSL,2030.0,T_D_tkm_ldv_t,le,0.04049316637257586,,,,,,,,TRPHRON001
ON,T_LDV_LTF_DSL,2035.0,T_D_tkm_ldv_t,le,0.04049316637257586,,,,,,,,TRPHRON001
ON,T_LDV_LTF_DSL,2040.0,T_D_tkm_ldv_t,le,0.04049316637257586,,,,,,,,TRPHRON001
ON,T_LDV_LTF_DSL,2045.0,T_D_tkm_ldv_t,le,0.04049316637257586,,,,,,,,TRPHRON001
ON,T_LDV_LTF_FCEV400,2025.0,T_D_tkm_ldv_t,le,0.04049316637257586,,,,,,,,TRPHRON001
ON,T_LDV_LTF_FCEV400,2030.0,T_D_tkm_ldv_t,le,0.04049316637257586,,,,,,,,TRPHRON001
ON,T_LDV_LTF_FCEV400,2035.0,T_D_tkm_ldv_t,le,0.04049316637257586,,,,,,,,TRPHRON001
ON,T_LDV_LTF_FCEV400,2040.0,T_D_tkm_ldv_t,le,0.04049316637257586,,,,,,,,TRPHRON001
ON,T_LDV_LTF_FCEV400,2045.0,T_D_tkm_ldv_t,le,0.04049316637257586,,,,,,,,TRPHRON001
ON,T_LDV_LTF_GSL,2025.0,T_D_tkm_ldv_t,le,0.04049316637257586,,,,,,,,TRPHRON001
ON,T_LDV_LTF_GSL,2030.0,T_D_tkm_ldv_t,le,0.04049316637257586,,,,,,,,TRPHRON001
ON,T_LDV_LTF_GSL,2035.0,T_D_tkm_ldv_t,le,0.04049316637257586,,,,,,,,TRPHRON001
ON,T_LDV_LTF_GSL,2040.0,T_D_tkm_ldv_t,le,0.04049316637257586,,,,,,,,TRPHRON001
ON,T_LDV_LTF_GSL,2045.0,T_D_tkm_ldv_t,le,0.04049316637257586,,,,,,,,TRPHRON001
ON,T_LDV_LTF_GSL_HEV,2025.0,T_D_tkm_ldv_t,le,0.04049316637257586,,,,,,,,TRPHRON001
ON,T_LDV_LTF_GSL_HEV,2030.0,T_D_tkm_ldv_t,le,0.04049316637257586,,,,,,,,TRPHRON001
ON,T_LDV_LTF_GSL_HEV,2035.0,T_D_tkm_ldv_t,le,0.04049316637257586,,,,,,,,TRPHRON001
ON,T_LDV_LTF_GSL_HEV,2040.0,T_D_tkm_ldv_t,le,0.04049316637257586,,,,,,,,TRPHRON001
ON,T_LDV_LTF_GSL_HEV,2045.0,T_D_tkm_ldv_t,le,0.04049316637257586,,,,,,,,TRPHRON001
ON,T_LDV_LTF_GSL_PHEV35,2025.0,T_D_tkm_ldv_t,le,0.04049316637257586,,,,,,,,TRPHRON001
ON,T_LDV_LTF_GSL_PHEV35,2030.0,T_D_tkm_ldv_t,le,0.04049316637257586,,,,,,,,TRPHRON001
ON,T_LDV_LTF_GSL_PHEV35,2035.0,T_D_tkm_ldv_t,le,0.04049316637257586,,,,,,,,TRPHRON001
ON,T_LDV_LTF_GSL_PHEV35,2040.0,T_D_tkm_ldv_t,le,0.04049316637257586,,,,,,,,TRPHRON001
ON,T_LDV_LTF_GSL_PHEV35,2045.0,T_D_tkm_ldv_t,le,0.04049316637257586,,,,,,,,TRPHRON001
ON,T_LDV_LTF_GSL_PHEV50,2025.0,T_D_tkm_ldv_t,le,0.04049316637257586,,,,,,,,TRPHRON001
ON,T_LDV_LTF_GSL_PHEV50,2030.0,T_D_tkm_ldv_t,le,0.04049316637257586,,,,,,,,TRPHRON001
ON,T_LDV_LTF_GSL_PHEV50,2035.0,T_D_tkm_ldv_t,le,0.04049316637257586,,,,,,,,TRPHRON001
ON,T_LDV_LTF_GSL_PHEV50,2040.0,T_D_tkm_ldv_t,le,0.04049316637257586,,,,,,,,TRPHRON001
ON,T_LDV_LTF_GSL_PHEV50,2045.0,T_D_tkm_ldv_t,le,0.04049316637257586,,,,,,,,TRPHRON001
PEI,T_LDV_LTF_BEV150,2025.0,T_D_tkm_ldv_t,le,0.04049316637257586,,,,,,,,TRPHRPEI001
PEI,T_LDV_LTF_BEV150,2030.0,T_D_tkm_ldv_t,le,0.04049316637257586,,,,,,,,TRPHRPEI001
PEI,T_LDV_LTF_BEV150,2035.0,T_D_tkm_ldv_t,le,0.04049316637257586,,,,,,,,TRPHRPEI001
PEI,T_LDV_LTF_BEV150,2040.0,T_D_tkm_ldv_t,le,0.04049316637257586,,,,,,,,TRPHRPEI001
PEI,T_LDV_LTF_BEV150,2045.0,T_D_tkm_ldv_t,le,0.04049316637257586,,,,,,,,TRPHRPEI001
PEI,T_LDV_LTF_BEV200,2025.0,T_D_tkm_ldv_t,le,0.04049316637257586,,,,,,,,TRPHRPEI001
PEI,T_LDV_LTF_BEV200,2030.0,T_D_tkm_ldv_t,le,0.04049316637257586,,,,,,,,TRPHRPEI001
PEI,T_LDV_LTF_BEV200,2035.0,T_D_tkm_ldv_t,le,0.04049316637257586,,,,,,,,TRPHRPEI001
PEI,T_LDV_LTF_BEV200,2040.0,T_D_tkm_ldv_t,le,0.04049316637257586,,,,,,,,TRPHRPEI001
PEI,T_LDV_LTF_BEV200,2045.0,T_D_tkm_ldv_t,le,0.04049316637257586,,,,,,,,TRPHRPEI001
PEI,T_LDV_LTF_BEV300,2025.0,T_D_tkm_ldv_t,le,0.04049316637257586,,,,,,,,TRPHRPEI001
PEI,T_LDV_LTF_BEV300,2030.0,T_D_tkm_ldv_t,le,0.04049316637257586,,,,,,,,TRPHRPEI001
PEI,T_LDV_LTF_BEV300,2035.0,T_D_tkm_ldv_t,le,0.04049316637257586,,,,,,,,TRPHRPEI001
PEI,T_LDV_LTF_BEV300,2040.0,T_D_tkm_ldv_t,le,0.04049316637257586,,,,,,,,TRPHRPEI001
PEI,T_LDV_LTF_BEV300,2045.0,T_D_tkm_ldv_t,le,0.04049316637257586,,,,,,,,TRPHRPEI001
PEI,T_LDV_LTF_BEV400,2025.0,T_D_tkm_ldv_t,le,0.04049316637257586,,,,,,,,TRPHRPEI001
PEI,T_LDV_LTF_BEV400,2030.0,T_D_tkm_ldv_t,le,0.04049316637257586,,,,,,,,TRPHRPEI001
PEI,T_LDV_LTF_BEV400,2035.0,T_D_tkm_ldv_t,le,0.04049316637257586,,,,,,,,TRPHRPEI001
PEI,T_LDV_LTF_BEV400,2040.0,T_D_tkm_ldv_t,le,0.04049316637257586,,,,,,,,TRPHRPEI001
PEI,T_LDV_LTF_BEV400,2045.0,T_D_tkm_ldv_t,le,0.04049316637257586,,,,,,,,TRPHRPEI001
PEI,T_LDV_LTF_CNG,2025.0,T_D_tkm_ldv_t,le,0.04049316637257586,,,,,,,,TRPHRPEI001
PEI,T_LDV_LTF_CNG,2030.0,T_D_tkm_ldv_t,le,0.04049316637257586,,,,,,,,TRPHRPEI001
PEI,T_LDV_LTF_CNG,2035.0,T_D_tkm_ldv_t,le,0.04049316637257586,,,,,,,,TRPHRPEI001
PEI,T_LDV_LTF_CNG,2040.0,T_D_tkm_ldv_t,le,0.04049316637257586,,,,,,,,TRPHRPEI001
PEI,T_LDV_LTF_CNG,2045.0,T_D_tkm_ldv_t,le,0.04049316637257586,,,,,,,,TRPHRPEI001
PEI,T_LDV_LTF_DSL,2025.0,T_D_tkm_ldv_t,le,0.04049316637257586,,,,,,,,TRPHRPEI001
PEI,T_LDV_LTF_DSL,2030.0,T_D_tkm_ldv_t,le,0.04049316637257586,,,,,,,,TRPHRPEI001
PEI,T_LDV_LTF_DSL,2035.0,T_D_tkm_ldv_t,le,0.04049316637257586,,,,,,,,TRPHRPEI001
PEI,T_LDV_LTF_DSL,2040.0,T_D_tkm_ldv_t,le,0.04049316637257586,,,,,,,,TRPHRPEI001
PEI,T_LDV_LTF_DSL,2045.0,T_D_tkm_ldv_t,le,0.04049316637257586,,,,,,,,TRPHRPEI001
PEI,T_LDV_LTF_FCEV400,2025.0,T_D_tkm_ldv_t,le,0.04049316637257586,,,,,,,,TRPHRPEI001
PEI,T_LDV_LTF_FCEV400,2030.0,T_D_tkm_ldv_t,le,0.04049316637257586,,,,,,,,TRPHRPEI001
PEI,T_LDV_LTF_FCEV400,2035.0,T_D_tkm_ldv_t,le,0.04049316637257586,,,,,,,,TRPHRPEI001
PEI,T_LDV_LTF_FCEV400,2040.0,T_D_tkm_ldv_t,le,0.04049316637257586,,,,,,,,TRPHRPEI001
PEI,T_LDV_LTF_FCEV400,2045.0,T_D_tkm_ldv_t,le,0.04049316637257586,,,,,,,,TRPHRPEI001
PEI,T_LDV_LTF_GSL,2025.0,T_D_tkm_ldv_t,le,0.04049316637257586,,,,,,,,TRPHRPEI001
PEI,T_LDV_LTF_GSL,2030.0,T_D_tkm_ldv_t,le,0.04049316637257586,,,,,,,,TRPHRPEI001
PEI,T_LDV_LTF_GSL,2035.0,T_D_tkm_ldv_t,le,0.04049316637257586,,,,,,,,TRPHRPEI001
PEI,T_LDV_LTF_GSL,2040.0,T_D_tkm_ldv_t,le,0.04049316637257586,,,,,,,,TRPHRPEI001
PEI,T_LDV_LTF_GSL,2045.0,T_D_tkm_ldv_t,le,0.04049316637257586,,,,,,,,TRPHRPEI001
PEI,T_LDV_LTF_GSL_HEV,2025.0,T_D_tkm_ldv_t,le,0.04049316637257586,,,,,,,,TRPHRPEI001
PEI,T_LDV_LTF_GSL_HEV,2030.0,T_D_tkm_ldv_t,le,0.04049316637257586,,,,,,,,TRPHRPEI001
PEI,T_LDV_LTF_GSL_HEV,2035.0,T_D_tkm_ldv_t,le,0.04049316637257586,,,,,,,,TRPHRPEI001
PEI,T_LDV_LTF_GSL_HEV,2040.0,T_D_tkm_ldv_t,le,0.04049316637257586,,,,,,,,TRPHRPEI001
PEI,T_LDV_LTF_GSL_HEV,2045.0,T_D_tkm_ldv_t,le,0.04049316637257586,,,,,,,,TRPHRPEI001
PEI,T_LDV_LTF_GSL_PHEV35,2025.0,T_D_tkm_ldv_t,le,0.04049316637257586,,,,,,,,TRPHRPEI001
PEI,T_LDV_LTF_GSL_PHEV35,2030.0,T_D_tkm_ldv_t,le,0.04049316637257586,,,,,,,,TRPHRPEI001
PEI,T_LDV_LTF_GSL_PHEV35,2035.0,T_D_tkm_ldv_t,le,0.04049316637257586,,,,,,,,TRPHRPEI001
PEI,T_LDV_LTF_GSL_PHEV35,2040.0,T_D_tkm_ldv_t,le,0.04049316637257586,,,,,,,,TRPHRPEI001
PEI,T_LDV_LTF_GSL_PHEV35,2045.0,T_D_tkm_ldv_t,le,0.04049316637257586,,,,,,,,TRPHRPEI001
PEI,T_LDV_LTF_GSL_PHEV50,2025.0,T_D_tkm_ldv_t,le,0.04049316637257586,,,,,,,,TRPHRPEI001
PEI,T_LDV_LTF_GSL_PHEV50,2030.0,T_D_tkm_ldv_t,le,0.04049316637257586,,,,,,,,TRPHRPEI001
PEI,T_LDV_LTF_GSL_PHEV50,2035.0,T_D_tkm_ldv_t,le,0.04049316637257586,,,,,,,,TRPHRPEI001
PEI,T_LDV_LTF_GSL_PHEV50,2040.0,T_D_tkm_ldv_t,le,0.04049316637257586,,,,,,,,TRPHRPEI001
PEI,T_LDV_LTF_GSL_PHEV50,2045.0,T_D_tkm_ldv_t,le,0.04049316637257586,,,,,,,,TRPHRPEI001
QC,T_LDV_LTF_BEV150,2025.0,T_D_tkm_ldv_t,le,0.04049316637257586,,,,,,,,TRPHRQC001
QC,T_LDV_LTF_BEV150,2030.0,T_D_tkm_ldv_t,le,0.04049316637257586,,,,,,,,TRPHRQC001
QC,T_LDV_LTF_BEV150,2035.0,T_D_tkm_ldv_t,le,0.04049316637257586,,,,,,,,TRPHRQC001
QC,T_LDV_LTF_BEV150,2040.0,T_D_tkm_ldv_t,le,0.04049316637257586,,,,,,,,TRPHRQC001
QC,T_LDV_LTF_BEV150,2045.0,T_D_tkm_ldv_t,le,0.04049316637257586,,,,,,,,TRPHRQC001
QC,T_LDV_LTF_BEV200,2025.0,T_D_tkm_ldv_t,le,0.04049316637257586,,,,,,,,TRPHRQC001
QC,T_LDV_LTF_BEV200,2030.0,T_D_tkm_ldv_t,le,0.04049316637257586,,,,,,,,TRPHRQC001
QC,T_LDV_LTF_BEV200,2035.0,T_D_tkm_ldv_t,le,0.04049316637257586,,,,,,,,TRPHRQC001
QC,T_LDV_LTF_BEV200,2040.0,T_D_tkm_ldv_t,le,0.04049316637257586,,,,,,,,TRPHRQC001
QC,T_LDV_LTF_BEV200,2045.0,T_D_tkm_ldv_t,le,0.04049316637257586,,,,,,,,TRPHRQC001
QC,T_LDV_LTF_BEV300,2025.0,T_D_tkm_ldv_t,le,0.04049316637257586,,,,,,,,TRPHRQC001
QC,T_LDV_LTF_BEV300,2030.0,T_D_tkm_ldv_t,le,0.04049316637257586,,,,,,,,TRPHRQC001
QC,T_LDV_LTF_BEV300,2035.0,T_D_tkm_ldv_t,le,0.04049316637257586,,,,,,,,TRPHRQC001
QC,T_LDV_LTF_BEV300,2040.0,T_D_tkm_ldv_t,le,0.04049316637257586,,,,,,,,TRPHRQC001
QC,T_LDV_LTF_BEV300,2045.0,T_D_tkm_ldv_t,le,0.04049316637257586,,,,,,,,TRPHRQC001
QC,T_LDV_LTF_BEV400,2025.0,T_D_tkm_ldv_t,le,0.04049316637257586,,,,,,,,TRPHRQC001
QC,T_LDV_LTF_BEV400,2030.0,T_D_tkm_ldv_t,le,0.04049316637257586,,,,,,,,TRPHRQC001
QC,T_LDV_LTF_BEV400,2035.0,T_D_tkm_ldv_t,le,0.04049316637257586,,,,,,,,TRPHRQC001
QC,T_LDV_LTF_BEV400,2040.0,T_D_tkm_ldv_t,le,0.04049316637257586,,,,,,,,TRPHRQC001
QC,T_LDV_LTF_BEV400,2045.0,T_D_tkm_ldv_t,le,0.04049316637257586,,,,,,,,TRPHRQC001
QC,T_LDV_LTF_CNG,2025.0,T_D_tkm_ldv_t,le,0.04049316637257586,,,,,,,,TRPHRQC001
QC,T_LDV_LTF_CNG,2030.0,T_D_tkm_ldv_t,le,0.04049316637257586,,,,,,,,TRPHRQC001
QC,T_LDV_LTF_CNG,2035.0,T_D_tkm_ldv_t,le,0.04049316637257586,,,,,,,,TRPHRQC001
QC,T_LDV_LTF_CNG,2040.0,T_D_tkm_ldv_t,le,0.04049316637257586,,,,,,,,TRPHRQC001
QC,T_LDV_LTF_CNG,2045.0,T_D_tkm_ldv_t,le,0.04049316637257586,,,,,,,,TRPHRQC001
QC,T_LDV_LTF_DSL,2025.0,T_D_tkm_ldv_t,le,0.04049316637257586,,,,,,,,TRPHRQC001
QC,T_LDV_LTF_DSL,2030.0,T_D_tkm_ldv_t,le,0.04049316637257586,,,,,,,,TRPHRQC001
QC,T_LDV_LTF_DSL,2035.0,T_D_tkm_ldv_t,le,0.04049316637257586,,,,,,,,TRPHRQC001
QC,T_LDV_LTF_DSL,2040.0,T_D_tkm_ldv_t,le,0.04049316637257586,,,,,,,,TRPHRQC001
QC,T_LDV_LTF_DSL,2045.0,T_D_tkm_ldv_t,le,0.04049316637257586,,,,,,,,TRPHRQC001
QC,T_LDV_LTF_FCEV400,2025.0,T_D_tkm_ldv_t,le,0.04049316637257586,,,,,,,,TRPHRQC001
QC,T_LDV_LTF_FCEV400,2030.0,T_D_tkm_ldv_t,le,0.04049316637257586,,,,,,,,TRPHRQC001
QC,T_LDV_LTF_FCEV400,2035.0,T_D_tkm_ldv_t,le,0.04049316637257586,,,,,,,,TRPHRQC001
QC,T_LDV_LTF_FCEV400,2040.0,T_D_tkm_ldv_t,le,0.04049316637257586,,,,,,,,TRPHRQC001
QC,T_LDV_LTF_FCEV400,2045.0,T_D_tkm_ldv_t,le,0.04049316637257586,,,,,,,,TRPHRQC001
QC,T_LDV_LTF_GSL,2025.0,T_D_tkm_ldv_t,le,0.04049316637257586,,,,,,,,TRPHRQC001
QC,T_LDV_LTF_GSL,2030.0,T_D_tkm_ldv_t,le,0.04049316637257586,,,,,,,,TRPHRQC001
QC,T_LDV_LTF_GSL,2035.0,T_D_tkm_ldv_t,le,0.04049316637257586,,,,,,,,TRPHRQC001
QC,T_LDV_LTF_GSL,2040.0,T_D_tkm_ldv_t,le,0.04049316637257586,,,,,,,,TRPHRQC001
QC,T_LDV_LTF_GSL,2045.0,T_D_tkm_ldv_t,le,0.04049316637257586,,,,,,,,TRPHRQC001
QC,T_LDV_LTF_GSL_HEV,2025.0,T_D_tkm_ldv_t,le,0.04049316637257586,,,,,,,,TRPHRQC001
QC,T_LDV_LTF_GSL_HEV,2030.0,T_D_tkm_ldv_t,le,0.04049316637257586,,,,,,,,TRPHRQC001
QC,T_LDV_LTF_GSL_HEV,2035.0,T_D_tkm_ldv_t,le,0.04049316637257586,,,,,,,,TRPHRQC001
QC,T_LDV_LTF_GSL_HEV,2040.0,T_D_tkm_ldv_t,le,0.04049316637257586,,,,,,,,TRPHRQC001
QC,T_LDV_LTF_GSL_HEV,2045.0,T_D_tkm_ldv_t,le,0.04049316637257586,,,,,,,,TRPHRQC001
QC,T_LDV_LTF_GSL_PHEV35,2025.0,T_D_tkm_ldv_t,le,0.04049316637257586,,,,,,,,TRPHRQC001
QC,T_LDV_LTF_GSL_PHEV35,2030.0,T_D_tkm_ldv_t,le,0.04049316637257586,,,,,,,,TRPHRQC001
QC,T_LDV_LTF_GSL_PHEV35,2035.0,T_D_tkm_ldv_t,le,0.04049316637257586,,,,,,,,TRPHRQC001
QC,T_LDV_LTF_GSL_PHEV35,2040.0,T_D_tkm_ldv_t,le,0.04049316637257586,,,,,,,,TRPHRQC001
QC,T_LDV_LTF_GSL_PHEV35,2045.0,T_D_tkm_ldv_t,le,0.04049316637257586,,,,,,,,TRPHRQC001
QC,T_LDV_LTF_GSL_PHEV50,2025.0,T_D_tkm_ldv_t,le,0.04049316637257586,,,,,,,,TRPHRQC001
QC,T_LDV_LTF_GSL_PHEV50,2030.0,T_D_tkm_ldv_t,le,0.04049316637257586,,,,,,,,TRPHRQC001
QC,T_LDV_LTF_GSL_PHEV50,2035.0,T_D_tkm_ldv_t,le,0.04049316637257586,,,,,,,,TRPHRQC001
QC,T_LDV_LTF_GSL_PHEV50,2040.0,T_D_tkm_ldv_t,le,0.04049316637257586,,,,,,,,TRPHRQC001
QC,T_LDV_LTF_GSL_PHEV50,2045.0,T_D_tkm_ldv_t,le,0.04049316637257586,,,,,,,,TRPHRQC001
SK,T_LDV_LTF_BEV150,2025.0,T_D_tkm_ldv_t,le,0.04049316637257586,,,,,,,,TRPHRSK001
SK,T_LDV_LTF_BEV150,2030.0,T_D_tkm_ldv_t,le,0.04049316637257586,,,,,,,,TRPHRSK001
SK,T_LDV_LTF_BEV150,2035.0,T_D_tkm_ldv_t,le,0.04049316637257586,,,,,,,,TRPHRSK001
SK,T_LDV_LTF_BEV150,2040.0,T_D_tkm_ldv_t,le,0.04049316637257586,,,,,,,,TRPHRSK001
SK,T_LDV_LTF_BEV150,2045.0,T_D_tkm_ldv_t,le,0.04049316637257586,,,,,,,,TRPHRSK001
SK,T_LDV_LTF_BEV200,2025.0,T_D_tkm_ldv_t,le,0.04049316637257586,,,,,,,,TRPHRSK001
SK,T_LDV_LTF_BEV200,2030.0,T_D_tkm_ldv_t,le,0.04049316637257586,,,,,,,,TRPHRSK001
SK,T_LDV_LTF_BEV200,2035.0,T_D_tkm_ldv_t,le,0.04049316637257586,,,,,,,,TRPHRSK001
SK,T_LDV_LTF_BEV200,2040.0,T_D_tkm_ldv_t,le,0.04049316637257586,,,,,,,,TRPHRSK001
SK,T_LDV_LTF_BEV200,2045.0,T_D_tkm_ldv_t,le,0.04049316637257586,,,,,,,,TRPHRSK001
SK,T_LDV_LTF_BEV300,2025.0,T_D_tkm_ldv_t,le,0.04049316637257586,,,,,,,,TRPHRSK001
SK,T_LDV_LTF_BEV300,2030.0,T_D_tkm_ldv_t,le,0.04049316637257586,,,,,,,,TRPHRSK001
SK,T_LDV_LTF_BEV300,2035.0,T_D_tkm_ldv_t,le,0.04049316637257586,,,,,,,,TRPHRSK001
SK,T_LDV_LTF_BEV300,2040.0,T_D_tkm_ldv_t,le,0.04049316637257586,,,,,,,,TRPHRSK001
SK,T_LDV_LTF_BEV300,2045.0,T_D_tkm_ldv_t,le,0.04049316637257586,,,,,,,,TRPHRSK001
SK,T_LDV_LTF_BEV400,2025.0,T_D_tkm_ldv_t,le,0.04049316637257586,,,,,,,,TRPHRSK001
SK,T_LDV_LTF_BEV400,2030.0,T_D_tkm_ldv_t,le,0.04049316637257586,,,,,,,,TRPHRSK001
SK,T_LDV_LTF_BEV400,2035.0,T_D_tkm_ldv_t,le,0.04049316637257586,,,,,,,,TRPHRSK001
SK,T_LDV_LTF_BEV400,2040.0,T_D_tkm_ldv_t,le,0.04049316637257586,,,,,,,,TRPHRSK001
SK,T_LDV_LTF_BEV400,2045.0,T_D_tkm_ldv_t,le,0.04049316637257586,,,,,,,,TRPHRSK001
SK,T_LDV_LTF_CNG,2025.0,T_D_tkm_ldv_t,le,0.04049316637257586,,,,,,,,TRPHRSK001
SK,T_LDV_LTF_CNG,2030.0,T_D_tkm_ldv_t,le,0.04049316637257586,,,,,,,,TRPHRSK001
SK,T_LDV_LTF_CNG,2035.0,T_D_tkm_ldv_t,le,0.04049316637257586,,,,,,,,TRPHRSK001
SK,T_LDV_LTF_CNG,2040.0,T_D_tkm_ldv_t,le,0.04049316637257586,,,,,,,,TRPHRSK001
SK,T_LDV_LTF_CNG,2045.0,T_D_tkm_ldv_t,le,0.04049316637257586,,,,,,,,TRPHRSK001
SK,T_LDV_LTF_DSL,2025.0,T_D_tkm_ldv_t,le,0.04049316637257586,,,,,,,,TRPHRSK001
SK,T_LDV_LTF_DSL,2030.0,T_D_tkm_ldv_t,le,0.04049316637257586,,,,,,,,TRPHRSK001
SK,T_LDV_LTF_DSL,2035.0,T_D_tkm_ldv_t,le,0.04049316637257586,,,,,,,,TRPHRSK001
SK,T_LDV_LTF_DSL,2040.0,T_D_tkm_ldv_t,le,0.04049316637257586,,,,,,,,TRPHRSK001
SK,T_LDV_LTF_DSL,2045.0,T_D_tkm_ldv_t,le,0.04049316637257586,,,,,,,,TRPHRSK001
SK,T_LDV_LTF_FCEV400,2025.0,T_D_tkm_ldv_t,le,0.04049316637257586,,,,,,,,TRPHRSK001
SK,T_LDV_LTF_FCEV400,2030.0,T_D_tkm_ldv_t,le,0.04049316637257586,,,,,,,,TRPHRSK001
SK,T_LDV_LTF_FCEV400,2035.0,T_D_tkm_ldv_t,le,0.04049316637257586,,,,,,,,TRPHRSK001
SK,T_LDV_LTF_FCEV400,2040.0,T_D_tkm_ldv_t,le,0.04049316637257586,,,,,,,,TRPHRSK001
SK,T_LDV_LTF_FCEV400,2045.0,T_D_tkm_ldv_t,le,0.04049316637257586,,,,,,,,TRPHRSK001
SK,T_LDV_LTF_GSL,2025.0,T_D_tkm_ldv_t,le,0.04049316637257586,,,,,,,,TRPHRSK001
SK,T_LDV_LTF_GSL,2030.0,T_D_tkm_ldv_t,le,0.04049316637257586,,,,,,,,TRPHRSK001
SK,T_LDV_LTF_GSL,2035.0,T_D_tkm_ldv_t,le,0.04049316637257586,,,,,,,,TRPHRSK001
SK,T_LDV_LTF_GSL,2040.0,T_D_tkm_ldv_t,le,0.04049316637257586,,,,,,,,TRPHRSK001
SK,T_LDV_LTF_GSL,2045.0,T_D_tkm_ldv_t,le,0.04049316637257586,,,,,,,,TRPHRSK001
SK,T_LDV_LTF_GSL_HEV,2025.0,T_D_tkm_ldv_t,le,0.04049316637257586,,,,,,,,TRPHRSK001
SK,T_LDV_LTF_GSL_HEV,2030.0,T_D_tkm_ldv_t,le,0.04049316637257586,,,,,,,,TRPHRSK001
SK,T_LDV_LTF_GSL_HEV,2035.0,T_D_tkm_ldv_t,le,0.04049316637257586,,,,,,,,TRPHRSK001
SK,T_LDV_LTF_GSL_HEV,2040.0,T_D_tkm_ldv_t,le,0.04049316637257586,,,,,,,,TRPHRSK001
SK,T_LDV_LTF_GSL_HEV,2045.0,T_D_tkm_ldv_t,le,0.04049316637257586,,,,,,,,TRPHRSK001
SK,T_LDV_LTF_GSL_PHEV35,2025.0,T_D_tkm_ldv_t,le,0.04049316637257586,,,,,,,,TRPHRSK001
SK,T_LDV_LTF_GSL_PHEV35,2030.0,T_D_tkm_ldv_t,le,0.04049316637257586,,,,,,,,TRPHRSK001
SK,T_LDV_LTF_GSL_PHEV35,2035.0,T_D_tkm_ldv_t,le,0.04049316637257586,,,,,,,,TRPHRSK001
SK,T_LDV_LTF_GSL_PHEV35,2040.0,T_D_tkm_ldv_t,le,0.04049316637257586,,,,,,,,TRPHRSK001
SK,T_LDV_LTF_GSL_PHEV35,2045.0,T_D_tkm_ldv_t,le,0.04049316637257586,,,,,,,,TRPHRSK001
SK,T_LDV_LTF_GSL_PHEV50,2025.0,T_D_tkm_ldv_t,le,0.04049316637257586,,,,,,,,TRPHRSK001
SK,T_LDV_LTF_GSL_PHEV50,2030.0,T_D_tkm_ldv_t,le,0.04049316637257586,,,,,,,,TRPHRSK001
SK,T_LDV_LTF_GSL_PHEV50,2035.0,T_D_tkm_ldv_t,le,0.04049316637257586,,,,,,,,TRPHRSK001
SK,T_LDV_LTF_GSL_PHEV50,2040.0,T_D_tkm_ldv_t,le,0.04049316637257586,,,,,,,,TRPHRSK001
SK,T_LDV_LTF_GSL_PHEV50,2045.0,T_D_tkm_ldv_t,le,0.04049316637257586,,,,,,,,TRPHRSK001
AB,T_MDV_T_BEV,2025.0,T_D_tkm_mdv_t,le,0.022945305571731904,,,,,,,,TRPHRAB001
AB,T_MDV_T_BEV,2030.0,T_D_tkm_mdv_t,le,0.022945305571731904,,,,,,,,TRPHRAB001
AB,T_MDV_T_BEV,2035.0,T_D_tkm_mdv_t,le,0.022945305571731904,,,,,,,,TRPHRAB001
AB,T_MDV_T_BEV,2040.0,T_D_tkm_mdv_t,le,0.022945305571731904,,,,,,,,TRPHRAB001
AB,T_MDV_T_BEV,2045.0,T_D_tkm_mdv_t,le,0.022945305571731904,,,,,,,,TRPHRAB001
AB,T_MDV_T_DSL,2025.0,T_D_tkm_mdv_t,le,0.022945305571731904,,,,,,,,TRPHRAB001
AB,T_MDV_T_DSL,2030.0,T_D_tkm_mdv_t,le,0.022945305571731904,,,,,,,,TRPHRAB001
AB,T_MDV_T_DSL,2035.0,T_D_tkm_mdv_t,le,0.022945305571731904,,,,,,,,TRPHRAB001
AB,T_MDV_T_DSL,2040.0,T_D_tkm_mdv_t,le,0.022945305571731904,,,,,,,,TRPHRAB001
AB,T_MDV_T_DSL,2045.0,T_D_tkm_mdv_t,le,0.022945305571731904,,,,,,,,TRPHRAB001
AB,T_MDV_T_DSL_HEV,2025.0,T_D_tkm_mdv_t,le,0.022945305571731904,,,,,,,,TRPHRAB001
AB,T_MDV_T_DSL_HEV,2030.0,T_D_tkm_mdv_t,le,0.022945305571731904,,,,,,,,TRPHRAB001
AB,T_MDV_T_DSL_HEV,2035.0,T_D_tkm_mdv_t,le,0.022945305571731904,,,,,,,,TRPHRAB001
AB,T_MDV_T_DSL_HEV,2040.0,T_D_tkm_mdv_t,le,0.022945305571731904,,,,,,,,TRPHRAB001
AB,T_MDV_T_DSL_HEV,2045.0,T_D_tkm_mdv_t,le,0.022945305571731904,,,,,,,,TRPHRAB001
AB,T_MDV_T_DSL_PHEV,2025.0,T_D_tkm_mdv_t,le,0.022945305571731904,,,,,,,,TRPHRAB001
AB,T_MDV_T_DSL_PHEV,2030.0,T_D_tkm_mdv_t,le,0.022945305571731904,,,,,,,,TRPHRAB001
AB,T_MDV_T_DSL_PHEV,2035.0,T_D_tkm_mdv_t,le,0.022945305571731904,,,,,,,,TRPHRAB001
AB,T_MDV_T_DSL_PHEV,2040.0,T_D_tkm_mdv_t,le,0.022945305571731904,,,,,,,,TRPHRAB001
AB,T_MDV_T_DSL_PHEV,2045.0,T_D_tkm_mdv_t,le,0.022945305571731904,,,,,,,,TRPHRAB001
AB,T_MDV_T_FCEV,2025.0,T_D_tkm_mdv_t,le,0.022945305571731904,,,,,,,,TRPHRAB001
AB,T_MDV_T_FCEV,2030.0,T_D_tkm_mdv_t,le,0.022945305571731904,,,,,,,,TRPHRAB001
AB,T_MDV_T_FCEV,2035.0,T_D_tkm_mdv_t,le,0.022945305571731904,,,,,,,,TRPHRAB001
AB,T_MDV_T_FCEV,2040.0,T_D_tkm_mdv_t,le,0.022945305571731904,,,,,,,,TRPHRAB001
AB,T_MDV_T_FCEV,2045.0,T_D_tkm_mdv_t,le,0.022945305571731904,,,,,,,,TRPHRAB001
AB,T_MDV_T_FCHEV,2025.0,T_D_tkm_mdv_t,le,0.022945305571731904,,,,,,,,TRPHRAB001
AB,T_MDV_T_FCHEV,2030.0,T_D_tkm_mdv_t,le,0.022945305571731904,,,,,,,,TRPHRAB001
AB,T_MDV_T_FCHEV,2035.0,T_D_tkm_mdv_t,le,0.022945305571731904,,,,,,,,TRPHRAB001
AB,T_MDV_T_FCHEV,2040.0,T_D_tkm_mdv_t,le,0.022945305571731904,,,,,,,,TRPHRAB001
AB,T_MDV_T_FCHEV,2045.0,T_D_tkm_mdv_t,le,0.022945305571731904,,,,,,,,TRPHRAB001
AB,T_MDV_T_GSL,2025.0,T_D_tkm_mdv_t,le,0.022945305571731904,,,,,,,,TRPHRAB001
AB,T_MDV_T_GSL,2030.0,T_D_tkm_mdv_t,le,0.022945305571731904,,,,,,,,TRPHRAB001
AB,T_MDV_T_GSL,2035.0,T_D_tkm_mdv_t,le,0.022945305571731904,,,,,,,,TRPHRAB001
AB,T_MDV_T_GSL,2040.0,T_D_tkm_mdv_t,le,0.022945305571731904,,,,,,,,TRPHRAB001
AB,T_MDV_T_GSL,2045.0,T_D_tkm_mdv_t,le,0.022945305571731904,,,,,,,,TRPHRAB001
BC,T_MDV_T_BEV,2025.0,T_D_tkm_mdv_t,le,0.022945305571731904,,,,,,,,TRPHRBC001
BC,T_MDV_T_BEV,2030.0,T_D_tkm_mdv_t,le,0.022945305571731904,,,,,,,,TRPHRBC001
BC,T_MDV_T_BEV,2035.0,T_D_tkm_mdv_t,le,0.022945305571731904,,,,,,,,TRPHRBC001
BC,T_MDV_T_BEV,2040.0,T_D_tkm_mdv_t,le,0.022945305571731904,,,,,,,,TRPHRBC001
BC,T_MDV_T_BEV,2045.0,T_D_tkm_mdv_t,le,0.022945305571731904,,,,,,,,TRPHRBC001
BC,T_MDV_T_DSL,2025.0,T_D_tkm_mdv_t,le,0.022945305571731904,,,,,,,,TRPHRBC001
BC,T_MDV_T_DSL,2030.0,T_D_tkm_mdv_t,le,0.022945305571731904,,,,,,,,TRPHRBC001
BC,T_MDV_T_DSL,2035.0,T_D_tkm_mdv_t,le,0.022945305571731904,,,,,,,,TRPHRBC001
BC,T_MDV_T_DSL,2040.0,T_D_tkm_mdv_t,le,0.022945305571731904,,,,,,,,TRPHRBC001
BC,T_MDV_T_DSL,2045.0,T_D_tkm_mdv_t,le,0.022945305571731904,,,,,,,,TRPHRBC001
BC,T_MDV_T_DSL_HEV,2025.0,T_D_tkm_mdv_t,le,0.022945305571731904,,,,,,,,TRPHRBC001
BC,T_MDV_T_DSL_HEV,2030.0,T_D_tkm_mdv_t,le,0.022945305571731904,,,,,,,,TRPHRBC001
BC,T_MDV_T_DSL_HEV,2035.0,T_D_tkm_mdv_t,le,0.022945305571731904,,,,,,,,TRPHRBC001
BC,T_MDV_T_DSL_HEV,2040.0,T_D_tkm_mdv_t,le,0.022945305571731904,,,,,,,,TRPHRBC001
BC,T_MDV_T_DSL_HEV,2045.0,T_D_tkm_mdv_t,le,0.022945305571731904,,,,,,,,TRPHRBC001
BC,T_MDV_T_DSL_PHEV,2025.0,T_D_tkm_mdv_t,le,0.022945305571731904,,,,,,,,TRPHRBC001
BC,T_MDV_T_DSL_PHEV,2030.0,T_D_tkm_mdv_t,le,0.022945305571731904,,,,,,,,TRPHRBC001
BC,T_MDV_T_DSL_PHEV,2035.0,T_D_tkm_mdv_t,le,0.022945305571731904,,,,,,,,TRPHRBC001
BC,T_MDV_T_DSL_PHEV,2040.0,T_D_tkm_mdv_t,le,0.022945305571731904,,,,,,,,TRPHRBC001
BC,T_MDV_T_DSL_PHEV,2045.0,T_D_tkm_mdv_t,le,0.022945305571731904,,,,,,,,TRPHRBC001
BC,T_MDV_T_FCEV,2025.0,T_D_tkm_mdv_t,le,0.022945305571731904,,,,,,,,TRPHRBC001
BC,T_MDV_T_FCEV,2030.0,T_D_tkm_mdv_t,le,0.022945305571731904,,,,,,,,TRPHRBC001
BC,T_MDV_T_FCEV,2035.0,T_D_tkm_mdv_t,le,0.022945305571731904,,,,,,,,TRPHRBC001
BC,T_MDV_T_FCEV,2040.0,T_D_tkm_mdv_t,le,0.022945305571731904,,,,,,,,TRPHRBC001
BC,T_MDV_T_FCEV,2045.0,T_D_tkm_mdv_t,le,0.022945305571731904,,,,,,,,TRPHRBC001
BC,T_MDV_T_FCHEV,2025.0,T_D_tkm_mdv_t,le,0.022945305571731904,,,,,,,,TRPHRBC001
BC,T_MDV_T_FCHEV,2030.0,T_D_tkm_mdv_t,le,0.022945305571731904,,,,,,,,TRPHRBC001
BC,T_MDV_T_FCHEV,2035.0,T_D_tkm_mdv_t,le,0.022945305571731904,,,,,,,,TRPHRBC001
BC,T_MDV_T_FCHEV,2040.0,T_D_tkm_mdv_t,le,0.022945305571731904,,,,,,,,TRPHRBC001
BC,T_MDV_T_FCHEV,2045.0,T_D_tkm_mdv_t,le,0.022945305571731904,,,,,,,,TRPHRBC001
BC,T_MDV_T_GSL,2025.0,T_D_tkm_mdv_t,le,0.022945305571731904,,,,,,,,TRPHRBC001
BC,T_MDV_T_GSL,2030.0,T_D_tkm_mdv_t,le,0.022945305571731904,,,,,,,,TRPHRBC001
BC,T_MDV_T_GSL,2035.0,T_D_tkm_mdv_t,le,0.022945305571731904,,,,,,,,TRPHRBC001
BC,T_MDV_T_GSL,2040.0,T_D_tkm_mdv_t,le,0.022945305571731904,,,,,,,,TRPHRBC001
BC,T_MDV_T_GSL,2045.0,T_D_tkm_mdv_t,le,0.022945305571731904,,,,,,,,TRPHRBC001
MB,T_MDV_T_BEV,2025.0,T_D_tkm_mdv_t,le,0.022945305571731904,,,,,,,,TRPHRMB001
MB,T_MDV_T_BEV,2030.0,T_D_tkm_mdv_t,le,0.022945305571731904,,,,,,,,TRPHRMB001
MB,T_MDV_T_BEV,2035.0,T_D_tkm_mdv_t,le,0.022945305571731904,,,,,,,,TRPHRMB001
MB,T_MDV_T_BEV,2040.0,T_D_tkm_mdv_t,le,0.022945305571731904,,,,,,,,TRPHRMB001
MB,T_MDV_T_BEV,2045.0,T_D_tkm_mdv_t,le,0.022945305571731904,,,,,,,,TRPHRMB001
MB,T_MDV_T_DSL,2025.0,T_D_tkm_mdv_t,le,0.022945305571731904,,,,,,,,TRPHRMB001
MB,T_MDV_T_DSL,2030.0,T_D_tkm_mdv_t,le,0.022945305571731904,,,,,,,,TRPHRMB001
MB,T_MDV_T_DSL,2035.0,T_D_tkm_mdv_t,le,0.022945305571731904,,,,,,,,TRPHRMB001
MB,T_MDV_T_DSL,2040.0,T_D_tkm_mdv_t,le,0.022945305571731904,,,,,,,,TRPHRMB001
MB,T_MDV_T_DSL,2045.0,T_D_tkm_mdv_t,le,0.022945305571731904,,,,,,,,TRPHRMB001
MB,T_MDV_T_DSL_HEV,2025.0,T_D_tkm_mdv_t,le,0.022945305571731904,,,,,,,,TRPHRMB001
MB,T_MDV_T_DSL_HEV,2030.0,T_D_tkm_mdv_t,le,0.022945305571731904,,,,,,,,TRPHRMB001
MB,T_MDV_T_DSL_HEV,2035.0,T_D_tkm_mdv_t,le,0.022945305571731904,,,,,,,,TRPHRMB001
MB,T_MDV_T_DSL_HEV,2040.0,T_D_tkm_mdv_t,le,0.022945305571731904,,,,,,,,TRPHRMB001
MB,T_MDV_T_DSL_HEV,2045.0,T_D_tkm_mdv_t,le,0.022945305571731904,,,,,,,,TRPHRMB001
MB,T_MDV_T_DSL_PHEV,2025.0,T_D_tkm_mdv_t,le,0.022945305571731904,,,,,,,,TRPHRMB001
MB,T_MDV_T_DSL_PHEV,2030.0,T_D_tkm_mdv_t,le,0.022945305571731904,,,,,,,,TRPHRMB001
MB,T_MDV_T_DSL_PHEV,2035.0,T_D_tkm_mdv_t,le,0.022945305571731904,,,,,,,,TRPHRMB001
MB,T_MDV_T_DSL_PHEV,2040.0,T_D_tkm_mdv_t,le,0.022945305571731904,,,,,,,,TRPHRMB001
MB,T_MDV_T_DSL_PHEV,2045.0,T_D_tkm_mdv_t,le,0.022945305571731904,,,,,,,,TRPHRMB001
MB,T_MDV_T_FCEV,2025.0,T_D_tkm_mdv_t,le,0.022945305571731904,,,,,,,,TRPHRMB001
MB,T_MDV_T_FCEV,2030.0,T_D_tkm_mdv_t,le,0.022945305571731904,,,,,,,,TRPHRMB001
MB,T_MDV_T_FCEV,2035.0,T_D_tkm_mdv_t,le,0.022945305571731904,,,,,,,,TRPHRMB001
MB,T_MDV_T_FCEV,2040.0,T_D_tkm_mdv_t,le,0.022945305571731904,,,,,,,,TRPHRMB001
MB,T_MDV_T_FCEV,2045.0,T_D_tkm_mdv_t,le,0.022945305571731904,,,,,,,,TRPHRMB001
MB,T_MDV_T_FCHEV,2025.0,T_D_tkm_mdv_t,le,0.022945305571731904,,,,,,,,TRPHRMB001
MB,T_MDV_T_FCHEV,2030.0,T_D_tkm_mdv_t,le,0.022945305571731904,,,,,,,,TRPHRMB001
MB,T_MDV_T_FCHEV,2035.0,T_D_tkm_mdv_t,le,0.022945305571731904,,,,,,,,TRPHRMB001
MB,T_MDV_T_FCHEV,2040.0,T_D_tkm_mdv_t,le,0.022945305571731904,,,,,,,,TRPHRMB001
MB,T_MDV_T_FCHEV,2045.0,T_D_tkm_mdv_t,le,0.022945305571731904,,,,,,,,TRPHRMB001
MB,T_MDV_T_GSL,2025.0,T_D_tkm_mdv_t,le,0.022945305571731904,,,,,,,,TRPHRMB001
MB,T_MDV_T_GSL,2030.0,T_D_tkm_mdv_t,le,0.022945305571731904,,,,,,,,TRPHRMB001
MB,T_MDV_T_GSL,2035.0,T_D_tkm_mdv_t,le,0.022945305571731904,,,,,,,,TRPHRMB001
MB,T_MDV_T_GSL,2040.0,T_D_tkm_mdv_t,le,0.022945305571731904,,,,,,,,TRPHRMB001
MB,T_MDV_T_GSL,2045.0,T_D_tkm_mdv_t,le,0.022945305571731904,,,,,,,,TRPHRMB001
NB,T_MDV_T_BEV,2025.0,T_D_tkm_mdv_t,le,0.022945305571731904,,,,,,,,TRPHRNB001
NB,T_MDV_T_BEV,2030.0,T_D_tkm_mdv_t,le,0.022945305571731904,,,,,,,,TRPHRNB001
NB,T_MDV_T_BEV,2035.0,T_D_tkm_mdv_t,le,0.022945305571731904,,,,,,,,TRPHRNB001
NB,T_MDV_T_BEV,2040.0,T_D_tkm_mdv_t,le,0.022945305571731904,,,,,,,,TRPHRNB001
NB,T_MDV_T_BEV,2045.0,T_D_tkm_mdv_t,le,0.022945305571731904,,,,,,,,TRPHRNB001
NB,T_MDV_T_DSL,2025.0,T_D_tkm_mdv_t,le,0.022945305571731904,,,,,,,,TRPHRNB001
NB,T_MDV_T_DSL,2030.0,T_D_tkm_mdv_t,le,0.022945305571731904,,,,,,,,TRPHRNB001
NB,T_MDV_T_DSL,2035.0,T_D_tkm_mdv_t,le,0.022945305571731904,,,,,,,,TRPHRNB001
NB,T_MDV_T_DSL,2040.0,T_D_tkm_mdv_t,le,0.022945305571731904,,,,,,,,TRPHRNB001
NB,T_MDV_T_DSL,2045.0,T_D_tkm_mdv_t,le,0.022945305571731904,,,,,,,,TRPHRNB001
NB,T_MDV_T_DSL_HEV,2025.0,T_D_tkm_mdv_t,le,0.022945305571731904,,,,,,,,TRPHRNB001
NB,T_MDV_T_DSL_HEV,2030.0,T_D_tkm_mdv_t,le,0.022945305571731904,,,,,,,,TRPHRNB001
NB,T_MDV_T_DSL_HEV,2035.0,T_D_tkm_mdv_t,le,0.022945305571731904,,,,,,,,TRPHRNB001
NB,T_MDV_T_DSL_HEV,2040.0,T_D_tkm_mdv_t,le,0.022945305571731904,,,,,,,,TRPHRNB001
NB,T_MDV_T_DSL_HEV,2045.0,T_D_tkm_mdv_t,le,0.022945305571731904,,,,,,,,TRPHRNB001
NB,T_MDV_T_DSL_PHEV,2025.0,T_D_tkm_mdv_t,le,0.022945305571731904,,,,,,,,TRPHRNB001
NB,T_MDV_T_DSL_PHEV,2030.0,T_D_tkm_mdv_t,le,0.022945305571731904,,,,,,,,TRPHRNB001
NB,T_MDV_T_DSL_PHEV,2035.0,T_D_tkm_mdv_t,le,0.022945305571731904,,,,,,,,TRPHRNB001
NB,T_MDV_T_DSL_PHEV,2040.0,T_D_tkm_mdv_t,le,0.022945305571731904,,,,,,,,TRPHRNB001
NB,T_MDV_T_DSL_PHEV,2045.0,T_D_tkm_mdv_t,le,0.022945305571731904,,,,,,,,TRPHRNB001
NB,T_MDV_T_FCEV,2025.0,T_D_tkm_mdv_t,le,0.022945305571731904,,,,,,,,TRPHRNB001
NB,T_MDV_T_FCEV,2030.0,T_D_tkm_mdv_t,le,0.022945305571731904,,,,,,,,TRPHRNB001
NB,T_MDV_T_FCEV,2035.0,T_D_tkm_mdv_t,le,0.022945305571731904,,,,,,,,TRPHRNB001
NB,T_MDV_T_FCEV,2040.0,T_D_tkm_mdv_t,le,0.022945305571731904,,,,,,,,TRPHRNB001
NB,T_MDV_T_FCEV,2045.0,T_D_tkm_mdv_t,le,0.022945305571731904,,,,,,,,TRPHRNB001
NB,T_MDV_T_FCHEV,2025.0,T_D_tkm_mdv_t,le,0.022945305571731904,,,,,,,,TRPHRNB001
NB,T_MDV_T_FCHEV,2030.0,T_D_tkm_mdv_t,le,0.022945305571731904,,,,,,,,TRPHRNB001
NB,T_MDV_T_FCHEV,2035.0,T_D_tkm_mdv_t,le,0.022945305571731904,,,,,,,,TRPHRNB001
NB,T_MDV_T_FCHEV,2040.0,T_D_tkm_mdv_t,le,0.022945305571731904,,,,,,,,TRPHRNB001
NB,T_MDV_T_FCHEV,2045.0,T_D_tkm_mdv_t,le,0.022945305571731904,,,,,,,,TRPHRNB001
NB,T_MDV_T_GSL,2025.0,T_D_tkm_mdv_t,le,0.022945305571731904,,,,,,,,TRPHRNB001
NB,T_MDV_T_GSL,2030.0,T_D_tkm_mdv_t,le,0.022945305571731904,,,,,,,,TRPHRNB001
NB,T_MDV_T_GSL,2035.0,T_D_tkm_mdv_t,le,0.022945305571731904,,,,,,,,TRPHRNB001
NB,T_MDV_T_GSL,2040.0,T_D_tkm_mdv_t,le,0.022945305571731904,,,,,,,,TRPHRNB001
NB,T_MDV_T_GSL,2045.0,T_D_tkm_mdv_t,le,0.022945305571731904,,,,,,,,TRPHRNB001
NLLAB,T_MDV_T_BEV,2025.0,T_D_tkm_mdv_t,le,0.022945305571731904,,,,,,,,TRPHRNLLAB001
NLLAB,T_MDV_T_BEV,2030.0,T_D_tkm_mdv_t,le,0.022945305571731904,,,,,,,,TRPHRNLLAB001
NLLAB,T_MDV_T_BEV,2035.0,T_D_tkm_mdv_t,le,0.022945305571731904,,,,,,,,TRPHRNLLAB001
NLLAB,T_MDV_T_BEV,2040.0,T_D_tkm_mdv_t,le,0.022945305571731904,,,,,,,,TRPHRNLLAB001
NLLAB,T_MDV_T_BEV,2045.0,T_D_tkm_mdv_t,le,0.022945305571731904,,,,,,,,TRPHRNLLAB001
NLLAB,T_MDV_T_DSL,2025.0,T_D_tkm_mdv_t,le,0.022945305571731904,,,,,,,,TRPHRNLLAB001
NLLAB,T_MDV_T_DSL,2030.0,T_D_tkm_mdv_t,le,0.022945305571731904,,,,,,,,TRPHRNLLAB001
NLLAB,T_MDV_T_DSL,2035.0,T_D_tkm_mdv_t,le,0.022945305571731904,,,,,,,,TRPHRNLLAB001
NLLAB,T_MDV_T_DSL,2040.0,T_D_tkm_mdv_t,le,0.022945305571731904,,,,,,,,TRPHRNLLAB001
NLLAB,T_MDV_T_DSL,2045.0,T_D_tkm_mdv_t,le,0.022945305571731904,,,,,,,,TRPHRNLLAB001
NLLAB,T_MDV_T_DSL_HEV,2025.0,T_D_tkm_mdv_t,le,0.022945305571731904,,,,,,,,TRPHRNLLAB001
NLLAB,T_MDV_T_DSL_HEV,2030.0,T_D_tkm_mdv_t,le,0.022945305571731904,,,,,,,,TRPHRNLLAB001
NLLAB,T_MDV_T_DSL_HEV,2035.0,T_D_tkm_mdv_t,le,0.022945305571731904,,,,,,,,TRPHRNLLAB001
NLLAB,T_MDV_T_DSL_HEV,2040.0,T_D_tkm_mdv_t,le,0.022945305571731904,,,,,,,,TRPHRNLLAB001
NLLAB,T_MDV_T_DSL_HEV,2045.0,T_D_tkm_mdv_t,le,0.022945305571731904,,,,,,,,TRPHRNLLAB001
NLLAB,T_MDV_T_DSL_PHEV,2025.0,T_D_tkm_mdv_t,le,0.022945305571731904,,,,,,,,TRPHRNLLAB001
NLLAB,T_MDV_T_DSL_PHEV,2030.0,T_D_tkm_mdv_t,le,0.022945305571731904,,,,,,,,TRPHRNLLAB001
NLLAB,T_MDV_T_DSL_PHEV,2035.0,T_D_tkm_mdv_t,le,0.022945305571731904,,,,,,,,TRPHRNLLAB001
NLLAB,T_MDV_T_DSL_PHEV,2040.0,T_D_tkm_mdv_t,le,0.022945305571731904,,,,,,,,TRPHRNLLAB001
NLLAB,T_MDV_T_DSL_PHEV,2045.0,T_D_tkm_mdv_t,le,0.022945305571731904,,,,,,,,TRPHRNLLAB001
NLLAB,T_MDV_T_FCEV,2025.0,T_D_tkm_mdv_t,le,0.022945305571731904,,,,,,,,TRPHRNLLAB001
NLLAB,T_MDV_T_FCEV,2030.0,T_D_tkm_mdv_t,le,0.022945305571731904,,,,,,,,TRPHRNLLAB001
NLLAB,T_MDV_T_FCEV,2035.0,T_D_tkm_mdv_t,le,0.022945305571731904,,,,,,,,TRPHRNLLAB001
NLLAB,T_MDV_T_FCEV,2040.0,T_D_tkm_mdv_t,le,0.022945305571731904,,,,,,,,TRPHRNLLAB001
NLLAB,T_MDV_T_FCEV,2045.0,T_D_tkm_mdv_t,le,0.022945305571731904,,,,,,,,TRPHRNLLAB001
NLLAB,T_MDV_T_FCHEV,2025.0,T_D_tkm_mdv_t,le,0.022945305571731904,,,,,,,,TRPHRNLLAB001
NLLAB,T_MDV_T_FCHEV,2030.0,T_D_tkm_mdv_t,le,0.022945305571731904,,,,,,,,TRPHRNLLAB001
NLLAB,T_MDV_T_FCHEV,2035.0,T_D_tkm_mdv_t,le,0.022945305571731904,,,,,,,,TRPHRNLLAB001
NLLAB,T_MDV_T_FCHEV,2040.0,T_D_tkm_mdv_t,le,0.022945305571731904,,,,,,,,TRPHRNLLAB001
NLLAB,T_MDV_T_FCHEV,2045.0,T_D_tkm_mdv_t,le,0.022945305571731904,,,,,,,,TRPHRNLLAB001
NLLAB,T_MDV_T_GSL,2025.0,T_D_tkm_mdv_t,le,0.022945305571731904,,,,,,,,TRPHRNLLAB001
NLLAB,T_MDV_T_GSL,2030.0,T_D_tkm_mdv_t,le,0.022945305571731904,,,,,,,,TRPHRNLLAB001
NLLAB,T_MDV_T_GSL,2035.0,T_D_tkm_mdv_t,le,0.022945305571731904,,,,,,,,TRPHRNLLAB001
NLLAB,T_MDV_T_GSL,2040.0,T_D_tkm_mdv_t,le,0.022945305571731904,,,,,,,,TRPHRNLLAB001
NLLAB,T_MDV_T_GSL,2045.0,T_D_tkm_mdv_t,le,0.022945305571731904,,,,,,,,TRPHRNLLAB001
NS,T_MDV_T_BEV,2025.0,T_D_tkm_mdv_t,le,0.022945305571731904,,,,,,,,TRPHRNS001
NS,T_MDV_T_BEV,2030.0,T_D_tkm_mdv_t,le,0.022945305571731904,,,,,,,,TRPHRNS001
NS,T_MDV_T_BEV,2035.0,T_D_tkm_mdv_t,le,0.022945305571731904,,,,,,,,TRPHRNS001
NS,T_MDV_T_BEV,2040.0,T_D_tkm_mdv_t,le,0.022945305571731904,,,,,,,,TRPHRNS001
NS,T_MDV_T_BEV,2045.0,T_D_tkm_mdv_t,le,0.022945305571731904,,,,,,,,TRPHRNS001
NS,T_MDV_T_DSL,2025.0,T_D_tkm_mdv_t,le,0.022945305571731904,,,,,,,,TRPHRNS001
NS,T_MDV_T_DSL,2030.0,T_D_tkm_mdv_t,le,0.022945305571731904,,,,,,,,TRPHRNS001
NS,T_MDV_T_DSL,2035.0,T_D_tkm_mdv_t,le,0.022945305571731904,,,,,,,,TRPHRNS001
NS,T_MDV_T_DSL,2040.0,T_D_tkm_mdv_t,le,0.022945305571731904,,,,,,,,TRPHRNS001
NS,T_MDV_T_DSL,2045.0,T_D_tkm_mdv_t,le,0.022945305571731904,,,,,,,,TRPHRNS001
NS,T_MDV_T_DSL_HEV,2025.0,T_D_tkm_mdv_t,le,0.022945305571731904,,,,,,,,TRPHRNS001
NS,T_MDV_T_DSL_HEV,2030.0,T_D_tkm_mdv_t,le,0.022945305571731904,,,,,,,,TRPHRNS001
NS,T_MDV_T_DSL_HEV,2035.0,T_D_tkm_mdv_t,le,0.022945305571731904,,,,,,,,TRPHRNS001
NS,T_MDV_T_DSL_HEV,2040.0,T_D_tkm_mdv_t,le,0.022945305571731904,,,,,,,,TRPHRNS001
NS,T_MDV_T_DSL_HEV,2045.0,T_D_tkm_mdv_t,le,0.022945305571731904,,,,,,,,TRPHRNS001
NS,T_MDV_T_DSL_PHEV,2025.0,T_D_tkm_mdv_t,le,0.022945305571731904,,,,,,,,TRPHRNS001
NS,T_MDV_T_DSL_PHEV,2030.0,T_D_tkm_mdv_t,le,0.022945305571731904,,,,,,,,TRPHRNS001
NS,T_MDV_T_DSL_PHEV,2035.0,T_D_tkm_mdv_t,le,0.022945305571731904,,,,,,,,TRPHRNS001
NS,T_MDV_T_DSL_PHEV,2040.0,T_D_tkm_mdv_t,le,0.022945305571731904,,,,,,,,TRPHRNS001
NS,T_MDV_T_DSL_PHEV,2045.0,T_D_tkm_mdv_t,le,0.022945305571731904,,,,,,,,TRPHRNS001
NS,T_MDV_T_FCEV,2025.0,T_D_tkm_mdv_t,le,0.022945305571731904,,,,,,,,TRPHRNS001
NS,T_MDV_T_FCEV,2030.0,T_D_tkm_mdv_t,le,0.022945305571731904,,,,,,,,TRPHRNS001
NS,T_MDV_T_FCEV,2035.0,T_D_tkm_mdv_t,le,0.022945305571731904,,,,,,,,TRPHRNS001
NS,T_MDV_T_FCEV,2040.0,T_D_tkm_mdv_t,le,0.022945305571731904,,,,,,,,TRPHRNS001
NS,T_MDV_T_FCEV,2045.0,T_D_tkm_mdv_t,le,0.022945305571731904,,,,,,,,TRPHRNS001
NS,T_MDV_T_FCHEV,2025.0,T_D_tkm_mdv_t,le,0.022945305571731904,,,,,,,,TRPHRNS001
NS,T_MDV_T_FCHEV,2030.0,T_D_tkm_mdv_t,le,0.022945305571731904,,,,,,,,TRPHRNS001
NS,T_MDV_T_FCHEV,2035.0,T_D_tkm_mdv_t,le,0.022945305571731904,,,,,,,,TRPHRNS001
NS,T_MDV_T_FCHEV,2040.0,T_D_tkm_mdv_t,le,0.022945305571731904,,,,,,,,TRPHRNS001
NS,T_MDV_T_FCHEV,2045.0,T_D_tkm_mdv_t,le,0.022945305571731904,,,,,,,,TRPHRNS001
NS,T_MDV_T_GSL,2025.0,T_D_tkm_mdv_t,le,0.022945305571731904,,,,,,,,TRPHRNS001
NS,T_MDV_T_GSL,2030.0,T_D_tkm_mdv_t,le,0.022945305571731904,,,,,,,,TRPHRNS001
NS,T_MDV_T_GSL,2035.0,T_D_tkm_mdv_t,le,0.022945305571731904,,,,,,,,TRPHRNS001
NS,T_MDV_T_GSL,2040.0,T_D_tkm_mdv_t,le,0.022945305571731904,,,,,,,,TRPHRNS001
NS,T_MDV_T_GSL,2045.0,T_D_tkm_mdv_t,le,0.022945305571731904,,,,,,,,TRPHRNS001
ON,T_MDV_T_BEV,2025.0,T_D_tkm_mdv_t,le,0.022945305571731904,,,,,,,,TRPHRON001
ON,T_MDV_T_BEV,2030.0,T_D_tkm_mdv_t,le,0.022945305571731904,,,,,,,,TRPHRON001
ON,T_MDV_T_BEV,2035.0,T_D_tkm_mdv_t,le,0.022945305571731904,,,,,,,,TRPHRON001
ON,T_MDV_T_BEV,2040.0,T_D_tkm_mdv_t,le,0.022945305571731904,,,,,,,,TRPHRON001
ON,T_MDV_T_BEV,2045.0,T_D_tkm_mdv_t,le,0.022945305571731904,,,,,,,,TRPHRON001
ON,T_MDV_T_DSL,2025.0,T_D_tkm_mdv_t,le,0.022945305571731904,,,,,,,,TRPHRON001
ON,T_MDV_T_DSL,2030.0,T_D_tkm_mdv_t,le,0.022945305571731904,,,,,,,,TRPHRON001
ON,T_MDV_T_DSL,2035.0,T_D_tkm_mdv_t,le,0.022945305571731904,,,,,,,,TRPHRON001
ON,T_MDV_T_DSL,2040.0,T_D_tkm_mdv_t,le,0.022945305571731904,,,,,,,,TRPHRON001
ON,T_MDV_T_DSL,2045.0,T_D_tkm_mdv_t,le,0.022945305571731904,,,,,,,,TRPHRON001
ON,T_MDV_T_DSL_HEV,2025.0,T_D_tkm_mdv_t,le,0.022945305571731904,,,,,,,,TRPHRON001
ON,T_MDV_T_DSL_HEV,2030.0,T_D_tkm_mdv_t,le,0.022945305571731904,,,,,,,,TRPHRON001
ON,T_MDV_T_DSL_HEV,2035.0,T_D_tkm_mdv_t,le,0.022945305571731904,,,,,,,,TRPHRON001
ON,T_MDV_T_DSL_HEV,2040.0,T_D_tkm_mdv_t,le,0.022945305571731904,,,,,,,,TRPHRON001
ON,T_MDV_T_DSL_HEV,2045.0,T_D_tkm_mdv_t,le,0.022945305571731904,,,,,,,,TRPHRON001
ON,T_MDV_T_DSL_PHEV,2025.0,T_D_tkm_mdv_t,le,0.022945305571731904,,,,,,,,TRPHRON001
ON,T_MDV_T_DSL_PHEV,2030.0,T_D_tkm_mdv_t,le,0.022945305571731904,,,,,,,,TRPHRON001
ON,T_MDV_T_DSL_PHEV,2035.0,T_D_tkm_mdv_t,le,0.022945305571731904,,,,,,,,TRPHRON001
ON,T_MDV_T_DSL_PHEV,2040.0,T_D_tkm_mdv_t,le,0.022945305571731904,,,,,,,,TRPHRON001
ON,T_MDV_T_DSL_PHEV,2045.0,T_D_tkm_mdv_t,le,0.022945305571731904,,,,,,,,TRPHRON001
ON,T_MDV_T_FCEV,2025.0,T_D_tkm_mdv_t,le,0.022945305571731904,,,,,,,,TRPHRON001
ON,T_MDV_T_FCEV,2030.0,T_D_tkm_mdv_t,le,0.022945305571731904,,,,,,,,TRPHRON001
ON,T_MDV_T_FCEV,2035.0,T_D_tkm_mdv_t,le,0.022945305571731904,,,,,,,,TRPHRON001
ON,T_MDV_T_FCEV,2040.0,T_D_tkm_mdv_t,le,0.022945305571731904,,,,,,,,TRPHRON001
ON,T_MDV_T_FCEV,2045.0,T_D_tkm_mdv_t,le,0.022945305571731904,,,,,,,,TRPHRON001
ON,T_MDV_T_FCHEV,2025.0,T_D_tkm_mdv_t,le,0.022945305571731904,,,,,,,,TRPHRON001
ON,T_MDV_T_FCHEV,2030.0,T_D_tkm_mdv_t,le,0.022945305571731904,,,,,,,,TRPHRON001
ON,T_MDV_T_FCHEV,2035.0,T_D_tkm_mdv_t,le,0.022945305571731904,,,,,,,,TRPHRON001
ON,T_MDV_T_FCHEV,2040.0,T_D_tkm_mdv_t,le,0.022945305571731904,,,,,,,,TRPHRON001
ON,T_MDV_T_FCHEV,2045.0,T_D_tkm_mdv_t,le,0.022945305571731904,,,,,,,,TRPHRON001
ON,T_MDV_T_GSL,2025.0,T_D_tkm_mdv_t,le,0.022945305571731904,,,,,,,,TRPHRON001
ON,T_MDV_T_GSL,2030.0,T_D_tkm_mdv_t,le,0.022945305571731904,,,,,,,,TRPHRON001
ON,T_MDV_T_GSL,2035.0,T_D_tkm_mdv_t,le,0.022945305571731904,,,,,,,,TRPHRON001
ON,T_MDV_T_GSL,2040.0,T_D_tkm_mdv_t,le,0.022945305571731904,,,,,,,,TRPHRON001
ON,T_MDV_T_GSL,2045.0,T_D_tkm_mdv_t,le,0.022945305571731904,,,,,,,,TRPHRON001
PEI,T_MDV_T_BEV,2025.0,T_D_tkm_mdv_t,le,0.022945305571731904,,,,,,,,TRPHRPEI001
PEI,T_MDV_T_BEV,2030.0,T_D_tkm_mdv_t,le,0.022945305571731904,,,,,,,,TRPHRPEI001
PEI,T_MDV_T_BEV,2035.0,T_D_tkm_mdv_t,le,0.022945305571731904,,,,,,,,TRPHRPEI001
PEI,T_MDV_T_BEV,2040.0,T_D_tkm_mdv_t,le,0.022945305571731904,,,,,,,,TRPHRPEI001
PEI,T_MDV_T_BEV,2045.0,T_D_tkm_mdv_t,le,0.022945305571731904,,,,,,,,TRPHRPEI001
PEI,T_MDV_T_DSL,2025.0,T_D_tkm_mdv_t,le,0.022945305571731904,,,,,,,,TRPHRPEI001
PEI,T_MDV_T_DSL,2030.0,T_D_tkm_mdv_t,le,0.022945305571731904,,,,,,,,TRPHRPEI001
PEI,T_MDV_T_DSL,2035.0,T_D_tkm_mdv_t,le,0.022945305571731904,,,,,,,,TRPHRPEI001
PEI,T_MDV_T_DSL,2040.0,T_D_tkm_mdv_t,le,0.022945305571731904,,,,,,,,TRPHRPEI001
PEI,T_MDV_T_DSL,2045.0,T_D_tkm_mdv_t,le,0.022945305571731904,,,,,,,,TRPHRPEI001
PEI,T_MDV_T_DSL_HEV,2025.0,T_D_tkm_mdv_t,le,0.022945305571731904,,,,,,,,TRPHRPEI001
PEI,T_MDV_T_DSL_HEV,2030.0,T_D_tkm_mdv_t,le,0.022945305571731904,,,,,,,,TRPHRPEI001
PEI,T_MDV_T_DSL_HEV,2035.0,T_D_tkm_mdv_t,le,0.022945305571731904,,,,,,,,TRPHRPEI001
PEI,T_MDV_T_DSL_HEV,2040.0,T_D_tkm_mdv_t,le,0.022945305571731904,,,,,,,,TRPHRPEI001
PEI,T_MDV_T_DSL_HEV,2045.0,T_D_tkm_mdv_t,le,0.022945305571731904,,,,,,,,TRPHRPEI001
PEI,T_MDV_T_DSL_PHEV,2025.0,T_D_tkm_mdv_t,le,0.022945305571731904,,,,,,,,TRPHRPEI001
PEI,T_MDV_T_DSL_PHEV,2030.0,T_D_tkm_mdv_t,le,0.022945305571731904,,,,,,,,TRPHRPEI001
PEI,T_MDV_T_DSL_PHEV,2035.0,T_D_tkm_mdv_t,le,0.022945305571731904,,,,,,,,TRPHRPEI001
PEI,T_MDV_T_DSL_PHEV,2040.0,T_D_tkm_mdv_t,le,0.022945305571731904,,,,,,,,TRPHRPEI001
PEI,T_MDV_T_DSL_PHEV,2045.0,T_D_tkm_mdv_t,le,0.022945305571731904,,,,,,,,TRPHRPEI001
PEI,T_MDV_T_FCEV,2025.0,T_D_tkm_mdv_t,le,0.022945305571731904,,,,,,,,TRPHRPEI001
PEI,T_MDV_T_FCEV,2030.0,T_D_tkm_mdv_t,le,0.022945305571731904,,,,,,,,TRPHRPEI001
PEI,T_MDV_T_FCEV,2035.0,T_D_tkm_mdv_t,le,0.022945305571731904,,,,,,,,TRPHRPEI001
PEI,T_MDV_T_FCEV,2040.0,T_D_tkm_mdv_t,le,0.022945305571731904,,,,,,,,TRPHRPEI001
PEI,T_MDV_T_FCEV,2045.0,T_D_tkm_mdv_t,le,0.022945305571731904,,,,,,,,TRPHRPEI001
PEI,T_MDV_T_FCHEV,2025.0,T_D_tkm_mdv_t,le,0.022945305571731904,,,,,,,,TRPHRPEI001
PEI,T_MDV_T_FCHEV,2030.0,T_D_tkm_mdv_t,le,0.022945305571731904,,,,,,,,TRPHRPEI001
PEI,T_MDV_T_FCHEV,2035.0,T_D_tkm_mdv_t,le,0.022945305571731904,,,,,,,,TRPHRPEI001
PEI,T_MDV_T_FCHEV,2040.0,T_D_tkm_mdv_t,le,0.022945305571731904,,,,,,,,TRPHRPEI001
PEI,T_MDV_T_FCHEV,2045.0,T_D_tkm_mdv_t,le,0.022945305571731904,,,,,,,,TRPHRPEI001
PEI,T_MDV_T_GSL,2025.0,T_D_tkm_mdv_t,le,0.022945305571731904,,,,,,,,TRPHRPEI001
PEI,T_MDV_T_GSL,2030.0,T_D_tkm_mdv_t,le,0.022945305571731904,,,,,,,,TRPHRPEI001
PEI,T_MDV_T_GSL,2035.0,T_D_tkm_mdv_t,le,0.022945305571731904,,,,,,,,TRPHRPEI001
PEI,T_MDV_T_GSL,2040.0,T_D_tkm_mdv_t,le,0.022945305571731904,,,,,,,,TRPHRPEI001
PEI,T_MDV_T_GSL,2045.0,T_D_tkm_mdv_t,le,0.022945305571731904,,,,,,,,TRPHRPEI001
QC,T_MDV_T_BEV,2025.0,T_D_tkm_mdv_t,le,0.022945305571731904,,,,,,,,TRPHRQC001
QC,T_MDV_T_BEV,2030.0,T_D_tkm_mdv_t,le,0.022945305571731904,,,,,,,,TRPHRQC001
QC,T_MDV_T_BEV,2035.0,T_D_tkm_mdv_t,le,0.022945305571731904,,,,,,,,TRPHRQC001
QC,T_MDV_T_BEV,2040.0,T_D_tkm_mdv_t,le,0.022945305571731904,,,,,,,,TRPHRQC001
QC,T_MDV_T_BEV,2045.0,T_D_tkm_mdv_t,le,0.022945305571731904,,,,,,,,TRPHRQC001
QC,T_MDV_T_DSL,2025.0,T_D_tkm_mdv_t,le,0.022945305571731904,,,,,,,,TRPHRQC001
QC,T_MDV_T_DSL,2030.0,T_D_tkm_mdv_t,le,0.022945305571731904,,,,,,,,TRPHRQC001
QC,T_MDV_T_DSL,2035.0,T_D_tkm_mdv_t,le,0.022945305571731904,,,,,,,,TRPHRQC001
QC,T_MDV_T_DSL,2040.0,T_D_tkm_mdv_t,le,0.022945305571731904,,,,,,,,TRPHRQC001
QC,T_MDV_T_DSL,2045.0,T_D_tkm_mdv_t,le,0.022945305571731904,,,,,,,,TRPHRQC001
QC,T_MDV_T_DSL_HEV,2025.0,T_D_tkm_mdv_t,le,0.022945305571731904,,,,,,,,TRPHRQC001
QC,T_MDV_T_DSL_HEV,2030.0,T_D_tkm_mdv_t,le,0.022945305571731904,,,,,,,,TRPHRQC001
QC,T_MDV_T_DSL_HEV,2035.0,T_D_tkm_mdv_t,le,0.022945305571731904,,,,,,,,TRPHRQC001
QC,T_MDV_T_DSL_HEV,2040.0,T_D_tkm_mdv_t,le,0.022945305571731904,,,,,,,,TRPHRQC001
QC,T_MDV_T_DSL_HEV,2045.0,T_D_tkm_mdv_t,le,0.022945305571731904,,,,,,,,TRPHRQC001
QC,T_MDV_T_DSL_PHEV,2025.0,T_D_tkm_mdv_t,le,0.022945305571731904,,,,,,,,TRPHRQC001
QC,T_MDV_T_DSL_PHEV,2030.0,T_D_tkm_mdv_t,le,0.022945305571731904,,,,,,,,TRPHRQC001
QC,T_MDV_T_DSL_PHEV,2035.0,T_D_tkm_mdv_t,le,0.022945305571731904,,,,,,,,TRPHRQC001
QC,T_MDV_T_DSL_PHEV,2040.0,T_D_tkm_mdv_t,le,0.022945305571731904,,,,,,,,TRPHRQC001
QC,T_MDV_T_DSL_PHEV,2045.0,T_D_tkm_mdv_t,le,0.022945305571731904,,,,,,,,TRPHRQC001
QC,T_MDV_T_FCEV,2025.0,T_D_tkm_mdv_t,le,0.022945305571731904,,,,,,,,TRPHRQC001
QC,T_MDV_T_FCEV,2030.0,T_D_tkm_mdv_t,le,0.022945305571731904,,,,,,,,TRPHRQC001
QC,T_MDV_T_FCEV,2035.0,T_D_tkm_mdv_t,le,0.022945305571731904,,,,,,,,TRPHRQC001
QC,T_MDV_T_FCEV,2040.0,T_D_tkm_mdv_t,le,0.022945305571731904,,,,,,,,TRPHRQC001
QC,T_MDV_T_FCEV,2045.0,T_D_tkm_mdv_t,le,0.022945305571731904,,,,,,,,TRPHRQC001
QC,T_MDV_T_FCHEV,2025.0,T_D_tkm_mdv_t,le,0.022945305571731904,,,,,,,,TRPHRQC001
QC,T_MDV_T_FCHEV,2030.0,T_D_tkm_mdv_t,le,0.022945305571731904,,,,,,,,TRPHRQC001
QC,T_MDV_T_FCHEV,2035.0,T_D_tkm_mdv_t,le,0.022945305571731904,,,,,,,,TRPHRQC001
QC,T_MDV_T_FCHEV,2040.0,T_D_tkm_mdv_t,le,0.022945305571731904,,,,,,,,TRPHRQC001
QC,T_MDV_T_FCHEV,2045.0,T_D_tkm_mdv_t,le,0.022945305571731904,,,,,,,,TRPHRQC001
QC,T_MDV_T_GSL,2025.0,T_D_tkm_mdv_t,le,0.022945305571731904,,,,,,,,TRPHRQC001
QC,T_MDV_T_GSL,2030.0,T_D_tkm_mdv_t,le,0.022945305571731904,,,,,,,,TRPHRQC001
QC,T_MDV_T_GSL,2035.0,T_D_tkm_mdv_t,le,0.022945305571731904,,,,,,,,TRPHRQC001
QC,T_MDV_T_GSL,2040.0,T_D_tkm_mdv_t,le,0.022945305571731904,,,,,,,,TRPHRQC001
QC,T_MDV_T_GSL,2045.0,T_D_tkm_mdv_t,le,0.022945305571731904,,,,,,,,TRPHRQC001
SK,T_MDV_T_BEV,2025.0,T_D_tkm_mdv_t,le,0.022945305571731904,,,,,,,,TRPHRSK001
SK,T_MDV_T_BEV,2030.0,T_D_tkm_mdv_t,le,0.022945305571731904,,,,,,,,TRPHRSK001
SK,T_MDV_T_BEV,2035.0,T_D_tkm_mdv_t,le,0.022945305571731904,,,,,,,,TRPHRSK001
SK,T_MDV_T_BEV,2040.0,T_D_tkm_mdv_t,le,0.022945305571731904,,,,,,,,TRPHRSK001
SK,T_MDV_T_BEV,2045.0,T_D_tkm_mdv_t,le,0.022945305571731904,,,,,,,,TRPHRSK001
SK,T_MDV_T_DSL,2025.0,T_D_tkm_mdv_t,le,0.022945305571731904,,,,,,,,TRPHRSK001
SK,T_MDV_T_DSL,2030.0,T_D_tkm_mdv_t,le,0.022945305571731904,,,,,,,,TRPHRSK001
SK,T_MDV_T_DSL,2035.0,T_D_tkm_mdv_t,le,0.022945305571731904,,,,,,,,TRPHRSK001
SK,T_MDV_T_DSL,2040.0,T_D_tkm_mdv_t,le,0.022945305571731904,,,,,,,,TRPHRSK001
SK,T_MDV_T_DSL,2045.0,T_D_tkm_mdv_t,le,0.022945305571731904,,,,,,,,TRPHRSK001
SK,T_MDV_T_DSL_HEV,2025.0,T_D_tkm_mdv_t,le,0.022945305571731904,,,,,,,,TRPHRSK001
SK,T_MDV_T_DSL_HEV,2030.0,T_D_tkm_mdv_t,le,0.022945305571731904,,,,,,,,TRPHRSK001
SK,T_MDV_T_DSL_HEV,2035.0,T_D_tkm_mdv_t,le,0.022945305571731904,,,,,,,,TRPHRSK001
SK,T_MDV_T_DSL_HEV,2040.0,T_D_tkm_mdv_t,le,0.022945305571731904,,,,,,,,TRPHRSK001
SK,T_MDV_T_DSL_HEV,2045.0,T_D_tkm_mdv_t,le,0.022945305571731904,,,,,,,,TRPHRSK001
SK,T_MDV_T_DSL_PHEV,2025.0,T_D_tkm_mdv_t,le,0.022945305571731904,,,,,,,,TRPHRSK001
SK,T_MDV_T_DSL_PHEV,2030.0,T_D_tkm_mdv_t,le,0.022945305571731904,,,,,,,,TRPHRSK001
SK,T_MDV_T_DSL_PHEV,2035.0,T_D_tkm_mdv_t,le,0.022945305571731904,,,,,,,,TRPHRSK001
SK,T_MDV_T_DSL_PHEV,2040.0,T_D_tkm_mdv_t,le,0.022945305571731904,,,,,,,,TRPHRSK001
SK,T_MDV_T_DSL_PHEV,2045.0,T_D_tkm_mdv_t,le,0.022945305571731904,,,,,,,,TRPHRSK001
SK,T_MDV_T_FCEV,2025.0,T_D_tkm_mdv_t,le,0.022945305571731904,,,,,,,,TRPHRSK001
SK,T_MDV_T_FCEV,2030.0,T_D_tkm_mdv_t,le,0.022945305571731904,,,,,,,,TRPHRSK001
SK,T_MDV_T_FCEV,2035.0,T_D_tkm_mdv_t,le,0.022945305571731904,,,,,,,,TRPHRSK001
SK,T_MDV_T_FCEV,2040.0,T_D_tkm_mdv_t,le,0.022945305571731904,,,,,,,,TRPHRSK001
SK,T_MDV_T_FCEV,2045.0,T_D_tkm_mdv_t,le,0.022945305571731904,,,,,,,,TRPHRSK001
SK,T_MDV_T_FCHEV,2025.0,T_D_tkm_mdv_t,le,0.022945305571731904,,,,,,,,TRPHRSK001
SK,T_MDV_T_FCHEV,2030.0,T_D_tkm_mdv_t,le,0.022945305571731904,,,,,,,,TRPHRSK001
SK,T_MDV_T_FCHEV,2035.0,T_D_tkm_mdv_t,le,0.022945305571731904,,,,,,,,TRPHRSK001
SK,T_MDV_T_FCHEV,2040.0,T_D_tkm_mdv_t,le,0.022945305571731904,,,,,,,,TRPHRSK001
SK,T_MDV_T_FCHEV,2045.0,T_D_tkm_mdv_t,le,0.022945305571731904,,,,,,,,TRPHRSK001
SK,T_MDV_T_GSL,2025.0,T_D_tkm_mdv_t,le,0.022945305571731904,,,,,,,,TRPHRSK001
SK,T_MDV_T_GSL,2030.0,T_D_tkm_mdv_t,le,0.022945305571731904,,,,,,,,TRPHRSK001
SK,T_MDV_T_GSL,2035.0,T_D_tkm_mdv_t,le,0.022945305571731904,,,,,,,,TRPHRSK001
SK,T_MDV_T_GSL,2040.0,T_D_tkm_mdv_t,le,0.022945305571731904,,,,,,,,TRPHRSK001
SK,T_MDV_T_GSL,2045.0,T_D_tkm_mdv_t,le,0.022945305571731904,,,,,,,,TRPHRSK001
AB,T_LDV_C_BEV150,2025.0,T_D_pkm_ldv_c,ge,0.03607462608921309,,,,,,,,TRPHRAB001
AB,T_LDV_C_BEV150,2030.0,T_D_pkm_ldv_c,ge,0.03607462608921309,,,,,,,,TRPHRAB001
AB,T_LDV_C_BEV150,2035.0,T_D_pkm_ldv_c,ge,0.03607462608921309,,,,,,,,TRPHRAB001
AB,T_LDV_C_BEV150,2040.0,T_D_pkm_ldv_c,ge,0.03607462608921309,,,,,,,,TRPHRAB001
AB,T_LDV_C_BEV150,2045.0,T_D_pkm_ldv_c,ge,0.03607462608921309,,,,,,,,TRPHRAB001
AB,T_LDV_C_BEV200,2025.0,T_D_pkm_ldv_c,ge,0.03607462608921309,,,,,,,,TRPHRAB001
AB,T_LDV_C_BEV200,2030.0,T_D_pkm_ldv_c,ge,0.03607462608921309,,,,,,,,TRPHRAB001
AB,T_LDV_C_BEV200,2035.0,T_D_pkm_ldv_c,ge,0.03607462608921309,,,,,,,,TRPHRAB001
AB,T_LDV_C_BEV200,2040.0,T_D_pkm_ldv_c,ge,0.03607462608921309,,,,,,,,TRPHRAB001
AB,T_LDV_C_BEV200,2045.0,T_D_pkm_ldv_c,ge,0.03607462608921309,,,,,,,,TRPHRAB001
AB,T_LDV_C_BEV300,2025.0,T_D_pkm_ldv_c,ge,0.03607462608921309,,,,,,,,TRPHRAB001
AB,T_LDV_C_BEV300,2030.0,T_D_pkm_ldv_c,ge,0.03607462608921309,,,,,,,,TRPHRAB001
AB,T_LDV_C_BEV300,2035.0,T_D_pkm_ldv_c,ge,0.03607462608921309,,,,,,,,TRPHRAB001
AB,T_LDV_C_BEV300,2040.0,T_D_pkm_ldv_c,ge,0.03607462608921309,,,,,,,,TRPHRAB001
AB,T_LDV_C_BEV300,2045.0,T_D_pkm_ldv_c,ge,0.03607462608921309,,,,,,,,TRPHRAB001
AB,T_LDV_C_BEV400,2025.0,T_D_pkm_ldv_c,ge,0.03607462608921309,,,,,,,,TRPHRAB001
AB,T_LDV_C_BEV400,2030.0,T_D_pkm_ldv_c,ge,0.03607462608921309,,,,,,,,TRPHRAB001
AB,T_LDV_C_BEV400,2035.0,T_D_pkm_ldv_c,ge,0.03607462608921309,,,,,,,,TRPHRAB001
AB,T_LDV_C_BEV400,2040.0,T_D_pkm_ldv_c,ge,0.03607462608921309,,,,,,,,TRPHRAB001
AB,T_LDV_C_BEV400,2045.0,T_D_pkm_ldv_c,ge,0.03607462608921309,,,,,,,,TRPHRAB001
AB,T_LDV_C_CNG,2025.0,T_D_pkm_ldv_c,ge,0.03607462608921309,,,,,,,,TRPHRAB001
AB,T_LDV_C_CNG,2030.0,T_D_pkm_ldv_c,ge,0.03607462608921309,,,,,,,,TRPHRAB001
AB,T_LDV_C_CNG,2035.0,T_D_pkm_ldv_c,ge,0.03607462608921309,,,,,,,,TRPHRAB001
AB,T_LDV_C_CNG,2040.0,T_D_pkm_ldv_c,ge,0.03607462608921309,,,,,,,,TRPHRAB001
AB,T_LDV_C_CNG,2045.0,T_D_pkm_ldv_c,ge,0.03607462608921309,,,,,,,,TRPHRAB001
AB,T_LDV_C_DSL,2025.0,T_D_pkm_ldv_c,ge,0.03607462608921309,,,,,,,,TRPHRAB001
AB,T_LDV_C_DSL,2030.0,T_D_pkm_ldv_c,ge,0.03607462608921309,,,,,,,,TRPHRAB001
AB,T_LDV_C_DSL,2035.0,T_D_pkm_ldv_c,ge,0.03607462608921309,,,,,,,,TRPHRAB001
AB,T_LDV_C_DSL,2040.0,T_D_pkm_ldv_c,ge,0.03607462608921309,,,,,,,,TRPHRAB001
AB,T_LDV_C_DSL,2045.0,T_D_pkm_ldv_c,ge,0.03607462608921309,,,,,,,,TRPHRAB001
AB,T_LDV_C_FCEV400,2025.0,T_D_pkm_ldv_c,ge,0.03607462608921309,,,,,,,,TRPHRAB001
AB,T_LDV_C_FCEV400,2030.0,T_D_pkm_ldv_c,ge,0.03607462608921309,,,,,,,,TRPHRAB001
AB,T_LDV_C_FCEV400,2035.0,T_D_pkm_ldv_c,ge,0.03607462608921309,,,,,,,,TRPHRAB001
AB,T_LDV_C_FCEV400,2040.0,T_D_pkm_ldv_c,ge,0.03607462608921309,,,,,,,,TRPHRAB001
AB,T_LDV_C_FCEV400,2045.0,T_D_pkm_ldv_c,ge,0.03607462608921309,,,,,,,,TRPHRAB001
AB,T_LDV_C_GSL,2025.0,T_D_pkm_ldv_c,ge,0.03607462608921309,,,,,,,,TRPHRAB001
AB,T_LDV_C_GSL,2030.0,T_D_pkm_ldv_c,ge,0.03607462608921309,,,,,,,,TRPHRAB001
AB,T_LDV_C_GSL,2035.0,T_D_pkm_ldv_c,ge,0.03607462608921309,,,,,,,,TRPHRAB001
AB,T_LDV_C_GSL,2040.0,T_D_pkm_ldv_c,ge,0.03607462608921309,,,,,,,,TRPHRAB001
AB,T_LDV_C_GSL,2045.0,T_D_pkm_ldv_c,ge,0.03607462608921309,,,,,,,,TRPHRAB001
AB,T_LDV_C_GSL_HEV,2025.0,T_D_pkm_ldv_c,ge,0.03607462608921309,,,,,,,,TRPHRAB001
AB,T_LDV_C_GSL_HEV,2030.0,T_D_pkm_ldv_c,ge,0.03607462608921309,,,,,,,,TRPHRAB001
AB,T_LDV_C_GSL_HEV,2035.0,T_D_pkm_ldv_c,ge,0.03607462608921309,,,,,,,,TRPHRAB001
AB,T_LDV_C_GSL_HEV,2040.0,T_D_pkm_ldv_c,ge,0.03607462608921309,,,,,,,,TRPHRAB001
AB,T_LDV_C_GSL_HEV,2045.0,T_D_pkm_ldv_c,ge,0.03607462608921309,,,,,,,,TRPHRAB001
AB,T_LDV_C_GSL_PHEV35,2025.0,T_D_pkm_ldv_c,ge,0.03607462608921309,,,,,,,,TRPHRAB001
AB,T_LDV_C_GSL_PHEV35,2030.0,T_D_pkm_ldv_c,ge,0.03607462608921309,,,,,,,,TRPHRAB001
AB,T_LDV_C_GSL_PHEV35,2035.0,T_D_pkm_ldv_c,ge,0.03607462608921309,,,,,,,,TRPHRAB001
AB,T_LDV_C_GSL_PHEV35,2040.0,T_D_pkm_ldv_c,ge,0.03607462608921309,,,,,,,,TRPHRAB001
AB,T_LDV_C_GSL_PHEV35,2045.0,T_D_pkm_ldv_c,ge,0.03607462608921309,,,,,,,,TRPHRAB001
AB,T_LDV_C_GSL_PHEV50,2025.0,T_D_pkm_ldv_c,ge,0.03607462608921309,,,,,,,,TRPHRAB001
AB,T_LDV_C_GSL_PHEV50,2030.0,T_D_pkm_ldv_c,ge,0.03607462608921309,,,,,,,,TRPHRAB001
AB,T_LDV_C_GSL_PHEV50,2035.0,T_D_pkm_ldv_c,ge,0.03607462608921309,,,,,,,,TRPHRAB001
AB,T_LDV_C_GSL_PHEV50,2040.0,T_D_pkm_ldv_c,ge,0.03607462608921309,,,,,,,,TRPHRAB001
AB,T_LDV_C_GSL_PHEV50,2045.0,T_D_pkm_ldv_c,ge,0.03607462608921309,,,,,,,,TRPHRAB001
BC,T_LDV_C_BEV150,2025.0,T_D_pkm_ldv_c,ge,0.03607462608921309,,,,,,,,TRPHRBC001
BC,T_LDV_C_BEV150,2030.0,T_D_pkm_ldv_c,ge,0.03607462608921309,,,,,,,,TRPHRBC001
BC,T_LDV_C_BEV150,2035.0,T_D_pkm_ldv_c,ge,0.03607462608921309,,,,,,,,TRPHRBC001
BC,T_LDV_C_BEV150,2040.0,T_D_pkm_ldv_c,ge,0.03607462608921309,,,,,,,,TRPHRBC001
BC,T_LDV_C_BEV150,2045.0,T_D_pkm_ldv_c,ge,0.03607462608921309,,,,,,,,TRPHRBC001
BC,T_LDV_C_BEV200,2025.0,T_D_pkm_ldv_c,ge,0.03607462608921309,,,,,,,,TRPHRBC001
BC,T_LDV_C_BEV200,2030.0,T_D_pkm_ldv_c,ge,0.03607462608921309,,,,,,,,TRPHRBC001
BC,T_LDV_C_BEV200,2035.0,T_D_pkm_ldv_c,ge,0.03607462608921309,,,,,,,,TRPHRBC001
BC,T_LDV_C_BEV200,2040.0,T_D_pkm_ldv_c,ge,0.03607462608921309,,,,,,,,TRPHRBC001
BC,T_LDV_C_BEV200,2045.0,T_D_pkm_ldv_c,ge,0.03607462608921309,,,,,,,,TRPHRBC001
BC,T_LDV_C_BEV300,2025.0,T_D_pkm_ldv_c,ge,0.03607462608921309,,,,,,,,TRPHRBC001
BC,T_LDV_C_BEV300,2030.0,T_D_pkm_ldv_c,ge,0.03607462608921309,,,,,,,,TRPHRBC001
BC,T_LDV_C_BEV300,2035.0,T_D_pkm_ldv_c,ge,0.03607462608921309,,,,,,,,TRPHRBC001
BC,T_LDV_C_BEV300,2040.0,T_D_pkm_ldv_c,ge,0.03607462608921309,,,,,,,,TRPHRBC001
BC,T_LDV_C_BEV300,2045.0,T_D_pkm_ldv_c,ge,0.03607462608921309,,,,,,,,TRPHRBC001
BC,T_LDV_C_BEV400,2025.0,T_D_pkm_ldv_c,ge,0.03607462608921309,,,,,,,,TRPHRBC001
BC,T_LDV_C_BEV400,2030.0,T_D_pkm_ldv_c,ge,0.03607462608921309,,,,,,,,TRPHRBC001
BC,T_LDV_C_BEV400,2035.0,T_D_pkm_ldv_c,ge,0.03607462608921309,,,,,,,,TRPHRBC001
BC,T_LDV_C_BEV400,2040.0,T_D_pkm_ldv_c,ge,0.03607462608921309,,,,,,,,TRPHRBC001
BC,T_LDV_C_BEV400,2045.0,T_D_pkm_ldv_c,ge,0.03607462608921309,,,,,,,,TRPHRBC001
BC,T_LDV_C_CNG,2025.0,T_D_pkm_ldv_c,ge,0.03607462608921309,,,,,,,,TRPHRBC001
BC,T_LDV_C_CNG,2030.0,T_D_pkm_ldv_c,ge,0.03607462608921309,,,,,,,,TRPHRBC001
BC,T_LDV_C_CNG,2035.0,T_D_pkm_ldv_c,ge,0.03607462608921309,,,,,,,,TRPHRBC001
BC,T_LDV_C_CNG,2040.0,T_D_pkm_ldv_c,ge,0.03607462608921309,,,,,,,,TRPHRBC001
BC,T_LDV_C_CNG,2045.0,T_D_pkm_ldv_c,ge,0.03607462608921309,,,,,,,,TRPHRBC001
BC,T_LDV_C_DSL,2025.0,T_D_pkm_ldv_c,ge,0.03607462608921309,,,,,,,,TRPHRBC001
BC,T_LDV_C_DSL,2030.0,T_D_pkm_ldv_c,ge,0.03607462608921309,,,,,,,,TRPHRBC001
BC,T_LDV_C_DSL,2035.0,T_D_pkm_ldv_c,ge,0.03607462608921309,,,,,,,,TRPHRBC001
BC,T_LDV_C_DSL,2040.0,T_D_pkm_ldv_c,ge,0.03607462608921309,,,,,,,,TRPHRBC001
BC,T_LDV_C_DSL,2045.0,T_D_pkm_ldv_c,ge,0.03607462608921309,,,,,,,,TRPHRBC001
BC,T_LDV_C_FCEV400,2025.0,T_D_pkm_ldv_c,ge,0.03607462608921309,,,,,,,,TRPHRBC001
BC,T_LDV_C_FCEV400,2030.0,T_D_pkm_ldv_c,ge,0.03607462608921309,,,,,,,,TRPHRBC001
BC,T_LDV_C_FCEV400,2035.0,T_D_pkm_ldv_c,ge,0.03607462608921309,,,,,,,,TRPHRBC001
BC,T_LDV_C_FCEV400,2040.0,T_D_pkm_ldv_c,ge,0.03607462608921309,,,,,,,,TRPHRBC001
BC,T_LDV_C_FCEV400,2045.0,T_D_pkm_ldv_c,ge,0.03607462608921309,,,,,,,,TRPHRBC001
BC,T_LDV_C_GSL,2025.0,T_D_pkm_ldv_c,ge,0.03607462608921309,,,,,,,,TRPHRBC001
BC,T_LDV_C_GSL,2030.0,T_D_pkm_ldv_c,ge,0.03607462608921309,,,,,,,,TRPHRBC001
BC,T_LDV_C_GSL,2035.0,T_D_pkm_ldv_c,ge,0.03607462608921309,,,,,,,,TRPHRBC001
BC,T_LDV_C_GSL,2040.0,T_D_pkm_ldv_c,ge,0.03607462608921309,,,,,,,,TRPHRBC001
BC,T_LDV_C_GSL,2045.0,T_D_pkm_ldv_c,ge,0.03607462608921309,,,,,,,,TRPHRBC001
BC,T_LDV_C_GSL_HEV,2025.0,T_D_pkm_ldv_c,ge,0.03607462608921309,,,,,,,,TRPHRBC001
BC,T_LDV_C_GSL_HEV,2030.0,T_D_pkm_ldv_c,ge,0.03607462608921309,,,,,,,,TRPHRBC001
BC,T_LDV_C_GSL_HEV,2035.0,T_D_pkm_ldv_c,ge,0.03607462608921309,,,,,,,,TRPHRBC001
BC,T_LDV_C_GSL_HEV,2040.0,T_D_pkm_ldv_c,ge,0.03607462608921309,,,,,,,,TRPHRBC001
BC,T_LDV_C_GSL_HEV,2045.0,T_D_pkm_ldv_c,ge,0.03607462608921309,,,,,,,,TRPHRBC001
BC,T_LDV_C_GSL_PHEV35,2025.0,T_D_pkm_ldv_c,ge,0.03607462608921309,,,,,,,,TRPHRBC001
BC,T_LDV_C_GSL_PHEV35,2030.0,T_D_pkm_ldv_c,ge,0.03607462608921309,,,,,,,,TRPHRBC001
BC,T_LDV_C_GSL_PHEV35,2035.0,T_D_pkm_ldv_c,ge,0.03607462608921309,,,,,,,,TRPHRBC001
BC,T_LDV_C_GSL_PHEV35,2040.0,T_D_pkm_ldv_c,ge,0.03607462608921309,,,,,,,,TRPHRBC001
BC,T_LDV_C_GSL_PHEV35,2045.0,T_D_pkm_ldv_c,ge,0.03607462608921309,,,,,,,,TRPHRBC001
BC,T_LDV_C_GSL_PHEV50,2025.0,T_D_pkm_ldv_c,ge,0.03607462608921309,,,,,,,,TRPHRBC001
BC,T_LDV_C_GSL_PHEV50,2030.0,T_D_pkm_ldv_c,ge,0.03607462608921309,,,,,,,,TRPHRBC001
BC,T_LDV_C_GSL_PHEV50,2035.0,T_D_pkm_ldv_c,ge,0.03607462608921309,,,,,,,,TRPHRBC001
BC,T_LDV_C_GSL_PHEV50,2040.0,T_D_pkm_ldv_c,ge,0.03607462608921309,,,,,,,,TRPHRBC001
BC,T_LDV_C_GSL_PHEV50,2045.0,T_D_pkm_ldv_c,ge,0.03607462608921309,,,,,,,,TRPHRBC001
MB,T_LDV_C_BEV150,2025.0,T_D_pkm_ldv_c,ge,0.03607462608921309,,,,,,,,TRPHRMB001
MB,T_LDV_C_BEV150,2030.0,T_D_pkm_ldv_c,ge,0.03607462608921309,,,,,,,,TRPHRMB001
MB,T_LDV_C_BEV150,2035.0,T_D_pkm_ldv_c,ge,0.03607462608921309,,,,,,,,TRPHRMB001
MB,T_LDV_C_BEV150,2040.0,T_D_pkm_ldv_c,ge,0.03607462608921309,,,,,,,,TRPHRMB001
MB,T_LDV_C_BEV150,2045.0,T_D_pkm_ldv_c,ge,0.03607462608921309,,,,,,,,TRPHRMB001
MB,T_LDV_C_BEV200,2025.0,T_D_pkm_ldv_c,ge,0.03607462608921309,,,,,,,,TRPHRMB001
MB,T_LDV_C_BEV200,2030.0,T_D_pkm_ldv_c,ge,0.03607462608921309,,,,,,,,TRPHRMB001
MB,T_LDV_C_BEV200,2035.0,T_D_pkm_ldv_c,ge,0.03607462608921309,,,,,,,,TRPHRMB001
MB,T_LDV_C_BEV200,2040.0,T_D_pkm_ldv_c,ge,0.03607462608921309,,,,,,,,TRPHRMB001
MB,T_LDV_C_BEV200,2045.0,T_D_pkm_ldv_c,ge,0.03607462608921309,,,,,,,,TRPHRMB001
MB,T_LDV_C_BEV300,2025.0,T_D_pkm_ldv_c,ge,0.03607462608921309,,,,,,,,TRPHRMB001
MB,T_LDV_C_BEV300,2030.0,T_D_pkm_ldv_c,ge,0.03607462608921309,,,,,,,,TRPHRMB001
MB,T_LDV_C_BEV300,2035.0,T_D_pkm_ldv_c,ge,0.03607462608921309,,,,,,,,TRPHRMB001
MB,T_LDV_C_BEV300,2040.0,T_D_pkm_ldv_c,ge,0.03607462608921309,,,,,,,,TRPHRMB001
MB,T_LDV_C_BEV300,2045.0,T_D_pkm_ldv_c,ge,0.03607462608921309,,,,,,,,TRPHRMB001
MB,T_LDV_C_BEV400,2025.0,T_D_pkm_ldv_c,ge,0.03607462608921309,,,,,,,,TRPHRMB001
MB,T_LDV_C_BEV400,2030.0,T_D_pkm_ldv_c,ge,0.03607462608921309,,,,,,,,TRPHRMB001
MB,T_LDV_C_BEV400,2035.0,T_D_pkm_ldv_c,ge,0.03607462608921309,,,,,,,,TRPHRMB001
MB,T_LDV_C_BEV400,2040.0,T_D_pkm_ldv_c,ge,0.03607462608921309,,,,,,,,TRPHRMB001
MB,T_LDV_C_BEV400,2045.0,T_D_pkm_ldv_c,ge,0.03607462608921309,,,,,,,,TRPHRMB001
MB,T_LDV_C_CNG,2025.0,T_D_pkm_ldv_c,ge,0.03607462608921309,,,,,,,,TRPHRMB001
MB,T_LDV_C_CNG,2030.0,T_D_pkm_ldv_c,ge,0.03607462608921309,,,,,,,,TRPHRMB001
MB,T_LDV_C_CNG,2035.0,T_D_pkm_ldv_c,ge,0.03607462608921309,,,,,,,,TRPHRMB001
MB,T_LDV_C_CNG,2040.0,T_D_pkm_ldv_c,ge,0.03607462608921309,,,,,,,,TRPHRMB001
MB,T_LDV_C_CNG,2045.0,T_D_pkm_ldv_c,ge,0.03607462608921309,,,,,,,,TRPHRMB001
MB,T_LDV_C_DSL,2025.0,T_D_pkm_ldv_c,ge,0.03607462608921309,,,,,,,,TRPHRMB001
MB,T_LDV_C_DSL,2030.0,T_D_pkm_ldv_c,ge,0.03607462608921309,,,,,,,,TRPHRMB001
MB,T_LDV_C_DSL,2035.0,T_D_pkm_ldv_c,ge,0.03607462608921309,,,,,,,,TRPHRMB001
MB,T_LDV_C_DSL,2040.0,T_D_pkm_ldv_c,ge,0.03607462608921309,,,,,,,,TRPHRMB001
MB,T_LDV_C_DSL,2045.0,T_D_pkm_ldv_c,ge,0.03607462608921309,,,,,,,,TRPHRMB001
MB,T_LDV_C_FCEV400,2025.0,T_D_pkm_ldv_c,ge,0.03607462608921309,,,,,,,,TRPHRMB001
MB,T_LDV_C_FCEV400,2030.0,T_D_pkm_ldv_c,ge,0.03607462608921309,,,,,,,,TRPHRMB001
MB,T_LDV_C_FCEV400,2035.0,T_D_pkm_ldv_c,ge,0.03607462608921309,,,,,,,,TRPHRMB001
MB,T_LDV_C_FCEV400,2040.0,T_D_pkm_ldv_c,ge,0.03607462608921309,,,,,,,,TRPHRMB001
MB,T_LDV_C_FCEV400,2045.0,T_D_pkm_ldv_c,ge,0.03607462608921309,,,,,,,,TRPHRMB001
MB,T_LDV_C_GSL,2025.0,T_D_pkm_ldv_c,ge,0.03607462608921309,,,,,,,,TRPHRMB001
MB,T_LDV_C_GSL,2030.0,T_D_pkm_ldv_c,ge,0.03607462608921309,,,,,,,,TRPHRMB001
MB,T_LDV_C_GSL,2035.0,T_D_pkm_ldv_c,ge,0.03607462608921309,,,,,,,,TRPHRMB001
MB,T_LDV_C_GSL,2040.0,T_D_pkm_ldv_c,ge,0.03607462608921309,,,,,,,,TRPHRMB001
MB,T_LDV_C_GSL,2045.0,T_D_pkm_ldv_c,ge,0.03607462608921309,,,,,,,,TRPHRMB001
MB,T_LDV_C_GSL_HEV,2025.0,T_D_pkm_ldv_c,ge,0.03607462608921309,,,,,,,,TRPHRMB001
MB,T_LDV_C_GSL_HEV,2030.0,T_D_pkm_ldv_c,ge,0.03607462608921309,,,,,,,,TRPHRMB001
MB,T_LDV_C_GSL_HEV,2035.0,T_D_pkm_ldv_c,ge,0.03607462608921309,,,,,,,,TRPHRMB001
MB,T_LDV_C_GSL_HEV,2040.0,T_D_pkm_ldv_c,ge,0.03607462608921309,,,,,,,,TRPHRMB001
MB,T_LDV_C_GSL_HEV,2045.0,T_D_pkm_ldv_c,ge,0.03607462608921309,,,,,,,,TRPHRMB001
MB,T_LDV_C_GSL_PHEV35,2025.0,T_D_pkm_ldv_c,ge,0.03607462608921309,,,,,,,,TRPHRMB001
MB,T_LDV_C_GSL_PHEV35,2030.0,T_D_pkm_ldv_c,ge,0.03607462608921309,,,,,,,,TRPHRMB001
MB,T_LDV_C_GSL_PHEV35,2035.0,T_D_pkm_ldv_c,ge,0.03607462608921309,,,,,,,,TRPHRMB001
MB,T_LDV_C_GSL_PHEV35,2040.0,T_D_pkm_ldv_c,ge,0.03607462608921309,,,,,,,,TRPHRMB001
MB,T_LDV_C_GSL_PHEV35,2045.0,T_D_pkm_ldv_c,ge,0.03607462608921309,,,,,,,,TRPHRMB001
MB,T_LDV_C_GSL_PHEV50,2025.0,T_D_pkm_ldv_c,ge,0.03607462608921309,,,,,,,,TRPHRMB001
MB,T_LDV_C_GSL_PHEV50,2030.0,T_D_pkm_ldv_c,ge,0.03607462608921309,,,,,,,,TRPHRMB001
MB,T_LDV_C_GSL_PHEV50,2035.0,T_D_pkm_ldv_c,ge,0.03607462608921309,,,,,,,,TRPHRMB001
MB,T_LDV_C_GSL_PHEV50,2040.0,T_D_pkm_ldv_c,ge,0.03607462608921309,,,,,,,,TRPHRMB001
MB,T_LDV_C_GSL_PHEV50,2045.0,T_D_pkm_ldv_c,ge,0.03607462608921309,,,,,,,,TRPHRMB001
NB,T_LDV_C_BEV150,2025.0,T_D_pkm_ldv_c,ge,0.03607462608921309,,,,,,,,TRPHRNB001
NB,T_LDV_C_BEV150,2030.0,T_D_pkm_ldv_c,ge,0.03607462608921309,,,,,,,,TRPHRNB001
NB,T_LDV_C_BEV150,2035.0,T_D_pkm_ldv_c,ge,0.03607462608921309,,,,,,,,TRPHRNB001
NB,T_LDV_C_BEV150,2040.0,T_D_pkm_ldv_c,ge,0.03607462608921309,,,,,,,,TRPHRNB001
NB,T_LDV_C_BEV150,2045.0,T_D_pkm_ldv_c,ge,0.03607462608921309,,,,,,,,TRPHRNB001
NB,T_LDV_C_BEV200,2025.0,T_D_pkm_ldv_c,ge,0.03607462608921309,,,,,,,,TRPHRNB001
NB,T_LDV_C_BEV200,2030.0,T_D_pkm_ldv_c,ge,0.03607462608921309,,,,,,,,TRPHRNB001
NB,T_LDV_C_BEV200,2035.0,T_D_pkm_ldv_c,ge,0.03607462608921309,,,,,,,,TRPHRNB001
NB,T_LDV_C_BEV200,2040.0,T_D_pkm_ldv_c,ge,0.03607462608921309,,,,,,,,TRPHRNB001
NB,T_LDV_C_BEV200,2045.0,T_D_pkm_ldv_c,ge,0.03607462608921309,,,,,,,,TRPHRNB001
NB,T_LDV_C_BEV300,2025.0,T_D_pkm_ldv_c,ge,0.03607462608921309,,,,,,,,TRPHRNB001
NB,T_LDV_C_BEV300,2030.0,T_D_pkm_ldv_c,ge,0.03607462608921309,,,,,,,,TRPHRNB001
NB,T_LDV_C_BEV300,2035.0,T_D_pkm_ldv_c,ge,0.03607462608921309,,,,,,,,TRPHRNB001
NB,T_LDV_C_BEV300,2040.0,T_D_pkm_ldv_c,ge,0.03607462608921309,,,,,,,,TRPHRNB001
NB,T_LDV_C_BEV300,2045.0,T_D_pkm_ldv_c,ge,0.03607462608921309,,,,,,,,TRPHRNB001
NB,T_LDV_C_BEV400,2025.0,T_D_pkm_ldv_c,ge,0.03607462608921309,,,,,,,,TRPHRNB001
NB,T_LDV_C_BEV400,2030.0,T_D_pkm_ldv_c,ge,0.03607462608921309,,,,,,,,TRPHRNB001
NB,T_LDV_C_BEV400,2035.0,T_D_pkm_ldv_c,ge,0.03607462608921309,,,,,,,,TRPHRNB001
NB,T_LDV_C_BEV400,2040.0,T_D_pkm_ldv_c,ge,0.03607462608921309,,,,,,,,TRPHRNB001
NB,T_LDV_C_BEV400,2045.0,T_D_pkm_ldv_c,ge,0.03607462608921309,,,,,,,,TRPHRNB001
NB,T_LDV_C_CNG,2025.0,T_D_pkm_ldv_c,ge,0.03607462608921309,,,,,,,,TRPHRNB001
NB,T_LDV_C_CNG,2030.0,T_D_pkm_ldv_c,ge,0.03607462608921309,,,,,,,,TRPHRNB001
NB,T_LDV_C_CNG,2035.0,T_D_pkm_ldv_c,ge,0.03607462608921309,,,,,,,,TRPHRNB001
NB,T_LDV_C_CNG,2040.0,T_D_pkm_ldv_c,ge,0.03607462608921309,,,,,,,,TRPHRNB001
NB,T_LDV_C_CNG,2045.0,T_D_pkm_ldv_c,ge,0.03607462608921309,,,,,,,,TRPHRNB001
NB,T_LDV_C_DSL,2025.0,T_D_pkm_ldv_c,ge,0.03607462608921309,,,,,,,,TRPHRNB001
NB,T_LDV_C_DSL,2030.0,T_D_pkm_ldv_c,ge,0.03607462608921309,,,,,,,,TRPHRNB001
NB,T_LDV_C_DSL,2035.0,T_D_pkm_ldv_c,ge,0.03607462608921309,,,,,,,,TRPHRNB001
NB,T_LDV_C_DSL,2040.0,T_D_pkm_ldv_c,ge,0.03607462608921309,,,,,,,,TRPHRNB001
NB,T_LDV_C_DSL,2045.0,T_D_pkm_ldv_c,ge,0.03607462608921309,,,,,,,,TRPHRNB001
NB,T_LDV_C_FCEV400,2025.0,T_D_pkm_ldv_c,ge,0.03607462608921309,,,,,,,,TRPHRNB001
NB,T_LDV_C_FCEV400,2030.0,T_D_pkm_ldv_c,ge,0.03607462608921309,,,,,,,,TRPHRNB001
NB,T_LDV_C_FCEV400,2035.0,T_D_pkm_ldv_c,ge,0.03607462608921309,,,,,,,,TRPHRNB001
NB,T_LDV_C_FCEV400,2040.0,T_D_pkm_ldv_c,ge,0.03607462608921309,,,,,,,,TRPHRNB001
NB,T_LDV_C_FCEV400,2045.0,T_D_pkm_ldv_c,ge,0.03607462608921309,,,,,,,,TRPHRNB001
NB,T_LDV_C_GSL,2025.0,T_D_pkm_ldv_c,ge,0.03607462608921309,,,,,,,,TRPHRNB001
NB,T_LDV_C_GSL,2030.0,T_D_pkm_ldv_c,ge,0.03607462608921309,,,,,,,,TRPHRNB001
NB,T_LDV_C_GSL,2035.0,T_D_pkm_ldv_c,ge,0.03607462608921309,,,,,,,,TRPHRNB001
NB,T_LDV_C_GSL,2040.0,T_D_pkm_ldv_c,ge,0.03607462608921309,,,,,,,,TRPHRNB001
NB,T_LDV_C_GSL,2045.0,T_D_pkm_ldv_c,ge,0.03607462608921309,,,,,,,,TRPHRNB001
NB,T_LDV_C_GSL_HEV,2025.0,T_D_pkm_ldv_c,ge,0.03607462608921309,,,,,,,,TRPHRNB001
NB,T_LDV_C_GSL_HEV,2030.0,T_D_pkm_ldv_c,ge,0.03607462608921309,,,,,,,,TRPHRNB001
NB,T_LDV_C_GSL_HEV,2035.0,T_D_pkm_ldv_c,ge,0.03607462608921309,,,,,,,,TRPHRNB001
NB,T_LDV_C_GSL_HEV,2040.0,T_D_pkm_ldv_c,ge,0.03607462608921309,,,,,,,,TRPHRNB001
NB,T_LDV_C_GSL_HEV,2045.0,T_D_pkm_ldv_c,ge,0.03607462608921309,,,,,,,,TRPHRNB001
NB,T_LDV_C_GSL_PHEV35,2025.0,T_D_pkm_ldv_c,ge,0.03607462608921309,,,,,,,,TRPHRNB001
NB,T_LDV_C_GSL_PHEV35,2030.0,T_D_pkm_ldv_c,ge,0.03607462608921309,,,,,,,,TRPHRNB001
NB,T_LDV_C_GSL_PHEV35,2035.0,T_D_pkm_ldv_c,ge,0.03607462608921309,,,,,,,,TRPHRNB001
NB,T_LDV_C_GSL_PHEV35,2040.0,T_D_pkm_ldv_c,ge,0.03607462608921309,,,,,,,,TRPHRNB001
NB,T_LDV_C_GSL_PHEV35,2045.0,T_D_pkm_ldv_c,ge,0.03607462608921309,,,,,,,,TRPHRNB001
NB,T_LDV_C_GSL_PHEV50,2025.0,T_D_pkm_ldv_c,ge,0.03607462608921309,,,,,,,,TRPHRNB001
NB,T_LDV_C_GSL_PHEV50,2030.0,T_D_pkm_ldv_c,ge,0.03607462608921309,,,,,,,,TRPHRNB001
NB,T_LDV_C_GSL_PHEV50,2035.0,T_D_pkm_ldv_c,ge,0.03607462608921309,,,,,,,,TRPHRNB001
NB,T_LDV_C_GSL_PHEV50,2040.0,T_D_pkm_ldv_c,ge,0.03607462608921309,,,,,,,,TRPHRNB001
NB,T_LDV_C_GSL_PHEV50,2045.0,T_D_pkm_ldv_c,ge,0.03607462608921309,,,,,,,,TRPHRNB001
NLLAB,T_LDV_C_BEV150,2025.0,T_D_pkm_ldv_c,ge,0.03607462608921309,,,,,,,,TRPHRNLLAB001
NLLAB,T_LDV_C_BEV150,2030.0,T_D_pkm_ldv_c,ge,0.03607462608921309,,,,,,,,TRPHRNLLAB001
NLLAB,T_LDV_C_BEV150,2035.0,T_D_pkm_ldv_c,ge,0.03607462608921309,,,,,,,,TRPHRNLLAB001
NLLAB,T_LDV_C_BEV150,2040.0,T_D_pkm_ldv_c,ge,0.03607462608921309,,,,,,,,TRPHRNLLAB001
NLLAB,T_LDV_C_BEV150,2045.0,T_D_pkm_ldv_c,ge,0.03607462608921309,,,,,,,,TRPHRNLLAB001
NLLAB,T_LDV_C_BEV200,2025.0,T_D_pkm_ldv_c,ge,0.03607462608921309,,,,,,,,TRPHRNLLAB001
NLLAB,T_LDV_C_BEV200,2030.0,T_D_pkm_ldv_c,ge,0.03607462608921309,,,,,,,,TRPHRNLLAB001
NLLAB,T_LDV_C_BEV200,2035.0,T_D_pkm_ldv_c,ge,0.03607462608921309,,,,,,,,TRPHRNLLAB001
NLLAB,T_LDV_C_BEV200,2040.0,T_D_pkm_ldv_c,ge,0.03607462608921309,,,,,,,,TRPHRNLLAB001
NLLAB,T_LDV_C_BEV200,2045.0,T_D_pkm_ldv_c,ge,0.03607462608921309,,,,,,,,TRPHRNLLAB001
NLLAB,T_LDV_C_BEV300,2025.0,T_D_pkm_ldv_c,ge,0.03607462608921309,,,,,,,,TRPHRNLLAB001
NLLAB,T_LDV_C_BEV300,2030.0,T_D_pkm_ldv_c,ge,0.03607462608921309,,,,,,,,TRPHRNLLAB001
NLLAB,T_LDV_C_BEV300,2035.0,T_D_pkm_ldv_c,ge,0.03607462608921309,,,,,,,,TRPHRNLLAB001
NLLAB,T_LDV_C_BEV300,2040.0,T_D_pkm_ldv_c,ge,0.03607462608921309,,,,,,,,TRPHRNLLAB001
NLLAB,T_LDV_C_BEV300,2045.0,T_D_pkm_ldv_c,ge,0.03607462608921309,,,,,,,,TRPHRNLLAB001
NLLAB,T_LDV_C_BEV400,2025.0,T_D_pkm_ldv_c,ge,0.03607462608921309,,,,,,,,TRPHRNLLAB001
NLLAB,T_LDV_C_BEV400,2030.0,T_D_pkm_ldv_c,ge,0.03607462608921309,,,,,,,,TRPHRNLLAB001
NLLAB,T_LDV_C_BEV400,2035.0,T_D_pkm_ldv_c,ge,0.03607462608921309,,,,,,,,TRPHRNLLAB001
NLLAB,T_LDV_C_BEV400,2040.0,T_D_pkm_ldv_c,ge,0.03607462608921309,,,,,,,,TRPHRNLLAB001
NLLAB,T_LDV_C_BEV400,2045.0,T_D_pkm_ldv_c,ge,0.03607462608921309,,,,,,,,TRPHRNLLAB001
NLLAB,T_LDV_C_CNG,2025.0,T_D_pkm_ldv_c,ge,0.03607462608921309,,,,,,,,TRPHRNLLAB001
NLLAB,T_LDV_C_CNG,2030.0,T_D_pkm_ldv_c,ge,0.03607462608921309,,,,,,,,TRPHRNLLAB001
NLLAB,T_LDV_C_CNG,2035.0,T_D_pkm_ldv_c,ge,0.03607462608921309,,,,,,,,TRPHRNLLAB001
NLLAB,T_LDV_C_CNG,2040.0,T_D_pkm_ldv_c,ge,0.03607462608921309,,,,,,,,TRPHRNLLAB001
NLLAB,T_LDV_C_CNG,2045.0,T_D_pkm_ldv_c,ge,0.03607462608921309,,,,,,,,TRPHRNLLAB001
NLLAB,T_LDV_C_DSL,2025.0,T_D_pkm_ldv_c,ge,0.03607462608921309,,,,,,,,TRPHRNLLAB001
NLLAB,T_LDV_C_DSL,2030.0,T_D_pkm_ldv_c,ge,0.03607462608921309,,,,,,,,TRPHRNLLAB001
NLLAB,T_LDV_C_DSL,2035.0,T_D_pkm_ldv_c,ge,0.03607462608921309,,,,,,,,TRPHRNLLAB001
NLLAB,T_LDV_C_DSL,2040.0,T_D_pkm_ldv_c,ge,0.03607462608921309,,,,,,,,TRPHRNLLAB001
NLLAB,T_LDV_C_DSL,2045.0,T_D_pkm_ldv_c,ge,0.03607462608921309,,,,,,,,TRPHRNLLAB001
NLLAB,T_LDV_C_FCEV400,2025.0,T_D_pkm_ldv_c,ge,0.03607462608921309,,,,,,,,TRPHRNLLAB001
NLLAB,T_LDV_C_FCEV400,2030.0,T_D_pkm_ldv_c,ge,0.03607462608921309,,,,,,,,TRPHRNLLAB001
NLLAB,T_LDV_C_FCEV400,2035.0,T_D_pkm_ldv_c,ge,0.03607462608921309,,,,,,,,TRPHRNLLAB001
NLLAB,T_LDV_C_FCEV400,2040.0,T_D_pkm_ldv_c,ge,0.03607462608921309,,,,,,,,TRPHRNLLAB001
NLLAB,T_LDV_C_FCEV400,2045.0,T_D_pkm_ldv_c,ge,0.03607462608921309,,,,,,,,TRPHRNLLAB001
NLLAB,T_LDV_C_GSL,2025.0,T_D_pkm_ldv_c,ge,0.03607462608921309,,,,,,,,TRPHRNLLAB001
NLLAB,T_LDV_C_GSL,2030.0,T_D_pkm_ldv_c,ge,0.03607462608921309,,,,,,,,TRPHRNLLAB001
NLLAB,T_LDV_C_GSL,2035.0,T_D_pkm_ldv_c,ge,0.03607462608921309,,,,,,,,TRPHRNLLAB001
NLLAB,T_LDV_C_GSL,2040.0,T_D_pkm_ldv_c,ge,0.03607462608921309,,,,,,,,TRPHRNLLAB001
NLLAB,T_LDV_C_GSL,2045.0,T_D_pkm_ldv_c,ge,0.03607462608921309,,,,,,,,TRPHRNLLAB001
NLLAB,T_LDV_C_GSL_HEV,2025.0,T_D_pkm_ldv_c,ge,0.03607462608921309,,,,,,,,TRPHRNLLAB001
NLLAB,T_LDV_C_GSL_HEV,2030.0,T_D_pkm_ldv_c,ge,0.03607462608921309,,,,,,,,TRPHRNLLAB001
NLLAB,T_LDV_C_GSL_HEV,2035.0,T_D_pkm_ldv_c,ge,0.03607462608921309,,,,,,,,TRPHRNLLAB001
NLLAB,T_LDV_C_GSL_HEV,2040.0,T_D_pkm_ldv_c,ge,0.03607462608921309,,,,,,,,TRPHRNLLAB001
NLLAB,T_LDV_C_GSL_HEV,2045.0,T_D_pkm_ldv_c,ge,0.03607462608921309,,,,,,,,TRPHRNLLAB001
NLLAB,T_LDV_C_GSL_PHEV35,2025.0,T_D_pkm_ldv_c,ge,0.03607462608921309,,,,,,,,TRPHRNLLAB001
NLLAB,T_LDV_C_GSL_PHEV35,2030.0,T_D_pkm_ldv_c,ge,0.03607462608921309,,,,,,,,TRPHRNLLAB001
NLLAB,T_LDV_C_GSL_PHEV35,2035.0,T_D_pkm_ldv_c,ge,0.03607462608921309,,,,,,,,TRPHRNLLAB001
NLLAB,T_LDV_C_GSL_PHEV35,2040.0,T_D_pkm_ldv_c,ge,0.03607462608921309,,,,,,,,TRPHRNLLAB001
NLLAB,T_LDV_C_GSL_PHEV35,2045.0,T_D_pkm_ldv_c,ge,0.03607462608921309,,,,,,,,TRPHRNLLAB001
NLLAB,T_LDV_C_GSL_PHEV50,2025.0,T_D_pkm_ldv_c,ge,0.03607462608921309,,,,,,,,TRPHRNLLAB001
NLLAB,T_LDV_C_GSL_PHEV50,2030.0,T_D_pkm_ldv_c,ge,0.03607462608921309,,,,,,,,TRPHRNLLAB001
NLLAB,T_LDV_C_GSL_PHEV50,2035.0,T_D_pkm_ldv_c,ge,0.03607462608921309,,,,,,,,TRPHRNLLAB001
NLLAB,T_LDV_C_GSL_PHEV50,2040.0,T_D_pkm_ldv_c,ge,0.03607462608921309,,,,,,,,TRPHRNLLAB001
NLLAB,T_LDV_C_GSL_PHEV50,2045.0,T_D_pkm_ldv_c,ge,0.03607462608921309,,,,,,,,TRPHRNLLAB001
NS,T_LDV_C_BEV150,2025.0,T_D_pkm_ldv_c,ge,0.03607462608921309,,,,,,,,TRPHRNS001
NS,T_LDV_C_BEV150,2030.0,T_D_pkm_ldv_c,ge,0.03607462608921309,,,,,,,,TRPHRNS001
NS,T_LDV_C_BEV150,2035.0,T_D_pkm_ldv_c,ge,0.03607462608921309,,,,,,,,TRPHRNS001
NS,T_LDV_C_BEV150,2040.0,T_D_pkm_ldv_c,ge,0.03607462608921309,,,,,,,,TRPHRNS001
NS,T_LDV_C_BEV150,2045.0,T_D_pkm_ldv_c,ge,0.03607462608921309,,,,,,,,TRPHRNS001
NS,T_LDV_C_BEV200,2025.0,T_D_pkm_ldv_c,ge,0.03607462608921309,,,,,,,,TRPHRNS001
NS,T_LDV_C_BEV200,2030.0,T_D_pkm_ldv_c,ge,0.03607462608921309,,,,,,,,TRPHRNS001
NS,T_LDV_C_BEV200,2035.0,T_D_pkm_ldv_c,ge,0.03607462608921309,,,,,,,,TRPHRNS001
NS,T_LDV_C_BEV200,2040.0,T_D_pkm_ldv_c,ge,0.03607462608921309,,,,,,,,TRPHRNS001
NS,T_LDV_C_BEV200,2045.0,T_D_pkm_ldv_c,ge,0.03607462608921309,,,,,,,,TRPHRNS001
NS,T_LDV_C_BEV300,2025.0,T_D_pkm_ldv_c,ge,0.03607462608921309,,,,,,,,TRPHRNS001
NS,T_LDV_C_BEV300,2030.0,T_D_pkm_ldv_c,ge,0.03607462608921309,,,,,,,,TRPHRNS001
NS,T_LDV_C_BEV300,2035.0,T_D_pkm_ldv_c,ge,0.03607462608921309,,,,,,,,TRPHRNS001
NS,T_LDV_C_BEV300,2040.0,T_D_pkm_ldv_c,ge,0.03607462608921309,,,,,,,,TRPHRNS001
NS,T_LDV_C_BEV300,2045.0,T_D_pkm_ldv_c,ge,0.03607462608921309,,,,,,,,TRPHRNS001
NS,T_LDV_C_BEV400,2025.0,T_D_pkm_ldv_c,ge,0.03607462608921309,,,,,,,,TRPHRNS001
NS,T_LDV_C_BEV400,2030.0,T_D_pkm_ldv_c,ge,0.03607462608921309,,,,,,,,TRPHRNS001
NS,T_LDV_C_BEV400,2035.0,T_D_pkm_ldv_c,ge,0.03607462608921309,,,,,,,,TRPHRNS001
NS,T_LDV_C_BEV400,2040.0,T_D_pkm_ldv_c,ge,0.03607462608921309,,,,,,,,TRPHRNS001
NS,T_LDV_C_BEV400,2045.0,T_D_pkm_ldv_c,ge,0.03607462608921309,,,,,,,,TRPHRNS001
NS,T_LDV_C_CNG,2025.0,T_D_pkm_ldv_c,ge,0.03607462608921309,,,,,,,,TRPHRNS001
NS,T_LDV_C_CNG,2030.0,T_D_pkm_ldv_c,ge,0.03607462608921309,,,,,,,,TRPHRNS001
NS,T_LDV_C_CNG,2035.0,T_D_pkm_ldv_c,ge,0.03607462608921309,,,,,,,,TRPHRNS001
NS,T_LDV_C_CNG,2040.0,T_D_pkm_ldv_c,ge,0.03607462608921309,,,,,,,,TRPHRNS001
NS,T_LDV_C_CNG,2045.0,T_D_pkm_ldv_c,ge,0.03607462608921309,,,,,,,,TRPHRNS001
NS,T_LDV_C_DSL,2025.0,T_D_pkm_ldv_c,ge,0.03607462608921309,,,,,,,,TRPHRNS001
NS,T_LDV_C_DSL,2030.0,T_D_pkm_ldv_c,ge,0.03607462608921309,,,,,,,,TRPHRNS001
NS,T_LDV_C_DSL,2035.0,T_D_pkm_ldv_c,ge,0.03607462608921309,,,,,,,,TRPHRNS001
NS,T_LDV_C_DSL,2040.0,T_D_pkm_ldv_c,ge,0.03607462608921309,,,,,,,,TRPHRNS001
NS,T_LDV_C_DSL,2045.0,T_D_pkm_ldv_c,ge,0.03607462608921309,,,,,,,,TRPHRNS001
NS,T_LDV_C_FCEV400,2025.0,T_D_pkm_ldv_c,ge,0.03607462608921309,,,,,,,,TRPHRNS001
NS,T_LDV_C_FCEV400,2030.0,T_D_pkm_ldv_c,ge,0.03607462608921309,,,,,,,,TRPHRNS001
NS,T_LDV_C_FCEV400,2035.0,T_D_pkm_ldv_c,ge,0.03607462608921309,,,,,,,,TRPHRNS001
NS,T_LDV_C_FCEV400,2040.0,T_D_pkm_ldv_c,ge,0.03607462608921309,,,,,,,,TRPHRNS001
NS,T_LDV_C_FCEV400,2045.0,T_D_pkm_ldv_c,ge,0.03607462608921309,,,,,,,,TRPHRNS001
NS,T_LDV_C_GSL,2025.0,T_D_pkm_ldv_c,ge,0.03607462608921309,,,,,,,,TRPHRNS001
NS,T_LDV_C_GSL,2030.0,T_D_pkm_ldv_c,ge,0.03607462608921309,,,,,,,,TRPHRNS001
NS,T_LDV_C_GSL,2035.0,T_D_pkm_ldv_c,ge,0.03607462608921309,,,,,,,,TRPHRNS001
NS,T_LDV_C_GSL,2040.0,T_D_pkm_ldv_c,ge,0.03607462608921309,,,,,,,,TRPHRNS001
NS,T_LDV_C_GSL,2045.0,T_D_pkm_ldv_c,ge,0.03607462608921309,,,,,,,,TRPHRNS001
NS,T_LDV_C_GSL_HEV,2025.0,T_D_pkm_ldv_c,ge,0.03607462608921309,,,,,,,,TRPHRNS001
NS,T_LDV_C_GSL_HEV,2030.0,T_D_pkm_ldv_c,ge,0.03607462608921309,,,,,,,,TRPHRNS001
NS,T_LDV_C_GSL_HEV,2035.0,T_D_pkm_ldv_c,ge,0.03607462608921309,,,,,,,,TRPHRNS001
NS,T_LDV_C_GSL_HEV,2040.0,T_D_pkm_ldv_c,ge,0.03607462608921309,,,,,,,,TRPHRNS001
NS,T_LDV_C_GSL_HEV,2045.0,T_D_pkm_ldv_c,ge,0.03607462608921309,,,,,,,,TRPHRNS001
NS,T_LDV_C_GSL_PHEV35,2025.0,T_D_pkm_ldv_c,ge,0.03607462608921309,,,,,,,,TRPHRNS001
NS,T_LDV_C_GSL_PHEV35,2030.0,T_D_pkm_ldv_c,ge,0.03607462608921309,,,,,,,,TRPHRNS001
NS,T_LDV_C_GSL_PHEV35,2035.0,T_D_pkm_ldv_c,ge,0.03607462608921309,,,,,,,,TRPHRNS001
NS,T_LDV_C_GSL_PHEV35,2040.0,T_D_pkm_ldv_c,ge,0.03607462608921309,,,,,,,,TRPHRNS001
NS,T_LDV_C_GSL_PHEV35,2045.0,T_D_pkm_ldv_c,ge,0.03607462608921309,,,,,,,,TRPHRNS001
NS,T_LDV_C_GSL_PHEV50,2025.0,T_D_pkm_ldv_c,ge,0.03607462608921309,,,,,,,,TRPHRNS001
NS,T_LDV_C_GSL_PHEV50,2030.0,T_D_pkm_ldv_c,ge,0.03607462608921309,,,,,,,,TRPHRNS001
NS,T_LDV_C_GSL_PHEV50,2035.0,T_D_pkm_ldv_c,ge,0.03607462608921309,,,,,,,,TRPHRNS001
NS,T_LDV_C_GSL_PHEV50,2040.0,T_D_pkm_ldv_c,ge,0.03607462608921309,,,,,,,,TRPHRNS001
NS,T_LDV_C_GSL_PHEV50,2045.0,T_D_pkm_ldv_c,ge,0.03607462608921309,,,,,,,,TRPHRNS001
ON,T_LDV_C_BEV150,2025.0,T_D_pkm_ldv_c,ge,0.03607462608921309,,,,,,,,TRPHRON001
ON,T_LDV_C_BEV150,2030.0,T_D_pkm_ldv_c,ge,0.03607462608921309,,,,,,,,TRPHRON001
ON,T_LDV_C_BEV150,2035.0,T_D_pkm_ldv_c,ge,0.03607462608921309,,,,,,,,TRPHRON001
ON,T_LDV_C_BEV150,2040.0,T_D_pkm_ldv_c,ge,0.03607462608921309,,,,,,,,TRPHRON001
ON,T_LDV_C_BEV150,2045.0,T_D_pkm_ldv_c,ge,0.03607462608921309,,,,,,,,TRPHRON001
ON,T_LDV_C_BEV200,2025.0,T_D_pkm_ldv_c,ge,0.03607462608921309,,,,,,,,TRPHRON001
ON,T_LDV_C_BEV200,2030.0,T_D_pkm_ldv_c,ge,0.03607462608921309,,,,,,,,TRPHRON001
ON,T_LDV_C_BEV200,2035.0,T_D_pkm_ldv_c,ge,0.03607462608921309,,,,,,,,TRPHRON001
ON,T_LDV_C_BEV200,2040.0,T_D_pkm_ldv_c,ge,0.03607462608921309,,,,,,,,TRPHRON001
ON,T_LDV_C_BEV200,2045.0,T_D_pkm_ldv_c,ge,0.03607462608921309,,,,,,,,TRPHRON001
ON,T_LDV_C_BEV300,2025.0,T_D_pkm_ldv_c,ge,0.03607462608921309,,,,,,,,TRPHRON001
ON,T_LDV_C_BEV300,2030.0,T_D_pkm_ldv_c,ge,0.03607462608921309,,,,,,,,TRPHRON001
ON,T_LDV_C_BEV300,2035.0,T_D_pkm_ldv_c,ge,0.03607462608921309,,,,,,,,TRPHRON001
ON,T_LDV_C_BEV300,2040.0,T_D_pkm_ldv_c,ge,0.03607462608921309,,,,,,,,TRPHRON001
ON,T_LDV_C_BEV300,2045.0,T_D_pkm_ldv_c,ge,0.03607462608921309,,,,,,,,TRPHRON001
ON,T_LDV_C_BEV400,2025.0,T_D_pkm_ldv_c,ge,0.03607462608921309,,,,,,,,TRPHRON001
ON,T_LDV_C_BEV400,2030.0,T_D_pkm_ldv_c,ge,0.03607462608921309,,,,,,,,TRPHRON001
ON,T_LDV_C_BEV400,2035.0,T_D_pkm_ldv_c,ge,0.03607462608921309,,,,,,,,TRPHRON001
ON,T_LDV_C_BEV400,2040.0,T_D_pkm_ldv_c,ge,0.03607462608921309,,,,,,,,TRPHRON001
ON,T_LDV_C_BEV400,2045.0,T_D_pkm_ldv_c,ge,0.03607462608921309,,,,,,,,TRPHRON001
ON,T_LDV_C_CNG,2025.0,T_D_pkm_ldv_c,ge,0.03607462608921309,,,,,,,,TRPHRON001
ON,T_LDV_C_CNG,2030.0,T_D_pkm_ldv_c,ge,0.03607462608921309,,,,,,,,TRPHRON001
ON,T_LDV_C_CNG,2035.0,T_D_pkm_ldv_c,ge,0.03607462608921309,,,,,,,,TRPHRON001
ON,T_LDV_C_CNG,2040.0,T_D_pkm_ldv_c,ge,0.03607462608921309,,,,,,,,TRPHRON001
ON,T_LDV_C_CNG,2045.0,T_D_pkm_ldv_c,ge,0.03607462608921309,,,,,,,,TRPHRON001
ON,T_LDV_C_DSL,2025.0,T_D_pkm_ldv_c,ge,0.03607462608921309,,,,,,,,TRPHRON001
ON,T_LDV_C_DSL,2030.0,T_D_pkm_ldv_c,ge,0.03607462608921309,,,,,,,,TRPHRON001
ON,T_LDV_C_DSL,2035.0,T_D_pkm_ldv_c,ge,0.03607462608921309,,,,,,,,TRPHRON001
ON,T_LDV_C_DSL,2040.0,T_D_pkm_ldv_c,ge,0.03607462608921309,,,,,,,,TRPHRON001
ON,T_LDV_C_DSL,2045.0,T_D_pkm_ldv_c,ge,0.03607462608921309,,,,,,,,TRPHRON001
ON,T_LDV_C_FCEV400,2025.0,T_D_pkm_ldv_c,ge,0.03607462608921309,,,,,,,,TRPHRON001
ON,T_LDV_C_FCEV400,2030.0,T_D_pkm_ldv_c,ge,0.03607462608921309,,,,,,,,TRPHRON001
ON,T_LDV_C_FCEV400,2035.0,T_D_pkm_ldv_c,ge,0.03607462608921309,,,,,,,,TRPHRON001
ON,T_LDV_C_FCEV400,2040.0,T_D_pkm_ldv_c,ge,0.03607462608921309,,,,,,,,TRPHRON001
ON,T_LDV_C_FCEV400,2045.0,T_D_pkm_ldv_c,ge,0.03607462608921309,,,,,,,,TRPHRON001
ON,T_LDV_C_GSL,2025.0,T_D_pkm_ldv_c,ge,0.03607462608921309,,,,,,,,TRPHRON001
ON,T_LDV_C_GSL,2030.0,T_D_pkm_ldv_c,ge,0.03607462608921309,,,,,,,,TRPHRON001
ON,T_LDV_C_GSL,2035.0,T_D_pkm_ldv_c,ge,0.03607462608921309,,,,,,,,TRPHRON001
ON,T_LDV_C_GSL,2040.0,T_D_pkm_ldv_c,ge,0.03607462608921309,,,,,,,,TRPHRON001
ON,T_LDV_C_GSL,2045.0,T_D_pkm_ldv_c,ge,0.03607462608921309,,,,,,,,TRPHRON001
ON,T_LDV_C_GSL_HEV,2025.0,T_D_pkm_ldv_c,ge,0.03607462608921309,,,,,,,,TRPHRON001
ON,T_LDV_C_GSL_HEV,2030.0,T_D_pkm_ldv_c,ge,0.03607462608921309,,,,,,,,TRPHRON001
ON,T_LDV_C_GSL_HEV,2035.0,T_D_pkm_ldv_c,ge,0.03607462608921309,,,,,,,,TRPHRON001
ON,T_LDV_C_GSL_HEV,2040.0,T_D_pkm_ldv_c,ge,0.03607462608921309,,,,,,,,TRPHRON001
ON,T_LDV_C_GSL_HEV,2045.0,T_D_pkm_ldv_c,ge,0.03607462608921309,,,,,,,,TRPHRON001
ON,T_LDV_C_GSL_PHEV35,2025.0,T_D_pkm_ldv_c,ge,0.03607462608921309,,,,,,,,TRPHRON001
ON,T_LDV_C_GSL_PHEV35,2030.0,T_D_pkm_ldv_c,ge,0.03607462608921309,,,,,,,,TRPHRON001
ON,T_LDV_C_GSL_PHEV35,2035.0,T_D_pkm_ldv_c,ge,0.03607462608921309,,,,,,,,TRPHRON001
ON,T_LDV_C_GSL_PHEV35,2040.0,T_D_pkm_ldv_c,ge,0.03607462608921309,,,,,,,,TRPHRON001
ON,T_LDV_C_GSL_PHEV35,2045.0,T_D_pkm_ldv_c,ge,0.03607462608921309,,,,,,,,TRPHRON001
ON,T_LDV_C_GSL_PHEV50,2025.0,T_D_pkm_ldv_c,ge,0.03607462608921309,,,,,,,,TRPHRON001
ON,T_LDV_C_GSL_PHEV50,2030.0,T_D_pkm_ldv_c,ge,0.03607462608921309,,,,,,,,TRPHRON001
ON,T_LDV_C_GSL_PHEV50,2035.0,T_D_pkm_ldv_c,ge,0.03607462608921309,,,,,,,,TRPHRON001
ON,T_LDV_C_GSL_PHEV50,2040.0,T_D_pkm_ldv_c,ge,0.03607462608921309,,,,,,,,TRPHRON001
ON,T_LDV_C_GSL_PHEV50,2045.0,T_D_pkm_ldv_c,ge,0.03607462608921309,,,,,,,,TRPHRON001
PEI,T_LDV_C_BEV150,2025.0,T_D_pkm_ldv_c,ge,0.03607462608921309,,,,,,,,TRPHRPEI001
PEI,T_LDV_C_BEV150,2030.0,T_D_pkm_ldv_c,ge,0.03607462608921309,,,,,,,,TRPHRPEI001
PEI,T_LDV_C_BEV150,2035.0,T_D_pkm_ldv_c,ge,0.03607462608921309,,,,,,,,TRPHRPEI001
PEI,T_LDV_C_BEV150,2040.0,T_D_pkm_ldv_c,ge,0.03607462608921309,,,,,,,,TRPHRPEI001
PEI,T_LDV_C_BEV150,2045.0,T_D_pkm_ldv_c,ge,0.03607462608921309,,,,,,,,TRPHRPEI001
PEI,T_LDV_C_BEV200,2025.0,T_D_pkm_ldv_c,ge,0.03607462608921309,,,,,,,,TRPHRPEI001
PEI,T_LDV_C_BEV200,2030.0,T_D_pkm_ldv_c,ge,0.03607462608921309,,,,,,,,TRPHRPEI001
PEI,T_LDV_C_BEV200,2035.0,T_D_pkm_ldv_c,ge,0.03607462608921309,,,,,,,,TRPHRPEI001
PEI,T_LDV_C_BEV200,2040.0,T_D_pkm_ldv_c,ge,0.03607462608921309,,,,,,,,TRPHRPEI001
PEI,T_LDV_C_BEV200,2045.0,T_D_pkm_ldv_c,ge,0.03607462608921309,,,,,,,,TRPHRPEI001
PEI,T_LDV_C_BEV300,2025.0,T_D_pkm_ldv_c,ge,0.03607462608921309,,,,,,,,TRPHRPEI001
PEI,T_LDV_C_BEV300,2030.0,T_D_pkm_ldv_c,ge,0.03607462608921309,,,,,,,,TRPHRPEI001
PEI,T_LDV_C_BEV300,2035.0,T_D_pkm_ldv_c,ge,0.03607462608921309,,,,,,,,TRPHRPEI001
PEI,T_LDV_C_BEV300,2040.0,T_D_pkm_ldv_c,ge,0.03607462608921309,,,,,,,,TRPHRPEI001
PEI,T_LDV_C_BEV300,2045.0,T_D_pkm_ldv_c,ge,0.03607462608921309,,,,,,,,TRPHRPEI001
PEI,T_LDV_C_BEV400,2025.0,T_D_pkm_ldv_c,ge,0.03607462608921309,,,,,,,,TRPHRPEI001
PEI,T_LDV_C_BEV400,2030.0,T_D_pkm_ldv_c,ge,0.03607462608921309,,,,,,,,TRPHRPEI001
PEI,T_LDV_C_BEV400,2035.0,T_D_pkm_ldv_c,ge,0.03607462608921309,,,,,,,,TRPHRPEI001
PEI,T_LDV_C_BEV400,2040.0,T_D_pkm_ldv_c,ge,0.03607462608921309,,,,,,,,TRPHRPEI001
PEI,T_LDV_C_BEV400,2045.0,T_D_pkm_ldv_c,ge,0.03607462608921309,,,,,,,,TRPHRPEI001
PEI,T_LDV_C_CNG,2025.0,T_D_pkm_ldv_c,ge,0.03607462608921309,,,,,,,,TRPHRPEI001
PEI,T_LDV_C_CNG,2030.0,T_D_pkm_ldv_c,ge,0.03607462608921309,,,,,,,,TRPHRPEI001
PEI,T_LDV_C_CNG,2035.0,T_D_pkm_ldv_c,ge,0.03607462608921309,,,,,,,,TRPHRPEI001
PEI,T_LDV_C_CNG,2040.0,T_D_pkm_ldv_c,ge,0.03607462608921309,,,,,,,,TRPHRPEI001
PEI,T_LDV_C_CNG,2045.0,T_D_pkm_ldv_c,ge,0.03607462608921309,,,,,,,,TRPHRPEI001
PEI,T_LDV_C_DSL,2025.0,T_D_pkm_ldv_c,ge,0.03607462608921309,,,,,,,,TRPHRPEI001
PEI,T_LDV_C_DSL,2030.0,T_D_pkm_ldv_c,ge,0.03607462608921309,,,,,,,,TRPHRPEI001
PEI,T_LDV_C_DSL,2035.0,T_D_pkm_ldv_c,ge,0.03607462608921309,,,,,,,,TRPHRPEI001
PEI,T_LDV_C_DSL,2040.0,T_D_pkm_ldv_c,ge,0.03607462608921309,,,,,,,,TRPHRPEI001
PEI,T_LDV_C_DSL,2045.0,T_D_pkm_ldv_c,ge,0.03607462608921309,,,,,,,,TRPHRPEI001
PEI,T_LDV_C_FCEV400,2025.0,T_D_pkm_ldv_c,ge,0.03607462608921309,,,,,,,,TRPHRPEI001
PEI,T_LDV_C_FCEV400,2030.0,T_D_pkm_ldv_c,ge,0.03607462608921309,,,,,,,,TRPHRPEI001
PEI,T_LDV_C_FCEV400,2035.0,T_D_pkm_ldv_c,ge,0.03607462608921309,,,,,,,,TRPHRPEI001
PEI,T_LDV_C_FCEV400,2040.0,T_D_pkm_ldv_c,ge,0.03607462608921309,,,,,,,,TRPHRPEI001
PEI,T_LDV_C_FCEV400,2045.0,T_D_pkm_ldv_c,ge,0.03607462608921309,,,,,,,,TRPHRPEI001
PEI,T_LDV_C_GSL,2025.0,T_D_pkm_ldv_c,ge,0.03607462608921309,,,,,,,,TRPHRPEI001
PEI,T_LDV_C_GSL,2030.0,T_D_pkm_ldv_c,ge,0.03607462608921309,,,,,,,,TRPHRPEI001
PEI,T_LDV_C_GSL,2035.0,T_D_pkm_ldv_c,ge,0.03607462608921309,,,,,,,,TRPHRPEI001
PEI,T_LDV_C_GSL,2040.0,T_D_pkm_ldv_c,ge,0.03607462608921309,,,,,,,,TRPHRPEI001
PEI,T_LDV_C_GSL,2045.0,T_D_pkm_ldv_c,ge,0.03607462608921309,,,,,,,,TRPHRPEI001
PEI,T_LDV_C_GSL_HEV,2025.0,T_D_pkm_ldv_c,ge,0.03607462608921309,,,,,,,,TRPHRPEI001
PEI,T_LDV_C_GSL_HEV,2030.0,T_D_pkm_ldv_c,ge,0.03607462608921309,,,,,,,,TRPHRPEI001
PEI,T_LDV_C_GSL_HEV,2035.0,T_D_pkm_ldv_c,ge,0.03607462608921309,,,,,,,,TRPHRPEI001
PEI,T_LDV_C_GSL_HEV,2040.0,T_D_pkm_ldv_c,ge,0.03607462608921309,,,,,,,,TRPHRPEI001
PEI,T_LDV_C_GSL_HEV,2045.0,T_D_pkm_ldv_c,ge,0.03607462608921309,,,,,,,,TRPHRPEI001
PEI,T_LDV_C_GSL_PHEV35,2025.0,T_D_pkm_ldv_c,ge,0.03607462608921309,,,,,,,,TRPHRPEI001
PEI,T_LDV_C_GSL_PHEV35,2030.0,T_D_pkm_ldv_c,ge,0.03607462608921309,,,,,,,,TRPHRPEI001
PEI,T_LDV_C_GSL_PHEV35,2035.0,T_D_pkm_ldv_c,ge,0.03607462608921309,,,,,,,,TRPHRPEI001
PEI,T_LDV_C_GSL_PHEV35,2040.0,T_D_pkm_ldv_c,ge,0.03607462608921309,,,,,,,,TRPHRPEI001
PEI,T_LDV_C_GSL_PHEV35,2045.0,T_D_pkm_ldv_c,ge,0.03607462608921309,,,,,,,,TRPHRPEI001
PEI,T_LDV_C_GSL_PHEV50,2025.0,T_D_pkm_ldv_c,ge,0.03607462608921309,,,,,,,,TRPHRPEI001
PEI,T_LDV_C_GSL_PHEV50,2030.0,T_D_pkm_ldv_c,ge,0.03607462608921309,,,,,,,,TRPHRPEI001
PEI,T_LDV_C_GSL_PHEV50,2035.0,T_D_pkm_ldv_c,ge,0.03607462608921309,,,,,,,,TRPHRPEI001
PEI,T_LDV_C_GSL_PHEV50,2040.0,T_D_pkm_ldv_c,ge,0.03607462608921309,,,,,,,,TRPHRPEI001
PEI,T_LDV_C_GSL_PHEV50,2045.0,T_D_pkm_ldv_c,ge,0.03607462608921309,,,,,,,,TRPHRPEI001
QC,T_LDV_C_BEV150,2025.0,T_D_pkm_ldv_c,ge,0.03607462608921309,,,,,,,,TRPHRQC001
QC,T_LDV_C_BEV150,2030.0,T_D_pkm_ldv_c,ge,0.03607462608921309,,,,,,,,TRPHRQC001
QC,T_LDV_C_BEV150,2035.0,T_D_pkm_ldv_c,ge,0.03607462608921309,,,,,,,,TRPHRQC001
QC,T_LDV_C_BEV150,2040.0,T_D_pkm_ldv_c,ge,0.03607462608921309,,,,,,,,TRPHRQC001
QC,T_LDV_C_BEV150,2045.0,T_D_pkm_ldv_c,ge,0.03607462608921309,,,,,,,,TRPHRQC001
QC,T_LDV_C_BEV200,2025.0,T_D_pkm_ldv_c,ge,0.03607462608921309,,,,,,,,TRPHRQC001
QC,T_LDV_C_BEV200,2030.0,T_D_pkm_ldv_c,ge,0.03607462608921309,,,,,,,,TRPHRQC001
QC,T_LDV_C_BEV200,2035.0,T_D_pkm_ldv_c,ge,0.03607462608921309,,,,,,,,TRPHRQC001
QC,T_LDV_C_BEV200,2040.0,T_D_pkm_ldv_c,ge,0.03607462608921309,,,,,,,,TRPHRQC001
QC,T_LDV_C_BEV200,2045.0,T_D_pkm_ldv_c,ge,0.03607462608921309,,,,,,,,TRPHRQC001
QC,T_LDV_C_BEV300,2025.0,T_D_pkm_ldv_c,ge,0.03607462608921309,,,,,,,,TRPHRQC001
QC,T_LDV_C_BEV300,2030.0,T_D_pkm_ldv_c,ge,0.03607462608921309,,,,,,,,TRPHRQC001
QC,T_LDV_C_BEV300,2035.0,T_D_pkm_ldv_c,ge,0.03607462608921309,,,,,,,,TRPHRQC001
QC,T_LDV_C_BEV300,2040.0,T_D_pkm_ldv_c,ge,0.03607462608921309,,,,,,,,TRPHRQC001
QC,T_LDV_C_BEV300,2045.0,T_D_pkm_ldv_c,ge,0.03607462608921309,,,,,,,,TRPHRQC001
QC,T_LDV_C_BEV400,2025.0,T_D_pkm_ldv_c,ge,0.03607462608921309,,,,,,,,TRPHRQC001
QC,T_LDV_C_BEV400,2030.0,T_D_pkm_ldv_c,ge,0.03607462608921309,,,,,,,,TRPHRQC001
QC,T_LDV_C_BEV400,2035.0,T_D_pkm_ldv_c,ge,0.03607462608921309,,,,,,,,TRPHRQC001
QC,T_LDV_C_BEV400,2040.0,T_D_pkm_ldv_c,ge,0.03607462608921309,,,,,,,,TRPHRQC001
QC,T_LDV_C_BEV400,2045.0,T_D_pkm_ldv_c,ge,0.03607462608921309,,,,,,,,TRPHRQC001
QC,T_LDV_C_CNG,2025.0,T_D_pkm_ldv_c,ge,0.03607462608921309,,,,,,,,TRPHRQC001
QC,T_LDV_C_CNG,2030.0,T_D_pkm_ldv_c,ge,0.03607462608921309,,,,,,,,TRPHRQC001
QC,T_LDV_C_CNG,2035.0,T_D_pkm_ldv_c,ge,0.03607462608921309,,,,,,,,TRPHRQC001
QC,T_LDV_C_CNG,2040.0,T_D_pkm_ldv_c,ge,0.03607462608921309,,,,,,,,TRPHRQC001
QC,T_LDV_C_CNG,2045.0,T_D_pkm_ldv_c,ge,0.03607462608921309,,,,,,,,TRPHRQC001
QC,T_LDV_C_DSL,2025.0,T_D_pkm_ldv_c,ge,0.03607462608921309,,,,,,,,TRPHRQC001
QC,T_LDV_C_DSL,2030.0,T_D_pkm_ldv_c,ge,0.03607462608921309,,,,,,,,TRPHRQC001
QC,T_LDV_C_DSL,2035.0,T_D_pkm_ldv_c,ge,0.03607462608921309,,,,,,,,TRPHRQC001
QC,T_LDV_C_DSL,2040.0,T_D_pkm_ldv_c,ge,0.03607462608921309,,,,,,,,TRPHRQC001
QC,T_LDV_C_DSL,2045.0,T_D_pkm_ldv_c,ge,0.03607462608921309,,,,,,,,TRPHRQC001
QC,T_LDV_C_FCEV400,2025.0,T_D_pkm_ldv_c,ge,0.03607462608921309,,,,,,,,TRPHRQC001
QC,T_LDV_C_FCEV400,2030.0,T_D_pkm_ldv_c,ge,0.03607462608921309,,,,,,,,TRPHRQC001
QC,T_LDV_C_FCEV400,2035.0,T_D_pkm_ldv_c,ge,0.03607462608921309,,,,,,,,TRPHRQC001
QC,T_LDV_C_FCEV400,2040.0,T_D_pkm_ldv_c,ge,0.03607462608921309,,,,,,,,TRPHRQC001
QC,T_LDV_C_FCEV400,2045.0,T_D_pkm_ldv_c,ge,0.03607462608921309,,,,,,,,TRPHRQC001
QC,T_LDV_C_GSL,2025.0,T_D_pkm_ldv_c,ge,0.03607462608921309,,,,,,,,TRPHRQC001
QC,T_LDV_C_GSL,2030.0,T_D_pkm_ldv_c,ge,0.03607462608921309,,,,,,,,TRPHRQC001
QC,T_LDV_C_GSL,2035.0,T_D_pkm_ldv_c,ge,0.03607462608921309,,,,,,,,TRPHRQC001
QC,T_LDV_C_GSL,2040.0,T_D_pkm_ldv_c,ge,0.03607462608921309,,,,,,,,TRPHRQC001
QC,T_LDV_C_GSL,2045.0,T_D_pkm_ldv_c,ge,0.03607462608921309,,,,,,,,TRPHRQC001
QC,T_LDV_C_GSL_HEV,2025.0,T_D_pkm_ldv_c,ge,0.03607462608921309,,,,,,,,TRPHRQC001
QC,T_LDV_C_GSL_HEV,2030.0,T_D_pkm_ldv_c,ge,0.03607462608921309,,,,,,,,TRPHRQC001
QC,T_LDV_C_GSL_HEV,2035.0,T_D_pkm_ldv_c,ge,0.03607462608921309,,,,,,,,TRPHRQC001
QC,T_LDV_C_GSL_HEV,2040.0,T_D_pkm_ldv_c,ge,0.03607462608921309,,,,,,,,TRPHRQC001
QC,T_LDV_C_GSL_HEV,2045.0,T_D_pkm_ldv_c,ge,0.03607462608921309,,,,,,,,TRPHRQC001
QC,T_LDV_C_GSL_PHEV35,2025.0,T_D_pkm_ldv_c,ge,0.03607462608921309,,,,,,,,TRPHRQC001
QC,T_LDV_C_GSL_PHEV35,2030.0,T_D_pkm_ldv_c,ge,0.03607462608921309,,,,,,,,TRPHRQC001
QC,T_LDV_C_GSL_PHEV35,2035.0,T_D_pkm_ldv_c,ge,0.03607462608921309,,,,,,,,TRPHRQC001
QC,T_LDV_C_GSL_PHEV35,2040.0,T_D_pkm_ldv_c,ge,0.03607462608921309,,,,,,,,TRPHRQC001
QC,T_LDV_C_GSL_PHEV35,2045.0,T_D_pkm_ldv_c,ge,0.03607462608921309,,,,,,,,TRPHRQC001
QC,T_LDV_C_GSL_PHEV50,2025.0,T_D_pkm_ldv_c,ge,0.03607462608921309,,,,,,,,TRPHRQC001
QC,T_LDV_C_GSL_PHEV50,2030.0,T_D_pkm_ldv_c,ge,0.03607462608921309,,,,,,,,TRPHRQC001
QC,T_LDV_C_GSL_PHEV50,2035.0,T_D_pkm_ldv_c,ge,0.03607462608921309,,,,,,,,TRPHRQC001
QC,T_LDV_C_GSL_PHEV50,2040.0,T_D_pkm_ldv_c,ge,0.03607462608921309,,,,,,,,TRPHRQC001
QC,T_LDV_C_GSL_PHEV50,2045.0,T_D_pkm_ldv_c,ge,0.03607462608921309,,,,,,,,TRPHRQC001
SK,T_LDV_C_BEV150,2025.0,T_D_pkm_ldv_c,ge,0.03607462608921309,,,,,,,,TRPHRSK001
SK,T_LDV_C_BEV150,2030.0,T_D_pkm_ldv_c,ge,0.03607462608921309,,,,,,,,TRPHRSK001
SK,T_LDV_C_BEV150,2035.0,T_D_pkm_ldv_c,ge,0.03607462608921309,,,,,,,,TRPHRSK001
SK,T_LDV_C_BEV150,2040.0,T_D_pkm_ldv_c,ge,0.03607462608921309,,,,,,,,TRPHRSK001
SK,T_LDV_C_BEV150,2045.0,T_D_pkm_ldv_c,ge,0.03607462608921309,,,,,,,,TRPHRSK001
SK,T_LDV_C_BEV200,2025.0,T_D_pkm_ldv_c,ge,0.03607462608921309,,,,,,,,TRPHRSK001
SK,T_LDV_C_BEV200,2030.0,T_D_pkm_ldv_c,ge,0.03607462608921309,,,,,,,,TRPHRSK001
SK,T_LDV_C_BEV200,2035.0,T_D_pkm_ldv_c,ge,0.03607462608921309,,,,,,,,TRPHRSK001
SK,T_LDV_C_BEV200,2040.0,T_D_pkm_ldv_c,ge,0.03607462608921309,,,,,,,,TRPHRSK001
SK,T_LDV_C_BEV200,2045.0,T_D_pkm_ldv_c,ge,0.03607462608921309,,,,,,,,TRPHRSK001
SK,T_LDV_C_BEV300,2025.0,T_D_pkm_ldv_c,ge,0.03607462608921309,,,,,,,,TRPHRSK001
SK,T_LDV_C_BEV300,2030.0,T_D_pkm_ldv_c,ge,0.03607462608921309,,,,,,,,TRPHRSK001
SK,T_LDV_C_BEV300,2035.0,T_D_pkm_ldv_c,ge,0.03607462608921309,,,,,,,,TRPHRSK001
SK,T_LDV_C_BEV300,2040.0,T_D_pkm_ldv_c,ge,0.03607462608921309,,,,,,,,TRPHRSK001
SK,T_LDV_C_BEV300,2045.0,T_D_pkm_ldv_c,ge,0.03607462608921309,,,,,,,,TRPHRSK001
SK,T_LDV_C_BEV400,2025.0,T_D_pkm_ldv_c,ge,0.03607462608921309,,,,,,,,TRPHRSK001
SK,T_LDV_C_BEV400,2030.0,T_D_pkm_ldv_c,ge,0.03607462608921309,,,,,,,,TRPHRSK001
SK,T_LDV_C_BEV400,2035.0,T_D_pkm_ldv_c,ge,0.03607462608921309,,,,,,,,TRPHRSK001
SK,T_LDV_C_BEV400,2040.0,T_D_pkm_ldv_c,ge,0.03607462608921309,,,,,,,,TRPHRSK001
SK,T_LDV_C_BEV400,2045.0,T_D_pkm_ldv_c,ge,0.03607462608921309,,,,,,,,TRPHRSK001
SK,T_LDV_C_CNG,2025.0,T_D_pkm_ldv_c,ge,0.03607462608921309,,,,,,,,TRPHRSK001
SK,T_LDV_C_CNG,2030.0,T_D_pkm_ldv_c,ge,0.03607462608921309,,,,,,,,TRPHRSK001
SK,T_LDV_C_CNG,2035.0,T_D_pkm_ldv_c,ge,0.03607462608921309,,,,,,,,TRPHRSK001
SK,T_LDV_C_CNG,2040.0,T_D_pkm_ldv_c,ge,0.03607462608921309,,,,,,,,TRPHRSK001
SK,T_LDV_C_CNG,2045.0,T_D_pkm_ldv_c,ge,0.03607462608921309,,,,,,,,TRPHRSK001
SK,T_LDV_C_DSL,2025.0,T_D_pkm_ldv_c,ge,0.03607462608921309,,,,,,,,TRPHRSK001
SK,T_LDV_C_DSL,2030.0,T_D_pkm_ldv_c,ge,0.03607462608921309,,,,,,,,TRPHRSK001
SK,T_LDV_C_DSL,2035.0,T_D_pkm_ldv_c,ge,0.03607462608921309,,,,,,,,TRPHRSK001
SK,T_LDV_C_DSL,2040.0,T_D_pkm_ldv_c,ge,0.03607462608921309,,,,,,,,TRPHRSK001
SK,T_LDV_C_DSL,2045.0,T_D_pkm_ldv_c,ge,0.03607462608921309,,,,,,,,TRPHRSK001
SK,T_LDV_C_FCEV400,2025.0,T_D_pkm_ldv_c,ge,0.03607462608921309,,,,,,,,TRPHRSK001
SK,T_LDV_C_FCEV400,2030.0,T_D_pkm_ldv_c,ge,0.03607462608921309,,,,,,,,TRPHRSK001
SK,T_LDV_C_FCEV400,2035.0,T_D_pkm_ldv_c,ge,0.03607462608921309,,,,,,,,TRPHRSK001
SK,T_LDV_C_FCEV400,2040.0,T_D_pkm_ldv_c,ge,0.03607462608921309,,,,,,,,TRPHRSK001
SK,T_LDV_C_FCEV400,2045.0,T_D_pkm_ldv_c,ge,0.03607462608921309,,,,,,,,TRPHRSK001
SK,T_LDV_C_GSL,2025.0,T_D_pkm_ldv_c,ge,0.03607462608921309,,,,,,,,TRPHRSK001
SK,T_LDV_C_GSL,2030.0,T_D_pkm_ldv_c,ge,0.03607462608921309,,,,,,,,TRPHRSK001
SK,T_LDV_C_GSL,2035.0,T_D_pkm_ldv_c,ge,0.03607462608921309,,,,,,,,TRPHRSK001
SK,T_LDV_C_GSL,2040.0,T_D_pkm_ldv_c,ge,0.03607462608921309,,,,,,,,TRPHRSK001
SK,T_LDV_C_GSL,2045.0,T_D_pkm_ldv_c,ge,0.03607462608921309,,,,,,,,TRPHRSK001
SK,T_LDV_C_GSL_HEV,2025.0,T_D_pkm_ldv_c,ge,0.03607462608921309,,,,,,,,TRPHRSK001
SK,T_LDV_C_GSL_HEV,2030.0,T_D_pkm_ldv_c,ge,0.03607462608921309,,,,,,,,TRPHRSK001
SK,T_LDV_C_GSL_HEV,2035.0,T_D_pkm_ldv_c,ge,0.03607462608921309,,,,,,,,TRPHRSK001
SK,T_LDV_C_GSL_HEV,2040.0,T_D_pkm_ldv_c,ge,0.03607462608921309,,,,,,,,TRPHRSK001
SK,T_LDV_C_GSL_HEV,2045.0,T_D_pkm_ldv_c,ge,0.03607462608921309,,,,,,,,TRPHRSK001
SK,T_LDV_C_GSL_PHEV35,2025.0,T_D_pkm_ldv_c,ge,0.03607462608921309,,,,,,,,TRPHRSK001
SK,T_LDV_C_GSL_PHEV35,2030.0,T_D_pkm_ldv_c,ge,0.03607462608921309,,,,,,,,TRPHRSK001
SK,T_LDV_C_GSL_PHEV35,2035.0,T_D_pkm_ldv_c,ge,0.03607462608921309,,,,,,,,TRPHRSK001
SK,T_LDV_C_GSL_PHEV35,2040.0,T_D_pkm_ldv_c,ge,0.03607462608921309,,,,,,,,TRPHRSK001
SK,T_LDV_C_GSL_PHEV35,2045.0,T_D_pkm_ldv_c,ge,0.03607462608921309,,,,,,,,TRPHRSK001
SK,T_LDV_C_GSL_PHEV50,2025.0,T_D_pkm_ldv_c,ge,0.03607462608921309,,,,,,,,TRPHRSK001
SK,T_LDV_C_GSL_PHEV50,2030.0,T_D_pkm_ldv_c,ge,0.03607462608921309,,,,,,,,TRPHRSK001
SK,T_LDV_C_GSL_PHEV50,2035.0,T_D_pkm_ldv_c,ge,0.03607462608921309,,,,,,,,TRPHRSK001
SK,T_LDV_C_GSL_PHEV50,2040.0,T_D_pkm_ldv_c,ge,0.03607462608921309,,,,,,,,TRPHRSK001
SK,T_LDV_C_GSL_PHEV50,2045.0,T_D_pkm_ldv_c,ge,0.03607462608921309,,,,,,,,TRPHRSK001
AB,T_LDV_LTP_BEV150,2025.0,T_D_pkm_ldv_t,ge,0.018305386420573125,,,,,,,,TRPHRAB001
AB,T_LDV_LTP_BEV150,2030.0,T_D_pkm_ldv_t,ge,0.018305386420573125,,,,,,,,TRPHRAB001
AB,T_LDV_LTP_BEV150,2035.0,T_D_pkm_ldv_t,ge,0.018305386420573125,,,,,,,,TRPHRAB001
AB,T_LDV_LTP_BEV150,2040.0,T_D_pkm_ldv_t,ge,0.018305386420573125,,,,,,,,TRPHRAB001
AB,T_LDV_LTP_BEV150,2045.0,T_D_pkm_ldv_t,ge,0.018305386420573125,,,,,,,,TRPHRAB001
AB,T_LDV_LTP_BEV200,2025.0,T_D_pkm_ldv_t,ge,0.018305386420573125,,,,,,,,TRPHRAB001
AB,T_LDV_LTP_BEV200,2030.0,T_D_pkm_ldv_t,ge,0.018305386420573125,,,,,,,,TRPHRAB001
AB,T_LDV_LTP_BEV200,2035.0,T_D_pkm_ldv_t,ge,0.018305386420573125,,,,,,,,TRPHRAB001
AB,T_LDV_LTP_BEV200,2040.0,T_D_pkm_ldv_t,ge,0.018305386420573125,,,,,,,,TRPHRAB001
AB,T_LDV_LTP_BEV200,2045.0,T_D_pkm_ldv_t,ge,0.018305386420573125,,,,,,,,TRPHRAB001
AB,T_LDV_LTP_BEV300,2025.0,T_D_pkm_ldv_t,ge,0.018305386420573125,,,,,,,,TRPHRAB001
AB,T_LDV_LTP_BEV300,2030.0,T_D_pkm_ldv_t,ge,0.018305386420573125,,,,,,,,TRPHRAB001
AB,T_LDV_LTP_BEV300,2035.0,T_D_pkm_ldv_t,ge,0.018305386420573125,,,,,,,,TRPHRAB001
AB,T_LDV_LTP_BEV300,2040.0,T_D_pkm_ldv_t,ge,0.018305386420573125,,,,,,,,TRPHRAB001
AB,T_LDV_LTP_BEV300,2045.0,T_D_pkm_ldv_t,ge,0.018305386420573125,,,,,,,,TRPHRAB001
AB,T_LDV_LTP_BEV400,2025.0,T_D_pkm_ldv_t,ge,0.018305386420573125,,,,,,,,TRPHRAB001
AB,T_LDV_LTP_BEV400,2030.0,T_D_pkm_ldv_t,ge,0.018305386420573125,,,,,,,,TRPHRAB001
AB,T_LDV_LTP_BEV400,2035.0,T_D_pkm_ldv_t,ge,0.018305386420573125,,,,,,,,TRPHRAB001
AB,T_LDV_LTP_BEV400,2040.0,T_D_pkm_ldv_t,ge,0.018305386420573125,,,,,,,,TRPHRAB001
AB,T_LDV_LTP_BEV400,2045.0,T_D_pkm_ldv_t,ge,0.018305386420573125,,,,,,,,TRPHRAB001
AB,T_LDV_LTP_CNG,2025.0,T_D_pkm_ldv_t,ge,0.018305386420573125,,,,,,,,TRPHRAB001
AB,T_LDV_LTP_CNG,2030.0,T_D_pkm_ldv_t,ge,0.018305386420573125,,,,,,,,TRPHRAB001
AB,T_LDV_LTP_CNG,2035.0,T_D_pkm_ldv_t,ge,0.018305386420573125,,,,,,,,TRPHRAB001
AB,T_LDV_LTP_CNG,2040.0,T_D_pkm_ldv_t,ge,0.018305386420573125,,,,,,,,TRPHRAB001
AB,T_LDV_LTP_CNG,2045.0,T_D_pkm_ldv_t,ge,0.018305386420573125,,,,,,,,TRPHRAB001
AB,T_LDV_LTP_DSL,2025.0,T_D_pkm_ldv_t,ge,0.018305386420573125,,,,,,,,TRPHRAB001
AB,T_LDV_LTP_DSL,2030.0,T_D_pkm_ldv_t,ge,0.018305386420573125,,,,,,,,TRPHRAB001
AB,T_LDV_LTP_DSL,2035.0,T_D_pkm_ldv_t,ge,0.018305386420573125,,,,,,,,TRPHRAB001
AB,T_LDV_LTP_DSL,2040.0,T_D_pkm_ldv_t,ge,0.018305386420573125,,,,,,,,TRPHRAB001
AB,T_LDV_LTP_DSL,2045.0,T_D_pkm_ldv_t,ge,0.018305386420573125,,,,,,,,TRPHRAB001
AB,T_LDV_LTP_FCEV400,2025.0,T_D_pkm_ldv_t,ge,0.018305386420573125,,,,,,,,TRPHRAB001
AB,T_LDV_LTP_FCEV400,2030.0,T_D_pkm_ldv_t,ge,0.018305386420573125,,,,,,,,TRPHRAB001
AB,T_LDV_LTP_FCEV400,2035.0,T_D_pkm_ldv_t,ge,0.018305386420573125,,,,,,,,TRPHRAB001
AB,T_LDV_LTP_FCEV400,2040.0,T_D_pkm_ldv_t,ge,0.018305386420573125,,,,,,,,TRPHRAB001
AB,T_LDV_LTP_FCEV400,2045.0,T_D_pkm_ldv_t,ge,0.018305386420573125,,,,,,,,TRPHRAB001
AB,T_LDV_LTP_GSL,2025.0,T_D_pkm_ldv_t,ge,0.018305386420573125,,,,,,,,TRPHRAB001
AB,T_LDV_LTP_GSL,2030.0,T_D_pkm_ldv_t,ge,0.018305386420573125,,,,,,,,TRPHRAB001
AB,T_LDV_LTP_GSL,2035.0,T_D_pkm_ldv_t,ge,0.018305386420573125,,,,,,,,TRPHRAB001
AB,T_LDV_LTP_GSL,2040.0,T_D_pkm_ldv_t,ge,0.018305386420573125,,,,,,,,TRPHRAB001
AB,T_LDV_LTP_GSL,2045.0,T_D_pkm_ldv_t,ge,0.018305386420573125,,,,,,,,TRPHRAB001
AB,T_LDV_LTP_GSL_HEV,2025.0,T_D_pkm_ldv_t,ge,0.018305386420573125,,,,,,,,TRPHRAB001
AB,T_LDV_LTP_GSL_HEV,2030.0,T_D_pkm_ldv_t,ge,0.018305386420573125,,,,,,,,TRPHRAB001
AB,T_LDV_LTP_GSL_HEV,2035.0,T_D_pkm_ldv_t,ge,0.018305386420573125,,,,,,,,TRPHRAB001
AB,T_LDV_LTP_GSL_HEV,2040.0,T_D_pkm_ldv_t,ge,0.018305386420573125,,,,,,,,TRPHRAB001
AB,T_LDV_LTP_GSL_HEV,2045.0,T_D_pkm_ldv_t,ge,0.018305386420573125,,,,,,,,TRPHRAB001
AB,T_LDV_LTP_GSL_PHEV35,2025.0,T_D_pkm_ldv_t,ge,0.018305386420573125,,,,,,,,TRPHRAB001
AB,T_LDV_LTP_GSL_PHEV35,2030.0,T_D_pkm_ldv_t,ge,0.018305386420573125,,,,,,,,TRPHRAB001
AB,T_LDV_LTP_GSL_PHEV35,2035.0,T_D_pkm_ldv_t,ge,0.018305386420573125,,,,,,,,TRPHRAB001
AB,T_LDV_LTP_GSL_PHEV35,2040.0,T_D_pkm_ldv_t,ge,0.018305386420573125,,,,,,,,TRPHRAB001
AB,T_LDV_LTP_GSL_PHEV35,2045.0,T_D_pkm_ldv_t,ge,0.018305386420573125,,,,,,,,TRPHRAB001
AB,T_LDV_LTP_GSL_PHEV50,2025.0,T_D_pkm_ldv_t,ge,0.018305386420573125,,,,,,,,TRPHRAB001
AB,T_LDV_LTP_GSL_PHEV50,2030.0,T_D_pkm_ldv_t,ge,0.018305386420573125,,,,,,,,TRPHRAB001
AB,T_LDV_LTP_GSL_PHEV50,2035.0,T_D_pkm_ldv_t,ge,0.018305386420573125,,,,,,,,TRPHRAB001
AB,T_LDV_LTP_GSL_PHEV50,2040.0,T_D_pkm_ldv_t,ge,0.018305386420573125,,,,,,,,TRPHRAB001
AB,T_LDV_LTP_GSL_PHEV50,2045.0,T_D_pkm_ldv_t,ge,0.018305386420573125,,,,,,,,TRPHRAB001
BC,T_LDV_LTP_BEV150,2025.0,T_D_pkm_ldv_t,ge,0.018305386420573125,,,,,,,,TRPHRBC001
BC,T_LDV_LTP_BEV150,2030.0,T_D_pkm_ldv_t,ge,0.018305386420573125,,,,,,,,TRPHRBC001
BC,T_LDV_LTP_BEV150,2035.0,T_D_pkm_ldv_t,ge,0.018305386420573125,,,,,,,,TRPHRBC001
BC,T_LDV_LTP_BEV150,2040.0,T_D_pkm_ldv_t,ge,0.018305386420573125,,,,,,,,TRPHRBC001
BC,T_LDV_LTP_BEV150,2045.0,T_D_pkm_ldv_t,ge,0.018305386420573125,,,,,,,,TRPHRBC001
BC,T_LDV_LTP_BEV200,2025.0,T_D_pkm_ldv_t,ge,0.018305386420573125,,,,,,,,TRPHRBC001
BC,T_LDV_LTP_BEV200,2030.0,T_D_pkm_ldv_t,ge,0.018305386420573125,,,,,,,,TRPHRBC001
BC,T_LDV_LTP_BEV200,2035.0,T_D_pkm_ldv_t,ge,0.018305386420573125,,,,,,,,TRPHRBC001
BC,T_LDV_LTP_BEV200,2040.0,T_D_pkm_ldv_t,ge,0.018305386420573125,,,,,,,,TRPHRBC001
BC,T_LDV_LTP_BEV200,2045.0,T_D_pkm_ldv_t,ge,0.018305386420573125,,,,,,,,TRPHRBC001
BC,T_LDV_LTP_BEV300,2025.0,T_D_pkm_ldv_t,ge,0.018305386420573125,,,,,,,,TRPHRBC001
BC,T_LDV_LTP_BEV300,2030.0,T_D_pkm_ldv_t,ge,0.018305386420573125,,,,,,,,TRPHRBC001
BC,T_LDV_LTP_BEV300,2035.0,T_D_pkm_ldv_t,ge,0.018305386420573125,,,,,,,,TRPHRBC001
BC,T_LDV_LTP_BEV300,2040.0,T_D_pkm_ldv_t,ge,0.018305386420573125,,,,,,,,TRPHRBC001
BC,T_LDV_LTP_BEV300,2045.0,T_D_pkm_ldv_t,ge,0.018305386420573125,,,,,,,,TRPHRBC001
BC,T_LDV_LTP_BEV400,2025.0,T_D_pkm_ldv_t,ge,0.018305386420573125,,,,,,,,TRPHRBC001
BC,T_LDV_LTP_BEV400,2030.0,T_D_pkm_ldv_t,ge,0.018305386420573125,,,,,,,,TRPHRBC001
BC,T_LDV_LTP_BEV400,2035.0,T_D_pkm_ldv_t,ge,0.018305386420573125,,,,,,,,TRPHRBC001
BC,T_LDV_LTP_BEV400,2040.0,T_D_pkm_ldv_t,ge,0.018305386420573125,,,,,,,,TRPHRBC001
BC,T_LDV_LTP_BEV400,2045.0,T_D_pkm_ldv_t,ge,0.018305386420573125,,,,,,,,TRPHRBC001
BC,T_LDV_LTP_CNG,2025.0,T_D_pkm_ldv_t,ge,0.018305386420573125,,,,,,,,TRPHRBC001
BC,T_LDV_LTP_CNG,2030.0,T_D_pkm_ldv_t,ge,0.018305386420573125,,,,,,,,TRPHRBC001
BC,T_LDV_LTP_CNG,2035.0,T_D_pkm_ldv_t,ge,0.018305386420573125,,,,,,,,TRPHRBC001
BC,T_LDV_LTP_CNG,2040.0,T_D_pkm_ldv_t,ge,0.018305386420573125,,,,,,,,TRPHRBC001
BC,T_LDV_LTP_CNG,2045.0,T_D_pkm_ldv_t,ge,0.018305386420573125,,,,,,,,TRPHRBC001
BC,T_LDV_LTP_DSL,2025.0,T_D_pkm_ldv_t,ge,0.018305386420573125,,,,,,,,TRPHRBC001
BC,T_LDV_LTP_DSL,2030.0,T_D_pkm_ldv_t,ge,0.018305386420573125,,,,,,,,TRPHRBC001
BC,T_LDV_LTP_DSL,2035.0,T_D_pkm_ldv_t,ge,0.018305386420573125,,,,,,,,TRPHRBC001
BC,T_LDV_LTP_DSL,2040.0,T_D_pkm_ldv_t,ge,0.018305386420573125,,,,,,,,TRPHRBC001
BC,T_LDV_LTP_DSL,2045.0,T_D_pkm_ldv_t,ge,0.018305386420573125,,,,,,,,TRPHRBC001
BC,T_LDV_LTP_FCEV400,2025.0,T_D_pkm_ldv_t,ge,0.018305386420573125,,,,,,,,TRPHRBC001
BC,T_LDV_LTP_FCEV400,2030.0,T_D_pkm_ldv_t,ge,0.018305386420573125,,,,,,,,TRPHRBC001
BC,T_LDV_LTP_FCEV400,2035.0,T_D_pkm_ldv_t,ge,0.018305386420573125,,,,,,,,TRPHRBC001
BC,T_LDV_LTP_FCEV400,2040.0,T_D_pkm_ldv_t,ge,0.018305386420573125,,,,,,,,TRPHRBC001
BC,T_LDV_LTP_FCEV400,2045.0,T_D_pkm_ldv_t,ge,0.018305386420573125,,,,,,,,TRPHRBC001
BC,T_LDV_LTP_GSL,2025.0,T_D_pkm_ldv_t,ge,0.018305386420573125,,,,,,,,TRPHRBC001
BC,T_LDV_LTP_GSL,2030.0,T_D_pkm_ldv_t,ge,0.018305386420573125,,,,,,,,TRPHRBC001
BC,T_LDV_LTP_GSL,2035.0,T_D_pkm_ldv_t,ge,0.018305386420573125,,,,,,,,TRPHRBC001
BC,T_LDV_LTP_GSL,2040.0,T_D_pkm_ldv_t,ge,0.018305386420573125,,,,,,,,TRPHRBC001
BC,T_LDV_LTP_GSL,2045.0,T_D_pkm_ldv_t,ge,0.018305386420573125,,,,,,,,TRPHRBC001
BC,T_LDV_LTP_GSL_HEV,2025.0,T_D_pkm_ldv_t,ge,0.018305386420573125,,,,,,,,TRPHRBC001
BC,T_LDV_LTP_GSL_HEV,2030.0,T_D_pkm_ldv_t,ge,0.018305386420573125,,,,,,,,TRPHRBC001
BC,T_LDV_LTP_GSL_HEV,2035.0,T_D_pkm_ldv_t,ge,0.018305386420573125,,,,,,,,TRPHRBC001
BC,T_LDV_LTP_GSL_HEV,2040.0,T_D_pkm_ldv_t,ge,0.018305386420573125,,,,,,,,TRPHRBC001
BC,T_LDV_LTP_GSL_HEV,2045.0,T_D_pkm_ldv_t,ge,0.018305386420573125,,,,,,,,TRPHRBC001
BC,T_LDV_LTP_GSL_PHEV35,2025.0,T_D_pkm_ldv_t,ge,0.018305386420573125,,,,,,,,TRPHRBC001
BC,T_LDV_LTP_GSL_PHEV35,2030.0,T_D_pkm_ldv_t,ge,0.018305386420573125,,,,,,,,TRPHRBC001
BC,T_LDV_LTP_GSL_PHEV35,2035.0,T_D_pkm_ldv_t,ge,0.018305386420573125,,,,,,,,TRPHRBC001
BC,T_LDV_LTP_GSL_PHEV35,2040.0,T_D_pkm_ldv_t,ge,0.018305386420573125,,,,,,,,TRPHRBC001
BC,T_LDV_LTP_GSL_PHEV35,2045.0,T_D_pkm_ldv_t,ge,0.018305386420573125,,,,,,,,TRPHRBC001
BC,T_LDV_LTP_GSL_PHEV50,2025.0,T_D_pkm_ldv_t,ge,0.018305386420573125,,,,,,,,TRPHRBC001
BC,T_LDV_LTP_GSL_PHEV50,2030.0,T_D_pkm_ldv_t,ge,0.018305386420573125,,,,,,,,TRPHRBC001
BC,T_LDV_LTP_GSL_PHEV50,2035.0,T_D_pkm_ldv_t,ge,0.018305386420573125,,,,,,,,TRPHRBC001
BC,T_LDV_LTP_GSL_PHEV50,2040.0,T_D_pkm_ldv_t,ge,0.018305386420573125,,,,,,,,TRPHRBC001
BC,T_LDV_LTP_GSL_PHEV50,2045.0,T_D_pkm_ldv_t,ge,0.018305386420573125,,,,,,,,TRPHRBC001
MB,T_LDV_LTP_BEV150,2025.0,T_D_pkm_ldv_t,ge,0.018305386420573125,,,,,,,,TRPHRMB001
MB,T_LDV_LTP_BEV150,2030.0,T_D_pkm_ldv_t,ge,0.018305386420573125,,,,,,,,TRPHRMB001
MB,T_LDV_LTP_BEV150,2035.0,T_D_pkm_ldv_t,ge,0.018305386420573125,,,,,,,,TRPHRMB001
MB,T_LDV_LTP_BEV150,2040.0,T_D_pkm_ldv_t,ge,0.018305386420573125,,,,,,,,TRPHRMB001
MB,T_LDV_LTP_BEV150,2045.0,T_D_pkm_ldv_t,ge,0.018305386420573125,,,,,,,,TRPHRMB001
MB,T_LDV_LTP_BEV200,2025.0,T_D_pkm_ldv_t,ge,0.018305386420573125,,,,,,,,TRPHRMB001
MB,T_LDV_LTP_BEV200,2030.0,T_D_pkm_ldv_t,ge,0.018305386420573125,,,,,,,,TRPHRMB001
MB,T_LDV_LTP_BEV200,2035.0,T_D_pkm_ldv_t,ge,0.018305386420573125,,,,,,,,TRPHRMB001
MB,T_LDV_LTP_BEV200,2040.0,T_D_pkm_ldv_t,ge,0.018305386420573125,,,,,,,,TRPHRMB001
MB,T_LDV_LTP_BEV200,2045.0,T_D_pkm_ldv_t,ge,0.018305386420573125,,,,,,,,TRPHRMB001
MB,T_LDV_LTP_BEV300,2025.0,T_D_pkm_ldv_t,ge,0.018305386420573125,,,,,,,,TRPHRMB001
MB,T_LDV_LTP_BEV300,2030.0,T_D_pkm_ldv_t,ge,0.018305386420573125,,,,,,,,TRPHRMB001
MB,T_LDV_LTP_BEV300,2035.0,T_D_pkm_ldv_t,ge,0.018305386420573125,,,,,,,,TRPHRMB001
MB,T_LDV_LTP_BEV300,2040.0,T_D_pkm_ldv_t,ge,0.018305386420573125,,,,,,,,TRPHRMB001
MB,T_LDV_LTP_BEV300,2045.0,T_D_pkm_ldv_t,ge,0.018305386420573125,,,,,,,,TRPHRMB001
MB,T_LDV_LTP_BEV400,2025.0,T_D_pkm_ldv_t,ge,0.018305386420573125,,,,,,,,TRPHRMB001
MB,T_LDV_LTP_BEV400,2030.0,T_D_pkm_ldv_t,ge,0.018305386420573125,,,,,,,,TRPHRMB001
MB,T_LDV_LTP_BEV400,2035.0,T_D_pkm_ldv_t,ge,0.018305386420573125,,,,,,,,TRPHRMB001
MB,T_LDV_LTP_BEV400,2040.0,T_D_pkm_ldv_t,ge,0.018305386420573125,,,,,,,,TRPHRMB001
MB,T_LDV_LTP_BEV400,2045.0,T_D_pkm_ldv_t,ge,0.018305386420573125,,,,,,,,TRPHRMB001
MB,T_LDV_LTP_CNG,2025.0,T_D_pkm_ldv_t,ge,0.018305386420573125,,,,,,,,TRPHRMB001
MB,T_LDV_LTP_CNG,2030.0,T_D_pkm_ldv_t,ge,0.018305386420573125,,,,,,,,TRPHRMB001
MB,T_LDV_LTP_CNG,2035.0,T_D_pkm_ldv_t,ge,0.018305386420573125,,,,,,,,TRPHRMB001
MB,T_LDV_LTP_CNG,2040.0,T_D_pkm_ldv_t,ge,0.018305386420573125,,,,,,,,TRPHRMB001
MB,T_LDV_LTP_CNG,2045.0,T_D_pkm_ldv_t,ge,0.018305386420573125,,,,,,,,TRPHRMB001
MB,T_LDV_LTP_DSL,2025.0,T_D_pkm_ldv_t,ge,0.018305386420573125,,,,,,,,TRPHRMB001
MB,T_LDV_LTP_DSL,2030.0,T_D_pkm_ldv_t,ge,0.018305386420573125,,,,,,,,TRPHRMB001
MB,T_LDV_LTP_DSL,2035.0,T_D_pkm_ldv_t,ge,0.018305386420573125,,,,,,,,TRPHRMB001
MB,T_LDV_LTP_DSL,2040.0,T_D_pkm_ldv_t,ge,0.018305386420573125,,,,,,,,TRPHRMB001
MB,T_LDV_LTP_DSL,2045.0,T_D_pkm_ldv_t,ge,0.018305386420573125,,,,,,,,TRPHRMB001
MB,T_LDV_LTP_FCEV400,2025.0,T_D_pkm_ldv_t,ge,0.018305386420573125,,,,,,,,TRPHRMB001
MB,T_LDV_LTP_FCEV400,2030.0,T_D_pkm_ldv_t,ge,0.018305386420573125,,,,,,,,TRPHRMB001
MB,T_LDV_LTP_FCEV400,2035.0,T_D_pkm_ldv_t,ge,0.018305386420573125,,,,,,,,TRPHRMB001
MB,T_LDV_LTP_FCEV400,2040.0,T_D_pkm_ldv_t,ge,0.018305386420573125,,,,,,,,TRPHRMB001
MB,T_LDV_LTP_FCEV400,2045.0,T_D_pkm_ldv_t,ge,0.018305386420573125,,,,,,,,TRPHRMB001
MB,T_LDV_LTP_GSL,2025.0,T_D_pkm_ldv_t,ge,0.018305386420573125,,,,,,,,TRPHRMB001
MB,T_LDV_LTP_GSL,2030.0,T_D_pkm_ldv_t,ge,0.018305386420573125,,,,,,,,TRPHRMB001
MB,T_LDV_LTP_GSL,2035.0,T_D_pkm_ldv_t,ge,0.018305386420573125,,,,,,,,TRPHRMB001
MB,T_LDV_LTP_GSL,2040.0,T_D_pkm_ldv_t,ge,0.018305386420573125,,,,,,,,TRPHRMB001
MB,T_LDV_LTP_GSL,2045.0,T_D_pkm_ldv_t,ge,0.018305386420573125,,,,,,,,TRPHRMB001
MB,T_LDV_LTP_GSL_HEV,2025.0,T_D_pkm_ldv_t,ge,0.018305386420573125,,,,,,,,TRPHRMB001
MB,T_LDV_LTP_GSL_HEV,2030.0,T_D_pkm_ldv_t,ge,0.018305386420573125,,,,,,,,TRPHRMB001
MB,T_LDV_LTP_GSL_HEV,2035.0,T_D_pkm_ldv_t,ge,0.018305386420573125,,,,,,,,TRPHRMB001
MB,T_LDV_LTP_GSL_HEV,2040.0,T_D_pkm_ldv_t,ge,0.018305386420573125,,,,,,,,TRPHRMB001
MB,T_LDV_LTP_GSL_HEV,2045.0,T_D_pkm_ldv_t,ge,0.018305386420573125,,,,,,,,TRPHRMB001
MB,T_LDV_LTP_GSL_PHEV35,2025.0,T_D_pkm_ldv_t,ge,0.018305386420573125,,,,,,,,TRPHRMB001
MB,T_LDV_LTP_GSL_PHEV35,2030.0,T_D_pkm_ldv_t,ge,0.018305386420573125,,,,,,,,TRPHRMB001
MB,T_LDV_LTP_GSL_PHEV35,2035.0,T_D_pkm_ldv_t,ge,0.018305386420573125,,,,,,,,TRPHRMB001
MB,T_LDV_LTP_GSL_PHEV35,2040.0,T_D_pkm_ldv_t,ge,0.018305386420573125,,,,,,,,TRPHRMB001
MB,T_LDV_LTP_GSL_PHEV35,2045.0,T_D_pkm_ldv_t,ge,0.018305386420573125,,,,,,,,TRPHRMB001
MB,T_LDV_LTP_GSL_PHEV50,2025.0,T_D_pkm_ldv_t,ge,0.018305386420573125,,,,,,,,TRPHRMB001
MB,T_LDV_LTP_GSL_PHEV50,2030.0,T_D_pkm_ldv_t,ge,0.018305386420573125,,,,,,,,TRPHRMB001
MB,T_LDV_LTP_GSL_PHEV50,2035.0,T_D_pkm_ldv_t,ge,0.018305386420573125,,,,,,,,TRPHRMB001
MB,T_LDV_LTP_GSL_PHEV50,2040.0,T_D_pkm_ldv_t,ge,0.018305386420573125,,,,,,,,TRPHRMB001
MB,T_LDV_LTP_GSL_PHEV50,2045.0,T_D_pkm_ldv_t,ge,0.018305386420573125,,,,,,,,TRPHRMB001
NB,T_LDV_LTP_BEV150,2025.0,T_D_pkm_ldv_t,ge,0.018305386420573125,,,,,,,,TRPHRNB001
NB,T_LDV_LTP_BEV150,2030.0,T_D_pkm_ldv_t,ge,0.018305386420573125,,,,,,,,TRPHRNB001
NB,T_LDV_LTP_BEV150,2035.0,T_D_pkm_ldv_t,ge,0.018305386420573125,,,,,,,,TRPHRNB001
NB,T_LDV_LTP_BEV150,2040.0,T_D_pkm_ldv_t,ge,0.018305386420573125,,,,,,,,TRPHRNB001
NB,T_LDV_LTP_BEV150,2045.0,T_D_pkm_ldv_t,ge,0.018305386420573125,,,,,,,,TRPHRNB001
NB,T_LDV_LTP_BEV200,2025.0,T_D_pkm_ldv_t,ge,0.018305386420573125,,,,,,,,TRPHRNB001
NB,T_LDV_LTP_BEV200,2030.0,T_D_pkm_ldv_t,ge,0.018305386420573125,,,,,,,,TRPHRNB001
NB,T_LDV_LTP_BEV200,2035.0,T_D_pkm_ldv_t,ge,0.018305386420573125,,,,,,,,TRPHRNB001
NB,T_LDV_LTP_BEV200,2040.0,T_D_pkm_ldv_t,ge,0.018305386420573125,,,,,,,,TRPHRNB001
NB,T_LDV_LTP_BEV200,2045.0,T_D_pkm_ldv_t,ge,0.018305386420573125,,,,,,,,TRPHRNB001
NB,T_LDV_LTP_BEV300,2025.0,T_D_pkm_ldv_t,ge,0.018305386420573125,,,,,,,,TRPHRNB001
NB,T_LDV_LTP_BEV300,2030.0,T_D_pkm_ldv_t,ge,0.018305386420573125,,,,,,,,TRPHRNB001
NB,T_LDV_LTP_BEV300,2035.0,T_D_pkm_ldv_t,ge,0.018305386420573125,,,,,,,,TRPHRNB001
NB,T_LDV_LTP_BEV300,2040.0,T_D_pkm_ldv_t,ge,0.018305386420573125,,,,,,,,TRPHRNB001
NB,T_LDV_LTP_BEV300,2045.0,T_D_pkm_ldv_t,ge,0.018305386420573125,,,,,,,,TRPHRNB001
NB,T_LDV_LTP_BEV400,2025.0,T_D_pkm_ldv_t,ge,0.018305386420573125,,,,,,,,TRPHRNB001
NB,T_LDV_LTP_BEV400,2030.0,T_D_pkm_ldv_t,ge,0.018305386420573125,,,,,,,,TRPHRNB001
NB,T_LDV_LTP_BEV400,2035.0,T_D_pkm_ldv_t,ge,0.018305386420573125,,,,,,,,TRPHRNB001
NB,T_LDV_LTP_BEV400,2040.0,T_D_pkm_ldv_t,ge,0.018305386420573125,,,,,,,,TRPHRNB001
NB,T_LDV_LTP_BEV400,2045.0,T_D_pkm_ldv_t,ge,0.018305386420573125,,,,,,,,TRPHRNB001
NB,T_LDV_LTP_CNG,2025.0,T_D_pkm_ldv_t,ge,0.018305386420573125,,,,,,,,TRPHRNB001
NB,T_LDV_LTP_CNG,2030.0,T_D_pkm_ldv_t,ge,0.018305386420573125,,,,,,,,TRPHRNB001
NB,T_LDV_LTP_CNG,2035.0,T_D_pkm_ldv_t,ge,0.018305386420573125,,,,,,,,TRPHRNB001
NB,T_LDV_LTP_CNG,2040.0,T_D_pkm_ldv_t,ge,0.018305386420573125,,,,,,,,TRPHRNB001
NB,T_LDV_LTP_CNG,2045.0,T_D_pkm_ldv_t,ge,0.018305386420573125,,,,,,,,TRPHRNB001
NB,T_LDV_LTP_DSL,2025.0,T_D_pkm_ldv_t,ge,0.018305386420573125,,,,,,,,TRPHRNB001
NB,T_LDV_LTP_DSL,2030.0,T_D_pkm_ldv_t,ge,0.018305386420573125,,,,,,,,TRPHRNB001
NB,T_LDV_LTP_DSL,2035.0,T_D_pkm_ldv_t,ge,0.018305386420573125,,,,,,,,TRPHRNB001
NB,T_LDV_LTP_DSL,2040.0,T_D_pkm_ldv_t,ge,0.018305386420573125,,,,,,,,TRPHRNB001
NB,T_LDV_LTP_DSL,2045.0,T_D_pkm_ldv_t,ge,0.018305386420573125,,,,,,,,TRPHRNB001
NB,T_LDV_LTP_FCEV400,2025.0,T_D_pkm_ldv_t,ge,0.018305386420573125,,,,,,,,TRPHRNB001
NB,T_LDV_LTP_FCEV400,2030.0,T_D_pkm_ldv_t,ge,0.018305386420573125,,,,,,,,TRPHRNB001
NB,T_LDV_LTP_FCEV400,2035.0,T_D_pkm_ldv_t,ge,0.018305386420573125,,,,,,,,TRPHRNB001
NB,T_LDV_LTP_FCEV400,2040.0,T_D_pkm_ldv_t,ge,0.018305386420573125,,,,,,,,TRPHRNB001
NB,T_LDV_LTP_FCEV400,2045.0,T_D_pkm_ldv_t,ge,0.018305386420573125,,,,,,,,TRPHRNB001
NB,T_LDV_LTP_GSL,2025.0,T_D_pkm_ldv_t,ge,0.018305386420573125,,,,,,,,TRPHRNB001
NB,T_LDV_LTP_GSL,2030.0,T_D_pkm_ldv_t,ge,0.018305386420573125,,,,,,,,TRPHRNB001
NB,T_LDV_LTP_GSL,2035.0,T_D_pkm_ldv_t,ge,0.018305386420573125,,,,,,,,TRPHRNB001
NB,T_LDV_LTP_GSL,2040.0,T_D_pkm_ldv_t,ge,0.018305386420573125,,,,,,,,TRPHRNB001
NB,T_LDV_LTP_GSL,2045.0,T_D_pkm_ldv_t,ge,0.018305386420573125,,,,,,,,TRPHRNB001
NB,T_LDV_LTP_GSL_HEV,2025.0,T_D_pkm_ldv_t,ge,0.018305386420573125,,,,,,,,TRPHRNB001
NB,T_LDV_LTP_GSL_HEV,2030.0,T_D_pkm_ldv_t,ge,0.018305386420573125,,,,,,,,TRPHRNB001
NB,T_LDV_LTP_GSL_HEV,2035.0,T_D_pkm_ldv_t,ge,0.018305386420573125,,,,,,,,TRPHRNB001
NB,T_LDV_LTP_GSL_HEV,2040.0,T_D_pkm_ldv_t,ge,0.018305386420573125,,,,,,,,TRPHRNB001
NB,T_LDV_LTP_GSL_HEV,2045.0,T_D_pkm_ldv_t,ge,0.018305386420573125,,,,,,,,TRPHRNB001
NB,T_LDV_LTP_GSL_PHEV35,2025.0,T_D_pkm_ldv_t,ge,0.018305386420573125,,,,,,,,TRPHRNB001
NB,T_LDV_LTP_GSL_PHEV35,2030.0,T_D_pkm_ldv_t,ge,0.018305386420573125,,,,,,,,TRPHRNB001
NB,T_LDV_LTP_GSL_PHEV35,2035.0,T_D_pkm_ldv_t,ge,0.018305386420573125,,,,,,,,TRPHRNB001
NB,T_LDV_LTP_GSL_PHEV35,2040.0,T_D_pkm_ldv_t,ge,0.018305386420573125,,,,,,,,TRPHRNB001
NB,T_LDV_LTP_GSL_PHEV35,2045.0,T_D_pkm_ldv_t,ge,0.018305386420573125,,,,,,,,TRPHRNB001
NB,T_LDV_LTP_GSL_PHEV50,2025.0,T_D_pkm_ldv_t,ge,0.018305386420573125,,,,,,,,TRPHRNB001
NB,T_LDV_LTP_GSL_PHEV50,2030.0,T_D_pkm_ldv_t,ge,0.018305386420573125,,,,,,,,TRPHRNB001
NB,T_LDV_LTP_GSL_PHEV50,2035.0,T_D_pkm_ldv_t,ge,0.018305386420573125,,,,,,,,TRPHRNB001
NB,T_LDV_LTP_GSL_PHEV50,2040.0,T_D_pkm_ldv_t,ge,0.018305386420573125,,,,,,,,TRPHRNB001
NB,T_LDV_LTP_GSL_PHEV50,2045.0,T_D_pkm_ldv_t,ge,0.018305386420573125,,,,,,,,TRPHRNB001
NLLAB,T_LDV_LTP_BEV150,2025.0,T_D_pkm_ldv_t,ge,0.018305386420573125,,,,,,,,TRPHRNLLAB001
NLLAB,T_LDV_LTP_BEV150,2030.0,T_D_pkm_ldv_t,ge,0.018305386420573125,,,,,,,,TRPHRNLLAB001
NLLAB,T_LDV_LTP_BEV150,2035.0,T_D_pkm_ldv_t,ge,0.018305386420573125,,,,,,,,TRPHRNLLAB001
NLLAB,T_LDV_LTP_BEV150,2040.0,T_D_pkm_ldv_t,ge,0.018305386420573125,,,,,,,,TRPHRNLLAB001
NLLAB,T_LDV_LTP_BEV150,2045.0,T_D_pkm_ldv_t,ge,0.018305386420573125,,,,,,,,TRPHRNLLAB001
NLLAB,T_LDV_LTP_BEV200,2025.0,T_D_pkm_ldv_t,ge,0.018305386420573125,,,,,,,,TRPHRNLLAB001
NLLAB,T_LDV_LTP_BEV200,2030.0,T_D_pkm_ldv_t,ge,0.018305386420573125,,,,,,,,TRPHRNLLAB001
NLLAB,T_LDV_LTP_BEV200,2035.0,T_D_pkm_ldv_t,ge,0.018305386420573125,,,,,,,,TRPHRNLLAB001
NLLAB,T_LDV_LTP_BEV200,2040.0,T_D_pkm_ldv_t,ge,0.018305386420573125,,,,,,,,TRPHRNLLAB001
NLLAB,T_LDV_LTP_BEV200,2045.0,T_D_pkm_ldv_t,ge,0.018305386420573125,,,,,,,,TRPHRNLLAB001
NLLAB,T_LDV_LTP_BEV300,2025.0,T_D_pkm_ldv_t,ge,0.018305386420573125,,,,,,,,TRPHRNLLAB001
NLLAB,T_LDV_LTP_BEV300,2030.0,T_D_pkm_ldv_t,ge,0.018305386420573125,,,,,,,,TRPHRNLLAB001
NLLAB,T_LDV_LTP_BEV300,2035.0,T_D_pkm_ldv_t,ge,0.018305386420573125,,,,,,,,TRPHRNLLAB001
NLLAB,T_LDV_LTP_BEV300,2040.0,T_D_pkm_ldv_t,ge,0.018305386420573125,,,,,,,,TRPHRNLLAB001
NLLAB,T_LDV_LTP_BEV300,2045.0,T_D_pkm_ldv_t,ge,0.018305386420573125,,,,,,,,TRPHRNLLAB001
NLLAB,T_LDV_LTP_BEV400,2025.0,T_D_pkm_ldv_t,ge,0.018305386420573125,,,,,,,,TRPHRNLLAB001
NLLAB,T_LDV_LTP_BEV400,2030.0,T_D_pkm_ldv_t,ge,0.018305386420573125,,,,,,,,TRPHRNLLAB001
NLLAB,T_LDV_LTP_BEV400,2035.0,T_D_pkm_ldv_t,ge,0.018305386420573125,,,,,,,,TRPHRNLLAB001
NLLAB,T_LDV_LTP_BEV400,2040.0,T_D_pkm_ldv_t,ge,0.018305386420573125,,,,,,,,TRPHRNLLAB001
NLLAB,T_LDV_LTP_BEV400,2045.0,T_D_pkm_ldv_t,ge,0.018305386420573125,,,,,,,,TRPHRNLLAB001
NLLAB,T_LDV_LTP_CNG,2025.0,T_D_pkm_ldv_t,ge,0.018305386420573125,,,,,,,,TRPHRNLLAB001
NLLAB,T_LDV_LTP_CNG,2030.0,T_D_pkm_ldv_t,ge,0.018305386420573125,,,,,,,,TRPHRNLLAB001
NLLAB,T_LDV_LTP_CNG,2035.0,T_D_pkm_ldv_t,ge,0.018305386420573125,,,,,,,,TRPHRNLLAB001
NLLAB,T_LDV_LTP_CNG,2040.0,T_D_pkm_ldv_t,ge,0.018305386420573125,,,,,,,,TRPHRNLLAB001
NLLAB,T_LDV_LTP_CNG,2045.0,T_D_pkm_ldv_t,ge,0.018305386420573125,,,,,,,,TRPHRNLLAB001
NLLAB,T_LDV_LTP_DSL,2025.0,T_D_pkm_ldv_t,ge,0.018305386420573125,,,,,,,,TRPHRNLLAB001
NLLAB,T_LDV_LTP_DSL,2030.0,T_D_pkm_ldv_t,ge,0.018305386420573125,,,,,,,,TRPHRNLLAB001
NLLAB,T_LDV_LTP_DSL,2035.0,T_D_pkm_ldv_t,ge,0.018305386420573125,,,,,,,,TRPHRNLLAB001
NLLAB,T_LDV_LTP_DSL,2040.0,T_D_pkm_ldv_t,ge,0.018305386420573125,,,,,,,,TRPHRNLLAB001
NLLAB,T_LDV_LTP_DSL,2045.0,T_D_pkm_ldv_t,ge,0.018305386420573125,,,,,,,,TRPHRNLLAB001
NLLAB,T_LDV_LTP_FCEV400,2025.0,T_D_pkm_ldv_t,ge,0.018305386420573125,,,,,,,,TRPHRNLLAB001
NLLAB,T_LDV_LTP_FCEV400,2030.0,T_D_pkm_ldv_t,ge,0.018305386420573125,,,,,,,,TRPHRNLLAB001
NLLAB,T_LDV_LTP_FCEV400,2035.0,T_D_pkm_ldv_t,ge,0.018305386420573125,,,,,,,,TRPHRNLLAB001
NLLAB,T_LDV_LTP_FCEV400,2040.0,T_D_pkm_ldv_t,ge,0.018305386420573125,,,,,,,,TRPHRNLLAB001
NLLAB,T_LDV_LTP_FCEV400,2045.0,T_D_pkm_ldv_t,ge,0.018305386420573125,,,,,,,,TRPHRNLLAB001
NLLAB,T_LDV_LTP_GSL,2025.0,T_D_pkm_ldv_t,ge,0.018305386420573125,,,,,,,,TRPHRNLLAB001
NLLAB,T_LDV_LTP_GSL,2030.0,T_D_pkm_ldv_t,ge,0.018305386420573125,,,,,,,,TRPHRNLLAB001
NLLAB,T_LDV_LTP_GSL,2035.0,T_D_pkm_ldv_t,ge,0.018305386420573125,,,,,,,,TRPHRNLLAB001
NLLAB,T_LDV_LTP_GSL,2040.0,T_D_pkm_ldv_t,ge,0.018305386420573125,,,,,,,,TRPHRNLLAB001
NLLAB,T_LDV_LTP_GSL,2045.0,T_D_pkm_ldv_t,ge,0.018305386420573125,,,,,,,,TRPHRNLLAB001
NLLAB,T_LDV_LTP_GSL_HEV,2025.0,T_D_pkm_ldv_t,ge,0.018305386420573125,,,,,,,,TRPHRNLLAB001
NLLAB,T_LDV_LTP_GSL_HEV,2030.0,T_D_pkm_ldv_t,ge,0.018305386420573125,,,,,,,,TRPHRNLLAB001
NLLAB,T_LDV_LTP_GSL_HEV,2035.0,T_D_pkm_ldv_t,ge,0.018305386420573125,,,,,,,,TRPHRNLLAB001
NLLAB,T_LDV_LTP_GSL_HEV,2040.0,T_D_pkm_ldv_t,ge,0.018305386420573125,,,,,,,,TRPHRNLLAB001
NLLAB,T_LDV_LTP_GSL_HEV,2045.0,T_D_pkm_ldv_t,ge,0.018305386420573125,,,,,,,,TRPHRNLLAB001
NLLAB,T_LDV_LTP_GSL_PHEV35,2025.0,T_D_pkm_ldv_t,ge,0.018305386420573125,,,,,,,,TRPHRNLLAB001
NLLAB,T_LDV_LTP_GSL_PHEV35,2030.0,T_D_pkm_ldv_t,ge,0.018305386420573125,,,,,,,,TRPHRNLLAB001
NLLAB,T_LDV_LTP_GSL_PHEV35,2035.0,T_D_pkm_ldv_t,ge,0.018305386420573125,,,,,,,,TRPHRNLLAB001
NLLAB,T_LDV_LTP_GSL_PHEV35,2040.0,T_D_pkm_ldv_t,ge,0.018305386420573125,,,,,,,,TRPHRNLLAB001
NLLAB,T_LDV_LTP_GSL_PHEV35,2045.0,T_D_pkm_ldv_t,ge,0.018305386420573125,,,,,,,,TRPHRNLLAB001
NLLAB,T_LDV_LTP_GSL_PHEV50,2025.0,T_D_pkm_ldv_t,ge,0.018305386420573125,,,,,,,,TRPHRNLLAB001
NLLAB,T_LDV_LTP_GSL_PHEV50,2030.0,T_D_pkm_ldv_t,ge,0.018305386420573125,,,,,,,,TRPHRNLLAB001
NLLAB,T_LDV_LTP_GSL_PHEV50,2035.0,T_D_pkm_ldv_t,ge,0.018305386420573125,,,,,,,,TRPHRNLLAB001
NLLAB,T_LDV_LTP_GSL_PHEV50,2040.0,T_D_pkm_ldv_t,ge,0.018305386420573125,,,,,,,,TRPHRNLLAB001
NLLAB,T_LDV_LTP_GSL_PHEV50,2045.0,T_D_pkm_ldv_t,ge,0.018305386420573125,,,,,,,,TRPHRNLLAB001
NS,T_LDV_LTP_BEV150,2025.0,T_D_pkm_ldv_t,ge,0.018305386420573125,,,,,,,,TRPHRNS001
NS,T_LDV_LTP_BEV150,2030.0,T_D_pkm_ldv_t,ge,0.018305386420573125,,,,,,,,TRPHRNS001
NS,T_LDV_LTP_BEV150,2035.0,T_D_pkm_ldv_t,ge,0.018305386420573125,,,,,,,,TRPHRNS001
NS,T_LDV_LTP_BEV150,2040.0,T_D_pkm_ldv_t,ge,0.018305386420573125,,,,,,,,TRPHRNS001
NS,T_LDV_LTP_BEV150,2045.0,T_D_pkm_ldv_t,ge,0.018305386420573125,,,,,,,,TRPHRNS001
NS,T_LDV_LTP_BEV200,2025.0,T_D_pkm_ldv_t,ge,0.018305386420573125,,,,,,,,TRPHRNS001
NS,T_LDV_LTP_BEV200,2030.0,T_D_pkm_ldv_t,ge,0.018305386420573125,,,,,,,,TRPHRNS001
NS,T_LDV_LTP_BEV200,2035.0,T_D_pkm_ldv_t,ge,0.018305386420573125,,,,,,,,TRPHRNS001
NS,T_LDV_LTP_BEV200,2040.0,T_D_pkm_ldv_t,ge,0.018305386420573125,,,,,,,,TRPHRNS001
NS,T_LDV_LTP_BEV200,2045.0,T_D_pkm_ldv_t,ge,0.018305386420573125,,,,,,,,TRPHRNS001
NS,T_LDV_LTP_BEV300,2025.0,T_D_pkm_ldv_t,ge,0.018305386420573125,,,,,,,,TRPHRNS001
NS,T_LDV_LTP_BEV300,2030.0,T_D_pkm_ldv_t,ge,0.018305386420573125,,,,,,,,TRPHRNS001
NS,T_LDV_LTP_BEV300,2035.0,T_D_pkm_ldv_t,ge,0.018305386420573125,,,,,,,,TRPHRNS001
NS,T_LDV_LTP_BEV300,2040.0,T_D_pkm_ldv_t,ge,0.018305386420573125,,,,,,,,TRPHRNS001
NS,T_LDV_LTP_BEV300,2045.0,T_D_pkm_ldv_t,ge,0.018305386420573125,,,,,,,,TRPHRNS001
NS,T_LDV_LTP_BEV400,2025.0,T_D_pkm_ldv_t,ge,0.018305386420573125,,,,,,,,TRPHRNS001
NS,T_LDV_LTP_BEV400,2030.0,T_D_pkm_ldv_t,ge,0.018305386420573125,,,,,,,,TRPHRNS001
NS,T_LDV_LTP_BEV400,2035.0,T_D_pkm_ldv_t,ge,0.018305386420573125,,,,,,,,TRPHRNS001
NS,T_LDV_LTP_BEV400,2040.0,T_D_pkm_ldv_t,ge,0.018305386420573125,,,,,,,,TRPHRNS001
NS,T_LDV_LTP_BEV400,2045.0,T_D_pkm_ldv_t,ge,0.018305386420573125,,,,,,,,TRPHRNS001
NS,T_LDV_LTP_CNG,2025.0,T_D_pkm_ldv_t,ge,0.018305386420573125,,,,,,,,TRPHRNS001
NS,T_LDV_LTP_CNG,2030.0,T_D_pkm_ldv_t,ge,0.018305386420573125,,,,,,,,TRPHRNS001
NS,T_LDV_LTP_CNG,2035.0,T_D_pkm_ldv_t,ge,0.018305386420573125,,,,,,,,TRPHRNS001
NS,T_LDV_LTP_CNG,2040.0,T_D_pkm_ldv_t,ge,0.018305386420573125,,,,,,,,TRPHRNS001
NS,T_LDV_LTP_CNG,2045.0,T_D_pkm_ldv_t,ge,0.018305386420573125,,,,,,,,TRPHRNS001
NS,T_LDV_LTP_DSL,2025.0,T_D_pkm_ldv_t,ge,0.018305386420573125,,,,,,,,TRPHRNS001
NS,T_LDV_LTP_DSL,2030.0,T_D_pkm_ldv_t,ge,0.018305386420573125,,,,,,,,TRPHRNS001
NS,T_LDV_LTP_DSL,2035.0,T_D_pkm_ldv_t,ge,0.018305386420573125,,,,,,,,TRPHRNS001
NS,T_LDV_LTP_DSL,2040.0,T_D_pkm_ldv_t,ge,0.018305386420573125,,,,,,,,TRPHRNS001
NS,T_LDV_LTP_DSL,2045.0,T_D_pkm_ldv_t,ge,0.018305386420573125,,,,,,,,TRPHRNS001
NS,T_LDV_LTP_FCEV400,2025.0,T_D_pkm_ldv_t,ge,0.018305386420573125,,,,,,,,TRPHRNS001
NS,T_LDV_LTP_FCEV400,2030.0,T_D_pkm_ldv_t,ge,0.018305386420573125,,,,,,,,TRPHRNS001
NS,T_LDV_LTP_FCEV400,2035.0,T_D_pkm_ldv_t,ge,0.018305386420573125,,,,,,,,TRPHRNS001
NS,T_LDV_LTP_FCEV400,2040.0,T_D_pkm_ldv_t,ge,0.018305386420573125,,,,,,,,TRPHRNS001
NS,T_LDV_LTP_FCEV400,2045.0,T_D_pkm_ldv_t,ge,0.018305386420573125,,,,,,,,TRPHRNS001
NS,T_LDV_LTP_GSL,2025.0,T_D_pkm_ldv_t,ge,0.018305386420573125,,,,,,,,TRPHRNS001
NS,T_LDV_LTP_GSL,2030.0,T_D_pkm_ldv_t,ge,0.018305386420573125,,,,,,,,TRPHRNS001
NS,T_LDV_LTP_GSL,2035.0,T_D_pkm_ldv_t,ge,0.018305386420573125,,,,,,,,TRPHRNS001
NS,T_LDV_LTP_GSL,2040.0,T_D_pkm_ldv_t,ge,0.018305386420573125,,,,,,,,TRPHRNS001
NS,T_LDV_LTP_GSL,2045.0,T_D_pkm_ldv_t,ge,0.018305386420573125,,,,,,,,TRPHRNS001
NS,T_LDV_LTP_GSL_HEV,2025.0,T_D_pkm_ldv_t,ge,0.018305386420573125,,,,,,,,TRPHRNS001
NS,T_LDV_LTP_GSL_HEV,2030.0,T_D_pkm_ldv_t,ge,0.018305386420573125,,,,,,,,TRPHRNS001
NS,T_LDV_LTP_GSL_HEV,2035.0,T_D_pkm_ldv_t,ge,0.018305386420573125,,,,,,,,TRPHRNS001
NS,T_LDV_LTP_GSL_HEV,2040.0,T_D_pkm_ldv_t,ge,0.018305386420573125,,,,,,,,TRPHRNS001
NS,T_LDV_LTP_GSL_HEV,2045.0,T_D_pkm_ldv_t,ge,0.018305386420573125,,,,,,,,TRPHRNS001
NS,T_LDV_LTP_GSL_PHEV35,2025.0,T_D_pkm_ldv_t,ge,0.018305386420573125,,,,,,,,TRPHRNS001
NS,T_LDV_LTP_GSL_PHEV35,2030.0,T_D_pkm_ldv_t,ge,0.018305386420573125,,,,,,,,TRPHRNS001
NS,T_LDV_LTP_GSL_PHEV35,2035.0,T_D_pkm_ldv_t,ge,0.018305386420573125,,,,,,,,TRPHRNS001
NS,T_LDV_LTP_GSL_PHEV35,2040.0,T_D_pkm_ldv_t,ge,0.018305386420573125,,,,,,,,TRPHRNS001
NS,T_LDV_LTP_GSL_PHEV35,2045.0,T_D_pkm_ldv_t,ge,0.018305386420573125,,,,,,,,TRPHRNS001
NS,T_LDV_LTP_GSL_PHEV50,2025.0,T_D_pkm_ldv_t,ge,0.018305386420573125,,,,,,,,TRPHRNS001
NS,T_LDV_LTP_GSL_PHEV50,2030.0,T_D_pkm_ldv_t,ge,0.018305386420573125,,,,,,,,TRPHRNS001
NS,T_LDV_LTP_GSL_PHEV50,2035.0,T_D_pkm_ldv_t,ge,0.018305386420573125,,,,,,,,TRPHRNS001
NS,T_LDV_LTP_GSL_PHEV50,2040.0,T_D_pkm_ldv_t,ge,0.018305386420573125,,,,,,,,TRPHRNS001
NS,T_LDV_LTP_GSL_PHEV50,2045.0,T_D_pkm_ldv_t,ge,0.018305386420573125,,,,,,,,TRPHRNS001
ON,T_LDV_LTP_BEV150,2025.0,T_D_pkm_ldv_t,ge,0.018305386420573125,,,,,,,,TRPHRON001
ON,T_LDV_LTP_BEV150,2030.0,T_D_pkm_ldv_t,ge,0.018305386420573125,,,,,,,,TRPHRON001
ON,T_LDV_LTP_BEV150,2035.0,T_D_pkm_ldv_t,ge,0.018305386420573125,,,,,,,,TRPHRON001
ON,T_LDV_LTP_BEV150,2040.0,T_D_pkm_ldv_t,ge,0.018305386420573125,,,,,,,,TRPHRON001
ON,T_LDV_LTP_BEV150,2045.0,T_D_pkm_ldv_t,ge,0.018305386420573125,,,,,,,,TRPHRON001
ON,T_LDV_LTP_BEV200,2025.0,T_D_pkm_ldv_t,ge,0.018305386420573125,,,,,,,,TRPHRON001
ON,T_LDV_LTP_BEV200,2030.0,T_D_pkm_ldv_t,ge,0.018305386420573125,,,,,,,,TRPHRON001
ON,T_LDV_LTP_BEV200,2035.0,T_D_pkm_ldv_t,ge,0.018305386420573125,,,,,,,,TRPHRON001
ON,T_LDV_LTP_BEV200,2040.0,T_D_pkm_ldv_t,ge,0.018305386420573125,,,,,,,,TRPHRON001
ON,T_LDV_LTP_BEV200,2045.0,T_D_pkm_ldv_t,ge,0.018305386420573125,,,,,,,,TRPHRON001
ON,T_LDV_LTP_BEV300,2025.0,T_D_pkm_ldv_t,ge,0.018305386420573125,,,,,,,,TRPHRON001
ON,T_LDV_LTP_BEV300,2030.0,T_D_pkm_ldv_t,ge,0.018305386420573125,,,,,,,,TRPHRON001
ON,T_LDV_LTP_BEV300,2035.0,T_D_pkm_ldv_t,ge,0.018305386420573125,,,,,,,,TRPHRON001
ON,T_LDV_LTP_BEV300,2040.0,T_D_pkm_ldv_t,ge,0.018305386420573125,,,,,,,,TRPHRON001
ON,T_LDV_LTP_BEV300,2045.0,T_D_pkm_ldv_t,ge,0.018305386420573125,,,,,,,,TRPHRON001
ON,T_LDV_LTP_BEV400,2025.0,T_D_pkm_ldv_t,ge,0.018305386420573125,,,,,,,,TRPHRON001
ON,T_LDV_LTP_BEV400,2030.0,T_D_pkm_ldv_t,ge,0.018305386420573125,,,,,,,,TRPHRON001
ON,T_LDV_LTP_BEV400,2035.0,T_D_pkm_ldv_t,ge,0.018305386420573125,,,,,,,,TRPHRON001
ON,T_LDV_LTP_BEV400,2040.0,T_D_pkm_ldv_t,ge,0.018305386420573125,,,,,,,,TRPHRON001
ON,T_LDV_LTP_BEV400,2045.0,T_D_pkm_ldv_t,ge,0.018305386420573125,,,,,,,,TRPHRON001
ON,T_LDV_LTP_CNG,2025.0,T_D_pkm_ldv_t,ge,0.018305386420573125,,,,,,,,TRPHRON001
ON,T_LDV_LTP_CNG,2030.0,T_D_pkm_ldv_t,ge,0.018305386420573125,,,,,,,,TRPHRON001
ON,T_LDV_LTP_CNG,2035.0,T_D_pkm_ldv_t,ge,0.018305386420573125,,,,,,,,TRPHRON001
ON,T_LDV_LTP_CNG,2040.0,T_D_pkm_ldv_t,ge,0.018305386420573125,,,,,,,,TRPHRON001
ON,T_LDV_LTP_CNG,2045.0,T_D_pkm_ldv_t,ge,0.018305386420573125,,,,,,,,TRPHRON001
ON,T_LDV_LTP_DSL,2025.0,T_D_pkm_ldv_t,ge,0.018305386420573125,,,,,,,,TRPHRON001
ON,T_LDV_LTP_DSL,2030.0,T_D_pkm_ldv_t,ge,0.018305386420573125,,,,,,,,TRPHRON001
ON,T_LDV_LTP_DSL,2035.0,T_D_pkm_ldv_t,ge,0.018305386420573125,,,,,,,,TRPHRON001
ON,T_LDV_LTP_DSL,2040.0,T_D_pkm_ldv_t,ge,0.018305386420573125,,,,,,,,TRPHRON001
ON,T_LDV_LTP_DSL,2045.0,T_D_pkm_ldv_t,ge,0.018305386420573125,,,,,,,,TRPHRON001
ON,T_LDV_LTP_FCEV400,2025.0,T_D_pkm_ldv_t,ge,0.018305386420573125,,,,,,,,TRPHRON001
ON,T_LDV_LTP_FCEV400,2030.0,T_D_pkm_ldv_t,ge,0.018305386420573125,,,,,,,,TRPHRON001
ON,T_LDV_LTP_FCEV400,2035.0,T_D_pkm_ldv_t,ge,0.018305386420573125,,,,,,,,TRPHRON001
ON,T_LDV_LTP_FCEV400,2040.0,T_D_pkm_ldv_t,ge,0.018305386420573125,,,,,,,,TRPHRON001
ON,T_LDV_LTP_FCEV400,2045.0,T_D_pkm_ldv_t,ge,0.018305386420573125,,,,,,,,TRPHRON001
ON,T_LDV_LTP_GSL,2025.0,T_D_pkm_ldv_t,ge,0.018305386420573125,,,,,,,,TRPHRON001
ON,T_LDV_LTP_GSL,2030.0,T_D_pkm_ldv_t,ge,0.018305386420573125,,,,,,,,TRPHRON001
ON,T_LDV_LTP_GSL,2035.0,T_D_pkm_ldv_t,ge,0.018305386420573125,,,,,,,,TRPHRON001
ON,T_LDV_LTP_GSL,2040.0,T_D_pkm_ldv_t,ge,0.018305386420573125,,,,,,,,TRPHRON001
ON,T_LDV_LTP_GSL,2045.0,T_D_pkm_ldv_t,ge,0.018305386420573125,,,,,,,,TRPHRON001
ON,T_LDV_LTP_GSL_HEV,2025.0,T_D_pkm_ldv_t,ge,0.018305386420573125,,,,,,,,TRPHRON001
ON,T_LDV_LTP_GSL_HEV,2030.0,T_D_pkm_ldv_t,ge,0.018305386420573125,,,,,,,,TRPHRON001
ON,T_LDV_LTP_GSL_HEV,2035.0,T_D_pkm_ldv_t,ge,0.018305386420573125,,,,,,,,TRPHRON001
ON,T_LDV_LTP_GSL_HEV,2040.0,T_D_pkm_ldv_t,ge,0.018305386420573125,,,,,,,,TRPHRON001
ON,T_LDV_LTP_GSL_HEV,2045.0,T_D_pkm_ldv_t,ge,0.018305386420573125,,,,,,,,TRPHRON001
ON,T_LDV_LTP_GSL_PHEV35,2025.0,T_D_pkm_ldv_t,ge,0.018305386420573125,,,,,,,,TRPHRON001
ON,T_LDV_LTP_GSL_PHEV35,2030.0,T_D_pkm_ldv_t,ge,0.018305386420573125,,,,,,,,TRPHRON001
ON,T_LDV_LTP_GSL_PHEV35,2035.0,T_D_pkm_ldv_t,ge,0.018305386420573125,,,,,,,,TRPHRON001
ON,T_LDV_LTP_GSL_PHEV35,2040.0,T_D_pkm_ldv_t,ge,0.018305386420573125,,,,,,,,TRPHRON001
ON,T_LDV_LTP_GSL_PHEV35,2045.0,T_D_pkm_ldv_t,ge,0.018305386420573125,,,,,,,,TRPHRON001
ON,T_LDV_LTP_GSL_PHEV50,2025.0,T_D_pkm_ldv_t,ge,0.018305386420573125,,,,,,,,TRPHRON001
ON,T_LDV_LTP_GSL_PHEV50,2030.0,T_D_pkm_ldv_t,ge,0.018305386420573125,,,,,,,,TRPHRON001
ON,T_LDV_LTP_GSL_PHEV50,2035.0,T_D_pkm_ldv_t,ge,0.018305386420573125,,,,,,,,TRPHRON001
ON,T_LDV_LTP_GSL_PHEV50,2040.0,T_D_pkm_ldv_t,ge,0.018305386420573125,,,,,,,,TRPHRON001
ON,T_LDV_LTP_GSL_PHEV50,2045.0,T_D_pkm_ldv_t,ge,0.018305386420573125,,,,,,,,TRPHRON001
PEI,T_LDV_LTP_BEV150,2025.0,T_D_pkm_ldv_t,ge,0.018305386420573125,,,,,,,,TRPHRPEI001
PEI,T_LDV_LTP_BEV150,2030.0,T_D_pkm_ldv_t,ge,0.018305386420573125,,,,,,,,TRPHRPEI001
PEI,T_LDV_LTP_BEV150,2035.0,T_D_pkm_ldv_t,ge,0.018305386420573125,,,,,,,,TRPHRPEI001
PEI,T_LDV_LTP_BEV150,2040.0,T_D_pkm_ldv_t,ge,0.018305386420573125,,,,,,,,TRPHRPEI001
PEI,T_LDV_LTP_BEV150,2045.0,T_D_pkm_ldv_t,ge,0.018305386420573125,,,,,,,,TRPHRPEI001
PEI,T_LDV_LTP_BEV200,2025.0,T_D_pkm_ldv_t,ge,0.018305386420573125,,,,,,,,TRPHRPEI001
PEI,T_LDV_LTP_BEV200,2030.0,T_D_pkm_ldv_t,ge,0.018305386420573125,,,,,,,,TRPHRPEI001
PEI,T_LDV_LTP_BEV200,2035.0,T_D_pkm_ldv_t,ge,0.018305386420573125,,,,,,,,TRPHRPEI001
PEI,T_LDV_LTP_BEV200,2040.0,T_D_pkm_ldv_t,ge,0.018305386420573125,,,,,,,,TRPHRPEI001
PEI,T_LDV_LTP_BEV200,2045.0,T_D_pkm_ldv_t,ge,0.018305386420573125,,,,,,,,TRPHRPEI001
PEI,T_LDV_LTP_BEV300,2025.0,T_D_pkm_ldv_t,ge,0.018305386420573125,,,,,,,,TRPHRPEI001
PEI,T_LDV_LTP_BEV300,2030.0,T_D_pkm_ldv_t,ge,0.018305386420573125,,,,,,,,TRPHRPEI001
PEI,T_LDV_LTP_BEV300,2035.0,T_D_pkm_ldv_t,ge,0.018305386420573125,,,,,,,,TRPHRPEI001
PEI,T_LDV_LTP_BEV300,2040.0,T_D_pkm_ldv_t,ge,0.018305386420573125,,,,,,,,TRPHRPEI001
PEI,T_LDV_LTP_BEV300,2045.0,T_D_pkm_ldv_t,ge,0.018305386420573125,,,,,,,,TRPHRPEI001
PEI,T_LDV_LTP_BEV400,2025.0,T_D_pkm_ldv_t,ge,0.018305386420573125,,,,,,,,TRPHRPEI001
PEI,T_LDV_LTP_BEV400,2030.0,T_D_pkm_ldv_t,ge,0.018305386420573125,,,,,,,,TRPHRPEI001
PEI,T_LDV_LTP_BEV400,2035.0,T_D_pkm_ldv_t,ge,0.018305386420573125,,,,,,,,TRPHRPEI001
PEI,T_LDV_LTP_BEV400,2040.0,T_D_pkm_ldv_t,ge,0.018305386420573125,,,,,,,,TRPHRPEI001
PEI,T_LDV_LTP_BEV400,2045.0,T_D_pkm_ldv_t,ge,0.018305386420573125,,,,,,,,TRPHRPEI001
PEI,T_LDV_LTP_CNG,2025.0,T_D_pkm_ldv_t,ge,0.018305386420573125,,,,,,,,TRPHRPEI001
PEI,T_LDV_LTP_CNG,2030.0,T_D_pkm_ldv_t,ge,0.018305386420573125,,,,,,,,TRPHRPEI001
PEI,T_LDV_LTP_CNG,2035.0,T_D_pkm_ldv_t,ge,0.018305386420573125,,,,,,,,TRPHRPEI001
PEI,T_LDV_LTP_CNG,2040.0,T_D_pkm_ldv_t,ge,0.018305386420573125,,,,,,,,TRPHRPEI001
PEI,T_LDV_LTP_CNG,2045.0,T_D_pkm_ldv_t,ge,0.018305386420573125,,,,,,,,TRPHRPEI001
PEI,T_LDV_LTP_DSL,2025.0,T_D_pkm_ldv_t,ge,0.018305386420573125,,,,,,,,TRPHRPEI001
PEI,T_LDV_LTP_DSL,2030.0,T_D_pkm_ldv_t,ge,0.018305386420573125,,,,,,,,TRPHRPEI001
PEI,T_LDV_LTP_DSL,2035.0,T_D_pkm_ldv_t,ge,0.018305386420573125,,,,,,,,TRPHRPEI001
PEI,T_LDV_LTP_DSL,2040.0,T_D_pkm_ldv_t,ge,0.018305386420573125,,,,,,,,TRPHRPEI001
PEI,T_LDV_LTP_DSL,2045.0,T_D_pkm_ldv_t,ge,0.018305386420573125,,,,,,,,TRPHRPEI001
PEI,T_LDV_LTP_FCEV400,2025.0,T_D_pkm_ldv_t,ge,0.018305386420573125,,,,,,,,TRPHRPEI001
PEI,T_LDV_LTP_FCEV400,2030.0,T_D_pkm_ldv_t,ge,0.018305386420573125,,,,,,,,TRPHRPEI001
PEI,T_LDV_LTP_FCEV400,2035.0,T_D_pkm_ldv_t,ge,0.018305386420573125,,,,,,,,TRPHRPEI001
PEI,T_LDV_LTP_FCEV400,2040.0,T_D_pkm_ldv_t,ge,0.018305386420573125,,,,,,,,TRPHRPEI001
PEI,T_LDV_LTP_FCEV400,2045.0,T_D_pkm_ldv_t,ge,0.018305386420573125,,,,,,,,TRPHRPEI001
PEI,T_LDV_LTP_GSL,2025.0,T_D_pkm_ldv_t,ge,0.018305386420573125,,,,,,,,TRPHRPEI001
PEI,T_LDV_LTP_GSL,2030.0,T_D_pkm_ldv_t,ge,0.018305386420573125,,,,,,,,TRPHRPEI001
PEI,T_LDV_LTP_GSL,2035.0,T_D_pkm_ldv_t,ge,0.018305386420573125,,,,,,,,TRPHRPEI001
PEI,T_LDV_LTP_GSL,2040.0,T_D_pkm_ldv_t,ge,0.018305386420573125,,,,,,,,TRPHRPEI001
PEI,T_LDV_LTP_GSL,2045.0,T_D_pkm_ldv_t,ge,0.018305386420573125,,,,,,,,TRPHRPEI001
PEI,T_LDV_LTP_GSL_HEV,2025.0,T_D_pkm_ldv_t,ge,0.018305386420573125,,,,,,,,TRPHRPEI001
PEI,T_LDV_LTP_GSL_HEV,2030.0,T_D_pkm_ldv_t,ge,0.018305386420573125,,,,,,,,TRPHRPEI001
PEI,T_LDV_LTP_GSL_HEV,2035.0,T_D_pkm_ldv_t,ge,0.018305386420573125,,,,,,,,TRPHRPEI001
PEI,T_LDV_LTP_GSL_HEV,2040.0,T_D_pkm_ldv_t,ge,0.018305386420573125,,,,,,,,TRPHRPEI001
PEI,T_LDV_LTP_GSL_HEV,2045.0,T_D_pkm_ldv_t,ge,0.018305386420573125,,,,,,,,TRPHRPEI001
PEI,T_LDV_LTP_GSL_PHEV35,2025.0,T_D_pkm_ldv_t,ge,0.018305386420573125,,,,,,,,TRPHRPEI001
PEI,T_LDV_LTP_GSL_PHEV35,2030.0,T_D_pkm_ldv_t,ge,0.018305386420573125,,,,,,,,TRPHRPEI001
PEI,T_LDV_LTP_GSL_PHEV35,2035.0,T_D_pkm_ldv_t,ge,0.018305386420573125,,,,,,,,TRPHRPEI001
PEI,T_LDV_LTP_GSL_PHEV35,2040.0,T_D_pkm_ldv_t,ge,0.018305386420573125,,,,,,,,TRPHRPEI001
PEI,T_LDV_LTP_GSL_PHEV35,2045.0,T_D_pkm_ldv_t,ge,0.018305386420573125,,,,,,,,TRPHRPEI001
PEI,T_LDV_LTP_GSL_PHEV50,2025.0,T_D_pkm_ldv_t,ge,0.018305386420573125,,,,,,,,TRPHRPEI001
PEI,T_LDV_LTP_GSL_PHEV50,2030.0,T_D_pkm_ldv_t,ge,0.018305386420573125,,,,,,,,TRPHRPEI001
PEI,T_LDV_LTP_GSL_PHEV50,2035.0,T_D_pkm_ldv_t,ge,0.018305386420573125,,,,,,,,TRPHRPEI001
PEI,T_LDV_LTP_GSL_PHEV50,2040.0,T_D_pkm_ldv_t,ge,0.018305386420573125,,,,,,,,TRPHRPEI001
PEI,T_LDV_LTP_GSL_PHEV50,2045.0,T_D_pkm_ldv_t,ge,0.018305386420573125,,,,,,,,TRPHRPEI001
QC,T_LDV_LTP_BEV150,2025.0,T_D_pkm_ldv_t,ge,0.018305386420573125,,,,,,,,TRPHRQC001
QC,T_LDV_LTP_BEV150,2030.0,T_D_pkm_ldv_t,ge,0.018305386420573125,,,,,,,,TRPHRQC001
QC,T_LDV_LTP_BEV150,2035.0,T_D_pkm_ldv_t,ge,0.018305386420573125,,,,,,,,TRPHRQC001
QC,T_LDV_LTP_BEV150,2040.0,T_D_pkm_ldv_t,ge,0.018305386420573125,,,,,,,,TRPHRQC001
QC,T_LDV_LTP_BEV150,2045.0,T_D_pkm_ldv_t,ge,0.018305386420573125,,,,,,,,TRPHRQC001
QC,T_LDV_LTP_BEV200,2025.0,T_D_pkm_ldv_t,ge,0.018305386420573125,,,,,,,,TRPHRQC001
QC,T_LDV_LTP_BEV200,2030.0,T_D_pkm_ldv_t,ge,0.018305386420573125,,,,,,,,TRPHRQC001
QC,T_LDV_LTP_BEV200,2035.0,T_D_pkm_ldv_t,ge,0.018305386420573125,,,,,,,,TRPHRQC001
QC,T_LDV_LTP_BEV200,2040.0,T_D_pkm_ldv_t,ge,0.018305386420573125,,,,,,,,TRPHRQC001
QC,T_LDV_LTP_BEV200,2045.0,T_D_pkm_ldv_t,ge,0.018305386420573125,,,,,,,,TRPHRQC001
QC,T_LDV_LTP_BEV300,2025.0,T_D_pkm_ldv_t,ge,0.018305386420573125,,,,,,,,TRPHRQC001
QC,T_LDV_LTP_BEV300,2030.0,T_D_pkm_ldv_t,ge,0.018305386420573125,,,,,,,,TRPHRQC001
QC,T_LDV_LTP_BEV300,2035.0,T_D_pkm_ldv_t,ge,0.018305386420573125,,,,,,,,TRPHRQC001
QC,T_LDV_LTP_BEV300,2040.0,T_D_pkm_ldv_t,ge,0.018305386420573125,,,,,,,,TRPHRQC001
QC,T_LDV_LTP_BEV300,2045.0,T_D_pkm_ldv_t,ge,0.018305386420573125,,,,,,,,TRPHRQC001
QC,T_LDV_LTP_BEV400,2025.0,T_D_pkm_ldv_t,ge,0.018305386420573125,,,,,,,,TRPHRQC001
QC,T_LDV_LTP_BEV400,2030.0,T_D_pkm_ldv_t,ge,0.018305386420573125,,,,,,,,TRPHRQC001
QC,T_LDV_LTP_BEV400,2035.0,T_D_pkm_ldv_t,ge,0.018305386420573125,,,,,,,,TRPHRQC001
QC,T_LDV_LTP_BEV400,2040.0,T_D_pkm_ldv_t,ge,0.018305386420573125,,,,,,,,TRPHRQC001
QC,T_LDV_LTP_BEV400,2045.0,T_D_pkm_ldv_t,ge,0.018305386420573125,,,,,,,,TRPHRQC001
QC,T_LDV_LTP_CNG,2025.0,T_D_pkm_ldv_t,ge,0.018305386420573125,,,,,,,,TRPHRQC001
QC,T_LDV_LTP_CNG,2030.0,T_D_pkm_ldv_t,ge,0.018305386420573125,,,,,,,,TRPHRQC001
QC,T_LDV_LTP_CNG,2035.0,T_D_pkm_ldv_t,ge,0.018305386420573125,,,,,,,,TRPHRQC001
QC,T_LDV_LTP_CNG,2040.0,T_D_pkm_ldv_t,ge,0.018305386420573125,,,,,,,,TRPHRQC001
QC,T_LDV_LTP_CNG,2045.0,T_D_pkm_ldv_t,ge,0.018305386420573125,,,,,,,,TRPHRQC001
QC,T_LDV_LTP_DSL,2025.0,T_D_pkm_ldv_t,ge,0.018305386420573125,,,,,,,,TRPHRQC001
QC,T_LDV_LTP_DSL,2030.0,T_D_pkm_ldv_t,ge,0.018305386420573125,,,,,,,,TRPHRQC001
QC,T_LDV_LTP_DSL,2035.0,T_D_pkm_ldv_t,ge,0.018305386420573125,,,,,,,,TRPHRQC001
QC,T_LDV_LTP_DSL,2040.0,T_D_pkm_ldv_t,ge,0.018305386420573125,,,,,,,,TRPHRQC001
QC,T_LDV_LTP_DSL,2045.0,T_D_pkm_ldv_t,ge,0.018305386420573125,,,,,,,,TRPHRQC001
QC,T_LDV_LTP_FCEV400,2025.0,T_D_pkm_ldv_t,ge,0.018305386420573125,,,,,,,,TRPHRQC001
QC,T_LDV_LTP_FCEV400,2030.0,T_D_pkm_ldv_t,ge,0.018305386420573125,,,,,,,,TRPHRQC001
QC,T_LDV_LTP_FCEV400,2035.0,T_D_pkm_ldv_t,ge,0.018305386420573125,,,,,,,,TRPHRQC001
QC,T_LDV_LTP_FCEV400,2040.0,T_D_pkm_ldv_t,ge,0.018305386420573125,,,,,,,,TRPHRQC001
QC,T_LDV_LTP_FCEV400,2045.0,T_D_pkm_ldv_t,ge,0.018305386420573125,,,,,,,,TRPHRQC001
QC,T_LDV_LTP_GSL,2025.0,T_D_pkm_ldv_t,ge,0.018305386420573125,,,,,,,,TRPHRQC001
QC,T_LDV_LTP_GSL,2030.0,T_D_pkm_ldv_t,ge,0.018305386420573125,,,,,,,,TRPHRQC001
QC,T_LDV_LTP_GSL,2035.0,T_D_pkm_ldv_t,ge,0.018305386420573125,,,,,,,,TRPHRQC001
QC,T_LDV_LTP_GSL,2040.0,T_D_pkm_ldv_t,ge,0.018305386420573125,,,,,,,,TRPHRQC001
QC,T_LDV_LTP_GSL,2045.0,T_D_pkm_ldv_t,ge,0.018305386420573125,,,,,,,,TRPHRQC001
QC,T_LDV_LTP_GSL_HEV,2025.0,T_D_pkm_ldv_t,ge,0.018305386420573125,,,,,,,,TRPHRQC001
QC,T_LDV_LTP_GSL_HEV,2030.0,T_D_pkm_ldv_t,ge,0.018305386420573125,,,,,,,,TRPHRQC001
QC,T_LDV_LTP_GSL_HEV,2035.0,T_D_pkm_ldv_t,ge,0.018305386420573125,,,,,,,,TRPHRQC001
QC,T_LDV_LTP_GSL_HEV,2040.0,T_D_pkm_ldv_t,ge,0.018305386420573125,,,,,,,,TRPHRQC001
QC,T_LDV_LTP_GSL_HEV,2045.0,T_D_pkm_ldv_t,ge,0.018305386420573125,,,,,,,,TRPHRQC001
QC,T_LDV_LTP_GSL_PHEV35,2025.0,T_D_pkm_ldv_t,ge,0.018305386420573125,,,,,,,,TRPHRQC001
QC,T_LDV_LTP_GSL_PHEV35,2030.0,T_D_pkm_ldv_t,ge,0.018305386420573125,,,,,,,,TRPHRQC001
QC,T_LDV_LTP_GSL_PHEV35,2035.0,T_D_pkm_ldv_t,ge,0.018305386420573125,,,,,,,,TRPHRQC001
QC,T_LDV_LTP_GSL_PHEV35,2040.0,T_D_pkm_ldv_t,ge,0.018305386420573125,,,,,,,,TRPHRQC001
QC,T_LDV_LTP_GSL_PHEV35,2045.0,T_D_pkm_ldv_t,ge,0.018305386420573125,,,,,,,,TRPHRQC001
QC,T_LDV_LTP_GSL_PHEV50,2025.0,T_D_pkm_ldv_t,ge,0.018305386420573125,,,,,,,,TRPHRQC001
QC,T_LDV_LTP_GSL_PHEV50,2030.0,T_D_pkm_ldv_t,ge,0.018305386420573125,,,,,,,,TRPHRQC001
QC,T_LDV_LTP_GSL_PHEV50,2035.0,T_D_pkm_ldv_t,ge,0.018305386420573125,,,,,,,,TRPHRQC001
QC,T_LDV_LTP_GSL_PHEV50,2040.0,T_D_pkm_ldv_t,ge,0.018305386420573125,,,,,,,,TRPHRQC001
QC,T_LDV_LTP_GSL_PHEV50,2045.0,T_D_pkm_ldv_t,ge,0.018305386420573125,,,,,,,,TRPHRQC001
SK,T_LDV_LTP_BEV150,2025.0,T_D_pkm_ldv_t,ge,0.018305386420573125,,,,,,,,TRPHRSK001
SK,T_LDV_LTP_BEV150,2030.0,T_D_pkm_ldv_t,ge,0.018305386420573125,,,,,,,,TRPHRSK001
SK,T_LDV_LTP_BEV150,2035.0,T_D_pkm_ldv_t,ge,0.018305386420573125,,,,,,,,TRPHRSK001
SK,T_LDV_LTP_BEV150,2040.0,T_D_pkm_ldv_t,ge,0.018305386420573125,,,,,,,,TRPHRSK001
SK,T_LDV_LTP_BEV150,2045.0,T_D_pkm_ldv_t,ge,0.018305386420573125,,,,,,,,TRPHRSK001
SK,T_LDV_LTP_BEV200,2025.0,T_D_pkm_ldv_t,ge,0.018305386420573125,,,,,,,,TRPHRSK001
SK,T_LDV_LTP_BEV200,2030.0,T_D_pkm_ldv_t,ge,0.018305386420573125,,,,,,,,TRPHRSK001
SK,T_LDV_LTP_BEV200,2035.0,T_D_pkm_ldv_t,ge,0.018305386420573125,,,,,,,,TRPHRSK001
SK,T_LDV_LTP_BEV200,2040.0,T_D_pkm_ldv_t,ge,0.018305386420573125,,,,,,,,TRPHRSK001
SK,T_LDV_LTP_BEV200,2045.0,T_D_pkm_ldv_t,ge,0.018305386420573125,,,,,,,,TRPHRSK001
SK,T_LDV_LTP_BEV300,2025.0,T_D_pkm_ldv_t,ge,0.018305386420573125,,,,,,,,TRPHRSK001
SK,T_LDV_LTP_BEV300,2030.0,T_D_pkm_ldv_t,ge,0.018305386420573125,,,,,,,,TRPHRSK001
SK,T_LDV_LTP_BEV300,2035.0,T_D_pkm_ldv_t,ge,0.018305386420573125,,,,,,,,TRPHRSK001
SK,T_LDV_LTP_BEV300,2040.0,T_D_pkm_ldv_t,ge,0.018305386420573125,,,,,,,,TRPHRSK001
SK,T_LDV_LTP_BEV300,2045.0,T_D_pkm_ldv_t,ge,0.018305386420573125,,,,,,,,TRPHRSK001
SK,T_LDV_LTP_BEV400,2025.0,T_D_pkm_ldv_t,ge,0.018305386420573125,,,,,,,,TRPHRSK001
SK,T_LDV_LTP_BEV400,2030.0,T_D_pkm_ldv_t,ge,0.018305386420573125,,,,,,,,TRPHRSK001
SK,T_LDV_LTP_BEV400,2035.0,T_D_pkm_ldv_t,ge,0.018305386420573125,,,,,,,,TRPHRSK001
SK,T_LDV_LTP_BEV400,2040.0,T_D_pkm_ldv_t,ge,0.018305386420573125,,,,,,,,TRPHRSK001
SK,T_LDV_LTP_BEV400,2045.0,T_D_pkm_ldv_t,ge,0.018305386420573125,,,,,,,,TRPHRSK001
SK,T_LDV_LTP_CNG,2025.0,T_D_pkm_ldv_t,ge,0.018305386420573125,,,,,,,,TRPHRSK001
SK,T_LDV_LTP_CNG,2030.0,T_D_pkm_ldv_t,ge,0.018305386420573125,,,,,,,,TRPHRSK001
SK,T_LDV_LTP_CNG,2035.0,T_D_pkm_ldv_t,ge,0.018305386420573125,,,,,,,,TRPHRSK001
SK,T_LDV_LTP_CNG,2040.0,T_D_pkm_ldv_t,ge,0.018305386420573125,,,,,,,,TRPHRSK001
SK,T_LDV_LTP_CNG,2045.0,T_D_pkm_ldv_t,ge,0.018305386420573125,,,,,,,,TRPHRSK001
SK,T_LDV_LTP_DSL,2025.0,T_D_pkm_ldv_t,ge,0.018305386420573125,,,,,,,,TRPHRSK001
SK,T_LDV_LTP_DSL,2030.0,T_D_pkm_ldv_t,ge,0.018305386420573125,,,,,,,,TRPHRSK001
SK,T_LDV_LTP_DSL,2035.0,T_D_pkm_ldv_t,ge,0.018305386420573125,,,,,,,,TRPHRSK001
SK,T_LDV_LTP_DSL,2040.0,T_D_pkm_ldv_t,ge,0.018305386420573125,,,,,,,,TRPHRSK001
SK,T_LDV_LTP_DSL,2045.0,T_D_pkm_ldv_t,ge,0.018305386420573125,,,,,,,,TRPHRSK001
SK,T_LDV_LTP_FCEV400,2025.0,T_D_pkm_ldv_t,ge,0.018305386420573125,,,,,,,,TRPHRSK001
SK,T_LDV_LTP_FCEV400,2030.0,T_D_pkm_ldv_t,ge,0.018305386420573125,,,,,,,,TRPHRSK001
SK,T_LDV_LTP_FCEV400,2035.0,T_D_pkm_ldv_t,ge,0.018305386420573125,,,,,,,,TRPHRSK001
SK,T_LDV_LTP_FCEV400,2040.0,T_D_pkm_ldv_t,ge,0.018305386420573125,,,,,,,,TRPHRSK001
SK,T_LDV_LTP_FCEV400,2045.0,T_D_pkm_ldv_t,ge,0.018305386420573125,,,,,,,,TRPHRSK001
SK,T_LDV_LTP_GSL,2025.0,T_D_pkm_ldv_t,ge,0.018305386420573125,,,,,,,,TRPHRSK001
SK,T_LDV_LTP_GSL,2030.0,T_D_pkm_ldv_t,ge,0.018305386420573125,,,,,,,,TRPHRSK001
SK,T_LDV_LTP_GSL,2035.0,T_D_pkm_ldv_t,ge,0.018305386420573125,,,,,,,,TRPHRSK001
SK,T_LDV_LTP_GSL,2040.0,T_D_pkm_ldv_t,ge,0.018305386420573125,,,,,,,,TRPHRSK001
SK,T_LDV_LTP_GSL,2045.0,T_D_pkm_ldv_t,ge,0.018305386420573125,,,,,,,,TRPHRSK001
SK,T_LDV_LTP_GSL_HEV,2025.0,T_D_pkm_ldv_t,ge,0.018305386420573125,,,,,,,,TRPHRSK001
SK,T_LDV_LTP_GSL_HEV,2030.0,T_D_pkm_ldv_t,ge,0.018305386420573125,,,,,,,,TRPHRSK001
SK,T_LDV_LTP_GSL_HEV,2035.0,T_D_pkm_ldv_t,ge,0.018305386420573125,,,,,,,,TRPHRSK001
SK,T_LDV_LTP_GSL_HEV,2040.0,T_D_pkm_ldv_t,ge,0.018305386420573125,,,,,,,,TRPHRSK001
SK,T_LDV_LTP_GSL_HEV,2045.0,T_D_pkm_ldv_t,ge,0.018305386420573125,,,,,,,,TRPHRSK001
SK,T_LDV_LTP_GSL_PHEV35,2025.0,T_D_pkm_ldv_t,ge,0.018305386420573125,,,,,,,,TRPHRSK001
SK,T_LDV_LTP_GSL_PHEV35,2030.0,T_D_pkm_ldv_t,ge,0.018305386420573125,,,,,,,,TRPHRSK001
SK,T_LDV_LTP_GSL_PHEV35,2035.0,T_D_pkm_ldv_t,ge,0.018305386420573125,,,,,,,,TRPHRSK001
SK,T_LDV_LTP_GSL_PHEV35,2040.0,T_D_pkm_ldv_t,ge,0.018305386420573125,,,,,,,,TRPHRSK001
SK,T_LDV_LTP_GSL_PHEV35,2045.0,T_D_pkm_ldv_t,ge,0.018305386420573125,,,,,,,,TRPHRSK001
SK,T_LDV_LTP_GSL_PHEV50,2025.0,T_D_pkm_ldv_t,ge,0.018305386420573125,,,,,,,,TRPHRSK001
SK,T_LDV_LTP_GSL_PHEV50,2030.0,T_D_pkm_ldv_t,ge,0.018305386420573125,,,,,,,,TRPHRSK001
SK,T_LDV_LTP_GSL_PHEV50,2035.0,T_D_pkm_ldv_t,ge,0.018305386420573125,,,,,,,,TRPHRSK001
SK,T_LDV_LTP_GSL_PHEV50,2040.0,T_D_pkm_ldv_t,ge,0.018305386420573125,,,,,,,,TRPHRSK001
SK,T_LDV_LTP_GSL_PHEV50,2045.0,T_D_pkm_ldv_t,ge,0.018305386420573125,,,,,,,,TRPHRSK001
AB,T_HDV_T_BEV,2025.0,T_D_tkm_hdv_t,ge,0.08064924531998173,,,,,,,,TRPHRAB001
AB,T_HDV_T_BEV,2030.0,T_D_tkm_hdv_t,ge,0.08064924531998173,,,,,,,,TRPHRAB001
AB,T_HDV_T_BEV,2035.0,T_D_tkm_hdv_t,ge,0.08064924531998173,,,,,,,,TRPHRAB001
AB,T_HDV_T_BEV,2040.0,T_D_tkm_hdv_t,ge,0.08064924531998173,,,,,,,,TRPHRAB001
AB,T_HDV_T_BEV,2045.0,T_D_tkm_hdv_t,ge,0.08064924531998173,,,,,,,,TRPHRAB001
AB,T_HDV_T_DSL,2025.0,T_D_tkm_hdv_t,ge,0.08064924531998173,,,,,,,,TRPHRAB001
AB,T_HDV_T_DSL,2030.0,T_D_tkm_hdv_t,ge,0.08064924531998173,,,,,,,,TRPHRAB001
AB,T_HDV_T_DSL,2035.0,T_D_tkm_hdv_t,ge,0.08064924531998173,,,,,,,,TRPHRAB001
AB,T_HDV_T_DSL,2040.0,T_D_tkm_hdv_t,ge,0.08064924531998173,,,,,,,,TRPHRAB001
AB,T_HDV_T_DSL,2045.0,T_D_tkm_hdv_t,ge,0.08064924531998173,,,,,,,,TRPHRAB001
AB,T_HDV_T_DSL_HEV,2025.0,T_D_tkm_hdv_t,ge,0.08064924531998173,,,,,,,,TRPHRAB001
AB,T_HDV_T_DSL_HEV,2030.0,T_D_tkm_hdv_t,ge,0.08064924531998173,,,,,,,,TRPHRAB001
AB,T_HDV_T_DSL_HEV,2035.0,T_D_tkm_hdv_t,ge,0.08064924531998173,,,,,,,,TRPHRAB001
AB,T_HDV_T_DSL_HEV,2040.0,T_D_tkm_hdv_t,ge,0.08064924531998173,,,,,,,,TRPHRAB001
AB,T_HDV_T_DSL_HEV,2045.0,T_D_tkm_hdv_t,ge,0.08064924531998173,,,,,,,,TRPHRAB001
AB,T_HDV_T_DSL_PHEV,2025.0,T_D_tkm_hdv_t,ge,0.08064924531998173,,,,,,,,TRPHRAB001
AB,T_HDV_T_DSL_PHEV,2030.0,T_D_tkm_hdv_t,ge,0.08064924531998173,,,,,,,,TRPHRAB001
AB,T_HDV_T_DSL_PHEV,2035.0,T_D_tkm_hdv_t,ge,0.08064924531998173,,,,,,,,TRPHRAB001
AB,T_HDV_T_DSL_PHEV,2040.0,T_D_tkm_hdv_t,ge,0.08064924531998173,,,,,,,,TRPHRAB001
AB,T_HDV_T_DSL_PHEV,2045.0,T_D_tkm_hdv_t,ge,0.08064924531998173,,,,,,,,TRPHRAB001
AB,T_HDV_T_FCEV,2025.0,T_D_tkm_hdv_t,ge,0.08064924531998173,,,,,,,,TRPHRAB001
AB,T_HDV_T_FCEV,2030.0,T_D_tkm_hdv_t,ge,0.08064924531998173,,,,,,,,TRPHRAB001
AB,T_HDV_T_FCEV,2035.0,T_D_tkm_hdv_t,ge,0.08064924531998173,,,,,,,,TRPHRAB001
AB,T_HDV_T_FCEV,2040.0,T_D_tkm_hdv_t,ge,0.08064924531998173,,,,,,,,TRPHRAB001
AB,T_HDV_T_FCEV,2045.0,T_D_tkm_hdv_t,ge,0.08064924531998173,,,,,,,,TRPHRAB001
AB,T_HDV_T_FCHEV,2025.0,T_D_tkm_hdv_t,ge,0.08064924531998173,,,,,,,,TRPHRAB001
AB,T_HDV_T_FCHEV,2030.0,T_D_tkm_hdv_t,ge,0.08064924531998173,,,,,,,,TRPHRAB001
AB,T_HDV_T_FCHEV,2035.0,T_D_tkm_hdv_t,ge,0.08064924531998173,,,,,,,,TRPHRAB001
AB,T_HDV_T_FCHEV,2040.0,T_D_tkm_hdv_t,ge,0.08064924531998173,,,,,,,,TRPHRAB001
AB,T_HDV_T_FCHEV,2045.0,T_D_tkm_hdv_t,ge,0.08064924531998173,,,,,,,,TRPHRAB001
BC,T_HDV_T_BEV,2025.0,T_D_tkm_hdv_t,ge,0.08064924531998173,,,,,,,,TRPHRBC001
BC,T_HDV_T_BEV,2030.0,T_D_tkm_hdv_t,ge,0.08064924531998173,,,,,,,,TRPHRBC001
BC,T_HDV_T_BEV,2035.0,T_D_tkm_hdv_t,ge,0.08064924531998173,,,,,,,,TRPHRBC001
BC,T_HDV_T_BEV,2040.0,T_D_tkm_hdv_t,ge,0.08064924531998173,,,,,,,,TRPHRBC001
BC,T_HDV_T_BEV,2045.0,T_D_tkm_hdv_t,ge,0.08064924531998173,,,,,,,,TRPHRBC001
BC,T_HDV_T_DSL,2025.0,T_D_tkm_hdv_t,ge,0.08064924531998173,,,,,,,,TRPHRBC001
BC,T_HDV_T_DSL,2030.0,T_D_tkm_hdv_t,ge,0.08064924531998173,,,,,,,,TRPHRBC001
BC,T_HDV_T_DSL,2035.0,T_D_tkm_hdv_t,ge,0.08064924531998173,,,,,,,,TRPHRBC001
BC,T_HDV_T_DSL,2040.0,T_D_tkm_hdv_t,ge,0.08064924531998173,,,,,,,,TRPHRBC001
BC,T_HDV_T_DSL,2045.0,T_D_tkm_hdv_t,ge,0.08064924531998173,,,,,,,,TRPHRBC001
BC,T_HDV_T_DSL_HEV,2025.0,T_D_tkm_hdv_t,ge,0.08064924531998173,,,,,,,,TRPHRBC001
BC,T_HDV_T_DSL_HEV,2030.0,T_D_tkm_hdv_t,ge,0.08064924531998173,,,,,,,,TRPHRBC001
BC,T_HDV_T_DSL_HEV,2035.0,T_D_tkm_hdv_t,ge,0.08064924531998173,,,,,,,,TRPHRBC001
BC,T_HDV_T_DSL_HEV,2040.0,T_D_tkm_hdv_t,ge,0.08064924531998173,,,,,,,,TRPHRBC001
BC,T_HDV_T_DSL_HEV,2045.0,T_D_tkm_hdv_t,ge,0.08064924531998173,,,,,,,,TRPHRBC001
BC,T_HDV_T_DSL_PHEV,2025.0,T_D_tkm_hdv_t,ge,0.08064924531998173,,,,,,,,TRPHRBC001
BC,T_HDV_T_DSL_PHEV,2030.0,T_D_tkm_hdv_t,ge,0.08064924531998173,,,,,,,,TRPHRBC001
BC,T_HDV_T_DSL_PHEV,2035.0,T_D_tkm_hdv_t,ge,0.08064924531998173,,,,,,,,TRPHRBC001
BC,T_HDV_T_DSL_PHEV,2040.0,T_D_tkm_hdv_t,ge,0.08064924531998173,,,,,,,,TRPHRBC001
BC,T_HDV_T_DSL_PHEV,2045.0,T_D_tkm_hdv_t,ge,0.08064924531998173,,,,,,,,TRPHRBC001
BC,T_HDV_T_FCEV,2025.0,T_D_tkm_hdv_t,ge,0.08064924531998173,,,,,,,,TRPHRBC001
BC,T_HDV_T_FCEV,2030.0,T_D_tkm_hdv_t,ge,0.08064924531998173,,,,,,,,TRPHRBC001
BC,T_HDV_T_FCEV,2035.0,T_D_tkm_hdv_t,ge,0.08064924531998173,,,,,,,,TRPHRBC001
BC,T_HDV_T_FCEV,2040.0,T_D_tkm_hdv_t,ge,0.08064924531998173,,,,,,,,TRPHRBC001
BC,T_HDV_T_FCEV,2045.0,T_D_tkm_hdv_t,ge,0.08064924531998173,,,,,,,,TRPHRBC001
BC,T_HDV_T_FCHEV,2025.0,T_D_tkm_hdv_t,ge,0.08064924531998173,,,,,,,,TRPHRBC001
BC,T_HDV_T_FCHEV,2030.0,T_D_tkm_hdv_t,ge,0.08064924531998173,,,,,,,,TRPHRBC001
BC,T_HDV_T_FCHEV,2035.0,T_D_tkm_hdv_t,ge,0.08064924531998173,,,,,,,,TRPHRBC001
BC,T_HDV_T_FCHEV,2040.0,T_D_tkm_hdv_t,ge,0.08064924531998173,,,,,,,,TRPHRBC001
BC,T_HDV_T_FCHEV,2045.0,T_D_tkm_hdv_t,ge,0.08064924531998173,,,,,,,,TRPHRBC001
MB,T_HDV_T_BEV,2025.0,T_D_tkm_hdv_t,ge,0.08064924531998173,,,,,,,,TRPHRMB001
MB,T_HDV_T_BEV,2030.0,T_D_tkm_hdv_t,ge,0.08064924531998173,,,,,,,,TRPHRMB001
MB,T_HDV_T_BEV,2035.0,T_D_tkm_hdv_t,ge,0.08064924531998173,,,,,,,,TRPHRMB001
MB,T_HDV_T_BEV,2040.0,T_D_tkm_hdv_t,ge,0.08064924531998173,,,,,,,,TRPHRMB001
MB,T_HDV_T_BEV,2045.0,T_D_tkm_hdv_t,ge,0.08064924531998173,,,,,,,,TRPHRMB001
MB,T_HDV_T_DSL,2025.0,T_D_tkm_hdv_t,ge,0.08064924531998173,,,,,,,,TRPHRMB001
MB,T_HDV_T_DSL,2030.0,T_D_tkm_hdv_t,ge,0.08064924531998173,,,,,,,,TRPHRMB001
MB,T_HDV_T_DSL,2035.0,T_D_tkm_hdv_t,ge,0.08064924531998173,,,,,,,,TRPHRMB001
MB,T_HDV_T_DSL,2040.0,T_D_tkm_hdv_t,ge,0.08064924531998173,,,,,,,,TRPHRMB001
MB,T_HDV_T_DSL,2045.0,T_D_tkm_hdv_t,ge,0.08064924531998173,,,,,,,,TRPHRMB001
MB,T_HDV_T_DSL_HEV,2025.0,T_D_tkm_hdv_t,ge,0.08064924531998173,,,,,,,,TRPHRMB001
MB,T_HDV_T_DSL_HEV,2030.0,T_D_tkm_hdv_t,ge,0.08064924531998173,,,,,,,,TRPHRMB001
MB,T_HDV_T_DSL_HEV,2035.0,T_D_tkm_hdv_t,ge,0.08064924531998173,,,,,,,,TRPHRMB001
MB,T_HDV_T_DSL_HEV,2040.0,T_D_tkm_hdv_t,ge,0.08064924531998173,,,,,,,,TRPHRMB001
MB,T_HDV_T_DSL_HEV,2045.0,T_D_tkm_hdv_t,ge,0.08064924531998173,,,,,,,,TRPHRMB001
MB,T_HDV_T_DSL_PHEV,2025.0,T_D_tkm_hdv_t,ge,0.08064924531998173,,,,,,,,TRPHRMB001
MB,T_HDV_T_DSL_PHEV,2030.0,T_D_tkm_hdv_t,ge,0.08064924531998173,,,,,,,,TRPHRMB001
MB,T_HDV_T_DSL_PHEV,2035.0,T_D_tkm_hdv_t,ge,0.08064924531998173,,,,,,,,TRPHRMB001
MB,T_HDV_T_DSL_PHEV,2040.0,T_D_tkm_hdv_t,ge,0.08064924531998173,,,,,,,,TRPHRMB001
MB,T_HDV_T_DSL_PHEV,2045.0,T_D_tkm_hdv_t,ge,0.08064924531998173,,,,,,,,TRPHRMB001
MB,T_HDV_T_FCEV,2025.0,T_D_tkm_hdv_t,ge,0.08064924531998173,,,,,,,,TRPHRMB001
MB,T_HDV_T_FCEV,2030.0,T_D_tkm_hdv_t,ge,0.08064924531998173,,,,,,,,TRPHRMB001
MB,T_HDV_T_FCEV,2035.0,T_D_tkm_hdv_t,ge,0.08064924531998173,,,,,,,,TRPHRMB001
MB,T_HDV_T_FCEV,2040.0,T_D_tkm_hdv_t,ge,0.08064924531998173,,,,,,,,TRPHRMB001
MB,T_HDV_T_FCEV,2045.0,T_D_tkm_hdv_t,ge,0.08064924531998173,,,,,,,,TRPHRMB001
MB,T_HDV_T_FCHEV,2025.0,T_D_tkm_hdv_t,ge,0.08064924531998173,,,,,,,,TRPHRMB001
MB,T_HDV_T_FCHEV,2030.0,T_D_tkm_hdv_t,ge,0.08064924531998173,,,,,,,,TRPHRMB001
MB,T_HDV_T_FCHEV,2035.0,T_D_tkm_hdv_t,ge,0.08064924531998173,,,,,,,,TRPHRMB001
MB,T_HDV_T_FCHEV,2040.0,T_D_tkm_hdv_t,ge,0.08064924531998173,,,,,,,,TRPHRMB001
MB,T_HDV_T_FCHEV,2045.0,T_D_tkm_hdv_t,ge,0.08064924531998173,,,,,,,,TRPHRMB001
NB,T_HDV_T_BEV,2025.0,T_D_tkm_hdv_t,ge,0.08064924531998173,,,,,,,,TRPHRNB001
NB,T_HDV_T_BEV,2030.0,T_D_tkm_hdv_t,ge,0.08064924531998173,,,,,,,,TRPHRNB001
NB,T_HDV_T_BEV,2035.0,T_D_tkm_hdv_t,ge,0.08064924531998173,,,,,,,,TRPHRNB001
NB,T_HDV_T_BEV,2040.0,T_D_tkm_hdv_t,ge,0.08064924531998173,,,,,,,,TRPHRNB001
NB,T_HDV_T_BEV,2045.0,T_D_tkm_hdv_t,ge,0.08064924531998173,,,,,,,,TRPHRNB001
NB,T_HDV_T_DSL,2025.0,T_D_tkm_hdv_t,ge,0.08064924531998173,,,,,,,,TRPHRNB001
NB,T_HDV_T_DSL,2030.0,T_D_tkm_hdv_t,ge,0.08064924531998173,,,,,,,,TRPHRNB001
NB,T_HDV_T_DSL,2035.0,T_D_tkm_hdv_t,ge,0.08064924531998173,,,,,,,,TRPHRNB001
NB,T_HDV_T_DSL,2040.0,T_D_tkm_hdv_t,ge,0.08064924531998173,,,,,,,,TRPHRNB001
NB,T_HDV_T_DSL,2045.0,T_D_tkm_hdv_t,ge,0.08064924531998173,,,,,,,,TRPHRNB001
NB,T_HDV_T_DSL_HEV,2025.0,T_D_tkm_hdv_t,ge,0.08064924531998173,,,,,,,,TRPHRNB001
NB,T_HDV_T_DSL_HEV,2030.0,T_D_tkm_hdv_t,ge,0.08064924531998173,,,,,,,,TRPHRNB001
NB,T_HDV_T_DSL_HEV,2035.0,T_D_tkm_hdv_t,ge,0.08064924531998173,,,,,,,,TRPHRNB001
NB,T_HDV_T_DSL_HEV,2040.0,T_D_tkm_hdv_t,ge,0.08064924531998173,,,,,,,,TRPHRNB001
NB,T_HDV_T_DSL_HEV,2045.0,T_D_tkm_hdv_t,ge,0.08064924531998173,,,,,,,,TRPHRNB001
NB,T_HDV_T_DSL_PHEV,2025.0,T_D_tkm_hdv_t,ge,0.08064924531998173,,,,,,,,TRPHRNB001
NB,T_HDV_T_DSL_PHEV,2030.0,T_D_tkm_hdv_t,ge,0.08064924531998173,,,,,,,,TRPHRNB001
NB,T_HDV_T_DSL_PHEV,2035.0,T_D_tkm_hdv_t,ge,0.08064924531998173,,,,,,,,TRPHRNB001
NB,T_HDV_T_DSL_PHEV,2040.0,T_D_tkm_hdv_t,ge,0.08064924531998173,,,,,,,,TRPHRNB001
NB,T_HDV_T_DSL_PHEV,2045.0,T_D_tkm_hdv_t,ge,0.08064924531998173,,,,,,,,TRPHRNB001
NB,T_HDV_T_FCEV,2025.0,T_D_tkm_hdv_t,ge,0.08064924531998173,,,,,,,,TRPHRNB001
NB,T_HDV_T_FCEV,2030.0,T_D_tkm_hdv_t,ge,0.08064924531998173,,,,,,,,TRPHRNB001
NB,T_HDV_T_FCEV,2035.0,T_D_tkm_hdv_t,ge,0.08064924531998173,,,,,,,,TRPHRNB001
NB,T_HDV_T_FCEV,2040.0,T_D_tkm_hdv_t,ge,0.08064924531998173,,,,,,,,TRPHRNB001
NB,T_HDV_T_FCEV,2045.0,T_D_tkm_hdv_t,ge,0.08064924531998173,,,,,,,,TRPHRNB001
NB,T_HDV_T_FCHEV,2025.0,T_D_tkm_hdv_t,ge,0.08064924531998173,,,,,,,,TRPHRNB001
NB,T_HDV_T_FCHEV,2030.0,T_D_tkm_hdv_t,ge,0.08064924531998173,,,,,,,,TRPHRNB001
NB,T_HDV_T_FCHEV,2035.0,T_D_tkm_hdv_t,ge,0.08064924531998173,,,,,,,,TRPHRNB001
NB,T_HDV_T_FCHEV,2040.0,T_D_tkm_hdv_t,ge,0.08064924531998173,,,,,,,,TRPHRNB001
NB,T_HDV_T_FCHEV,2045.0,T_D_tkm_hdv_t,ge,0.08064924531998173,,,,,,,,TRPHRNB001
NLLAB,T_HDV_T_BEV,2025.0,T_D_tkm_hdv_t,ge,0.08064924531998173,,,,,,,,TRPHRNLLAB001
NLLAB,T_HDV_T_BEV,2030.0,T_D_tkm_hdv_t,ge,0.08064924531998173,,,,,,,,TRPHRNLLAB001
NLLAB,T_HDV_T_BEV,2035.0,T_D_tkm_hdv_t,ge,0.08064924531998173,,,,,,,,TRPHRNLLAB001
NLLAB,T_HDV_T_BEV,2040.0,T_D_tkm_hdv_t,ge,0.08064924531998173,,,,,,,,TRPHRNLLAB001
NLLAB,T_HDV_T_BEV,2045.0,T_D_tkm_hdv_t,ge,0.08064924531998173,,,,,,,,TRPHRNLLAB001
NLLAB,T_HDV_T_DSL,2025.0,T_D_tkm_hdv_t,ge,0.08064924531998173,,,,,,,,TRPHRNLLAB001
NLLAB,T_HDV_T_DSL,2030.0,T_D_tkm_hdv_t,ge,0.08064924531998173,,,,,,,,TRPHRNLLAB001
NLLAB,T_HDV_T_DSL,2035.0,T_D_tkm_hdv_t,ge,0.08064924531998173,,,,,,,,TRPHRNLLAB001
NLLAB,T_HDV_T_DSL,2040.0,T_D_tkm_hdv_t,ge,0.08064924531998173,,,,,,,,TRPHRNLLAB001
NLLAB,T_HDV_T_DSL,2045.0,T_D_tkm_hdv_t,ge,0.08064924531998173,,,,,,,,TRPHRNLLAB001
NLLAB,T_HDV_T_DSL_HEV,2025.0,T_D_tkm_hdv_t,ge,0.08064924531998173,,,,,,,,TRPHRNLLAB001
NLLAB,T_HDV_T_DSL_HEV,2030.0,T_D_tkm_hdv_t,ge,0.08064924531998173,,,,,,,,TRPHRNLLAB001
NLLAB,T_HDV_T_DSL_HEV,2035.0,T_D_tkm_hdv_t,ge,0.08064924531998173,,,,,,,,TRPHRNLLAB001
NLLAB,T_HDV_T_DSL_HEV,2040.0,T_D_tkm_hdv_t,ge,0.08064924531998173,,,,,,,,TRPHRNLLAB001
NLLAB,T_HDV_T_DSL_HEV,2045.0,T_D_tkm_hdv_t,ge,0.08064924531998173,,,,,,,,TRPHRNLLAB001
NLLAB,T_HDV_T_DSL_PHEV,2025.0,T_D_tkm_hdv_t,ge,0.08064924531998173,,,,,,,,TRPHRNLLAB001
NLLAB,T_HDV_T_DSL_PHEV,2030.0,T_D_tkm_hdv_t,ge,0.08064924531998173,,,,,,,,TRPHRNLLAB001
NLLAB,T_HDV_T_DSL_PHEV,2035.0,T_D_tkm_hdv_t,ge,0.08064924531998173,,,,,,,,TRPHRNLLAB001
NLLAB,T_HDV_T_DSL_PHEV,2040.0,T_D_tkm_hdv_t,ge,0.08064924531998173,,,,,,,,TRPHRNLLAB001
NLLAB,T_HDV_T_DSL_PHEV,2045.0,T_D_tkm_hdv_t,ge,0.08064924531998173,,,,,,,,TRPHRNLLAB001
NLLAB,T_HDV_T_FCEV,2025.0,T_D_tkm_hdv_t,ge,0.08064924531998173,,,,,,,,TRPHRNLLAB001
NLLAB,T_HDV_T_FCEV,2030.0,T_D_tkm_hdv_t,ge,0.08064924531998173,,,,,,,,TRPHRNLLAB001
NLLAB,T_HDV_T_FCEV,2035.0,T_D_tkm_hdv_t,ge,0.08064924531998173,,,,,,,,TRPHRNLLAB001
NLLAB,T_HDV_T_FCEV,2040.0,T_D_tkm_hdv_t,ge,0.08064924531998173,,,,,,,,TRPHRNLLAB001
NLLAB,T_HDV_T_FCEV,2045.0,T_D_tkm_hdv_t,ge,0.08064924531998173,,,,,,,,TRPHRNLLAB001
NLLAB,T_HDV_T_FCHEV,2025.0,T_D_tkm_hdv_t,ge,0.08064924531998173,,,,,,,,TRPHRNLLAB001
NLLAB,T_HDV_T_FCHEV,2030.0,T_D_tkm_hdv_t,ge,0.08064924531998173,,,,,,,,TRPHRNLLAB001
NLLAB,T_HDV_T_FCHEV,2035.0,T_D_tkm_hdv_t,ge,0.08064924531998173,,,,,,,,TRPHRNLLAB001
NLLAB,T_HDV_T_FCHEV,2040.0,T_D_tkm_hdv_t,ge,0.08064924531998173,,,,,,,,TRPHRNLLAB001
NLLAB,T_HDV_T_FCHEV,2045.0,T_D_tkm_hdv_t,ge,0.08064924531998173,,,,,,,,TRPHRNLLAB001
NS,T_HDV_T_BEV,2025.0,T_D_tkm_hdv_t,ge,0.08064924531998173,,,,,,,,TRPHRNS001
NS,T_HDV_T_BEV,2030.0,T_D_tkm_hdv_t,ge,0.08064924531998173,,,,,,,,TRPHRNS001
NS,T_HDV_T_BEV,2035.0,T_D_tkm_hdv_t,ge,0.08064924531998173,,,,,,,,TRPHRNS001
NS,T_HDV_T_BEV,2040.0,T_D_tkm_hdv_t,ge,0.08064924531998173,,,,,,,,TRPHRNS001
NS,T_HDV_T_BEV,2045.0,T_D_tkm_hdv_t,ge,0.08064924531998173,,,,,,,,TRPHRNS001
NS,T_HDV_T_DSL,2025.0,T_D_tkm_hdv_t,ge,0.08064924531998173,,,,,,,,TRPHRNS001
NS,T_HDV_T_DSL,2030.0,T_D_tkm_hdv_t,ge,0.08064924531998173,,,,,,,,TRPHRNS001
NS,T_HDV_T_DSL,2035.0,T_D_tkm_hdv_t,ge,0.08064924531998173,,,,,,,,TRPHRNS001
NS,T_HDV_T_DSL,2040.0,T_D_tkm_hdv_t,ge,0.08064924531998173,,,,,,,,TRPHRNS001
NS,T_HDV_T_DSL,2045.0,T_D_tkm_hdv_t,ge,0.08064924531998173,,,,,,,,TRPHRNS001
NS,T_HDV_T_DSL_HEV,2025.0,T_D_tkm_hdv_t,ge,0.08064924531998173,,,,,,,,TRPHRNS001
NS,T_HDV_T_DSL_HEV,2030.0,T_D_tkm_hdv_t,ge,0.08064924531998173,,,,,,,,TRPHRNS001
NS,T_HDV_T_DSL_HEV,2035.0,T_D_tkm_hdv_t,ge,0.08064924531998173,,,,,,,,TRPHRNS001
NS,T_HDV_T_DSL_HEV,2040.0,T_D_tkm_hdv_t,ge,0.08064924531998173,,,,,,,,TRPHRNS001
NS,T_HDV_T_DSL_HEV,2045.0,T_D_tkm_hdv_t,ge,0.08064924531998173,,,,,,,,TRPHRNS001
NS,T_HDV_T_DSL_PHEV,2025.0,T_D_tkm_hdv_t,ge,0.08064924531998173,,,,,,,,TRPHRNS001
NS,T_HDV_T_DSL_PHEV,2030.0,T_D_tkm_hdv_t,ge,0.08064924531998173,,,,,,,,TRPHRNS001
NS,T_HDV_T_DSL_PHEV,2035.0,T_D_tkm_hdv_t,ge,0.08064924531998173,,,,,,,,TRPHRNS001
NS,T_HDV_T_DSL_PHEV,2040.0,T_D_tkm_hdv_t,ge,0.08064924531998173,,,,,,,,TRPHRNS001
NS,T_HDV_T_DSL_PHEV,2045.0,T_D_tkm_hdv_t,ge,0.08064924531998173,,,,,,,,TRPHRNS001
NS,T_HDV_T_FCEV,2025.0,T_D_tkm_hdv_t,ge,0.08064924531998173,,,,,,,,TRPHRNS001
NS,T_HDV_T_FCEV,2030.0,T_D_tkm_hdv_t,ge,0.08064924531998173,,,,,,,,TRPHRNS001
NS,T_HDV_T_FCEV,2035.0,T_D_tkm_hdv_t,ge,0.08064924531998173,,,,,,,,TRPHRNS001
NS,T_HDV_T_FCEV,2040.0,T_D_tkm_hdv_t,ge,0.08064924531998173,,,,,,,,TRPHRNS001
NS,T_HDV_T_FCEV,2045.0,T_D_tkm_hdv_t,ge,0.08064924531998173,,,,,,,,TRPHRNS001
NS,T_HDV_T_FCHEV,2025.0,T_D_tkm_hdv_t,ge,0.08064924531998173,,,,,,,,TRPHRNS001
NS,T_HDV_T_FCHEV,2030.0,T_D_tkm_hdv_t,ge,0.08064924531998173,,,,,,,,TRPHRNS001
NS,T_HDV_T_FCHEV,2035.0,T_D_tkm_hdv_t,ge,0.08064924531998173,,,,,,,,TRPHRNS001
NS,T_HDV_T_FCHEV,2040.0,T_D_tkm_hdv_t,ge,0.08064924531998173,,,,,,,,TRPHRNS001
NS,T_HDV_T_FCHEV,2045.0,T_D_tkm_hdv_t,ge,0.08064924531998173,,,,,,,,TRPHRNS001
ON,T_HDV_T_BEV,2025.0,T_D_tkm_hdv_t,ge,0.08064924531998173,,,,,,,,TRPHRON001
ON,T_HDV_T_BEV,2030.0,T_D_tkm_hdv_t,ge,0.08064924531998173,,,,,,,,TRPHRON001
ON,T_HDV_T_BEV,2035.0,T_D_tkm_hdv_t,ge,0.08064924531998173,,,,,,,,TRPHRON001
ON,T_HDV_T_BEV,2040.0,T_D_tkm_hdv_t,ge,0.08064924531998173,,,,,,,,TRPHRON001
ON,T_HDV_T_BEV,2045.0,T_D_tkm_hdv_t,ge,0.08064924531998173,,,,,,,,TRPHRON001
ON,T_HDV_T_DSL,2025.0,T_D_tkm_hdv_t,ge,0.08064924531998173,,,,,,,,TRPHRON001
ON,T_HDV_T_DSL,2030.0,T_D_tkm_hdv_t,ge,0.08064924531998173,,,,,,,,TRPHRON001
ON,T_HDV_T_DSL,2035.0,T_D_tkm_hdv_t,ge,0.08064924531998173,,,,,,,,TRPHRON001
ON,T_HDV_T_DSL,2040.0,T_D_tkm_hdv_t,ge,0.08064924531998173,,,,,,,,TRPHRON001
ON,T_HDV_T_DSL,2045.0,T_D_tkm_hdv_t,ge,0.08064924531998173,,,,,,,,TRPHRON001
ON,T_HDV_T_DSL_HEV,2025.0,T_D_tkm_hdv_t,ge,0.08064924531998173,,,,,,,,TRPHRON001
ON,T_HDV_T_DSL_HEV,2030.0,T_D_tkm_hdv_t,ge,0.08064924531998173,,,,,,,,TRPHRON001
ON,T_HDV_T_DSL_HEV,2035.0,T_D_tkm_hdv_t,ge,0.08064924531998173,,,,,,,,TRPHRON001
ON,T_HDV_T_DSL_HEV,2040.0,T_D_tkm_hdv_t,ge,0.08064924531998173,,,,,,,,TRPHRON001
ON,T_HDV_T_DSL_HEV,2045.0,T_D_tkm_hdv_t,ge,0.08064924531998173,,,,,,,,TRPHRON001
ON,T_HDV_T_DSL_PHEV,2025.0,T_D_tkm_hdv_t,ge,0.08064924531998173,,,,,,,,TRPHRON001
ON,T_HDV_T_DSL_PHEV,2030.0,T_D_tkm_hdv_t,ge,0.08064924531998173,,,,,,,,TRPHRON001
ON,T_HDV_T_DSL_PHEV,2035.0,T_D_tkm_hdv_t,ge,0.08064924531998173,,,,,,,,TRPHRON001
ON,T_HDV_T_DSL_PHEV,2040.0,T_D_tkm_hdv_t,ge,0.08064924531998173,,,,,,,,TRPHRON001
ON,T_HDV_T_DSL_PHEV,2045.0,T_D_tkm_hdv_t,ge,0.08064924531998173,,,,,,,,TRPHRON001
ON,T_HDV_T_FCEV,2025.0,T_D_tkm_hdv_t,ge,0.08064924531998173,,,,,,,,TRPHRON001
ON,T_HDV_T_FCEV,2030.0,T_D_tkm_hdv_t,ge,0.08064924531998173,,,,,,,,TRPHRON001
ON,T_HDV_T_FCEV,2035.0,T_D_tkm_hdv_t,ge,0.08064924531998173,,,,,,,,TRPHRON001
ON,T_HDV_T_FCEV,2040.0,T_D_tkm_hdv_t,ge,0.08064924531998173,,,,,,,,TRPHRON001
ON,T_HDV_T_FCEV,2045.0,T_D_tkm_hdv_t,ge,0.08064924531998173,,,,,,,,TRPHRON001
ON,T_HDV_T_FCHEV,2025.0,T_D_tkm_hdv_t,ge,0.08064924531998173,,,,,,,,TRPHRON001
ON,T_HDV_T_FCHEV,2030.0,T_D_tkm_hdv_t,ge,0.08064924531998173,,,,,,,,TRPHRON001
ON,T_HDV_T_FCHEV,2035.0,T_D_tkm_hdv_t,ge,0.08064924531998173,,,,,,,,TRPHRON001
ON,T_HDV_T_FCHEV,2040.0,T_D_tkm_hdv_t,ge,0.08064924531998173,,,,,,,,TRPHRON001
ON,T_HDV_T_FCHEV,2045.0,T_D_tkm_hdv_t,ge,0.08064924531998173,,,,,,,,TRPHRON001
PEI,T_HDV_T_BEV,2025.0,T_D_tkm_hdv_t,ge,0.08064924531998173,,,,,,,,TRPHRPEI001
PEI,T_HDV_T_BEV,2030.0,T_D_tkm_hdv_t,ge,0.08064924531998173,,,,,,,,TRPHRPEI001
PEI,T_HDV_T_BEV,2035.0,T_D_tkm_hdv_t,ge,0.08064924531998173,,,,,,,,TRPHRPEI001
PEI,T_HDV_T_BEV,2040.0,T_D_tkm_hdv_t,ge,0.08064924531998173,,,,,,,,TRPHRPEI001
PEI,T_HDV_T_BEV,2045.0,T_D_tkm_hdv_t,ge,0.08064924531998173,,,,,,,,TRPHRPEI001
PEI,T_HDV_T_DSL,2025.0,T_D_tkm_hdv_t,ge,0.08064924531998173,,,,,,,,TRPHRPEI001
PEI,T_HDV_T_DSL,2030.0,T_D_tkm_hdv_t,ge,0.08064924531998173,,,,,,,,TRPHRPEI001
PEI,T_HDV_T_DSL,2035.0,T_D_tkm_hdv_t,ge,0.08064924531998173,,,,,,,,TRPHRPEI001
PEI,T_HDV_T_DSL,2040.0,T_D_tkm_hdv_t,ge,0.08064924531998173,,,,,,,,TRPHRPEI001
PEI,T_HDV_T_DSL,2045.0,T_D_tkm_hdv_t,ge,0.08064924531998173,,,,,,,,TRPHRPEI001
PEI,T_HDV_T_DSL_HEV,2025.0,T_D_tkm_hdv_t,ge,0.08064924531998173,,,,,,,,TRPHRPEI001
PEI,T_HDV_T_DSL_HEV,2030.0,T_D_tkm_hdv_t,ge,0.08064924531998173,,,,,,,,TRPHRPEI001
PEI,T_HDV_T_DSL_HEV,2035.0,T_D_tkm_hdv_t,ge,0.08064924531998173,,,,,,,,TRPHRPEI001
PEI,T_HDV_T_DSL_HEV,2040.0,T_D_tkm_hdv_t,ge,0.08064924531998173,,,,,,,,TRPHRPEI001
PEI,T_HDV_T_DSL_HEV,2045.0,T_D_tkm_hdv_t,ge,0.08064924531998173,,,,,,,,TRPHRPEI001
PEI,T_HDV_T_DSL_PHEV,2025.0,T_D_tkm_hdv_t,ge,0.08064924531998173,,,,,,,,TRPHRPEI001
PEI,T_HDV_T_DSL_PHEV,2030.0,T_D_tkm_hdv_t,ge,0.08064924531998173,,,,,,,,TRPHRPEI001
PEI,T_HDV_T_DSL_PHEV,2035.0,T_D_tkm_hdv_t,ge,0.08064924531998173,,,,,,,,TRPHRPEI001
PEI,T_HDV_T_DSL_PHEV,2040.0,T_D_tkm_hdv_t,ge,0.08064924531998173,,,,,,,,TRPHRPEI001
PEI,T_HDV_T_DSL_PHEV,2045.0,T_D_tkm_hdv_t,ge,0.08064924531998173,,,,,,,,TRPHRPEI001
PEI,T_HDV_T_FCEV,2025.0,T_D_tkm_hdv_t,ge,0.08064924531998173,,,,,,,,TRPHRPEI001
PEI,T_HDV_T_FCEV,2030.0,T_D_tkm_hdv_t,ge,0.08064924531998173,,,,,,,,TRPHRPEI001
PEI,T_HDV_T_FCEV,2035.0,T_D_tkm_hdv_t,ge,0.08064924531998173,,,,,,,,TRPHRPEI001
PEI,T_HDV_T_FCEV,2040.0,T_D_tkm_hdv_t,ge,0.08064924531998173,,,,,,,,TRPHRPEI001
PEI,T_HDV_T_FCEV,2045.0,T_D_tkm_hdv_t,ge,0.08064924531998173,,,,,,,,TRPHRPEI001
PEI,T_HDV_T_FCHEV,2025.0,T_D_tkm_hdv_t,ge,0.08064924531998173,,,,,,,,TRPHRPEI001
PEI,T_HDV_T_FCHEV,2030.0,T_D_tkm_hdv_t,ge,0.08064924531998173,,,,,,,,TRPHRPEI001
PEI,T_HDV_T_FCHEV,2035.0,T_D_tkm_hdv_t,ge,0.08064924531998173,,,,,,,,TRPHRPEI001
PEI,T_HDV_T_FCHEV,2040.0,T_D_tkm_hdv_t,ge,0.08064924531998173,,,,,,,,TRPHRPEI001
PEI,T_HDV_T_FCHEV,2045.0,T_D_tkm_hdv_t,ge,0.08064924531998173,,,,,,,,TRPHRPEI001
QC,T_HDV_T_BEV,2025.0,T_D_tkm_hdv_t,ge,0.08064924531998173,,,,,,,,TRPHRQC001
QC,T_HDV_T_BEV,2030.0,T_D_tkm_hdv_t,ge,0.08064924531998173,,,,,,,,TRPHRQC001
QC,T_HDV_T_BEV,2035.0,T_D_tkm_hdv_t,ge,0.08064924531998173,,,,,,,,TRPHRQC001
QC,T_HDV_T_BEV,2040.0,T_D_tkm_hdv_t,ge,0.08064924531998173,,,,,,,,TRPHRQC001
QC,T_HDV_T_BEV,2045.0,T_D_tkm_hdv_t,ge,0.08064924531998173,,,,,,,,TRPHRQC001
QC,T_HDV_T_DSL,2025.0,T_D_tkm_hdv_t,ge,0.08064924531998173,,,,,,,,TRPHRQC001
QC,T_HDV_T_DSL,2030.0,T_D_tkm_hdv_t,ge,0.08064924531998173,,,,,,,,TRPHRQC001
QC,T_HDV_T_DSL,2035.0,T_D_tkm_hdv_t,ge,0.08064924531998173,,,,,,,,TRPHRQC001
QC,T_HDV_T_DSL,2040.0,T_D_tkm_hdv_t,ge,0.08064924531998173,,,,,,,,TRPHRQC001
QC,T_HDV_T_DSL,2045.0,T_D_tkm_hdv_t,ge,0.08064924531998173,,,,,,,,TRPHRQC001
QC,T_HDV_T_DSL_HEV,2025.0,T_D_tkm_hdv_t,ge,0.08064924531998173,,,,,,,,TRPHRQC001
QC,T_HDV_T_DSL_HEV,2030.0,T_D_tkm_hdv_t,ge,0.08064924531998173,,,,,,,,TRPHRQC001
QC,T_HDV_T_DSL_HEV,2035.0,T_D_tkm_hdv_t,ge,0.08064924531998173,,,,,,,,TRPHRQC001
QC,T_HDV_T_DSL_HEV,2040.0,T_D_tkm_hdv_t,ge,0.08064924531998173,,,,,,,,TRPHRQC001
QC,T_HDV_T_DSL_HEV,2045.0,T_D_tkm_hdv_t,ge,0.08064924531998173,,,,,,,,TRPHRQC001
QC,T_HDV_T_DSL_PHEV,2025.0,T_D_tkm_hdv_t,ge,0.08064924531998173,,,,,,,,TRPHRQC001
QC,T_HDV_T_DSL_PHEV,2030.0,T_D_tkm_hdv_t,ge,0.08064924531998173,,,,,,,,TRPHRQC001
QC,T_HDV_T_DSL_PHEV,2035.0,T_D_tkm_hdv_t,ge,0.08064924531998173,,,,,,,,TRPHRQC001
QC,T_HDV_T_DSL_PHEV,2040.0,T_D_tkm_hdv_t,ge,0.08064924531998173,,,,,,,,TRPHRQC001
QC,T_HDV_T_DSL_PHEV,2045.0,T_D_tkm_hdv_t,ge,0.08064924531998173,,,,,,,,TRPHRQC001
QC,T_HDV_T_FCEV,2025.0,T_D_tkm_hdv_t,ge,0.08064924531998173,,,,,,,,TRPHRQC001
QC,T_HDV_T_FCEV,2030.0,T_D_tkm_hdv_t,ge,0.08064924531998173,,,,,,,,TRPHRQC001
QC,T_HDV_T_FCEV,2035.0,T_D_tkm_hdv_t,ge,0.08064924531998173,,,,,,,,TRPHRQC001
QC,T_HDV_T_FCEV,2040.0,T_D_tkm_hdv_t,ge,0.08064924531998173,,,,,,,,TRPHRQC001
QC,T_HDV_T_FCEV,2045.0,T_D_tkm_hdv_t,ge,0.08064924531998173,,,,,,,,TRPHRQC001
QC,T_HDV_T_FCHEV,2025.0,T_D_tkm_hdv_t,ge,0.08064924531998173,,,,,,,,TRPHRQC001
QC,T_HDV_T_FCHEV,2030.0,T_D_tkm_hdv_t,ge,0.08064924531998173,,,,,,,,TRPHRQC001
QC,T_HDV_T_FCHEV,2035.0,T_D_tkm_hdv_t,ge,0.08064924531998173,,,,,,,,TRPHRQC001
QC,T_HDV_T_FCHEV,2040.0,T_D_tkm_hdv_t,ge,0.08064924531998173,,,,,,,,TRPHRQC001
QC,T_HDV_T_FCHEV,2045.0,T_D_tkm_hdv_t,ge,0.08064924531998173,,,,,,,,TRPHRQC001
SK,T_HDV_T_BEV,2025.0,T_D_tkm_hdv_t,ge,0.08064924531998173,,,,,,,,TRPHRSK001
SK,T_HDV_T_BEV,2030.0,T_D_tkm_hdv_t,ge,0.08064924531998173,,,,,,,,TRPHRSK001
SK,T_HDV_T_BEV,2035.0,T_D_tkm_hdv_t,ge,0.08064924531998173,,,,,,,,TRPHRSK001
SK,T_HDV_T_BEV,2040.0,T_D_tkm_hdv_t,ge,0.08064924531998173,,,,,,,,TRPHRSK001
SK,T_HDV_T_BEV,2045.0,T_D_tkm_hdv_t,ge,0.08064924531998173,,,,,,,,TRPHRSK001
SK,T_HDV_T_DSL,2025.0,T_D_tkm_hdv_t,ge,0.08064924531998173,,,,,,,,TRPHRSK001
SK,T_HDV_T_DSL,2030.0,T_D_tkm_hdv_t,ge,0.08064924531998173,,,,,,,,TRPHRSK001
SK,T_HDV_T_DSL,2035.0,T_D_tkm_hdv_t,ge,0.08064924531998173,,,,,,,,TRPHRSK001
SK,T_HDV_T_DSL,2040.0,T_D_tkm_hdv_t,ge,0.08064924531998173,,,,,,,,TRPHRSK001
SK,T_HDV_T_DSL,2045.0,T_D_tkm_hdv_t,ge,0.08064924531998173,,,,,,,,TRPHRSK001
SK,T_HDV_T_DSL_HEV,2025.0,T_D_tkm_hdv_t,ge,0.08064924531998173,,,,,,,,TRPHRSK001
SK,T_HDV_T_DSL_HEV,2030.0,T_D_tkm_hdv_t,ge,0.08064924531998173,,,,,,,,TRPHRSK001
SK,T_HDV_T_DSL_HEV,2035.0,T_D_tkm_hdv_t,ge,0.08064924531998173,,,,,,,,TRPHRSK001
SK,T_HDV_T_DSL_HEV,2040.0,T_D_tkm_hdv_t,ge,0.08064924531998173,,,,,,,,TRPHRSK001
SK,T_HDV_T_DSL_HEV,2045.0,T_D_tkm_hdv_t,ge,0.08064924531998173,,,,,,,,TRPHRSK001
SK,T_HDV_T_DSL_PHEV,2025.0,T_D_tkm_hdv_t,ge,0.08064924531998173,,,,,,,,TRPHRSK001
SK,T_HDV_T_DSL_PHEV,2030.0,T_D_tkm_hdv_t,ge,0.08064924531998173,,,,,,,,TRPHRSK001
SK,T_HDV_T_DSL_PHEV,2035.0,T_D_tkm_hdv_t,ge,0.08064924531998173,,,,,,,,TRPHRSK001
SK,T_HDV_T_DSL_PHEV,2040.0,T_D_tkm_hdv_t,ge,0.08064924531998173,,,,,,,,TRPHRSK001
SK,T_HDV_T_DSL_PHEV,2045.0,T_D_tkm_hdv_t,ge,0.08064924531998173,,,,,,,,TRPHRSK001
SK,T_HDV_T_FCEV,2025.0,T_D_tkm_hdv_t,ge,0.08064924531998173,,,,,,,,TRPHRSK001
SK,T_HDV_T_FCEV,2030.0,T_D_tkm_hdv_t,ge,0.08064924531998173,,,,,,,,TRPHRSK001
SK,T_HDV_T_FCEV,2035.0,T_D_tkm_hdv_t,ge,0.08064924531998173,,,,,,,,TRPHRSK001
SK,T_HDV_T_FCEV,2040.0,T_D_tkm_hdv_t,ge,0.08064924531998173,,,,,,,,TRPHRSK001
SK,T_HDV_T_FCEV,2045.0,T_D_tkm_hdv_t,ge,0.08064924531998173,,,,,,,,TRPHRSK001
SK,T_HDV_T_FCHEV,2025.0,T_D_tkm_hdv_t,ge,0.08064924531998173,,,,,,,,TRPHRSK001
SK,T_HDV_T_FCHEV,2030.0,T_D_tkm_hdv_t,ge,0.08064924531998173,,,,,,,,TRPHRSK001
SK,T_HDV_T_FCHEV,2035.0,T_D_tkm_hdv_t,ge,0.08064924531998173,,,,,,,,TRPHRSK001
SK,T_HDV_T_FCHEV,2040.0,T_D_tkm_hdv_t,ge,0.08064924531998173,,,,,,,,TRPHRSK001
SK,T_HDV_T_FCHEV,2045.0,T_D_tkm_hdv_t,ge,0.08064924531998173,,,,,,,,TRPHRSK001
AB,T_LDV_LTF_BEV150,2025.0,T_D_tkm_ldv_t,ge,0.03851788996415753,,,,,,,,TRPHRAB001
AB,T_LDV_LTF_BEV150,2030.0,T_D_tkm_ldv_t,ge,0.03851788996415753,,,,,,,,TRPHRAB001
AB,T_LDV_LTF_BEV150,2035.0,T_D_tkm_ldv_t,ge,0.03851788996415753,,,,,,,,TRPHRAB001
AB,T_LDV_LTF_BEV150,2040.0,T_D_tkm_ldv_t,ge,0.03851788996415753,,,,,,,,TRPHRAB001
AB,T_LDV_LTF_BEV150,2045.0,T_D_tkm_ldv_t,ge,0.03851788996415753,,,,,,,,TRPHRAB001
AB,T_LDV_LTF_BEV200,2025.0,T_D_tkm_ldv_t,ge,0.03851788996415753,,,,,,,,TRPHRAB001
AB,T_LDV_LTF_BEV200,2030.0,T_D_tkm_ldv_t,ge,0.03851788996415753,,,,,,,,TRPHRAB001
AB,T_LDV_LTF_BEV200,2035.0,T_D_tkm_ldv_t,ge,0.03851788996415753,,,,,,,,TRPHRAB001
AB,T_LDV_LTF_BEV200,2040.0,T_D_tkm_ldv_t,ge,0.03851788996415753,,,,,,,,TRPHRAB001
AB,T_LDV_LTF_BEV200,2045.0,T_D_tkm_ldv_t,ge,0.03851788996415753,,,,,,,,TRPHRAB001
AB,T_LDV_LTF_BEV300,2025.0,T_D_tkm_ldv_t,ge,0.03851788996415753,,,,,,,,TRPHRAB001
AB,T_LDV_LTF_BEV300,2030.0,T_D_tkm_ldv_t,ge,0.03851788996415753,,,,,,,,TRPHRAB001
AB,T_LDV_LTF_BEV300,2035.0,T_D_tkm_ldv_t,ge,0.03851788996415753,,,,,,,,TRPHRAB001
AB,T_LDV_LTF_BEV300,2040.0,T_D_tkm_ldv_t,ge,0.03851788996415753,,,,,,,,TRPHRAB001
AB,T_LDV_LTF_BEV300,2045.0,T_D_tkm_ldv_t,ge,0.03851788996415753,,,,,,,,TRPHRAB001
AB,T_LDV_LTF_BEV400,2025.0,T_D_tkm_ldv_t,ge,0.03851788996415753,,,,,,,,TRPHRAB001
AB,T_LDV_LTF_BEV400,2030.0,T_D_tkm_ldv_t,ge,0.03851788996415753,,,,,,,,TRPHRAB001
AB,T_LDV_LTF_BEV400,2035.0,T_D_tkm_ldv_t,ge,0.03851788996415753,,,,,,,,TRPHRAB001
AB,T_LDV_LTF_BEV400,2040.0,T_D_tkm_ldv_t,ge,0.03851788996415753,,,,,,,,TRPHRAB001
AB,T_LDV_LTF_BEV400,2045.0,T_D_tkm_ldv_t,ge,0.03851788996415753,,,,,,,,TRPHRAB001
AB,T_LDV_LTF_CNG,2025.0,T_D_tkm_ldv_t,ge,0.03851788996415753,,,,,,,,TRPHRAB001
AB,T_LDV_LTF_CNG,2030.0,T_D_tkm_ldv_t,ge,0.03851788996415753,,,,,,,,TRPHRAB001
AB,T_LDV_LTF_CNG,2035.0,T_D_tkm_ldv_t,ge,0.03851788996415753,,,,,,,,TRPHRAB001
AB,T_LDV_LTF_CNG,2040.0,T_D_tkm_ldv_t,ge,0.03851788996415753,,,,,,,,TRPHRAB001
AB,T_LDV_LTF_CNG,2045.0,T_D_tkm_ldv_t,ge,0.03851788996415753,,,,,,,,TRPHRAB001
AB,T_LDV_LTF_DSL,2025.0,T_D_tkm_ldv_t,ge,0.03851788996415753,,,,,,,,TRPHRAB001
AB,T_LDV_LTF_DSL,2030.0,T_D_tkm_ldv_t,ge,0.03851788996415753,,,,,,,,TRPHRAB001
AB,T_LDV_LTF_DSL,2035.0,T_D_tkm_ldv_t,ge,0.03851788996415753,,,,,,,,TRPHRAB001
AB,T_LDV_LTF_DSL,2040.0,T_D_tkm_ldv_t,ge,0.03851788996415753,,,,,,,,TRPHRAB001
AB,T_LDV_LTF_DSL,2045.0,T_D_tkm_ldv_t,ge,0.03851788996415753,,,,,,,,TRPHRAB001
AB,T_LDV_LTF_FCEV400,2025.0,T_D_tkm_ldv_t,ge,0.03851788996415753,,,,,,,,TRPHRAB001
AB,T_LDV_LTF_FCEV400,2030.0,T_D_tkm_ldv_t,ge,0.03851788996415753,,,,,,,,TRPHRAB001
AB,T_LDV_LTF_FCEV400,2035.0,T_D_tkm_ldv_t,ge,0.03851788996415753,,,,,,,,TRPHRAB001
AB,T_LDV_LTF_FCEV400,2040.0,T_D_tkm_ldv_t,ge,0.03851788996415753,,,,,,,,TRPHRAB001
AB,T_LDV_LTF_FCEV400,2045.0,T_D_tkm_ldv_t,ge,0.03851788996415753,,,,,,,,TRPHRAB001
AB,T_LDV_LTF_GSL,2025.0,T_D_tkm_ldv_t,ge,0.03851788996415753,,,,,,,,TRPHRAB001
AB,T_LDV_LTF_GSL,2030.0,T_D_tkm_ldv_t,ge,0.03851788996415753,,,,,,,,TRPHRAB001
AB,T_LDV_LTF_GSL,2035.0,T_D_tkm_ldv_t,ge,0.03851788996415753,,,,,,,,TRPHRAB001
AB,T_LDV_LTF_GSL,2040.0,T_D_tkm_ldv_t,ge,0.03851788996415753,,,,,,,,TRPHRAB001
AB,T_LDV_LTF_GSL,2045.0,T_D_tkm_ldv_t,ge,0.03851788996415753,,,,,,,,TRPHRAB001
AB,T_LDV_LTF_GSL_HEV,2025.0,T_D_tkm_ldv_t,ge,0.03851788996415753,,,,,,,,TRPHRAB001
AB,T_LDV_LTF_GSL_HEV,2030.0,T_D_tkm_ldv_t,ge,0.03851788996415753,,,,,,,,TRPHRAB001
AB,T_LDV_LTF_GSL_HEV,2035.0,T_D_tkm_ldv_t,ge,0.03851788996415753,,,,,,,,TRPHRAB001
AB,T_LDV_LTF_GSL_HEV,2040.0,T_D_tkm_ldv_t,ge,0.03851788996415753,,,,,,,,TRPHRAB001
AB,T_LDV_LTF_GSL_HEV,2045.0,T_D_tkm_ldv_t,ge,0.03851788996415753,,,,,,,,TRPHRAB001
AB,T_LDV_LTF_GSL_PHEV35,2025.0,T_D_tkm_ldv_t,ge,0.03851788996415753,,,,,,,,TRPHRAB001
AB,T_LDV_LTF_GSL_PHEV35,2030.0,T_D_tkm_ldv_t,ge,0.03851788996415753,,,,,,,,TRPHRAB001
AB,T_LDV_LTF_GSL_PHEV35,2035.0,T_D_tkm_ldv_t,ge,0.03851788996415753,,,,,,,,TRPHRAB001
AB,T_LDV_LTF_GSL_PHEV35,2040.0,T_D_tkm_ldv_t,ge,0.03851788996415753,,,,,,,,TRPHRAB001
AB,T_LDV_LTF_GSL_PHEV35,2045.0,T_D_tkm_ldv_t,ge,0.03851788996415753,,,,,,,,TRPHRAB001
AB,T_LDV_LTF_GSL_PHEV50,2025.0,T_D_tkm_ldv_t,ge,0.03851788996415753,,,,,,,,TRPHRAB001
AB,T_LDV_LTF_GSL_PHEV50,2030.0,T_D_tkm_ldv_t,ge,0.03851788996415753,,,,,,,,TRPHRAB001
AB,T_LDV_LTF_GSL_PHEV50,2035.0,T_D_tkm_ldv_t,ge,0.03851788996415753,,,,,,,,TRPHRAB001
AB,T_LDV_LTF_GSL_PHEV50,2040.0,T_D_tkm_ldv_t,ge,0.03851788996415753,,,,,,,,TRPHRAB001
AB,T_LDV_LTF_GSL_PHEV50,2045.0,T_D_tkm_ldv_t,ge,0.03851788996415753,,,,,,,,TRPHRAB001
BC,T_LDV_LTF_BEV150,2025.0,T_D_tkm_ldv_t,ge,0.03851788996415753,,,,,,,,TRPHRBC001
BC,T_LDV_LTF_BEV150,2030.0,T_D_tkm_ldv_t,ge,0.03851788996415753,,,,,,,,TRPHRBC001
BC,T_LDV_LTF_BEV150,2035.0,T_D_tkm_ldv_t,ge,0.03851788996415753,,,,,,,,TRPHRBC001
BC,T_LDV_LTF_BEV150,2040.0,T_D_tkm_ldv_t,ge,0.03851788996415753,,,,,,,,TRPHRBC001
BC,T_LDV_LTF_BEV150,2045.0,T_D_tkm_ldv_t,ge,0.03851788996415753,,,,,,,,TRPHRBC001
BC,T_LDV_LTF_BEV200,2025.0,T_D_tkm_ldv_t,ge,0.03851788996415753,,,,,,,,TRPHRBC001
BC,T_LDV_LTF_BEV200,2030.0,T_D_tkm_ldv_t,ge,0.03851788996415753,,,,,,,,TRPHRBC001
BC,T_LDV_LTF_BEV200,2035.0,T_D_tkm_ldv_t,ge,0.03851788996415753,,,,,,,,TRPHRBC001
BC,T_LDV_LTF_BEV200,2040.0,T_D_tkm_ldv_t,ge,0.03851788996415753,,,,,,,,TRPHRBC001
BC,T_LDV_LTF_BEV200,2045.0,T_D_tkm_ldv_t,ge,0.03851788996415753,,,,,,,,TRPHRBC001
BC,T_LDV_LTF_BEV300,2025.0,T_D_tkm_ldv_t,ge,0.03851788996415753,,,,,,,,TRPHRBC001
BC,T_LDV_LTF_BEV300,2030.0,T_D_tkm_ldv_t,ge,0.03851788996415753,,,,,,,,TRPHRBC001
BC,T_LDV_LTF_BEV300,2035.0,T_D_tkm_ldv_t,ge,0.03851788996415753,,,,,,,,TRPHRBC001
BC,T_LDV_LTF_BEV300,2040.0,T_D_tkm_ldv_t,ge,0.03851788996415753,,,,,,,,TRPHRBC001
BC,T_LDV_LTF_BEV300,2045.0,T_D_tkm_ldv_t,ge,0.03851788996415753,,,,,,,,TRPHRBC001
BC,T_LDV_LTF_BEV400,2025.0,T_D_tkm_ldv_t,ge,0.03851788996415753,,,,,,,,TRPHRBC001
BC,T_LDV_LTF_BEV400,2030.0,T_D_tkm_ldv_t,ge,0.03851788996415753,,,,,,,,TRPHRBC001
BC,T_LDV_LTF_BEV400,2035.0,T_D_tkm_ldv_t,ge,0.03851788996415753,,,,,,,,TRPHRBC001
BC,T_LDV_LTF_BEV400,2040.0,T_D_tkm_ldv_t,ge,0.03851788996415753,,,,,,,,TRPHRBC001
BC,T_LDV_LTF_BEV400,2045.0,T_D_tkm_ldv_t,ge,0.03851788996415753,,,,,,,,TRPHRBC001
BC,T_LDV_LTF_CNG,2025.0,T_D_tkm_ldv_t,ge,0.03851788996415753,,,,,,,,TRPHRBC001
BC,T_LDV_LTF_CNG,2030.0,T_D_tkm_ldv_t,ge,0.03851788996415753,,,,,,,,TRPHRBC001
BC,T_LDV_LTF_CNG,2035.0,T_D_tkm_ldv_t,ge,0.03851788996415753,,,,,,,,TRPHRBC001
BC,T_LDV_LTF_CNG,2040.0,T_D_tkm_ldv_t,ge,0.03851788996415753,,,,,,,,TRPHRBC001
BC,T_LDV_LTF_CNG,2045.0,T_D_tkm_ldv_t,ge,0.03851788996415753,,,,,,,,TRPHRBC001
BC,T_LDV_LTF_DSL,2025.0,T_D_tkm_ldv_t,ge,0.03851788996415753,,,,,,,,TRPHRBC001
BC,T_LDV_LTF_DSL,2030.0,T_D_tkm_ldv_t,ge,0.03851788996415753,,,,,,,,TRPHRBC001
BC,T_LDV_LTF_DSL,2035.0,T_D_tkm_ldv_t,ge,0.03851788996415753,,,,,,,,TRPHRBC001
BC,T_LDV_LTF_DSL,2040.0,T_D_tkm_ldv_t,ge,0.03851788996415753,,,,,,,,TRPHRBC001
BC,T_LDV_LTF_DSL,2045.0,T_D_tkm_ldv_t,ge,0.03851788996415753,,,,,,,,TRPHRBC001
BC,T_LDV_LTF_FCEV400,2025.0,T_D_tkm_ldv_t,ge,0.03851788996415753,,,,,,,,TRPHRBC001
BC,T_LDV_LTF_FCEV400,2030.0,T_D_tkm_ldv_t,ge,0.03851788996415753,,,,,,,,TRPHRBC001
BC,T_LDV_LTF_FCEV400,2035.0,T_D_tkm_ldv_t,ge,0.03851788996415753,,,,,,,,TRPHRBC001
BC,T_LDV_LTF_FCEV400,2040.0,T_D_tkm_ldv_t,ge,0.03851788996415753,,,,,,,,TRPHRBC001
BC,T_LDV_LTF_FCEV400,2045.0,T_D_tkm_ldv_t,ge,0.03851788996415753,,,,,,,,TRPHRBC001
BC,T_LDV_LTF_GSL,2025.0,T_D_tkm_ldv_t,ge,0.03851788996415753,,,,,,,,TRPHRBC001
BC,T_LDV_LTF_GSL,2030.0,T_D_tkm_ldv_t,ge,0.03851788996415753,,,,,,,,TRPHRBC001
BC,T_LDV_LTF_GSL,2035.0,T_D_tkm_ldv_t,ge,0.03851788996415753,,,,,,,,TRPHRBC001
BC,T_LDV_LTF_GSL,2040.0,T_D_tkm_ldv_t,ge,0.03851788996415753,,,,,,,,TRPHRBC001
BC,T_LDV_LTF_GSL,2045.0,T_D_tkm_ldv_t,ge,0.03851788996415753,,,,,,,,TRPHRBC001
BC,T_LDV_LTF_GSL_HEV,2025.0,T_D_tkm_ldv_t,ge,0.03851788996415753,,,,,,,,TRPHRBC001
BC,T_LDV_LTF_GSL_HEV,2030.0,T_D_tkm_ldv_t,ge,0.03851788996415753,,,,,,,,TRPHRBC001
BC,T_LDV_LTF_GSL_HEV,2035.0,T_D_tkm_ldv_t,ge,0.03851788996415753,,,,,,,,TRPHRBC001
BC,T_LDV_LTF_GSL_HEV,2040.0,T_D_tkm_ldv_t,ge,0.03851788996415753,,,,,,,,TRPHRBC001
BC,T_LDV_LTF_GSL_HEV,2045.0,T_D_tkm_ldv_t,ge,0.03851788996415753,,,,,,,,TRPHRBC001
BC,T_LDV_LTF_GSL_PHEV35,2025.0,T_D_tkm_ldv_t,ge,0.03851788996415753,,,,,,,,TRPHRBC001
BC,T_LDV_LTF_GSL_PHEV35,2030.0,T_D_tkm_ldv_t,ge,0.03851788996415753,,,,,,,,TRPHRBC001
BC,T_LDV_LTF_GSL_PHEV35,2035.0,T_D_tkm_ldv_t,ge,0.03851788996415753,,,,,,,,TRPHRBC001
BC,T_LDV_LTF_GSL_PHEV35,2040.0,T_D_tkm_ldv_t,ge,0.03851788996415753,,,,,,,,TRPHRBC001
BC,T_LDV_LTF_GSL_PHEV35,2045.0,T_D_tkm_ldv_t,ge,0.03851788996415753,,,,,,,,TRPHRBC001
BC,T_LDV_LTF_GSL_PHEV50,2025.0,T_D_tkm_ldv_t,ge,0.03851788996415753,,,,,,,,TRPHRBC001
BC,T_LDV_LTF_GSL_PHEV50,2030.0,T_D_tkm_ldv_t,ge,0.03851788996415753,,,,,,,,TRPHRBC001
BC,T_LDV_LTF_GSL_PHEV50,2035.0,T_D_tkm_ldv_t,ge,0.03851788996415753,,,,,,,,TRPHRBC001
BC,T_LDV_LTF_GSL_PHEV50,2040.0,T_D_tkm_ldv_t,ge,0.03851788996415753,,,,,,,,TRPHRBC001
BC,T_LDV_LTF_GSL_PHEV50,2045.0,T_D_tkm_ldv_t,ge,0.03851788996415753,,,,,,,,TRPHRBC001
MB,T_LDV_LTF_BEV150,2025.0,T_D_tkm_ldv_t,ge,0.03851788996415753,,,,,,,,TRPHRMB001
MB,T_LDV_LTF_BEV150,2030.0,T_D_tkm_ldv_t,ge,0.03851788996415753,,,,,,,,TRPHRMB001
MB,T_LDV_LTF_BEV150,2035.0,T_D_tkm_ldv_t,ge,0.03851788996415753,,,,,,,,TRPHRMB001
MB,T_LDV_LTF_BEV150,2040.0,T_D_tkm_ldv_t,ge,0.03851788996415753,,,,,,,,TRPHRMB001
MB,T_LDV_LTF_BEV150,2045.0,T_D_tkm_ldv_t,ge,0.03851788996415753,,,,,,,,TRPHRMB001
MB,T_LDV_LTF_BEV200,2025.0,T_D_tkm_ldv_t,ge,0.03851788996415753,,,,,,,,TRPHRMB001
MB,T_LDV_LTF_BEV200,2030.0,T_D_tkm_ldv_t,ge,0.03851788996415753,,,,,,,,TRPHRMB001
MB,T_LDV_LTF_BEV200,2035.0,T_D_tkm_ldv_t,ge,0.03851788996415753,,,,,,,,TRPHRMB001
MB,T_LDV_LTF_BEV200,2040.0,T_D_tkm_ldv_t,ge,0.03851788996415753,,,,,,,,TRPHRMB001
MB,T_LDV_LTF_BEV200,2045.0,T_D_tkm_ldv_t,ge,0.03851788996415753,,,,,,,,TRPHRMB001
MB,T_LDV_LTF_BEV300,2025.0,T_D_tkm_ldv_t,ge,0.03851788996415753,,,,,,,,TRPHRMB001
MB,T_LDV_LTF_BEV300,2030.0,T_D_tkm_ldv_t,ge,0.03851788996415753,,,,,,,,TRPHRMB001
MB,T_LDV_LTF_BEV300,2035.0,T_D_tkm_ldv_t,ge,0.03851788996415753,,,,,,,,TRPHRMB001
MB,T_LDV_LTF_BEV300,2040.0,T_D_tkm_ldv_t,ge,0.03851788996415753,,,,,,,,TRPHRMB001
MB,T_LDV_LTF_BEV300,2045.0,T_D_tkm_ldv_t,ge,0.03851788996415753,,,,,,,,TRPHRMB001
MB,T_LDV_LTF_BEV400,2025.0,T_D_tkm_ldv_t,ge,0.03851788996415753,,,,,,,,TRPHRMB001
MB,T_LDV_LTF_BEV400,2030.0,T_D_tkm_ldv_t,ge,0.03851788996415753,,,,,,,,TRPHRMB001
MB,T_LDV_LTF_BEV400,2035.0,T_D_tkm_ldv_t,ge,0.03851788996415753,,,,,,,,TRPHRMB001
MB,T_LDV_LTF_BEV400,2040.0,T_D_tkm_ldv_t,ge,0.03851788996415753,,,,,,,,TRPHRMB001
MB,T_LDV_LTF_BEV400,2045.0,T_D_tkm_ldv_t,ge,0.03851788996415753,,,,,,,,TRPHRMB001
MB,T_LDV_LTF_CNG,2025.0,T_D_tkm_ldv_t,ge,0.03851788996415753,,,,,,,,TRPHRMB001
MB,T_LDV_LTF_CNG,2030.0,T_D_tkm_ldv_t,ge,0.03851788996415753,,,,,,,,TRPHRMB001
MB,T_LDV_LTF_CNG,2035.0,T_D_tkm_ldv_t,ge,0.03851788996415753,,,,,,,,TRPHRMB001
MB,T_LDV_LTF_CNG,2040.0,T_D_tkm_ldv_t,ge,0.03851788996415753,,,,,,,,TRPHRMB001
MB,T_LDV_LTF_CNG,2045.0,T_D_tkm_ldv_t,ge,0.03851788996415753,,,,,,,,TRPHRMB001
MB,T_LDV_LTF_DSL,2025.0,T_D_tkm_ldv_t,ge,0.03851788996415753,,,,,,,,TRPHRMB001
MB,T_LDV_LTF_DSL,2030.0,T_D_tkm_ldv_t,ge,0.03851788996415753,,,,,,,,TRPHRMB001
MB,T_LDV_LTF_DSL,2035.0,T_D_tkm_ldv_t,ge,0.03851788996415753,,,,,,,,TRPHRMB001
MB,T_LDV_LTF_DSL,2040.0,T_D_tkm_ldv_t,ge,0.03851788996415753,,,,,,,,TRPHRMB001
MB,T_LDV_LTF_DSL,2045.0,T_D_tkm_ldv_t,ge,0.03851788996415753,,,,,,,,TRPHRMB001
MB,T_LDV_LTF_FCEV400,2025.0,T_D_tkm_ldv_t,ge,0.03851788996415753,,,,,,,,TRPHRMB001
MB,T_LDV_LTF_FCEV400,2030.0,T_D_tkm_ldv_t,ge,0.03851788996415753,,,,,,,,TRPHRMB001
MB,T_LDV_LTF_FCEV400,2035.0,T_D_tkm_ldv_t,ge,0.03851788996415753,,,,,,,,TRPHRMB001
MB,T_LDV_LTF_FCEV400,2040.0,T_D_tkm_ldv_t,ge,0.03851788996415753,,,,,,,,TRPHRMB001
MB,T_LDV_LTF_FCEV400,2045.0,T_D_tkm_ldv_t,ge,0.03851788996415753,,,,,,,,TRPHRMB001
MB,T_LDV_LTF_GSL,2025.0,T_D_tkm_ldv_t,ge,0.03851788996415753,,,,,,,,TRPHRMB001
MB,T_LDV_LTF_GSL,2030.0,T_D_tkm_ldv_t,ge,0.03851788996415753,,,,,,,,TRPHRMB001
MB,T_LDV_LTF_GSL,2035.0,T_D_tkm_ldv_t,ge,0.03851788996415753,,,,,,,,TRPHRMB001
MB,T_LDV_LTF_GSL,2040.0,T_D_tkm_ldv_t,ge,0.03851788996415753,,,,,,,,TRPHRMB001
MB,T_LDV_LTF_GSL,2045.0,T_D_tkm_ldv_t,ge,0.03851788996415753,,,,,,,,TRPHRMB001
MB,T_LDV_LTF_GSL_HEV,2025.0,T_D_tkm_ldv_t,ge,0.03851788996415753,,,,,,,,TRPHRMB001
MB,T_LDV_LTF_GSL_HEV,2030.0,T_D_tkm_ldv_t,ge,0.03851788996415753,,,,,,,,TRPHRMB001
MB,T_LDV_LTF_GSL_HEV,2035.0,T_D_tkm_ldv_t,ge,0.03851788996415753,,,,,,,,TRPHRMB001
MB,T_LDV_LTF_GSL_HEV,2040.0,T_D_tkm_ldv_t,ge,0.03851788996415753,,,,,,,,TRPHRMB001
MB,T_LDV_LTF_GSL_HEV,2045.0,T_D_tkm_ldv_t,ge,0.03851788996415753,,,,,,,,TRPHRMB001
MB,T_LDV_LTF_GSL_PHEV35,2025.0,T_D_tkm_ldv_t,ge,0.03851788996415753,,,,,,,,TRPHRMB001
MB,T_LDV_LTF_GSL_PHEV35,2030.0,T_D_tkm_ldv_t,ge,0.03851788996415753,,,,,,,,TRPHRMB001
MB,T_LDV_LTF_GSL_PHEV35,2035.0,T_D_tkm_ldv_t,ge,0.03851788996415753,,,,,,,,TRPHRMB001
MB,T_LDV_LTF_GSL_PHEV35,2040.0,T_D_tkm_ldv_t,ge,0.03851788996415753,,,,,,,,TRPHRMB001
MB,T_LDV_LTF_GSL_PHEV35,2045.0,T_D_tkm_ldv_t,ge,0.03851788996415753,,,,,,,,TRPHRMB001
MB,T_LDV_LTF_GSL_PHEV50,2025.0,T_D_tkm_ldv_t,ge,0.03851788996415753,,,,,,,,TRPHRMB001
MB,T_LDV_LTF_GSL_PHEV50,2030.0,T_D_tkm_ldv_t,ge,0.03851788996415753,,,,,,,,TRPHRMB001
MB,T_LDV_LTF_GSL_PHEV50,2035.0,T_D_tkm_ldv_t,ge,0.03851788996415753,,,,,,,,TRPHRMB001
MB,T_LDV_LTF_GSL_PHEV50,2040.0,T_D_tkm_ldv_t,ge,0.03851788996415753,,,,,,,,TRPHRMB001
MB,T_LDV_LTF_GSL_PHEV50,2045.0,T_D_tkm_ldv_t,ge,0.03851788996415753,,,,,,,,TRPHRMB001
NB,T_LDV_LTF_BEV150,2025.0,T_D_tkm_ldv_t,ge,0.03851788996415753,,,,,,,,TRPHRNB001
NB,T_LDV_LTF_BEV150,2030.0,T_D_tkm_ldv_t,ge,0.03851788996415753,,,,,,,,TRPHRNB001
NB,T_LDV_LTF_BEV150,2035.0,T_D_tkm_ldv_t,ge,0.03851788996415753,,,,,,,,TRPHRNB001
NB,T_LDV_LTF_BEV150,2040.0,T_D_tkm_ldv_t,ge,0.03851788996415753,,,,,,,,TRPHRNB001
NB,T_LDV_LTF_BEV150,2045.0,T_D_tkm_ldv_t,ge,0.03851788996415753,,,,,,,,TRPHRNB001
NB,T_LDV_LTF_BEV200,2025.0,T_D_tkm_ldv_t,ge,0.03851788996415753,,,,,,,,TRPHRNB001
NB,T_LDV_LTF_BEV200,2030.0,T_D_tkm_ldv_t,ge,0.03851788996415753,,,,,,,,TRPHRNB001
NB,T_LDV_LTF_BEV200,2035.0,T_D_tkm_ldv_t,ge,0.03851788996415753,,,,,,,,TRPHRNB001
NB,T_LDV_LTF_BEV200,2040.0,T_D_tkm_ldv_t,ge,0.03851788996415753,,,,,,,,TRPHRNB001
NB,T_LDV_LTF_BEV200,2045.0,T_D_tkm_ldv_t,ge,0.03851788996415753,,,,,,,,TRPHRNB001
NB,T_LDV_LTF_BEV300,2025.0,T_D_tkm_ldv_t,ge,0.03851788996415753,,,,,,,,TRPHRNB001
NB,T_LDV_LTF_BEV300,2030.0,T_D_tkm_ldv_t,ge,0.03851788996415753,,,,,,,,TRPHRNB001
NB,T_LDV_LTF_BEV300,2035.0,T_D_tkm_ldv_t,ge,0.03851788996415753,,,,,,,,TRPHRNB001
NB,T_LDV_LTF_BEV300,2040.0,T_D_tkm_ldv_t,ge,0.03851788996415753,,,,,,,,TRPHRNB001
NB,T_LDV_LTF_BEV300,2045.0,T_D_tkm_ldv_t,ge,0.03851788996415753,,,,,,,,TRPHRNB001
NB,T_LDV_LTF_BEV400,2025.0,T_D_tkm_ldv_t,ge,0.03851788996415753,,,,,,,,TRPHRNB001
NB,T_LDV_LTF_BEV400,2030.0,T_D_tkm_ldv_t,ge,0.03851788996415753,,,,,,,,TRPHRNB001
NB,T_LDV_LTF_BEV400,2035.0,T_D_tkm_ldv_t,ge,0.03851788996415753,,,,,,,,TRPHRNB001
NB,T_LDV_LTF_BEV400,2040.0,T_D_tkm_ldv_t,ge,0.03851788996415753,,,,,,,,TRPHRNB001
NB,T_LDV_LTF_BEV400,2045.0,T_D_tkm_ldv_t,ge,0.03851788996415753,,,,,,,,TRPHRNB001
NB,T_LDV_LTF_CNG,2025.0,T_D_tkm_ldv_t,ge,0.03851788996415753,,,,,,,,TRPHRNB001
NB,T_LDV_LTF_CNG,2030.0,T_D_tkm_ldv_t,ge,0.03851788996415753,,,,,,,,TRPHRNB001
NB,T_LDV_LTF_CNG,2035.0,T_D_tkm_ldv_t,ge,0.03851788996415753,,,,,,,,TRPHRNB001
NB,T_LDV_LTF_CNG,2040.0,T_D_tkm_ldv_t,ge,0.03851788996415753,,,,,,,,TRPHRNB001
NB,T_LDV_LTF_CNG,2045.0,T_D_tkm_ldv_t,ge,0.03851788996415753,,,,,,,,TRPHRNB001
NB,T_LDV_LTF_DSL,2025.0,T_D_tkm_ldv_t,ge,0.03851788996415753,,,,,,,,TRPHRNB001
NB,T_LDV_LTF_DSL,2030.0,T_D_tkm_ldv_t,ge,0.03851788996415753,,,,,,,,TRPHRNB001
NB,T_LDV_LTF_DSL,2035.0,T_D_tkm_ldv_t,ge,0.03851788996415753,,,,,,,,TRPHRNB001
NB,T_LDV_LTF_DSL,2040.0,T_D_tkm_ldv_t,ge,0.03851788996415753,,,,,,,,TRPHRNB001
NB,T_LDV_LTF_DSL,2045.0,T_D_tkm_ldv_t,ge,0.03851788996415753,,,,,,,,TRPHRNB001
NB,T_LDV_LTF_FCEV400,2025.0,T_D_tkm_ldv_t,ge,0.03851788996415753,,,,,,,,TRPHRNB001
NB,T_LDV_LTF_FCEV400,2030.0,T_D_tkm_ldv_t,ge,0.03851788996415753,,,,,,,,TRPHRNB001
NB,T_LDV_LTF_FCEV400,2035.0,T_D_tkm_ldv_t,ge,0.03851788996415753,,,,,,,,TRPHRNB001
NB,T_LDV_LTF_FCEV400,2040.0,T_D_tkm_ldv_t,ge,0.03851788996415753,,,,,,,,TRPHRNB001
NB,T_LDV_LTF_FCEV400,2045.0,T_D_tkm_ldv_t,ge,0.03851788996415753,,,,,,,,TRPHRNB001
NB,T_LDV_LTF_GSL,2025.0,T_D_tkm_ldv_t,ge,0.03851788996415753,,,,,,,,TRPHRNB001
NB,T_LDV_LTF_GSL,2030.0,T_D_tkm_ldv_t,ge,0.03851788996415753,,,,,,,,TRPHRNB001
NB,T_LDV_LTF_GSL,2035.0,T_D_tkm_ldv_t,ge,0.03851788996415753,,,,,,,,TRPHRNB001
NB,T_LDV_LTF_GSL,2040.0,T_D_tkm_ldv_t,ge,0.03851788996415753,,,,,,,,TRPHRNB001
NB,T_LDV_LTF_GSL,2045.0,T_D_tkm_ldv_t,ge,0.03851788996415753,,,,,,,,TRPHRNB001
NB,T_LDV_LTF_GSL_HEV,2025.0,T_D_tkm_ldv_t,ge,0.03851788996415753,,,,,,,,TRPHRNB001
NB,T_LDV_LTF_GSL_HEV,2030.0,T_D_tkm_ldv_t,ge,0.03851788996415753,,,,,,,,TRPHRNB001
NB,T_LDV_LTF_GSL_HEV,2035.0,T_D_tkm_ldv_t,ge,0.03851788996415753,,,,,,,,TRPHRNB001
NB,T_LDV_LTF_GSL_HEV,2040.0,T_D_tkm_ldv_t,ge,0.03851788996415753,,,,,,,,TRPHRNB001
NB,T_LDV_LTF_GSL_HEV,2045.0,T_D_tkm_ldv_t,ge,0.03851788996415753,,,,,,,,TRPHRNB001
NB,T_LDV_LTF_GSL_PHEV35,2025.0,T_D_tkm_ldv_t,ge,0.03851788996415753,,,,,,,,TRPHRNB001
NB,T_LDV_LTF_GSL_PHEV35,2030.0,T_D_tkm_ldv_t,ge,0.03851788996415753,,,,,,,,TRPHRNB001
NB,T_LDV_LTF_GSL_PHEV35,2035.0,T_D_tkm_ldv_t,ge,0.03851788996415753,,,,,,,,TRPHRNB001
NB,T_LDV_LTF_GSL_PHEV35,2040.0,T_D_tkm_ldv_t,ge,0.03851788996415753,,,,,,,,TRPHRNB001
NB,T_LDV_LTF_GSL_PHEV35,2045.0,T_D_tkm_ldv_t,ge,0.03851788996415753,,,,,,,,TRPHRNB001
NB,T_LDV_LTF_GSL_PHEV50,2025.0,T_D_tkm_ldv_t,ge,0.03851788996415753,,,,,,,,TRPHRNB001
NB,T_LDV_LTF_GSL_PHEV50,2030.0,T_D_tkm_ldv_t,ge,0.03851788996415753,,,,,,,,TRPHRNB001
NB,T_LDV_LTF_GSL_PHEV50,2035.0,T_D_tkm_ldv_t,ge,0.03851788996415753,,,,,,,,TRPHRNB001
NB,T_LDV_LTF_GSL_PHEV50,2040.0,T_D_tkm_ldv_t,ge,0.03851788996415753,,,,,,,,TRPHRNB001
NB,T_LDV_LTF_GSL_PHEV50,2045.0,T_D_tkm_ldv_t,ge,0.03851788996415753,,,,,,,,TRPHRNB001
NLLAB,T_LDV_LTF_BEV150,2025.0,T_D_tkm_ldv_t,ge,0.03851788996415753,,,,,,,,TRPHRNLLAB001
NLLAB,T_LDV_LTF_BEV150,2030.0,T_D_tkm_ldv_t,ge,0.03851788996415753,,,,,,,,TRPHRNLLAB001
NLLAB,T_LDV_LTF_BEV150,2035.0,T_D_tkm_ldv_t,ge,0.03851788996415753,,,,,,,,TRPHRNLLAB001
NLLAB,T_LDV_LTF_BEV150,2040.0,T_D_tkm_ldv_t,ge,0.03851788996415753,,,,,,,,TRPHRNLLAB001
NLLAB,T_LDV_LTF_BEV150,2045.0,T_D_tkm_ldv_t,ge,0.03851788996415753,,,,,,,,TRPHRNLLAB001
NLLAB,T_LDV_LTF_BEV200,2025.0,T_D_tkm_ldv_t,ge,0.03851788996415753,,,,,,,,TRPHRNLLAB001
NLLAB,T_LDV_LTF_BEV200,2030.0,T_D_tkm_ldv_t,ge,0.03851788996415753,,,,,,,,TRPHRNLLAB001
NLLAB,T_LDV_LTF_BEV200,2035.0,T_D_tkm_ldv_t,ge,0.03851788996415753,,,,,,,,TRPHRNLLAB001
NLLAB,T_LDV_LTF_BEV200,2040.0,T_D_tkm_ldv_t,ge,0.03851788996415753,,,,,,,,TRPHRNLLAB001
NLLAB,T_LDV_LTF_BEV200,2045.0,T_D_tkm_ldv_t,ge,0.03851788996415753,,,,,,,,TRPHRNLLAB001
NLLAB,T_LDV_LTF_BEV300,2025.0,T_D_tkm_ldv_t,ge,0.03851788996415753,,,,,,,,TRPHRNLLAB001
NLLAB,T_LDV_LTF_BEV300,2030.0,T_D_tkm_ldv_t,ge,0.03851788996415753,,,,,,,,TRPHRNLLAB001
NLLAB,T_LDV_LTF_BEV300,2035.0,T_D_tkm_ldv_t,ge,0.03851788996415753,,,,,,,,TRPHRNLLAB001
NLLAB,T_LDV_LTF_BEV300,2040.0,T_D_tkm_ldv_t,ge,0.03851788996415753,,,,,,,,TRPHRNLLAB001
NLLAB,T_LDV_LTF_BEV300,2045.0,T_D_tkm_ldv_t,ge,0.03851788996415753,,,,,,,,TRPHRNLLAB001
NLLAB,T_LDV_LTF_BEV400,2025.0,T_D_tkm_ldv_t,ge,0.03851788996415753,,,,,,,,TRPHRNLLAB001
NLLAB,T_LDV_LTF_BEV400,2030.0,T_D_tkm_ldv_t,ge,0.03851788996415753,,,,,,,,TRPHRNLLAB001
NLLAB,T_LDV_LTF_BEV400,2035.0,T_D_tkm_ldv_t,ge,0.03851788996415753,,,,,,,,TRPHRNLLAB001
NLLAB,T_LDV_LTF_BEV400,2040.0,T_D_tkm_ldv_t,ge,0.03851788996415753,,,,,,,,TRPHRNLLAB001
NLLAB,T_LDV_LTF_BEV400,2045.0,T_D_tkm_ldv_t,ge,0.03851788996415753,,,,,,,,TRPHRNLLAB001
NLLAB,T_LDV_LTF_CNG,2025.0,T_D_tkm_ldv_t,ge,0.03851788996415753,,,,,,,,TRPHRNLLAB001
NLLAB,T_LDV_LTF_CNG,2030.0,T_D_tkm_ldv_t,ge,0.03851788996415753,,,,,,,,TRPHRNLLAB001
NLLAB,T_LDV_LTF_CNG,2035.0,T_D_tkm_ldv_t,ge,0.03851788996415753,,,,,,,,TRPHRNLLAB001
NLLAB,T_LDV_LTF_CNG,2040.0,T_D_tkm_ldv_t,ge,0.03851788996415753,,,,,,,,TRPHRNLLAB001
NLLAB,T_LDV_LTF_CNG,2045.0,T_D_tkm_ldv_t,ge,0.03851788996415753,,,,,,,,TRPHRNLLAB001
NLLAB,T_LDV_LTF_DSL,2025.0,T_D_tkm_ldv_t,ge,0.03851788996415753,,,,,,,,TRPHRNLLAB001
NLLAB,T_LDV_LTF_DSL,2030.0,T_D_tkm_ldv_t,ge,0.03851788996415753,,,,,,,,TRPHRNLLAB001
NLLAB,T_LDV_LTF_DSL,2035.0,T_D_tkm_ldv_t,ge,0.03851788996415753,,,,,,,,TRPHRNLLAB001
NLLAB,T_LDV_LTF_DSL,2040.0,T_D_tkm_ldv_t,ge,0.03851788996415753,,,,,,,,TRPHRNLLAB001
NLLAB,T_LDV_LTF_DSL,2045.0,T_D_tkm_ldv_t,ge,0.03851788996415753,,,,,,,,TRPHRNLLAB001
NLLAB,T_LDV_LTF_FCEV400,2025.0,T_D_tkm_ldv_t,ge,0.03851788996415753,,,,,,,,TRPHRNLLAB001
NLLAB,T_LDV_LTF_FCEV400,2030.0,T_D_tkm_ldv_t,ge,0.03851788996415753,,,,,,,,TRPHRNLLAB001
NLLAB,T_LDV_LTF_FCEV400,2035.0,T_D_tkm_ldv_t,ge,0.03851788996415753,,,,,,,,TRPHRNLLAB001
NLLAB,T_LDV_LTF_FCEV400,2040.0,T_D_tkm_ldv_t,ge,0.03851788996415753,,,,,,,,TRPHRNLLAB001
NLLAB,T_LDV_LTF_FCEV400,2045.0,T_D_tkm_ldv_t,ge,0.03851788996415753,,,,,,,,TRPHRNLLAB001
NLLAB,T_LDV_LTF_GSL,2025.0,T_D_tkm_ldv_t,ge,0.03851788996415753,,,,,,,,TRPHRNLLAB001
NLLAB,T_LDV_LTF_GSL,2030.0,T_D_tkm_ldv_t,ge,0.03851788996415753,,,,,,,,TRPHRNLLAB001
NLLAB,T_LDV_LTF_GSL,2035.0,T_D_tkm_ldv_t,ge,0.03851788996415753,,,,,,,,TRPHRNLLAB001
NLLAB,T_LDV_LTF_GSL,2040.0,T_D_tkm_ldv_t,ge,0.03851788996415753,,,,,,,,TRPHRNLLAB001
NLLAB,T_LDV_LTF_GSL,2045.0,T_D_tkm_ldv_t,ge,0.03851788996415753,,,,,,,,TRPHRNLLAB001
NLLAB,T_LDV_LTF_GSL_HEV,2025.0,T_D_tkm_ldv_t,ge,0.03851788996415753,,,,,,,,TRPHRNLLAB001
NLLAB,T_LDV_LTF_GSL_HEV,2030.0,T_D_tkm_ldv_t,ge,0.03851788996415753,,,,,,,,TRPHRNLLAB001
NLLAB,T_LDV_LTF_GSL_HEV,2035.0,T_D_tkm_ldv_t,ge,0.03851788996415753,,,,,,,,TRPHRNLLAB001
NLLAB,T_LDV_LTF_GSL_HEV,2040.0,T_D_tkm_ldv_t,ge,0.03851788996415753,,,,,,,,TRPHRNLLAB001
NLLAB,T_LDV_LTF_GSL_HEV,2045.0,T_D_tkm_ldv_t,ge,0.03851788996415753,,,,,,,,TRPHRNLLAB001
NLLAB,T_LDV_LTF_GSL_PHEV35,2025.0,T_D_tkm_ldv_t,ge,0.03851788996415753,,,,,,,,TRPHRNLLAB001
NLLAB,T_LDV_LTF_GSL_PHEV35,2030.0,T_D_tkm_ldv_t,ge,0.03851788996415753,,,,,,,,TRPHRNLLAB001
NLLAB,T_LDV_LTF_GSL_PHEV35,2035.0,T_D_tkm_ldv_t,ge,0.03851788996415753,,,,,,,,TRPHRNLLAB001
NLLAB,T_LDV_LTF_GSL_PHEV35,2040.0,T_D_tkm_ldv_t,ge,0.03851788996415753,,,,,,,,TRPHRNLLAB001
NLLAB,T_LDV_LTF_GSL_PHEV35,2045.0,T_D_tkm_ldv_t,ge,0.03851788996415753,,,,,,,,TRPHRNLLAB001
NLLAB,T_LDV_LTF_GSL_PHEV50,2025.0,T_D_tkm_ldv_t,ge,0.03851788996415753,,,,,,,,TRPHRNLLAB001
NLLAB,T_LDV_LTF_GSL_PHEV50,2030.0,T_D_tkm_ldv_t,ge,0.03851788996415753,,,,,,,,TRPHRNLLAB001
NLLAB,T_LDV_LTF_GSL_PHEV50,2035.0,T_D_tkm_ldv_t,ge,0.03851788996415753,,,,,,,,TRPHRNLLAB001
NLLAB,T_LDV_LTF_GSL_PHEV50,2040.0,T_D_tkm_ldv_t,ge,0.03851788996415753,,,,,,,,TRPHRNLLAB001
NLLAB,T_LDV_LTF_GSL_PHEV50,2045.0,T_D_tkm_ldv_t,ge,0.03851788996415753,,,,,,,,TRPHRNLLAB001
NS,T_LDV_LTF_BEV150,2025.0,T_D_tkm_ldv_t,ge,0.03851788996415753,,,,,,,,TRPHRNS001
NS,T_LDV_LTF_BEV150,2030.0,T_D_tkm_ldv_t,ge,0.03851788996415753,,,,,,,,TRPHRNS001
NS,T_LDV_LTF_BEV150,2035.0,T_D_tkm_ldv_t,ge,0.03851788996415753,,,,,,,,TRPHRNS001
NS,T_LDV_LTF_BEV150,2040.0,T_D_tkm_ldv_t,ge,0.03851788996415753,,,,,,,,TRPHRNS001
NS,T_LDV_LTF_BEV150,2045.0,T_D_tkm_ldv_t,ge,0.03851788996415753,,,,,,,,TRPHRNS001
NS,T_LDV_LTF_BEV200,2025.0,T_D_tkm_ldv_t,ge,0.03851788996415753,,,,,,,,TRPHRNS001
NS,T_LDV_LTF_BEV200,2030.0,T_D_tkm_ldv_t,ge,0.03851788996415753,,,,,,,,TRPHRNS001
NS,T_LDV_LTF_BEV200,2035.0,T_D_tkm_ldv_t,ge,0.03851788996415753,,,,,,,,TRPHRNS001
NS,T_LDV_LTF_BEV200,2040.0,T_D_tkm_ldv_t,ge,0.03851788996415753,,,,,,,,TRPHRNS001
NS,T_LDV_LTF_BEV200,2045.0,T_D_tkm_ldv_t,ge,0.03851788996415753,,,,,,,,TRPHRNS001
NS,T_LDV_LTF_BEV300,2025.0,T_D_tkm_ldv_t,ge,0.03851788996415753,,,,,,,,TRPHRNS001
NS,T_LDV_LTF_BEV300,2030.0,T_D_tkm_ldv_t,ge,0.03851788996415753,,,,,,,,TRPHRNS001
NS,T_LDV_LTF_BEV300,2035.0,T_D_tkm_ldv_t,ge,0.03851788996415753,,,,,,,,TRPHRNS001
NS,T_LDV_LTF_BEV300,2040.0,T_D_tkm_ldv_t,ge,0.03851788996415753,,,,,,,,TRPHRNS001
NS,T_LDV_LTF_BEV300,2045.0,T_D_tkm_ldv_t,ge,0.03851788996415753,,,,,,,,TRPHRNS001
NS,T_LDV_LTF_BEV400,2025.0,T_D_tkm_ldv_t,ge,0.03851788996415753,,,,,,,,TRPHRNS001
NS,T_LDV_LTF_BEV400,2030.0,T_D_tkm_ldv_t,ge,0.03851788996415753,,,,,,,,TRPHRNS001
NS,T_LDV_LTF_BEV400,2035.0,T_D_tkm_ldv_t,ge,0.03851788996415753,,,,,,,,TRPHRNS001
NS,T_LDV_LTF_BEV400,2040.0,T_D_tkm_ldv_t,ge,0.03851788996415753,,,,,,,,TRPHRNS001
NS,T_LDV_LTF_BEV400,2045.0,T_D_tkm_ldv_t,ge,0.03851788996415753,,,,,,,,TRPHRNS001
NS,T_LDV_LTF_CNG,2025.0,T_D_tkm_ldv_t,ge,0.03851788996415753,,,,,,,,TRPHRNS001
NS,T_LDV_LTF_CNG,2030.0,T_D_tkm_ldv_t,ge,0.03851788996415753,,,,,,,,TRPHRNS001
NS,T_LDV_LTF_CNG,2035.0,T_D_tkm_ldv_t,ge,0.03851788996415753,,,,,,,,TRPHRNS001
NS,T_LDV_LTF_CNG,2040.0,T_D_tkm_ldv_t,ge,0.03851788996415753,,,,,,,,TRPHRNS001
NS,T_LDV_LTF_CNG,2045.0,T_D_tkm_ldv_t,ge,0.03851788996415753,,,,,,,,TRPHRNS001
NS,T_LDV_LTF_DSL,2025.0,T_D_tkm_ldv_t,ge,0.03851788996415753,,,,,,,,TRPHRNS001
NS,T_LDV_LTF_DSL,2030.0,T_D_tkm_ldv_t,ge,0.03851788996415753,,,,,,,,TRPHRNS001
NS,T_LDV_LTF_DSL,2035.0,T_D_tkm_ldv_t,ge,0.03851788996415753,,,,,,,,TRPHRNS001
NS,T_LDV_LTF_DSL,2040.0,T_D_tkm_ldv_t,ge,0.03851788996415753,,,,,,,,TRPHRNS001
NS,T_LDV_LTF_DSL,2045.0,T_D_tkm_ldv_t,ge,0.03851788996415753,,,,,,,,TRPHRNS001
NS,T_LDV_LTF_FCEV400,2025.0,T_D_tkm_ldv_t,ge,0.03851788996415753,,,,,,,,TRPHRNS001
NS,T_LDV_LTF_FCEV400,2030.0,T_D_tkm_ldv_t,ge,0.03851788996415753,,,,,,,,TRPHRNS001
NS,T_LDV_LTF_FCEV400,2035.0,T_D_tkm_ldv_t,ge,0.03851788996415753,,,,,,,,TRPHRNS001
NS,T_LDV_LTF_FCEV400,2040.0,T_D_tkm_ldv_t,ge,0.03851788996415753,,,,,,,,TRPHRNS001
NS,T_LDV_LTF_FCEV400,2045.0,T_D_tkm_ldv_t,ge,0.03851788996415753,,,,,,,,TRPHRNS001
NS,T_LDV_LTF_GSL,2025.0,T_D_tkm_ldv_t,ge,0.03851788996415753,,,,,,,,TRPHRNS001
NS,T_LDV_LTF_GSL,2030.0,T_D_tkm_ldv_t,ge,0.03851788996415753,,,,,,,,TRPHRNS001
NS,T_LDV_LTF_GSL,2035.0,T_D_tkm_ldv_t,ge,0.03851788996415753,,,,,,,,TRPHRNS001
NS,T_LDV_LTF_GSL,2040.0,T_D_tkm_ldv_t,ge,0.03851788996415753,,,,,,,,TRPHRNS001
NS,T_LDV_LTF_GSL,2045.0,T_D_tkm_ldv_t,ge,0.03851788996415753,,,,,,,,TRPHRNS001
NS,T_LDV_LTF_GSL_HEV,2025.0,T_D_tkm_ldv_t,ge,0.03851788996415753,,,,,,,,TRPHRNS001
NS,T_LDV_LTF_GSL_HEV,2030.0,T_D_tkm_ldv_t,ge,0.03851788996415753,,,,,,,,TRPHRNS001
NS,T_LDV_LTF_GSL_HEV,2035.0,T_D_tkm_ldv_t,ge,0.03851788996415753,,,,,,,,TRPHRNS001
NS,T_LDV_LTF_GSL_HEV,2040.0,T_D_tkm_ldv_t,ge,0.03851788996415753,,,,,,,,TRPHRNS001
NS,T_LDV_LTF_GSL_HEV,2045.0,T_D_tkm_ldv_t,ge,0.03851788996415753,,,,,,,,TRPHRNS001
NS,T_LDV_LTF_GSL_PHEV35,2025.0,T_D_tkm_ldv_t,ge,0.03851788996415753,,,,,,,,TRPHRNS001
NS,T_LDV_LTF_GSL_PHEV35,2030.0,T_D_tkm_ldv_t,ge,0.03851788996415753,,,,,,,,TRPHRNS001
NS,T_LDV_LTF_GSL_PHEV35,2035.0,T_D_tkm_ldv_t,ge,0.03851788996415753,,,,,,,,TRPHRNS001
NS,T_LDV_LTF_GSL_PHEV35,2040.0,T_D_tkm_ldv_t,ge,0.03851788996415753,,,,,,,,TRPHRNS001
NS,T_LDV_LTF_GSL_PHEV35,2045.0,T_D_tkm_ldv_t,ge,0.03851788996415753,,,,,,,,TRPHRNS001
NS,T_LDV_LTF_GSL_PHEV50,2025.0,T_D_tkm_ldv_t,ge,0.03851788996415753,,,,,,,,TRPHRNS001
NS,T_LDV_LTF_GSL_PHEV50,2030.0,T_D_tkm_ldv_t,ge,0.03851788996415753,,,,,,,,TRPHRNS001
NS,T_LDV_LTF_GSL_PHEV50,2035.0,T_D_tkm_ldv_t,ge,0.03851788996415753,,,,,,,,TRPHRNS001
NS,T_LDV_LTF_GSL_PHEV50,2040.0,T_D_tkm_ldv_t,ge,0.03851788996415753,,,,,,,,TRPHRNS001
NS,T_LDV_LTF_GSL_PHEV50,2045.0,T_D_tkm_ldv_t,ge,0.03851788996415753,,,,,,,,TRPHRNS001
ON,T_LDV_LTF_BEV150,2025.0,T_D_tkm_ldv_t,ge,0.03851788996415753,,,,,,,,TRPHRON001
ON,T_LDV_LTF_BEV150,2030.0,T_D_tkm_ldv_t,ge,0.03851788996415753,,,,,,,,TRPHRON001
ON,T_LDV_LTF_BEV150,2035.0,T_D_tkm_ldv_t,ge,0.03851788996415753,,,,,,,,TRPHRON001
ON,T_LDV_LTF_BEV150,2040.0,T_D_tkm_ldv_t,ge,0.03851788996415753,,,,,,,,TRPHRON001
ON,T_LDV_LTF_BEV150,2045.0,T_D_tkm_ldv_t,ge,0.03851788996415753,,,,,,,,TRPHRON001
ON,T_LDV_LTF_BEV200,2025.0,T_D_tkm_ldv_t,ge,0.03851788996415753,,,,,,,,TRPHRON001
ON,T_LDV_LTF_BEV200,2030.0,T_D_tkm_ldv_t,ge,0.03851788996415753,,,,,,,,TRPHRON001
ON,T_LDV_LTF_BEV200,2035.0,T_D_tkm_ldv_t,ge,0.03851788996415753,,,,,,,,TRPHRON001
ON,T_LDV_LTF_BEV200,2040.0,T_D_tkm_ldv_t,ge,0.03851788996415753,,,,,,,,TRPHRON001
ON,T_LDV_LTF_BEV200,2045.0,T_D_tkm_ldv_t,ge,0.03851788996415753,,,,,,,,TRPHRON001
ON,T_LDV_LTF_BEV300,2025.0,T_D_tkm_ldv_t,ge,0.03851788996415753,,,,,,,,TRPHRON001
ON,T_LDV_LTF_BEV300,2030.0,T_D_tkm_ldv_t,ge,0.03851788996415753,,,,,,,,TRPHRON001
ON,T_LDV_LTF_BEV300,2035.0,T_D_tkm_ldv_t,ge,0.03851788996415753,,,,,,,,TRPHRON001
ON,T_LDV_LTF_BEV300,2040.0,T_D_tkm_ldv_t,ge,0.03851788996415753,,,,,,,,TRPHRON001
ON,T_LDV_LTF_BEV300,2045.0,T_D_tkm_ldv_t,ge,0.03851788996415753,,,,,,,,TRPHRON001
ON,T_LDV_LTF_BEV400,2025.0,T_D_tkm_ldv_t,ge,0.03851788996415753,,,,,,,,TRPHRON001
ON,T_LDV_LTF_BEV400,2030.0,T_D_tkm_ldv_t,ge,0.03851788996415753,,,,,,,,TRPHRON001
ON,T_LDV_LTF_BEV400,2035.0,T_D_tkm_ldv_t,ge,0.03851788996415753,,,,,,,,TRPHRON001
ON,T_LDV_LTF_BEV400,2040.0,T_D_tkm_ldv_t,ge,0.03851788996415753,,,,,,,,TRPHRON001
ON,T_LDV_LTF_BEV400,2045.0,T_D_tkm_ldv_t,ge,0.03851788996415753,,,,,,,,TRPHRON001
ON,T_LDV_LTF_CNG,2025.0,T_D_tkm_ldv_t,ge,0.03851788996415753,,,,,,,,TRPHRON001
ON,T_LDV_LTF_CNG,2030.0,T_D_tkm_ldv_t,ge,0.03851788996415753,,,,,,,,TRPHRON001
ON,T_LDV_LTF_CNG,2035.0,T_D_tkm_ldv_t,ge,0.03851788996415753,,,,,,,,TRPHRON001
ON,T_LDV_LTF_CNG,2040.0,T_D_tkm_ldv_t,ge,0.03851788996415753,,,,,,,,TRPHRON001
ON,T_LDV_LTF_CNG,2045.0,T_D_tkm_ldv_t,ge,0.03851788996415753,,,,,,,,TRPHRON001
ON,T_LDV_LTF_DSL,2025.0,T_D_tkm_ldv_t,ge,0.03851788996415753,,,,,,,,TRPHRON001
ON,T_LDV_LTF_DSL,2030.0,T_D_tkm_ldv_t,ge,0.03851788996415753,,,,,,,,TRPHRON001
ON,T_LDV_LTF_DSL,2035.0,T_D_tkm_ldv_t,ge,0.03851788996415753,,,,,,,,TRPHRON001
ON,T_LDV_LTF_DSL,2040.0,T_D_tkm_ldv_t,ge,0.03851788996415753,,,,,,,,TRPHRON001
ON,T_LDV_LTF_DSL,2045.0,T_D_tkm_ldv_t,ge,0.03851788996415753,,,,,,,,TRPHRON001
ON,T_LDV_LTF_FCEV400,2025.0,T_D_tkm_ldv_t,ge,0.03851788996415753,,,,,,,,TRPHRON001
ON,T_LDV_LTF_FCEV400,2030.0,T_D_tkm_ldv_t,ge,0.03851788996415753,,,,,,,,TRPHRON001
ON,T_LDV_LTF_FCEV400,2035.0,T_D_tkm_ldv_t,ge,0.03851788996415753,,,,,,,,TRPHRON001
ON,T_LDV_LTF_FCEV400,2040.0,T_D_tkm_ldv_t,ge,0.03851788996415753,,,,,,,,TRPHRON001
ON,T_LDV_LTF_FCEV400,2045.0,T_D_tkm_ldv_t,ge,0.03851788996415753,,,,,,,,TRPHRON001
ON,T_LDV_LTF_GSL,2025.0,T_D_tkm_ldv_t,ge,0.03851788996415753,,,,,,,,TRPHRON001
ON,T_LDV_LTF_GSL,2030.0,T_D_tkm_ldv_t,ge,0.03851788996415753,,,,,,,,TRPHRON001
ON,T_LDV_LTF_GSL,2035.0,T_D_tkm_ldv_t,ge,0.03851788996415753,,,,,,,,TRPHRON001
ON,T_LDV_LTF_GSL,2040.0,T_D_tkm_ldv_t,ge,0.03851788996415753,,,,,,,,TRPHRON001
ON,T_LDV_LTF_GSL,2045.0,T_D_tkm_ldv_t,ge,0.03851788996415753,,,,,,,,TRPHRON001
ON,T_LDV_LTF_GSL_HEV,2025.0,T_D_tkm_ldv_t,ge,0.03851788996415753,,,,,,,,TRPHRON001
ON,T_LDV_LTF_GSL_HEV,2030.0,T_D_tkm_ldv_t,ge,0.03851788996415753,,,,,,,,TRPHRON001
ON,T_LDV_LTF_GSL_HEV,2035.0,T_D_tkm_ldv_t,ge,0.03851788996415753,,,,,,,,TRPHRON001
ON,T_LDV_LTF_GSL_HEV,2040.0,T_D_tkm_ldv_t,ge,0.03851788996415753,,,,,,,,TRPHRON001
ON,T_LDV_LTF_GSL_HEV,2045.0,T_D_tkm_ldv_t,ge,0.03851788996415753,,,,,,,,TRPHRON001
ON,T_LDV_LTF_GSL_PHEV35,2025.0,T_D_tkm_ldv_t,ge,0.03851788996415753,,,,,,,,TRPHRON001
ON,T_LDV_LTF_GSL_PHEV35,2030.0,T_D_tkm_ldv_t,ge,0.03851788996415753,,,,,,,,TRPHRON001
ON,T_LDV_LTF_GSL_PHEV35,2035.0,T_D_tkm_ldv_t,ge,0.03851788996415753,,,,,,,,TRPHRON001
ON,T_LDV_LTF_GSL_PHEV35,2040.0,T_D_tkm_ldv_t,ge,0.03851788996415753,,,,,,,,TRPHRON001
ON,T_LDV_LTF_GSL_PHEV35,2045.0,T_D_tkm_ldv_t,ge,0.03851788996415753,,,,,,,,TRPHRON001
ON,T_LDV_LTF_GSL_PHEV50,2025.0,T_D_tkm_ldv_t,ge,0.03851788996415753,,,,,,,,TRPHRON001
ON,T_LDV_LTF_GSL_PHEV50,2030.0,T_D_tkm_ldv_t,ge,0.03851788996415753,,,,,,,,TRPHRON001
ON,T_LDV_LTF_GSL_PHEV50,2035.0,T_D_tkm_ldv_t,ge,0.03851788996415753,,,,,,,,TRPHRON001
ON,T_LDV_LTF_GSL_PHEV50,2040.0,T_D_tkm_ldv_t,ge,0.03851788996415753,,,,,,,,TRPHRON001
ON,T_LDV_LTF_GSL_PHEV50,2045.0,T_D_tkm_ldv_t,ge,0.03851788996415753,,,,,,,,TRPHRON001
PEI,T_LDV_LTF_BEV150,2025.0,T_D_tkm_ldv_t,ge,0.03851788996415753,,,,,,,,TRPHRPEI001
PEI,T_LDV_LTF_BEV150,2030.0,T_D_tkm_ldv_t,ge,0.03851788996415753,,,,,,,,TRPHRPEI001
PEI,T_LDV_LTF_BEV150,2035.0,T_D_tkm_ldv_t,ge,0.03851788996415753,,,,,,,,TRPHRPEI001
PEI,T_LDV_LTF_BEV150,2040.0,T_D_tkm_ldv_t,ge,0.03851788996415753,,,,,,,,TRPHRPEI001
PEI,T_LDV_LTF_BEV150,2045.0,T_D_tkm_ldv_t,ge,0.03851788996415753,,,,,,,,TRPHRPEI001
PEI,T_LDV_LTF_BEV200,2025.0,T_D_tkm_ldv_t,ge,0.03851788996415753,,,,,,,,TRPHRPEI001
PEI,T_LDV_LTF_BEV200,2030.0,T_D_tkm_ldv_t,ge,0.03851788996415753,,,,,,,,TRPHRPEI001
PEI,T_LDV_LTF_BEV200,2035.0,T_D_tkm_ldv_t,ge,0.03851788996415753,,,,,,,,TRPHRPEI001
PEI,T_LDV_LTF_BEV200,2040.0,T_D_tkm_ldv_t,ge,0.03851788996415753,,,,,,,,TRPHRPEI001
PEI,T_LDV_LTF_BEV200,2045.0,T_D_tkm_ldv_t,ge,0.03851788996415753,,,,,,,,TRPHRPEI001
PEI,T_LDV_LTF_BEV300,2025.0,T_D_tkm_ldv_t,ge,0.03851788996415753,,,,,,,,TRPHRPEI001
PEI,T_LDV_LTF_BEV300,2030.0,T_D_tkm_ldv_t,ge,0.03851788996415753,,,,,,,,TRPHRPEI001
PEI,T_LDV_LTF_BEV300,2035.0,T_D_tkm_ldv_t,ge,0.03851788996415753,,,,,,,,TRPHRPEI001
PEI,T_LDV_LTF_BEV300,2040.0,T_D_tkm_ldv_t,ge,0.03851788996415753,,,,,,,,TRPHRPEI001
PEI,T_LDV_LTF_BEV300,2045.0,T_D_tkm_ldv_t,ge,0.03851788996415753,,,,,,,,TRPHRPEI001
PEI,T_LDV_LTF_BEV400,2025.0,T_D_tkm_ldv_t,ge,0.03851788996415753,,,,,,,,TRPHRPEI001
PEI,T_LDV_LTF_BEV400,2030.0,T_D_tkm_ldv_t,ge,0.03851788996415753,,,,,,,,TRPHRPEI001
PEI,T_LDV_LTF_BEV400,2035.0,T_D_tkm_ldv_t,ge,0.03851788996415753,,,,,,,,TRPHRPEI001
PEI,T_LDV_LTF_BEV400,2040.0,T_D_tkm_ldv_t,ge,0.03851788996415753,,,,,,,,TRPHRPEI001
PEI,T_LDV_LTF_BEV400,2045.0,T_D_tkm_ldv_t,ge,0.03851788996415753,,,,,,,,TRPHRPEI001
PEI,T_LDV_LTF_CNG,2025.0,T_D_tkm_ldv_t,ge,0.03851788996415753,,,,,,,,TRPHRPEI001
PEI,T_LDV_LTF_CNG,2030.0,T_D_tkm_ldv_t,ge,0.03851788996415753,,,,,,,,TRPHRPEI001
PEI,T_LDV_LTF_CNG,2035.0,T_D_tkm_ldv_t,ge,0.03851788996415753,,,,,,,,TRPHRPEI001
PEI,T_LDV_LTF_CNG,2040.0,T_D_tkm_ldv_t,ge,0.03851788996415753,,,,,,,,TRPHRPEI001
PEI,T_LDV_LTF_CNG,2045.0,T_D_tkm_ldv_t,ge,0.03851788996415753,,,,,,,,TRPHRPEI001
PEI,T_LDV_LTF_DSL,2025.0,T_D_tkm_ldv_t,ge,0.03851788996415753,,,,,,,,TRPHRPEI001
PEI,T_LDV_LTF_DSL,2030.0,T_D_tkm_ldv_t,ge,0.03851788996415753,,,,,,,,TRPHRPEI001
PEI,T_LDV_LTF_DSL,2035.0,T_D_tkm_ldv_t,ge,0.03851788996415753,,,,,,,,TRPHRPEI001
PEI,T_LDV_LTF_DSL,2040.0,T_D_tkm_ldv_t,ge,0.03851788996415753,,,,,,,,TRPHRPEI001
PEI,T_LDV_LTF_DSL,2045.0,T_D_tkm_ldv_t,ge,0.03851788996415753,,,,,,,,TRPHRPEI001
PEI,T_LDV_LTF_FCEV400,2025.0,T_D_tkm_ldv_t,ge,0.03851788996415753,,,,,,,,TRPHRPEI001
PEI,T_LDV_LTF_FCEV400,2030.0,T_D_tkm_ldv_t,ge,0.03851788996415753,,,,,,,,TRPHRPEI001
PEI,T_LDV_LTF_FCEV400,2035.0,T_D_tkm_ldv_t,ge,0.03851788996415753,,,,,,,,TRPHRPEI001
PEI,T_LDV_LTF_FCEV400,2040.0,T_D_tkm_ldv_t,ge,0.03851788996415753,,,,,,,,TRPHRPEI001
PEI,T_LDV_LTF_FCEV400,2045.0,T_D_tkm_ldv_t,ge,0.03851788996415753,,,,,,,,TRPHRPEI001
PEI,T_LDV_LTF_GSL,2025.0,T_D_tkm_ldv_t,ge,0.03851788996415753,,,,,,,,TRPHRPEI001
PEI,T_LDV_LTF_GSL,2030.0,T_D_tkm_ldv_t,ge,0.03851788996415753,,,,,,,,TRPHRPEI001
PEI,T_LDV_LTF_GSL,2035.0,T_D_tkm_ldv_t,ge,0.03851788996415753,,,,,,,,TRPHRPEI001
PEI,T_LDV_LTF_GSL,2040.0,T_D_tkm_ldv_t,ge,0.03851788996415753,,,,,,,,TRPHRPEI001
PEI,T_LDV_LTF_GSL,2045.0,T_D_tkm_ldv_t,ge,0.03851788996415753,,,,,,,,TRPHRPEI001
PEI,T_LDV_LTF_GSL_HEV,2025.0,T_D_tkm_ldv_t,ge,0.03851788996415753,,,,,,,,TRPHRPEI001
PEI,T_LDV_LTF_GSL_HEV,2030.0,T_D_tkm_ldv_t,ge,0.03851788996415753,,,,,,,,TRPHRPEI001
PEI,T_LDV_LTF_GSL_HEV,2035.0,T_D_tkm_ldv_t,ge,0.03851788996415753,,,,,,,,TRPHRPEI001
PEI,T_LDV_LTF_GSL_HEV,2040.0,T_D_tkm_ldv_t,ge,0.03851788996415753,,,,,,,,TRPHRPEI001
PEI,T_LDV_LTF_GSL_HEV,2045.0,T_D_tkm_ldv_t,ge,0.03851788996415753,,,,,,,,TRPHRPEI001
PEI,T_LDV_LTF_GSL_PHEV35,2025.0,T_D_tkm_ldv_t,ge,0.03851788996415753,,,,,,,,TRPHRPEI001
PEI,T_LDV_LTF_GSL_PHEV35,2030.0,T_D_tkm_ldv_t,ge,0.03851788996415753,,,,,,,,TRPHRPEI001
PEI,T_LDV_LTF_GSL_PHEV35,2035.0,T_D_tkm_ldv_t,ge,0.03851788996415753,,,,,,,,TRPHRPEI001
PEI,T_LDV_LTF_GSL_PHEV35,2040.0,T_D_tkm_ldv_t,ge,0.03851788996415753,,,,,,,,TRPHRPEI001
PEI,T_LDV_LTF_GSL_PHEV35,2045.0,T_D_tkm_ldv_t,ge,0.03851788996415753,,,,,,,,TRPHRPEI001
PEI,T_LDV_LTF_GSL_PHEV50,2025.0,T_D_tkm_ldv_t,ge,0.03851788996415753,,,,,,,,TRPHRPEI001
PEI,T_LDV_LTF_GSL_PHEV50,2030.0,T_D_tkm_ldv_t,ge,0.03851788996415753,,,,,,,,TRPHRPEI001
PEI,T_LDV_LTF_GSL_PHEV50,2035.0,T_D_tkm_ldv_t,ge,0.03851788996415753,,,,,,,,TRPHRPEI001
PEI,T_LDV_LTF_GSL_PHEV50,2040.0,T_D_tkm_ldv_t,ge,0.03851788996415753,,,,,,,,TRPHRPEI001
PEI,T_LDV_LTF_GSL_PHEV50,2045.0,T_D_tkm_ldv_t,ge,0.03851788996415753,,,,,,,,TRPHRPEI001
QC,T_LDV_LTF_BEV150,2025.0,T_D_tkm_ldv_t,ge,0.03851788996415753,,,,,,,,TRPHRQC001
QC,T_LDV_LTF_BEV150,2030.0,T_D_tkm_ldv_t,ge,0.03851788996415753,,,,,,,,TRPHRQC001
QC,T_LDV_LTF_BEV150,2035.0,T_D_tkm_ldv_t,ge,0.03851788996415753,,,,,,,,TRPHRQC001
QC,T_LDV_LTF_BEV150,2040.0,T_D_tkm_ldv_t,ge,0.03851788996415753,,,,,,,,TRPHRQC001
QC,T_LDV_LTF_BEV150,2045.0,T_D_tkm_ldv_t,ge,0.03851788996415753,,,,,,,,TRPHRQC001
QC,T_LDV_LTF_BEV200,2025.0,T_D_tkm_ldv_t,ge,0.03851788996415753,,,,,,,,TRPHRQC001
QC,T_LDV_LTF_BEV200,2030.0,T_D_tkm_ldv_t,ge,0.03851788996415753,,,,,,,,TRPHRQC001
QC,T_LDV_LTF_BEV200,2035.0,T_D_tkm_ldv_t,ge,0.03851788996415753,,,,,,,,TRPHRQC001
QC,T_LDV_LTF_BEV200,2040.0,T_D_tkm_ldv_t,ge,0.03851788996415753,,,,,,,,TRPHRQC001
QC,T_LDV_LTF_BEV200,2045.0,T_D_tkm_ldv_t,ge,0.03851788996415753,,,,,,,,TRPHRQC001
QC,T_LDV_LTF_BEV300,2025.0,T_D_tkm_ldv_t,ge,0.03851788996415753,,,,,,,,TRPHRQC001
QC,T_LDV_LTF_BEV300,2030.0,T_D_tkm_ldv_t,ge,0.03851788996415753,,,,,,,,TRPHRQC001
QC,T_LDV_LTF_BEV300,2035.0,T_D_tkm_ldv_t,ge,0.03851788996415753,,,,,,,,TRPHRQC001
QC,T_LDV_LTF_BEV300,2040.0,T_D_tkm_ldv_t,ge,0.03851788996415753,,,,,,,,TRPHRQC001
QC,T_LDV_LTF_BEV300,2045.0,T_D_tkm_ldv_t,ge,0.03851788996415753,,,,,,,,TRPHRQC001
QC,T_LDV_LTF_BEV400,2025.0,T_D_tkm_ldv_t,ge,0.03851788996415753,,,,,,,,TRPHRQC001
QC,T_LDV_LTF_BEV400,2030.0,T_D_tkm_ldv_t,ge,0.03851788996415753,,,,,,,,TRPHRQC001
QC,T_LDV_LTF_BEV400,2035.0,T_D_tkm_ldv_t,ge,0.03851788996415753,,,,,,,,TRPHRQC001
QC,T_LDV_LTF_BEV400,2040.0,T_D_tkm_ldv_t,ge,0.03851788996415753,,,,,,,,TRPHRQC001
QC,T_LDV_LTF_BEV400,2045.0,T_D_tkm_ldv_t,ge,0.03851788996415753,,,,,,,,TRPHRQC001
QC,T_LDV_LTF_CNG,2025.0,T_D_tkm_ldv_t,ge,0.03851788996415753,,,,,,,,TRPHRQC001
QC,T_LDV_LTF_CNG,2030.0,T_D_tkm_ldv_t,ge,0.03851788996415753,,,,,,,,TRPHRQC001
QC,T_LDV_LTF_CNG,2035.0,T_D_tkm_ldv_t,ge,0.03851788996415753,,,,,,,,TRPHRQC001
QC,T_LDV_LTF_CNG,2040.0,T_D_tkm_ldv_t,ge,0.03851788996415753,,,,,,,,TRPHRQC001
QC,T_LDV_LTF_CNG,2045.0,T_D_tkm_ldv_t,ge,0.03851788996415753,,,,,,,,TRPHRQC001
QC,T_LDV_LTF_DSL,2025.0,T_D_tkm_ldv_t,ge,0.03851788996415753,,,,,,,,TRPHRQC001
QC,T_LDV_LTF_DSL,2030.0,T_D_tkm_ldv_t,ge,0.03851788996415753,,,,,,,,TRPHRQC001
QC,T_LDV_LTF_DSL,2035.0,T_D_tkm_ldv_t,ge,0.03851788996415753,,,,,,,,TRPHRQC001
QC,T_LDV_LTF_DSL,2040.0,T_D_tkm_ldv_t,ge,0.03851788996415753,,,,,,,,TRPHRQC001
QC,T_LDV_LTF_DSL,2045.0,T_D_tkm_ldv_t,ge,0.03851788996415753,,,,,,,,TRPHRQC001
QC,T_LDV_LTF_FCEV400,2025.0,T_D_tkm_ldv_t,ge,0.03851788996415753,,,,,,,,TRPHRQC001
QC,T_LDV_LTF_FCEV400,2030.0,T_D_tkm_ldv_t,ge,0.03851788996415753,,,,,,,,TRPHRQC001
QC,T_LDV_LTF_FCEV400,2035.0,T_D_tkm_ldv_t,ge,0.03851788996415753,,,,,,,,TRPHRQC001
QC,T_LDV_LTF_FCEV400,2040.0,T_D_tkm_ldv_t,ge,0.03851788996415753,,,,,,,,TRPHRQC001
QC,T_LDV_LTF_FCEV400,2045.0,T_D_tkm_ldv_t,ge,0.03851788996415753,,,,,,,,TRPHRQC001
QC,T_LDV_LTF_GSL,2025.0,T_D_tkm_ldv_t,ge,0.03851788996415753,,,,,,,,TRPHRQC001
QC,T_LDV_LTF_GSL,2030.0,T_D_tkm_ldv_t,ge,0.03851788996415753,,,,,,,,TRPHRQC001
QC,T_LDV_LTF_GSL,2035.0,T_D_tkm_ldv_t,ge,0.03851788996415753,,,,,,,,TRPHRQC001
QC,T_LDV_LTF_GSL,2040.0,T_D_tkm_ldv_t,ge,0.03851788996415753,,,,,,,,TRPHRQC001
QC,T_LDV_LTF_GSL,2045.0,T_D_tkm_ldv_t,ge,0.03851788996415753,,,,,,,,TRPHRQC001
QC,T_LDV_LTF_GSL_HEV,2025.0,T_D_tkm_ldv_t,ge,0.03851788996415753,,,,,,,,TRPHRQC001
QC,T_LDV_LTF_GSL_HEV,2030.0,T_D_tkm_ldv_t,ge,0.03851788996415753,,,,,,,,TRPHRQC001
QC,T_LDV_LTF_GSL_HEV,2035.0,T_D_tkm_ldv_t,ge,0.03851788996415753,,,,,,,,TRPHRQC001
QC,T_LDV_LTF_GSL_HEV,2040.0,T_D_tkm_ldv_t,ge,0.03851788996415753,,,,,,,,TRPHRQC001
QC,T_LDV_LTF_GSL_HEV,2045.0,T_D_tkm_ldv_t,ge,0.03851788996415753,,,,,,,,TRPHRQC001
QC,T_LDV_LTF_GSL_PHEV35,2025.0,T_D_tkm_ldv_t,ge,0.03851788996415753,,,,,,,,TRPHRQC001
QC,T_LDV_LTF_GSL_PHEV35,2030.0,T_D_tkm_ldv_t,ge,0.03851788996415753,,,,,,,,TRPHRQC001
QC,T_LDV_LTF_GSL_PHEV35,2035.0,T_D_tkm_ldv_t,ge,0.03851788996415753,,,,,,,,TRPHRQC001
QC,T_LDV_LTF_GSL_PHEV35,2040.0,T_D_tkm_ldv_t,ge,0.03851788996415753,,,,,,,,TRPHRQC001
QC,T_LDV_LTF_GSL_PHEV35,2045.0,T_D_tkm_ldv_t,ge,0.03851788996415753,,,,,,,,TRPHRQC001
QC,T_LDV_LTF_GSL_PHEV50,2025.0,T_D_tkm_ldv_t,ge,0.03851788996415753,,,,,,,,TRPHRQC001
QC,T_LDV_LTF_GSL_PHEV50,2030.0,T_D_tkm_ldv_t,ge,0.03851788996415753,,,,,,,,TRPHRQC001
QC,T_LDV_LTF_GSL_PHEV50,2035.0,T_D_tkm_ldv_t,ge,0.03851788996415753,,,,,,,,TRPHRQC001
QC,T_LDV_LTF_GSL_PHEV50,2040.0,T_D_tkm_ldv_t,ge,0.03851788996415753,,,,,,,,TRPHRQC001
QC,T_LDV_LTF_GSL_PHEV50,2045.0,T_D_tkm_ldv_t,ge,0.03851788996415753,,,,,,,,TRPHRQC001
SK,T_LDV_LTF_BEV150,2025.0,T_D_tkm_ldv_t,ge,0.03851788996415753,,,,,,,,TRPHRSK001
SK,T_LDV_LTF_BEV150,2030.0,T_D_tkm_ldv_t,ge,0.03851788996415753,,,,,,,,TRPHRSK001
SK,T_LDV_LTF_BEV150,2035.0,T_D_tkm_ldv_t,ge,0.03851788996415753,,,,,,,,TRPHRSK001
SK,T_LDV_LTF_BEV150,2040.0,T_D_tkm_ldv_t,ge,0.03851788996415753,,,,,,,,TRPHRSK001
SK,T_LDV_LTF_BEV150,2045.0,T_D_tkm_ldv_t,ge,0.03851788996415753,,,,,,,,TRPHRSK001
SK,T_LDV_LTF_BEV200,2025.0,T_D_tkm_ldv_t,ge,0.03851788996415753,,,,,,,,TRPHRSK001
SK,T_LDV_LTF_BEV200,2030.0,T_D_tkm_ldv_t,ge,0.03851788996415753,,,,,,,,TRPHRSK001
SK,T_LDV_LTF_BEV200,2035.0,T_D_tkm_ldv_t,ge,0.03851788996415753,,,,,,,,TRPHRSK001
SK,T_LDV_LTF_BEV200,2040.0,T_D_tkm_ldv_t,ge,0.03851788996415753,,,,,,,,TRPHRSK001
SK,T_LDV_LTF_BEV200,2045.0,T_D_tkm_ldv_t,ge,0.03851788996415753,,,,,,,,TRPHRSK001
SK,T_LDV_LTF_BEV300,2025.0,T_D_tkm_ldv_t,ge,0.03851788996415753,,,,,,,,TRPHRSK001
SK,T_LDV_LTF_BEV300,2030.0,T_D_tkm_ldv_t,ge,0.03851788996415753,,,,,,,,TRPHRSK001
SK,T_LDV_LTF_BEV300,2035.0,T_D_tkm_ldv_t,ge,0.03851788996415753,,,,,,,,TRPHRSK001
SK,T_LDV_LTF_BEV300,2040.0,T_D_tkm_ldv_t,ge,0.03851788996415753,,,,,,,,TRPHRSK001
SK,T_LDV_LTF_BEV300,2045.0,T_D_tkm_ldv_t,ge,0.03851788996415753,,,,,,,,TRPHRSK001
SK,T_LDV_LTF_BEV400,2025.0,T_D_tkm_ldv_t,ge,0.03851788996415753,,,,,,,,TRPHRSK001
SK,T_LDV_LTF_BEV400,2030.0,T_D_tkm_ldv_t,ge,0.03851788996415753,,,,,,,,TRPHRSK001
SK,T_LDV_LTF_BEV400,2035.0,T_D_tkm_ldv_t,ge,0.03851788996415753,,,,,,,,TRPHRSK001
SK,T_LDV_LTF_BEV400,2040.0,T_D_tkm_ldv_t,ge,0.03851788996415753,,,,,,,,TRPHRSK001
SK,T_LDV_LTF_BEV400,2045.0,T_D_tkm_ldv_t,ge,0.03851788996415753,,,,,,,,TRPHRSK001
SK,T_LDV_LTF_CNG,2025.0,T_D_tkm_ldv_t,ge,0.03851788996415753,,,,,,,,TRPHRSK001
SK,T_LDV_LTF_CNG,2030.0,T_D_tkm_ldv_t,ge,0.03851788996415753,,,,,,,,TRPHRSK001
SK,T_LDV_LTF_CNG,2035.0,T_D_tkm_ldv_t,ge,0.03851788996415753,,,,,,,,TRPHRSK001
SK,T_LDV_LTF_CNG,2040.0,T_D_tkm_ldv_t,ge,0.03851788996415753,,,,,,,,TRPHRSK001
SK,T_LDV_LTF_CNG,2045.0,T_D_tkm_ldv_t,ge,0.03851788996415753,,,,,,,,TRPHRSK001
SK,T_LDV_LTF_DSL,2025.0,T_D_tkm_ldv_t,ge,0.03851788996415753,,,,,,,,TRPHRSK001
SK,T_LDV_LTF_DSL,2030.0,T_D_tkm_ldv_t,ge,0.03851788996415753,,,,,,,,TRPHRSK001
SK,T_LDV_LTF_DSL,2035.0,T_D_tkm_ldv_t,ge,0.03851788996415753,,,,,,,,TRPHRSK001
SK,T_LDV_LTF_DSL,2040.0,T_D_tkm_ldv_t,ge,0.03851788996415753,,,,,,,,TRPHRSK001
SK,T_LDV_LTF_DSL,2045.0,T_D_tkm_ldv_t,ge,0.03851788996415753,,,,,,,,TRPHRSK001
SK,T_LDV_LTF_FCEV400,2025.0,T_D_tkm_ldv_t,ge,0.03851788996415753,,,,,,,,TRPHRSK001
SK,T_LDV_LTF_FCEV400,2030.0,T_D_tkm_ldv_t,ge,0.03851788996415753,,,,,,,,TRPHRSK001
SK,T_LDV_LTF_FCEV400,2035.0,T_D_tkm_ldv_t,ge,0.03851788996415753,,,,,,,,TRPHRSK001
SK,T_LDV_LTF_FCEV400,2040.0,T_D_tkm_ldv_t,ge,0.03851788996415753,,,,,,,,TRPHRSK001
SK,T_LDV_LTF_FCEV400,2045.0,T_D_tkm_ldv_t,ge,0.03851788996415753,,,,,,,,TRPHRSK001
SK,T_LDV_LTF_GSL,2025.0,T_D_tkm_ldv_t,ge,0.03851788996415753,,,,,,,,TRPHRSK001
SK,T_LDV_LTF_GSL,2030.0,T_D_tkm_ldv_t,ge,0.03851788996415753,,,,,,,,TRPHRSK001
SK,T_LDV_LTF_GSL,2035.0,T_D_tkm_ldv_t,ge,0.03851788996415753,,,,,,,,TRPHRSK001
SK,T_LDV_LTF_GSL,2040.0,T_D_tkm_ldv_t,ge,0.03851788996415753,,,,,,,,TRPHRSK001
SK,T_LDV_LTF_GSL,2045.0,T_D_tkm_ldv_t,ge,0.03851788996415753,,,,,,,,TRPHRSK001
SK,T_LDV_LTF_GSL_HEV,2025.0,T_D_tkm_ldv_t,ge,0.03851788996415753,,,,,,,,TRPHRSK001
SK,T_LDV_LTF_GSL_HEV,2030.0,T_D_tkm_ldv_t,ge,0.03851788996415753,,,,,,,,TRPHRSK001
SK,T_LDV_LTF_GSL_HEV,2035.0,T_D_tkm_ldv_t,ge,0.03851788996415753,,,,,,,,TRPHRSK001
SK,T_LDV_LTF_GSL_HEV,2040.0,T_D_tkm_ldv_t,ge,0.03851788996415753,,,,,,,,TRPHRSK001
SK,T_LDV_LTF_GSL_HEV,2045.0,T_D_tkm_ldv_t,ge,0.03851788996415753,,,,,,,,TRPHRSK001
SK,T_LDV_LTF_GSL_PHEV35,2025.0,T_D_tkm_ldv_t,ge,0.03851788996415753,,,,,,,,TRPHRSK001
SK,T_LDV_LTF_GSL_PHEV35,2030.0,T_D_tkm_ldv_t,ge,0.03851788996415753,,,,,,,,TRPHRSK001
SK,T_LDV_LTF_GSL_PHEV35,2035.0,T_D_tkm_ldv_t,ge,0.03851788996415753,,,,,,,,TRPHRSK001
SK,T_LDV_LTF_GSL_PHEV35,2040.0,T_D_tkm_ldv_t,ge,0.03851788996415753,,,,,,,,TRPHRSK001
SK,T_LDV_LTF_GSL_PHEV35,2045.0,T_D_tkm_ldv_t,ge,0.03851788996415753,,,,,,,,TRPHRSK001
SK,T_LDV_LTF_GSL_PHEV50,2025.0,T_D_tkm_ldv_t,ge,0.03851788996415753,,,,,,,,TRPHRSK001
SK,T_LDV_LTF_GSL_PHEV50,2030.0,T_D_tkm_ldv_t,ge,0.03851788996415753,,,,,,,,TRPHRSK001
SK,T_LDV_LTF_GSL_PHEV50,2035.0,T_D_tkm_ldv_t,ge,0.03851788996415753,,,,,,,,TRPHRSK001
SK,T_LDV_LTF_GSL_PHEV50,2040.0,T_D_tkm_ldv_t,ge,0.03851788996415753,,,,,,,,TRPHRSK001
SK,T_LDV_LTF_GSL_PHEV50,2045.0,T_D_tkm_ldv_t,ge,0.03851788996415753,,,,,,,,TRPHRSK001
AB,T_MDV_T_BEV,2025.0,T_D_tkm_mdv_t,ge,0.021826022373110838,,,,,,,,TRPHRAB001
AB,T_MDV_T_BEV,2030.0,T_D_tkm_mdv_t,ge,0.021826022373110838,,,,,,,,TRPHRAB001
AB,T_MDV_T_BEV,2035.0,T_D_tkm_mdv_t,ge,0.021826022373110838,,,,,,,,TRPHRAB001
AB,T_MDV_T_BEV,2040.0,T_D_tkm_mdv_t,ge,0.021826022373110838,,,,,,,,TRPHRAB001
AB,T_MDV_T_BEV,2045.0,T_D_tkm_mdv_t,ge,0.021826022373110838,,,,,,,,TRPHRAB001
AB,T_MDV_T_DSL,2025.0,T_D_tkm_mdv_t,ge,0.021826022373110838,,,,,,,,TRPHRAB001
AB,T_MDV_T_DSL,2030.0,T_D_tkm_mdv_t,ge,0.021826022373110838,,,,,,,,TRPHRAB001
AB,T_MDV_T_DSL,2035.0,T_D_tkm_mdv_t,ge,0.021826022373110838,,,,,,,,TRPHRAB001
AB,T_MDV_T_DSL,2040.0,T_D_tkm_mdv_t,ge,0.021826022373110838,,,,,,,,TRPHRAB001
AB,T_MDV_T_DSL,2045.0,T_D_tkm_mdv_t,ge,0.021826022373110838,,,,,,,,TRPHRAB001
AB,T_MDV_T_DSL_HEV,2025.0,T_D_tkm_mdv_t,ge,0.021826022373110838,,,,,,,,TRPHRAB001
AB,T_MDV_T_DSL_HEV,2030.0,T_D_tkm_mdv_t,ge,0.021826022373110838,,,,,,,,TRPHRAB001
AB,T_MDV_T_DSL_HEV,2035.0,T_D_tkm_mdv_t,ge,0.021826022373110838,,,,,,,,TRPHRAB001
AB,T_MDV_T_DSL_HEV,2040.0,T_D_tkm_mdv_t,ge,0.021826022373110838,,,,,,,,TRPHRAB001
AB,T_MDV_T_DSL_HEV,2045.0,T_D_tkm_mdv_t,ge,0.021826022373110838,,,,,,,,TRPHRAB001
AB,T_MDV_T_DSL_PHEV,2025.0,T_D_tkm_mdv_t,ge,0.021826022373110838,,,,,,,,TRPHRAB001
AB,T_MDV_T_DSL_PHEV,2030.0,T_D_tkm_mdv_t,ge,0.021826022373110838,,,,,,,,TRPHRAB001
AB,T_MDV_T_DSL_PHEV,2035.0,T_D_tkm_mdv_t,ge,0.021826022373110838,,,,,,,,TRPHRAB001
AB,T_MDV_T_DSL_PHEV,2040.0,T_D_tkm_mdv_t,ge,0.021826022373110838,,,,,,,,TRPHRAB001
AB,T_MDV_T_DSL_PHEV,2045.0,T_D_tkm_mdv_t,ge,0.021826022373110838,,,,,,,,TRPHRAB001
AB,T_MDV_T_FCEV,2025.0,T_D_tkm_mdv_t,ge,0.021826022373110838,,,,,,,,TRPHRAB001
AB,T_MDV_T_FCEV,2030.0,T_D_tkm_mdv_t,ge,0.021826022373110838,,,,,,,,TRPHRAB001
AB,T_MDV_T_FCEV,2035.0,T_D_tkm_mdv_t,ge,0.021826022373110838,,,,,,,,TRPHRAB001
AB,T_MDV_T_FCEV,2040.0,T_D_tkm_mdv_t,ge,0.021826022373110838,,,,,,,,TRPHRAB001
AB,T_MDV_T_FCEV,2045.0,T_D_tkm_mdv_t,ge,0.021826022373110838,,,,,,,,TRPHRAB001
AB,T_MDV_T_FCHEV,2025.0,T_D_tkm_mdv_t,ge,0.021826022373110838,,,,,,,,TRPHRAB001
AB,T_MDV_T_FCHEV,2030.0,T_D_tkm_mdv_t,ge,0.021826022373110838,,,,,,,,TRPHRAB001
AB,T_MDV_T_FCHEV,2035.0,T_D_tkm_mdv_t,ge,0.021826022373110838,,,,,,,,TRPHRAB001
AB,T_MDV_T_FCHEV,2040.0,T_D_tkm_mdv_t,ge,0.021826022373110838,,,,,,,,TRPHRAB001
AB,T_MDV_T_FCHEV,2045.0,T_D_tkm_mdv_t,ge,0.021826022373110838,,,,,,,,TRPHRAB001
AB,T_MDV_T_GSL,2025.0,T_D_tkm_mdv_t,ge,0.021826022373110838,,,,,,,,TRPHRAB001
AB,T_MDV_T_GSL,2030.0,T_D_tkm_mdv_t,ge,0.021826022373110838,,,,,,,,TRPHRAB001
AB,T_MDV_T_GSL,2035.0,T_D_tkm_mdv_t,ge,0.021826022373110838,,,,,,,,TRPHRAB001
AB,T_MDV_T_GSL,2040.0,T_D_tkm_mdv_t,ge,0.021826022373110838,,,,,,,,TRPHRAB001
AB,T_MDV_T_GSL,2045.0,T_D_tkm_mdv_t,ge,0.021826022373110838,,,,,,,,TRPHRAB001
BC,T_MDV_T_BEV,2025.0,T_D_tkm_mdv_t,ge,0.021826022373110838,,,,,,,,TRPHRBC001
BC,T_MDV_T_BEV,2030.0,T_D_tkm_mdv_t,ge,0.021826022373110838,,,,,,,,TRPHRBC001
BC,T_MDV_T_BEV,2035.0,T_D_tkm_mdv_t,ge,0.021826022373110838,,,,,,,,TRPHRBC001
BC,T_MDV_T_BEV,2040.0,T_D_tkm_mdv_t,ge,0.021826022373110838,,,,,,,,TRPHRBC001
BC,T_MDV_T_BEV,2045.0,T_D_tkm_mdv_t,ge,0.021826022373110838,,,,,,,,TRPHRBC001
BC,T_MDV_T_DSL,2025.0,T_D_tkm_mdv_t,ge,0.021826022373110838,,,,,,,,TRPHRBC001
BC,T_MDV_T_DSL,2030.0,T_D_tkm_mdv_t,ge,0.021826022373110838,,,,,,,,TRPHRBC001
BC,T_MDV_T_DSL,2035.0,T_D_tkm_mdv_t,ge,0.021826022373110838,,,,,,,,TRPHRBC001
BC,T_MDV_T_DSL,2040.0,T_D_tkm_mdv_t,ge,0.021826022373110838,,,,,,,,TRPHRBC001
BC,T_MDV_T_DSL,2045.0,T_D_tkm_mdv_t,ge,0.021826022373110838,,,,,,,,TRPHRBC001
BC,T_MDV_T_DSL_HEV,2025.0,T_D_tkm_mdv_t,ge,0.021826022373110838,,,,,,,,TRPHRBC001
BC,T_MDV_T_DSL_HEV,2030.0,T_D_tkm_mdv_t,ge,0.021826022373110838,,,,,,,,TRPHRBC001
BC,T_MDV_T_DSL_HEV,2035.0,T_D_tkm_mdv_t,ge,0.021826022373110838,,,,,,,,TRPHRBC001
BC,T_MDV_T_DSL_HEV,2040.0,T_D_tkm_mdv_t,ge,0.021826022373110838,,,,,,,,TRPHRBC001
BC,T_MDV_T_DSL_HEV,2045.0,T_D_tkm_mdv_t,ge,0.021826022373110838,,,,,,,,TRPHRBC001
BC,T_MDV_T_DSL_PHEV,2025.0,T_D_tkm_mdv_t,ge,0.021826022373110838,,,,,,,,TRPHRBC001
BC,T_MDV_T_DSL_PHEV,2030.0,T_D_tkm_mdv_t,ge,0.021826022373110838,,,,,,,,TRPHRBC001
BC,T_MDV_T_DSL_PHEV,2035.0,T_D_tkm_mdv_t,ge,0.021826022373110838,,,,,,,,TRPHRBC001
BC,T_MDV_T_DSL_PHEV,2040.0,T_D_tkm_mdv_t,ge,0.021826022373110838,,,,,,,,TRPHRBC001
BC,T_MDV_T_DSL_PHEV,2045.0,T_D_tkm_mdv_t,ge,0.021826022373110838,,,,,,,,TRPHRBC001
BC,T_MDV_T_FCEV,2025.0,T_D_tkm_mdv_t,ge,0.021826022373110838,,,,,,,,TRPHRBC001
BC,T_MDV_T_FCEV,2030.0,T_D_tkm_mdv_t,ge,0.021826022373110838,,,,,,,,TRPHRBC001
BC,T_MDV_T_FCEV,2035.0,T_D_tkm_mdv_t,ge,0.021826022373110838,,,,,,,,TRPHRBC001
BC,T_MDV_T_FCEV,2040.0,T_D_tkm_mdv_t,ge,0.021826022373110838,,,,,,,,TRPHRBC001
BC,T_MDV_T_FCEV,2045.0,T_D_tkm_mdv_t,ge,0.021826022373110838,,,,,,,,TRPHRBC001
BC,T_MDV_T_FCHEV,2025.0,T_D_tkm_mdv_t,ge,0.021826022373110838,,,,,,,,TRPHRBC001
BC,T_MDV_T_FCHEV,2030.0,T_D_tkm_mdv_t,ge,0.021826022373110838,,,,,,,,TRPHRBC001
BC,T_MDV_T_FCHEV,2035.0,T_D_tkm_mdv_t,ge,0.021826022373110838,,,,,,,,TRPHRBC001
BC,T_MDV_T_FCHEV,2040.0,T_D_tkm_mdv_t,ge,0.021826022373110838,,,,,,,,TRPHRBC001
BC,T_MDV_T_FCHEV,2045.0,T_D_tkm_mdv_t,ge,0.021826022373110838,,,,,,,,TRPHRBC001
BC,T_MDV_T_GSL,2025.0,T_D_tkm_mdv_t,ge,0.021826022373110838,,,,,,,,TRPHRBC001
BC,T_MDV_T_GSL,2030.0,T_D_tkm_mdv_t,ge,0.021826022373110838,,,,,,,,TRPHRBC001
BC,T_MDV_T_GSL,2035.0,T_D_tkm_mdv_t,ge,0.021826022373110838,,,,,,,,TRPHRBC001
BC,T_MDV_T_GSL,2040.0,T_D_tkm_mdv_t,ge,0.021826022373110838,,,,,,,,TRPHRBC001
BC,T_MDV_T_GSL,2045.0,T_D_tkm_mdv_t,ge,0.021826022373110838,,,,,,,,TRPHRBC001
MB,T_MDV_T_BEV,2025.0,T_D_tkm_mdv_t,ge,0.021826022373110838,,,,,,,,TRPHRMB001
MB,T_MDV_T_BEV,2030.0,T_D_tkm_mdv_t,ge,0.021826022373110838,,,,,,,,TRPHRMB001
MB,T_MDV_T_BEV,2035.0,T_D_tkm_mdv_t,ge,0.021826022373110838,,,,,,,,TRPHRMB001
MB,T_MDV_T_BEV,2040.0,T_D_tkm_mdv_t,ge,0.021826022373110838,,,,,,,,TRPHRMB001
MB,T_MDV_T_BEV,2045.0,T_D_tkm_mdv_t,ge,0.021826022373110838,,,,,,,,TRPHRMB001
MB,T_MDV_T_DSL,2025.0,T_D_tkm_mdv_t,ge,0.021826022373110838,,,,,,,,TRPHRMB001
MB,T_MDV_T_DSL,2030.0,T_D_tkm_mdv_t,ge,0.021826022373110838,,,,,,,,TRPHRMB001
MB,T_MDV_T_DSL,2035.0,T_D_tkm_mdv_t,ge,0.021826022373110838,,,,,,,,TRPHRMB001
MB,T_MDV_T_DSL,2040.0,T_D_tkm_mdv_t,ge,0.021826022373110838,,,,,,,,TRPHRMB001
MB,T_MDV_T_DSL,2045.0,T_D_tkm_mdv_t,ge,0.021826022373110838,,,,,,,,TRPHRMB001
MB,T_MDV_T_DSL_HEV,2025.0,T_D_tkm_mdv_t,ge,0.021826022373110838,,,,,,,,TRPHRMB001
MB,T_MDV_T_DSL_HEV,2030.0,T_D_tkm_mdv_t,ge,0.021826022373110838,,,,,,,,TRPHRMB001
MB,T_MDV_T_DSL_HEV,2035.0,T_D_tkm_mdv_t,ge,0.021826022373110838,,,,,,,,TRPHRMB001
MB,T_MDV_T_DSL_HEV,2040.0,T_D_tkm_mdv_t,ge,0.021826022373110838,,,,,,,,TRPHRMB001
MB,T_MDV_T_DSL_HEV,2045.0,T_D_tkm_mdv_t,ge,0.021826022373110838,,,,,,,,TRPHRMB001
MB,T_MDV_T_DSL_PHEV,2025.0,T_D_tkm_mdv_t,ge,0.021826022373110838,,,,,,,,TRPHRMB001
MB,T_MDV_T_DSL_PHEV,2030.0,T_D_tkm_mdv_t,ge,0.021826022373110838,,,,,,,,TRPHRMB001
MB,T_MDV_T_DSL_PHEV,2035.0,T_D_tkm_mdv_t,ge,0.021826022373110838,,,,,,,,TRPHRMB001
MB,T_MDV_T_DSL_PHEV,2040.0,T_D_tkm_mdv_t,ge,0.021826022373110838,,,,,,,,TRPHRMB001
MB,T_MDV_T_DSL_PHEV,2045.0,T_D_tkm_mdv_t,ge,0.021826022373110838,,,,,,,,TRPHRMB001
MB,T_MDV_T_FCEV,2025.0,T_D_tkm_mdv_t,ge,0.021826022373110838,,,,,,,,TRPHRMB001
MB,T_MDV_T_FCEV,2030.0,T_D_tkm_mdv_t,ge,0.021826022373110838,,,,,,,,TRPHRMB001
MB,T_MDV_T_FCEV,2035.0,T_D_tkm_mdv_t,ge,0.021826022373110838,,,,,,,,TRPHRMB001
MB,T_MDV_T_FCEV,2040.0,T_D_tkm_mdv_t,ge,0.021826022373110838,,,,,,,,TRPHRMB001
MB,T_MDV_T_FCEV,2045.0,T_D_tkm_mdv_t,ge,0.021826022373110838,,,,,,,,TRPHRMB001
MB,T_MDV_T_FCHEV,2025.0,T_D_tkm_mdv_t,ge,0.021826022373110838,,,,,,,,TRPHRMB001
MB,T_MDV_T_FCHEV,2030.0,T_D_tkm_mdv_t,ge,0.021826022373110838,,,,,,,,TRPHRMB001
MB,T_MDV_T_FCHEV,2035.0,T_D_tkm_mdv_t,ge,0.021826022373110838,,,,,,,,TRPHRMB001
MB,T_MDV_T_FCHEV,2040.0,T_D_tkm_mdv_t,ge,0.021826022373110838,,,,,,,,TRPHRMB001
MB,T_MDV_T_FCHEV,2045.0,T_D_tkm_mdv_t,ge,0.021826022373110838,,,,,,,,TRPHRMB001
MB,T_MDV_T_GSL,2025.0,T_D_tkm_mdv_t,ge,0.021826022373110838,,,,,,,,TRPHRMB001
MB,T_MDV_T_GSL,2030.0,T_D_tkm_mdv_t,ge,0.021826022373110838,,,,,,,,TRPHRMB001
MB,T_MDV_T_GSL,2035.0,T_D_tkm_mdv_t,ge,0.021826022373110838,,,,,,,,TRPHRMB001
MB,T_MDV_T_GSL,2040.0,T_D_tkm_mdv_t,ge,0.021826022373110838,,,,,,,,TRPHRMB001
MB,T_MDV_T_GSL,2045.0,T_D_tkm_mdv_t,ge,0.021826022373110838,,,,,,,,TRPHRMB001
NB,T_MDV_T_BEV,2025.0,T_D_tkm_mdv_t,ge,0.021826022373110838,,,,,,,,TRPHRNB001
NB,T_MDV_T_BEV,2030.0,T_D_tkm_mdv_t,ge,0.021826022373110838,,,,,,,,TRPHRNB001
NB,T_MDV_T_BEV,2035.0,T_D_tkm_mdv_t,ge,0.021826022373110838,,,,,,,,TRPHRNB001
NB,T_MDV_T_BEV,2040.0,T_D_tkm_mdv_t,ge,0.021826022373110838,,,,,,,,TRPHRNB001
NB,T_MDV_T_BEV,2045.0,T_D_tkm_mdv_t,ge,0.021826022373110838,,,,,,,,TRPHRNB001
NB,T_MDV_T_DSL,2025.0,T_D_tkm_mdv_t,ge,0.021826022373110838,,,,,,,,TRPHRNB001
NB,T_MDV_T_DSL,2030.0,T_D_tkm_mdv_t,ge,0.021826022373110838,,,,,,,,TRPHRNB001
NB,T_MDV_T_DSL,2035.0,T_D_tkm_mdv_t,ge,0.021826022373110838,,,,,,,,TRPHRNB001
NB,T_MDV_T_DSL,2040.0,T_D_tkm_mdv_t,ge,0.021826022373110838,,,,,,,,TRPHRNB001
NB,T_MDV_T_DSL,2045.0,T_D_tkm_mdv_t,ge,0.021826022373110838,,,,,,,,TRPHRNB001
NB,T_MDV_T_DSL_HEV,2025.0,T_D_tkm_mdv_t,ge,0.021826022373110838,,,,,,,,TRPHRNB001
NB,T_MDV_T_DSL_HEV,2030.0,T_D_tkm_mdv_t,ge,0.021826022373110838,,,,,,,,TRPHRNB001
NB,T_MDV_T_DSL_HEV,2035.0,T_D_tkm_mdv_t,ge,0.021826022373110838,,,,,,,,TRPHRNB001
NB,T_MDV_T_DSL_HEV,2040.0,T_D_tkm_mdv_t,ge,0.021826022373110838,,,,,,,,TRPHRNB001
NB,T_MDV_T_DSL_HEV,2045.0,T_D_tkm_mdv_t,ge,0.021826022373110838,,,,,,,,TRPHRNB001
NB,T_MDV_T_DSL_PHEV,2025.0,T_D_tkm_mdv_t,ge,0.021826022373110838,,,,,,,,TRPHRNB001
NB,T_MDV_T_DSL_PHEV,2030.0,T_D_tkm_mdv_t,ge,0.021826022373110838,,,,,,,,TRPHRNB001
NB,T_MDV_T_DSL_PHEV,2035.0,T_D_tkm_mdv_t,ge,0.021826022373110838,,,,,,,,TRPHRNB001
NB,T_MDV_T_DSL_PHEV,2040.0,T_D_tkm_mdv_t,ge,0.021826022373110838,,,,,,,,TRPHRNB001
NB,T_MDV_T_DSL_PHEV,2045.0,T_D_tkm_mdv_t,ge,0.021826022373110838,,,,,,,,TRPHRNB001
NB,T_MDV_T_FCEV,2025.0,T_D_tkm_mdv_t,ge,0.021826022373110838,,,,,,,,TRPHRNB001
NB,T_MDV_T_FCEV,2030.0,T_D_tkm_mdv_t,ge,0.021826022373110838,,,,,,,,TRPHRNB001
NB,T_MDV_T_FCEV,2035.0,T_D_tkm_mdv_t,ge,0.021826022373110838,,,,,,,,TRPHRNB001
NB,T_MDV_T_FCEV,2040.0,T_D_tkm_mdv_t,ge,0.021826022373110838,,,,,,,,TRPHRNB001
NB,T_MDV_T_FCEV,2045.0,T_D_tkm_mdv_t,ge,0.021826022373110838,,,,,,,,TRPHRNB001
NB,T_MDV_T_FCHEV,2025.0,T_D_tkm_mdv_t,ge,0.021826022373110838,,,,,,,,TRPHRNB001
NB,T_MDV_T_FCHEV,2030.0,T_D_tkm_mdv_t,ge,0.021826022373110838,,,,,,,,TRPHRNB001
NB,T_MDV_T_FCHEV,2035.0,T_D_tkm_mdv_t,ge,0.021826022373110838,,,,,,,,TRPHRNB001
NB,T_MDV_T_FCHEV,2040.0,T_D_tkm_mdv_t,ge,0.021826022373110838,,,,,,,,TRPHRNB001
NB,T_MDV_T_FCHEV,2045.0,T_D_tkm_mdv_t,ge,0.021826022373110838,,,,,,,,TRPHRNB001
NB,T_MDV_T_GSL,2025.0,T_D_tkm_mdv_t,ge,0.021826022373110838,,,,,,,,TRPHRNB001
NB,T_MDV_T_GSL,2030.0,T_D_tkm_mdv_t,ge,0.021826022373110838,,,,,,,,TRPHRNB001
NB,T_MDV_T_GSL,2035.0,T_D_tkm_mdv_t,ge,0.021826022373110838,,,,,,,,TRPHRNB001
NB,T_MDV_T_GSL,2040.0,T_D_tkm_mdv_t,ge,0.021826022373110838,,,,,,,,TRPHRNB001
NB,T_MDV_T_GSL,2045.0,T_D_tkm_mdv_t,ge,0.021826022373110838,,,,,,,,TRPHRNB001
NLLAB,T_MDV_T_BEV,2025.0,T_D_tkm_mdv_t,ge,0.021826022373110838,,,,,,,,TRPHRNLLAB001
NLLAB,T_MDV_T_BEV,2030.0,T_D_tkm_mdv_t,ge,0.021826022373110838,,,,,,,,TRPHRNLLAB001
NLLAB,T_MDV_T_BEV,2035.0,T_D_tkm_mdv_t,ge,0.021826022373110838,,,,,,,,TRPHRNLLAB001
NLLAB,T_MDV_T_BEV,2040.0,T_D_tkm_mdv_t,ge,0.021826022373110838,,,,,,,,TRPHRNLLAB001
NLLAB,T_MDV_T_BEV,2045.0,T_D_tkm_mdv_t,ge,0.021826022373110838,,,,,,,,TRPHRNLLAB001
NLLAB,T_MDV_T_DSL,2025.0,T_D_tkm_mdv_t,ge,0.021826022373110838,,,,,,,,TRPHRNLLAB001
NLLAB,T_MDV_T_DSL,2030.0,T_D_tkm_mdv_t,ge,0.021826022373110838,,,,,,,,TRPHRNLLAB001
NLLAB,T_MDV_T_DSL,2035.0,T_D_tkm_mdv_t,ge,0.021826022373110838,,,,,,,,TRPHRNLLAB001
NLLAB,T_MDV_T_DSL,2040.0,T_D_tkm_mdv_t,ge,0.021826022373110838,,,,,,,,TRPHRNLLAB001
NLLAB,T_MDV_T_DSL,2045.0,T_D_tkm_mdv_t,ge,0.021826022373110838,,,,,,,,TRPHRNLLAB001
NLLAB,T_MDV_T_DSL_HEV,2025.0,T_D_tkm_mdv_t,ge,0.021826022373110838,,,,,,,,TRPHRNLLAB001
NLLAB,T_MDV_T_DSL_HEV,2030.0,T_D_tkm_mdv_t,ge,0.021826022373110838,,,,,,,,TRPHRNLLAB001
NLLAB,T_MDV_T_DSL_HEV,2035.0,T_D_tkm_mdv_t,ge,0.021826022373110838,,,,,,,,TRPHRNLLAB001
NLLAB,T_MDV_T_DSL_HEV,2040.0,T_D_tkm_mdv_t,ge,0.021826022373110838,,,,,,,,TRPHRNLLAB001
NLLAB,T_MDV_T_DSL_HEV,2045.0,T_D_tkm_mdv_t,ge,0.021826022373110838,,,,,,,,TRPHRNLLAB001
NLLAB,T_MDV_T_DSL_PHEV,2025.0,T_D_tkm_mdv_t,ge,0.021826022373110838,,,,,,,,TRPHRNLLAB001
NLLAB,T_MDV_T_DSL_PHEV,2030.0,T_D_tkm_mdv_t,ge,0.021826022373110838,,,,,,,,TRPHRNLLAB001
NLLAB,T_MDV_T_DSL_PHEV,2035.0,T_D_tkm_mdv_t,ge,0.021826022373110838,,,,,,,,TRPHRNLLAB001
NLLAB,T_MDV_T_DSL_PHEV,2040.0,T_D_tkm_mdv_t,ge,0.021826022373110838,,,,,,,,TRPHRNLLAB001
NLLAB,T_MDV_T_DSL_PHEV,2045.0,T_D_tkm_mdv_t,ge,0.021826022373110838,,,,,,,,TRPHRNLLAB001
NLLAB,T_MDV_T_FCEV,2025.0,T_D_tkm_mdv_t,ge,0.021826022373110838,,,,,,,,TRPHRNLLAB001
NLLAB,T_MDV_T_FCEV,2030.0,T_D_tkm_mdv_t,ge,0.021826022373110838,,,,,,,,TRPHRNLLAB001
NLLAB,T_MDV_T_FCEV,2035.0,T_D_tkm_mdv_t,ge,0.021826022373110838,,,,,,,,TRPHRNLLAB001
NLLAB,T_MDV_T_FCEV,2040.0,T_D_tkm_mdv_t,ge,0.021826022373110838,,,,,,,,TRPHRNLLAB001
NLLAB,T_MDV_T_FCEV,2045.0,T_D_tkm_mdv_t,ge,0.021826022373110838,,,,,,,,TRPHRNLLAB001
NLLAB,T_MDV_T_FCHEV,2025.0,T_D_tkm_mdv_t,ge,0.021826022373110838,,,,,,,,TRPHRNLLAB001
NLLAB,T_MDV_T_FCHEV,2030.0,T_D_tkm_mdv_t,ge,0.021826022373110838,,,,,,,,TRPHRNLLAB001
NLLAB,T_MDV_T_FCHEV,2035.0,T_D_tkm_mdv_t,ge,0.021826022373110838,,,,,,,,TRPHRNLLAB001
NLLAB,T_MDV_T_FCHEV,2040.0,T_D_tkm_mdv_t,ge,0.021826022373110838,,,,,,,,TRPHRNLLAB001
NLLAB,T_MDV_T_FCHEV,2045.0,T_D_tkm_mdv_t,ge,0.021826022373110838,,,,,,,,TRPHRNLLAB001
NLLAB,T_MDV_T_GSL,2025.0,T_D_tkm_mdv_t,ge,0.021826022373110838,,,,,,,,TRPHRNLLAB001
NLLAB,T_MDV_T_GSL,2030.0,T_D_tkm_mdv_t,ge,0.021826022373110838,,,,,,,,TRPHRNLLAB001
NLLAB,T_MDV_T_GSL,2035.0,T_D_tkm_mdv_t,ge,0.021826022373110838,,,,,,,,TRPHRNLLAB001
NLLAB,T_MDV_T_GSL,2040.0,T_D_tkm_mdv_t,ge,0.021826022373110838,,,,,,,,TRPHRNLLAB001
NLLAB,T_MDV_T_GSL,2045.0,T_D_tkm_mdv_t,ge,0.021826022373110838,,,,,,,,TRPHRNLLAB001
NS,T_MDV_T_BEV,2025.0,T_D_tkm_mdv_t,ge,0.021826022373110838,,,,,,,,TRPHRNS001
NS,T_MDV_T_BEV,2030.0,T_D_tkm_mdv_t,ge,0.021826022373110838,,,,,,,,TRPHRNS001
NS,T_MDV_T_BEV,2035.0,T_D_tkm_mdv_t,ge,0.021826022373110838,,,,,,,,TRPHRNS001
NS,T_MDV_T_BEV,2040.0,T_D_tkm_mdv_t,ge,0.021826022373110838,,,,,,,,TRPHRNS001
NS,T_MDV_T_BEV,2045.0,T_D_tkm_mdv_t,ge,0.021826022373110838,,,,,,,,TRPHRNS001
NS,T_MDV_T_DSL,2025.0,T_D_tkm_mdv_t,ge,0.021826022373110838,,,,,,,,TRPHRNS001
NS,T_MDV_T_DSL,2030.0,T_D_tkm_mdv_t,ge,0.021826022373110838,,,,,,,,TRPHRNS001
NS,T_MDV_T_DSL,2035.0,T_D_tkm_mdv_t,ge,0.021826022373110838,,,,,,,,TRPHRNS001
NS,T_MDV_T_DSL,2040.0,T_D_tkm_mdv_t,ge,0.021826022373110838,,,,,,,,TRPHRNS001
NS,T_MDV_T_DSL,2045.0,T_D_tkm_mdv_t,ge,0.021826022373110838,,,,,,,,TRPHRNS001
NS,T_MDV_T_DSL_HEV,2025.0,T_D_tkm_mdv_t,ge,0.021826022373110838,,,,,,,,TRPHRNS001
NS,T_MDV_T_DSL_HEV,2030.0,T_D_tkm_mdv_t,ge,0.021826022373110838,,,,,,,,TRPHRNS001
NS,T_MDV_T_DSL_HEV,2035.0,T_D_tkm_mdv_t,ge,0.021826022373110838,,,,,,,,TRPHRNS001
NS,T_MDV_T_DSL_HEV,2040.0,T_D_tkm_mdv_t,ge,0.021826022373110838,,,,,,,,TRPHRNS001
NS,T_MDV_T_DSL_HEV,2045.0,T_D_tkm_mdv_t,ge,0.021826022373110838,,,,,,,,TRPHRNS001
NS,T_MDV_T_DSL_PHEV,2025.0,T_D_tkm_mdv_t,ge,0.021826022373110838,,,,,,,,TRPHRNS001
NS,T_MDV_T_DSL_PHEV,2030.0,T_D_tkm_mdv_t,ge,0.021826022373110838,,,,,,,,TRPHRNS001
NS,T_MDV_T_DSL_PHEV,2035.0,T_D_tkm_mdv_t,ge,0.021826022373110838,,,,,,,,TRPHRNS001
NS,T_MDV_T_DSL_PHEV,2040.0,T_D_tkm_mdv_t,ge,0.021826022373110838,,,,,,,,TRPHRNS001
NS,T_MDV_T_DSL_PHEV,2045.0,T_D_tkm_mdv_t,ge,0.021826022373110838,,,,,,,,TRPHRNS001
NS,T_MDV_T_FCEV,2025.0,T_D_tkm_mdv_t,ge,0.021826022373110838,,,,,,,,TRPHRNS001
NS,T_MDV_T_FCEV,2030.0,T_D_tkm_mdv_t,ge,0.021826022373110838,,,,,,,,TRPHRNS001
NS,T_MDV_T_FCEV,2035.0,T_D_tkm_mdv_t,ge,0.021826022373110838,,,,,,,,TRPHRNS001
NS,T_MDV_T_FCEV,2040.0,T_D_tkm_mdv_t,ge,0.021826022373110838,,,,,,,,TRPHRNS001
NS,T_MDV_T_FCEV,2045.0,T_D_tkm_mdv_t,ge,0.021826022373110838,,,,,,,,TRPHRNS001
NS,T_MDV_T_FCHEV,2025.0,T_D_tkm_mdv_t,ge,0.021826022373110838,,,,,,,,TRPHRNS001
NS,T_MDV_T_FCHEV,2030.0,T_D_tkm_mdv_t,ge,0.021826022373110838,,,,,,,,TRPHRNS001
NS,T_MDV_T_FCHEV,2035.0,T_D_tkm_mdv_t,ge,0.021826022373110838,,,,,,,,TRPHRNS001
NS,T_MDV_T_FCHEV,2040.0,T_D_tkm_mdv_t,ge,0.021826022373110838,,,,,,,,TRPHRNS001
NS,T_MDV_T_FCHEV,2045.0,T_D_tkm_mdv_t,ge,0.021826022373110838,,,,,,,,TRPHRNS001
NS,T_MDV_T_GSL,2025.0,T_D_tkm_mdv_t,ge,0.021826022373110838,,,,,,,,TRPHRNS001
NS,T_MDV_T_GSL,2030.0,T_D_tkm_mdv_t,ge,0.021826022373110838,,,,,,,,TRPHRNS001
NS,T_MDV_T_GSL,2035.0,T_D_tkm_mdv_t,ge,0.021826022373110838,,,,,,,,TRPHRNS001
NS,T_MDV_T_GSL,2040.0,T_D_tkm_mdv_t,ge,0.021826022373110838,,,,,,,,TRPHRNS001
NS,T_MDV_T_GSL,2045.0,T_D_tkm_mdv_t,ge,0.021826022373110838,,,,,,,,TRPHRNS001
ON,T_MDV_T_BEV,2025.0,T_D_tkm_mdv_t,ge,0.021826022373110838,,,,,,,,TRPHRON001
ON,T_MDV_T_BEV,2030.0,T_D_tkm_mdv_t,ge,0.021826022373110838,,,,,,,,TRPHRON001
ON,T_MDV_T_BEV,2035.0,T_D_tkm_mdv_t,ge,0.021826022373110838,,,,,,,,TRPHRON001
ON,T_MDV_T_BEV,2040.0,T_D_tkm_mdv_t,ge,0.021826022373110838,,,,,,,,TRPHRON001
ON,T_MDV_T_BEV,2045.0,T_D_tkm_mdv_t,ge,0.021826022373110838,,,,,,,,TRPHRON001
ON,T_MDV_T_DSL,2025.0,T_D_tkm_mdv_t,ge,0.021826022373110838,,,,,,,,TRPHRON001
ON,T_MDV_T_DSL,2030.0,T_D_tkm_mdv_t,ge,0.021826022373110838,,,,,,,,TRPHRON001
ON,T_MDV_T_DSL,2035.0,T_D_tkm_mdv_t,ge,0.021826022373110838,,,,,,,,TRPHRON001
ON,T_MDV_T_DSL,2040.0,T_D_tkm_mdv_t,ge,0.021826022373110838,,,,,,,,TRPHRON001
ON,T_MDV_T_DSL,2045.0,T_D_tkm_mdv_t,ge,0.021826022373110838,,,,,,,,TRPHRON001
ON,T_MDV_T_DSL_HEV,2025.0,T_D_tkm_mdv_t,ge,0.021826022373110838,,,,,,,,TRPHRON001
ON,T_MDV_T_DSL_HEV,2030.0,T_D_tkm_mdv_t,ge,0.021826022373110838,,,,,,,,TRPHRON001
ON,T_MDV_T_DSL_HEV,2035.0,T_D_tkm_mdv_t,ge,0.021826022373110838,,,,,,,,TRPHRON001
ON,T_MDV_T_DSL_HEV,2040.0,T_D_tkm_mdv_t,ge,0.021826022373110838,,,,,,,,TRPHRON001
ON,T_MDV_T_DSL_HEV,2045.0,T_D_tkm_mdv_t,ge,0.021826022373110838,,,,,,,,TRPHRON001
ON,T_MDV_T_DSL_PHEV,2025.0,T_D_tkm_mdv_t,ge,0.021826022373110838,,,,,,,,TRPHRON001
ON,T_MDV_T_DSL_PHEV,2030.0,T_D_tkm_mdv_t,ge,0.021826022373110838,,,,,,,,TRPHRON001
ON,T_MDV_T_DSL_PHEV,2035.0,T_D_tkm_mdv_t,ge,0.021826022373110838,,,,,,,,TRPHRON001
ON,T_MDV_T_DSL_PHEV,2040.0,T_D_tkm_mdv_t,ge,0.021826022373110838,,,,,,,,TRPHRON001
ON,T_MDV_T_DSL_PHEV,2045.0,T_D_tkm_mdv_t,ge,0.021826022373110838,,,,,,,,TRPHRON001
ON,T_MDV_T_FCEV,2025.0,T_D_tkm_mdv_t,ge,0.021826022373110838,,,,,,,,TRPHRON001
ON,T_MDV_T_FCEV,2030.0,T_D_tkm_mdv_t,ge,0.021826022373110838,,,,,,,,TRPHRON001
ON,T_MDV_T_FCEV,2035.0,T_D_tkm_mdv_t,ge,0.021826022373110838,,,,,,,,TRPHRON001
ON,T_MDV_T_FCEV,2040.0,T_D_tkm_mdv_t,ge,0.021826022373110838,,,,,,,,TRPHRON001
ON,T_MDV_T_FCEV,2045.0,T_D_tkm_mdv_t,ge,0.021826022373110838,,,,,,,,TRPHRON001
ON,T_MDV_T_FCHEV,2025.0,T_D_tkm_mdv_t,ge,0.021826022373110838,,,,,,,,TRPHRON001
ON,T_MDV_T_FCHEV,2030.0,T_D_tkm_mdv_t,ge,0.021826022373110838,,,,,,,,TRPHRON001
ON,T_MDV_T_FCHEV,2035.0,T_D_tkm_mdv_t,ge,0.021826022373110838,,,,,,,,TRPHRON001
ON,T_MDV_T_FCHEV,2040.0,T_D_tkm_mdv_t,ge,0.021826022373110838,,,,,,,,TRPHRON001
ON,T_MDV_T_FCHEV,2045.0,T_D_tkm_mdv_t,ge,0.021826022373110838,,,,,,,,TRPHRON001
ON,T_MDV_T_GSL,2025.0,T_D_tkm_mdv_t,ge,0.021826022373110838,,,,,,,,TRPHRON001
ON,T_MDV_T_GSL,2030.0,T_D_tkm_mdv_t,ge,0.021826022373110838,,,,,,,,TRPHRON001
ON,T_MDV_T_GSL,2035.0,T_D_tkm_mdv_t,ge,0.021826022373110838,,,,,,,,TRPHRON001
ON,T_MDV_T_GSL,2040.0,T_D_tkm_mdv_t,ge,0.021826022373110838,,,,,,,,TRPHRON001
ON,T_MDV_T_GSL,2045.0,T_D_tkm_mdv_t,ge,0.021826022373110838,,,,,,,,TRPHRON001
PEI,T_MDV_T_BEV,2025.0,T_D_tkm_mdv_t,ge,0.021826022373110838,,,,,,,,TRPHRPEI001
PEI,T_MDV_T_BEV,2030.0,T_D_tkm_mdv_t,ge,0.021826022373110838,,,,,,,,TRPHRPEI001
PEI,T_MDV_T_BEV,2035.0,T_D_tkm_mdv_t,ge,0.021826022373110838,,,,,,,,TRPHRPEI001
PEI,T_MDV_T_BEV,2040.0,T_D_tkm_mdv_t,ge,0.021826022373110838,,,,,,,,TRPHRPEI001
PEI,T_MDV_T_BEV,2045.0,T_D_tkm_mdv_t,ge,0.021826022373110838,,,,,,,,TRPHRPEI001
PEI,T_MDV_T_DSL,2025.0,T_D_tkm_mdv_t,ge,0.021826022373110838,,,,,,,,TRPHRPEI001
PEI,T_MDV_T_DSL,2030.0,T_D_tkm_mdv_t,ge,0.021826022373110838,,,,,,,,TRPHRPEI001
PEI,T_MDV_T_DSL,2035.0,T_D_tkm_mdv_t,ge,0.021826022373110838,,,,,,,,TRPHRPEI001
PEI,T_MDV_T_DSL,2040.0,T_D_tkm_mdv_t,ge,0.021826022373110838,,,,,,,,TRPHRPEI001
PEI,T_MDV_T_DSL,2045.0,T_D_tkm_mdv_t,ge,0.021826022373110838,,,,,,,,TRPHRPEI001
PEI,T_MDV_T_DSL_HEV,2025.0,T_D_tkm_mdv_t,ge,0.021826022373110838,,,,,,,,TRPHRPEI001
PEI,T_MDV_T_DSL_HEV,2030.0,T_D_tkm_mdv_t,ge,0.021826022373110838,,,,,,,,TRPHRPEI001
PEI,T_MDV_T_DSL_HEV,2035.0,T_D_tkm_mdv_t,ge,0.021826022373110838,,,,,,,,TRPHRPEI001
PEI,T_MDV_T_DSL_HEV,2040.0,T_D_tkm_mdv_t,ge,0.021826022373110838,,,,,,,,TRPHRPEI001
PEI,T_MDV_T_DSL_HEV,2045.0,T_D_tkm_mdv_t,ge,0.021826022373110838,,,,,,,,TRPHRPEI001
PEI,T_MDV_T_DSL_PHEV,2025.0,T_D_tkm_mdv_t,ge,0.021826022373110838,,,,,,,,TRPHRPEI001
PEI,T_MDV_T_DSL_PHEV,2030.0,T_D_tkm_mdv_t,ge,0.021826022373110838,,,,,,,,TRPHRPEI001
PEI,T_MDV_T_DSL_PHEV,2035.0,T_D_tkm_mdv_t,ge,0.021826022373110838,,,,,,,,TRPHRPEI001
PEI,T_MDV_T_DSL_PHEV,2040.0,T_D_tkm_mdv_t,ge,0.021826022373110838,,,,,,,,TRPHRPEI001
PEI,T_MDV_T_DSL_PHEV,2045.0,T_D_tkm_mdv_t,ge,0.021826022373110838,,,,,,,,TRPHRPEI001
PEI,T_MDV_T_FCEV,2025.0,T_D_tkm_mdv_t,ge,0.021826022373110838,,,,,,,,TRPHRPEI001
PEI,T_MDV_T_FCEV,2030.0,T_D_tkm_mdv_t,ge,0.021826022373110838,,,,,,,,TRPHRPEI001
PEI,T_MDV_T_FCEV,2035.0,T_D_tkm_mdv_t,ge,0.021826022373110838,,,,,,,,TRPHRPEI001
PEI,T_MDV_T_FCEV,2040.0,T_D_tkm_mdv_t,ge,0.021826022373110838,,,,,,,,TRPHRPEI001
PEI,T_MDV_T_FCEV,2045.0,T_D_tkm_mdv_t,ge,0.021826022373110838,,,,,,,,TRPHRPEI001
PEI,T_MDV_T_FCHEV,2025.0,T_D_tkm_mdv_t,ge,0.021826022373110838,,,,,,,,TRPHRPEI001
PEI,T_MDV_T_FCHEV,2030.0,T_D_tkm_mdv_t,ge,0.021826022373110838,,,,,,,,TRPHRPEI001
PEI,T_MDV_T_FCHEV,2035.0,T_D_tkm_mdv_t,ge,0.021826022373110838,,,,,,,,TRPHRPEI001
PEI,T_MDV_T_FCHEV,2040.0,T_D_tkm_mdv_t,ge,0.021826022373110838,,,,,,,,TRPHRPEI001
PEI,T_MDV_T_FCHEV,2045.0,T_D_tkm_mdv_t,ge,0.021826022373110838,,,,,,,,TRPHRPEI001
PEI,T_MDV_T_GSL,2025.0,T_D_tkm_mdv_t,ge,0.021826022373110838,,,,,,,,TRPHRPEI001
PEI,T_MDV_T_GSL,2030.0,T_D_tkm_mdv_t,ge,0.021826022373110838,,,,,,,,TRPHRPEI001
PEI,T_MDV_T_GSL,2035.0,T_D_tkm_mdv_t,ge,0.021826022373110838,,,,,,,,TRPHRPEI001
PEI,T_MDV_T_GSL,2040.0,T_D_tkm_mdv_t,ge,0.021826022373110838,,,,,,,,TRPHRPEI001
PEI,T_MDV_T_GSL,2045.0,T_D_tkm_mdv_t,ge,0.021826022373110838,,,,,,,,TRPHRPEI001
QC,T_MDV_T_BEV,2025.0,T_D_tkm_mdv_t,ge,0.021826022373110838,,,,,,,,TRPHRQC001
QC,T_MDV_T_BEV,2030.0,T_D_tkm_mdv_t,ge,0.021826022373110838,,,,,,,,TRPHRQC001
QC,T_MDV_T_BEV,2035.0,T_D_tkm_mdv_t,ge,0.021826022373110838,,,,,,,,TRPHRQC001
QC,T_MDV_T_BEV,2040.0,T_D_tkm_mdv_t,ge,0.021826022373110838,,,,,,,,TRPHRQC001
QC,T_MDV_T_BEV,2045.0,T_D_tkm_mdv_t,ge,0.021826022373110838,,,,,,,,TRPHRQC001
QC,T_MDV_T_DSL,2025.0,T_D_tkm_mdv_t,ge,0.021826022373110838,,,,,,,,TRPHRQC001
QC,T_MDV_T_DSL,2030.0,T_D_tkm_mdv_t,ge,0.021826022373110838,,,,,,,,TRPHRQC001
QC,T_MDV_T_DSL,2035.0,T_D_tkm_mdv_t,ge,0.021826022373110838,,,,,,,,TRPHRQC001
QC,T_MDV_T_DSL,2040.0,T_D_tkm_mdv_t,ge,0.021826022373110838,,,,,,,,TRPHRQC001
QC,T_MDV_T_DSL,2045.0,T_D_tkm_mdv_t,ge,0.021826022373110838,,,,,,,,TRPHRQC001
QC,T_MDV_T_DSL_HEV,2025.0,T_D_tkm_mdv_t,ge,0.021826022373110838,,,,,,,,TRPHRQC001
QC,T_MDV_T_DSL_HEV,2030.0,T_D_tkm_mdv_t,ge,0.021826022373110838,,,,,,,,TRPHRQC001
QC,T_MDV_T_DSL_HEV,2035.0,T_D_tkm_mdv_t,ge,0.021826022373110838,,,,,,,,TRPHRQC001
QC,T_MDV_T_DSL_HEV,2040.0,T_D_tkm_mdv_t,ge,0.021826022373110838,,,,,,,,TRPHRQC001
QC,T_MDV_T_DSL_HEV,2045.0,T_D_tkm_mdv_t,ge,0.021826022373110838,,,,,,,,TRPHRQC001
QC,T_MDV_T_DSL_PHEV,2025.0,T_D_tkm_mdv_t,ge,0.021826022373110838,,,,,,,,TRPHRQC001
QC,T_MDV_T_DSL_PHEV,2030.0,T_D_tkm_mdv_t,ge,0.021826022373110838,,,,,,,,TRPHRQC001
QC,T_MDV_T_DSL_PHEV,2035.0,T_D_tkm_mdv_t,ge,0.021826022373110838,,,,,,,,TRPHRQC001
QC,T_MDV_T_DSL_PHEV,2040.0,T_D_tkm_mdv_t,ge,0.021826022373110838,,,,,,,,TRPHRQC001
QC,T_MDV_T_DSL_PHEV,2045.0,T_D_tkm_mdv_t,ge,0.021826022373110838,,,,,,,,TRPHRQC001
QC,T_MDV_T_FCEV,2025.0,T_D_tkm_mdv_t,ge,0.021826022373110838,,,,,,,,TRPHRQC001
QC,T_MDV_T_FCEV,2030.0,T_D_tkm_mdv_t,ge,0.021826022373110838,,,,,,,,TRPHRQC001
QC,T_MDV_T_FCEV,2035.0,T_D_tkm_mdv_t,ge,0.021826022373110838,,,,,,,,TRPHRQC001
QC,T_MDV_T_FCEV,2040.0,T_D_tkm_mdv_t,ge,0.021826022373110838,,,,,,,,TRPHRQC001
QC,T_MDV_T_FCEV,2045.0,T_D_tkm_mdv_t,ge,0.021826022373110838,,,,,,,,TRPHRQC001
QC,T_MDV_T_FCHEV,2025.0,T_D_tkm_mdv_t,ge,0.021826022373110838,,,,,,,,TRPHRQC001
QC,T_MDV_T_FCHEV,2030.0,T_D_tkm_mdv_t,ge,0.021826022373110838,,,,,,,,TRPHRQC001
QC,T_MDV_T_FCHEV,2035.0,T_D_tkm_mdv_t,ge,0.021826022373110838,,,,,,,,TRPHRQC001
QC,T_MDV_T_FCHEV,2040.0,T_D_tkm_mdv_t,ge,0.021826022373110838,,,,,,,,TRPHRQC001
QC,T_MDV_T_FCHEV,2045.0,T_D_tkm_mdv_t,ge,0.021826022373110838,,,,,,,,TRPHRQC001
QC,T_MDV_T_GSL,2025.0,T_D_tkm_mdv_t,ge,0.021826022373110838,,,,,,,,TRPHRQC001
QC,T_MDV_T_GSL,2030.0,T_D_tkm_mdv_t,ge,0.021826022373110838,,,,,,,,TRPHRQC001
QC,T_MDV_T_GSL,2035.0,T_D_tkm_mdv_t,ge,0.021826022373110838,,,,,,,,TRPHRQC001
QC,T_MDV_T_GSL,2040.0,T_D_tkm_mdv_t,ge,0.021826022373110838,,,,,,,,TRPHRQC001
QC,T_MDV_T_GSL,2045.0,T_D_tkm_mdv_t,ge,0.021826022373110838,,,,,,,,TRPHRQC001
SK,T_MDV_T_BEV,2025.0,T_D_tkm_mdv_t,ge,0.021826022373110838,,,,,,,,TRPHRSK001
SK,T_MDV_T_BEV,2030.0,T_D_tkm_mdv_t,ge,0.021826022373110838,,,,,,,,TRPHRSK001
SK,T_MDV_T_BEV,2035.0,T_D_tkm_mdv_t,ge,0.021826022373110838,,,,,,,,TRPHRSK001
SK,T_MDV_T_BEV,2040.0,T_D_tkm_mdv_t,ge,0.021826022373110838,,,,,,,,TRPHRSK001
SK,T_MDV_T_BEV,2045.0,T_D_tkm_mdv_t,ge,0.021826022373110838,,,,,,,,TRPHRSK001
SK,T_MDV_T_DSL,2025.0,T_D_tkm_mdv_t,ge,0.021826022373110838,,,,,,,,TRPHRSK001
SK,T_MDV_T_DSL,2030.0,T_D_tkm_mdv_t,ge,0.021826022373110838,,,,,,,,TRPHRSK001
SK,T_MDV_T_DSL,2035.0,T_D_tkm_mdv_t,ge,0.021826022373110838,,,,,,,,TRPHRSK001
SK,T_MDV_T_DSL,2040.0,T_D_tkm_mdv_t,ge,0.021826022373110838,,,,,,,,TRPHRSK001
SK,T_MDV_T_DSL,2045.0,T_D_tkm_mdv_t,ge,0.021826022373110838,,,,,,,,TRPHRSK001
SK,T_MDV_T_DSL_HEV,2025.0,T_D_tkm_mdv_t,ge,0.021826022373110838,,,,,,,,TRPHRSK001
SK,T_MDV_T_DSL_HEV,2030.0,T_D_tkm_mdv_t,ge,0.021826022373110838,,,,,,,,TRPHRSK001
SK,T_MDV_T_DSL_HEV,2035.0,T_D_tkm_mdv_t,ge,0.021826022373110838,,,,,,,,TRPHRSK001
SK,T_MDV_T_DSL_HEV,2040.0,T_D_tkm_mdv_t,ge,0.021826022373110838,,,,,,,,TRPHRSK001
SK,T_MDV_T_DSL_HEV,2045.0,T_D_tkm_mdv_t,ge,0.021826022373110838,,,,,,,,TRPHRSK001
SK,T_MDV_T_DSL_PHEV,2025.0,T_D_tkm_mdv_t,ge,0.021826022373110838,,,,,,,,TRPHRSK001
SK,T_MDV_T_DSL_PHEV,2030.0,T_D_tkm_mdv_t,ge,0.021826022373110838,,,,,,,,TRPHRSK001
SK,T_MDV_T_DSL_PHEV,2035.0,T_D_tkm_mdv_t,ge,0.021826022373110838,,,,,,,,TRPHRSK001
SK,T_MDV_T_DSL_PHEV,2040.0,T_D_tkm_mdv_t,ge,0.021826022373110838,,,,,,,,TRPHRSK001
SK,T_MDV_T_DSL_PHEV,2045.0,T_D_tkm_mdv_t,ge,0.021826022373110838,,,,,,,,TRPHRSK001
SK,T_MDV_T_FCEV,2025.0,T_D_tkm_mdv_t,ge,0.021826022373110838,,,,,,,,TRPHRSK001
SK,T_MDV_T_FCEV,2030.0,T_D_tkm_mdv_t,ge,0.021826022373110838,,,,,,,,TRPHRSK001
SK,T_MDV_T_FCEV,2035.0,T_D_tkm_mdv_t,ge,0.021826022373110838,,,,,,,,TRPHRSK001
SK,T_MDV_T_FCEV,2040.0,T_D_tkm_mdv_t,ge,0.021826022373110838,,,,,,,,TRPHRSK001
SK,T_MDV_T_FCEV,2045.0,T_D_tkm_mdv_t,ge,0.021826022373110838,,,,,,,,TRPHRSK001
SK,T_MDV_T_FCHEV,2025.0,T_D_tkm_mdv_t,ge,0.021826022373110838,,,,,,,,TRPHRSK001
SK,T_MDV_T_FCHEV,2030.0,T_D_tkm_mdv_t,ge,0.021826022373110838,,,,,,,,TRPHRSK001
SK,T_MDV_T_FCHEV,2035.0,T_D_tkm_mdv_t,ge,0.021826022373110838,,,,,,,,TRPHRSK001
SK,T_MDV_T_FCHEV,2040.0,T_D_tkm_mdv_t,ge,0.021826022373110838,,,,,,,,TRPHRSK001
SK,T_MDV_T_FCHEV,2045.0,T_D_tkm_mdv_t,ge,0.021826022373110838,,,,,,,,TRPHRSK001
SK,T_MDV_T_GSL,2025.0,T_D_tkm_mdv_t,ge,0.021826022373110838,,,,,,,,TRPHRSK001
SK,T_MDV_T_GSL,2030.0,T_D_tkm_mdv_t,ge,0.021826022373110838,,,,,,,,TRPHRSK001
SK,T_MDV_T_GSL,2035.0,T_D_tkm_mdv_t,ge,0.021826022373110838,,,,,,,,TRPHRSK001
SK,T_MDV_T_GSL,2040.0,T_D_tkm_mdv_t,ge,0.021826022373110838,,,,,,,,TRPHRSK001
SK,T_MDV_T_GSL,2045.0,T_D_tkm_mdv_t,ge,0.021826022373110838,,,,,,,,TRPHRSK001
