tech,vintage,fraction,notes,period,region
T_LDV_C_BEV150_EX,2015,1,From MOVES5,2015,ON
T_LDV_C_BEV150_EX,2015,0.997,From MOVES5,2016,ON
T_LDV_C_BEV150_EX,2015,0.994009,From MOVES5,2017,ON
T_LDV_C_BEV150_EX,2015,0.991026973,From MOVES5,2018,ON
T_LDV_C_BEV150_EX,2015,0.984089784,From MOVES5,2019,ON
T_LDV_C_BEV150_EX,2015,0.974248886,From MOVES5,2020,ON
T_LDV_C_BEV150_EX,2015,0.960609402,From MOVES5,2021,ON
T_LDV_C_BEV150_EX,2015,0.942357823,From MOVES5,2022,ON
T_LDV_C_BEV150_EX,2015,0.919741236,From MOVES5,2023,ON
T_LDV_C_BEV150_EX,2015,0.89306874,From MOVES5,2024,ON
T_LDV_C_BEV150_EX,2015,0.861811334,From MOVES5,2025,ON
T_LDV_C_BEV150_EX,2015,0.826477069,From MOVES5,2026,ON
T_LDV_C_BEV150_EX,2015,0.787632647,From MOVES5,2027,ON
T_LDV_C_BEV150_EX,2015,0.718320974,From MOVES5,2028,ON
T_LDV_C_BEV150_EX,2015,0.613446112,From MOVES5,2029,ON
T_LDV_C_BEV150_EX,2015,0.510387165,From MOVES5,2030,ON
T_LDV_C_BEV150_EX,2015,0.414944765,From MOVES5,2031,ON
T_LDV_C_BEV150_EX,2015,0.331540867,From MOVES5,2032,ON
T_LDV_C_BEV150_EX,2015,0.260922663,From MOVES5,2033,ON
T_LDV_C_BEV150_EX,2015,0.203258754,From MOVES5,2034,ON
T_LDV_C_BEV150_EX,2015,0.156915758,From MOVES5,2035,ON
T_LDV_C_BEV150_EX,2015,0.120354387,From MOVES5,2036,ON
T_LDV_C_BEV150_EX,2015,0.091830397,From MOVES5,2037,ON
T_LDV_C_BEV150_EX,2015,0.069791102,From MOVES5,2038,ON
T_LDV_C_BEV150_EX,2015,0.052831864,From MOVES5,2039,ON
T_LDV_C_BEV150_EX,2015,0.039993721,From MOVES5,2040,ON
T_LDV_C_BEV150_EX,2015,0.030155266,From MOVES5,2041,ON
T_LDV_C_BEV150_EX,2015,0.02273707,From MOVES5,2042,ON
T_LDV_C_BEV150_EX,2015,0.012891919,From MOVES5,2043,ON
T_LDV_C_BEV150_EX,2015,0.009694723,From MOVES5,2044,ON
T_LDV_C_BEV150_EX,2015,0.007290432,From MOVES5,2045,ON
T_LDV_C_BEV150_EX,2015,0.005475114,From MOVES5,2046,ON
T_LDV_C_BEV150_EX,2015,0.004106336,From MOVES5,2047,ON
T_LDV_C_BEV150_EX,2015,0.003079752,From MOVES5,2048,ON
T_LDV_C_BEV150_EX,2015,0.002306734,From MOVES5,2049,ON
T_LDV_C_BEV150_EX,2015,0.001725437,From MOVES5,2050,ON
T_LDV_C_BEV150_EX,2015,0.001288901,From MOVES5,2051,ON
T_LDV_C_BEV150_EX,2015,0.000961521,From MOVES5,2052,ON
T_LDV_C_BEV150_EX,2015,0.000717294,From MOVES5,2053,ON
T_LDV_C_BEV150_EX,2015,0.000534384,From MOVES5,2054,ON
T_LDV_C_BEV150_EX,2015,0.000397582,From MOVES5,2055,ON
T_LDV_C_BEV150_EX,2015,0.000295403,From MOVES5,2056,ON
T_LDV_C_BEV150_EX,2015,0,From MOVES5,2057,ON
T_LDV_C_BEV150_EX,2020,1,From MOVES5,2020,ON
T_LDV_C_BEV150_EX,2020,0.997,From MOVES5,2021,ON
T_LDV_C_BEV150_EX,2020,0.994009,From MOVES5,2022,ON
T_LDV_C_BEV150_EX,2020,0.991026973,From MOVES5,2023,ON
T_LDV_C_BEV150_EX,2020,0.984089784,From MOVES5,2024,ON
T_LDV_C_BEV150_EX,2020,0.974248886,From MOVES5,2025,ON
T_LDV_C_BEV150_EX,2020,0.960609402,From MOVES5,2026,ON
T_LDV_C_BEV150_EX,2020,0.942357823,From MOVES5,2027,ON
T_LDV_C_BEV150_EX,2020,0.919741236,From MOVES5,2028,ON
T_LDV_C_BEV150_EX,2020,0.89306874,From MOVES5,2029,ON
T_LDV_C_BEV150_EX,2020,0.861811334,From MOVES5,2030,ON
T_LDV_C_BEV150_EX,2020,0.826477069,From MOVES5,2031,ON
T_LDV_C_BEV150_EX,2020,0.787632647,From MOVES5,2032,ON
T_LDV_C_BEV150_EX,2020,0.718320974,From MOVES5,2033,ON
T_LDV_C_BEV150_EX,2020,0.613446112,From MOVES5,2034,ON
T_LDV_C_BEV150_EX,2020,0.510387165,From MOVES5,2035,ON
T_LDV_C_BEV150_EX,2020,0.414944765,From MOVES5,2036,ON
T_LDV_C_BEV150_EX,2020,0.331540867,From MOVES5,2037,ON
T_LDV_C_BEV150_EX,2020,0.260922663,From MOVES5,2038,ON
T_LDV_C_BEV150_EX,2020,0.203258754,From MOVES5,2039,ON
T_LDV_C_BEV150_EX,2020,0.156915758,From MOVES5,2040,ON
T_LDV_C_BEV150_EX,2020,0.120354387,From MOVES5,2041,ON
T_LDV_C_BEV150_EX,2020,0.091830397,From MOVES5,2042,ON
T_LDV_C_BEV150_EX,2020,0.069791102,From MOVES5,2043,ON
T_LDV_C_BEV150_EX,2020,0.052831864,From MOVES5,2044,ON
T_LDV_C_BEV150_EX,2020,0.039993721,From MOVES5,2045,ON
T_LDV_C_BEV150_EX,2020,0.030155266,From MOVES5,2046,ON
T_LDV_C_BEV150_EX,2020,0.02273707,From MOVES5,2047,ON
T_LDV_C_BEV150_EX,2020,0.012891919,From MOVES5,2048,ON
T_LDV_C_BEV150_EX,2020,0.009694723,From MOVES5,2049,ON
T_LDV_C_BEV150_EX,2020,0.007290432,From MOVES5,2050,ON
T_LDV_C_BEV150_EX,2020,0.005475114,From MOVES5,2051,ON
T_LDV_C_BEV150_EX,2020,0.004106336,From MOVES5,2052,ON
T_LDV_C_BEV150_EX,2020,0.003079752,From MOVES5,2053,ON
T_LDV_C_BEV150_EX,2020,0.002306734,From MOVES5,2054,ON
T_LDV_C_BEV150_EX,2020,0.001725437,From MOVES5,2055,ON
T_LDV_C_BEV150_EX,2020,0.001288901,From MOVES5,2056,ON
T_LDV_C_BEV150_EX,2020,0.000961521,From MOVES5,2057,ON
T_LDV_C_BEV150_EX,2020,0.000717294,From MOVES5,2058,ON
T_LDV_C_BEV150_EX,2020,0.000534384,From MOVES5,2059,ON
T_LDV_C_BEV150_EX,2020,0.000397582,From MOVES5,2060,ON
T_LDV_C_BEV150_EX,2020,0.000295403,From MOVES5,2061,ON
T_LDV_C_BEV150_EX,2020,0,From MOVES5,2062,ON
T_LDV_C_BEV150_N,2025,1,From MOVES5,2025,ON
T_LDV_C_BEV150_N,2025,0.997,From MOVES5,2026,ON
T_LDV_C_BEV150_N,2025,0.994009,From MOVES5,2027,ON
T_LDV_C_BEV150_N,2025,0.991026973,From MOVES5,2028,ON
T_LDV_C_BEV150_N,2025,0.984089784,From MOVES5,2029,ON
T_LDV_C_BEV150_N,2025,0.974248886,From MOVES5,2030,ON
T_LDV_C_BEV150_N,2025,0.960609402,From MOVES5,2031,ON
T_LDV_C_BEV150_N,2025,0.942357823,From MOVES5,2032,ON
T_LDV_C_BEV150_N,2025,0.919741236,From MOVES5,2033,ON
T_LDV_C_BEV150_N,2025,0.89306874,From MOVES5,2034,ON
T_LDV_C_BEV150_N,2025,0.861811334,From MOVES5,2035,ON
T_LDV_C_BEV150_N,2025,0.826477069,From MOVES5,2036,ON
T_LDV_C_BEV150_N,2025,0.787632647,From MOVES5,2037,ON
T_LDV_C_BEV150_N,2025,0.718320974,From MOVES5,2038,ON
T_LDV_C_BEV150_N,2025,0.613446112,From MOVES5,2039,ON
T_LDV_C_BEV150_N,2025,0.510387165,From MOVES5,2040,ON
T_LDV_C_BEV150_N,2025,0.414944765,From MOVES5,2041,ON
T_LDV_C_BEV150_N,2025,0.331540867,From MOVES5,2042,ON
T_LDV_C_BEV150_N,2025,0.260922663,From MOVES5,2043,ON
T_LDV_C_BEV150_N,2025,0.203258754,From MOVES5,2044,ON
T_LDV_C_BEV150_N,2025,0.156915758,From MOVES5,2045,ON
T_LDV_C_BEV150_N,2025,0.120354387,From MOVES5,2046,ON
T_LDV_C_BEV150_N,2025,0.091830397,From MOVES5,2047,ON
T_LDV_C_BEV150_N,2025,0.069791102,From MOVES5,2048,ON
T_LDV_C_BEV150_N,2025,0.052831864,From MOVES5,2049,ON
T_LDV_C_BEV150_N,2025,0.039993721,From MOVES5,2050,ON
T_LDV_C_BEV150_N,2025,0.030155266,From MOVES5,2051,ON
T_LDV_C_BEV150_N,2025,0.02273707,From MOVES5,2052,ON
T_LDV_C_BEV150_N,2025,0.012891919,From MOVES5,2053,ON
T_LDV_C_BEV150_N,2025,0.009694723,From MOVES5,2054,ON
T_LDV_C_BEV150_N,2025,0.007290432,From MOVES5,2055,ON
T_LDV_C_BEV150_N,2025,0.005475114,From MOVES5,2056,ON
T_LDV_C_BEV150_N,2025,0.004106336,From MOVES5,2057,ON
T_LDV_C_BEV150_N,2025,0.003079752,From MOVES5,2058,ON
T_LDV_C_BEV150_N,2025,0.002306734,From MOVES5,2059,ON
T_LDV_C_BEV150_N,2025,0.001725437,From MOVES5,2060,ON
T_LDV_C_BEV150_N,2025,0.001288901,From MOVES5,2061,ON
T_LDV_C_BEV150_N,2025,0.000961521,From MOVES5,2062,ON
T_LDV_C_BEV150_N,2025,0.000717294,From MOVES5,2063,ON
T_LDV_C_BEV150_N,2025,0.000534384,From MOVES5,2064,ON
T_LDV_C_BEV150_N,2025,0.000397582,From MOVES5,2065,ON
T_LDV_C_BEV150_N,2025,0.000295403,From MOVES5,2066,ON
T_LDV_C_BEV150_N,2025,0,From MOVES5,2067,ON
T_LDV_C_BEV150_N,2030,1,From MOVES5,2030,ON
T_LDV_C_BEV150_N,2030,0.997,From MOVES5,2031,ON
T_LDV_C_BEV150_N,2030,0.994009,From MOVES5,2032,ON
T_LDV_C_BEV150_N,2030,0.991026973,From MOVES5,2033,ON
T_LDV_C_BEV150_N,2030,0.984089784,From MOVES5,2034,ON
T_LDV_C_BEV150_N,2030,0.974248886,From MOVES5,2035,ON
T_LDV_C_BEV150_N,2030,0.960609402,From MOVES5,2036,ON
T_LDV_C_BEV150_N,2030,0.942357823,From MOVES5,2037,ON
T_LDV_C_BEV150_N,2030,0.919741236,From MOVES5,2038,ON
T_LDV_C_BEV150_N,2030,0.89306874,From MOVES5,2039,ON
T_LDV_C_BEV150_N,2030,0.861811334,From MOVES5,2040,ON
T_LDV_C_BEV150_N,2030,0.826477069,From MOVES5,2041,ON
T_LDV_C_BEV150_N,2030,0.787632647,From MOVES5,2042,ON
T_LDV_C_BEV150_N,2030,0.718320974,From MOVES5,2043,ON
T_LDV_C_BEV150_N,2030,0.613446112,From MOVES5,2044,ON
T_LDV_C_BEV150_N,2030,0.510387165,From MOVES5,2045,ON
T_LDV_C_BEV150_N,2030,0.414944765,From MOVES5,2046,ON
T_LDV_C_BEV150_N,2030,0.331540867,From MOVES5,2047,ON
T_LDV_C_BEV150_N,2030,0.260922663,From MOVES5,2048,ON
T_LDV_C_BEV150_N,2030,0.203258754,From MOVES5,2049,ON
T_LDV_C_BEV150_N,2030,0.156915758,From MOVES5,2050,ON
T_LDV_C_BEV150_N,2030,0.120354387,From MOVES5,2051,ON
T_LDV_C_BEV150_N,2030,0.091830397,From MOVES5,2052,ON
T_LDV_C_BEV150_N,2030,0.069791102,From MOVES5,2053,ON
T_LDV_C_BEV150_N,2030,0.052831864,From MOVES5,2054,ON
T_LDV_C_BEV150_N,2030,0.039993721,From MOVES5,2055,ON
T_LDV_C_BEV150_N,2030,0.030155266,From MOVES5,2056,ON
T_LDV_C_BEV150_N,2030,0.02273707,From MOVES5,2057,ON
T_LDV_C_BEV150_N,2030,0.012891919,From MOVES5,2058,ON
T_LDV_C_BEV150_N,2030,0.009694723,From MOVES5,2059,ON
T_LDV_C_BEV150_N,2030,0.007290432,From MOVES5,2060,ON
T_LDV_C_BEV150_N,2030,0.005475114,From MOVES5,2061,ON
T_LDV_C_BEV150_N,2030,0.004106336,From MOVES5,2062,ON
T_LDV_C_BEV150_N,2030,0.003079752,From MOVES5,2063,ON
T_LDV_C_BEV150_N,2030,0.002306734,From MOVES5,2064,ON
T_LDV_C_BEV150_N,2030,0.001725437,From MOVES5,2065,ON
T_LDV_C_BEV150_N,2030,0.001288901,From MOVES5,2066,ON
T_LDV_C_BEV150_N,2030,0.000961521,From MOVES5,2067,ON
T_LDV_C_BEV150_N,2030,0.000717294,From MOVES5,2068,ON
T_LDV_C_BEV150_N,2030,0.000534384,From MOVES5,2069,ON
T_LDV_C_BEV150_N,2030,0.000397582,From MOVES5,2070,ON
T_LDV_C_BEV150_N,2030,0.000295403,From MOVES5,2071,ON
T_LDV_C_BEV150_N,2030,0,From MOVES5,2072,ON
T_LDV_C_BEV150_N,2035,1,From MOVES5,2035,ON
T_LDV_C_BEV150_N,2035,0.997,From MOVES5,2036,ON
T_LDV_C_BEV150_N,2035,0.994009,From MOVES5,2037,ON
T_LDV_C_BEV150_N,2035,0.991026973,From MOVES5,2038,ON
T_LDV_C_BEV150_N,2035,0.984089784,From MOVES5,2039,ON
T_LDV_C_BEV150_N,2035,0.974248886,From MOVES5,2040,ON
T_LDV_C_BEV150_N,2035,0.960609402,From MOVES5,2041,ON
T_LDV_C_BEV150_N,2035,0.942357823,From MOVES5,2042,ON
T_LDV_C_BEV150_N,2035,0.919741236,From MOVES5,2043,ON
T_LDV_C_BEV150_N,2035,0.89306874,From MOVES5,2044,ON
T_LDV_C_BEV150_N,2035,0.861811334,From MOVES5,2045,ON
T_LDV_C_BEV150_N,2035,0.826477069,From MOVES5,2046,ON
T_LDV_C_BEV150_N,2035,0.787632647,From MOVES5,2047,ON
T_LDV_C_BEV150_N,2035,0.718320974,From MOVES5,2048,ON
T_LDV_C_BEV150_N,2035,0.613446112,From MOVES5,2049,ON
T_LDV_C_BEV150_N,2035,0.510387165,From MOVES5,2050,ON
T_LDV_C_BEV150_N,2035,0.414944765,From MOVES5,2051,ON
T_LDV_C_BEV150_N,2035,0.331540867,From MOVES5,2052,ON
T_LDV_C_BEV150_N,2035,0.260922663,From MOVES5,2053,ON
T_LDV_C_BEV150_N,2035,0.203258754,From MOVES5,2054,ON
T_LDV_C_BEV150_N,2035,0.156915758,From MOVES5,2055,ON
T_LDV_C_BEV150_N,2035,0.120354387,From MOVES5,2056,ON
T_LDV_C_BEV150_N,2035,0.091830397,From MOVES5,2057,ON
T_LDV_C_BEV150_N,2035,0.069791102,From MOVES5,2058,ON
T_LDV_C_BEV150_N,2035,0.052831864,From MOVES5,2059,ON
T_LDV_C_BEV150_N,2035,0.039993721,From MOVES5,2060,ON
T_LDV_C_BEV150_N,2035,0.030155266,From MOVES5,2061,ON
T_LDV_C_BEV150_N,2035,0.02273707,From MOVES5,2062,ON
T_LDV_C_BEV150_N,2035,0.012891919,From MOVES5,2063,ON
T_LDV_C_BEV150_N,2035,0.009694723,From MOVES5,2064,ON
T_LDV_C_BEV150_N,2035,0.007290432,From MOVES5,2065,ON
T_LDV_C_BEV150_N,2035,0.005475114,From MOVES5,2066,ON
T_LDV_C_BEV150_N,2035,0.004106336,From MOVES5,2067,ON
T_LDV_C_BEV150_N,2035,0.003079752,From MOVES5,2068,ON
T_LDV_C_BEV150_N,2035,0.002306734,From MOVES5,2069,ON
T_LDV_C_BEV150_N,2035,0.001725437,From MOVES5,2070,ON
T_LDV_C_BEV150_N,2035,0.001288901,From MOVES5,2071,ON
T_LDV_C_BEV150_N,2035,0.000961521,From MOVES5,2072,ON
T_LDV_C_BEV150_N,2035,0.000717294,From MOVES5,2073,ON
T_LDV_C_BEV150_N,2035,0.000534384,From MOVES5,2074,ON
T_LDV_C_BEV150_N,2035,0.000397582,From MOVES5,2075,ON
T_LDV_C_BEV150_N,2035,0.000295403,From MOVES5,2076,ON
T_LDV_C_BEV150_N,2035,0,From MOVES5,2077,ON
T_LDV_C_BEV150_N,2040,1,From MOVES5,2040,ON
T_LDV_C_BEV150_N,2040,0.997,From MOVES5,2041,ON
T_LDV_C_BEV150_N,2040,0.994009,From MOVES5,2042,ON
T_LDV_C_BEV150_N,2040,0.991026973,From MOVES5,2043,ON
T_LDV_C_BEV150_N,2040,0.984089784,From MOVES5,2044,ON
T_LDV_C_BEV150_N,2040,0.974248886,From MOVES5,2045,ON
T_LDV_C_BEV150_N,2040,0.960609402,From MOVES5,2046,ON
T_LDV_C_BEV150_N,2040,0.942357823,From MOVES5,2047,ON
T_LDV_C_BEV150_N,2040,0.919741236,From MOVES5,2048,ON
T_LDV_C_BEV150_N,2040,0.89306874,From MOVES5,2049,ON
T_LDV_C_BEV150_N,2040,0.861811334,From MOVES5,2050,ON
T_LDV_C_BEV150_N,2040,0.826477069,From MOVES5,2051,ON
T_LDV_C_BEV150_N,2040,0.787632647,From MOVES5,2052,ON
T_LDV_C_BEV150_N,2040,0.718320974,From MOVES5,2053,ON
T_LDV_C_BEV150_N,2040,0.613446112,From MOVES5,2054,ON
T_LDV_C_BEV150_N,2040,0.510387165,From MOVES5,2055,ON
T_LDV_C_BEV150_N,2040,0.414944765,From MOVES5,2056,ON
T_LDV_C_BEV150_N,2040,0.331540867,From MOVES5,2057,ON
T_LDV_C_BEV150_N,2040,0.260922663,From MOVES5,2058,ON
T_LDV_C_BEV150_N,2040,0.203258754,From MOVES5,2059,ON
T_LDV_C_BEV150_N,2040,0.156915758,From MOVES5,2060,ON
T_LDV_C_BEV150_N,2040,0.120354387,From MOVES5,2061,ON
T_LDV_C_BEV150_N,2040,0.091830397,From MOVES5,2062,ON
T_LDV_C_BEV150_N,2040,0.069791102,From MOVES5,2063,ON
T_LDV_C_BEV150_N,2040,0.052831864,From MOVES5,2064,ON
T_LDV_C_BEV150_N,2040,0.039993721,From MOVES5,2065,ON
T_LDV_C_BEV150_N,2040,0.030155266,From MOVES5,2066,ON
T_LDV_C_BEV150_N,2040,0.02273707,From MOVES5,2067,ON
T_LDV_C_BEV150_N,2040,0.012891919,From MOVES5,2068,ON
T_LDV_C_BEV150_N,2040,0.009694723,From MOVES5,2069,ON
T_LDV_C_BEV150_N,2040,0.007290432,From MOVES5,2070,ON
T_LDV_C_BEV150_N,2040,0.005475114,From MOVES5,2071,ON
T_LDV_C_BEV150_N,2040,0.004106336,From MOVES5,2072,ON
T_LDV_C_BEV150_N,2040,0.003079752,From MOVES5,2073,ON
T_LDV_C_BEV150_N,2040,0.002306734,From MOVES5,2074,ON
T_LDV_C_BEV150_N,2040,0.001725437,From MOVES5,2075,ON
T_LDV_C_BEV150_N,2040,0.001288901,From MOVES5,2076,ON
T_LDV_C_BEV150_N,2040,0.000961521,From MOVES5,2077,ON
T_LDV_C_BEV150_N,2040,0.000717294,From MOVES5,2078,ON
T_LDV_C_BEV150_N,2040,0.000534384,From MOVES5,2079,ON
T_LDV_C_BEV150_N,2040,0.000397582,From MOVES5,2080,ON
T_LDV_C_BEV150_N,2040,0.000295403,From MOVES5,2081,ON
T_LDV_C_BEV150_N,2040,0,From MOVES5,2082,ON
T_LDV_C_BEV150_N,2045,1,From MOVES5,2045,ON
T_LDV_C_BEV150_N,2045,0.997,From MOVES5,2046,ON
T_LDV_C_BEV150_N,2045,0.994009,From MOVES5,2047,ON
T_LDV_C_BEV150_N,2045,0.991026973,From MOVES5,2048,ON
T_LDV_C_BEV150_N,2045,0.984089784,From MOVES5,2049,ON
T_LDV_C_BEV150_N,2045,0.974248886,From MOVES5,2050,ON
T_LDV_C_BEV150_N,2045,0.960609402,From MOVES5,2051,ON
T_LDV_C_BEV150_N,2045,0.942357823,From MOVES5,2052,ON
T_LDV_C_BEV150_N,2045,0.919741236,From MOVES5,2053,ON
T_LDV_C_BEV150_N,2045,0.89306874,From MOVES5,2054,ON
T_LDV_C_BEV150_N,2045,0.861811334,From MOVES5,2055,ON
T_LDV_C_BEV150_N,2045,0.826477069,From MOVES5,2056,ON
T_LDV_C_BEV150_N,2045,0.787632647,From MOVES5,2057,ON
T_LDV_C_BEV150_N,2045,0.718320974,From MOVES5,2058,ON
T_LDV_C_BEV150_N,2045,0.613446112,From MOVES5,2059,ON
T_LDV_C_BEV150_N,2045,0.510387165,From MOVES5,2060,ON
T_LDV_C_BEV150_N,2045,0.414944765,From MOVES5,2061,ON
T_LDV_C_BEV150_N,2045,0.331540867,From MOVES5,2062,ON
T_LDV_C_BEV150_N,2045,0.260922663,From MOVES5,2063,ON
T_LDV_C_BEV150_N,2045,0.203258754,From MOVES5,2064,ON
T_LDV_C_BEV150_N,2045,0.156915758,From MOVES5,2065,ON
T_LDV_C_BEV150_N,2045,0.120354387,From MOVES5,2066,ON
T_LDV_C_BEV150_N,2045,0.091830397,From MOVES5,2067,ON
T_LDV_C_BEV150_N,2045,0.069791102,From MOVES5,2068,ON
T_LDV_C_BEV150_N,2045,0.052831864,From MOVES5,2069,ON
T_LDV_C_BEV150_N,2045,0.039993721,From MOVES5,2070,ON
T_LDV_C_BEV150_N,2045,0.030155266,From MOVES5,2071,ON
T_LDV_C_BEV150_N,2045,0.02273707,From MOVES5,2072,ON
T_LDV_C_BEV150_N,2045,0.012891919,From MOVES5,2073,ON
T_LDV_C_BEV150_N,2045,0.009694723,From MOVES5,2074,ON
T_LDV_C_BEV150_N,2045,0.007290432,From MOVES5,2075,ON
T_LDV_C_BEV150_N,2045,0.005475114,From MOVES5,2076,ON
T_LDV_C_BEV150_N,2045,0.004106336,From MOVES5,2077,ON
T_LDV_C_BEV150_N,2045,0.003079752,From MOVES5,2078,ON
T_LDV_C_BEV150_N,2045,0.002306734,From MOVES5,2079,ON
T_LDV_C_BEV150_N,2045,0.001725437,From MOVES5,2080,ON
T_LDV_C_BEV150_N,2045,0.001288901,From MOVES5,2081,ON
T_LDV_C_BEV150_N,2045,0.000961521,From MOVES5,2082,ON
T_LDV_C_BEV150_N,2045,0.000717294,From MOVES5,2083,ON
T_LDV_C_BEV150_N,2045,0.000534384,From MOVES5,2084,ON
T_LDV_C_BEV150_N,2045,0.000397582,From MOVES5,2085,ON
T_LDV_C_BEV150_N,2045,0.000295403,From MOVES5,2086,ON
T_LDV_C_BEV150_N,2045,0,From MOVES5,2087,ON
T_LDV_C_BEV150_N,2050,1,From MOVES5,2050,ON
T_LDV_C_BEV150_N,2050,0.997,From MOVES5,2051,ON
T_LDV_C_BEV150_N,2050,0.994009,From MOVES5,2052,ON
T_LDV_C_BEV150_N,2050,0.991026973,From MOVES5,2053,ON
T_LDV_C_BEV150_N,2050,0.984089784,From MOVES5,2054,ON
T_LDV_C_BEV150_N,2050,0.974248886,From MOVES5,2055,ON
T_LDV_C_BEV150_N,2050,0.960609402,From MOVES5,2056,ON
T_LDV_C_BEV150_N,2050,0.942357823,From MOVES5,2057,ON
T_LDV_C_BEV150_N,2050,0.919741236,From MOVES5,2058,ON
T_LDV_C_BEV150_N,2050,0.89306874,From MOVES5,2059,ON
T_LDV_C_BEV150_N,2050,0.861811334,From MOVES5,2060,ON
T_LDV_C_BEV150_N,2050,0.826477069,From MOVES5,2061,ON
T_LDV_C_BEV150_N,2050,0.787632647,From MOVES5,2062,ON
T_LDV_C_BEV150_N,2050,0.718320974,From MOVES5,2063,ON
T_LDV_C_BEV150_N,2050,0.613446112,From MOVES5,2064,ON
T_LDV_C_BEV150_N,2050,0.510387165,From MOVES5,2065,ON
T_LDV_C_BEV150_N,2050,0.414944765,From MOVES5,2066,ON
T_LDV_C_BEV150_N,2050,0.331540867,From MOVES5,2067,ON
T_LDV_C_BEV150_N,2050,0.260922663,From MOVES5,2068,ON
T_LDV_C_BEV150_N,2050,0.203258754,From MOVES5,2069,ON
T_LDV_C_BEV150_N,2050,0.156915758,From MOVES5,2070,ON
T_LDV_C_BEV150_N,2050,0.120354387,From MOVES5,2071,ON
T_LDV_C_BEV150_N,2050,0.091830397,From MOVES5,2072,ON
T_LDV_C_BEV150_N,2050,0.069791102,From MOVES5,2073,ON
T_LDV_C_BEV150_N,2050,0.052831864,From MOVES5,2074,ON
T_LDV_C_BEV150_N,2050,0.039993721,From MOVES5,2075,ON
T_LDV_C_BEV150_N,2050,0.030155266,From MOVES5,2076,ON
T_LDV_C_BEV150_N,2050,0.02273707,From MOVES5,2077,ON
T_LDV_C_BEV150_N,2050,0.012891919,From MOVES5,2078,ON
T_LDV_C_BEV150_N,2050,0.009694723,From MOVES5,2079,ON
T_LDV_C_BEV150_N,2050,0.007290432,From MOVES5,2080,ON
T_LDV_C_BEV150_N,2050,0.005475114,From MOVES5,2081,ON
T_LDV_C_BEV150_N,2050,0.004106336,From MOVES5,2082,ON
T_LDV_C_BEV150_N,2050,0.003079752,From MOVES5,2083,ON
T_LDV_C_BEV150_N,2050,0.002306734,From MOVES5,2084,ON
T_LDV_C_BEV150_N,2050,0.001725437,From MOVES5,2085,ON
T_LDV_C_BEV150_N,2050,0.001288901,From MOVES5,2086,ON
T_LDV_C_BEV150_N,2050,0.000961521,From MOVES5,2087,ON
T_LDV_C_BEV150_N,2050,0.000717294,From MOVES5,2088,ON
T_LDV_C_BEV150_N,2050,0.000534384,From MOVES5,2089,ON
T_LDV_C_BEV150_N,2050,0.000397582,From MOVES5,2090,ON
T_LDV_C_BEV150_N,2050,0.000295403,From MOVES5,2091,ON
T_LDV_C_BEV150_N,2050,0,From MOVES5,2092,ON
T_LDV_C_BEV200_N,2025,1,From MOVES5,2025,ON
T_LDV_C_BEV200_N,2025,0.997,From MOVES5,2026,ON
T_LDV_C_BEV200_N,2025,0.994009,From MOVES5,2027,ON
T_LDV_C_BEV200_N,2025,0.991026973,From MOVES5,2028,ON
T_LDV_C_BEV200_N,2025,0.984089784,From MOVES5,2029,ON
T_LDV_C_BEV200_N,2025,0.974248886,From MOVES5,2030,ON
T_LDV_C_BEV200_N,2025,0.960609402,From MOVES5,2031,ON
T_LDV_C_BEV200_N,2025,0.942357823,From MOVES5,2032,ON
T_LDV_C_BEV200_N,2025,0.919741236,From MOVES5,2033,ON
T_LDV_C_BEV200_N,2025,0.89306874,From MOVES5,2034,ON
T_LDV_C_BEV200_N,2025,0.861811334,From MOVES5,2035,ON
T_LDV_C_BEV200_N,2025,0.826477069,From MOVES5,2036,ON
T_LDV_C_BEV200_N,2025,0.787632647,From MOVES5,2037,ON
T_LDV_C_BEV200_N,2025,0.718320974,From MOVES5,2038,ON
T_LDV_C_BEV200_N,2025,0.613446112,From MOVES5,2039,ON
T_LDV_C_BEV200_N,2025,0.510387165,From MOVES5,2040,ON
T_LDV_C_BEV200_N,2025,0.414944765,From MOVES5,2041,ON
T_LDV_C_BEV200_N,2025,0.331540867,From MOVES5,2042,ON
T_LDV_C_BEV200_N,2025,0.260922663,From MOVES5,2043,ON
T_LDV_C_BEV200_N,2025,0.203258754,From MOVES5,2044,ON
T_LDV_C_BEV200_N,2025,0.156915758,From MOVES5,2045,ON
T_LDV_C_BEV200_N,2025,0.120354387,From MOVES5,2046,ON
T_LDV_C_BEV200_N,2025,0.091830397,From MOVES5,2047,ON
T_LDV_C_BEV200_N,2025,0.069791102,From MOVES5,2048,ON
T_LDV_C_BEV200_N,2025,0.052831864,From MOVES5,2049,ON
T_LDV_C_BEV200_N,2025,0.039993721,From MOVES5,2050,ON
T_LDV_C_BEV200_N,2025,0.030155266,From MOVES5,2051,ON
T_LDV_C_BEV200_N,2025,0.02273707,From MOVES5,2052,ON
T_LDV_C_BEV200_N,2025,0.012891919,From MOVES5,2053,ON
T_LDV_C_BEV200_N,2025,0.009694723,From MOVES5,2054,ON
T_LDV_C_BEV200_N,2025,0.007290432,From MOVES5,2055,ON
T_LDV_C_BEV200_N,2025,0.005475114,From MOVES5,2056,ON
T_LDV_C_BEV200_N,2025,0.004106336,From MOVES5,2057,ON
T_LDV_C_BEV200_N,2025,0.003079752,From MOVES5,2058,ON
T_LDV_C_BEV200_N,2025,0.002306734,From MOVES5,2059,ON
T_LDV_C_BEV200_N,2025,0.001725437,From MOVES5,2060,ON
T_LDV_C_BEV200_N,2025,0.001288901,From MOVES5,2061,ON
T_LDV_C_BEV200_N,2025,0.000961521,From MOVES5,2062,ON
T_LDV_C_BEV200_N,2025,0.000717294,From MOVES5,2063,ON
T_LDV_C_BEV200_N,2025,0.000534384,From MOVES5,2064,ON
T_LDV_C_BEV200_N,2025,0.000397582,From MOVES5,2065,ON
T_LDV_C_BEV200_N,2025,0.000295403,From MOVES5,2066,ON
T_LDV_C_BEV200_N,2025,0,From MOVES5,2067,ON
T_LDV_C_BEV200_N,2030,1,From MOVES5,2030,ON
T_LDV_C_BEV200_N,2030,0.997,From MOVES5,2031,ON
T_LDV_C_BEV200_N,2030,0.994009,From MOVES5,2032,ON
T_LDV_C_BEV200_N,2030,0.991026973,From MOVES5,2033,ON
T_LDV_C_BEV200_N,2030,0.984089784,From MOVES5,2034,ON
T_LDV_C_BEV200_N,2030,0.974248886,From MOVES5,2035,ON
T_LDV_C_BEV200_N,2030,0.960609402,From MOVES5,2036,ON
T_LDV_C_BEV200_N,2030,0.942357823,From MOVES5,2037,ON
T_LDV_C_BEV200_N,2030,0.919741236,From MOVES5,2038,ON
T_LDV_C_BEV200_N,2030,0.89306874,From MOVES5,2039,ON
T_LDV_C_BEV200_N,2030,0.861811334,From MOVES5,2040,ON
T_LDV_C_BEV200_N,2030,0.826477069,From MOVES5,2041,ON
T_LDV_C_BEV200_N,2030,0.787632647,From MOVES5,2042,ON
T_LDV_C_BEV200_N,2030,0.718320974,From MOVES5,2043,ON
T_LDV_C_BEV200_N,2030,0.613446112,From MOVES5,2044,ON
T_LDV_C_BEV200_N,2030,0.510387165,From MOVES5,2045,ON
T_LDV_C_BEV200_N,2030,0.414944765,From MOVES5,2046,ON
T_LDV_C_BEV200_N,2030,0.331540867,From MOVES5,2047,ON
T_LDV_C_BEV200_N,2030,0.260922663,From MOVES5,2048,ON
T_LDV_C_BEV200_N,2030,0.203258754,From MOVES5,2049,ON
T_LDV_C_BEV200_N,2030,0.156915758,From MOVES5,2050,ON
T_LDV_C_BEV200_N,2030,0.120354387,From MOVES5,2051,ON
T_LDV_C_BEV200_N,2030,0.091830397,From MOVES5,2052,ON
T_LDV_C_BEV200_N,2030,0.069791102,From MOVES5,2053,ON
T_LDV_C_BEV200_N,2030,0.052831864,From MOVES5,2054,ON
T_LDV_C_BEV200_N,2030,0.039993721,From MOVES5,2055,ON
T_LDV_C_BEV200_N,2030,0.030155266,From MOVES5,2056,ON
T_LDV_C_BEV200_N,2030,0.02273707,From MOVES5,2057,ON
T_LDV_C_BEV200_N,2030,0.012891919,From MOVES5,2058,ON
T_LDV_C_BEV200_N,2030,0.009694723,From MOVES5,2059,ON
T_LDV_C_BEV200_N,2030,0.007290432,From MOVES5,2060,ON
T_LDV_C_BEV200_N,2030,0.005475114,From MOVES5,2061,ON
T_LDV_C_BEV200_N,2030,0.004106336,From MOVES5,2062,ON
T_LDV_C_BEV200_N,2030,0.003079752,From MOVES5,2063,ON
T_LDV_C_BEV200_N,2030,0.002306734,From MOVES5,2064,ON
T_LDV_C_BEV200_N,2030,0.001725437,From MOVES5,2065,ON
T_LDV_C_BEV200_N,2030,0.001288901,From MOVES5,2066,ON
T_LDV_C_BEV200_N,2030,0.000961521,From MOVES5,2067,ON
T_LDV_C_BEV200_N,2030,0.000717294,From MOVES5,2068,ON
T_LDV_C_BEV200_N,2030,0.000534384,From MOVES5,2069,ON
T_LDV_C_BEV200_N,2030,0.000397582,From MOVES5,2070,ON
T_LDV_C_BEV200_N,2030,0.000295403,From MOVES5,2071,ON
T_LDV_C_BEV200_N,2030,0,From MOVES5,2072,ON
T_LDV_C_BEV200_N,2035,1,From MOVES5,2035,ON
T_LDV_C_BEV200_N,2035,0.997,From MOVES5,2036,ON
T_LDV_C_BEV200_N,2035,0.994009,From MOVES5,2037,ON
T_LDV_C_BEV200_N,2035,0.991026973,From MOVES5,2038,ON
T_LDV_C_BEV200_N,2035,0.984089784,From MOVES5,2039,ON
T_LDV_C_BEV200_N,2035,0.974248886,From MOVES5,2040,ON
T_LDV_C_BEV200_N,2035,0.960609402,From MOVES5,2041,ON
T_LDV_C_BEV200_N,2035,0.942357823,From MOVES5,2042,ON
T_LDV_C_BEV200_N,2035,0.919741236,From MOVES5,2043,ON
T_LDV_C_BEV200_N,2035,0.89306874,From MOVES5,2044,ON
T_LDV_C_BEV200_N,2035,0.861811334,From MOVES5,2045,ON
T_LDV_C_BEV200_N,2035,0.826477069,From MOVES5,2046,ON
T_LDV_C_BEV200_N,2035,0.787632647,From MOVES5,2047,ON
T_LDV_C_BEV200_N,2035,0.718320974,From MOVES5,2048,ON
T_LDV_C_BEV200_N,2035,0.613446112,From MOVES5,2049,ON
T_LDV_C_BEV200_N,2035,0.510387165,From MOVES5,2050,ON
T_LDV_C_BEV200_N,2035,0.414944765,From MOVES5,2051,ON
T_LDV_C_BEV200_N,2035,0.331540867,From MOVES5,2052,ON
T_LDV_C_BEV200_N,2035,0.260922663,From MOVES5,2053,ON
T_LDV_C_BEV200_N,2035,0.203258754,From MOVES5,2054,ON
T_LDV_C_BEV200_N,2035,0.156915758,From MOVES5,2055,ON
T_LDV_C_BEV200_N,2035,0.120354387,From MOVES5,2056,ON
T_LDV_C_BEV200_N,2035,0.091830397,From MOVES5,2057,ON
T_LDV_C_BEV200_N,2035,0.069791102,From MOVES5,2058,ON
T_LDV_C_BEV200_N,2035,0.052831864,From MOVES5,2059,ON
T_LDV_C_BEV200_N,2035,0.039993721,From MOVES5,2060,ON
T_LDV_C_BEV200_N,2035,0.030155266,From MOVES5,2061,ON
T_LDV_C_BEV200_N,2035,0.02273707,From MOVES5,2062,ON
T_LDV_C_BEV200_N,2035,0.012891919,From MOVES5,2063,ON
T_LDV_C_BEV200_N,2035,0.009694723,From MOVES5,2064,ON
T_LDV_C_BEV200_N,2035,0.007290432,From MOVES5,2065,ON
T_LDV_C_BEV200_N,2035,0.005475114,From MOVES5,2066,ON
T_LDV_C_BEV200_N,2035,0.004106336,From MOVES5,2067,ON
T_LDV_C_BEV200_N,2035,0.003079752,From MOVES5,2068,ON
T_LDV_C_BEV200_N,2035,0.002306734,From MOVES5,2069,ON
T_LDV_C_BEV200_N,2035,0.001725437,From MOVES5,2070,ON
T_LDV_C_BEV200_N,2035,0.001288901,From MOVES5,2071,ON
T_LDV_C_BEV200_N,2035,0.000961521,From MOVES5,2072,ON
T_LDV_C_BEV200_N,2035,0.000717294,From MOVES5,2073,ON
T_LDV_C_BEV200_N,2035,0.000534384,From MOVES5,2074,ON
T_LDV_C_BEV200_N,2035,0.000397582,From MOVES5,2075,ON
T_LDV_C_BEV200_N,2035,0.000295403,From MOVES5,2076,ON
T_LDV_C_BEV200_N,2035,0,From MOVES5,2077,ON
T_LDV_C_BEV200_N,2040,1,From MOVES5,2040,ON
T_LDV_C_BEV200_N,2040,0.997,From MOVES5,2041,ON
T_LDV_C_BEV200_N,2040,0.994009,From MOVES5,2042,ON
T_LDV_C_BEV200_N,2040,0.991026973,From MOVES5,2043,ON
T_LDV_C_BEV200_N,2040,0.984089784,From MOVES5,2044,ON
T_LDV_C_BEV200_N,2040,0.974248886,From MOVES5,2045,ON
T_LDV_C_BEV200_N,2040,0.960609402,From MOVES5,2046,ON
T_LDV_C_BEV200_N,2040,0.942357823,From MOVES5,2047,ON
T_LDV_C_BEV200_N,2040,0.919741236,From MOVES5,2048,ON
T_LDV_C_BEV200_N,2040,0.89306874,From MOVES5,2049,ON
T_LDV_C_BEV200_N,2040,0.861811334,From MOVES5,2050,ON
T_LDV_C_BEV200_N,2040,0.826477069,From MOVES5,2051,ON
T_LDV_C_BEV200_N,2040,0.787632647,From MOVES5,2052,ON
T_LDV_C_BEV200_N,2040,0.718320974,From MOVES5,2053,ON
T_LDV_C_BEV200_N,2040,0.613446112,From MOVES5,2054,ON
T_LDV_C_BEV200_N,2040,0.510387165,From MOVES5,2055,ON
T_LDV_C_BEV200_N,2040,0.414944765,From MOVES5,2056,ON
T_LDV_C_BEV200_N,2040,0.331540867,From MOVES5,2057,ON
T_LDV_C_BEV200_N,2040,0.260922663,From MOVES5,2058,ON
T_LDV_C_BEV200_N,2040,0.203258754,From MOVES5,2059,ON
T_LDV_C_BEV200_N,2040,0.156915758,From MOVES5,2060,ON
T_LDV_C_BEV200_N,2040,0.120354387,From MOVES5,2061,ON
T_LDV_C_BEV200_N,2040,0.091830397,From MOVES5,2062,ON
T_LDV_C_BEV200_N,2040,0.069791102,From MOVES5,2063,ON
T_LDV_C_BEV200_N,2040,0.052831864,From MOVES5,2064,ON
T_LDV_C_BEV200_N,2040,0.039993721,From MOVES5,2065,ON
T_LDV_C_BEV200_N,2040,0.030155266,From MOVES5,2066,ON
T_LDV_C_BEV200_N,2040,0.02273707,From MOVES5,2067,ON
T_LDV_C_BEV200_N,2040,0.012891919,From MOVES5,2068,ON
T_LDV_C_BEV200_N,2040,0.009694723,From MOVES5,2069,ON
T_LDV_C_BEV200_N,2040,0.007290432,From MOVES5,2070,ON
T_LDV_C_BEV200_N,2040,0.005475114,From MOVES5,2071,ON
T_LDV_C_BEV200_N,2040,0.004106336,From MOVES5,2072,ON
T_LDV_C_BEV200_N,2040,0.003079752,From MOVES5,2073,ON
T_LDV_C_BEV200_N,2040,0.002306734,From MOVES5,2074,ON
T_LDV_C_BEV200_N,2040,0.001725437,From MOVES5,2075,ON
T_LDV_C_BEV200_N,2040,0.001288901,From MOVES5,2076,ON
T_LDV_C_BEV200_N,2040,0.000961521,From MOVES5,2077,ON
T_LDV_C_BEV200_N,2040,0.000717294,From MOVES5,2078,ON
T_LDV_C_BEV200_N,2040,0.000534384,From MOVES5,2079,ON
T_LDV_C_BEV200_N,2040,0.000397582,From MOVES5,2080,ON
T_LDV_C_BEV200_N,2040,0.000295403,From MOVES5,2081,ON
T_LDV_C_BEV200_N,2040,0,From MOVES5,2082,ON
T_LDV_C_BEV200_N,2045,1,From MOVES5,2045,ON
T_LDV_C_BEV200_N,2045,0.997,From MOVES5,2046,ON
T_LDV_C_BEV200_N,2045,0.994009,From MOVES5,2047,ON
T_LDV_C_BEV200_N,2045,0.991026973,From MOVES5,2048,ON
T_LDV_C_BEV200_N,2045,0.984089784,From MOVES5,2049,ON
T_LDV_C_BEV200_N,2045,0.974248886,From MOVES5,2050,ON
T_LDV_C_BEV200_N,2045,0.960609402,From MOVES5,2051,ON
T_LDV_C_BEV200_N,2045,0.942357823,From MOVES5,2052,ON
T_LDV_C_BEV200_N,2045,0.919741236,From MOVES5,2053,ON
T_LDV_C_BEV200_N,2045,0.89306874,From MOVES5,2054,ON
T_LDV_C_BEV200_N,2045,0.861811334,From MOVES5,2055,ON
T_LDV_C_BEV200_N,2045,0.826477069,From MOVES5,2056,ON
T_LDV_C_BEV200_N,2045,0.787632647,From MOVES5,2057,ON
T_LDV_C_BEV200_N,2045,0.718320974,From MOVES5,2058,ON
T_LDV_C_BEV200_N,2045,0.613446112,From MOVES5,2059,ON
T_LDV_C_BEV200_N,2045,0.510387165,From MOVES5,2060,ON
T_LDV_C_BEV200_N,2045,0.414944765,From MOVES5,2061,ON
T_LDV_C_BEV200_N,2045,0.331540867,From MOVES5,2062,ON
T_LDV_C_BEV200_N,2045,0.260922663,From MOVES5,2063,ON
T_LDV_C_BEV200_N,2045,0.203258754,From MOVES5,2064,ON
T_LDV_C_BEV200_N,2045,0.156915758,From MOVES5,2065,ON
T_LDV_C_BEV200_N,2045,0.120354387,From MOVES5,2066,ON
T_LDV_C_BEV200_N,2045,0.091830397,From MOVES5,2067,ON
T_LDV_C_BEV200_N,2045,0.069791102,From MOVES5,2068,ON
T_LDV_C_BEV200_N,2045,0.052831864,From MOVES5,2069,ON
T_LDV_C_BEV200_N,2045,0.039993721,From MOVES5,2070,ON
T_LDV_C_BEV200_N,2045,0.030155266,From MOVES5,2071,ON
T_LDV_C_BEV200_N,2045,0.02273707,From MOVES5,2072,ON
T_LDV_C_BEV200_N,2045,0.012891919,From MOVES5,2073,ON
T_LDV_C_BEV200_N,2045,0.009694723,From MOVES5,2074,ON
T_LDV_C_BEV200_N,2045,0.007290432,From MOVES5,2075,ON
T_LDV_C_BEV200_N,2045,0.005475114,From MOVES5,2076,ON
T_LDV_C_BEV200_N,2045,0.004106336,From MOVES5,2077,ON
T_LDV_C_BEV200_N,2045,0.003079752,From MOVES5,2078,ON
T_LDV_C_BEV200_N,2045,0.002306734,From MOVES5,2079,ON
T_LDV_C_BEV200_N,2045,0.001725437,From MOVES5,2080,ON
T_LDV_C_BEV200_N,2045,0.001288901,From MOVES5,2081,ON
T_LDV_C_BEV200_N,2045,0.000961521,From MOVES5,2082,ON
T_LDV_C_BEV200_N,2045,0.000717294,From MOVES5,2083,ON
T_LDV_C_BEV200_N,2045,0.000534384,From MOVES5,2084,ON
T_LDV_C_BEV200_N,2045,0.000397582,From MOVES5,2085,ON
T_LDV_C_BEV200_N,2045,0.000295403,From MOVES5,2086,ON
T_LDV_C_BEV200_N,2045,0,From MOVES5,2087,ON
T_LDV_C_BEV200_N,2050,1,From MOVES5,2050,ON
T_LDV_C_BEV200_N,2050,0.997,From MOVES5,2051,ON
T_LDV_C_BEV200_N,2050,0.994009,From MOVES5,2052,ON
T_LDV_C_BEV200_N,2050,0.991026973,From MOVES5,2053,ON
T_LDV_C_BEV200_N,2050,0.984089784,From MOVES5,2054,ON
T_LDV_C_BEV200_N,2050,0.974248886,From MOVES5,2055,ON
T_LDV_C_BEV200_N,2050,0.960609402,From MOVES5,2056,ON
T_LDV_C_BEV200_N,2050,0.942357823,From MOVES5,2057,ON
T_LDV_C_BEV200_N,2050,0.919741236,From MOVES5,2058,ON
T_LDV_C_BEV200_N,2050,0.89306874,From MOVES5,2059,ON
T_LDV_C_BEV200_N,2050,0.861811334,From MOVES5,2060,ON
T_LDV_C_BEV200_N,2050,0.826477069,From MOVES5,2061,ON
T_LDV_C_BEV200_N,2050,0.787632647,From MOVES5,2062,ON
T_LDV_C_BEV200_N,2050,0.718320974,From MOVES5,2063,ON
T_LDV_C_BEV200_N,2050,0.613446112,From MOVES5,2064,ON
T_LDV_C_BEV200_N,2050,0.510387165,From MOVES5,2065,ON
T_LDV_C_BEV200_N,2050,0.414944765,From MOVES5,2066,ON
T_LDV_C_BEV200_N,2050,0.331540867,From MOVES5,2067,ON
T_LDV_C_BEV200_N,2050,0.260922663,From MOVES5,2068,ON
T_LDV_C_BEV200_N,2050,0.203258754,From MOVES5,2069,ON
T_LDV_C_BEV200_N,2050,0.156915758,From MOVES5,2070,ON
T_LDV_C_BEV200_N,2050,0.120354387,From MOVES5,2071,ON
T_LDV_C_BEV200_N,2050,0.091830397,From MOVES5,2072,ON
T_LDV_C_BEV200_N,2050,0.069791102,From MOVES5,2073,ON
T_LDV_C_BEV200_N,2050,0.052831864,From MOVES5,2074,ON
T_LDV_C_BEV200_N,2050,0.039993721,From MOVES5,2075,ON
T_LDV_C_BEV200_N,2050,0.030155266,From MOVES5,2076,ON
T_LDV_C_BEV200_N,2050,0.02273707,From MOVES5,2077,ON
T_LDV_C_BEV200_N,2050,0.012891919,From MOVES5,2078,ON
T_LDV_C_BEV200_N,2050,0.009694723,From MOVES5,2079,ON
T_LDV_C_BEV200_N,2050,0.007290432,From MOVES5,2080,ON
T_LDV_C_BEV200_N,2050,0.005475114,From MOVES5,2081,ON
T_LDV_C_BEV200_N,2050,0.004106336,From MOVES5,2082,ON
T_LDV_C_BEV200_N,2050,0.003079752,From MOVES5,2083,ON
T_LDV_C_BEV200_N,2050,0.002306734,From MOVES5,2084,ON
T_LDV_C_BEV200_N,2050,0.001725437,From MOVES5,2085,ON
T_LDV_C_BEV200_N,2050,0.001288901,From MOVES5,2086,ON
T_LDV_C_BEV200_N,2050,0.000961521,From MOVES5,2087,ON
T_LDV_C_BEV200_N,2050,0.000717294,From MOVES5,2088,ON
T_LDV_C_BEV200_N,2050,0.000534384,From MOVES5,2089,ON
T_LDV_C_BEV200_N,2050,0.000397582,From MOVES5,2090,ON
T_LDV_C_BEV200_N,2050,0.000295403,From MOVES5,2091,ON
T_LDV_C_BEV200_N,2050,0,From MOVES5,2092,ON
T_LDV_C_BEV300_N,2025,1,From MOVES5,2025,ON
T_LDV_C_BEV300_N,2025,0.997,From MOVES5,2026,ON
T_LDV_C_BEV300_N,2025,0.994009,From MOVES5,2027,ON
T_LDV_C_BEV300_N,2025,0.991026973,From MOVES5,2028,ON
T_LDV_C_BEV300_N,2025,0.984089784,From MOVES5,2029,ON
T_LDV_C_BEV300_N,2025,0.974248886,From MOVES5,2030,ON
T_LDV_C_BEV300_N,2025,0.960609402,From MOVES5,2031,ON
T_LDV_C_BEV300_N,2025,0.942357823,From MOVES5,2032,ON
T_LDV_C_BEV300_N,2025,0.919741236,From MOVES5,2033,ON
T_LDV_C_BEV300_N,2025,0.89306874,From MOVES5,2034,ON
T_LDV_C_BEV300_N,2025,0.861811334,From MOVES5,2035,ON
T_LDV_C_BEV300_N,2025,0.826477069,From MOVES5,2036,ON
T_LDV_C_BEV300_N,2025,0.787632647,From MOVES5,2037,ON
T_LDV_C_BEV300_N,2025,0.718320974,From MOVES5,2038,ON
T_LDV_C_BEV300_N,2025,0.613446112,From MOVES5,2039,ON
T_LDV_C_BEV300_N,2025,0.510387165,From MOVES5,2040,ON
T_LDV_C_BEV300_N,2025,0.414944765,From MOVES5,2041,ON
T_LDV_C_BEV300_N,2025,0.331540867,From MOVES5,2042,ON
T_LDV_C_BEV300_N,2025,0.260922663,From MOVES5,2043,ON
T_LDV_C_BEV300_N,2025,0.203258754,From MOVES5,2044,ON
T_LDV_C_BEV300_N,2025,0.156915758,From MOVES5,2045,ON
T_LDV_C_BEV300_N,2025,0.120354387,From MOVES5,2046,ON
T_LDV_C_BEV300_N,2025,0.091830397,From MOVES5,2047,ON
T_LDV_C_BEV300_N,2025,0.069791102,From MOVES5,2048,ON
T_LDV_C_BEV300_N,2025,0.052831864,From MOVES5,2049,ON
T_LDV_C_BEV300_N,2025,0.039993721,From MOVES5,2050,ON
T_LDV_C_BEV300_N,2025,0.030155266,From MOVES5,2051,ON
T_LDV_C_BEV300_N,2025,0.02273707,From MOVES5,2052,ON
T_LDV_C_BEV300_N,2025,0.012891919,From MOVES5,2053,ON
T_LDV_C_BEV300_N,2025,0.009694723,From MOVES5,2054,ON
T_LDV_C_BEV300_N,2025,0.007290432,From MOVES5,2055,ON
T_LDV_C_BEV300_N,2025,0.005475114,From MOVES5,2056,ON
T_LDV_C_BEV300_N,2025,0.004106336,From MOVES5,2057,ON
T_LDV_C_BEV300_N,2025,0.003079752,From MOVES5,2058,ON
T_LDV_C_BEV300_N,2025,0.002306734,From MOVES5,2059,ON
T_LDV_C_BEV300_N,2025,0.001725437,From MOVES5,2060,ON
T_LDV_C_BEV300_N,2025,0.001288901,From MOVES5,2061,ON
T_LDV_C_BEV300_N,2025,0.000961521,From MOVES5,2062,ON
T_LDV_C_BEV300_N,2025,0.000717294,From MOVES5,2063,ON
T_LDV_C_BEV300_N,2025,0.000534384,From MOVES5,2064,ON
T_LDV_C_BEV300_N,2025,0.000397582,From MOVES5,2065,ON
T_LDV_C_BEV300_N,2025,0.000295403,From MOVES5,2066,ON
T_LDV_C_BEV300_N,2025,0,From MOVES5,2067,ON
T_LDV_C_BEV300_N,2030,1,From MOVES5,2030,ON
T_LDV_C_BEV300_N,2030,0.997,From MOVES5,2031,ON
T_LDV_C_BEV300_N,2030,0.994009,From MOVES5,2032,ON
T_LDV_C_BEV300_N,2030,0.991026973,From MOVES5,2033,ON
T_LDV_C_BEV300_N,2030,0.984089784,From MOVES5,2034,ON
T_LDV_C_BEV300_N,2030,0.974248886,From MOVES5,2035,ON
T_LDV_C_BEV300_N,2030,0.960609402,From MOVES5,2036,ON
T_LDV_C_BEV300_N,2030,0.942357823,From MOVES5,2037,ON
T_LDV_C_BEV300_N,2030,0.919741236,From MOVES5,2038,ON
T_LDV_C_BEV300_N,2030,0.89306874,From MOVES5,2039,ON
T_LDV_C_BEV300_N,2030,0.861811334,From MOVES5,2040,ON
T_LDV_C_BEV300_N,2030,0.826477069,From MOVES5,2041,ON
T_LDV_C_BEV300_N,2030,0.787632647,From MOVES5,2042,ON
T_LDV_C_BEV300_N,2030,0.718320974,From MOVES5,2043,ON
T_LDV_C_BEV300_N,2030,0.613446112,From MOVES5,2044,ON
T_LDV_C_BEV300_N,2030,0.510387165,From MOVES5,2045,ON
T_LDV_C_BEV300_N,2030,0.414944765,From MOVES5,2046,ON
T_LDV_C_BEV300_N,2030,0.331540867,From MOVES5,2047,ON
T_LDV_C_BEV300_N,2030,0.260922663,From MOVES5,2048,ON
T_LDV_C_BEV300_N,2030,0.203258754,From MOVES5,2049,ON
T_LDV_C_BEV300_N,2030,0.156915758,From MOVES5,2050,ON
T_LDV_C_BEV300_N,2030,0.120354387,From MOVES5,2051,ON
T_LDV_C_BEV300_N,2030,0.091830397,From MOVES5,2052,ON
T_LDV_C_BEV300_N,2030,0.069791102,From MOVES5,2053,ON
T_LDV_C_BEV300_N,2030,0.052831864,From MOVES5,2054,ON
T_LDV_C_BEV300_N,2030,0.039993721,From MOVES5,2055,ON
T_LDV_C_BEV300_N,2030,0.030155266,From MOVES5,2056,ON
T_LDV_C_BEV300_N,2030,0.02273707,From MOVES5,2057,ON
T_LDV_C_BEV300_N,2030,0.012891919,From MOVES5,2058,ON
T_LDV_C_BEV300_N,2030,0.009694723,From MOVES5,2059,ON
T_LDV_C_BEV300_N,2030,0.007290432,From MOVES5,2060,ON
T_LDV_C_BEV300_N,2030,0.005475114,From MOVES5,2061,ON
T_LDV_C_BEV300_N,2030,0.004106336,From MOVES5,2062,ON
T_LDV_C_BEV300_N,2030,0.003079752,From MOVES5,2063,ON
T_LDV_C_BEV300_N,2030,0.002306734,From MOVES5,2064,ON
T_LDV_C_BEV300_N,2030,0.001725437,From MOVES5,2065,ON
T_LDV_C_BEV300_N,2030,0.001288901,From MOVES5,2066,ON
T_LDV_C_BEV300_N,2030,0.000961521,From MOVES5,2067,ON
T_LDV_C_BEV300_N,2030,0.000717294,From MOVES5,2068,ON
T_LDV_C_BEV300_N,2030,0.000534384,From MOVES5,2069,ON
T_LDV_C_BEV300_N,2030,0.000397582,From MOVES5,2070,ON
T_LDV_C_BEV300_N,2030,0.000295403,From MOVES5,2071,ON
T_LDV_C_BEV300_N,2030,0,From MOVES5,2072,ON
T_LDV_C_BEV300_N,2035,1,From MOVES5,2035,ON
T_LDV_C_BEV300_N,2035,0.997,From MOVES5,2036,ON
T_LDV_C_BEV300_N,2035,0.994009,From MOVES5,2037,ON
T_LDV_C_BEV300_N,2035,0.991026973,From MOVES5,2038,ON
T_LDV_C_BEV300_N,2035,0.984089784,From MOVES5,2039,ON
T_LDV_C_BEV300_N,2035,0.974248886,From MOVES5,2040,ON
T_LDV_C_BEV300_N,2035,0.960609402,From MOVES5,2041,ON
T_LDV_C_BEV300_N,2035,0.942357823,From MOVES5,2042,ON
T_LDV_C_BEV300_N,2035,0.919741236,From MOVES5,2043,ON
T_LDV_C_BEV300_N,2035,0.89306874,From MOVES5,2044,ON
T_LDV_C_BEV300_N,2035,0.861811334,From MOVES5,2045,ON
T_LDV_C_BEV300_N,2035,0.826477069,From MOVES5,2046,ON
T_LDV_C_BEV300_N,2035,0.787632647,From MOVES5,2047,ON
T_LDV_C_BEV300_N,2035,0.718320974,From MOVES5,2048,ON
T_LDV_C_BEV300_N,2035,0.613446112,From MOVES5,2049,ON
T_LDV_C_BEV300_N,2035,0.510387165,From MOVES5,2050,ON
T_LDV_C_BEV300_N,2035,0.414944765,From MOVES5,2051,ON
T_LDV_C_BEV300_N,2035,0.331540867,From MOVES5,2052,ON
T_LDV_C_BEV300_N,2035,0.260922663,From MOVES5,2053,ON
T_LDV_C_BEV300_N,2035,0.203258754,From MOVES5,2054,ON
T_LDV_C_BEV300_N,2035,0.156915758,From MOVES5,2055,ON
T_LDV_C_BEV300_N,2035,0.120354387,From MOVES5,2056,ON
T_LDV_C_BEV300_N,2035,0.091830397,From MOVES5,2057,ON
T_LDV_C_BEV300_N,2035,0.069791102,From MOVES5,2058,ON
T_LDV_C_BEV300_N,2035,0.052831864,From MOVES5,2059,ON
T_LDV_C_BEV300_N,2035,0.039993721,From MOVES5,2060,ON
T_LDV_C_BEV300_N,2035,0.030155266,From MOVES5,2061,ON
T_LDV_C_BEV300_N,2035,0.02273707,From MOVES5,2062,ON
T_LDV_C_BEV300_N,2035,0.012891919,From MOVES5,2063,ON
T_LDV_C_BEV300_N,2035,0.009694723,From MOVES5,2064,ON
T_LDV_C_BEV300_N,2035,0.007290432,From MOVES5,2065,ON
T_LDV_C_BEV300_N,2035,0.005475114,From MOVES5,2066,ON
T_LDV_C_BEV300_N,2035,0.004106336,From MOVES5,2067,ON
T_LDV_C_BEV300_N,2035,0.003079752,From MOVES5,2068,ON
T_LDV_C_BEV300_N,2035,0.002306734,From MOVES5,2069,ON
T_LDV_C_BEV300_N,2035,0.001725437,From MOVES5,2070,ON
T_LDV_C_BEV300_N,2035,0.001288901,From MOVES5,2071,ON
T_LDV_C_BEV300_N,2035,0.000961521,From MOVES5,2072,ON
T_LDV_C_BEV300_N,2035,0.000717294,From MOVES5,2073,ON
T_LDV_C_BEV300_N,2035,0.000534384,From MOVES5,2074,ON
T_LDV_C_BEV300_N,2035,0.000397582,From MOVES5,2075,ON
T_LDV_C_BEV300_N,2035,0.000295403,From MOVES5,2076,ON
T_LDV_C_BEV300_N,2035,0,From MOVES5,2077,ON
T_LDV_C_BEV300_N,2040,1,From MOVES5,2040,ON
T_LDV_C_BEV300_N,2040,0.997,From MOVES5,2041,ON
T_LDV_C_BEV300_N,2040,0.994009,From MOVES5,2042,ON
T_LDV_C_BEV300_N,2040,0.991026973,From MOVES5,2043,ON
T_LDV_C_BEV300_N,2040,0.984089784,From MOVES5,2044,ON
T_LDV_C_BEV300_N,2040,0.974248886,From MOVES5,2045,ON
T_LDV_C_BEV300_N,2040,0.960609402,From MOVES5,2046,ON
T_LDV_C_BEV300_N,2040,0.942357823,From MOVES5,2047,ON
T_LDV_C_BEV300_N,2040,0.919741236,From MOVES5,2048,ON
T_LDV_C_BEV300_N,2040,0.89306874,From MOVES5,2049,ON
T_LDV_C_BEV300_N,2040,0.861811334,From MOVES5,2050,ON
T_LDV_C_BEV300_N,2040,0.826477069,From MOVES5,2051,ON
T_LDV_C_BEV300_N,2040,0.787632647,From MOVES5,2052,ON
T_LDV_C_BEV300_N,2040,0.718320974,From MOVES5,2053,ON
T_LDV_C_BEV300_N,2040,0.613446112,From MOVES5,2054,ON
T_LDV_C_BEV300_N,2040,0.510387165,From MOVES5,2055,ON
T_LDV_C_BEV300_N,2040,0.414944765,From MOVES5,2056,ON
T_LDV_C_BEV300_N,2040,0.331540867,From MOVES5,2057,ON
T_LDV_C_BEV300_N,2040,0.260922663,From MOVES5,2058,ON
T_LDV_C_BEV300_N,2040,0.203258754,From MOVES5,2059,ON
T_LDV_C_BEV300_N,2040,0.156915758,From MOVES5,2060,ON
T_LDV_C_BEV300_N,2040,0.120354387,From MOVES5,2061,ON
T_LDV_C_BEV300_N,2040,0.091830397,From MOVES5,2062,ON
T_LDV_C_BEV300_N,2040,0.069791102,From MOVES5,2063,ON
T_LDV_C_BEV300_N,2040,0.052831864,From MOVES5,2064,ON
T_LDV_C_BEV300_N,2040,0.039993721,From MOVES5,2065,ON
T_LDV_C_BEV300_N,2040,0.030155266,From MOVES5,2066,ON
T_LDV_C_BEV300_N,2040,0.02273707,From MOVES5,2067,ON
T_LDV_C_BEV300_N,2040,0.012891919,From MOVES5,2068,ON
T_LDV_C_BEV300_N,2040,0.009694723,From MOVES5,2069,ON
T_LDV_C_BEV300_N,2040,0.007290432,From MOVES5,2070,ON
T_LDV_C_BEV300_N,2040,0.005475114,From MOVES5,2071,ON
T_LDV_C_BEV300_N,2040,0.004106336,From MOVES5,2072,ON
T_LDV_C_BEV300_N,2040,0.003079752,From MOVES5,2073,ON
T_LDV_C_BEV300_N,2040,0.002306734,From MOVES5,2074,ON
T_LDV_C_BEV300_N,2040,0.001725437,From MOVES5,2075,ON
T_LDV_C_BEV300_N,2040,0.001288901,From MOVES5,2076,ON
T_LDV_C_BEV300_N,2040,0.000961521,From MOVES5,2077,ON
T_LDV_C_BEV300_N,2040,0.000717294,From MOVES5,2078,ON
T_LDV_C_BEV300_N,2040,0.000534384,From MOVES5,2079,ON
T_LDV_C_BEV300_N,2040,0.000397582,From MOVES5,2080,ON
T_LDV_C_BEV300_N,2040,0.000295403,From MOVES5,2081,ON
T_LDV_C_BEV300_N,2040,0,From MOVES5,2082,ON
T_LDV_C_BEV300_N,2045,1,From MOVES5,2045,ON
T_LDV_C_BEV300_N,2045,0.997,From MOVES5,2046,ON
T_LDV_C_BEV300_N,2045,0.994009,From MOVES5,2047,ON
T_LDV_C_BEV300_N,2045,0.991026973,From MOVES5,2048,ON
T_LDV_C_BEV300_N,2045,0.984089784,From MOVES5,2049,ON
T_LDV_C_BEV300_N,2045,0.974248886,From MOVES5,2050,ON
T_LDV_C_BEV300_N,2045,0.960609402,From MOVES5,2051,ON
T_LDV_C_BEV300_N,2045,0.942357823,From MOVES5,2052,ON
T_LDV_C_BEV300_N,2045,0.919741236,From MOVES5,2053,ON
T_LDV_C_BEV300_N,2045,0.89306874,From MOVES5,2054,ON
T_LDV_C_BEV300_N,2045,0.861811334,From MOVES5,2055,ON
T_LDV_C_BEV300_N,2045,0.826477069,From MOVES5,2056,ON
T_LDV_C_BEV300_N,2045,0.787632647,From MOVES5,2057,ON
T_LDV_C_BEV300_N,2045,0.718320974,From MOVES5,2058,ON
T_LDV_C_BEV300_N,2045,0.613446112,From MOVES5,2059,ON
T_LDV_C_BEV300_N,2045,0.510387165,From MOVES5,2060,ON
T_LDV_C_BEV300_N,2045,0.414944765,From MOVES5,2061,ON
T_LDV_C_BEV300_N,2045,0.331540867,From MOVES5,2062,ON
T_LDV_C_BEV300_N,2045,0.260922663,From MOVES5,2063,ON
T_LDV_C_BEV300_N,2045,0.203258754,From MOVES5,2064,ON
T_LDV_C_BEV300_N,2045,0.156915758,From MOVES5,2065,ON
T_LDV_C_BEV300_N,2045,0.120354387,From MOVES5,2066,ON
T_LDV_C_BEV300_N,2045,0.091830397,From MOVES5,2067,ON
T_LDV_C_BEV300_N,2045,0.069791102,From MOVES5,2068,ON
T_LDV_C_BEV300_N,2045,0.052831864,From MOVES5,2069,ON
T_LDV_C_BEV300_N,2045,0.039993721,From MOVES5,2070,ON
T_LDV_C_BEV300_N,2045,0.030155266,From MOVES5,2071,ON
T_LDV_C_BEV300_N,2045,0.02273707,From MOVES5,2072,ON
T_LDV_C_BEV300_N,2045,0.012891919,From MOVES5,2073,ON
T_LDV_C_BEV300_N,2045,0.009694723,From MOVES5,2074,ON
T_LDV_C_BEV300_N,2045,0.007290432,From MOVES5,2075,ON
T_LDV_C_BEV300_N,2045,0.005475114,From MOVES5,2076,ON
T_LDV_C_BEV300_N,2045,0.004106336,From MOVES5,2077,ON
T_LDV_C_BEV300_N,2045,0.003079752,From MOVES5,2078,ON
T_LDV_C_BEV300_N,2045,0.002306734,From MOVES5,2079,ON
T_LDV_C_BEV300_N,2045,0.001725437,From MOVES5,2080,ON
T_LDV_C_BEV300_N,2045,0.001288901,From MOVES5,2081,ON
T_LDV_C_BEV300_N,2045,0.000961521,From MOVES5,2082,ON
T_LDV_C_BEV300_N,2045,0.000717294,From MOVES5,2083,ON
T_LDV_C_BEV300_N,2045,0.000534384,From MOVES5,2084,ON
T_LDV_C_BEV300_N,2045,0.000397582,From MOVES5,2085,ON
T_LDV_C_BEV300_N,2045,0.000295403,From MOVES5,2086,ON
T_LDV_C_BEV300_N,2045,0,From MOVES5,2087,ON
T_LDV_C_BEV300_N,2050,1,From MOVES5,2050,ON
T_LDV_C_BEV300_N,2050,0.997,From MOVES5,2051,ON
T_LDV_C_BEV300_N,2050,0.994009,From MOVES5,2052,ON
T_LDV_C_BEV300_N,2050,0.991026973,From MOVES5,2053,ON
T_LDV_C_BEV300_N,2050,0.984089784,From MOVES5,2054,ON
T_LDV_C_BEV300_N,2050,0.974248886,From MOVES5,2055,ON
T_LDV_C_BEV300_N,2050,0.960609402,From MOVES5,2056,ON
T_LDV_C_BEV300_N,2050,0.942357823,From MOVES5,2057,ON
T_LDV_C_BEV300_N,2050,0.919741236,From MOVES5,2058,ON
T_LDV_C_BEV300_N,2050,0.89306874,From MOVES5,2059,ON
T_LDV_C_BEV300_N,2050,0.861811334,From MOVES5,2060,ON
T_LDV_C_BEV300_N,2050,0.826477069,From MOVES5,2061,ON
T_LDV_C_BEV300_N,2050,0.787632647,From MOVES5,2062,ON
T_LDV_C_BEV300_N,2050,0.718320974,From MOVES5,2063,ON
T_LDV_C_BEV300_N,2050,0.613446112,From MOVES5,2064,ON
T_LDV_C_BEV300_N,2050,0.510387165,From MOVES5,2065,ON
T_LDV_C_BEV300_N,2050,0.414944765,From MOVES5,2066,ON
T_LDV_C_BEV300_N,2050,0.331540867,From MOVES5,2067,ON
T_LDV_C_BEV300_N,2050,0.260922663,From MOVES5,2068,ON
T_LDV_C_BEV300_N,2050,0.203258754,From MOVES5,2069,ON
T_LDV_C_BEV300_N,2050,0.156915758,From MOVES5,2070,ON
T_LDV_C_BEV300_N,2050,0.120354387,From MOVES5,2071,ON
T_LDV_C_BEV300_N,2050,0.091830397,From MOVES5,2072,ON
T_LDV_C_BEV300_N,2050,0.069791102,From MOVES5,2073,ON
T_LDV_C_BEV300_N,2050,0.052831864,From MOVES5,2074,ON
T_LDV_C_BEV300_N,2050,0.039993721,From MOVES5,2075,ON
T_LDV_C_BEV300_N,2050,0.030155266,From MOVES5,2076,ON
T_LDV_C_BEV300_N,2050,0.02273707,From MOVES5,2077,ON
T_LDV_C_BEV300_N,2050,0.012891919,From MOVES5,2078,ON
T_LDV_C_BEV300_N,2050,0.009694723,From MOVES5,2079,ON
T_LDV_C_BEV300_N,2050,0.007290432,From MOVES5,2080,ON
T_LDV_C_BEV300_N,2050,0.005475114,From MOVES5,2081,ON
T_LDV_C_BEV300_N,2050,0.004106336,From MOVES5,2082,ON
T_LDV_C_BEV300_N,2050,0.003079752,From MOVES5,2083,ON
T_LDV_C_BEV300_N,2050,0.002306734,From MOVES5,2084,ON
T_LDV_C_BEV300_N,2050,0.001725437,From MOVES5,2085,ON
T_LDV_C_BEV300_N,2050,0.001288901,From MOVES5,2086,ON
T_LDV_C_BEV300_N,2050,0.000961521,From MOVES5,2087,ON
T_LDV_C_BEV300_N,2050,0.000717294,From MOVES5,2088,ON
T_LDV_C_BEV300_N,2050,0.000534384,From MOVES5,2089,ON
T_LDV_C_BEV300_N,2050,0.000397582,From MOVES5,2090,ON
T_LDV_C_BEV300_N,2050,0.000295403,From MOVES5,2091,ON
T_LDV_C_BEV300_N,2050,0,From MOVES5,2092,ON
T_LDV_C_BEV400_N,2025,1,From MOVES5,2025,ON
T_LDV_C_BEV400_N,2025,0.997,From MOVES5,2026,ON
T_LDV_C_BEV400_N,2025,0.994009,From MOVES5,2027,ON
T_LDV_C_BEV400_N,2025,0.991026973,From MOVES5,2028,ON
T_LDV_C_BEV400_N,2025,0.984089784,From MOVES5,2029,ON
T_LDV_C_BEV400_N,2025,0.974248886,From MOVES5,2030,ON
T_LDV_C_BEV400_N,2025,0.960609402,From MOVES5,2031,ON
T_LDV_C_BEV400_N,2025,0.942357823,From MOVES5,2032,ON
T_LDV_C_BEV400_N,2025,0.919741236,From MOVES5,2033,ON
T_LDV_C_BEV400_N,2025,0.89306874,From MOVES5,2034,ON
T_LDV_C_BEV400_N,2025,0.861811334,From MOVES5,2035,ON
T_LDV_C_BEV400_N,2025,0.826477069,From MOVES5,2036,ON
T_LDV_C_BEV400_N,2025,0.787632647,From MOVES5,2037,ON
T_LDV_C_BEV400_N,2025,0.718320974,From MOVES5,2038,ON
T_LDV_C_BEV400_N,2025,0.613446112,From MOVES5,2039,ON
T_LDV_C_BEV400_N,2025,0.510387165,From MOVES5,2040,ON
T_LDV_C_BEV400_N,2025,0.414944765,From MOVES5,2041,ON
T_LDV_C_BEV400_N,2025,0.331540867,From MOVES5,2042,ON
T_LDV_C_BEV400_N,2025,0.260922663,From MOVES5,2043,ON
T_LDV_C_BEV400_N,2025,0.203258754,From MOVES5,2044,ON
T_LDV_C_BEV400_N,2025,0.156915758,From MOVES5,2045,ON
T_LDV_C_BEV400_N,2025,0.120354387,From MOVES5,2046,ON
T_LDV_C_BEV400_N,2025,0.091830397,From MOVES5,2047,ON
T_LDV_C_BEV400_N,2025,0.069791102,From MOVES5,2048,ON
T_LDV_C_BEV400_N,2025,0.052831864,From MOVES5,2049,ON
T_LDV_C_BEV400_N,2025,0.039993721,From MOVES5,2050,ON
T_LDV_C_BEV400_N,2025,0.030155266,From MOVES5,2051,ON
T_LDV_C_BEV400_N,2025,0.02273707,From MOVES5,2052,ON
T_LDV_C_BEV400_N,2025,0.012891919,From MOVES5,2053,ON
T_LDV_C_BEV400_N,2025,0.009694723,From MOVES5,2054,ON
T_LDV_C_BEV400_N,2025,0.007290432,From MOVES5,2055,ON
T_LDV_C_BEV400_N,2025,0.005475114,From MOVES5,2056,ON
T_LDV_C_BEV400_N,2025,0.004106336,From MOVES5,2057,ON
T_LDV_C_BEV400_N,2025,0.003079752,From MOVES5,2058,ON
T_LDV_C_BEV400_N,2025,0.002306734,From MOVES5,2059,ON
T_LDV_C_BEV400_N,2025,0.001725437,From MOVES5,2060,ON
T_LDV_C_BEV400_N,2025,0.001288901,From MOVES5,2061,ON
T_LDV_C_BEV400_N,2025,0.000961521,From MOVES5,2062,ON
T_LDV_C_BEV400_N,2025,0.000717294,From MOVES5,2063,ON
T_LDV_C_BEV400_N,2025,0.000534384,From MOVES5,2064,ON
T_LDV_C_BEV400_N,2025,0.000397582,From MOVES5,2065,ON
T_LDV_C_BEV400_N,2025,0.000295403,From MOVES5,2066,ON
T_LDV_C_BEV400_N,2025,0,From MOVES5,2067,ON
T_LDV_C_BEV400_N,2030,1,From MOVES5,2030,ON
T_LDV_C_BEV400_N,2030,0.997,From MOVES5,2031,ON
T_LDV_C_BEV400_N,2030,0.994009,From MOVES5,2032,ON
T_LDV_C_BEV400_N,2030,0.991026973,From MOVES5,2033,ON
T_LDV_C_BEV400_N,2030,0.984089784,From MOVES5,2034,ON
T_LDV_C_BEV400_N,2030,0.974248886,From MOVES5,2035,ON
T_LDV_C_BEV400_N,2030,0.960609402,From MOVES5,2036,ON
T_LDV_C_BEV400_N,2030,0.942357823,From MOVES5,2037,ON
T_LDV_C_BEV400_N,2030,0.919741236,From MOVES5,2038,ON
T_LDV_C_BEV400_N,2030,0.89306874,From MOVES5,2039,ON
T_LDV_C_BEV400_N,2030,0.861811334,From MOVES5,2040,ON
T_LDV_C_BEV400_N,2030,0.826477069,From MOVES5,2041,ON
T_LDV_C_BEV400_N,2030,0.787632647,From MOVES5,2042,ON
T_LDV_C_BEV400_N,2030,0.718320974,From MOVES5,2043,ON
T_LDV_C_BEV400_N,2030,0.613446112,From MOVES5,2044,ON
T_LDV_C_BEV400_N,2030,0.510387165,From MOVES5,2045,ON
T_LDV_C_BEV400_N,2030,0.414944765,From MOVES5,2046,ON
T_LDV_C_BEV400_N,2030,0.331540867,From MOVES5,2047,ON
T_LDV_C_BEV400_N,2030,0.260922663,From MOVES5,2048,ON
T_LDV_C_BEV400_N,2030,0.203258754,From MOVES5,2049,ON
T_LDV_C_BEV400_N,2030,0.156915758,From MOVES5,2050,ON
T_LDV_C_BEV400_N,2030,0.120354387,From MOVES5,2051,ON
T_LDV_C_BEV400_N,2030,0.091830397,From MOVES5,2052,ON
T_LDV_C_BEV400_N,2030,0.069791102,From MOVES5,2053,ON
T_LDV_C_BEV400_N,2030,0.052831864,From MOVES5,2054,ON
T_LDV_C_BEV400_N,2030,0.039993721,From MOVES5,2055,ON
T_LDV_C_BEV400_N,2030,0.030155266,From MOVES5,2056,ON
T_LDV_C_BEV400_N,2030,0.02273707,From MOVES5,2057,ON
T_LDV_C_BEV400_N,2030,0.012891919,From MOVES5,2058,ON
T_LDV_C_BEV400_N,2030,0.009694723,From MOVES5,2059,ON
T_LDV_C_BEV400_N,2030,0.007290432,From MOVES5,2060,ON
T_LDV_C_BEV400_N,2030,0.005475114,From MOVES5,2061,ON
T_LDV_C_BEV400_N,2030,0.004106336,From MOVES5,2062,ON
T_LDV_C_BEV400_N,2030,0.003079752,From MOVES5,2063,ON
T_LDV_C_BEV400_N,2030,0.002306734,From MOVES5,2064,ON
T_LDV_C_BEV400_N,2030,0.001725437,From MOVES5,2065,ON
T_LDV_C_BEV400_N,2030,0.001288901,From MOVES5,2066,ON
T_LDV_C_BEV400_N,2030,0.000961521,From MOVES5,2067,ON
T_LDV_C_BEV400_N,2030,0.000717294,From MOVES5,2068,ON
T_LDV_C_BEV400_N,2030,0.000534384,From MOVES5,2069,ON
T_LDV_C_BEV400_N,2030,0.000397582,From MOVES5,2070,ON
T_LDV_C_BEV400_N,2030,0.000295403,From MOVES5,2071,ON
T_LDV_C_BEV400_N,2030,0,From MOVES5,2072,ON
T_LDV_C_BEV400_N,2035,1,From MOVES5,2035,ON
T_LDV_C_BEV400_N,2035,0.997,From MOVES5,2036,ON
T_LDV_C_BEV400_N,2035,0.994009,From MOVES5,2037,ON
T_LDV_C_BEV400_N,2035,0.991026973,From MOVES5,2038,ON
T_LDV_C_BEV400_N,2035,0.984089784,From MOVES5,2039,ON
T_LDV_C_BEV400_N,2035,0.974248886,From MOVES5,2040,ON
T_LDV_C_BEV400_N,2035,0.960609402,From MOVES5,2041,ON
T_LDV_C_BEV400_N,2035,0.942357823,From MOVES5,2042,ON
T_LDV_C_BEV400_N,2035,0.919741236,From MOVES5,2043,ON
T_LDV_C_BEV400_N,2035,0.89306874,From MOVES5,2044,ON
T_LDV_C_BEV400_N,2035,0.861811334,From MOVES5,2045,ON
T_LDV_C_BEV400_N,2035,0.826477069,From MOVES5,2046,ON
T_LDV_C_BEV400_N,2035,0.787632647,From MOVES5,2047,ON
T_LDV_C_BEV400_N,2035,0.718320974,From MOVES5,2048,ON
T_LDV_C_BEV400_N,2035,0.613446112,From MOVES5,2049,ON
T_LDV_C_BEV400_N,2035,0.510387165,From MOVES5,2050,ON
T_LDV_C_BEV400_N,2035,0.414944765,From MOVES5,2051,ON
T_LDV_C_BEV400_N,2035,0.331540867,From MOVES5,2052,ON
T_LDV_C_BEV400_N,2035,0.260922663,From MOVES5,2053,ON
T_LDV_C_BEV400_N,2035,0.203258754,From MOVES5,2054,ON
T_LDV_C_BEV400_N,2035,0.156915758,From MOVES5,2055,ON
T_LDV_C_BEV400_N,2035,0.120354387,From MOVES5,2056,ON
T_LDV_C_BEV400_N,2035,0.091830397,From MOVES5,2057,ON
T_LDV_C_BEV400_N,2035,0.069791102,From MOVES5,2058,ON
T_LDV_C_BEV400_N,2035,0.052831864,From MOVES5,2059,ON
T_LDV_C_BEV400_N,2035,0.039993721,From MOVES5,2060,ON
T_LDV_C_BEV400_N,2035,0.030155266,From MOVES5,2061,ON
T_LDV_C_BEV400_N,2035,0.02273707,From MOVES5,2062,ON
T_LDV_C_BEV400_N,2035,0.012891919,From MOVES5,2063,ON
T_LDV_C_BEV400_N,2035,0.009694723,From MOVES5,2064,ON
T_LDV_C_BEV400_N,2035,0.007290432,From MOVES5,2065,ON
T_LDV_C_BEV400_N,2035,0.005475114,From MOVES5,2066,ON
T_LDV_C_BEV400_N,2035,0.004106336,From MOVES5,2067,ON
T_LDV_C_BEV400_N,2035,0.003079752,From MOVES5,2068,ON
T_LDV_C_BEV400_N,2035,0.002306734,From MOVES5,2069,ON
T_LDV_C_BEV400_N,2035,0.001725437,From MOVES5,2070,ON
T_LDV_C_BEV400_N,2035,0.001288901,From MOVES5,2071,ON
T_LDV_C_BEV400_N,2035,0.000961521,From MOVES5,2072,ON
T_LDV_C_BEV400_N,2035,0.000717294,From MOVES5,2073,ON
T_LDV_C_BEV400_N,2035,0.000534384,From MOVES5,2074,ON
T_LDV_C_BEV400_N,2035,0.000397582,From MOVES5,2075,ON
T_LDV_C_BEV400_N,2035,0.000295403,From MOVES5,2076,ON
T_LDV_C_BEV400_N,2035,0,From MOVES5,2077,ON
T_LDV_C_BEV400_N,2040,1,From MOVES5,2040,ON
T_LDV_C_BEV400_N,2040,0.997,From MOVES5,2041,ON
T_LDV_C_BEV400_N,2040,0.994009,From MOVES5,2042,ON
T_LDV_C_BEV400_N,2040,0.991026973,From MOVES5,2043,ON
T_LDV_C_BEV400_N,2040,0.984089784,From MOVES5,2044,ON
T_LDV_C_BEV400_N,2040,0.974248886,From MOVES5,2045,ON
T_LDV_C_BEV400_N,2040,0.960609402,From MOVES5,2046,ON
T_LDV_C_BEV400_N,2040,0.942357823,From MOVES5,2047,ON
T_LDV_C_BEV400_N,2040,0.919741236,From MOVES5,2048,ON
T_LDV_C_BEV400_N,2040,0.89306874,From MOVES5,2049,ON
T_LDV_C_BEV400_N,2040,0.861811334,From MOVES5,2050,ON
T_LDV_C_BEV400_N,2040,0.826477069,From MOVES5,2051,ON
T_LDV_C_BEV400_N,2040,0.787632647,From MOVES5,2052,ON
T_LDV_C_BEV400_N,2040,0.718320974,From MOVES5,2053,ON
T_LDV_C_BEV400_N,2040,0.613446112,From MOVES5,2054,ON
T_LDV_C_BEV400_N,2040,0.510387165,From MOVES5,2055,ON
T_LDV_C_BEV400_N,2040,0.414944765,From MOVES5,2056,ON
T_LDV_C_BEV400_N,2040,0.331540867,From MOVES5,2057,ON
T_LDV_C_BEV400_N,2040,0.260922663,From MOVES5,2058,ON
T_LDV_C_BEV400_N,2040,0.203258754,From MOVES5,2059,ON
T_LDV_C_BEV400_N,2040,0.156915758,From MOVES5,2060,ON
T_LDV_C_BEV400_N,2040,0.120354387,From MOVES5,2061,ON
T_LDV_C_BEV400_N,2040,0.091830397,From MOVES5,2062,ON
T_LDV_C_BEV400_N,2040,0.069791102,From MOVES5,2063,ON
T_LDV_C_BEV400_N,2040,0.052831864,From MOVES5,2064,ON
T_LDV_C_BEV400_N,2040,0.039993721,From MOVES5,2065,ON
T_LDV_C_BEV400_N,2040,0.030155266,From MOVES5,2066,ON
T_LDV_C_BEV400_N,2040,0.02273707,From MOVES5,2067,ON
T_LDV_C_BEV400_N,2040,0.012891919,From MOVES5,2068,ON
T_LDV_C_BEV400_N,2040,0.009694723,From MOVES5,2069,ON
T_LDV_C_BEV400_N,2040,0.007290432,From MOVES5,2070,ON
T_LDV_C_BEV400_N,2040,0.005475114,From MOVES5,2071,ON
T_LDV_C_BEV400_N,2040,0.004106336,From MOVES5,2072,ON
T_LDV_C_BEV400_N,2040,0.003079752,From MOVES5,2073,ON
T_LDV_C_BEV400_N,2040,0.002306734,From MOVES5,2074,ON
T_LDV_C_BEV400_N,2040,0.001725437,From MOVES5,2075,ON
T_LDV_C_BEV400_N,2040,0.001288901,From MOVES5,2076,ON
T_LDV_C_BEV400_N,2040,0.000961521,From MOVES5,2077,ON
T_LDV_C_BEV400_N,2040,0.000717294,From MOVES5,2078,ON
T_LDV_C_BEV400_N,2040,0.000534384,From MOVES5,2079,ON
T_LDV_C_BEV400_N,2040,0.000397582,From MOVES5,2080,ON
T_LDV_C_BEV400_N,2040,0.000295403,From MOVES5,2081,ON
T_LDV_C_BEV400_N,2040,0,From MOVES5,2082,ON
T_LDV_C_BEV400_N,2045,1,From MOVES5,2045,ON
T_LDV_C_BEV400_N,2045,0.997,From MOVES5,2046,ON
T_LDV_C_BEV400_N,2045,0.994009,From MOVES5,2047,ON
T_LDV_C_BEV400_N,2045,0.991026973,From MOVES5,2048,ON
T_LDV_C_BEV400_N,2045,0.984089784,From MOVES5,2049,ON
T_LDV_C_BEV400_N,2045,0.974248886,From MOVES5,2050,ON
T_LDV_C_BEV400_N,2045,0.960609402,From MOVES5,2051,ON
T_LDV_C_BEV400_N,2045,0.942357823,From MOVES5,2052,ON
T_LDV_C_BEV400_N,2045,0.919741236,From MOVES5,2053,ON
T_LDV_C_BEV400_N,2045,0.89306874,From MOVES5,2054,ON
T_LDV_C_BEV400_N,2045,0.861811334,From MOVES5,2055,ON
T_LDV_C_BEV400_N,2045,0.826477069,From MOVES5,2056,ON
T_LDV_C_BEV400_N,2045,0.787632647,From MOVES5,2057,ON
T_LDV_C_BEV400_N,2045,0.718320974,From MOVES5,2058,ON
T_LDV_C_BEV400_N,2045,0.613446112,From MOVES5,2059,ON
T_LDV_C_BEV400_N,2045,0.510387165,From MOVES5,2060,ON
T_LDV_C_BEV400_N,2045,0.414944765,From MOVES5,2061,ON
T_LDV_C_BEV400_N,2045,0.331540867,From MOVES5,2062,ON
T_LDV_C_BEV400_N,2045,0.260922663,From MOVES5,2063,ON
T_LDV_C_BEV400_N,2045,0.203258754,From MOVES5,2064,ON
T_LDV_C_BEV400_N,2045,0.156915758,From MOVES5,2065,ON
T_LDV_C_BEV400_N,2045,0.120354387,From MOVES5,2066,ON
T_LDV_C_BEV400_N,2045,0.091830397,From MOVES5,2067,ON
T_LDV_C_BEV400_N,2045,0.069791102,From MOVES5,2068,ON
T_LDV_C_BEV400_N,2045,0.052831864,From MOVES5,2069,ON
T_LDV_C_BEV400_N,2045,0.039993721,From MOVES5,2070,ON
T_LDV_C_BEV400_N,2045,0.030155266,From MOVES5,2071,ON
T_LDV_C_BEV400_N,2045,0.02273707,From MOVES5,2072,ON
T_LDV_C_BEV400_N,2045,0.012891919,From MOVES5,2073,ON
T_LDV_C_BEV400_N,2045,0.009694723,From MOVES5,2074,ON
T_LDV_C_BEV400_N,2045,0.007290432,From MOVES5,2075,ON
T_LDV_C_BEV400_N,2045,0.005475114,From MOVES5,2076,ON
T_LDV_C_BEV400_N,2045,0.004106336,From MOVES5,2077,ON
T_LDV_C_BEV400_N,2045,0.003079752,From MOVES5,2078,ON
T_LDV_C_BEV400_N,2045,0.002306734,From MOVES5,2079,ON
T_LDV_C_BEV400_N,2045,0.001725437,From MOVES5,2080,ON
T_LDV_C_BEV400_N,2045,0.001288901,From MOVES5,2081,ON
T_LDV_C_BEV400_N,2045,0.000961521,From MOVES5,2082,ON
T_LDV_C_BEV400_N,2045,0.000717294,From MOVES5,2083,ON
T_LDV_C_BEV400_N,2045,0.000534384,From MOVES5,2084,ON
T_LDV_C_BEV400_N,2045,0.000397582,From MOVES5,2085,ON
T_LDV_C_BEV400_N,2045,0.000295403,From MOVES5,2086,ON
T_LDV_C_BEV400_N,2045,0,From MOVES5,2087,ON
T_LDV_C_BEV400_N,2050,1,From MOVES5,2050,ON
T_LDV_C_BEV400_N,2050,0.997,From MOVES5,2051,ON
T_LDV_C_BEV400_N,2050,0.994009,From MOVES5,2052,ON
T_LDV_C_BEV400_N,2050,0.991026973,From MOVES5,2053,ON
T_LDV_C_BEV400_N,2050,0.984089784,From MOVES5,2054,ON
T_LDV_C_BEV400_N,2050,0.974248886,From MOVES5,2055,ON
T_LDV_C_BEV400_N,2050,0.960609402,From MOVES5,2056,ON
T_LDV_C_BEV400_N,2050,0.942357823,From MOVES5,2057,ON
T_LDV_C_BEV400_N,2050,0.919741236,From MOVES5,2058,ON
T_LDV_C_BEV400_N,2050,0.89306874,From MOVES5,2059,ON
T_LDV_C_BEV400_N,2050,0.861811334,From MOVES5,2060,ON
T_LDV_C_BEV400_N,2050,0.826477069,From MOVES5,2061,ON
T_LDV_C_BEV400_N,2050,0.787632647,From MOVES5,2062,ON
T_LDV_C_BEV400_N,2050,0.718320974,From MOVES5,2063,ON
T_LDV_C_BEV400_N,2050,0.613446112,From MOVES5,2064,ON
T_LDV_C_BEV400_N,2050,0.510387165,From MOVES5,2065,ON
T_LDV_C_BEV400_N,2050,0.414944765,From MOVES5,2066,ON
T_LDV_C_BEV400_N,2050,0.331540867,From MOVES5,2067,ON
T_LDV_C_BEV400_N,2050,0.260922663,From MOVES5,2068,ON
T_LDV_C_BEV400_N,2050,0.203258754,From MOVES5,2069,ON
T_LDV_C_BEV400_N,2050,0.156915758,From MOVES5,2070,ON
T_LDV_C_BEV400_N,2050,0.120354387,From MOVES5,2071,ON
T_LDV_C_BEV400_N,2050,0.091830397,From MOVES5,2072,ON
T_LDV_C_BEV400_N,2050,0.069791102,From MOVES5,2073,ON
T_LDV_C_BEV400_N,2050,0.052831864,From MOVES5,2074,ON
T_LDV_C_BEV400_N,2050,0.039993721,From MOVES5,2075,ON
T_LDV_C_BEV400_N,2050,0.030155266,From MOVES5,2076,ON
T_LDV_C_BEV400_N,2050,0.02273707,From MOVES5,2077,ON
T_LDV_C_BEV400_N,2050,0.012891919,From MOVES5,2078,ON
T_LDV_C_BEV400_N,2050,0.009694723,From MOVES5,2079,ON
T_LDV_C_BEV400_N,2050,0.007290432,From MOVES5,2080,ON
T_LDV_C_BEV400_N,2050,0.005475114,From MOVES5,2081,ON
T_LDV_C_BEV400_N,2050,0.004106336,From MOVES5,2082,ON
T_LDV_C_BEV400_N,2050,0.003079752,From MOVES5,2083,ON
T_LDV_C_BEV400_N,2050,0.002306734,From MOVES5,2084,ON
T_LDV_C_BEV400_N,2050,0.001725437,From MOVES5,2085,ON
T_LDV_C_BEV400_N,2050,0.001288901,From MOVES5,2086,ON
T_LDV_C_BEV400_N,2050,0.000961521,From MOVES5,2087,ON
T_LDV_C_BEV400_N,2050,0.000717294,From MOVES5,2088,ON
T_LDV_C_BEV400_N,2050,0.000534384,From MOVES5,2089,ON
T_LDV_C_BEV400_N,2050,0.000397582,From MOVES5,2090,ON
T_LDV_C_BEV400_N,2050,0.000295403,From MOVES5,2091,ON
T_LDV_C_BEV400_N,2050,0,From MOVES5,2092,ON
T_LDV_C_CNG_N,2025,1,From MOVES5,2025,ON
T_LDV_C_CNG_N,2025,0.997,From MOVES5,2026,ON
T_LDV_C_CNG_N,2025,0.994009,From MOVES5,2027,ON
T_LDV_C_CNG_N,2025,0.991026973,From MOVES5,2028,ON
T_LDV_C_CNG_N,2025,0.984089784,From MOVES5,2029,ON
T_LDV_C_CNG_N,2025,0.974248886,From MOVES5,2030,ON
T_LDV_C_CNG_N,2025,0.960609402,From MOVES5,2031,ON
T_LDV_C_CNG_N,2025,0.942357823,From MOVES5,2032,ON
T_LDV_C_CNG_N,2025,0.919741236,From MOVES5,2033,ON
T_LDV_C_CNG_N,2025,0.89306874,From MOVES5,2034,ON
T_LDV_C_CNG_N,2025,0.861811334,From MOVES5,2035,ON
T_LDV_C_CNG_N,2025,0.826477069,From MOVES5,2036,ON
T_LDV_C_CNG_N,2025,0.787632647,From MOVES5,2037,ON
T_LDV_C_CNG_N,2025,0.718320974,From MOVES5,2038,ON
T_LDV_C_CNG_N,2025,0.613446112,From MOVES5,2039,ON
T_LDV_C_CNG_N,2025,0.510387165,From MOVES5,2040,ON
T_LDV_C_CNG_N,2025,0.414944765,From MOVES5,2041,ON
T_LDV_C_CNG_N,2025,0.331540867,From MOVES5,2042,ON
T_LDV_C_CNG_N,2025,0.260922663,From MOVES5,2043,ON
T_LDV_C_CNG_N,2025,0.203258754,From MOVES5,2044,ON
T_LDV_C_CNG_N,2025,0.156915758,From MOVES5,2045,ON
T_LDV_C_CNG_N,2025,0.120354387,From MOVES5,2046,ON
T_LDV_C_CNG_N,2025,0.091830397,From MOVES5,2047,ON
T_LDV_C_CNG_N,2025,0.069791102,From MOVES5,2048,ON
T_LDV_C_CNG_N,2025,0.052831864,From MOVES5,2049,ON
T_LDV_C_CNG_N,2025,0.039993721,From MOVES5,2050,ON
T_LDV_C_CNG_N,2025,0.030155266,From MOVES5,2051,ON
T_LDV_C_CNG_N,2025,0.02273707,From MOVES5,2052,ON
T_LDV_C_CNG_N,2025,0.012891919,From MOVES5,2053,ON
T_LDV_C_CNG_N,2025,0.009694723,From MOVES5,2054,ON
T_LDV_C_CNG_N,2025,0.007290432,From MOVES5,2055,ON
T_LDV_C_CNG_N,2025,0.005475114,From MOVES5,2056,ON
T_LDV_C_CNG_N,2025,0.004106336,From MOVES5,2057,ON
T_LDV_C_CNG_N,2025,0.003079752,From MOVES5,2058,ON
T_LDV_C_CNG_N,2025,0.002306734,From MOVES5,2059,ON
T_LDV_C_CNG_N,2025,0.001725437,From MOVES5,2060,ON
T_LDV_C_CNG_N,2025,0.001288901,From MOVES5,2061,ON
T_LDV_C_CNG_N,2025,0.000961521,From MOVES5,2062,ON
T_LDV_C_CNG_N,2025,0.000717294,From MOVES5,2063,ON
T_LDV_C_CNG_N,2025,0.000534384,From MOVES5,2064,ON
T_LDV_C_CNG_N,2025,0.000397582,From MOVES5,2065,ON
T_LDV_C_CNG_N,2025,0.000295403,From MOVES5,2066,ON
T_LDV_C_CNG_N,2025,0,From MOVES5,2067,ON
T_LDV_C_CNG_N,2030,1,From MOVES5,2030,ON
T_LDV_C_CNG_N,2030,0.997,From MOVES5,2031,ON
T_LDV_C_CNG_N,2030,0.994009,From MOVES5,2032,ON
T_LDV_C_CNG_N,2030,0.991026973,From MOVES5,2033,ON
T_LDV_C_CNG_N,2030,0.984089784,From MOVES5,2034,ON
T_LDV_C_CNG_N,2030,0.974248886,From MOVES5,2035,ON
T_LDV_C_CNG_N,2030,0.960609402,From MOVES5,2036,ON
T_LDV_C_CNG_N,2030,0.942357823,From MOVES5,2037,ON
T_LDV_C_CNG_N,2030,0.919741236,From MOVES5,2038,ON
T_LDV_C_CNG_N,2030,0.89306874,From MOVES5,2039,ON
T_LDV_C_CNG_N,2030,0.861811334,From MOVES5,2040,ON
T_LDV_C_CNG_N,2030,0.826477069,From MOVES5,2041,ON
T_LDV_C_CNG_N,2030,0.787632647,From MOVES5,2042,ON
T_LDV_C_CNG_N,2030,0.718320974,From MOVES5,2043,ON
T_LDV_C_CNG_N,2030,0.613446112,From MOVES5,2044,ON
T_LDV_C_CNG_N,2030,0.510387165,From MOVES5,2045,ON
T_LDV_C_CNG_N,2030,0.414944765,From MOVES5,2046,ON
T_LDV_C_CNG_N,2030,0.331540867,From MOVES5,2047,ON
T_LDV_C_CNG_N,2030,0.260922663,From MOVES5,2048,ON
T_LDV_C_CNG_N,2030,0.203258754,From MOVES5,2049,ON
T_LDV_C_CNG_N,2030,0.156915758,From MOVES5,2050,ON
T_LDV_C_CNG_N,2030,0.120354387,From MOVES5,2051,ON
T_LDV_C_CNG_N,2030,0.091830397,From MOVES5,2052,ON
T_LDV_C_CNG_N,2030,0.069791102,From MOVES5,2053,ON
T_LDV_C_CNG_N,2030,0.052831864,From MOVES5,2054,ON
T_LDV_C_CNG_N,2030,0.039993721,From MOVES5,2055,ON
T_LDV_C_CNG_N,2030,0.030155266,From MOVES5,2056,ON
T_LDV_C_CNG_N,2030,0.02273707,From MOVES5,2057,ON
T_LDV_C_CNG_N,2030,0.012891919,From MOVES5,2058,ON
T_LDV_C_CNG_N,2030,0.009694723,From MOVES5,2059,ON
T_LDV_C_CNG_N,2030,0.007290432,From MOVES5,2060,ON
T_LDV_C_CNG_N,2030,0.005475114,From MOVES5,2061,ON
T_LDV_C_CNG_N,2030,0.004106336,From MOVES5,2062,ON
T_LDV_C_CNG_N,2030,0.003079752,From MOVES5,2063,ON
T_LDV_C_CNG_N,2030,0.002306734,From MOVES5,2064,ON
T_LDV_C_CNG_N,2030,0.001725437,From MOVES5,2065,ON
T_LDV_C_CNG_N,2030,0.001288901,From MOVES5,2066,ON
T_LDV_C_CNG_N,2030,0.000961521,From MOVES5,2067,ON
T_LDV_C_CNG_N,2030,0.000717294,From MOVES5,2068,ON
T_LDV_C_CNG_N,2030,0.000534384,From MOVES5,2069,ON
T_LDV_C_CNG_N,2030,0.000397582,From MOVES5,2070,ON
T_LDV_C_CNG_N,2030,0.000295403,From MOVES5,2071,ON
T_LDV_C_CNG_N,2030,0,From MOVES5,2072,ON
T_LDV_C_CNG_N,2035,1,From MOVES5,2035,ON
T_LDV_C_CNG_N,2035,0.997,From MOVES5,2036,ON
T_LDV_C_CNG_N,2035,0.994009,From MOVES5,2037,ON
T_LDV_C_CNG_N,2035,0.991026973,From MOVES5,2038,ON
T_LDV_C_CNG_N,2035,0.984089784,From MOVES5,2039,ON
T_LDV_C_CNG_N,2035,0.974248886,From MOVES5,2040,ON
T_LDV_C_CNG_N,2035,0.960609402,From MOVES5,2041,ON
T_LDV_C_CNG_N,2035,0.942357823,From MOVES5,2042,ON
T_LDV_C_CNG_N,2035,0.919741236,From MOVES5,2043,ON
T_LDV_C_CNG_N,2035,0.89306874,From MOVES5,2044,ON
T_LDV_C_CNG_N,2035,0.861811334,From MOVES5,2045,ON
T_LDV_C_CNG_N,2035,0.826477069,From MOVES5,2046,ON
T_LDV_C_CNG_N,2035,0.787632647,From MOVES5,2047,ON
T_LDV_C_CNG_N,2035,0.718320974,From MOVES5,2048,ON
T_LDV_C_CNG_N,2035,0.613446112,From MOVES5,2049,ON
T_LDV_C_CNG_N,2035,0.510387165,From MOVES5,2050,ON
T_LDV_C_CNG_N,2035,0.414944765,From MOVES5,2051,ON
T_LDV_C_CNG_N,2035,0.331540867,From MOVES5,2052,ON
T_LDV_C_CNG_N,2035,0.260922663,From MOVES5,2053,ON
T_LDV_C_CNG_N,2035,0.203258754,From MOVES5,2054,ON
T_LDV_C_CNG_N,2035,0.156915758,From MOVES5,2055,ON
T_LDV_C_CNG_N,2035,0.120354387,From MOVES5,2056,ON
T_LDV_C_CNG_N,2035,0.091830397,From MOVES5,2057,ON
T_LDV_C_CNG_N,2035,0.069791102,From MOVES5,2058,ON
T_LDV_C_CNG_N,2035,0.052831864,From MOVES5,2059,ON
T_LDV_C_CNG_N,2035,0.039993721,From MOVES5,2060,ON
T_LDV_C_CNG_N,2035,0.030155266,From MOVES5,2061,ON
T_LDV_C_CNG_N,2035,0.02273707,From MOVES5,2062,ON
T_LDV_C_CNG_N,2035,0.012891919,From MOVES5,2063,ON
T_LDV_C_CNG_N,2035,0.009694723,From MOVES5,2064,ON
T_LDV_C_CNG_N,2035,0.007290432,From MOVES5,2065,ON
T_LDV_C_CNG_N,2035,0.005475114,From MOVES5,2066,ON
T_LDV_C_CNG_N,2035,0.004106336,From MOVES5,2067,ON
T_LDV_C_CNG_N,2035,0.003079752,From MOVES5,2068,ON
T_LDV_C_CNG_N,2035,0.002306734,From MOVES5,2069,ON
T_LDV_C_CNG_N,2035,0.001725437,From MOVES5,2070,ON
T_LDV_C_CNG_N,2035,0.001288901,From MOVES5,2071,ON
T_LDV_C_CNG_N,2035,0.000961521,From MOVES5,2072,ON
T_LDV_C_CNG_N,2035,0.000717294,From MOVES5,2073,ON
T_LDV_C_CNG_N,2035,0.000534384,From MOVES5,2074,ON
T_LDV_C_CNG_N,2035,0.000397582,From MOVES5,2075,ON
T_LDV_C_CNG_N,2035,0.000295403,From MOVES5,2076,ON
T_LDV_C_CNG_N,2035,0,From MOVES5,2077,ON
T_LDV_C_CNG_N,2040,1,From MOVES5,2040,ON
T_LDV_C_CNG_N,2040,0.997,From MOVES5,2041,ON
T_LDV_C_CNG_N,2040,0.994009,From MOVES5,2042,ON
T_LDV_C_CNG_N,2040,0.991026973,From MOVES5,2043,ON
T_LDV_C_CNG_N,2040,0.984089784,From MOVES5,2044,ON
T_LDV_C_CNG_N,2040,0.974248886,From MOVES5,2045,ON
T_LDV_C_CNG_N,2040,0.960609402,From MOVES5,2046,ON
T_LDV_C_CNG_N,2040,0.942357823,From MOVES5,2047,ON
T_LDV_C_CNG_N,2040,0.919741236,From MOVES5,2048,ON
T_LDV_C_CNG_N,2040,0.89306874,From MOVES5,2049,ON
T_LDV_C_CNG_N,2040,0.861811334,From MOVES5,2050,ON
T_LDV_C_CNG_N,2040,0.826477069,From MOVES5,2051,ON
T_LDV_C_CNG_N,2040,0.787632647,From MOVES5,2052,ON
T_LDV_C_CNG_N,2040,0.718320974,From MOVES5,2053,ON
T_LDV_C_CNG_N,2040,0.613446112,From MOVES5,2054,ON
T_LDV_C_CNG_N,2040,0.510387165,From MOVES5,2055,ON
T_LDV_C_CNG_N,2040,0.414944765,From MOVES5,2056,ON
T_LDV_C_CNG_N,2040,0.331540867,From MOVES5,2057,ON
T_LDV_C_CNG_N,2040,0.260922663,From MOVES5,2058,ON
T_LDV_C_CNG_N,2040,0.203258754,From MOVES5,2059,ON
T_LDV_C_CNG_N,2040,0.156915758,From MOVES5,2060,ON
T_LDV_C_CNG_N,2040,0.120354387,From MOVES5,2061,ON
T_LDV_C_CNG_N,2040,0.091830397,From MOVES5,2062,ON
T_LDV_C_CNG_N,2040,0.069791102,From MOVES5,2063,ON
T_LDV_C_CNG_N,2040,0.052831864,From MOVES5,2064,ON
T_LDV_C_CNG_N,2040,0.039993721,From MOVES5,2065,ON
T_LDV_C_CNG_N,2040,0.030155266,From MOVES5,2066,ON
T_LDV_C_CNG_N,2040,0.02273707,From MOVES5,2067,ON
T_LDV_C_CNG_N,2040,0.012891919,From MOVES5,2068,ON
T_LDV_C_CNG_N,2040,0.009694723,From MOVES5,2069,ON
T_LDV_C_CNG_N,2040,0.007290432,From MOVES5,2070,ON
T_LDV_C_CNG_N,2040,0.005475114,From MOVES5,2071,ON
T_LDV_C_CNG_N,2040,0.004106336,From MOVES5,2072,ON
T_LDV_C_CNG_N,2040,0.003079752,From MOVES5,2073,ON
T_LDV_C_CNG_N,2040,0.002306734,From MOVES5,2074,ON
T_LDV_C_CNG_N,2040,0.001725437,From MOVES5,2075,ON
T_LDV_C_CNG_N,2040,0.001288901,From MOVES5,2076,ON
T_LDV_C_CNG_N,2040,0.000961521,From MOVES5,2077,ON
T_LDV_C_CNG_N,2040,0.000717294,From MOVES5,2078,ON
T_LDV_C_CNG_N,2040,0.000534384,From MOVES5,2079,ON
T_LDV_C_CNG_N,2040,0.000397582,From MOVES5,2080,ON
T_LDV_C_CNG_N,2040,0.000295403,From MOVES5,2081,ON
T_LDV_C_CNG_N,2040,0,From MOVES5,2082,ON
T_LDV_C_CNG_N,2045,1,From MOVES5,2045,ON
T_LDV_C_CNG_N,2045,0.997,From MOVES5,2046,ON
T_LDV_C_CNG_N,2045,0.994009,From MOVES5,2047,ON
T_LDV_C_CNG_N,2045,0.991026973,From MOVES5,2048,ON
T_LDV_C_CNG_N,2045,0.984089784,From MOVES5,2049,ON
T_LDV_C_CNG_N,2045,0.974248886,From MOVES5,2050,ON
T_LDV_C_CNG_N,2045,0.960609402,From MOVES5,2051,ON
T_LDV_C_CNG_N,2045,0.942357823,From MOVES5,2052,ON
T_LDV_C_CNG_N,2045,0.919741236,From MOVES5,2053,ON
T_LDV_C_CNG_N,2045,0.89306874,From MOVES5,2054,ON
T_LDV_C_CNG_N,2045,0.861811334,From MOVES5,2055,ON
T_LDV_C_CNG_N,2045,0.826477069,From MOVES5,2056,ON
T_LDV_C_CNG_N,2045,0.787632647,From MOVES5,2057,ON
T_LDV_C_CNG_N,2045,0.718320974,From MOVES5,2058,ON
T_LDV_C_CNG_N,2045,0.613446112,From MOVES5,2059,ON
T_LDV_C_CNG_N,2045,0.510387165,From MOVES5,2060,ON
T_LDV_C_CNG_N,2045,0.414944765,From MOVES5,2061,ON
T_LDV_C_CNG_N,2045,0.331540867,From MOVES5,2062,ON
T_LDV_C_CNG_N,2045,0.260922663,From MOVES5,2063,ON
T_LDV_C_CNG_N,2045,0.203258754,From MOVES5,2064,ON
T_LDV_C_CNG_N,2045,0.156915758,From MOVES5,2065,ON
T_LDV_C_CNG_N,2045,0.120354387,From MOVES5,2066,ON
T_LDV_C_CNG_N,2045,0.091830397,From MOVES5,2067,ON
T_LDV_C_CNG_N,2045,0.069791102,From MOVES5,2068,ON
T_LDV_C_CNG_N,2045,0.052831864,From MOVES5,2069,ON
T_LDV_C_CNG_N,2045,0.039993721,From MOVES5,2070,ON
T_LDV_C_CNG_N,2045,0.030155266,From MOVES5,2071,ON
T_LDV_C_CNG_N,2045,0.02273707,From MOVES5,2072,ON
T_LDV_C_CNG_N,2045,0.012891919,From MOVES5,2073,ON
T_LDV_C_CNG_N,2045,0.009694723,From MOVES5,2074,ON
T_LDV_C_CNG_N,2045,0.007290432,From MOVES5,2075,ON
T_LDV_C_CNG_N,2045,0.005475114,From MOVES5,2076,ON
T_LDV_C_CNG_N,2045,0.004106336,From MOVES5,2077,ON
T_LDV_C_CNG_N,2045,0.003079752,From MOVES5,2078,ON
T_LDV_C_CNG_N,2045,0.002306734,From MOVES5,2079,ON
T_LDV_C_CNG_N,2045,0.001725437,From MOVES5,2080,ON
T_LDV_C_CNG_N,2045,0.001288901,From MOVES5,2081,ON
T_LDV_C_CNG_N,2045,0.000961521,From MOVES5,2082,ON
T_LDV_C_CNG_N,2045,0.000717294,From MOVES5,2083,ON
T_LDV_C_CNG_N,2045,0.000534384,From MOVES5,2084,ON
T_LDV_C_CNG_N,2045,0.000397582,From MOVES5,2085,ON
T_LDV_C_CNG_N,2045,0.000295403,From MOVES5,2086,ON
T_LDV_C_CNG_N,2045,0,From MOVES5,2087,ON
T_LDV_C_CNG_N,2050,1,From MOVES5,2050,ON
T_LDV_C_CNG_N,2050,0.997,From MOVES5,2051,ON
T_LDV_C_CNG_N,2050,0.994009,From MOVES5,2052,ON
T_LDV_C_CNG_N,2050,0.991026973,From MOVES5,2053,ON
T_LDV_C_CNG_N,2050,0.984089784,From MOVES5,2054,ON
T_LDV_C_CNG_N,2050,0.974248886,From MOVES5,2055,ON
T_LDV_C_CNG_N,2050,0.960609402,From MOVES5,2056,ON
T_LDV_C_CNG_N,2050,0.942357823,From MOVES5,2057,ON
T_LDV_C_CNG_N,2050,0.919741236,From MOVES5,2058,ON
T_LDV_C_CNG_N,2050,0.89306874,From MOVES5,2059,ON
T_LDV_C_CNG_N,2050,0.861811334,From MOVES5,2060,ON
T_LDV_C_CNG_N,2050,0.826477069,From MOVES5,2061,ON
T_LDV_C_CNG_N,2050,0.787632647,From MOVES5,2062,ON
T_LDV_C_CNG_N,2050,0.718320974,From MOVES5,2063,ON
T_LDV_C_CNG_N,2050,0.613446112,From MOVES5,2064,ON
T_LDV_C_CNG_N,2050,0.510387165,From MOVES5,2065,ON
T_LDV_C_CNG_N,2050,0.414944765,From MOVES5,2066,ON
T_LDV_C_CNG_N,2050,0.331540867,From MOVES5,2067,ON
T_LDV_C_CNG_N,2050,0.260922663,From MOVES5,2068,ON
T_LDV_C_CNG_N,2050,0.203258754,From MOVES5,2069,ON
T_LDV_C_CNG_N,2050,0.156915758,From MOVES5,2070,ON
T_LDV_C_CNG_N,2050,0.120354387,From MOVES5,2071,ON
T_LDV_C_CNG_N,2050,0.091830397,From MOVES5,2072,ON
T_LDV_C_CNG_N,2050,0.069791102,From MOVES5,2073,ON
T_LDV_C_CNG_N,2050,0.052831864,From MOVES5,2074,ON
T_LDV_C_CNG_N,2050,0.039993721,From MOVES5,2075,ON
T_LDV_C_CNG_N,2050,0.030155266,From MOVES5,2076,ON
T_LDV_C_CNG_N,2050,0.02273707,From MOVES5,2077,ON
T_LDV_C_CNG_N,2050,0.012891919,From MOVES5,2078,ON
T_LDV_C_CNG_N,2050,0.009694723,From MOVES5,2079,ON
T_LDV_C_CNG_N,2050,0.007290432,From MOVES5,2080,ON
T_LDV_C_CNG_N,2050,0.005475114,From MOVES5,2081,ON
T_LDV_C_CNG_N,2050,0.004106336,From MOVES5,2082,ON
T_LDV_C_CNG_N,2050,0.003079752,From MOVES5,2083,ON
T_LDV_C_CNG_N,2050,0.002306734,From MOVES5,2084,ON
T_LDV_C_CNG_N,2050,0.001725437,From MOVES5,2085,ON
T_LDV_C_CNG_N,2050,0.001288901,From MOVES5,2086,ON
T_LDV_C_CNG_N,2050,0.000961521,From MOVES5,2087,ON
T_LDV_C_CNG_N,2050,0.000717294,From MOVES5,2088,ON
T_LDV_C_CNG_N,2050,0.000534384,From MOVES5,2089,ON
T_LDV_C_CNG_N,2050,0.000397582,From MOVES5,2090,ON
T_LDV_C_CNG_N,2050,0.000295403,From MOVES5,2091,ON
T_LDV_C_CNG_N,2050,0,From MOVES5,2092,ON
T_LDV_C_DSL_EX,2010,1,From MOVES5,2010,ON
T_LDV_C_DSL_EX,2010,0.997,From MOVES5,2011,ON
T_LDV_C_DSL_EX,2010,0.994009,From MOVES5,2012,ON
T_LDV_C_DSL_EX,2010,0.991026973,From MOVES5,2013,ON
T_LDV_C_DSL_EX,2010,0.984089784,From MOVES5,2014,ON
T_LDV_C_DSL_EX,2010,0.974248886,From MOVES5,2015,ON
T_LDV_C_DSL_EX,2010,0.960609402,From MOVES5,2016,ON
T_LDV_C_DSL_EX,2010,0.942357823,From MOVES5,2017,ON
T_LDV_C_DSL_EX,2010,0.919741236,From MOVES5,2018,ON
T_LDV_C_DSL_EX,2010,0.89306874,From MOVES5,2019,ON
T_LDV_C_DSL_EX,2010,0.861811334,From MOVES5,2020,ON
T_LDV_C_DSL_EX,2010,0.826477069,From MOVES5,2021,ON
T_LDV_C_DSL_EX,2010,0.787632647,From MOVES5,2022,ON
T_LDV_C_DSL_EX,2010,0.718320974,From MOVES5,2023,ON
T_LDV_C_DSL_EX,2010,0.613446112,From MOVES5,2024,ON
T_LDV_C_DSL_EX,2010,0.510387165,From MOVES5,2025,ON
T_LDV_C_DSL_EX,2010,0.414944765,From MOVES5,2026,ON
T_LDV_C_DSL_EX,2010,0.331540867,From MOVES5,2027,ON
T_LDV_C_DSL_EX,2010,0.260922663,From MOVES5,2028,ON
T_LDV_C_DSL_EX,2010,0.203258754,From MOVES5,2029,ON
T_LDV_C_DSL_EX,2010,0.156915758,From MOVES5,2030,ON
T_LDV_C_DSL_EX,2010,0.120354387,From MOVES5,2031,ON
T_LDV_C_DSL_EX,2010,0.091830397,From MOVES5,2032,ON
T_LDV_C_DSL_EX,2010,0.069791102,From MOVES5,2033,ON
T_LDV_C_DSL_EX,2010,0.052831864,From MOVES5,2034,ON
T_LDV_C_DSL_EX,2010,0.039993721,From MOVES5,2035,ON
T_LDV_C_DSL_EX,2010,0.030155266,From MOVES5,2036,ON
T_LDV_C_DSL_EX,2010,0.02273707,From MOVES5,2037,ON
T_LDV_C_DSL_EX,2010,0.012891919,From MOVES5,2038,ON
T_LDV_C_DSL_EX,2010,0.009694723,From MOVES5,2039,ON
T_LDV_C_DSL_EX,2010,0.007290432,From MOVES5,2040,ON
T_LDV_C_DSL_EX,2010,0.005475114,From MOVES5,2041,ON
T_LDV_C_DSL_EX,2010,0.004106336,From MOVES5,2042,ON
T_LDV_C_DSL_EX,2010,0.003079752,From MOVES5,2043,ON
T_LDV_C_DSL_EX,2010,0.002306734,From MOVES5,2044,ON
T_LDV_C_DSL_EX,2010,0.001725437,From MOVES5,2045,ON
T_LDV_C_DSL_EX,2010,0.001288901,From MOVES5,2046,ON
T_LDV_C_DSL_EX,2010,0.000961521,From MOVES5,2047,ON
T_LDV_C_DSL_EX,2010,0.000717294,From MOVES5,2048,ON
T_LDV_C_DSL_EX,2010,0.000534384,From MOVES5,2049,ON
T_LDV_C_DSL_EX,2010,0.000397582,From MOVES5,2050,ON
T_LDV_C_DSL_EX,2010,0.000295403,From MOVES5,2051,ON
T_LDV_C_DSL_EX,2010,0,From MOVES5,2052,ON
T_LDV_C_DSL_EX,2015,1,From MOVES5,2015,ON
T_LDV_C_DSL_EX,2015,0.997,From MOVES5,2016,ON
T_LDV_C_DSL_EX,2015,0.994009,From MOVES5,2017,ON
T_LDV_C_DSL_EX,2015,0.991026973,From MOVES5,2018,ON
T_LDV_C_DSL_EX,2015,0.984089784,From MOVES5,2019,ON
T_LDV_C_DSL_EX,2015,0.974248886,From MOVES5,2020,ON
T_LDV_C_DSL_EX,2015,0.960609402,From MOVES5,2021,ON
T_LDV_C_DSL_EX,2015,0.942357823,From MOVES5,2022,ON
T_LDV_C_DSL_EX,2015,0.919741236,From MOVES5,2023,ON
T_LDV_C_DSL_EX,2015,0.89306874,From MOVES5,2024,ON
T_LDV_C_DSL_EX,2015,0.861811334,From MOVES5,2025,ON
T_LDV_C_DSL_EX,2015,0.826477069,From MOVES5,2026,ON
T_LDV_C_DSL_EX,2015,0.787632647,From MOVES5,2027,ON
T_LDV_C_DSL_EX,2015,0.718320974,From MOVES5,2028,ON
T_LDV_C_DSL_EX,2015,0.613446112,From MOVES5,2029,ON
T_LDV_C_DSL_EX,2015,0.510387165,From MOVES5,2030,ON
T_LDV_C_DSL_EX,2015,0.414944765,From MOVES5,2031,ON
T_LDV_C_DSL_EX,2015,0.331540867,From MOVES5,2032,ON
T_LDV_C_DSL_EX,2015,0.260922663,From MOVES5,2033,ON
T_LDV_C_DSL_EX,2015,0.203258754,From MOVES5,2034,ON
T_LDV_C_DSL_EX,2015,0.156915758,From MOVES5,2035,ON
T_LDV_C_DSL_EX,2015,0.120354387,From MOVES5,2036,ON
T_LDV_C_DSL_EX,2015,0.091830397,From MOVES5,2037,ON
T_LDV_C_DSL_EX,2015,0.069791102,From MOVES5,2038,ON
T_LDV_C_DSL_EX,2015,0.052831864,From MOVES5,2039,ON
T_LDV_C_DSL_EX,2015,0.039993721,From MOVES5,2040,ON
T_LDV_C_DSL_EX,2015,0.030155266,From MOVES5,2041,ON
T_LDV_C_DSL_EX,2015,0.02273707,From MOVES5,2042,ON
T_LDV_C_DSL_EX,2015,0.012891919,From MOVES5,2043,ON
T_LDV_C_DSL_EX,2015,0.009694723,From MOVES5,2044,ON
T_LDV_C_DSL_EX,2015,0.007290432,From MOVES5,2045,ON
T_LDV_C_DSL_EX,2015,0.005475114,From MOVES5,2046,ON
T_LDV_C_DSL_EX,2015,0.004106336,From MOVES5,2047,ON
T_LDV_C_DSL_EX,2015,0.003079752,From MOVES5,2048,ON
T_LDV_C_DSL_EX,2015,0.002306734,From MOVES5,2049,ON
T_LDV_C_DSL_EX,2015,0.001725437,From MOVES5,2050,ON
T_LDV_C_DSL_EX,2015,0.001288901,From MOVES5,2051,ON
T_LDV_C_DSL_EX,2015,0.000961521,From MOVES5,2052,ON
T_LDV_C_DSL_EX,2015,0.000717294,From MOVES5,2053,ON
T_LDV_C_DSL_EX,2015,0.000534384,From MOVES5,2054,ON
T_LDV_C_DSL_EX,2015,0.000397582,From MOVES5,2055,ON
T_LDV_C_DSL_EX,2015,0.000295403,From MOVES5,2056,ON
T_LDV_C_DSL_EX,2015,0,From MOVES5,2057,ON
T_LDV_C_DSL_EX,2020,1,From MOVES5,2020,ON
T_LDV_C_DSL_EX,2020,0.997,From MOVES5,2021,ON
T_LDV_C_DSL_EX,2020,0.994009,From MOVES5,2022,ON
T_LDV_C_DSL_EX,2020,0.991026973,From MOVES5,2023,ON
T_LDV_C_DSL_EX,2020,0.984089784,From MOVES5,2024,ON
T_LDV_C_DSL_EX,2020,0.974248886,From MOVES5,2025,ON
T_LDV_C_DSL_EX,2020,0.960609402,From MOVES5,2026,ON
T_LDV_C_DSL_EX,2020,0.942357823,From MOVES5,2027,ON
T_LDV_C_DSL_EX,2020,0.919741236,From MOVES5,2028,ON
T_LDV_C_DSL_EX,2020,0.89306874,From MOVES5,2029,ON
T_LDV_C_DSL_EX,2020,0.861811334,From MOVES5,2030,ON
T_LDV_C_DSL_EX,2020,0.826477069,From MOVES5,2031,ON
T_LDV_C_DSL_EX,2020,0.787632647,From MOVES5,2032,ON
T_LDV_C_DSL_EX,2020,0.718320974,From MOVES5,2033,ON
T_LDV_C_DSL_EX,2020,0.613446112,From MOVES5,2034,ON
T_LDV_C_DSL_EX,2020,0.510387165,From MOVES5,2035,ON
T_LDV_C_DSL_EX,2020,0.414944765,From MOVES5,2036,ON
T_LDV_C_DSL_EX,2020,0.331540867,From MOVES5,2037,ON
T_LDV_C_DSL_EX,2020,0.260922663,From MOVES5,2038,ON
T_LDV_C_DSL_EX,2020,0.203258754,From MOVES5,2039,ON
T_LDV_C_DSL_EX,2020,0.156915758,From MOVES5,2040,ON
T_LDV_C_DSL_EX,2020,0.120354387,From MOVES5,2041,ON
T_LDV_C_DSL_EX,2020,0.091830397,From MOVES5,2042,ON
T_LDV_C_DSL_EX,2020,0.069791102,From MOVES5,2043,ON
T_LDV_C_DSL_EX,2020,0.052831864,From MOVES5,2044,ON
T_LDV_C_DSL_EX,2020,0.039993721,From MOVES5,2045,ON
T_LDV_C_DSL_EX,2020,0.030155266,From MOVES5,2046,ON
T_LDV_C_DSL_EX,2020,0.02273707,From MOVES5,2047,ON
T_LDV_C_DSL_EX,2020,0.012891919,From MOVES5,2048,ON
T_LDV_C_DSL_EX,2020,0.009694723,From MOVES5,2049,ON
T_LDV_C_DSL_EX,2020,0.007290432,From MOVES5,2050,ON
T_LDV_C_DSL_EX,2020,0.005475114,From MOVES5,2051,ON
T_LDV_C_DSL_EX,2020,0.004106336,From MOVES5,2052,ON
T_LDV_C_DSL_EX,2020,0.003079752,From MOVES5,2053,ON
T_LDV_C_DSL_EX,2020,0.002306734,From MOVES5,2054,ON
T_LDV_C_DSL_EX,2020,0.001725437,From MOVES5,2055,ON
T_LDV_C_DSL_EX,2020,0.001288901,From MOVES5,2056,ON
T_LDV_C_DSL_EX,2020,0.000961521,From MOVES5,2057,ON
T_LDV_C_DSL_EX,2020,0.000717294,From MOVES5,2058,ON
T_LDV_C_DSL_EX,2020,0.000534384,From MOVES5,2059,ON
T_LDV_C_DSL_EX,2020,0.000397582,From MOVES5,2060,ON
T_LDV_C_DSL_EX,2020,0.000295403,From MOVES5,2061,ON
T_LDV_C_DSL_EX,2020,0,From MOVES5,2062,ON
T_LDV_C_DSL_N,2025,1,From MOVES5,2025,ON
T_LDV_C_DSL_N,2025,0.997,From MOVES5,2026,ON
T_LDV_C_DSL_N,2025,0.994009,From MOVES5,2027,ON
T_LDV_C_DSL_N,2025,0.991026973,From MOVES5,2028,ON
T_LDV_C_DSL_N,2025,0.984089784,From MOVES5,2029,ON
T_LDV_C_DSL_N,2025,0.974248886,From MOVES5,2030,ON
T_LDV_C_DSL_N,2025,0.960609402,From MOVES5,2031,ON
T_LDV_C_DSL_N,2025,0.942357823,From MOVES5,2032,ON
T_LDV_C_DSL_N,2025,0.919741236,From MOVES5,2033,ON
T_LDV_C_DSL_N,2025,0.89306874,From MOVES5,2034,ON
T_LDV_C_DSL_N,2025,0.861811334,From MOVES5,2035,ON
T_LDV_C_DSL_N,2025,0.826477069,From MOVES5,2036,ON
T_LDV_C_DSL_N,2025,0.787632647,From MOVES5,2037,ON
T_LDV_C_DSL_N,2025,0.718320974,From MOVES5,2038,ON
T_LDV_C_DSL_N,2025,0.613446112,From MOVES5,2039,ON
T_LDV_C_DSL_N,2025,0.510387165,From MOVES5,2040,ON
T_LDV_C_DSL_N,2025,0.414944765,From MOVES5,2041,ON
T_LDV_C_DSL_N,2025,0.331540867,From MOVES5,2042,ON
T_LDV_C_DSL_N,2025,0.260922663,From MOVES5,2043,ON
T_LDV_C_DSL_N,2025,0.203258754,From MOVES5,2044,ON
T_LDV_C_DSL_N,2025,0.156915758,From MOVES5,2045,ON
T_LDV_C_DSL_N,2025,0.120354387,From MOVES5,2046,ON
T_LDV_C_DSL_N,2025,0.091830397,From MOVES5,2047,ON
T_LDV_C_DSL_N,2025,0.069791102,From MOVES5,2048,ON
T_LDV_C_DSL_N,2025,0.052831864,From MOVES5,2049,ON
T_LDV_C_DSL_N,2025,0.039993721,From MOVES5,2050,ON
T_LDV_C_DSL_N,2025,0.030155266,From MOVES5,2051,ON
T_LDV_C_DSL_N,2025,0.02273707,From MOVES5,2052,ON
T_LDV_C_DSL_N,2025,0.012891919,From MOVES5,2053,ON
T_LDV_C_DSL_N,2025,0.009694723,From MOVES5,2054,ON
T_LDV_C_DSL_N,2025,0.007290432,From MOVES5,2055,ON
T_LDV_C_DSL_N,2025,0.005475114,From MOVES5,2056,ON
T_LDV_C_DSL_N,2025,0.004106336,From MOVES5,2057,ON
T_LDV_C_DSL_N,2025,0.003079752,From MOVES5,2058,ON
T_LDV_C_DSL_N,2025,0.002306734,From MOVES5,2059,ON
T_LDV_C_DSL_N,2025,0.001725437,From MOVES5,2060,ON
T_LDV_C_DSL_N,2025,0.001288901,From MOVES5,2061,ON
T_LDV_C_DSL_N,2025,0.000961521,From MOVES5,2062,ON
T_LDV_C_DSL_N,2025,0.000717294,From MOVES5,2063,ON
T_LDV_C_DSL_N,2025,0.000534384,From MOVES5,2064,ON
T_LDV_C_DSL_N,2025,0.000397582,From MOVES5,2065,ON
T_LDV_C_DSL_N,2025,0.000295403,From MOVES5,2066,ON
T_LDV_C_DSL_N,2025,0,From MOVES5,2067,ON
T_LDV_C_DSL_N,2030,1,From MOVES5,2030,ON
T_LDV_C_DSL_N,2030,0.997,From MOVES5,2031,ON
T_LDV_C_DSL_N,2030,0.994009,From MOVES5,2032,ON
T_LDV_C_DSL_N,2030,0.991026973,From MOVES5,2033,ON
T_LDV_C_DSL_N,2030,0.984089784,From MOVES5,2034,ON
T_LDV_C_DSL_N,2030,0.974248886,From MOVES5,2035,ON
T_LDV_C_DSL_N,2030,0.960609402,From MOVES5,2036,ON
T_LDV_C_DSL_N,2030,0.942357823,From MOVES5,2037,ON
T_LDV_C_DSL_N,2030,0.919741236,From MOVES5,2038,ON
T_LDV_C_DSL_N,2030,0.89306874,From MOVES5,2039,ON
T_LDV_C_DSL_N,2030,0.861811334,From MOVES5,2040,ON
T_LDV_C_DSL_N,2030,0.826477069,From MOVES5,2041,ON
T_LDV_C_DSL_N,2030,0.787632647,From MOVES5,2042,ON
T_LDV_C_DSL_N,2030,0.718320974,From MOVES5,2043,ON
T_LDV_C_DSL_N,2030,0.613446112,From MOVES5,2044,ON
T_LDV_C_DSL_N,2030,0.510387165,From MOVES5,2045,ON
T_LDV_C_DSL_N,2030,0.414944765,From MOVES5,2046,ON
T_LDV_C_DSL_N,2030,0.331540867,From MOVES5,2047,ON
T_LDV_C_DSL_N,2030,0.260922663,From MOVES5,2048,ON
T_LDV_C_DSL_N,2030,0.203258754,From MOVES5,2049,ON
T_LDV_C_DSL_N,2030,0.156915758,From MOVES5,2050,ON
T_LDV_C_DSL_N,2030,0.120354387,From MOVES5,2051,ON
T_LDV_C_DSL_N,2030,0.091830397,From MOVES5,2052,ON
T_LDV_C_DSL_N,2030,0.069791102,From MOVES5,2053,ON
T_LDV_C_DSL_N,2030,0.052831864,From MOVES5,2054,ON
T_LDV_C_DSL_N,2030,0.039993721,From MOVES5,2055,ON
T_LDV_C_DSL_N,2030,0.030155266,From MOVES5,2056,ON
T_LDV_C_DSL_N,2030,0.02273707,From MOVES5,2057,ON
T_LDV_C_DSL_N,2030,0.012891919,From MOVES5,2058,ON
T_LDV_C_DSL_N,2030,0.009694723,From MOVES5,2059,ON
T_LDV_C_DSL_N,2030,0.007290432,From MOVES5,2060,ON
T_LDV_C_DSL_N,2030,0.005475114,From MOVES5,2061,ON
T_LDV_C_DSL_N,2030,0.004106336,From MOVES5,2062,ON
T_LDV_C_DSL_N,2030,0.003079752,From MOVES5,2063,ON
T_LDV_C_DSL_N,2030,0.002306734,From MOVES5,2064,ON
T_LDV_C_DSL_N,2030,0.001725437,From MOVES5,2065,ON
T_LDV_C_DSL_N,2030,0.001288901,From MOVES5,2066,ON
T_LDV_C_DSL_N,2030,0.000961521,From MOVES5,2067,ON
T_LDV_C_DSL_N,2030,0.000717294,From MOVES5,2068,ON
T_LDV_C_DSL_N,2030,0.000534384,From MOVES5,2069,ON
T_LDV_C_DSL_N,2030,0.000397582,From MOVES5,2070,ON
T_LDV_C_DSL_N,2030,0.000295403,From MOVES5,2071,ON
T_LDV_C_DSL_N,2030,0,From MOVES5,2072,ON
T_LDV_C_DSL_N,2035,1,From MOVES5,2035,ON
T_LDV_C_DSL_N,2035,0.997,From MOVES5,2036,ON
T_LDV_C_DSL_N,2035,0.994009,From MOVES5,2037,ON
T_LDV_C_DSL_N,2035,0.991026973,From MOVES5,2038,ON
T_LDV_C_DSL_N,2035,0.984089784,From MOVES5,2039,ON
T_LDV_C_DSL_N,2035,0.974248886,From MOVES5,2040,ON
T_LDV_C_DSL_N,2035,0.960609402,From MOVES5,2041,ON
T_LDV_C_DSL_N,2035,0.942357823,From MOVES5,2042,ON
T_LDV_C_DSL_N,2035,0.919741236,From MOVES5,2043,ON
T_LDV_C_DSL_N,2035,0.89306874,From MOVES5,2044,ON
T_LDV_C_DSL_N,2035,0.861811334,From MOVES5,2045,ON
T_LDV_C_DSL_N,2035,0.826477069,From MOVES5,2046,ON
T_LDV_C_DSL_N,2035,0.787632647,From MOVES5,2047,ON
T_LDV_C_DSL_N,2035,0.718320974,From MOVES5,2048,ON
T_LDV_C_DSL_N,2035,0.613446112,From MOVES5,2049,ON
T_LDV_C_DSL_N,2035,0.510387165,From MOVES5,2050,ON
T_LDV_C_DSL_N,2035,0.414944765,From MOVES5,2051,ON
T_LDV_C_DSL_N,2035,0.331540867,From MOVES5,2052,ON
T_LDV_C_DSL_N,2035,0.260922663,From MOVES5,2053,ON
T_LDV_C_DSL_N,2035,0.203258754,From MOVES5,2054,ON
T_LDV_C_DSL_N,2035,0.156915758,From MOVES5,2055,ON
T_LDV_C_DSL_N,2035,0.120354387,From MOVES5,2056,ON
T_LDV_C_DSL_N,2035,0.091830397,From MOVES5,2057,ON
T_LDV_C_DSL_N,2035,0.069791102,From MOVES5,2058,ON
T_LDV_C_DSL_N,2035,0.052831864,From MOVES5,2059,ON
T_LDV_C_DSL_N,2035,0.039993721,From MOVES5,2060,ON
T_LDV_C_DSL_N,2035,0.030155266,From MOVES5,2061,ON
T_LDV_C_DSL_N,2035,0.02273707,From MOVES5,2062,ON
T_LDV_C_DSL_N,2035,0.012891919,From MOVES5,2063,ON
T_LDV_C_DSL_N,2035,0.009694723,From MOVES5,2064,ON
T_LDV_C_DSL_N,2035,0.007290432,From MOVES5,2065,ON
T_LDV_C_DSL_N,2035,0.005475114,From MOVES5,2066,ON
T_LDV_C_DSL_N,2035,0.004106336,From MOVES5,2067,ON
T_LDV_C_DSL_N,2035,0.003079752,From MOVES5,2068,ON
T_LDV_C_DSL_N,2035,0.002306734,From MOVES5,2069,ON
T_LDV_C_DSL_N,2035,0.001725437,From MOVES5,2070,ON
T_LDV_C_DSL_N,2035,0.001288901,From MOVES5,2071,ON
T_LDV_C_DSL_N,2035,0.000961521,From MOVES5,2072,ON
T_LDV_C_DSL_N,2035,0.000717294,From MOVES5,2073,ON
T_LDV_C_DSL_N,2035,0.000534384,From MOVES5,2074,ON
T_LDV_C_DSL_N,2035,0.000397582,From MOVES5,2075,ON
T_LDV_C_DSL_N,2035,0.000295403,From MOVES5,2076,ON
T_LDV_C_DSL_N,2035,0,From MOVES5,2077,ON
T_LDV_C_DSL_N,2040,1,From MOVES5,2040,ON
T_LDV_C_DSL_N,2040,0.997,From MOVES5,2041,ON
T_LDV_C_DSL_N,2040,0.994009,From MOVES5,2042,ON
T_LDV_C_DSL_N,2040,0.991026973,From MOVES5,2043,ON
T_LDV_C_DSL_N,2040,0.984089784,From MOVES5,2044,ON
T_LDV_C_DSL_N,2040,0.974248886,From MOVES5,2045,ON
T_LDV_C_DSL_N,2040,0.960609402,From MOVES5,2046,ON
T_LDV_C_DSL_N,2040,0.942357823,From MOVES5,2047,ON
T_LDV_C_DSL_N,2040,0.919741236,From MOVES5,2048,ON
T_LDV_C_DSL_N,2040,0.89306874,From MOVES5,2049,ON
T_LDV_C_DSL_N,2040,0.861811334,From MOVES5,2050,ON
T_LDV_C_DSL_N,2040,0.826477069,From MOVES5,2051,ON
T_LDV_C_DSL_N,2040,0.787632647,From MOVES5,2052,ON
T_LDV_C_DSL_N,2040,0.718320974,From MOVES5,2053,ON
T_LDV_C_DSL_N,2040,0.613446112,From MOVES5,2054,ON
T_LDV_C_DSL_N,2040,0.510387165,From MOVES5,2055,ON
T_LDV_C_DSL_N,2040,0.414944765,From MOVES5,2056,ON
T_LDV_C_DSL_N,2040,0.331540867,From MOVES5,2057,ON
T_LDV_C_DSL_N,2040,0.260922663,From MOVES5,2058,ON
T_LDV_C_DSL_N,2040,0.203258754,From MOVES5,2059,ON
T_LDV_C_DSL_N,2040,0.156915758,From MOVES5,2060,ON
T_LDV_C_DSL_N,2040,0.120354387,From MOVES5,2061,ON
T_LDV_C_DSL_N,2040,0.091830397,From MOVES5,2062,ON
T_LDV_C_DSL_N,2040,0.069791102,From MOVES5,2063,ON
T_LDV_C_DSL_N,2040,0.052831864,From MOVES5,2064,ON
T_LDV_C_DSL_N,2040,0.039993721,From MOVES5,2065,ON
T_LDV_C_DSL_N,2040,0.030155266,From MOVES5,2066,ON
T_LDV_C_DSL_N,2040,0.02273707,From MOVES5,2067,ON
T_LDV_C_DSL_N,2040,0.012891919,From MOVES5,2068,ON
T_LDV_C_DSL_N,2040,0.009694723,From MOVES5,2069,ON
T_LDV_C_DSL_N,2040,0.007290432,From MOVES5,2070,ON
T_LDV_C_DSL_N,2040,0.005475114,From MOVES5,2071,ON
T_LDV_C_DSL_N,2040,0.004106336,From MOVES5,2072,ON
T_LDV_C_DSL_N,2040,0.003079752,From MOVES5,2073,ON
T_LDV_C_DSL_N,2040,0.002306734,From MOVES5,2074,ON
T_LDV_C_DSL_N,2040,0.001725437,From MOVES5,2075,ON
T_LDV_C_DSL_N,2040,0.001288901,From MOVES5,2076,ON
T_LDV_C_DSL_N,2040,0.000961521,From MOVES5,2077,ON
T_LDV_C_DSL_N,2040,0.000717294,From MOVES5,2078,ON
T_LDV_C_DSL_N,2040,0.000534384,From MOVES5,2079,ON
T_LDV_C_DSL_N,2040,0.000397582,From MOVES5,2080,ON
T_LDV_C_DSL_N,2040,0.000295403,From MOVES5,2081,ON
T_LDV_C_DSL_N,2040,0,From MOVES5,2082,ON
T_LDV_C_DSL_N,2045,1,From MOVES5,2045,ON
T_LDV_C_DSL_N,2045,0.997,From MOVES5,2046,ON
T_LDV_C_DSL_N,2045,0.994009,From MOVES5,2047,ON
T_LDV_C_DSL_N,2045,0.991026973,From MOVES5,2048,ON
T_LDV_C_DSL_N,2045,0.984089784,From MOVES5,2049,ON
T_LDV_C_DSL_N,2045,0.974248886,From MOVES5,2050,ON
T_LDV_C_DSL_N,2045,0.960609402,From MOVES5,2051,ON
T_LDV_C_DSL_N,2045,0.942357823,From MOVES5,2052,ON
T_LDV_C_DSL_N,2045,0.919741236,From MOVES5,2053,ON
T_LDV_C_DSL_N,2045,0.89306874,From MOVES5,2054,ON
T_LDV_C_DSL_N,2045,0.861811334,From MOVES5,2055,ON
T_LDV_C_DSL_N,2045,0.826477069,From MOVES5,2056,ON
T_LDV_C_DSL_N,2045,0.787632647,From MOVES5,2057,ON
T_LDV_C_DSL_N,2045,0.718320974,From MOVES5,2058,ON
T_LDV_C_DSL_N,2045,0.613446112,From MOVES5,2059,ON
T_LDV_C_DSL_N,2045,0.510387165,From MOVES5,2060,ON
T_LDV_C_DSL_N,2045,0.414944765,From MOVES5,2061,ON
T_LDV_C_DSL_N,2045,0.331540867,From MOVES5,2062,ON
T_LDV_C_DSL_N,2045,0.260922663,From MOVES5,2063,ON
T_LDV_C_DSL_N,2045,0.203258754,From MOVES5,2064,ON
T_LDV_C_DSL_N,2045,0.156915758,From MOVES5,2065,ON
T_LDV_C_DSL_N,2045,0.120354387,From MOVES5,2066,ON
T_LDV_C_DSL_N,2045,0.091830397,From MOVES5,2067,ON
T_LDV_C_DSL_N,2045,0.069791102,From MOVES5,2068,ON
T_LDV_C_DSL_N,2045,0.052831864,From MOVES5,2069,ON
T_LDV_C_DSL_N,2045,0.039993721,From MOVES5,2070,ON
T_LDV_C_DSL_N,2045,0.030155266,From MOVES5,2071,ON
T_LDV_C_DSL_N,2045,0.02273707,From MOVES5,2072,ON
T_LDV_C_DSL_N,2045,0.012891919,From MOVES5,2073,ON
T_LDV_C_DSL_N,2045,0.009694723,From MOVES5,2074,ON
T_LDV_C_DSL_N,2045,0.007290432,From MOVES5,2075,ON
T_LDV_C_DSL_N,2045,0.005475114,From MOVES5,2076,ON
T_LDV_C_DSL_N,2045,0.004106336,From MOVES5,2077,ON
T_LDV_C_DSL_N,2045,0.003079752,From MOVES5,2078,ON
T_LDV_C_DSL_N,2045,0.002306734,From MOVES5,2079,ON
T_LDV_C_DSL_N,2045,0.001725437,From MOVES5,2080,ON
T_LDV_C_DSL_N,2045,0.001288901,From MOVES5,2081,ON
T_LDV_C_DSL_N,2045,0.000961521,From MOVES5,2082,ON
T_LDV_C_DSL_N,2045,0.000717294,From MOVES5,2083,ON
T_LDV_C_DSL_N,2045,0.000534384,From MOVES5,2084,ON
T_LDV_C_DSL_N,2045,0.000397582,From MOVES5,2085,ON
T_LDV_C_DSL_N,2045,0.000295403,From MOVES5,2086,ON
T_LDV_C_DSL_N,2045,0,From MOVES5,2087,ON
T_LDV_C_DSL_N,2050,1,From MOVES5,2050,ON
T_LDV_C_DSL_N,2050,0.997,From MOVES5,2051,ON
T_LDV_C_DSL_N,2050,0.994009,From MOVES5,2052,ON
T_LDV_C_DSL_N,2050,0.991026973,From MOVES5,2053,ON
T_LDV_C_DSL_N,2050,0.984089784,From MOVES5,2054,ON
T_LDV_C_DSL_N,2050,0.974248886,From MOVES5,2055,ON
T_LDV_C_DSL_N,2050,0.960609402,From MOVES5,2056,ON
T_LDV_C_DSL_N,2050,0.942357823,From MOVES5,2057,ON
T_LDV_C_DSL_N,2050,0.919741236,From MOVES5,2058,ON
T_LDV_C_DSL_N,2050,0.89306874,From MOVES5,2059,ON
T_LDV_C_DSL_N,2050,0.861811334,From MOVES5,2060,ON
T_LDV_C_DSL_N,2050,0.826477069,From MOVES5,2061,ON
T_LDV_C_DSL_N,2050,0.787632647,From MOVES5,2062,ON
T_LDV_C_DSL_N,2050,0.718320974,From MOVES5,2063,ON
T_LDV_C_DSL_N,2050,0.613446112,From MOVES5,2064,ON
T_LDV_C_DSL_N,2050,0.510387165,From MOVES5,2065,ON
T_LDV_C_DSL_N,2050,0.414944765,From MOVES5,2066,ON
T_LDV_C_DSL_N,2050,0.331540867,From MOVES5,2067,ON
T_LDV_C_DSL_N,2050,0.260922663,From MOVES5,2068,ON
T_LDV_C_DSL_N,2050,0.203258754,From MOVES5,2069,ON
T_LDV_C_DSL_N,2050,0.156915758,From MOVES5,2070,ON
T_LDV_C_DSL_N,2050,0.120354387,From MOVES5,2071,ON
T_LDV_C_DSL_N,2050,0.091830397,From MOVES5,2072,ON
T_LDV_C_DSL_N,2050,0.069791102,From MOVES5,2073,ON
T_LDV_C_DSL_N,2050,0.052831864,From MOVES5,2074,ON
T_LDV_C_DSL_N,2050,0.039993721,From MOVES5,2075,ON
T_LDV_C_DSL_N,2050,0.030155266,From MOVES5,2076,ON
T_LDV_C_DSL_N,2050,0.02273707,From MOVES5,2077,ON
T_LDV_C_DSL_N,2050,0.012891919,From MOVES5,2078,ON
T_LDV_C_DSL_N,2050,0.009694723,From MOVES5,2079,ON
T_LDV_C_DSL_N,2050,0.007290432,From MOVES5,2080,ON
T_LDV_C_DSL_N,2050,0.005475114,From MOVES5,2081,ON
T_LDV_C_DSL_N,2050,0.004106336,From MOVES5,2082,ON
T_LDV_C_DSL_N,2050,0.003079752,From MOVES5,2083,ON
T_LDV_C_DSL_N,2050,0.002306734,From MOVES5,2084,ON
T_LDV_C_DSL_N,2050,0.001725437,From MOVES5,2085,ON
T_LDV_C_DSL_N,2050,0.001288901,From MOVES5,2086,ON
T_LDV_C_DSL_N,2050,0.000961521,From MOVES5,2087,ON
T_LDV_C_DSL_N,2050,0.000717294,From MOVES5,2088,ON
T_LDV_C_DSL_N,2050,0.000534384,From MOVES5,2089,ON
T_LDV_C_DSL_N,2050,0.000397582,From MOVES5,2090,ON
T_LDV_C_DSL_N,2050,0.000295403,From MOVES5,2091,ON
T_LDV_C_DSL_N,2050,0,From MOVES5,2092,ON
T_LDV_C_FCEV400_N,2025,1,From MOVES5,2025,ON
T_LDV_C_FCEV400_N,2025,0.997,From MOVES5,2026,ON
T_LDV_C_FCEV400_N,2025,0.994009,From MOVES5,2027,ON
T_LDV_C_FCEV400_N,2025,0.991026973,From MOVES5,2028,ON
T_LDV_C_FCEV400_N,2025,0.984089784,From MOVES5,2029,ON
T_LDV_C_FCEV400_N,2025,0.974248886,From MOVES5,2030,ON
T_LDV_C_FCEV400_N,2025,0.960609402,From MOVES5,2031,ON
T_LDV_C_FCEV400_N,2025,0.942357823,From MOVES5,2032,ON
T_LDV_C_FCEV400_N,2025,0.919741236,From MOVES5,2033,ON
T_LDV_C_FCEV400_N,2025,0.89306874,From MOVES5,2034,ON
T_LDV_C_FCEV400_N,2025,0.861811334,From MOVES5,2035,ON
T_LDV_C_FCEV400_N,2025,0.826477069,From MOVES5,2036,ON
T_LDV_C_FCEV400_N,2025,0.787632647,From MOVES5,2037,ON
T_LDV_C_FCEV400_N,2025,0.718320974,From MOVES5,2038,ON
T_LDV_C_FCEV400_N,2025,0.613446112,From MOVES5,2039,ON
T_LDV_C_FCEV400_N,2025,0.510387165,From MOVES5,2040,ON
T_LDV_C_FCEV400_N,2025,0.414944765,From MOVES5,2041,ON
T_LDV_C_FCEV400_N,2025,0.331540867,From MOVES5,2042,ON
T_LDV_C_FCEV400_N,2025,0.260922663,From MOVES5,2043,ON
T_LDV_C_FCEV400_N,2025,0.203258754,From MOVES5,2044,ON
T_LDV_C_FCEV400_N,2025,0.156915758,From MOVES5,2045,ON
T_LDV_C_FCEV400_N,2025,0.120354387,From MOVES5,2046,ON
T_LDV_C_FCEV400_N,2025,0.091830397,From MOVES5,2047,ON
T_LDV_C_FCEV400_N,2025,0.069791102,From MOVES5,2048,ON
T_LDV_C_FCEV400_N,2025,0.052831864,From MOVES5,2049,ON
T_LDV_C_FCEV400_N,2025,0.039993721,From MOVES5,2050,ON
T_LDV_C_FCEV400_N,2025,0.030155266,From MOVES5,2051,ON
T_LDV_C_FCEV400_N,2025,0.02273707,From MOVES5,2052,ON
T_LDV_C_FCEV400_N,2025,0.012891919,From MOVES5,2053,ON
T_LDV_C_FCEV400_N,2025,0.009694723,From MOVES5,2054,ON
T_LDV_C_FCEV400_N,2025,0.007290432,From MOVES5,2055,ON
T_LDV_C_FCEV400_N,2025,0.005475114,From MOVES5,2056,ON
T_LDV_C_FCEV400_N,2025,0.004106336,From MOVES5,2057,ON
T_LDV_C_FCEV400_N,2025,0.003079752,From MOVES5,2058,ON
T_LDV_C_FCEV400_N,2025,0.002306734,From MOVES5,2059,ON
T_LDV_C_FCEV400_N,2025,0.001725437,From MOVES5,2060,ON
T_LDV_C_FCEV400_N,2025,0.001288901,From MOVES5,2061,ON
T_LDV_C_FCEV400_N,2025,0.000961521,From MOVES5,2062,ON
T_LDV_C_FCEV400_N,2025,0.000717294,From MOVES5,2063,ON
T_LDV_C_FCEV400_N,2025,0.000534384,From MOVES5,2064,ON
T_LDV_C_FCEV400_N,2025,0.000397582,From MOVES5,2065,ON
T_LDV_C_FCEV400_N,2025,0.000295403,From MOVES5,2066,ON
T_LDV_C_FCEV400_N,2025,0,From MOVES5,2067,ON
T_LDV_C_FCEV400_N,2030,1,From MOVES5,2030,ON
T_LDV_C_FCEV400_N,2030,0.997,From MOVES5,2031,ON
T_LDV_C_FCEV400_N,2030,0.994009,From MOVES5,2032,ON
T_LDV_C_FCEV400_N,2030,0.991026973,From MOVES5,2033,ON
T_LDV_C_FCEV400_N,2030,0.984089784,From MOVES5,2034,ON
T_LDV_C_FCEV400_N,2030,0.974248886,From MOVES5,2035,ON
T_LDV_C_FCEV400_N,2030,0.960609402,From MOVES5,2036,ON
T_LDV_C_FCEV400_N,2030,0.942357823,From MOVES5,2037,ON
T_LDV_C_FCEV400_N,2030,0.919741236,From MOVES5,2038,ON
T_LDV_C_FCEV400_N,2030,0.89306874,From MOVES5,2039,ON
T_LDV_C_FCEV400_N,2030,0.861811334,From MOVES5,2040,ON
T_LDV_C_FCEV400_N,2030,0.826477069,From MOVES5,2041,ON
T_LDV_C_FCEV400_N,2030,0.787632647,From MOVES5,2042,ON
T_LDV_C_FCEV400_N,2030,0.718320974,From MOVES5,2043,ON
T_LDV_C_FCEV400_N,2030,0.613446112,From MOVES5,2044,ON
T_LDV_C_FCEV400_N,2030,0.510387165,From MOVES5,2045,ON
T_LDV_C_FCEV400_N,2030,0.414944765,From MOVES5,2046,ON
T_LDV_C_FCEV400_N,2030,0.331540867,From MOVES5,2047,ON
T_LDV_C_FCEV400_N,2030,0.260922663,From MOVES5,2048,ON
T_LDV_C_FCEV400_N,2030,0.203258754,From MOVES5,2049,ON
T_LDV_C_FCEV400_N,2030,0.156915758,From MOVES5,2050,ON
T_LDV_C_FCEV400_N,2030,0.120354387,From MOVES5,2051,ON
T_LDV_C_FCEV400_N,2030,0.091830397,From MOVES5,2052,ON
T_LDV_C_FCEV400_N,2030,0.069791102,From MOVES5,2053,ON
T_LDV_C_FCEV400_N,2030,0.052831864,From MOVES5,2054,ON
T_LDV_C_FCEV400_N,2030,0.039993721,From MOVES5,2055,ON
T_LDV_C_FCEV400_N,2030,0.030155266,From MOVES5,2056,ON
T_LDV_C_FCEV400_N,2030,0.02273707,From MOVES5,2057,ON
T_LDV_C_FCEV400_N,2030,0.012891919,From MOVES5,2058,ON
T_LDV_C_FCEV400_N,2030,0.009694723,From MOVES5,2059,ON
T_LDV_C_FCEV400_N,2030,0.007290432,From MOVES5,2060,ON
T_LDV_C_FCEV400_N,2030,0.005475114,From MOVES5,2061,ON
T_LDV_C_FCEV400_N,2030,0.004106336,From MOVES5,2062,ON
T_LDV_C_FCEV400_N,2030,0.003079752,From MOVES5,2063,ON
T_LDV_C_FCEV400_N,2030,0.002306734,From MOVES5,2064,ON
T_LDV_C_FCEV400_N,2030,0.001725437,From MOVES5,2065,ON
T_LDV_C_FCEV400_N,2030,0.001288901,From MOVES5,2066,ON
T_LDV_C_FCEV400_N,2030,0.000961521,From MOVES5,2067,ON
T_LDV_C_FCEV400_N,2030,0.000717294,From MOVES5,2068,ON
T_LDV_C_FCEV400_N,2030,0.000534384,From MOVES5,2069,ON
T_LDV_C_FCEV400_N,2030,0.000397582,From MOVES5,2070,ON
T_LDV_C_FCEV400_N,2030,0.000295403,From MOVES5,2071,ON
T_LDV_C_FCEV400_N,2030,0,From MOVES5,2072,ON
T_LDV_C_FCEV400_N,2035,1,From MOVES5,2035,ON
T_LDV_C_FCEV400_N,2035,0.997,From MOVES5,2036,ON
T_LDV_C_FCEV400_N,2035,0.994009,From MOVES5,2037,ON
T_LDV_C_FCEV400_N,2035,0.991026973,From MOVES5,2038,ON
T_LDV_C_FCEV400_N,2035,0.984089784,From MOVES5,2039,ON
T_LDV_C_FCEV400_N,2035,0.974248886,From MOVES5,2040,ON
T_LDV_C_FCEV400_N,2035,0.960609402,From MOVES5,2041,ON
T_LDV_C_FCEV400_N,2035,0.942357823,From MOVES5,2042,ON
T_LDV_C_FCEV400_N,2035,0.919741236,From MOVES5,2043,ON
T_LDV_C_FCEV400_N,2035,0.89306874,From MOVES5,2044,ON
T_LDV_C_FCEV400_N,2035,0.861811334,From MOVES5,2045,ON
T_LDV_C_FCEV400_N,2035,0.826477069,From MOVES5,2046,ON
T_LDV_C_FCEV400_N,2035,0.787632647,From MOVES5,2047,ON
T_LDV_C_FCEV400_N,2035,0.718320974,From MOVES5,2048,ON
T_LDV_C_FCEV400_N,2035,0.613446112,From MOVES5,2049,ON
T_LDV_C_FCEV400_N,2035,0.510387165,From MOVES5,2050,ON
T_LDV_C_FCEV400_N,2035,0.414944765,From MOVES5,2051,ON
T_LDV_C_FCEV400_N,2035,0.331540867,From MOVES5,2052,ON
T_LDV_C_FCEV400_N,2035,0.260922663,From MOVES5,2053,ON
T_LDV_C_FCEV400_N,2035,0.203258754,From MOVES5,2054,ON
T_LDV_C_FCEV400_N,2035,0.156915758,From MOVES5,2055,ON
T_LDV_C_FCEV400_N,2035,0.120354387,From MOVES5,2056,ON
T_LDV_C_FCEV400_N,2035,0.091830397,From MOVES5,2057,ON
T_LDV_C_FCEV400_N,2035,0.069791102,From MOVES5,2058,ON
T_LDV_C_FCEV400_N,2035,0.052831864,From MOVES5,2059,ON
T_LDV_C_FCEV400_N,2035,0.039993721,From MOVES5,2060,ON
T_LDV_C_FCEV400_N,2035,0.030155266,From MOVES5,2061,ON
T_LDV_C_FCEV400_N,2035,0.02273707,From MOVES5,2062,ON
T_LDV_C_FCEV400_N,2035,0.012891919,From MOVES5,2063,ON
T_LDV_C_FCEV400_N,2035,0.009694723,From MOVES5,2064,ON
T_LDV_C_FCEV400_N,2035,0.007290432,From MOVES5,2065,ON
T_LDV_C_FCEV400_N,2035,0.005475114,From MOVES5,2066,ON
T_LDV_C_FCEV400_N,2035,0.004106336,From MOVES5,2067,ON
T_LDV_C_FCEV400_N,2035,0.003079752,From MOVES5,2068,ON
T_LDV_C_FCEV400_N,2035,0.002306734,From MOVES5,2069,ON
T_LDV_C_FCEV400_N,2035,0.001725437,From MOVES5,2070,ON
T_LDV_C_FCEV400_N,2035,0.001288901,From MOVES5,2071,ON
T_LDV_C_FCEV400_N,2035,0.000961521,From MOVES5,2072,ON
T_LDV_C_FCEV400_N,2035,0.000717294,From MOVES5,2073,ON
T_LDV_C_FCEV400_N,2035,0.000534384,From MOVES5,2074,ON
T_LDV_C_FCEV400_N,2035,0.000397582,From MOVES5,2075,ON
T_LDV_C_FCEV400_N,2035,0.000295403,From MOVES5,2076,ON
T_LDV_C_FCEV400_N,2035,0,From MOVES5,2077,ON
T_LDV_C_FCEV400_N,2040,1,From MOVES5,2040,ON
T_LDV_C_FCEV400_N,2040,0.997,From MOVES5,2041,ON
T_LDV_C_FCEV400_N,2040,0.994009,From MOVES5,2042,ON
T_LDV_C_FCEV400_N,2040,0.991026973,From MOVES5,2043,ON
T_LDV_C_FCEV400_N,2040,0.984089784,From MOVES5,2044,ON
T_LDV_C_FCEV400_N,2040,0.974248886,From MOVES5,2045,ON
T_LDV_C_FCEV400_N,2040,0.960609402,From MOVES5,2046,ON
T_LDV_C_FCEV400_N,2040,0.942357823,From MOVES5,2047,ON
T_LDV_C_FCEV400_N,2040,0.919741236,From MOVES5,2048,ON
T_LDV_C_FCEV400_N,2040,0.89306874,From MOVES5,2049,ON
T_LDV_C_FCEV400_N,2040,0.861811334,From MOVES5,2050,ON
T_LDV_C_FCEV400_N,2040,0.826477069,From MOVES5,2051,ON
T_LDV_C_FCEV400_N,2040,0.787632647,From MOVES5,2052,ON
T_LDV_C_FCEV400_N,2040,0.718320974,From MOVES5,2053,ON
T_LDV_C_FCEV400_N,2040,0.613446112,From MOVES5,2054,ON
T_LDV_C_FCEV400_N,2040,0.510387165,From MOVES5,2055,ON
T_LDV_C_FCEV400_N,2040,0.414944765,From MOVES5,2056,ON
T_LDV_C_FCEV400_N,2040,0.331540867,From MOVES5,2057,ON
T_LDV_C_FCEV400_N,2040,0.260922663,From MOVES5,2058,ON
T_LDV_C_FCEV400_N,2040,0.203258754,From MOVES5,2059,ON
T_LDV_C_FCEV400_N,2040,0.156915758,From MOVES5,2060,ON
T_LDV_C_FCEV400_N,2040,0.120354387,From MOVES5,2061,ON
T_LDV_C_FCEV400_N,2040,0.091830397,From MOVES5,2062,ON
T_LDV_C_FCEV400_N,2040,0.069791102,From MOVES5,2063,ON
T_LDV_C_FCEV400_N,2040,0.052831864,From MOVES5,2064,ON
T_LDV_C_FCEV400_N,2040,0.039993721,From MOVES5,2065,ON
T_LDV_C_FCEV400_N,2040,0.030155266,From MOVES5,2066,ON
T_LDV_C_FCEV400_N,2040,0.02273707,From MOVES5,2067,ON
T_LDV_C_FCEV400_N,2040,0.012891919,From MOVES5,2068,ON
T_LDV_C_FCEV400_N,2040,0.009694723,From MOVES5,2069,ON
T_LDV_C_FCEV400_N,2040,0.007290432,From MOVES5,2070,ON
T_LDV_C_FCEV400_N,2040,0.005475114,From MOVES5,2071,ON
T_LDV_C_FCEV400_N,2040,0.004106336,From MOVES5,2072,ON
T_LDV_C_FCEV400_N,2040,0.003079752,From MOVES5,2073,ON
T_LDV_C_FCEV400_N,2040,0.002306734,From MOVES5,2074,ON
T_LDV_C_FCEV400_N,2040,0.001725437,From MOVES5,2075,ON
T_LDV_C_FCEV400_N,2040,0.001288901,From MOVES5,2076,ON
T_LDV_C_FCEV400_N,2040,0.000961521,From MOVES5,2077,ON
T_LDV_C_FCEV400_N,2040,0.000717294,From MOVES5,2078,ON
T_LDV_C_FCEV400_N,2040,0.000534384,From MOVES5,2079,ON
T_LDV_C_FCEV400_N,2040,0.000397582,From MOVES5,2080,ON
T_LDV_C_FCEV400_N,2040,0.000295403,From MOVES5,2081,ON
T_LDV_C_FCEV400_N,2040,0,From MOVES5,2082,ON
T_LDV_C_FCEV400_N,2045,1,From MOVES5,2045,ON
T_LDV_C_FCEV400_N,2045,0.997,From MOVES5,2046,ON
T_LDV_C_FCEV400_N,2045,0.994009,From MOVES5,2047,ON
T_LDV_C_FCEV400_N,2045,0.991026973,From MOVES5,2048,ON
T_LDV_C_FCEV400_N,2045,0.984089784,From MOVES5,2049,ON
T_LDV_C_FCEV400_N,2045,0.974248886,From MOVES5,2050,ON
T_LDV_C_FCEV400_N,2045,0.960609402,From MOVES5,2051,ON
T_LDV_C_FCEV400_N,2045,0.942357823,From MOVES5,2052,ON
T_LDV_C_FCEV400_N,2045,0.919741236,From MOVES5,2053,ON
T_LDV_C_FCEV400_N,2045,0.89306874,From MOVES5,2054,ON
T_LDV_C_FCEV400_N,2045,0.861811334,From MOVES5,2055,ON
T_LDV_C_FCEV400_N,2045,0.826477069,From MOVES5,2056,ON
T_LDV_C_FCEV400_N,2045,0.787632647,From MOVES5,2057,ON
T_LDV_C_FCEV400_N,2045,0.718320974,From MOVES5,2058,ON
T_LDV_C_FCEV400_N,2045,0.613446112,From MOVES5,2059,ON
T_LDV_C_FCEV400_N,2045,0.510387165,From MOVES5,2060,ON
T_LDV_C_FCEV400_N,2045,0.414944765,From MOVES5,2061,ON
T_LDV_C_FCEV400_N,2045,0.331540867,From MOVES5,2062,ON
T_LDV_C_FCEV400_N,2045,0.260922663,From MOVES5,2063,ON
T_LDV_C_FCEV400_N,2045,0.203258754,From MOVES5,2064,ON
T_LDV_C_FCEV400_N,2045,0.156915758,From MOVES5,2065,ON
T_LDV_C_FCEV400_N,2045,0.120354387,From MOVES5,2066,ON
T_LDV_C_FCEV400_N,2045,0.091830397,From MOVES5,2067,ON
T_LDV_C_FCEV400_N,2045,0.069791102,From MOVES5,2068,ON
T_LDV_C_FCEV400_N,2045,0.052831864,From MOVES5,2069,ON
T_LDV_C_FCEV400_N,2045,0.039993721,From MOVES5,2070,ON
T_LDV_C_FCEV400_N,2045,0.030155266,From MOVES5,2071,ON
T_LDV_C_FCEV400_N,2045,0.02273707,From MOVES5,2072,ON
T_LDV_C_FCEV400_N,2045,0.012891919,From MOVES5,2073,ON
T_LDV_C_FCEV400_N,2045,0.009694723,From MOVES5,2074,ON
T_LDV_C_FCEV400_N,2045,0.007290432,From MOVES5,2075,ON
T_LDV_C_FCEV400_N,2045,0.005475114,From MOVES5,2076,ON
T_LDV_C_FCEV400_N,2045,0.004106336,From MOVES5,2077,ON
T_LDV_C_FCEV400_N,2045,0.003079752,From MOVES5,2078,ON
T_LDV_C_FCEV400_N,2045,0.002306734,From MOVES5,2079,ON
T_LDV_C_FCEV400_N,2045,0.001725437,From MOVES5,2080,ON
T_LDV_C_FCEV400_N,2045,0.001288901,From MOVES5,2081,ON
T_LDV_C_FCEV400_N,2045,0.000961521,From MOVES5,2082,ON
T_LDV_C_FCEV400_N,2045,0.000717294,From MOVES5,2083,ON
T_LDV_C_FCEV400_N,2045,0.000534384,From MOVES5,2084,ON
T_LDV_C_FCEV400_N,2045,0.000397582,From MOVES5,2085,ON
T_LDV_C_FCEV400_N,2045,0.000295403,From MOVES5,2086,ON
T_LDV_C_FCEV400_N,2045,0,From MOVES5,2087,ON
T_LDV_C_FCEV400_N,2050,1,From MOVES5,2050,ON
T_LDV_C_FCEV400_N,2050,0.997,From MOVES5,2051,ON
T_LDV_C_FCEV400_N,2050,0.994009,From MOVES5,2052,ON
T_LDV_C_FCEV400_N,2050,0.991026973,From MOVES5,2053,ON
T_LDV_C_FCEV400_N,2050,0.984089784,From MOVES5,2054,ON
T_LDV_C_FCEV400_N,2050,0.974248886,From MOVES5,2055,ON
T_LDV_C_FCEV400_N,2050,0.960609402,From MOVES5,2056,ON
T_LDV_C_FCEV400_N,2050,0.942357823,From MOVES5,2057,ON
T_LDV_C_FCEV400_N,2050,0.919741236,From MOVES5,2058,ON
T_LDV_C_FCEV400_N,2050,0.89306874,From MOVES5,2059,ON
T_LDV_C_FCEV400_N,2050,0.861811334,From MOVES5,2060,ON
T_LDV_C_FCEV400_N,2050,0.826477069,From MOVES5,2061,ON
T_LDV_C_FCEV400_N,2050,0.787632647,From MOVES5,2062,ON
T_LDV_C_FCEV400_N,2050,0.718320974,From MOVES5,2063,ON
T_LDV_C_FCEV400_N,2050,0.613446112,From MOVES5,2064,ON
T_LDV_C_FCEV400_N,2050,0.510387165,From MOVES5,2065,ON
T_LDV_C_FCEV400_N,2050,0.414944765,From MOVES5,2066,ON
T_LDV_C_FCEV400_N,2050,0.331540867,From MOVES5,2067,ON
T_LDV_C_FCEV400_N,2050,0.260922663,From MOVES5,2068,ON
T_LDV_C_FCEV400_N,2050,0.203258754,From MOVES5,2069,ON
T_LDV_C_FCEV400_N,2050,0.156915758,From MOVES5,2070,ON
T_LDV_C_FCEV400_N,2050,0.120354387,From MOVES5,2071,ON
T_LDV_C_FCEV400_N,2050,0.091830397,From MOVES5,2072,ON
T_LDV_C_FCEV400_N,2050,0.069791102,From MOVES5,2073,ON
T_LDV_C_FCEV400_N,2050,0.052831864,From MOVES5,2074,ON
T_LDV_C_FCEV400_N,2050,0.039993721,From MOVES5,2075,ON
T_LDV_C_FCEV400_N,2050,0.030155266,From MOVES5,2076,ON
T_LDV_C_FCEV400_N,2050,0.02273707,From MOVES5,2077,ON
T_LDV_C_FCEV400_N,2050,0.012891919,From MOVES5,2078,ON
T_LDV_C_FCEV400_N,2050,0.009694723,From MOVES5,2079,ON
T_LDV_C_FCEV400_N,2050,0.007290432,From MOVES5,2080,ON
T_LDV_C_FCEV400_N,2050,0.005475114,From MOVES5,2081,ON
T_LDV_C_FCEV400_N,2050,0.004106336,From MOVES5,2082,ON
T_LDV_C_FCEV400_N,2050,0.003079752,From MOVES5,2083,ON
T_LDV_C_FCEV400_N,2050,0.002306734,From MOVES5,2084,ON
T_LDV_C_FCEV400_N,2050,0.001725437,From MOVES5,2085,ON
T_LDV_C_FCEV400_N,2050,0.001288901,From MOVES5,2086,ON
T_LDV_C_FCEV400_N,2050,0.000961521,From MOVES5,2087,ON
T_LDV_C_FCEV400_N,2050,0.000717294,From MOVES5,2088,ON
T_LDV_C_FCEV400_N,2050,0.000534384,From MOVES5,2089,ON
T_LDV_C_FCEV400_N,2050,0.000397582,From MOVES5,2090,ON
T_LDV_C_FCEV400_N,2050,0.000295403,From MOVES5,2091,ON
T_LDV_C_FCEV400_N,2050,0,From MOVES5,2092,ON
T_LDV_C_GSL_EX,2010,1,From MOVES5,2010,ON
T_LDV_C_GSL_EX,2010,0.997,From MOVES5,2011,ON
T_LDV_C_GSL_EX,2010,0.994009,From MOVES5,2012,ON
T_LDV_C_GSL_EX,2010,0.991026973,From MOVES5,2013,ON
T_LDV_C_GSL_EX,2010,0.984089784,From MOVES5,2014,ON
T_LDV_C_GSL_EX,2010,0.974248886,From MOVES5,2015,ON
T_LDV_C_GSL_EX,2010,0.960609402,From MOVES5,2016,ON
T_LDV_C_GSL_EX,2010,0.942357823,From MOVES5,2017,ON
T_LDV_C_GSL_EX,2010,0.919741236,From MOVES5,2018,ON
T_LDV_C_GSL_EX,2010,0.89306874,From MOVES5,2019,ON
T_LDV_C_GSL_EX,2010,0.861811334,From MOVES5,2020,ON
T_LDV_C_GSL_EX,2010,0.826477069,From MOVES5,2021,ON
T_LDV_C_GSL_EX,2010,0.787632647,From MOVES5,2022,ON
T_LDV_C_GSL_EX,2010,0.718320974,From MOVES5,2023,ON
T_LDV_C_GSL_EX,2010,0.613446112,From MOVES5,2024,ON
T_LDV_C_GSL_EX,2010,0.510387165,From MOVES5,2025,ON
T_LDV_C_GSL_EX,2010,0.414944765,From MOVES5,2026,ON
T_LDV_C_GSL_EX,2010,0.331540867,From MOVES5,2027,ON
T_LDV_C_GSL_EX,2010,0.260922663,From MOVES5,2028,ON
T_LDV_C_GSL_EX,2010,0.203258754,From MOVES5,2029,ON
T_LDV_C_GSL_EX,2010,0.156915758,From MOVES5,2030,ON
T_LDV_C_GSL_EX,2010,0.120354387,From MOVES5,2031,ON
T_LDV_C_GSL_EX,2010,0.091830397,From MOVES5,2032,ON
T_LDV_C_GSL_EX,2010,0.069791102,From MOVES5,2033,ON
T_LDV_C_GSL_EX,2010,0.052831864,From MOVES5,2034,ON
T_LDV_C_GSL_EX,2010,0.039993721,From MOVES5,2035,ON
T_LDV_C_GSL_EX,2010,0.030155266,From MOVES5,2036,ON
T_LDV_C_GSL_EX,2010,0.02273707,From MOVES5,2037,ON
T_LDV_C_GSL_EX,2010,0.012891919,From MOVES5,2038,ON
T_LDV_C_GSL_EX,2010,0.009694723,From MOVES5,2039,ON
T_LDV_C_GSL_EX,2010,0.007290432,From MOVES5,2040,ON
T_LDV_C_GSL_EX,2010,0.005475114,From MOVES5,2041,ON
T_LDV_C_GSL_EX,2010,0.004106336,From MOVES5,2042,ON
T_LDV_C_GSL_EX,2010,0.003079752,From MOVES5,2043,ON
T_LDV_C_GSL_EX,2010,0.002306734,From MOVES5,2044,ON
T_LDV_C_GSL_EX,2010,0.001725437,From MOVES5,2045,ON
T_LDV_C_GSL_EX,2010,0.001288901,From MOVES5,2046,ON
T_LDV_C_GSL_EX,2010,0.000961521,From MOVES5,2047,ON
T_LDV_C_GSL_EX,2010,0.000717294,From MOVES5,2048,ON
T_LDV_C_GSL_EX,2010,0.000534384,From MOVES5,2049,ON
T_LDV_C_GSL_EX,2010,0.000397582,From MOVES5,2050,ON
T_LDV_C_GSL_EX,2010,0.000295403,From MOVES5,2051,ON
T_LDV_C_GSL_EX,2010,0,From MOVES5,2052,ON
T_LDV_C_GSL_EX,2015,1,From MOVES5,2015,ON
T_LDV_C_GSL_EX,2015,0.997,From MOVES5,2016,ON
T_LDV_C_GSL_EX,2015,0.994009,From MOVES5,2017,ON
T_LDV_C_GSL_EX,2015,0.991026973,From MOVES5,2018,ON
T_LDV_C_GSL_EX,2015,0.984089784,From MOVES5,2019,ON
T_LDV_C_GSL_EX,2015,0.974248886,From MOVES5,2020,ON
T_LDV_C_GSL_EX,2015,0.960609402,From MOVES5,2021,ON
T_LDV_C_GSL_EX,2015,0.942357823,From MOVES5,2022,ON
T_LDV_C_GSL_EX,2015,0.919741236,From MOVES5,2023,ON
T_LDV_C_GSL_EX,2015,0.89306874,From MOVES5,2024,ON
T_LDV_C_GSL_EX,2015,0.861811334,From MOVES5,2025,ON
T_LDV_C_GSL_EX,2015,0.826477069,From MOVES5,2026,ON
T_LDV_C_GSL_EX,2015,0.787632647,From MOVES5,2027,ON
T_LDV_C_GSL_EX,2015,0.718320974,From MOVES5,2028,ON
T_LDV_C_GSL_EX,2015,0.613446112,From MOVES5,2029,ON
T_LDV_C_GSL_EX,2015,0.510387165,From MOVES5,2030,ON
T_LDV_C_GSL_EX,2015,0.414944765,From MOVES5,2031,ON
T_LDV_C_GSL_EX,2015,0.331540867,From MOVES5,2032,ON
T_LDV_C_GSL_EX,2015,0.260922663,From MOVES5,2033,ON
T_LDV_C_GSL_EX,2015,0.203258754,From MOVES5,2034,ON
T_LDV_C_GSL_EX,2015,0.156915758,From MOVES5,2035,ON
T_LDV_C_GSL_EX,2015,0.120354387,From MOVES5,2036,ON
T_LDV_C_GSL_EX,2015,0.091830397,From MOVES5,2037,ON
T_LDV_C_GSL_EX,2015,0.069791102,From MOVES5,2038,ON
T_LDV_C_GSL_EX,2015,0.052831864,From MOVES5,2039,ON
T_LDV_C_GSL_EX,2015,0.039993721,From MOVES5,2040,ON
T_LDV_C_GSL_EX,2015,0.030155266,From MOVES5,2041,ON
T_LDV_C_GSL_EX,2015,0.02273707,From MOVES5,2042,ON
T_LDV_C_GSL_EX,2015,0.012891919,From MOVES5,2043,ON
T_LDV_C_GSL_EX,2015,0.009694723,From MOVES5,2044,ON
T_LDV_C_GSL_EX,2015,0.007290432,From MOVES5,2045,ON
T_LDV_C_GSL_EX,2015,0.005475114,From MOVES5,2046,ON
T_LDV_C_GSL_EX,2015,0.004106336,From MOVES5,2047,ON
T_LDV_C_GSL_EX,2015,0.003079752,From MOVES5,2048,ON
T_LDV_C_GSL_EX,2015,0.002306734,From MOVES5,2049,ON
T_LDV_C_GSL_EX,2015,0.001725437,From MOVES5,2050,ON
T_LDV_C_GSL_EX,2015,0.001288901,From MOVES5,2051,ON
T_LDV_C_GSL_EX,2015,0.000961521,From MOVES5,2052,ON
T_LDV_C_GSL_EX,2015,0.000717294,From MOVES5,2053,ON
T_LDV_C_GSL_EX,2015,0.000534384,From MOVES5,2054,ON
T_LDV_C_GSL_EX,2015,0.000397582,From MOVES5,2055,ON
T_LDV_C_GSL_EX,2015,0.000295403,From MOVES5,2056,ON
T_LDV_C_GSL_EX,2015,0,From MOVES5,2057,ON
T_LDV_C_GSL_EX,2020,1,From MOVES5,2020,ON
T_LDV_C_GSL_EX,2020,0.997,From MOVES5,2021,ON
T_LDV_C_GSL_EX,2020,0.994009,From MOVES5,2022,ON
T_LDV_C_GSL_EX,2020,0.991026973,From MOVES5,2023,ON
T_LDV_C_GSL_EX,2020,0.984089784,From MOVES5,2024,ON
T_LDV_C_GSL_EX,2020,0.974248886,From MOVES5,2025,ON
T_LDV_C_GSL_EX,2020,0.960609402,From MOVES5,2026,ON
T_LDV_C_GSL_EX,2020,0.942357823,From MOVES5,2027,ON
T_LDV_C_GSL_EX,2020,0.919741236,From MOVES5,2028,ON
T_LDV_C_GSL_EX,2020,0.89306874,From MOVES5,2029,ON
T_LDV_C_GSL_EX,2020,0.861811334,From MOVES5,2030,ON
T_LDV_C_GSL_EX,2020,0.826477069,From MOVES5,2031,ON
T_LDV_C_GSL_EX,2020,0.787632647,From MOVES5,2032,ON
T_LDV_C_GSL_EX,2020,0.718320974,From MOVES5,2033,ON
T_LDV_C_GSL_EX,2020,0.613446112,From MOVES5,2034,ON
T_LDV_C_GSL_EX,2020,0.510387165,From MOVES5,2035,ON
T_LDV_C_GSL_EX,2020,0.414944765,From MOVES5,2036,ON
T_LDV_C_GSL_EX,2020,0.331540867,From MOVES5,2037,ON
T_LDV_C_GSL_EX,2020,0.260922663,From MOVES5,2038,ON
T_LDV_C_GSL_EX,2020,0.203258754,From MOVES5,2039,ON
T_LDV_C_GSL_EX,2020,0.156915758,From MOVES5,2040,ON
T_LDV_C_GSL_EX,2020,0.120354387,From MOVES5,2041,ON
T_LDV_C_GSL_EX,2020,0.091830397,From MOVES5,2042,ON
T_LDV_C_GSL_EX,2020,0.069791102,From MOVES5,2043,ON
T_LDV_C_GSL_EX,2020,0.052831864,From MOVES5,2044,ON
T_LDV_C_GSL_EX,2020,0.039993721,From MOVES5,2045,ON
T_LDV_C_GSL_EX,2020,0.030155266,From MOVES5,2046,ON
T_LDV_C_GSL_EX,2020,0.02273707,From MOVES5,2047,ON
T_LDV_C_GSL_EX,2020,0.012891919,From MOVES5,2048,ON
T_LDV_C_GSL_EX,2020,0.009694723,From MOVES5,2049,ON
T_LDV_C_GSL_EX,2020,0.007290432,From MOVES5,2050,ON
T_LDV_C_GSL_EX,2020,0.005475114,From MOVES5,2051,ON
T_LDV_C_GSL_EX,2020,0.004106336,From MOVES5,2052,ON
T_LDV_C_GSL_EX,2020,0.003079752,From MOVES5,2053,ON
T_LDV_C_GSL_EX,2020,0.002306734,From MOVES5,2054,ON
T_LDV_C_GSL_EX,2020,0.001725437,From MOVES5,2055,ON
T_LDV_C_GSL_EX,2020,0.001288901,From MOVES5,2056,ON
T_LDV_C_GSL_EX,2020,0.000961521,From MOVES5,2057,ON
T_LDV_C_GSL_EX,2020,0.000717294,From MOVES5,2058,ON
T_LDV_C_GSL_EX,2020,0.000534384,From MOVES5,2059,ON
T_LDV_C_GSL_EX,2020,0.000397582,From MOVES5,2060,ON
T_LDV_C_GSL_EX,2020,0.000295403,From MOVES5,2061,ON
T_LDV_C_GSL_EX,2020,0,From MOVES5,2062,ON
T_LDV_C_GSL_HEV_EX,2015,1,From MOVES5,2015,ON
T_LDV_C_GSL_HEV_EX,2015,0.997,From MOVES5,2016,ON
T_LDV_C_GSL_HEV_EX,2015,0.994009,From MOVES5,2017,ON
T_LDV_C_GSL_HEV_EX,2015,0.991026973,From MOVES5,2018,ON
T_LDV_C_GSL_HEV_EX,2015,0.984089784,From MOVES5,2019,ON
T_LDV_C_GSL_HEV_EX,2015,0.974248886,From MOVES5,2020,ON
T_LDV_C_GSL_HEV_EX,2015,0.960609402,From MOVES5,2021,ON
T_LDV_C_GSL_HEV_EX,2015,0.942357823,From MOVES5,2022,ON
T_LDV_C_GSL_HEV_EX,2015,0.919741236,From MOVES5,2023,ON
T_LDV_C_GSL_HEV_EX,2015,0.89306874,From MOVES5,2024,ON
T_LDV_C_GSL_HEV_EX,2015,0.861811334,From MOVES5,2025,ON
T_LDV_C_GSL_HEV_EX,2015,0.826477069,From MOVES5,2026,ON
T_LDV_C_GSL_HEV_EX,2015,0.787632647,From MOVES5,2027,ON
T_LDV_C_GSL_HEV_EX,2015,0.718320974,From MOVES5,2028,ON
T_LDV_C_GSL_HEV_EX,2015,0.613446112,From MOVES5,2029,ON
T_LDV_C_GSL_HEV_EX,2015,0.510387165,From MOVES5,2030,ON
T_LDV_C_GSL_HEV_EX,2015,0.414944765,From MOVES5,2031,ON
T_LDV_C_GSL_HEV_EX,2015,0.331540867,From MOVES5,2032,ON
T_LDV_C_GSL_HEV_EX,2015,0.260922663,From MOVES5,2033,ON
T_LDV_C_GSL_HEV_EX,2015,0.203258754,From MOVES5,2034,ON
T_LDV_C_GSL_HEV_EX,2015,0.156915758,From MOVES5,2035,ON
T_LDV_C_GSL_HEV_EX,2015,0.120354387,From MOVES5,2036,ON
T_LDV_C_GSL_HEV_EX,2015,0.091830397,From MOVES5,2037,ON
T_LDV_C_GSL_HEV_EX,2015,0.069791102,From MOVES5,2038,ON
T_LDV_C_GSL_HEV_EX,2015,0.052831864,From MOVES5,2039,ON
T_LDV_C_GSL_HEV_EX,2015,0.039993721,From MOVES5,2040,ON
T_LDV_C_GSL_HEV_EX,2015,0.030155266,From MOVES5,2041,ON
T_LDV_C_GSL_HEV_EX,2015,0.02273707,From MOVES5,2042,ON
T_LDV_C_GSL_HEV_EX,2015,0.012891919,From MOVES5,2043,ON
T_LDV_C_GSL_HEV_EX,2015,0.009694723,From MOVES5,2044,ON
T_LDV_C_GSL_HEV_EX,2015,0.007290432,From MOVES5,2045,ON
T_LDV_C_GSL_HEV_EX,2015,0.005475114,From MOVES5,2046,ON
T_LDV_C_GSL_HEV_EX,2015,0.004106336,From MOVES5,2047,ON
T_LDV_C_GSL_HEV_EX,2015,0.003079752,From MOVES5,2048,ON
T_LDV_C_GSL_HEV_EX,2015,0.002306734,From MOVES5,2049,ON
T_LDV_C_GSL_HEV_EX,2015,0.001725437,From MOVES5,2050,ON
T_LDV_C_GSL_HEV_EX,2015,0.001288901,From MOVES5,2051,ON
T_LDV_C_GSL_HEV_EX,2015,0.000961521,From MOVES5,2052,ON
T_LDV_C_GSL_HEV_EX,2015,0.000717294,From MOVES5,2053,ON
T_LDV_C_GSL_HEV_EX,2015,0.000534384,From MOVES5,2054,ON
T_LDV_C_GSL_HEV_EX,2015,0.000397582,From MOVES5,2055,ON
T_LDV_C_GSL_HEV_EX,2015,0.000295403,From MOVES5,2056,ON
T_LDV_C_GSL_HEV_EX,2015,0,From MOVES5,2057,ON
T_LDV_C_GSL_HEV_EX,2020,1,From MOVES5,2020,ON
T_LDV_C_GSL_HEV_EX,2020,0.997,From MOVES5,2021,ON
T_LDV_C_GSL_HEV_EX,2020,0.994009,From MOVES5,2022,ON
T_LDV_C_GSL_HEV_EX,2020,0.991026973,From MOVES5,2023,ON
T_LDV_C_GSL_HEV_EX,2020,0.984089784,From MOVES5,2024,ON
T_LDV_C_GSL_HEV_EX,2020,0.974248886,From MOVES5,2025,ON
T_LDV_C_GSL_HEV_EX,2020,0.960609402,From MOVES5,2026,ON
T_LDV_C_GSL_HEV_EX,2020,0.942357823,From MOVES5,2027,ON
T_LDV_C_GSL_HEV_EX,2020,0.919741236,From MOVES5,2028,ON
T_LDV_C_GSL_HEV_EX,2020,0.89306874,From MOVES5,2029,ON
T_LDV_C_GSL_HEV_EX,2020,0.861811334,From MOVES5,2030,ON
T_LDV_C_GSL_HEV_EX,2020,0.826477069,From MOVES5,2031,ON
T_LDV_C_GSL_HEV_EX,2020,0.787632647,From MOVES5,2032,ON
T_LDV_C_GSL_HEV_EX,2020,0.718320974,From MOVES5,2033,ON
T_LDV_C_GSL_HEV_EX,2020,0.613446112,From MOVES5,2034,ON
T_LDV_C_GSL_HEV_EX,2020,0.510387165,From MOVES5,2035,ON
T_LDV_C_GSL_HEV_EX,2020,0.414944765,From MOVES5,2036,ON
T_LDV_C_GSL_HEV_EX,2020,0.331540867,From MOVES5,2037,ON
T_LDV_C_GSL_HEV_EX,2020,0.260922663,From MOVES5,2038,ON
T_LDV_C_GSL_HEV_EX,2020,0.203258754,From MOVES5,2039,ON
T_LDV_C_GSL_HEV_EX,2020,0.156915758,From MOVES5,2040,ON
T_LDV_C_GSL_HEV_EX,2020,0.120354387,From MOVES5,2041,ON
T_LDV_C_GSL_HEV_EX,2020,0.091830397,From MOVES5,2042,ON
T_LDV_C_GSL_HEV_EX,2020,0.069791102,From MOVES5,2043,ON
T_LDV_C_GSL_HEV_EX,2020,0.052831864,From MOVES5,2044,ON
T_LDV_C_GSL_HEV_EX,2020,0.039993721,From MOVES5,2045,ON
T_LDV_C_GSL_HEV_EX,2020,0.030155266,From MOVES5,2046,ON
T_LDV_C_GSL_HEV_EX,2020,0.02273707,From MOVES5,2047,ON
T_LDV_C_GSL_HEV_EX,2020,0.012891919,From MOVES5,2048,ON
T_LDV_C_GSL_HEV_EX,2020,0.009694723,From MOVES5,2049,ON
T_LDV_C_GSL_HEV_EX,2020,0.007290432,From MOVES5,2050,ON
T_LDV_C_GSL_HEV_EX,2020,0.005475114,From MOVES5,2051,ON
T_LDV_C_GSL_HEV_EX,2020,0.004106336,From MOVES5,2052,ON
T_LDV_C_GSL_HEV_EX,2020,0.003079752,From MOVES5,2053,ON
T_LDV_C_GSL_HEV_EX,2020,0.002306734,From MOVES5,2054,ON
T_LDV_C_GSL_HEV_EX,2020,0.001725437,From MOVES5,2055,ON
T_LDV_C_GSL_HEV_EX,2020,0.001288901,From MOVES5,2056,ON
T_LDV_C_GSL_HEV_EX,2020,0.000961521,From MOVES5,2057,ON
T_LDV_C_GSL_HEV_EX,2020,0.000717294,From MOVES5,2058,ON
T_LDV_C_GSL_HEV_EX,2020,0.000534384,From MOVES5,2059,ON
T_LDV_C_GSL_HEV_EX,2020,0.000397582,From MOVES5,2060,ON
T_LDV_C_GSL_HEV_EX,2020,0.000295403,From MOVES5,2061,ON
T_LDV_C_GSL_HEV_EX,2020,0,From MOVES5,2062,ON
T_LDV_C_GSL_HEV_N,2025,1,From MOVES5,2025,ON
T_LDV_C_GSL_HEV_N,2025,0.997,From MOVES5,2026,ON
T_LDV_C_GSL_HEV_N,2025,0.994009,From MOVES5,2027,ON
T_LDV_C_GSL_HEV_N,2025,0.991026973,From MOVES5,2028,ON
T_LDV_C_GSL_HEV_N,2025,0.984089784,From MOVES5,2029,ON
T_LDV_C_GSL_HEV_N,2025,0.974248886,From MOVES5,2030,ON
T_LDV_C_GSL_HEV_N,2025,0.960609402,From MOVES5,2031,ON
T_LDV_C_GSL_HEV_N,2025,0.942357823,From MOVES5,2032,ON
T_LDV_C_GSL_HEV_N,2025,0.919741236,From MOVES5,2033,ON
T_LDV_C_GSL_HEV_N,2025,0.89306874,From MOVES5,2034,ON
T_LDV_C_GSL_HEV_N,2025,0.861811334,From MOVES5,2035,ON
T_LDV_C_GSL_HEV_N,2025,0.826477069,From MOVES5,2036,ON
T_LDV_C_GSL_HEV_N,2025,0.787632647,From MOVES5,2037,ON
T_LDV_C_GSL_HEV_N,2025,0.718320974,From MOVES5,2038,ON
T_LDV_C_GSL_HEV_N,2025,0.613446112,From MOVES5,2039,ON
T_LDV_C_GSL_HEV_N,2025,0.510387165,From MOVES5,2040,ON
T_LDV_C_GSL_HEV_N,2025,0.414944765,From MOVES5,2041,ON
T_LDV_C_GSL_HEV_N,2025,0.331540867,From MOVES5,2042,ON
T_LDV_C_GSL_HEV_N,2025,0.260922663,From MOVES5,2043,ON
T_LDV_C_GSL_HEV_N,2025,0.203258754,From MOVES5,2044,ON
T_LDV_C_GSL_HEV_N,2025,0.156915758,From MOVES5,2045,ON
T_LDV_C_GSL_HEV_N,2025,0.120354387,From MOVES5,2046,ON
T_LDV_C_GSL_HEV_N,2025,0.091830397,From MOVES5,2047,ON
T_LDV_C_GSL_HEV_N,2025,0.069791102,From MOVES5,2048,ON
T_LDV_C_GSL_HEV_N,2025,0.052831864,From MOVES5,2049,ON
T_LDV_C_GSL_HEV_N,2025,0.039993721,From MOVES5,2050,ON
T_LDV_C_GSL_HEV_N,2025,0.030155266,From MOVES5,2051,ON
T_LDV_C_GSL_HEV_N,2025,0.02273707,From MOVES5,2052,ON
T_LDV_C_GSL_HEV_N,2025,0.012891919,From MOVES5,2053,ON
T_LDV_C_GSL_HEV_N,2025,0.009694723,From MOVES5,2054,ON
T_LDV_C_GSL_HEV_N,2025,0.007290432,From MOVES5,2055,ON
T_LDV_C_GSL_HEV_N,2025,0.005475114,From MOVES5,2056,ON
T_LDV_C_GSL_HEV_N,2025,0.004106336,From MOVES5,2057,ON
T_LDV_C_GSL_HEV_N,2025,0.003079752,From MOVES5,2058,ON
T_LDV_C_GSL_HEV_N,2025,0.002306734,From MOVES5,2059,ON
T_LDV_C_GSL_HEV_N,2025,0.001725437,From MOVES5,2060,ON
T_LDV_C_GSL_HEV_N,2025,0.001288901,From MOVES5,2061,ON
T_LDV_C_GSL_HEV_N,2025,0.000961521,From MOVES5,2062,ON
T_LDV_C_GSL_HEV_N,2025,0.000717294,From MOVES5,2063,ON
T_LDV_C_GSL_HEV_N,2025,0.000534384,From MOVES5,2064,ON
T_LDV_C_GSL_HEV_N,2025,0.000397582,From MOVES5,2065,ON
T_LDV_C_GSL_HEV_N,2025,0.000295403,From MOVES5,2066,ON
T_LDV_C_GSL_HEV_N,2025,0,From MOVES5,2067,ON
T_LDV_C_GSL_HEV_N,2030,1,From MOVES5,2030,ON
T_LDV_C_GSL_HEV_N,2030,0.997,From MOVES5,2031,ON
T_LDV_C_GSL_HEV_N,2030,0.994009,From MOVES5,2032,ON
T_LDV_C_GSL_HEV_N,2030,0.991026973,From MOVES5,2033,ON
T_LDV_C_GSL_HEV_N,2030,0.984089784,From MOVES5,2034,ON
T_LDV_C_GSL_HEV_N,2030,0.974248886,From MOVES5,2035,ON
T_LDV_C_GSL_HEV_N,2030,0.960609402,From MOVES5,2036,ON
T_LDV_C_GSL_HEV_N,2030,0.942357823,From MOVES5,2037,ON
T_LDV_C_GSL_HEV_N,2030,0.919741236,From MOVES5,2038,ON
T_LDV_C_GSL_HEV_N,2030,0.89306874,From MOVES5,2039,ON
T_LDV_C_GSL_HEV_N,2030,0.861811334,From MOVES5,2040,ON
T_LDV_C_GSL_HEV_N,2030,0.826477069,From MOVES5,2041,ON
T_LDV_C_GSL_HEV_N,2030,0.787632647,From MOVES5,2042,ON
T_LDV_C_GSL_HEV_N,2030,0.718320974,From MOVES5,2043,ON
T_LDV_C_GSL_HEV_N,2030,0.613446112,From MOVES5,2044,ON
T_LDV_C_GSL_HEV_N,2030,0.510387165,From MOVES5,2045,ON
T_LDV_C_GSL_HEV_N,2030,0.414944765,From MOVES5,2046,ON
T_LDV_C_GSL_HEV_N,2030,0.331540867,From MOVES5,2047,ON
T_LDV_C_GSL_HEV_N,2030,0.260922663,From MOVES5,2048,ON
T_LDV_C_GSL_HEV_N,2030,0.203258754,From MOVES5,2049,ON
T_LDV_C_GSL_HEV_N,2030,0.156915758,From MOVES5,2050,ON
T_LDV_C_GSL_HEV_N,2030,0.120354387,From MOVES5,2051,ON
T_LDV_C_GSL_HEV_N,2030,0.091830397,From MOVES5,2052,ON
T_LDV_C_GSL_HEV_N,2030,0.069791102,From MOVES5,2053,ON
T_LDV_C_GSL_HEV_N,2030,0.052831864,From MOVES5,2054,ON
T_LDV_C_GSL_HEV_N,2030,0.039993721,From MOVES5,2055,ON
T_LDV_C_GSL_HEV_N,2030,0.030155266,From MOVES5,2056,ON
T_LDV_C_GSL_HEV_N,2030,0.02273707,From MOVES5,2057,ON
T_LDV_C_GSL_HEV_N,2030,0.012891919,From MOVES5,2058,ON
T_LDV_C_GSL_HEV_N,2030,0.009694723,From MOVES5,2059,ON
T_LDV_C_GSL_HEV_N,2030,0.007290432,From MOVES5,2060,ON
T_LDV_C_GSL_HEV_N,2030,0.005475114,From MOVES5,2061,ON
T_LDV_C_GSL_HEV_N,2030,0.004106336,From MOVES5,2062,ON
T_LDV_C_GSL_HEV_N,2030,0.003079752,From MOVES5,2063,ON
T_LDV_C_GSL_HEV_N,2030,0.002306734,From MOVES5,2064,ON
T_LDV_C_GSL_HEV_N,2030,0.001725437,From MOVES5,2065,ON
T_LDV_C_GSL_HEV_N,2030,0.001288901,From MOVES5,2066,ON
T_LDV_C_GSL_HEV_N,2030,0.000961521,From MOVES5,2067,ON
T_LDV_C_GSL_HEV_N,2030,0.000717294,From MOVES5,2068,ON
T_LDV_C_GSL_HEV_N,2030,0.000534384,From MOVES5,2069,ON
T_LDV_C_GSL_HEV_N,2030,0.000397582,From MOVES5,2070,ON
T_LDV_C_GSL_HEV_N,2030,0.000295403,From MOVES5,2071,ON
T_LDV_C_GSL_HEV_N,2030,0,From MOVES5,2072,ON
T_LDV_C_GSL_HEV_N,2035,1,From MOVES5,2035,ON
T_LDV_C_GSL_HEV_N,2035,0.997,From MOVES5,2036,ON
T_LDV_C_GSL_HEV_N,2035,0.994009,From MOVES5,2037,ON
T_LDV_C_GSL_HEV_N,2035,0.991026973,From MOVES5,2038,ON
T_LDV_C_GSL_HEV_N,2035,0.984089784,From MOVES5,2039,ON
T_LDV_C_GSL_HEV_N,2035,0.974248886,From MOVES5,2040,ON
T_LDV_C_GSL_HEV_N,2035,0.960609402,From MOVES5,2041,ON
T_LDV_C_GSL_HEV_N,2035,0.942357823,From MOVES5,2042,ON
T_LDV_C_GSL_HEV_N,2035,0.919741236,From MOVES5,2043,ON
T_LDV_C_GSL_HEV_N,2035,0.89306874,From MOVES5,2044,ON
T_LDV_C_GSL_HEV_N,2035,0.861811334,From MOVES5,2045,ON
T_LDV_C_GSL_HEV_N,2035,0.826477069,From MOVES5,2046,ON
T_LDV_C_GSL_HEV_N,2035,0.787632647,From MOVES5,2047,ON
T_LDV_C_GSL_HEV_N,2035,0.718320974,From MOVES5,2048,ON
T_LDV_C_GSL_HEV_N,2035,0.613446112,From MOVES5,2049,ON
T_LDV_C_GSL_HEV_N,2035,0.510387165,From MOVES5,2050,ON
T_LDV_C_GSL_HEV_N,2035,0.414944765,From MOVES5,2051,ON
T_LDV_C_GSL_HEV_N,2035,0.331540867,From MOVES5,2052,ON
T_LDV_C_GSL_HEV_N,2035,0.260922663,From MOVES5,2053,ON
T_LDV_C_GSL_HEV_N,2035,0.203258754,From MOVES5,2054,ON
T_LDV_C_GSL_HEV_N,2035,0.156915758,From MOVES5,2055,ON
T_LDV_C_GSL_HEV_N,2035,0.120354387,From MOVES5,2056,ON
T_LDV_C_GSL_HEV_N,2035,0.091830397,From MOVES5,2057,ON
T_LDV_C_GSL_HEV_N,2035,0.069791102,From MOVES5,2058,ON
T_LDV_C_GSL_HEV_N,2035,0.052831864,From MOVES5,2059,ON
T_LDV_C_GSL_HEV_N,2035,0.039993721,From MOVES5,2060,ON
T_LDV_C_GSL_HEV_N,2035,0.030155266,From MOVES5,2061,ON
T_LDV_C_GSL_HEV_N,2035,0.02273707,From MOVES5,2062,ON
T_LDV_C_GSL_HEV_N,2035,0.012891919,From MOVES5,2063,ON
T_LDV_C_GSL_HEV_N,2035,0.009694723,From MOVES5,2064,ON
T_LDV_C_GSL_HEV_N,2035,0.007290432,From MOVES5,2065,ON
T_LDV_C_GSL_HEV_N,2035,0.005475114,From MOVES5,2066,ON
T_LDV_C_GSL_HEV_N,2035,0.004106336,From MOVES5,2067,ON
T_LDV_C_GSL_HEV_N,2035,0.003079752,From MOVES5,2068,ON
T_LDV_C_GSL_HEV_N,2035,0.002306734,From MOVES5,2069,ON
T_LDV_C_GSL_HEV_N,2035,0.001725437,From MOVES5,2070,ON
T_LDV_C_GSL_HEV_N,2035,0.001288901,From MOVES5,2071,ON
T_LDV_C_GSL_HEV_N,2035,0.000961521,From MOVES5,2072,ON
T_LDV_C_GSL_HEV_N,2035,0.000717294,From MOVES5,2073,ON
T_LDV_C_GSL_HEV_N,2035,0.000534384,From MOVES5,2074,ON
T_LDV_C_GSL_HEV_N,2035,0.000397582,From MOVES5,2075,ON
T_LDV_C_GSL_HEV_N,2035,0.000295403,From MOVES5,2076,ON
T_LDV_C_GSL_HEV_N,2035,0,From MOVES5,2077,ON
T_LDV_C_GSL_HEV_N,2040,1,From MOVES5,2040,ON
T_LDV_C_GSL_HEV_N,2040,0.997,From MOVES5,2041,ON
T_LDV_C_GSL_HEV_N,2040,0.994009,From MOVES5,2042,ON
T_LDV_C_GSL_HEV_N,2040,0.991026973,From MOVES5,2043,ON
T_LDV_C_GSL_HEV_N,2040,0.984089784,From MOVES5,2044,ON
T_LDV_C_GSL_HEV_N,2040,0.974248886,From MOVES5,2045,ON
T_LDV_C_GSL_HEV_N,2040,0.960609402,From MOVES5,2046,ON
T_LDV_C_GSL_HEV_N,2040,0.942357823,From MOVES5,2047,ON
T_LDV_C_GSL_HEV_N,2040,0.919741236,From MOVES5,2048,ON
T_LDV_C_GSL_HEV_N,2040,0.89306874,From MOVES5,2049,ON
T_LDV_C_GSL_HEV_N,2040,0.861811334,From MOVES5,2050,ON
T_LDV_C_GSL_HEV_N,2040,0.826477069,From MOVES5,2051,ON
T_LDV_C_GSL_HEV_N,2040,0.787632647,From MOVES5,2052,ON
T_LDV_C_GSL_HEV_N,2040,0.718320974,From MOVES5,2053,ON
T_LDV_C_GSL_HEV_N,2040,0.613446112,From MOVES5,2054,ON
T_LDV_C_GSL_HEV_N,2040,0.510387165,From MOVES5,2055,ON
T_LDV_C_GSL_HEV_N,2040,0.414944765,From MOVES5,2056,ON
T_LDV_C_GSL_HEV_N,2040,0.331540867,From MOVES5,2057,ON
T_LDV_C_GSL_HEV_N,2040,0.260922663,From MOVES5,2058,ON
T_LDV_C_GSL_HEV_N,2040,0.203258754,From MOVES5,2059,ON
T_LDV_C_GSL_HEV_N,2040,0.156915758,From MOVES5,2060,ON
T_LDV_C_GSL_HEV_N,2040,0.120354387,From MOVES5,2061,ON
T_LDV_C_GSL_HEV_N,2040,0.091830397,From MOVES5,2062,ON
T_LDV_C_GSL_HEV_N,2040,0.069791102,From MOVES5,2063,ON
T_LDV_C_GSL_HEV_N,2040,0.052831864,From MOVES5,2064,ON
T_LDV_C_GSL_HEV_N,2040,0.039993721,From MOVES5,2065,ON
T_LDV_C_GSL_HEV_N,2040,0.030155266,From MOVES5,2066,ON
T_LDV_C_GSL_HEV_N,2040,0.02273707,From MOVES5,2067,ON
T_LDV_C_GSL_HEV_N,2040,0.012891919,From MOVES5,2068,ON
T_LDV_C_GSL_HEV_N,2040,0.009694723,From MOVES5,2069,ON
T_LDV_C_GSL_HEV_N,2040,0.007290432,From MOVES5,2070,ON
T_LDV_C_GSL_HEV_N,2040,0.005475114,From MOVES5,2071,ON
T_LDV_C_GSL_HEV_N,2040,0.004106336,From MOVES5,2072,ON
T_LDV_C_GSL_HEV_N,2040,0.003079752,From MOVES5,2073,ON
T_LDV_C_GSL_HEV_N,2040,0.002306734,From MOVES5,2074,ON
T_LDV_C_GSL_HEV_N,2040,0.001725437,From MOVES5,2075,ON
T_LDV_C_GSL_HEV_N,2040,0.001288901,From MOVES5,2076,ON
T_LDV_C_GSL_HEV_N,2040,0.000961521,From MOVES5,2077,ON
T_LDV_C_GSL_HEV_N,2040,0.000717294,From MOVES5,2078,ON
T_LDV_C_GSL_HEV_N,2040,0.000534384,From MOVES5,2079,ON
T_LDV_C_GSL_HEV_N,2040,0.000397582,From MOVES5,2080,ON
T_LDV_C_GSL_HEV_N,2040,0.000295403,From MOVES5,2081,ON
T_LDV_C_GSL_HEV_N,2040,0,From MOVES5,2082,ON
T_LDV_C_GSL_HEV_N,2045,1,From MOVES5,2045,ON
T_LDV_C_GSL_HEV_N,2045,0.997,From MOVES5,2046,ON
T_LDV_C_GSL_HEV_N,2045,0.994009,From MOVES5,2047,ON
T_LDV_C_GSL_HEV_N,2045,0.991026973,From MOVES5,2048,ON
T_LDV_C_GSL_HEV_N,2045,0.984089784,From MOVES5,2049,ON
T_LDV_C_GSL_HEV_N,2045,0.974248886,From MOVES5,2050,ON
T_LDV_C_GSL_HEV_N,2045,0.960609402,From MOVES5,2051,ON
T_LDV_C_GSL_HEV_N,2045,0.942357823,From MOVES5,2052,ON
T_LDV_C_GSL_HEV_N,2045,0.919741236,From MOVES5,2053,ON
T_LDV_C_GSL_HEV_N,2045,0.89306874,From MOVES5,2054,ON
T_LDV_C_GSL_HEV_N,2045,0.861811334,From MOVES5,2055,ON
T_LDV_C_GSL_HEV_N,2045,0.826477069,From MOVES5,2056,ON
T_LDV_C_GSL_HEV_N,2045,0.787632647,From MOVES5,2057,ON
T_LDV_C_GSL_HEV_N,2045,0.718320974,From MOVES5,2058,ON
T_LDV_C_GSL_HEV_N,2045,0.613446112,From MOVES5,2059,ON
T_LDV_C_GSL_HEV_N,2045,0.510387165,From MOVES5,2060,ON
T_LDV_C_GSL_HEV_N,2045,0.414944765,From MOVES5,2061,ON
T_LDV_C_GSL_HEV_N,2045,0.331540867,From MOVES5,2062,ON
T_LDV_C_GSL_HEV_N,2045,0.260922663,From MOVES5,2063,ON
T_LDV_C_GSL_HEV_N,2045,0.203258754,From MOVES5,2064,ON
T_LDV_C_GSL_HEV_N,2045,0.156915758,From MOVES5,2065,ON
T_LDV_C_GSL_HEV_N,2045,0.120354387,From MOVES5,2066,ON
T_LDV_C_GSL_HEV_N,2045,0.091830397,From MOVES5,2067,ON
T_LDV_C_GSL_HEV_N,2045,0.069791102,From MOVES5,2068,ON
T_LDV_C_GSL_HEV_N,2045,0.052831864,From MOVES5,2069,ON
T_LDV_C_GSL_HEV_N,2045,0.039993721,From MOVES5,2070,ON
T_LDV_C_GSL_HEV_N,2045,0.030155266,From MOVES5,2071,ON
T_LDV_C_GSL_HEV_N,2045,0.02273707,From MOVES5,2072,ON
T_LDV_C_GSL_HEV_N,2045,0.012891919,From MOVES5,2073,ON
T_LDV_C_GSL_HEV_N,2045,0.009694723,From MOVES5,2074,ON
T_LDV_C_GSL_HEV_N,2045,0.007290432,From MOVES5,2075,ON
T_LDV_C_GSL_HEV_N,2045,0.005475114,From MOVES5,2076,ON
T_LDV_C_GSL_HEV_N,2045,0.004106336,From MOVES5,2077,ON
T_LDV_C_GSL_HEV_N,2045,0.003079752,From MOVES5,2078,ON
T_LDV_C_GSL_HEV_N,2045,0.002306734,From MOVES5,2079,ON
T_LDV_C_GSL_HEV_N,2045,0.001725437,From MOVES5,2080,ON
T_LDV_C_GSL_HEV_N,2045,0.001288901,From MOVES5,2081,ON
T_LDV_C_GSL_HEV_N,2045,0.000961521,From MOVES5,2082,ON
T_LDV_C_GSL_HEV_N,2045,0.000717294,From MOVES5,2083,ON
T_LDV_C_GSL_HEV_N,2045,0.000534384,From MOVES5,2084,ON
T_LDV_C_GSL_HEV_N,2045,0.000397582,From MOVES5,2085,ON
T_LDV_C_GSL_HEV_N,2045,0.000295403,From MOVES5,2086,ON
T_LDV_C_GSL_HEV_N,2045,0,From MOVES5,2087,ON
T_LDV_C_GSL_HEV_N,2050,1,From MOVES5,2050,ON
T_LDV_C_GSL_HEV_N,2050,0.997,From MOVES5,2051,ON
T_LDV_C_GSL_HEV_N,2050,0.994009,From MOVES5,2052,ON
T_LDV_C_GSL_HEV_N,2050,0.991026973,From MOVES5,2053,ON
T_LDV_C_GSL_HEV_N,2050,0.984089784,From MOVES5,2054,ON
T_LDV_C_GSL_HEV_N,2050,0.974248886,From MOVES5,2055,ON
T_LDV_C_GSL_HEV_N,2050,0.960609402,From MOVES5,2056,ON
T_LDV_C_GSL_HEV_N,2050,0.942357823,From MOVES5,2057,ON
T_LDV_C_GSL_HEV_N,2050,0.919741236,From MOVES5,2058,ON
T_LDV_C_GSL_HEV_N,2050,0.89306874,From MOVES5,2059,ON
T_LDV_C_GSL_HEV_N,2050,0.861811334,From MOVES5,2060,ON
T_LDV_C_GSL_HEV_N,2050,0.826477069,From MOVES5,2061,ON
T_LDV_C_GSL_HEV_N,2050,0.787632647,From MOVES5,2062,ON
T_LDV_C_GSL_HEV_N,2050,0.718320974,From MOVES5,2063,ON
T_LDV_C_GSL_HEV_N,2050,0.613446112,From MOVES5,2064,ON
T_LDV_C_GSL_HEV_N,2050,0.510387165,From MOVES5,2065,ON
T_LDV_C_GSL_HEV_N,2050,0.414944765,From MOVES5,2066,ON
T_LDV_C_GSL_HEV_N,2050,0.331540867,From MOVES5,2067,ON
T_LDV_C_GSL_HEV_N,2050,0.260922663,From MOVES5,2068,ON
T_LDV_C_GSL_HEV_N,2050,0.203258754,From MOVES5,2069,ON
T_LDV_C_GSL_HEV_N,2050,0.156915758,From MOVES5,2070,ON
T_LDV_C_GSL_HEV_N,2050,0.120354387,From MOVES5,2071,ON
T_LDV_C_GSL_HEV_N,2050,0.091830397,From MOVES5,2072,ON
T_LDV_C_GSL_HEV_N,2050,0.069791102,From MOVES5,2073,ON
T_LDV_C_GSL_HEV_N,2050,0.052831864,From MOVES5,2074,ON
T_LDV_C_GSL_HEV_N,2050,0.039993721,From MOVES5,2075,ON
T_LDV_C_GSL_HEV_N,2050,0.030155266,From MOVES5,2076,ON
T_LDV_C_GSL_HEV_N,2050,0.02273707,From MOVES5,2077,ON
T_LDV_C_GSL_HEV_N,2050,0.012891919,From MOVES5,2078,ON
T_LDV_C_GSL_HEV_N,2050,0.009694723,From MOVES5,2079,ON
T_LDV_C_GSL_HEV_N,2050,0.007290432,From MOVES5,2080,ON
T_LDV_C_GSL_HEV_N,2050,0.005475114,From MOVES5,2081,ON
T_LDV_C_GSL_HEV_N,2050,0.004106336,From MOVES5,2082,ON
T_LDV_C_GSL_HEV_N,2050,0.003079752,From MOVES5,2083,ON
T_LDV_C_GSL_HEV_N,2050,0.002306734,From MOVES5,2084,ON
T_LDV_C_GSL_HEV_N,2050,0.001725437,From MOVES5,2085,ON
T_LDV_C_GSL_HEV_N,2050,0.001288901,From MOVES5,2086,ON
T_LDV_C_GSL_HEV_N,2050,0.000961521,From MOVES5,2087,ON
T_LDV_C_GSL_HEV_N,2050,0.000717294,From MOVES5,2088,ON
T_LDV_C_GSL_HEV_N,2050,0.000534384,From MOVES5,2089,ON
T_LDV_C_GSL_HEV_N,2050,0.000397582,From MOVES5,2090,ON
T_LDV_C_GSL_HEV_N,2050,0.000295403,From MOVES5,2091,ON
T_LDV_C_GSL_HEV_N,2050,0,From MOVES5,2092,ON
T_LDV_C_GSL_N,2025,1,From MOVES5,2025,ON
T_LDV_C_GSL_N,2025,0.997,From MOVES5,2026,ON
T_LDV_C_GSL_N,2025,0.994009,From MOVES5,2027,ON
T_LDV_C_GSL_N,2025,0.991026973,From MOVES5,2028,ON
T_LDV_C_GSL_N,2025,0.984089784,From MOVES5,2029,ON
T_LDV_C_GSL_N,2025,0.974248886,From MOVES5,2030,ON
T_LDV_C_GSL_N,2025,0.960609402,From MOVES5,2031,ON
T_LDV_C_GSL_N,2025,0.942357823,From MOVES5,2032,ON
T_LDV_C_GSL_N,2025,0.919741236,From MOVES5,2033,ON
T_LDV_C_GSL_N,2025,0.89306874,From MOVES5,2034,ON
T_LDV_C_GSL_N,2025,0.861811334,From MOVES5,2035,ON
T_LDV_C_GSL_N,2025,0.826477069,From MOVES5,2036,ON
T_LDV_C_GSL_N,2025,0.787632647,From MOVES5,2037,ON
T_LDV_C_GSL_N,2025,0.718320974,From MOVES5,2038,ON
T_LDV_C_GSL_N,2025,0.613446112,From MOVES5,2039,ON
T_LDV_C_GSL_N,2025,0.510387165,From MOVES5,2040,ON
T_LDV_C_GSL_N,2025,0.414944765,From MOVES5,2041,ON
T_LDV_C_GSL_N,2025,0.331540867,From MOVES5,2042,ON
T_LDV_C_GSL_N,2025,0.260922663,From MOVES5,2043,ON
T_LDV_C_GSL_N,2025,0.203258754,From MOVES5,2044,ON
T_LDV_C_GSL_N,2025,0.156915758,From MOVES5,2045,ON
T_LDV_C_GSL_N,2025,0.120354387,From MOVES5,2046,ON
T_LDV_C_GSL_N,2025,0.091830397,From MOVES5,2047,ON
T_LDV_C_GSL_N,2025,0.069791102,From MOVES5,2048,ON
T_LDV_C_GSL_N,2025,0.052831864,From MOVES5,2049,ON
T_LDV_C_GSL_N,2025,0.039993721,From MOVES5,2050,ON
T_LDV_C_GSL_N,2025,0.030155266,From MOVES5,2051,ON
T_LDV_C_GSL_N,2025,0.02273707,From MOVES5,2052,ON
T_LDV_C_GSL_N,2025,0.012891919,From MOVES5,2053,ON
T_LDV_C_GSL_N,2025,0.009694723,From MOVES5,2054,ON
T_LDV_C_GSL_N,2025,0.007290432,From MOVES5,2055,ON
T_LDV_C_GSL_N,2025,0.005475114,From MOVES5,2056,ON
T_LDV_C_GSL_N,2025,0.004106336,From MOVES5,2057,ON
T_LDV_C_GSL_N,2025,0.003079752,From MOVES5,2058,ON
T_LDV_C_GSL_N,2025,0.002306734,From MOVES5,2059,ON
T_LDV_C_GSL_N,2025,0.001725437,From MOVES5,2060,ON
T_LDV_C_GSL_N,2025,0.001288901,From MOVES5,2061,ON
T_LDV_C_GSL_N,2025,0.000961521,From MOVES5,2062,ON
T_LDV_C_GSL_N,2025,0.000717294,From MOVES5,2063,ON
T_LDV_C_GSL_N,2025,0.000534384,From MOVES5,2064,ON
T_LDV_C_GSL_N,2025,0.000397582,From MOVES5,2065,ON
T_LDV_C_GSL_N,2025,0.000295403,From MOVES5,2066,ON
T_LDV_C_GSL_N,2025,0,From MOVES5,2067,ON
T_LDV_C_GSL_N,2030,1,From MOVES5,2030,ON
T_LDV_C_GSL_N,2030,0.997,From MOVES5,2031,ON
T_LDV_C_GSL_N,2030,0.994009,From MOVES5,2032,ON
T_LDV_C_GSL_N,2030,0.991026973,From MOVES5,2033,ON
T_LDV_C_GSL_N,2030,0.984089784,From MOVES5,2034,ON
T_LDV_C_GSL_N,2030,0.974248886,From MOVES5,2035,ON
T_LDV_C_GSL_N,2030,0.960609402,From MOVES5,2036,ON
T_LDV_C_GSL_N,2030,0.942357823,From MOVES5,2037,ON
T_LDV_C_GSL_N,2030,0.919741236,From MOVES5,2038,ON
T_LDV_C_GSL_N,2030,0.89306874,From MOVES5,2039,ON
T_LDV_C_GSL_N,2030,0.861811334,From MOVES5,2040,ON
T_LDV_C_GSL_N,2030,0.826477069,From MOVES5,2041,ON
T_LDV_C_GSL_N,2030,0.787632647,From MOVES5,2042,ON
T_LDV_C_GSL_N,2030,0.718320974,From MOVES5,2043,ON
T_LDV_C_GSL_N,2030,0.613446112,From MOVES5,2044,ON
T_LDV_C_GSL_N,2030,0.510387165,From MOVES5,2045,ON
T_LDV_C_GSL_N,2030,0.414944765,From MOVES5,2046,ON
T_LDV_C_GSL_N,2030,0.331540867,From MOVES5,2047,ON
T_LDV_C_GSL_N,2030,0.260922663,From MOVES5,2048,ON
T_LDV_C_GSL_N,2030,0.203258754,From MOVES5,2049,ON
T_LDV_C_GSL_N,2030,0.156915758,From MOVES5,2050,ON
T_LDV_C_GSL_N,2030,0.120354387,From MOVES5,2051,ON
T_LDV_C_GSL_N,2030,0.091830397,From MOVES5,2052,ON
T_LDV_C_GSL_N,2030,0.069791102,From MOVES5,2053,ON
T_LDV_C_GSL_N,2030,0.052831864,From MOVES5,2054,ON
T_LDV_C_GSL_N,2030,0.039993721,From MOVES5,2055,ON
T_LDV_C_GSL_N,2030,0.030155266,From MOVES5,2056,ON
T_LDV_C_GSL_N,2030,0.02273707,From MOVES5,2057,ON
T_LDV_C_GSL_N,2030,0.012891919,From MOVES5,2058,ON
T_LDV_C_GSL_N,2030,0.009694723,From MOVES5,2059,ON
T_LDV_C_GSL_N,2030,0.007290432,From MOVES5,2060,ON
T_LDV_C_GSL_N,2030,0.005475114,From MOVES5,2061,ON
T_LDV_C_GSL_N,2030,0.004106336,From MOVES5,2062,ON
T_LDV_C_GSL_N,2030,0.003079752,From MOVES5,2063,ON
T_LDV_C_GSL_N,2030,0.002306734,From MOVES5,2064,ON
T_LDV_C_GSL_N,2030,0.001725437,From MOVES5,2065,ON
T_LDV_C_GSL_N,2030,0.001288901,From MOVES5,2066,ON
T_LDV_C_GSL_N,2030,0.000961521,From MOVES5,2067,ON
T_LDV_C_GSL_N,2030,0.000717294,From MOVES5,2068,ON
T_LDV_C_GSL_N,2030,0.000534384,From MOVES5,2069,ON
T_LDV_C_GSL_N,2030,0.000397582,From MOVES5,2070,ON
T_LDV_C_GSL_N,2030,0.000295403,From MOVES5,2071,ON
T_LDV_C_GSL_N,2030,0,From MOVES5,2072,ON
T_LDV_C_GSL_N,2035,1,From MOVES5,2035,ON
T_LDV_C_GSL_N,2035,0.997,From MOVES5,2036,ON
T_LDV_C_GSL_N,2035,0.994009,From MOVES5,2037,ON
T_LDV_C_GSL_N,2035,0.991026973,From MOVES5,2038,ON
T_LDV_C_GSL_N,2035,0.984089784,From MOVES5,2039,ON
T_LDV_C_GSL_N,2035,0.974248886,From MOVES5,2040,ON
T_LDV_C_GSL_N,2035,0.960609402,From MOVES5,2041,ON
T_LDV_C_GSL_N,2035,0.942357823,From MOVES5,2042,ON
T_LDV_C_GSL_N,2035,0.919741236,From MOVES5,2043,ON
T_LDV_C_GSL_N,2035,0.89306874,From MOVES5,2044,ON
T_LDV_C_GSL_N,2035,0.861811334,From MOVES5,2045,ON
T_LDV_C_GSL_N,2035,0.826477069,From MOVES5,2046,ON
T_LDV_C_GSL_N,2035,0.787632647,From MOVES5,2047,ON
T_LDV_C_GSL_N,2035,0.718320974,From MOVES5,2048,ON
T_LDV_C_GSL_N,2035,0.613446112,From MOVES5,2049,ON
T_LDV_C_GSL_N,2035,0.510387165,From MOVES5,2050,ON
T_LDV_C_GSL_N,2035,0.414944765,From MOVES5,2051,ON
T_LDV_C_GSL_N,2035,0.331540867,From MOVES5,2052,ON
T_LDV_C_GSL_N,2035,0.260922663,From MOVES5,2053,ON
T_LDV_C_GSL_N,2035,0.203258754,From MOVES5,2054,ON
T_LDV_C_GSL_N,2035,0.156915758,From MOVES5,2055,ON
T_LDV_C_GSL_N,2035,0.120354387,From MOVES5,2056,ON
T_LDV_C_GSL_N,2035,0.091830397,From MOVES5,2057,ON
T_LDV_C_GSL_N,2035,0.069791102,From MOVES5,2058,ON
T_LDV_C_GSL_N,2035,0.052831864,From MOVES5,2059,ON
T_LDV_C_GSL_N,2035,0.039993721,From MOVES5,2060,ON
T_LDV_C_GSL_N,2035,0.030155266,From MOVES5,2061,ON
T_LDV_C_GSL_N,2035,0.02273707,From MOVES5,2062,ON
T_LDV_C_GSL_N,2035,0.012891919,From MOVES5,2063,ON
T_LDV_C_GSL_N,2035,0.009694723,From MOVES5,2064,ON
T_LDV_C_GSL_N,2035,0.007290432,From MOVES5,2065,ON
T_LDV_C_GSL_N,2035,0.005475114,From MOVES5,2066,ON
T_LDV_C_GSL_N,2035,0.004106336,From MOVES5,2067,ON
T_LDV_C_GSL_N,2035,0.003079752,From MOVES5,2068,ON
T_LDV_C_GSL_N,2035,0.002306734,From MOVES5,2069,ON
T_LDV_C_GSL_N,2035,0.001725437,From MOVES5,2070,ON
T_LDV_C_GSL_N,2035,0.001288901,From MOVES5,2071,ON
T_LDV_C_GSL_N,2035,0.000961521,From MOVES5,2072,ON
T_LDV_C_GSL_N,2035,0.000717294,From MOVES5,2073,ON
T_LDV_C_GSL_N,2035,0.000534384,From MOVES5,2074,ON
T_LDV_C_GSL_N,2035,0.000397582,From MOVES5,2075,ON
T_LDV_C_GSL_N,2035,0.000295403,From MOVES5,2076,ON
T_LDV_C_GSL_N,2035,0,From MOVES5,2077,ON
T_LDV_C_GSL_N,2040,1,From MOVES5,2040,ON
T_LDV_C_GSL_N,2040,0.997,From MOVES5,2041,ON
T_LDV_C_GSL_N,2040,0.994009,From MOVES5,2042,ON
T_LDV_C_GSL_N,2040,0.991026973,From MOVES5,2043,ON
T_LDV_C_GSL_N,2040,0.984089784,From MOVES5,2044,ON
T_LDV_C_GSL_N,2040,0.974248886,From MOVES5,2045,ON
T_LDV_C_GSL_N,2040,0.960609402,From MOVES5,2046,ON
T_LDV_C_GSL_N,2040,0.942357823,From MOVES5,2047,ON
T_LDV_C_GSL_N,2040,0.919741236,From MOVES5,2048,ON
T_LDV_C_GSL_N,2040,0.89306874,From MOVES5,2049,ON
T_LDV_C_GSL_N,2040,0.861811334,From MOVES5,2050,ON
T_LDV_C_GSL_N,2040,0.826477069,From MOVES5,2051,ON
T_LDV_C_GSL_N,2040,0.787632647,From MOVES5,2052,ON
T_LDV_C_GSL_N,2040,0.718320974,From MOVES5,2053,ON
T_LDV_C_GSL_N,2040,0.613446112,From MOVES5,2054,ON
T_LDV_C_GSL_N,2040,0.510387165,From MOVES5,2055,ON
T_LDV_C_GSL_N,2040,0.414944765,From MOVES5,2056,ON
T_LDV_C_GSL_N,2040,0.331540867,From MOVES5,2057,ON
T_LDV_C_GSL_N,2040,0.260922663,From MOVES5,2058,ON
T_LDV_C_GSL_N,2040,0.203258754,From MOVES5,2059,ON
T_LDV_C_GSL_N,2040,0.156915758,From MOVES5,2060,ON
T_LDV_C_GSL_N,2040,0.120354387,From MOVES5,2061,ON
T_LDV_C_GSL_N,2040,0.091830397,From MOVES5,2062,ON
T_LDV_C_GSL_N,2040,0.069791102,From MOVES5,2063,ON
T_LDV_C_GSL_N,2040,0.052831864,From MOVES5,2064,ON
T_LDV_C_GSL_N,2040,0.039993721,From MOVES5,2065,ON
T_LDV_C_GSL_N,2040,0.030155266,From MOVES5,2066,ON
T_LDV_C_GSL_N,2040,0.02273707,From MOVES5,2067,ON
T_LDV_C_GSL_N,2040,0.012891919,From MOVES5,2068,ON
T_LDV_C_GSL_N,2040,0.009694723,From MOVES5,2069,ON
T_LDV_C_GSL_N,2040,0.007290432,From MOVES5,2070,ON
T_LDV_C_GSL_N,2040,0.005475114,From MOVES5,2071,ON
T_LDV_C_GSL_N,2040,0.004106336,From MOVES5,2072,ON
T_LDV_C_GSL_N,2040,0.003079752,From MOVES5,2073,ON
T_LDV_C_GSL_N,2040,0.002306734,From MOVES5,2074,ON
T_LDV_C_GSL_N,2040,0.001725437,From MOVES5,2075,ON
T_LDV_C_GSL_N,2040,0.001288901,From MOVES5,2076,ON
T_LDV_C_GSL_N,2040,0.000961521,From MOVES5,2077,ON
T_LDV_C_GSL_N,2040,0.000717294,From MOVES5,2078,ON
T_LDV_C_GSL_N,2040,0.000534384,From MOVES5,2079,ON
T_LDV_C_GSL_N,2040,0.000397582,From MOVES5,2080,ON
T_LDV_C_GSL_N,2040,0.000295403,From MOVES5,2081,ON
T_LDV_C_GSL_N,2040,0,From MOVES5,2082,ON
T_LDV_C_GSL_N,2045,1,From MOVES5,2045,ON
T_LDV_C_GSL_N,2045,0.997,From MOVES5,2046,ON
T_LDV_C_GSL_N,2045,0.994009,From MOVES5,2047,ON
T_LDV_C_GSL_N,2045,0.991026973,From MOVES5,2048,ON
T_LDV_C_GSL_N,2045,0.984089784,From MOVES5,2049,ON
T_LDV_C_GSL_N,2045,0.974248886,From MOVES5,2050,ON
T_LDV_C_GSL_N,2045,0.960609402,From MOVES5,2051,ON
T_LDV_C_GSL_N,2045,0.942357823,From MOVES5,2052,ON
T_LDV_C_GSL_N,2045,0.919741236,From MOVES5,2053,ON
T_LDV_C_GSL_N,2045,0.89306874,From MOVES5,2054,ON
T_LDV_C_GSL_N,2045,0.861811334,From MOVES5,2055,ON
T_LDV_C_GSL_N,2045,0.826477069,From MOVES5,2056,ON
T_LDV_C_GSL_N,2045,0.787632647,From MOVES5,2057,ON
T_LDV_C_GSL_N,2045,0.718320974,From MOVES5,2058,ON
T_LDV_C_GSL_N,2045,0.613446112,From MOVES5,2059,ON
T_LDV_C_GSL_N,2045,0.510387165,From MOVES5,2060,ON
T_LDV_C_GSL_N,2045,0.414944765,From MOVES5,2061,ON
T_LDV_C_GSL_N,2045,0.331540867,From MOVES5,2062,ON
T_LDV_C_GSL_N,2045,0.260922663,From MOVES5,2063,ON
T_LDV_C_GSL_N,2045,0.203258754,From MOVES5,2064,ON
T_LDV_C_GSL_N,2045,0.156915758,From MOVES5,2065,ON
T_LDV_C_GSL_N,2045,0.120354387,From MOVES5,2066,ON
T_LDV_C_GSL_N,2045,0.091830397,From MOVES5,2067,ON
T_LDV_C_GSL_N,2045,0.069791102,From MOVES5,2068,ON
T_LDV_C_GSL_N,2045,0.052831864,From MOVES5,2069,ON
T_LDV_C_GSL_N,2045,0.039993721,From MOVES5,2070,ON
T_LDV_C_GSL_N,2045,0.030155266,From MOVES5,2071,ON
T_LDV_C_GSL_N,2045,0.02273707,From MOVES5,2072,ON
T_LDV_C_GSL_N,2045,0.012891919,From MOVES5,2073,ON
T_LDV_C_GSL_N,2045,0.009694723,From MOVES5,2074,ON
T_LDV_C_GSL_N,2045,0.007290432,From MOVES5,2075,ON
T_LDV_C_GSL_N,2045,0.005475114,From MOVES5,2076,ON
T_LDV_C_GSL_N,2045,0.004106336,From MOVES5,2077,ON
T_LDV_C_GSL_N,2045,0.003079752,From MOVES5,2078,ON
T_LDV_C_GSL_N,2045,0.002306734,From MOVES5,2079,ON
T_LDV_C_GSL_N,2045,0.001725437,From MOVES5,2080,ON
T_LDV_C_GSL_N,2045,0.001288901,From MOVES5,2081,ON
T_LDV_C_GSL_N,2045,0.000961521,From MOVES5,2082,ON
T_LDV_C_GSL_N,2045,0.000717294,From MOVES5,2083,ON
T_LDV_C_GSL_N,2045,0.000534384,From MOVES5,2084,ON
T_LDV_C_GSL_N,2045,0.000397582,From MOVES5,2085,ON
T_LDV_C_GSL_N,2045,0.000295403,From MOVES5,2086,ON
T_LDV_C_GSL_N,2045,0,From MOVES5,2087,ON
T_LDV_C_GSL_N,2050,1,From MOVES5,2050,ON
T_LDV_C_GSL_N,2050,0.997,From MOVES5,2051,ON
T_LDV_C_GSL_N,2050,0.994009,From MOVES5,2052,ON
T_LDV_C_GSL_N,2050,0.991026973,From MOVES5,2053,ON
T_LDV_C_GSL_N,2050,0.984089784,From MOVES5,2054,ON
T_LDV_C_GSL_N,2050,0.974248886,From MOVES5,2055,ON
T_LDV_C_GSL_N,2050,0.960609402,From MOVES5,2056,ON
T_LDV_C_GSL_N,2050,0.942357823,From MOVES5,2057,ON
T_LDV_C_GSL_N,2050,0.919741236,From MOVES5,2058,ON
T_LDV_C_GSL_N,2050,0.89306874,From MOVES5,2059,ON
T_LDV_C_GSL_N,2050,0.861811334,From MOVES5,2060,ON
T_LDV_C_GSL_N,2050,0.826477069,From MOVES5,2061,ON
T_LDV_C_GSL_N,2050,0.787632647,From MOVES5,2062,ON
T_LDV_C_GSL_N,2050,0.718320974,From MOVES5,2063,ON
T_LDV_C_GSL_N,2050,0.613446112,From MOVES5,2064,ON
T_LDV_C_GSL_N,2050,0.510387165,From MOVES5,2065,ON
T_LDV_C_GSL_N,2050,0.414944765,From MOVES5,2066,ON
T_LDV_C_GSL_N,2050,0.331540867,From MOVES5,2067,ON
T_LDV_C_GSL_N,2050,0.260922663,From MOVES5,2068,ON
T_LDV_C_GSL_N,2050,0.203258754,From MOVES5,2069,ON
T_LDV_C_GSL_N,2050,0.156915758,From MOVES5,2070,ON
T_LDV_C_GSL_N,2050,0.120354387,From MOVES5,2071,ON
T_LDV_C_GSL_N,2050,0.091830397,From MOVES5,2072,ON
T_LDV_C_GSL_N,2050,0.069791102,From MOVES5,2073,ON
T_LDV_C_GSL_N,2050,0.052831864,From MOVES5,2074,ON
T_LDV_C_GSL_N,2050,0.039993721,From MOVES5,2075,ON
T_LDV_C_GSL_N,2050,0.030155266,From MOVES5,2076,ON
T_LDV_C_GSL_N,2050,0.02273707,From MOVES5,2077,ON
T_LDV_C_GSL_N,2050,0.012891919,From MOVES5,2078,ON
T_LDV_C_GSL_N,2050,0.009694723,From MOVES5,2079,ON
T_LDV_C_GSL_N,2050,0.007290432,From MOVES5,2080,ON
T_LDV_C_GSL_N,2050,0.005475114,From MOVES5,2081,ON
T_LDV_C_GSL_N,2050,0.004106336,From MOVES5,2082,ON
T_LDV_C_GSL_N,2050,0.003079752,From MOVES5,2083,ON
T_LDV_C_GSL_N,2050,0.002306734,From MOVES5,2084,ON
T_LDV_C_GSL_N,2050,0.001725437,From MOVES5,2085,ON
T_LDV_C_GSL_N,2050,0.001288901,From MOVES5,2086,ON
T_LDV_C_GSL_N,2050,0.000961521,From MOVES5,2087,ON
T_LDV_C_GSL_N,2050,0.000717294,From MOVES5,2088,ON
T_LDV_C_GSL_N,2050,0.000534384,From MOVES5,2089,ON
T_LDV_C_GSL_N,2050,0.000397582,From MOVES5,2090,ON
T_LDV_C_GSL_N,2050,0.000295403,From MOVES5,2091,ON
T_LDV_C_GSL_N,2050,0,From MOVES5,2092,ON
T_LDV_C_GSL_PHEV35_EX,2015,1,From MOVES5,2015,ON
T_LDV_C_GSL_PHEV35_EX,2015,0.997,From MOVES5,2016,ON
T_LDV_C_GSL_PHEV35_EX,2015,0.994009,From MOVES5,2017,ON
T_LDV_C_GSL_PHEV35_EX,2015,0.991026973,From MOVES5,2018,ON
T_LDV_C_GSL_PHEV35_EX,2015,0.984089784,From MOVES5,2019,ON
T_LDV_C_GSL_PHEV35_EX,2015,0.974248886,From MOVES5,2020,ON
T_LDV_C_GSL_PHEV35_EX,2015,0.960609402,From MOVES5,2021,ON
T_LDV_C_GSL_PHEV35_EX,2015,0.942357823,From MOVES5,2022,ON
T_LDV_C_GSL_PHEV35_EX,2015,0.919741236,From MOVES5,2023,ON
T_LDV_C_GSL_PHEV35_EX,2015,0.89306874,From MOVES5,2024,ON
T_LDV_C_GSL_PHEV35_EX,2015,0.861811334,From MOVES5,2025,ON
T_LDV_C_GSL_PHEV35_EX,2015,0.826477069,From MOVES5,2026,ON
T_LDV_C_GSL_PHEV35_EX,2015,0.787632647,From MOVES5,2027,ON
T_LDV_C_GSL_PHEV35_EX,2015,0.718320974,From MOVES5,2028,ON
T_LDV_C_GSL_PHEV35_EX,2015,0.613446112,From MOVES5,2029,ON
T_LDV_C_GSL_PHEV35_EX,2015,0.510387165,From MOVES5,2030,ON
T_LDV_C_GSL_PHEV35_EX,2015,0.414944765,From MOVES5,2031,ON
T_LDV_C_GSL_PHEV35_EX,2015,0.331540867,From MOVES5,2032,ON
T_LDV_C_GSL_PHEV35_EX,2015,0.260922663,From MOVES5,2033,ON
T_LDV_C_GSL_PHEV35_EX,2015,0.203258754,From MOVES5,2034,ON
T_LDV_C_GSL_PHEV35_EX,2015,0.156915758,From MOVES5,2035,ON
T_LDV_C_GSL_PHEV35_EX,2015,0.120354387,From MOVES5,2036,ON
T_LDV_C_GSL_PHEV35_EX,2015,0.091830397,From MOVES5,2037,ON
T_LDV_C_GSL_PHEV35_EX,2015,0.069791102,From MOVES5,2038,ON
T_LDV_C_GSL_PHEV35_EX,2015,0.052831864,From MOVES5,2039,ON
T_LDV_C_GSL_PHEV35_EX,2015,0.039993721,From MOVES5,2040,ON
T_LDV_C_GSL_PHEV35_EX,2015,0.030155266,From MOVES5,2041,ON
T_LDV_C_GSL_PHEV35_EX,2015,0.02273707,From MOVES5,2042,ON
T_LDV_C_GSL_PHEV35_EX,2015,0.012891919,From MOVES5,2043,ON
T_LDV_C_GSL_PHEV35_EX,2015,0.009694723,From MOVES5,2044,ON
T_LDV_C_GSL_PHEV35_EX,2015,0.007290432,From MOVES5,2045,ON
T_LDV_C_GSL_PHEV35_EX,2015,0.005475114,From MOVES5,2046,ON
T_LDV_C_GSL_PHEV35_EX,2015,0.004106336,From MOVES5,2047,ON
T_LDV_C_GSL_PHEV35_EX,2015,0.003079752,From MOVES5,2048,ON
T_LDV_C_GSL_PHEV35_EX,2015,0.002306734,From MOVES5,2049,ON
T_LDV_C_GSL_PHEV35_EX,2015,0.001725437,From MOVES5,2050,ON
T_LDV_C_GSL_PHEV35_EX,2015,0.001288901,From MOVES5,2051,ON
T_LDV_C_GSL_PHEV35_EX,2015,0.000961521,From MOVES5,2052,ON
T_LDV_C_GSL_PHEV35_EX,2015,0.000717294,From MOVES5,2053,ON
T_LDV_C_GSL_PHEV35_EX,2015,0.000534384,From MOVES5,2054,ON
T_LDV_C_GSL_PHEV35_EX,2015,0.000397582,From MOVES5,2055,ON
T_LDV_C_GSL_PHEV35_EX,2015,0.000295403,From MOVES5,2056,ON
T_LDV_C_GSL_PHEV35_EX,2015,0,From MOVES5,2057,ON
T_LDV_C_GSL_PHEV35_EX,2020,1,From MOVES5,2020,ON
T_LDV_C_GSL_PHEV35_EX,2020,0.997,From MOVES5,2021,ON
T_LDV_C_GSL_PHEV35_EX,2020,0.994009,From MOVES5,2022,ON
T_LDV_C_GSL_PHEV35_EX,2020,0.991026973,From MOVES5,2023,ON
T_LDV_C_GSL_PHEV35_EX,2020,0.984089784,From MOVES5,2024,ON
T_LDV_C_GSL_PHEV35_EX,2020,0.974248886,From MOVES5,2025,ON
T_LDV_C_GSL_PHEV35_EX,2020,0.960609402,From MOVES5,2026,ON
T_LDV_C_GSL_PHEV35_EX,2020,0.942357823,From MOVES5,2027,ON
T_LDV_C_GSL_PHEV35_EX,2020,0.919741236,From MOVES5,2028,ON
T_LDV_C_GSL_PHEV35_EX,2020,0.89306874,From MOVES5,2029,ON
T_LDV_C_GSL_PHEV35_EX,2020,0.861811334,From MOVES5,2030,ON
T_LDV_C_GSL_PHEV35_EX,2020,0.826477069,From MOVES5,2031,ON
T_LDV_C_GSL_PHEV35_EX,2020,0.787632647,From MOVES5,2032,ON
T_LDV_C_GSL_PHEV35_EX,2020,0.718320974,From MOVES5,2033,ON
T_LDV_C_GSL_PHEV35_EX,2020,0.613446112,From MOVES5,2034,ON
T_LDV_C_GSL_PHEV35_EX,2020,0.510387165,From MOVES5,2035,ON
T_LDV_C_GSL_PHEV35_EX,2020,0.414944765,From MOVES5,2036,ON
T_LDV_C_GSL_PHEV35_EX,2020,0.331540867,From MOVES5,2037,ON
T_LDV_C_GSL_PHEV35_EX,2020,0.260922663,From MOVES5,2038,ON
T_LDV_C_GSL_PHEV35_EX,2020,0.203258754,From MOVES5,2039,ON
T_LDV_C_GSL_PHEV35_EX,2020,0.156915758,From MOVES5,2040,ON
T_LDV_C_GSL_PHEV35_EX,2020,0.120354387,From MOVES5,2041,ON
T_LDV_C_GSL_PHEV35_EX,2020,0.091830397,From MOVES5,2042,ON
T_LDV_C_GSL_PHEV35_EX,2020,0.069791102,From MOVES5,2043,ON
T_LDV_C_GSL_PHEV35_EX,2020,0.052831864,From MOVES5,2044,ON
T_LDV_C_GSL_PHEV35_EX,2020,0.039993721,From MOVES5,2045,ON
T_LDV_C_GSL_PHEV35_EX,2020,0.030155266,From MOVES5,2046,ON
T_LDV_C_GSL_PHEV35_EX,2020,0.02273707,From MOVES5,2047,ON
T_LDV_C_GSL_PHEV35_EX,2020,0.012891919,From MOVES5,2048,ON
T_LDV_C_GSL_PHEV35_EX,2020,0.009694723,From MOVES5,2049,ON
T_LDV_C_GSL_PHEV35_EX,2020,0.007290432,From MOVES5,2050,ON
T_LDV_C_GSL_PHEV35_EX,2020,0.005475114,From MOVES5,2051,ON
T_LDV_C_GSL_PHEV35_EX,2020,0.004106336,From MOVES5,2052,ON
T_LDV_C_GSL_PHEV35_EX,2020,0.003079752,From MOVES5,2053,ON
T_LDV_C_GSL_PHEV35_EX,2020,0.002306734,From MOVES5,2054,ON
T_LDV_C_GSL_PHEV35_EX,2020,0.001725437,From MOVES5,2055,ON
T_LDV_C_GSL_PHEV35_EX,2020,0.001288901,From MOVES5,2056,ON
T_LDV_C_GSL_PHEV35_EX,2020,0.000961521,From MOVES5,2057,ON
T_LDV_C_GSL_PHEV35_EX,2020,0.000717294,From MOVES5,2058,ON
T_LDV_C_GSL_PHEV35_EX,2020,0.000534384,From MOVES5,2059,ON
T_LDV_C_GSL_PHEV35_EX,2020,0.000397582,From MOVES5,2060,ON
T_LDV_C_GSL_PHEV35_EX,2020,0.000295403,From MOVES5,2061,ON
T_LDV_C_GSL_PHEV35_EX,2020,0,From MOVES5,2062,ON
T_LDV_C_GSL_PHEV35_N,2025,1,From MOVES5,2025,ON
T_LDV_C_GSL_PHEV35_N,2025,0.997,From MOVES5,2026,ON
T_LDV_C_GSL_PHEV35_N,2025,0.994009,From MOVES5,2027,ON
T_LDV_C_GSL_PHEV35_N,2025,0.991026973,From MOVES5,2028,ON
T_LDV_C_GSL_PHEV35_N,2025,0.984089784,From MOVES5,2029,ON
T_LDV_C_GSL_PHEV35_N,2025,0.974248886,From MOVES5,2030,ON
T_LDV_C_GSL_PHEV35_N,2025,0.960609402,From MOVES5,2031,ON
T_LDV_C_GSL_PHEV35_N,2025,0.942357823,From MOVES5,2032,ON
T_LDV_C_GSL_PHEV35_N,2025,0.919741236,From MOVES5,2033,ON
T_LDV_C_GSL_PHEV35_N,2025,0.89306874,From MOVES5,2034,ON
T_LDV_C_GSL_PHEV35_N,2025,0.861811334,From MOVES5,2035,ON
T_LDV_C_GSL_PHEV35_N,2025,0.826477069,From MOVES5,2036,ON
T_LDV_C_GSL_PHEV35_N,2025,0.787632647,From MOVES5,2037,ON
T_LDV_C_GSL_PHEV35_N,2025,0.718320974,From MOVES5,2038,ON
T_LDV_C_GSL_PHEV35_N,2025,0.613446112,From MOVES5,2039,ON
T_LDV_C_GSL_PHEV35_N,2025,0.510387165,From MOVES5,2040,ON
T_LDV_C_GSL_PHEV35_N,2025,0.414944765,From MOVES5,2041,ON
T_LDV_C_GSL_PHEV35_N,2025,0.331540867,From MOVES5,2042,ON
T_LDV_C_GSL_PHEV35_N,2025,0.260922663,From MOVES5,2043,ON
T_LDV_C_GSL_PHEV35_N,2025,0.203258754,From MOVES5,2044,ON
T_LDV_C_GSL_PHEV35_N,2025,0.156915758,From MOVES5,2045,ON
T_LDV_C_GSL_PHEV35_N,2025,0.120354387,From MOVES5,2046,ON
T_LDV_C_GSL_PHEV35_N,2025,0.091830397,From MOVES5,2047,ON
T_LDV_C_GSL_PHEV35_N,2025,0.069791102,From MOVES5,2048,ON
T_LDV_C_GSL_PHEV35_N,2025,0.052831864,From MOVES5,2049,ON
T_LDV_C_GSL_PHEV35_N,2025,0.039993721,From MOVES5,2050,ON
T_LDV_C_GSL_PHEV35_N,2025,0.030155266,From MOVES5,2051,ON
T_LDV_C_GSL_PHEV35_N,2025,0.02273707,From MOVES5,2052,ON
T_LDV_C_GSL_PHEV35_N,2025,0.012891919,From MOVES5,2053,ON
T_LDV_C_GSL_PHEV35_N,2025,0.009694723,From MOVES5,2054,ON
T_LDV_C_GSL_PHEV35_N,2025,0.007290432,From MOVES5,2055,ON
T_LDV_C_GSL_PHEV35_N,2025,0.005475114,From MOVES5,2056,ON
T_LDV_C_GSL_PHEV35_N,2025,0.004106336,From MOVES5,2057,ON
T_LDV_C_GSL_PHEV35_N,2025,0.003079752,From MOVES5,2058,ON
T_LDV_C_GSL_PHEV35_N,2025,0.002306734,From MOVES5,2059,ON
T_LDV_C_GSL_PHEV35_N,2025,0.001725437,From MOVES5,2060,ON
T_LDV_C_GSL_PHEV35_N,2025,0.001288901,From MOVES5,2061,ON
T_LDV_C_GSL_PHEV35_N,2025,0.000961521,From MOVES5,2062,ON
T_LDV_C_GSL_PHEV35_N,2025,0.000717294,From MOVES5,2063,ON
T_LDV_C_GSL_PHEV35_N,2025,0.000534384,From MOVES5,2064,ON
T_LDV_C_GSL_PHEV35_N,2025,0.000397582,From MOVES5,2065,ON
T_LDV_C_GSL_PHEV35_N,2025,0.000295403,From MOVES5,2066,ON
T_LDV_C_GSL_PHEV35_N,2025,0,From MOVES5,2067,ON
T_LDV_C_GSL_PHEV35_N,2030,1,From MOVES5,2030,ON
T_LDV_C_GSL_PHEV35_N,2030,0.997,From MOVES5,2031,ON
T_LDV_C_GSL_PHEV35_N,2030,0.994009,From MOVES5,2032,ON
T_LDV_C_GSL_PHEV35_N,2030,0.991026973,From MOVES5,2033,ON
T_LDV_C_GSL_PHEV35_N,2030,0.984089784,From MOVES5,2034,ON
T_LDV_C_GSL_PHEV35_N,2030,0.974248886,From MOVES5,2035,ON
T_LDV_C_GSL_PHEV35_N,2030,0.960609402,From MOVES5,2036,ON
T_LDV_C_GSL_PHEV35_N,2030,0.942357823,From MOVES5,2037,ON
T_LDV_C_GSL_PHEV35_N,2030,0.919741236,From MOVES5,2038,ON
T_LDV_C_GSL_PHEV35_N,2030,0.89306874,From MOVES5,2039,ON
T_LDV_C_GSL_PHEV35_N,2030,0.861811334,From MOVES5,2040,ON
T_LDV_C_GSL_PHEV35_N,2030,0.826477069,From MOVES5,2041,ON
T_LDV_C_GSL_PHEV35_N,2030,0.787632647,From MOVES5,2042,ON
T_LDV_C_GSL_PHEV35_N,2030,0.718320974,From MOVES5,2043,ON
T_LDV_C_GSL_PHEV35_N,2030,0.613446112,From MOVES5,2044,ON
T_LDV_C_GSL_PHEV35_N,2030,0.510387165,From MOVES5,2045,ON
T_LDV_C_GSL_PHEV35_N,2030,0.414944765,From MOVES5,2046,ON
T_LDV_C_GSL_PHEV35_N,2030,0.331540867,From MOVES5,2047,ON
T_LDV_C_GSL_PHEV35_N,2030,0.260922663,From MOVES5,2048,ON
T_LDV_C_GSL_PHEV35_N,2030,0.203258754,From MOVES5,2049,ON
T_LDV_C_GSL_PHEV35_N,2030,0.156915758,From MOVES5,2050,ON
T_LDV_C_GSL_PHEV35_N,2030,0.120354387,From MOVES5,2051,ON
T_LDV_C_GSL_PHEV35_N,2030,0.091830397,From MOVES5,2052,ON
T_LDV_C_GSL_PHEV35_N,2030,0.069791102,From MOVES5,2053,ON
T_LDV_C_GSL_PHEV35_N,2030,0.052831864,From MOVES5,2054,ON
T_LDV_C_GSL_PHEV35_N,2030,0.039993721,From MOVES5,2055,ON
T_LDV_C_GSL_PHEV35_N,2030,0.030155266,From MOVES5,2056,ON
T_LDV_C_GSL_PHEV35_N,2030,0.02273707,From MOVES5,2057,ON
T_LDV_C_GSL_PHEV35_N,2030,0.012891919,From MOVES5,2058,ON
T_LDV_C_GSL_PHEV35_N,2030,0.009694723,From MOVES5,2059,ON
T_LDV_C_GSL_PHEV35_N,2030,0.007290432,From MOVES5,2060,ON
T_LDV_C_GSL_PHEV35_N,2030,0.005475114,From MOVES5,2061,ON
T_LDV_C_GSL_PHEV35_N,2030,0.004106336,From MOVES5,2062,ON
T_LDV_C_GSL_PHEV35_N,2030,0.003079752,From MOVES5,2063,ON
T_LDV_C_GSL_PHEV35_N,2030,0.002306734,From MOVES5,2064,ON
T_LDV_C_GSL_PHEV35_N,2030,0.001725437,From MOVES5,2065,ON
T_LDV_C_GSL_PHEV35_N,2030,0.001288901,From MOVES5,2066,ON
T_LDV_C_GSL_PHEV35_N,2030,0.000961521,From MOVES5,2067,ON
T_LDV_C_GSL_PHEV35_N,2030,0.000717294,From MOVES5,2068,ON
T_LDV_C_GSL_PHEV35_N,2030,0.000534384,From MOVES5,2069,ON
T_LDV_C_GSL_PHEV35_N,2030,0.000397582,From MOVES5,2070,ON
T_LDV_C_GSL_PHEV35_N,2030,0.000295403,From MOVES5,2071,ON
T_LDV_C_GSL_PHEV35_N,2030,0,From MOVES5,2072,ON
T_LDV_C_GSL_PHEV35_N,2035,1,From MOVES5,2035,ON
T_LDV_C_GSL_PHEV35_N,2035,0.997,From MOVES5,2036,ON
T_LDV_C_GSL_PHEV35_N,2035,0.994009,From MOVES5,2037,ON
T_LDV_C_GSL_PHEV35_N,2035,0.991026973,From MOVES5,2038,ON
T_LDV_C_GSL_PHEV35_N,2035,0.984089784,From MOVES5,2039,ON
T_LDV_C_GSL_PHEV35_N,2035,0.974248886,From MOVES5,2040,ON
T_LDV_C_GSL_PHEV35_N,2035,0.960609402,From MOVES5,2041,ON
T_LDV_C_GSL_PHEV35_N,2035,0.942357823,From MOVES5,2042,ON
T_LDV_C_GSL_PHEV35_N,2035,0.919741236,From MOVES5,2043,ON
T_LDV_C_GSL_PHEV35_N,2035,0.89306874,From MOVES5,2044,ON
T_LDV_C_GSL_PHEV35_N,2035,0.861811334,From MOVES5,2045,ON
T_LDV_C_GSL_PHEV35_N,2035,0.826477069,From MOVES5,2046,ON
T_LDV_C_GSL_PHEV35_N,2035,0.787632647,From MOVES5,2047,ON
T_LDV_C_GSL_PHEV35_N,2035,0.718320974,From MOVES5,2048,ON
T_LDV_C_GSL_PHEV35_N,2035,0.613446112,From MOVES5,2049,ON
T_LDV_C_GSL_PHEV35_N,2035,0.510387165,From MOVES5,2050,ON
T_LDV_C_GSL_PHEV35_N,2035,0.414944765,From MOVES5,2051,ON
T_LDV_C_GSL_PHEV35_N,2035,0.331540867,From MOVES5,2052,ON
T_LDV_C_GSL_PHEV35_N,2035,0.260922663,From MOVES5,2053,ON
T_LDV_C_GSL_PHEV35_N,2035,0.203258754,From MOVES5,2054,ON
T_LDV_C_GSL_PHEV35_N,2035,0.156915758,From MOVES5,2055,ON
T_LDV_C_GSL_PHEV35_N,2035,0.120354387,From MOVES5,2056,ON
T_LDV_C_GSL_PHEV35_N,2035,0.091830397,From MOVES5,2057,ON
T_LDV_C_GSL_PHEV35_N,2035,0.069791102,From MOVES5,2058,ON
T_LDV_C_GSL_PHEV35_N,2035,0.052831864,From MOVES5,2059,ON
T_LDV_C_GSL_PHEV35_N,2035,0.039993721,From MOVES5,2060,ON
T_LDV_C_GSL_PHEV35_N,2035,0.030155266,From MOVES5,2061,ON
T_LDV_C_GSL_PHEV35_N,2035,0.02273707,From MOVES5,2062,ON
T_LDV_C_GSL_PHEV35_N,2035,0.012891919,From MOVES5,2063,ON
T_LDV_C_GSL_PHEV35_N,2035,0.009694723,From MOVES5,2064,ON
T_LDV_C_GSL_PHEV35_N,2035,0.007290432,From MOVES5,2065,ON
T_LDV_C_GSL_PHEV35_N,2035,0.005475114,From MOVES5,2066,ON
T_LDV_C_GSL_PHEV35_N,2035,0.004106336,From MOVES5,2067,ON
T_LDV_C_GSL_PHEV35_N,2035,0.003079752,From MOVES5,2068,ON
T_LDV_C_GSL_PHEV35_N,2035,0.002306734,From MOVES5,2069,ON
T_LDV_C_GSL_PHEV35_N,2035,0.001725437,From MOVES5,2070,ON
T_LDV_C_GSL_PHEV35_N,2035,0.001288901,From MOVES5,2071,ON
T_LDV_C_GSL_PHEV35_N,2035,0.000961521,From MOVES5,2072,ON
T_LDV_C_GSL_PHEV35_N,2035,0.000717294,From MOVES5,2073,ON
T_LDV_C_GSL_PHEV35_N,2035,0.000534384,From MOVES5,2074,ON
T_LDV_C_GSL_PHEV35_N,2035,0.000397582,From MOVES5,2075,ON
T_LDV_C_GSL_PHEV35_N,2035,0.000295403,From MOVES5,2076,ON
T_LDV_C_GSL_PHEV35_N,2035,0,From MOVES5,2077,ON
T_LDV_C_GSL_PHEV35_N,2040,1,From MOVES5,2040,ON
T_LDV_C_GSL_PHEV35_N,2040,0.997,From MOVES5,2041,ON
T_LDV_C_GSL_PHEV35_N,2040,0.994009,From MOVES5,2042,ON
T_LDV_C_GSL_PHEV35_N,2040,0.991026973,From MOVES5,2043,ON
T_LDV_C_GSL_PHEV35_N,2040,0.984089784,From MOVES5,2044,ON
T_LDV_C_GSL_PHEV35_N,2040,0.974248886,From MOVES5,2045,ON
T_LDV_C_GSL_PHEV35_N,2040,0.960609402,From MOVES5,2046,ON
T_LDV_C_GSL_PHEV35_N,2040,0.942357823,From MOVES5,2047,ON
T_LDV_C_GSL_PHEV35_N,2040,0.919741236,From MOVES5,2048,ON
T_LDV_C_GSL_PHEV35_N,2040,0.89306874,From MOVES5,2049,ON
T_LDV_C_GSL_PHEV35_N,2040,0.861811334,From MOVES5,2050,ON
T_LDV_C_GSL_PHEV35_N,2040,0.826477069,From MOVES5,2051,ON
T_LDV_C_GSL_PHEV35_N,2040,0.787632647,From MOVES5,2052,ON
T_LDV_C_GSL_PHEV35_N,2040,0.718320974,From MOVES5,2053,ON
T_LDV_C_GSL_PHEV35_N,2040,0.613446112,From MOVES5,2054,ON
T_LDV_C_GSL_PHEV35_N,2040,0.510387165,From MOVES5,2055,ON
T_LDV_C_GSL_PHEV35_N,2040,0.414944765,From MOVES5,2056,ON
T_LDV_C_GSL_PHEV35_N,2040,0.331540867,From MOVES5,2057,ON
T_LDV_C_GSL_PHEV35_N,2040,0.260922663,From MOVES5,2058,ON
T_LDV_C_GSL_PHEV35_N,2040,0.203258754,From MOVES5,2059,ON
T_LDV_C_GSL_PHEV35_N,2040,0.156915758,From MOVES5,2060,ON
T_LDV_C_GSL_PHEV35_N,2040,0.120354387,From MOVES5,2061,ON
T_LDV_C_GSL_PHEV35_N,2040,0.091830397,From MOVES5,2062,ON
T_LDV_C_GSL_PHEV35_N,2040,0.069791102,From MOVES5,2063,ON
T_LDV_C_GSL_PHEV35_N,2040,0.052831864,From MOVES5,2064,ON
T_LDV_C_GSL_PHEV35_N,2040,0.039993721,From MOVES5,2065,ON
T_LDV_C_GSL_PHEV35_N,2040,0.030155266,From MOVES5,2066,ON
T_LDV_C_GSL_PHEV35_N,2040,0.02273707,From MOVES5,2067,ON
T_LDV_C_GSL_PHEV35_N,2040,0.012891919,From MOVES5,2068,ON
T_LDV_C_GSL_PHEV35_N,2040,0.009694723,From MOVES5,2069,ON
T_LDV_C_GSL_PHEV35_N,2040,0.007290432,From MOVES5,2070,ON
T_LDV_C_GSL_PHEV35_N,2040,0.005475114,From MOVES5,2071,ON
T_LDV_C_GSL_PHEV35_N,2040,0.004106336,From MOVES5,2072,ON
T_LDV_C_GSL_PHEV35_N,2040,0.003079752,From MOVES5,2073,ON
T_LDV_C_GSL_PHEV35_N,2040,0.002306734,From MOVES5,2074,ON
T_LDV_C_GSL_PHEV35_N,2040,0.001725437,From MOVES5,2075,ON
T_LDV_C_GSL_PHEV35_N,2040,0.001288901,From MOVES5,2076,ON
T_LDV_C_GSL_PHEV35_N,2040,0.000961521,From MOVES5,2077,ON
T_LDV_C_GSL_PHEV35_N,2040,0.000717294,From MOVES5,2078,ON
T_LDV_C_GSL_PHEV35_N,2040,0.000534384,From MOVES5,2079,ON
T_LDV_C_GSL_PHEV35_N,2040,0.000397582,From MOVES5,2080,ON
T_LDV_C_GSL_PHEV35_N,2040,0.000295403,From MOVES5,2081,ON
T_LDV_C_GSL_PHEV35_N,2040,0,From MOVES5,2082,ON
T_LDV_C_GSL_PHEV35_N,2045,1,From MOVES5,2045,ON
T_LDV_C_GSL_PHEV35_N,2045,0.997,From MOVES5,2046,ON
T_LDV_C_GSL_PHEV35_N,2045,0.994009,From MOVES5,2047,ON
T_LDV_C_GSL_PHEV35_N,2045,0.991026973,From MOVES5,2048,ON
T_LDV_C_GSL_PHEV35_N,2045,0.984089784,From MOVES5,2049,ON
T_LDV_C_GSL_PHEV35_N,2045,0.974248886,From MOVES5,2050,ON
T_LDV_C_GSL_PHEV35_N,2045,0.960609402,From MOVES5,2051,ON
T_LDV_C_GSL_PHEV35_N,2045,0.942357823,From MOVES5,2052,ON
T_LDV_C_GSL_PHEV35_N,2045,0.919741236,From MOVES5,2053,ON
T_LDV_C_GSL_PHEV35_N,2045,0.89306874,From MOVES5,2054,ON
T_LDV_C_GSL_PHEV35_N,2045,0.861811334,From MOVES5,2055,ON
T_LDV_C_GSL_PHEV35_N,2045,0.826477069,From MOVES5,2056,ON
T_LDV_C_GSL_PHEV35_N,2045,0.787632647,From MOVES5,2057,ON
T_LDV_C_GSL_PHEV35_N,2045,0.718320974,From MOVES5,2058,ON
T_LDV_C_GSL_PHEV35_N,2045,0.613446112,From MOVES5,2059,ON
T_LDV_C_GSL_PHEV35_N,2045,0.510387165,From MOVES5,2060,ON
T_LDV_C_GSL_PHEV35_N,2045,0.414944765,From MOVES5,2061,ON
T_LDV_C_GSL_PHEV35_N,2045,0.331540867,From MOVES5,2062,ON
T_LDV_C_GSL_PHEV35_N,2045,0.260922663,From MOVES5,2063,ON
T_LDV_C_GSL_PHEV35_N,2045,0.203258754,From MOVES5,2064,ON
T_LDV_C_GSL_PHEV35_N,2045,0.156915758,From MOVES5,2065,ON
T_LDV_C_GSL_PHEV35_N,2045,0.120354387,From MOVES5,2066,ON
T_LDV_C_GSL_PHEV35_N,2045,0.091830397,From MOVES5,2067,ON
T_LDV_C_GSL_PHEV35_N,2045,0.069791102,From MOVES5,2068,ON
T_LDV_C_GSL_PHEV35_N,2045,0.052831864,From MOVES5,2069,ON
T_LDV_C_GSL_PHEV35_N,2045,0.039993721,From MOVES5,2070,ON
T_LDV_C_GSL_PHEV35_N,2045,0.030155266,From MOVES5,2071,ON
T_LDV_C_GSL_PHEV35_N,2045,0.02273707,From MOVES5,2072,ON
T_LDV_C_GSL_PHEV35_N,2045,0.012891919,From MOVES5,2073,ON
T_LDV_C_GSL_PHEV35_N,2045,0.009694723,From MOVES5,2074,ON
T_LDV_C_GSL_PHEV35_N,2045,0.007290432,From MOVES5,2075,ON
T_LDV_C_GSL_PHEV35_N,2045,0.005475114,From MOVES5,2076,ON
T_LDV_C_GSL_PHEV35_N,2045,0.004106336,From MOVES5,2077,ON
T_LDV_C_GSL_PHEV35_N,2045,0.003079752,From MOVES5,2078,ON
T_LDV_C_GSL_PHEV35_N,2045,0.002306734,From MOVES5,2079,ON
T_LDV_C_GSL_PHEV35_N,2045,0.001725437,From MOVES5,2080,ON
T_LDV_C_GSL_PHEV35_N,2045,0.001288901,From MOVES5,2081,ON
T_LDV_C_GSL_PHEV35_N,2045,0.000961521,From MOVES5,2082,ON
T_LDV_C_GSL_PHEV35_N,2045,0.000717294,From MOVES5,2083,ON
T_LDV_C_GSL_PHEV35_N,2045,0.000534384,From MOVES5,2084,ON
T_LDV_C_GSL_PHEV35_N,2045,0.000397582,From MOVES5,2085,ON
T_LDV_C_GSL_PHEV35_N,2045,0.000295403,From MOVES5,2086,ON
T_LDV_C_GSL_PHEV35_N,2045,0,From MOVES5,2087,ON
T_LDV_C_GSL_PHEV35_N,2050,1,From MOVES5,2050,ON
T_LDV_C_GSL_PHEV35_N,2050,0.997,From MOVES5,2051,ON
T_LDV_C_GSL_PHEV35_N,2050,0.994009,From MOVES5,2052,ON
T_LDV_C_GSL_PHEV35_N,2050,0.991026973,From MOVES5,2053,ON
T_LDV_C_GSL_PHEV35_N,2050,0.984089784,From MOVES5,2054,ON
T_LDV_C_GSL_PHEV35_N,2050,0.974248886,From MOVES5,2055,ON
T_LDV_C_GSL_PHEV35_N,2050,0.960609402,From MOVES5,2056,ON
T_LDV_C_GSL_PHEV35_N,2050,0.942357823,From MOVES5,2057,ON
T_LDV_C_GSL_PHEV35_N,2050,0.919741236,From MOVES5,2058,ON
T_LDV_C_GSL_PHEV35_N,2050,0.89306874,From MOVES5,2059,ON
T_LDV_C_GSL_PHEV35_N,2050,0.861811334,From MOVES5,2060,ON
T_LDV_C_GSL_PHEV35_N,2050,0.826477069,From MOVES5,2061,ON
T_LDV_C_GSL_PHEV35_N,2050,0.787632647,From MOVES5,2062,ON
T_LDV_C_GSL_PHEV35_N,2050,0.718320974,From MOVES5,2063,ON
T_LDV_C_GSL_PHEV35_N,2050,0.613446112,From MOVES5,2064,ON
T_LDV_C_GSL_PHEV35_N,2050,0.510387165,From MOVES5,2065,ON
T_LDV_C_GSL_PHEV35_N,2050,0.414944765,From MOVES5,2066,ON
T_LDV_C_GSL_PHEV35_N,2050,0.331540867,From MOVES5,2067,ON
T_LDV_C_GSL_PHEV35_N,2050,0.260922663,From MOVES5,2068,ON
T_LDV_C_GSL_PHEV35_N,2050,0.203258754,From MOVES5,2069,ON
T_LDV_C_GSL_PHEV35_N,2050,0.156915758,From MOVES5,2070,ON
T_LDV_C_GSL_PHEV35_N,2050,0.120354387,From MOVES5,2071,ON
T_LDV_C_GSL_PHEV35_N,2050,0.091830397,From MOVES5,2072,ON
T_LDV_C_GSL_PHEV35_N,2050,0.069791102,From MOVES5,2073,ON
T_LDV_C_GSL_PHEV35_N,2050,0.052831864,From MOVES5,2074,ON
T_LDV_C_GSL_PHEV35_N,2050,0.039993721,From MOVES5,2075,ON
T_LDV_C_GSL_PHEV35_N,2050,0.030155266,From MOVES5,2076,ON
T_LDV_C_GSL_PHEV35_N,2050,0.02273707,From MOVES5,2077,ON
T_LDV_C_GSL_PHEV35_N,2050,0.012891919,From MOVES5,2078,ON
T_LDV_C_GSL_PHEV35_N,2050,0.009694723,From MOVES5,2079,ON
T_LDV_C_GSL_PHEV35_N,2050,0.007290432,From MOVES5,2080,ON
T_LDV_C_GSL_PHEV35_N,2050,0.005475114,From MOVES5,2081,ON
T_LDV_C_GSL_PHEV35_N,2050,0.004106336,From MOVES5,2082,ON
T_LDV_C_GSL_PHEV35_N,2050,0.003079752,From MOVES5,2083,ON
T_LDV_C_GSL_PHEV35_N,2050,0.002306734,From MOVES5,2084,ON
T_LDV_C_GSL_PHEV35_N,2050,0.001725437,From MOVES5,2085,ON
T_LDV_C_GSL_PHEV35_N,2050,0.001288901,From MOVES5,2086,ON
T_LDV_C_GSL_PHEV35_N,2050,0.000961521,From MOVES5,2087,ON
T_LDV_C_GSL_PHEV35_N,2050,0.000717294,From MOVES5,2088,ON
T_LDV_C_GSL_PHEV35_N,2050,0.000534384,From MOVES5,2089,ON
T_LDV_C_GSL_PHEV35_N,2050,0.000397582,From MOVES5,2090,ON
T_LDV_C_GSL_PHEV35_N,2050,0.000295403,From MOVES5,2091,ON
T_LDV_C_GSL_PHEV35_N,2050,0,From MOVES5,2092,ON
T_LDV_C_GSL_PHEV50_N,2025,1,From MOVES5,2025,ON
T_LDV_C_GSL_PHEV50_N,2025,0.997,From MOVES5,2026,ON
T_LDV_C_GSL_PHEV50_N,2025,0.994009,From MOVES5,2027,ON
T_LDV_C_GSL_PHEV50_N,2025,0.991026973,From MOVES5,2028,ON
T_LDV_C_GSL_PHEV50_N,2025,0.984089784,From MOVES5,2029,ON
T_LDV_C_GSL_PHEV50_N,2025,0.974248886,From MOVES5,2030,ON
T_LDV_C_GSL_PHEV50_N,2025,0.960609402,From MOVES5,2031,ON
T_LDV_C_GSL_PHEV50_N,2025,0.942357823,From MOVES5,2032,ON
T_LDV_C_GSL_PHEV50_N,2025,0.919741236,From MOVES5,2033,ON
T_LDV_C_GSL_PHEV50_N,2025,0.89306874,From MOVES5,2034,ON
T_LDV_C_GSL_PHEV50_N,2025,0.861811334,From MOVES5,2035,ON
T_LDV_C_GSL_PHEV50_N,2025,0.826477069,From MOVES5,2036,ON
T_LDV_C_GSL_PHEV50_N,2025,0.787632647,From MOVES5,2037,ON
T_LDV_C_GSL_PHEV50_N,2025,0.718320974,From MOVES5,2038,ON
T_LDV_C_GSL_PHEV50_N,2025,0.613446112,From MOVES5,2039,ON
T_LDV_C_GSL_PHEV50_N,2025,0.510387165,From MOVES5,2040,ON
T_LDV_C_GSL_PHEV50_N,2025,0.414944765,From MOVES5,2041,ON
T_LDV_C_GSL_PHEV50_N,2025,0.331540867,From MOVES5,2042,ON
T_LDV_C_GSL_PHEV50_N,2025,0.260922663,From MOVES5,2043,ON
T_LDV_C_GSL_PHEV50_N,2025,0.203258754,From MOVES5,2044,ON
T_LDV_C_GSL_PHEV50_N,2025,0.156915758,From MOVES5,2045,ON
T_LDV_C_GSL_PHEV50_N,2025,0.120354387,From MOVES5,2046,ON
T_LDV_C_GSL_PHEV50_N,2025,0.091830397,From MOVES5,2047,ON
T_LDV_C_GSL_PHEV50_N,2025,0.069791102,From MOVES5,2048,ON
T_LDV_C_GSL_PHEV50_N,2025,0.052831864,From MOVES5,2049,ON
T_LDV_C_GSL_PHEV50_N,2025,0.039993721,From MOVES5,2050,ON
T_LDV_C_GSL_PHEV50_N,2025,0.030155266,From MOVES5,2051,ON
T_LDV_C_GSL_PHEV50_N,2025,0.02273707,From MOVES5,2052,ON
T_LDV_C_GSL_PHEV50_N,2025,0.012891919,From MOVES5,2053,ON
T_LDV_C_GSL_PHEV50_N,2025,0.009694723,From MOVES5,2054,ON
T_LDV_C_GSL_PHEV50_N,2025,0.007290432,From MOVES5,2055,ON
T_LDV_C_GSL_PHEV50_N,2025,0.005475114,From MOVES5,2056,ON
T_LDV_C_GSL_PHEV50_N,2025,0.004106336,From MOVES5,2057,ON
T_LDV_C_GSL_PHEV50_N,2025,0.003079752,From MOVES5,2058,ON
T_LDV_C_GSL_PHEV50_N,2025,0.002306734,From MOVES5,2059,ON
T_LDV_C_GSL_PHEV50_N,2025,0.001725437,From MOVES5,2060,ON
T_LDV_C_GSL_PHEV50_N,2025,0.001288901,From MOVES5,2061,ON
T_LDV_C_GSL_PHEV50_N,2025,0.000961521,From MOVES5,2062,ON
T_LDV_C_GSL_PHEV50_N,2025,0.000717294,From MOVES5,2063,ON
T_LDV_C_GSL_PHEV50_N,2025,0.000534384,From MOVES5,2064,ON
T_LDV_C_GSL_PHEV50_N,2025,0.000397582,From MOVES5,2065,ON
T_LDV_C_GSL_PHEV50_N,2025,0.000295403,From MOVES5,2066,ON
T_LDV_C_GSL_PHEV50_N,2025,0,From MOVES5,2067,ON
T_LDV_C_GSL_PHEV50_N,2030,1,From MOVES5,2030,ON
T_LDV_C_GSL_PHEV50_N,2030,0.997,From MOVES5,2031,ON
T_LDV_C_GSL_PHEV50_N,2030,0.994009,From MOVES5,2032,ON
T_LDV_C_GSL_PHEV50_N,2030,0.991026973,From MOVES5,2033,ON
T_LDV_C_GSL_PHEV50_N,2030,0.984089784,From MOVES5,2034,ON
T_LDV_C_GSL_PHEV50_N,2030,0.974248886,From MOVES5,2035,ON
T_LDV_C_GSL_PHEV50_N,2030,0.960609402,From MOVES5,2036,ON
T_LDV_C_GSL_PHEV50_N,2030,0.942357823,From MOVES5,2037,ON
T_LDV_C_GSL_PHEV50_N,2030,0.919741236,From MOVES5,2038,ON
T_LDV_C_GSL_PHEV50_N,2030,0.89306874,From MOVES5,2039,ON
T_LDV_C_GSL_PHEV50_N,2030,0.861811334,From MOVES5,2040,ON
T_LDV_C_GSL_PHEV50_N,2030,0.826477069,From MOVES5,2041,ON
T_LDV_C_GSL_PHEV50_N,2030,0.787632647,From MOVES5,2042,ON
T_LDV_C_GSL_PHEV50_N,2030,0.718320974,From MOVES5,2043,ON
T_LDV_C_GSL_PHEV50_N,2030,0.613446112,From MOVES5,2044,ON
T_LDV_C_GSL_PHEV50_N,2030,0.510387165,From MOVES5,2045,ON
T_LDV_C_GSL_PHEV50_N,2030,0.414944765,From MOVES5,2046,ON
T_LDV_C_GSL_PHEV50_N,2030,0.331540867,From MOVES5,2047,ON
T_LDV_C_GSL_PHEV50_N,2030,0.260922663,From MOVES5,2048,ON
T_LDV_C_GSL_PHEV50_N,2030,0.203258754,From MOVES5,2049,ON
T_LDV_C_GSL_PHEV50_N,2030,0.156915758,From MOVES5,2050,ON
T_LDV_C_GSL_PHEV50_N,2030,0.120354387,From MOVES5,2051,ON
T_LDV_C_GSL_PHEV50_N,2030,0.091830397,From MOVES5,2052,ON
T_LDV_C_GSL_PHEV50_N,2030,0.069791102,From MOVES5,2053,ON
T_LDV_C_GSL_PHEV50_N,2030,0.052831864,From MOVES5,2054,ON
T_LDV_C_GSL_PHEV50_N,2030,0.039993721,From MOVES5,2055,ON
T_LDV_C_GSL_PHEV50_N,2030,0.030155266,From MOVES5,2056,ON
T_LDV_C_GSL_PHEV50_N,2030,0.02273707,From MOVES5,2057,ON
T_LDV_C_GSL_PHEV50_N,2030,0.012891919,From MOVES5,2058,ON
T_LDV_C_GSL_PHEV50_N,2030,0.009694723,From MOVES5,2059,ON
T_LDV_C_GSL_PHEV50_N,2030,0.007290432,From MOVES5,2060,ON
T_LDV_C_GSL_PHEV50_N,2030,0.005475114,From MOVES5,2061,ON
T_LDV_C_GSL_PHEV50_N,2030,0.004106336,From MOVES5,2062,ON
T_LDV_C_GSL_PHEV50_N,2030,0.003079752,From MOVES5,2063,ON
T_LDV_C_GSL_PHEV50_N,2030,0.002306734,From MOVES5,2064,ON
T_LDV_C_GSL_PHEV50_N,2030,0.001725437,From MOVES5,2065,ON
T_LDV_C_GSL_PHEV50_N,2030,0.001288901,From MOVES5,2066,ON
T_LDV_C_GSL_PHEV50_N,2030,0.000961521,From MOVES5,2067,ON
T_LDV_C_GSL_PHEV50_N,2030,0.000717294,From MOVES5,2068,ON
T_LDV_C_GSL_PHEV50_N,2030,0.000534384,From MOVES5,2069,ON
T_LDV_C_GSL_PHEV50_N,2030,0.000397582,From MOVES5,2070,ON
T_LDV_C_GSL_PHEV50_N,2030,0.000295403,From MOVES5,2071,ON
T_LDV_C_GSL_PHEV50_N,2030,0,From MOVES5,2072,ON
T_LDV_C_GSL_PHEV50_N,2035,1,From MOVES5,2035,ON
T_LDV_C_GSL_PHEV50_N,2035,0.997,From MOVES5,2036,ON
T_LDV_C_GSL_PHEV50_N,2035,0.994009,From MOVES5,2037,ON
T_LDV_C_GSL_PHEV50_N,2035,0.991026973,From MOVES5,2038,ON
T_LDV_C_GSL_PHEV50_N,2035,0.984089784,From MOVES5,2039,ON
T_LDV_C_GSL_PHEV50_N,2035,0.974248886,From MOVES5,2040,ON
T_LDV_C_GSL_PHEV50_N,2035,0.960609402,From MOVES5,2041,ON
T_LDV_C_GSL_PHEV50_N,2035,0.942357823,From MOVES5,2042,ON
T_LDV_C_GSL_PHEV50_N,2035,0.919741236,From MOVES5,2043,ON
T_LDV_C_GSL_PHEV50_N,2035,0.89306874,From MOVES5,2044,ON
T_LDV_C_GSL_PHEV50_N,2035,0.861811334,From MOVES5,2045,ON
T_LDV_C_GSL_PHEV50_N,2035,0.826477069,From MOVES5,2046,ON
T_LDV_C_GSL_PHEV50_N,2035,0.787632647,From MOVES5,2047,ON
T_LDV_C_GSL_PHEV50_N,2035,0.718320974,From MOVES5,2048,ON
T_LDV_C_GSL_PHEV50_N,2035,0.613446112,From MOVES5,2049,ON
T_LDV_C_GSL_PHEV50_N,2035,0.510387165,From MOVES5,2050,ON
T_LDV_C_GSL_PHEV50_N,2035,0.414944765,From MOVES5,2051,ON
T_LDV_C_GSL_PHEV50_N,2035,0.331540867,From MOVES5,2052,ON
T_LDV_C_GSL_PHEV50_N,2035,0.260922663,From MOVES5,2053,ON
T_LDV_C_GSL_PHEV50_N,2035,0.203258754,From MOVES5,2054,ON
T_LDV_C_GSL_PHEV50_N,2035,0.156915758,From MOVES5,2055,ON
T_LDV_C_GSL_PHEV50_N,2035,0.120354387,From MOVES5,2056,ON
T_LDV_C_GSL_PHEV50_N,2035,0.091830397,From MOVES5,2057,ON
T_LDV_C_GSL_PHEV50_N,2035,0.069791102,From MOVES5,2058,ON
T_LDV_C_GSL_PHEV50_N,2035,0.052831864,From MOVES5,2059,ON
T_LDV_C_GSL_PHEV50_N,2035,0.039993721,From MOVES5,2060,ON
T_LDV_C_GSL_PHEV50_N,2035,0.030155266,From MOVES5,2061,ON
T_LDV_C_GSL_PHEV50_N,2035,0.02273707,From MOVES5,2062,ON
T_LDV_C_GSL_PHEV50_N,2035,0.012891919,From MOVES5,2063,ON
T_LDV_C_GSL_PHEV50_N,2035,0.009694723,From MOVES5,2064,ON
T_LDV_C_GSL_PHEV50_N,2035,0.007290432,From MOVES5,2065,ON
T_LDV_C_GSL_PHEV50_N,2035,0.005475114,From MOVES5,2066,ON
T_LDV_C_GSL_PHEV50_N,2035,0.004106336,From MOVES5,2067,ON
T_LDV_C_GSL_PHEV50_N,2035,0.003079752,From MOVES5,2068,ON
T_LDV_C_GSL_PHEV50_N,2035,0.002306734,From MOVES5,2069,ON
T_LDV_C_GSL_PHEV50_N,2035,0.001725437,From MOVES5,2070,ON
T_LDV_C_GSL_PHEV50_N,2035,0.001288901,From MOVES5,2071,ON
T_LDV_C_GSL_PHEV50_N,2035,0.000961521,From MOVES5,2072,ON
T_LDV_C_GSL_PHEV50_N,2035,0.000717294,From MOVES5,2073,ON
T_LDV_C_GSL_PHEV50_N,2035,0.000534384,From MOVES5,2074,ON
T_LDV_C_GSL_PHEV50_N,2035,0.000397582,From MOVES5,2075,ON
T_LDV_C_GSL_PHEV50_N,2035,0.000295403,From MOVES5,2076,ON
T_LDV_C_GSL_PHEV50_N,2035,0,From MOVES5,2077,ON
T_LDV_C_GSL_PHEV50_N,2040,1,From MOVES5,2040,ON
T_LDV_C_GSL_PHEV50_N,2040,0.997,From MOVES5,2041,ON
T_LDV_C_GSL_PHEV50_N,2040,0.994009,From MOVES5,2042,ON
T_LDV_C_GSL_PHEV50_N,2040,0.991026973,From MOVES5,2043,ON
T_LDV_C_GSL_PHEV50_N,2040,0.984089784,From MOVES5,2044,ON
T_LDV_C_GSL_PHEV50_N,2040,0.974248886,From MOVES5,2045,ON
T_LDV_C_GSL_PHEV50_N,2040,0.960609402,From MOVES5,2046,ON
T_LDV_C_GSL_PHEV50_N,2040,0.942357823,From MOVES5,2047,ON
T_LDV_C_GSL_PHEV50_N,2040,0.919741236,From MOVES5,2048,ON
T_LDV_C_GSL_PHEV50_N,2040,0.89306874,From MOVES5,2049,ON
T_LDV_C_GSL_PHEV50_N,2040,0.861811334,From MOVES5,2050,ON
T_LDV_C_GSL_PHEV50_N,2040,0.826477069,From MOVES5,2051,ON
T_LDV_C_GSL_PHEV50_N,2040,0.787632647,From MOVES5,2052,ON
T_LDV_C_GSL_PHEV50_N,2040,0.718320974,From MOVES5,2053,ON
T_LDV_C_GSL_PHEV50_N,2040,0.613446112,From MOVES5,2054,ON
T_LDV_C_GSL_PHEV50_N,2040,0.510387165,From MOVES5,2055,ON
T_LDV_C_GSL_PHEV50_N,2040,0.414944765,From MOVES5,2056,ON
T_LDV_C_GSL_PHEV50_N,2040,0.331540867,From MOVES5,2057,ON
T_LDV_C_GSL_PHEV50_N,2040,0.260922663,From MOVES5,2058,ON
T_LDV_C_GSL_PHEV50_N,2040,0.203258754,From MOVES5,2059,ON
T_LDV_C_GSL_PHEV50_N,2040,0.156915758,From MOVES5,2060,ON
T_LDV_C_GSL_PHEV50_N,2040,0.120354387,From MOVES5,2061,ON
T_LDV_C_GSL_PHEV50_N,2040,0.091830397,From MOVES5,2062,ON
T_LDV_C_GSL_PHEV50_N,2040,0.069791102,From MOVES5,2063,ON
T_LDV_C_GSL_PHEV50_N,2040,0.052831864,From MOVES5,2064,ON
T_LDV_C_GSL_PHEV50_N,2040,0.039993721,From MOVES5,2065,ON
T_LDV_C_GSL_PHEV50_N,2040,0.030155266,From MOVES5,2066,ON
T_LDV_C_GSL_PHEV50_N,2040,0.02273707,From MOVES5,2067,ON
T_LDV_C_GSL_PHEV50_N,2040,0.012891919,From MOVES5,2068,ON
T_LDV_C_GSL_PHEV50_N,2040,0.009694723,From MOVES5,2069,ON
T_LDV_C_GSL_PHEV50_N,2040,0.007290432,From MOVES5,2070,ON
T_LDV_C_GSL_PHEV50_N,2040,0.005475114,From MOVES5,2071,ON
T_LDV_C_GSL_PHEV50_N,2040,0.004106336,From MOVES5,2072,ON
T_LDV_C_GSL_PHEV50_N,2040,0.003079752,From MOVES5,2073,ON
T_LDV_C_GSL_PHEV50_N,2040,0.002306734,From MOVES5,2074,ON
T_LDV_C_GSL_PHEV50_N,2040,0.001725437,From MOVES5,2075,ON
T_LDV_C_GSL_PHEV50_N,2040,0.001288901,From MOVES5,2076,ON
T_LDV_C_GSL_PHEV50_N,2040,0.000961521,From MOVES5,2077,ON
T_LDV_C_GSL_PHEV50_N,2040,0.000717294,From MOVES5,2078,ON
T_LDV_C_GSL_PHEV50_N,2040,0.000534384,From MOVES5,2079,ON
T_LDV_C_GSL_PHEV50_N,2040,0.000397582,From MOVES5,2080,ON
T_LDV_C_GSL_PHEV50_N,2040,0.000295403,From MOVES5,2081,ON
T_LDV_C_GSL_PHEV50_N,2040,0,From MOVES5,2082,ON
T_LDV_C_GSL_PHEV50_N,2045,1,From MOVES5,2045,ON
T_LDV_C_GSL_PHEV50_N,2045,0.997,From MOVES5,2046,ON
T_LDV_C_GSL_PHEV50_N,2045,0.994009,From MOVES5,2047,ON
T_LDV_C_GSL_PHEV50_N,2045,0.991026973,From MOVES5,2048,ON
T_LDV_C_GSL_PHEV50_N,2045,0.984089784,From MOVES5,2049,ON
T_LDV_C_GSL_PHEV50_N,2045,0.974248886,From MOVES5,2050,ON
T_LDV_C_GSL_PHEV50_N,2045,0.960609402,From MOVES5,2051,ON
T_LDV_C_GSL_PHEV50_N,2045,0.942357823,From MOVES5,2052,ON
T_LDV_C_GSL_PHEV50_N,2045,0.919741236,From MOVES5,2053,ON
T_LDV_C_GSL_PHEV50_N,2045,0.89306874,From MOVES5,2054,ON
T_LDV_C_GSL_PHEV50_N,2045,0.861811334,From MOVES5,2055,ON
T_LDV_C_GSL_PHEV50_N,2045,0.826477069,From MOVES5,2056,ON
T_LDV_C_GSL_PHEV50_N,2045,0.787632647,From MOVES5,2057,ON
T_LDV_C_GSL_PHEV50_N,2045,0.718320974,From MOVES5,2058,ON
T_LDV_C_GSL_PHEV50_N,2045,0.613446112,From MOVES5,2059,ON
T_LDV_C_GSL_PHEV50_N,2045,0.510387165,From MOVES5,2060,ON
T_LDV_C_GSL_PHEV50_N,2045,0.414944765,From MOVES5,2061,ON
T_LDV_C_GSL_PHEV50_N,2045,0.331540867,From MOVES5,2062,ON
T_LDV_C_GSL_PHEV50_N,2045,0.260922663,From MOVES5,2063,ON
T_LDV_C_GSL_PHEV50_N,2045,0.203258754,From MOVES5,2064,ON
T_LDV_C_GSL_PHEV50_N,2045,0.156915758,From MOVES5,2065,ON
T_LDV_C_GSL_PHEV50_N,2045,0.120354387,From MOVES5,2066,ON
T_LDV_C_GSL_PHEV50_N,2045,0.091830397,From MOVES5,2067,ON
T_LDV_C_GSL_PHEV50_N,2045,0.069791102,From MOVES5,2068,ON
T_LDV_C_GSL_PHEV50_N,2045,0.052831864,From MOVES5,2069,ON
T_LDV_C_GSL_PHEV50_N,2045,0.039993721,From MOVES5,2070,ON
T_LDV_C_GSL_PHEV50_N,2045,0.030155266,From MOVES5,2071,ON
T_LDV_C_GSL_PHEV50_N,2045,0.02273707,From MOVES5,2072,ON
T_LDV_C_GSL_PHEV50_N,2045,0.012891919,From MOVES5,2073,ON
T_LDV_C_GSL_PHEV50_N,2045,0.009694723,From MOVES5,2074,ON
T_LDV_C_GSL_PHEV50_N,2045,0.007290432,From MOVES5,2075,ON
T_LDV_C_GSL_PHEV50_N,2045,0.005475114,From MOVES5,2076,ON
T_LDV_C_GSL_PHEV50_N,2045,0.004106336,From MOVES5,2077,ON
T_LDV_C_GSL_PHEV50_N,2045,0.003079752,From MOVES5,2078,ON
T_LDV_C_GSL_PHEV50_N,2045,0.002306734,From MOVES5,2079,ON
T_LDV_C_GSL_PHEV50_N,2045,0.001725437,From MOVES5,2080,ON
T_LDV_C_GSL_PHEV50_N,2045,0.001288901,From MOVES5,2081,ON
T_LDV_C_GSL_PHEV50_N,2045,0.000961521,From MOVES5,2082,ON
T_LDV_C_GSL_PHEV50_N,2045,0.000717294,From MOVES5,2083,ON
T_LDV_C_GSL_PHEV50_N,2045,0.000534384,From MOVES5,2084,ON
T_LDV_C_GSL_PHEV50_N,2045,0.000397582,From MOVES5,2085,ON
T_LDV_C_GSL_PHEV50_N,2045,0.000295403,From MOVES5,2086,ON
T_LDV_C_GSL_PHEV50_N,2045,0,From MOVES5,2087,ON
T_LDV_C_GSL_PHEV50_N,2050,1,From MOVES5,2050,ON
T_LDV_C_GSL_PHEV50_N,2050,0.997,From MOVES5,2051,ON
T_LDV_C_GSL_PHEV50_N,2050,0.994009,From MOVES5,2052,ON
T_LDV_C_GSL_PHEV50_N,2050,0.991026973,From MOVES5,2053,ON
T_LDV_C_GSL_PHEV50_N,2050,0.984089784,From MOVES5,2054,ON
T_LDV_C_GSL_PHEV50_N,2050,0.974248886,From MOVES5,2055,ON
T_LDV_C_GSL_PHEV50_N,2050,0.960609402,From MOVES5,2056,ON
T_LDV_C_GSL_PHEV50_N,2050,0.942357823,From MOVES5,2057,ON
T_LDV_C_GSL_PHEV50_N,2050,0.919741236,From MOVES5,2058,ON
T_LDV_C_GSL_PHEV50_N,2050,0.89306874,From MOVES5,2059,ON
T_LDV_C_GSL_PHEV50_N,2050,0.861811334,From MOVES5,2060,ON
T_LDV_C_GSL_PHEV50_N,2050,0.826477069,From MOVES5,2061,ON
T_LDV_C_GSL_PHEV50_N,2050,0.787632647,From MOVES5,2062,ON
T_LDV_C_GSL_PHEV50_N,2050,0.718320974,From MOVES5,2063,ON
T_LDV_C_GSL_PHEV50_N,2050,0.613446112,From MOVES5,2064,ON
T_LDV_C_GSL_PHEV50_N,2050,0.510387165,From MOVES5,2065,ON
T_LDV_C_GSL_PHEV50_N,2050,0.414944765,From MOVES5,2066,ON
T_LDV_C_GSL_PHEV50_N,2050,0.331540867,From MOVES5,2067,ON
T_LDV_C_GSL_PHEV50_N,2050,0.260922663,From MOVES5,2068,ON
T_LDV_C_GSL_PHEV50_N,2050,0.203258754,From MOVES5,2069,ON
T_LDV_C_GSL_PHEV50_N,2050,0.156915758,From MOVES5,2070,ON
T_LDV_C_GSL_PHEV50_N,2050,0.120354387,From MOVES5,2071,ON
T_LDV_C_GSL_PHEV50_N,2050,0.091830397,From MOVES5,2072,ON
T_LDV_C_GSL_PHEV50_N,2050,0.069791102,From MOVES5,2073,ON
T_LDV_C_GSL_PHEV50_N,2050,0.052831864,From MOVES5,2074,ON
T_LDV_C_GSL_PHEV50_N,2050,0.039993721,From MOVES5,2075,ON
T_LDV_C_GSL_PHEV50_N,2050,0.030155266,From MOVES5,2076,ON
T_LDV_C_GSL_PHEV50_N,2050,0.02273707,From MOVES5,2077,ON
T_LDV_C_GSL_PHEV50_N,2050,0.012891919,From MOVES5,2078,ON
T_LDV_C_GSL_PHEV50_N,2050,0.009694723,From MOVES5,2079,ON
T_LDV_C_GSL_PHEV50_N,2050,0.007290432,From MOVES5,2080,ON
T_LDV_C_GSL_PHEV50_N,2050,0.005475114,From MOVES5,2081,ON
T_LDV_C_GSL_PHEV50_N,2050,0.004106336,From MOVES5,2082,ON
T_LDV_C_GSL_PHEV50_N,2050,0.003079752,From MOVES5,2083,ON
T_LDV_C_GSL_PHEV50_N,2050,0.002306734,From MOVES5,2084,ON
T_LDV_C_GSL_PHEV50_N,2050,0.001725437,From MOVES5,2085,ON
T_LDV_C_GSL_PHEV50_N,2050,0.001288901,From MOVES5,2086,ON
T_LDV_C_GSL_PHEV50_N,2050,0.000961521,From MOVES5,2087,ON
T_LDV_C_GSL_PHEV50_N,2050,0.000717294,From MOVES5,2088,ON
T_LDV_C_GSL_PHEV50_N,2050,0.000534384,From MOVES5,2089,ON
T_LDV_C_GSL_PHEV50_N,2050,0.000397582,From MOVES5,2090,ON
T_LDV_C_GSL_PHEV50_N,2050,0.000295403,From MOVES5,2091,ON
T_LDV_C_GSL_PHEV50_N,2050,0,From MOVES5,2092,ON
T_LDV_LTP_BEV150_N,2025,1,From MOVES5,2025,ON
T_LDV_LTP_BEV150_N,2025,0.991,From MOVES5,2026,ON
T_LDV_LTP_BEV150_N,2025,0.982081,From MOVES5,2027,ON
T_LDV_LTP_BEV150_N,2025,0.973242271,From MOVES5,2028,ON
T_LDV_LTP_BEV150_N,2025,0.959616879,From MOVES5,2029,ON
T_LDV_LTP_BEV150_N,2025,0.941384159,From MOVES5,2030,ON
T_LDV_LTP_BEV150_N,2025,0.918790939,From MOVES5,2031,ON
T_LDV_LTP_BEV150_N,2025,0.891227211,From MOVES5,2032,ON
T_LDV_LTP_BEV150_N,2025,0.859143031,From MOVES5,2033,ON
T_LDV_LTP_BEV150_N,2025,0.823059024,From MOVES5,2034,ON
T_LDV_LTP_BEV150_N,2025,0.783552191,From MOVES5,2035,ON
T_LDV_LTP_BEV150_N,2025,0.741240372,From MOVES5,2036,ON
T_LDV_LTP_BEV150_N,2025,0.69676595,From MOVES5,2037,ON
T_LDV_LTP_BEV150_N,2025,0.651476163,From MOVES5,2038,ON
T_LDV_LTP_BEV150_N,2025,0.605221356,From MOVES5,2039,ON
T_LDV_LTP_BEV150_N,2025,0.552567098,From MOVES5,2040,ON
T_LDV_LTP_BEV150_N,2025,0.501730925,From MOVES5,2041,ON
T_LDV_LTP_BEV150_N,2025,0.453063025,From MOVES5,2042,ON
T_LDV_LTP_BEV150_N,2025,0.406850596,From MOVES5,2043,ON
T_LDV_LTP_BEV150_N,2025,0.363724433,From MOVES5,2044,ON
T_LDV_LTP_BEV150_N,2025,0.32407847,From MOVES5,2045,ON
T_LDV_LTP_BEV150_N,2025,0.287781681,From MOVES5,2046,ON
T_LDV_LTP_BEV150_N,2025,0.254686788,From MOVES5,2047,ON
T_LDV_LTP_BEV150_N,2025,0.224888434,From MOVES5,2048,ON
T_LDV_LTP_BEV150_N,2025,0.197901822,From MOVES5,2049,ON
T_LDV_LTP_BEV150_N,2025,0.173955701,From MOVES5,2050,ON
T_LDV_LTP_BEV150_N,2025,0.15255915,From MOVES5,2051,ON
T_LDV_LTP_BEV150_N,2025,0.133489256,From MOVES5,2052,ON
T_LDV_LTP_BEV150_N,2025,0.116803099,From MOVES5,2053,ON
T_LDV_LTP_BEV150_N,2025,0.101969106,From MOVES5,2054,ON
T_LDV_LTP_BEV150_N,2025,0.08891706,From MOVES5,2055,ON
T_LDV_LTP_BEV150_N,2025,0.077446759,From MOVES5,2056,ON
T_LDV_LTP_BEV150_N,2025,0.067378681,From MOVES5,2057,ON
T_LDV_LTP_BEV150_N,2025,0.058552073,From MOVES5,2058,ON
T_LDV_LTP_BEV150_N,2025,0.0508232,From MOVES5,2059,ON
T_LDV_LTP_BEV150_N,2025,0.044063714,From MOVES5,2060,ON
T_LDV_LTP_BEV150_N,2025,0.038159177,From MOVES5,2061,ON
T_LDV_LTP_BEV150_N,2025,0.033007688,From MOVES5,2062,ON
T_LDV_LTP_BEV150_N,2025,0.028518642,From MOVES5,2063,ON
T_LDV_LTP_BEV150_N,2025,0.024611588,From MOVES5,2064,ON
T_LDV_LTP_BEV150_N,2025,0.021215189,From MOVES5,2065,ON
T_LDV_LTP_BEV150_N,2025,0.018266278,From MOVES5,2066,ON
T_LDV_LTP_BEV150_N,2025,0,From MOVES5,2067,ON
T_LDV_LTP_BEV150_N,2030,1,From MOVES5,2030,ON
T_LDV_LTP_BEV150_N,2030,0.991,From MOVES5,2031,ON
T_LDV_LTP_BEV150_N,2030,0.982081,From MOVES5,2032,ON
T_LDV_LTP_BEV150_N,2030,0.973242271,From MOVES5,2033,ON
T_LDV_LTP_BEV150_N,2030,0.959616879,From MOVES5,2034,ON
T_LDV_LTP_BEV150_N,2030,0.941384159,From MOVES5,2035,ON
T_LDV_LTP_BEV150_N,2030,0.918790939,From MOVES5,2036,ON
T_LDV_LTP_BEV150_N,2030,0.891227211,From MOVES5,2037,ON
T_LDV_LTP_BEV150_N,2030,0.859143031,From MOVES5,2038,ON
T_LDV_LTP_BEV150_N,2030,0.823059024,From MOVES5,2039,ON
T_LDV_LTP_BEV150_N,2030,0.783552191,From MOVES5,2040,ON
T_LDV_LTP_BEV150_N,2030,0.741240372,From MOVES5,2041,ON
T_LDV_LTP_BEV150_N,2030,0.69676595,From MOVES5,2042,ON
T_LDV_LTP_BEV150_N,2030,0.651476163,From MOVES5,2043,ON
T_LDV_LTP_BEV150_N,2030,0.605221356,From MOVES5,2044,ON
T_LDV_LTP_BEV150_N,2030,0.552567098,From MOVES5,2045,ON
T_LDV_LTP_BEV150_N,2030,0.501730925,From MOVES5,2046,ON
T_LDV_LTP_BEV150_N,2030,0.453063025,From MOVES5,2047,ON
T_LDV_LTP_BEV150_N,2030,0.406850596,From MOVES5,2048,ON
T_LDV_LTP_BEV150_N,2030,0.363724433,From MOVES5,2049,ON
T_LDV_LTP_BEV150_N,2030,0.32407847,From MOVES5,2050,ON
T_LDV_LTP_BEV150_N,2030,0.287781681,From MOVES5,2051,ON
T_LDV_LTP_BEV150_N,2030,0.254686788,From MOVES5,2052,ON
T_LDV_LTP_BEV150_N,2030,0.224888434,From MOVES5,2053,ON
T_LDV_LTP_BEV150_N,2030,0.197901822,From MOVES5,2054,ON
T_LDV_LTP_BEV150_N,2030,0.173955701,From MOVES5,2055,ON
T_LDV_LTP_BEV150_N,2030,0.15255915,From MOVES5,2056,ON
T_LDV_LTP_BEV150_N,2030,0.133489256,From MOVES5,2057,ON
T_LDV_LTP_BEV150_N,2030,0.116803099,From MOVES5,2058,ON
T_LDV_LTP_BEV150_N,2030,0.101969106,From MOVES5,2059,ON
T_LDV_LTP_BEV150_N,2030,0.08891706,From MOVES5,2060,ON
T_LDV_LTP_BEV150_N,2030,0.077446759,From MOVES5,2061,ON
T_LDV_LTP_BEV150_N,2030,0.067378681,From MOVES5,2062,ON
T_LDV_LTP_BEV150_N,2030,0.058552073,From MOVES5,2063,ON
T_LDV_LTP_BEV150_N,2030,0.0508232,From MOVES5,2064,ON
T_LDV_LTP_BEV150_N,2030,0.044063714,From MOVES5,2065,ON
T_LDV_LTP_BEV150_N,2030,0.038159177,From MOVES5,2066,ON
T_LDV_LTP_BEV150_N,2030,0.033007688,From MOVES5,2067,ON
T_LDV_LTP_BEV150_N,2030,0.028518642,From MOVES5,2068,ON
T_LDV_LTP_BEV150_N,2030,0.024611588,From MOVES5,2069,ON
T_LDV_LTP_BEV150_N,2030,0.021215189,From MOVES5,2070,ON
T_LDV_LTP_BEV150_N,2030,0.018266278,From MOVES5,2071,ON
T_LDV_LTP_BEV150_N,2030,0,From MOVES5,2072,ON
T_LDV_LTP_BEV150_N,2035,1,From MOVES5,2035,ON
T_LDV_LTP_BEV150_N,2035,0.991,From MOVES5,2036,ON
T_LDV_LTP_BEV150_N,2035,0.982081,From MOVES5,2037,ON
T_LDV_LTP_BEV150_N,2035,0.973242271,From MOVES5,2038,ON
T_LDV_LTP_BEV150_N,2035,0.959616879,From MOVES5,2039,ON
T_LDV_LTP_BEV150_N,2035,0.941384159,From MOVES5,2040,ON
T_LDV_LTP_BEV150_N,2035,0.918790939,From MOVES5,2041,ON
T_LDV_LTP_BEV150_N,2035,0.891227211,From MOVES5,2042,ON
T_LDV_LTP_BEV150_N,2035,0.859143031,From MOVES5,2043,ON
T_LDV_LTP_BEV150_N,2035,0.823059024,From MOVES5,2044,ON
T_LDV_LTP_BEV150_N,2035,0.783552191,From MOVES5,2045,ON
T_LDV_LTP_BEV150_N,2035,0.741240372,From MOVES5,2046,ON
T_LDV_LTP_BEV150_N,2035,0.69676595,From MOVES5,2047,ON
T_LDV_LTP_BEV150_N,2035,0.651476163,From MOVES5,2048,ON
T_LDV_LTP_BEV150_N,2035,0.605221356,From MOVES5,2049,ON
T_LDV_LTP_BEV150_N,2035,0.552567098,From MOVES5,2050,ON
T_LDV_LTP_BEV150_N,2035,0.501730925,From MOVES5,2051,ON
T_LDV_LTP_BEV150_N,2035,0.453063025,From MOVES5,2052,ON
T_LDV_LTP_BEV150_N,2035,0.406850596,From MOVES5,2053,ON
T_LDV_LTP_BEV150_N,2035,0.363724433,From MOVES5,2054,ON
T_LDV_LTP_BEV150_N,2035,0.32407847,From MOVES5,2055,ON
T_LDV_LTP_BEV150_N,2035,0.287781681,From MOVES5,2056,ON
T_LDV_LTP_BEV150_N,2035,0.254686788,From MOVES5,2057,ON
T_LDV_LTP_BEV150_N,2035,0.224888434,From MOVES5,2058,ON
T_LDV_LTP_BEV150_N,2035,0.197901822,From MOVES5,2059,ON
T_LDV_LTP_BEV150_N,2035,0.173955701,From MOVES5,2060,ON
T_LDV_LTP_BEV150_N,2035,0.15255915,From MOVES5,2061,ON
T_LDV_LTP_BEV150_N,2035,0.133489256,From MOVES5,2062,ON
T_LDV_LTP_BEV150_N,2035,0.116803099,From MOVES5,2063,ON
T_LDV_LTP_BEV150_N,2035,0.101969106,From MOVES5,2064,ON
T_LDV_LTP_BEV150_N,2035,0.08891706,From MOVES5,2065,ON
T_LDV_LTP_BEV150_N,2035,0.077446759,From MOVES5,2066,ON
T_LDV_LTP_BEV150_N,2035,0.067378681,From MOVES5,2067,ON
T_LDV_LTP_BEV150_N,2035,0.058552073,From MOVES5,2068,ON
T_LDV_LTP_BEV150_N,2035,0.0508232,From MOVES5,2069,ON
T_LDV_LTP_BEV150_N,2035,0.044063714,From MOVES5,2070,ON
T_LDV_LTP_BEV150_N,2035,0.038159177,From MOVES5,2071,ON
T_LDV_LTP_BEV150_N,2035,0.033007688,From MOVES5,2072,ON
T_LDV_LTP_BEV150_N,2035,0.028518642,From MOVES5,2073,ON
T_LDV_LTP_BEV150_N,2035,0.024611588,From MOVES5,2074,ON
T_LDV_LTP_BEV150_N,2035,0.021215189,From MOVES5,2075,ON
T_LDV_LTP_BEV150_N,2035,0.018266278,From MOVES5,2076,ON
T_LDV_LTP_BEV150_N,2035,0,From MOVES5,2077,ON
T_LDV_LTP_BEV150_N,2040,1,From MOVES5,2040,ON
T_LDV_LTP_BEV150_N,2040,0.991,From MOVES5,2041,ON
T_LDV_LTP_BEV150_N,2040,0.982081,From MOVES5,2042,ON
T_LDV_LTP_BEV150_N,2040,0.973242271,From MOVES5,2043,ON
T_LDV_LTP_BEV150_N,2040,0.959616879,From MOVES5,2044,ON
T_LDV_LTP_BEV150_N,2040,0.941384159,From MOVES5,2045,ON
T_LDV_LTP_BEV150_N,2040,0.918790939,From MOVES5,2046,ON
T_LDV_LTP_BEV150_N,2040,0.891227211,From MOVES5,2047,ON
T_LDV_LTP_BEV150_N,2040,0.859143031,From MOVES5,2048,ON
T_LDV_LTP_BEV150_N,2040,0.823059024,From MOVES5,2049,ON
T_LDV_LTP_BEV150_N,2040,0.783552191,From MOVES5,2050,ON
T_LDV_LTP_BEV150_N,2040,0.741240372,From MOVES5,2051,ON
T_LDV_LTP_BEV150_N,2040,0.69676595,From MOVES5,2052,ON
T_LDV_LTP_BEV150_N,2040,0.651476163,From MOVES5,2053,ON
T_LDV_LTP_BEV150_N,2040,0.605221356,From MOVES5,2054,ON
T_LDV_LTP_BEV150_N,2040,0.552567098,From MOVES5,2055,ON
T_LDV_LTP_BEV150_N,2040,0.501730925,From MOVES5,2056,ON
T_LDV_LTP_BEV150_N,2040,0.453063025,From MOVES5,2057,ON
T_LDV_LTP_BEV150_N,2040,0.406850596,From MOVES5,2058,ON
T_LDV_LTP_BEV150_N,2040,0.363724433,From MOVES5,2059,ON
T_LDV_LTP_BEV150_N,2040,0.32407847,From MOVES5,2060,ON
T_LDV_LTP_BEV150_N,2040,0.287781681,From MOVES5,2061,ON
T_LDV_LTP_BEV150_N,2040,0.254686788,From MOVES5,2062,ON
T_LDV_LTP_BEV150_N,2040,0.224888434,From MOVES5,2063,ON
T_LDV_LTP_BEV150_N,2040,0.197901822,From MOVES5,2064,ON
T_LDV_LTP_BEV150_N,2040,0.173955701,From MOVES5,2065,ON
T_LDV_LTP_BEV150_N,2040,0.15255915,From MOVES5,2066,ON
T_LDV_LTP_BEV150_N,2040,0.133489256,From MOVES5,2067,ON
T_LDV_LTP_BEV150_N,2040,0.116803099,From MOVES5,2068,ON
T_LDV_LTP_BEV150_N,2040,0.101969106,From MOVES5,2069,ON
T_LDV_LTP_BEV150_N,2040,0.08891706,From MOVES5,2070,ON
T_LDV_LTP_BEV150_N,2040,0.077446759,From MOVES5,2071,ON
T_LDV_LTP_BEV150_N,2040,0.067378681,From MOVES5,2072,ON
T_LDV_LTP_BEV150_N,2040,0.058552073,From MOVES5,2073,ON
T_LDV_LTP_BEV150_N,2040,0.0508232,From MOVES5,2074,ON
T_LDV_LTP_BEV150_N,2040,0.044063714,From MOVES5,2075,ON
T_LDV_LTP_BEV150_N,2040,0.038159177,From MOVES5,2076,ON
T_LDV_LTP_BEV150_N,2040,0.033007688,From MOVES5,2077,ON
T_LDV_LTP_BEV150_N,2040,0.028518642,From MOVES5,2078,ON
T_LDV_LTP_BEV150_N,2040,0.024611588,From MOVES5,2079,ON
T_LDV_LTP_BEV150_N,2040,0.021215189,From MOVES5,2080,ON
T_LDV_LTP_BEV150_N,2040,0.018266278,From MOVES5,2081,ON
T_LDV_LTP_BEV150_N,2040,0,From MOVES5,2082,ON
T_LDV_LTP_BEV150_N,2045,1,From MOVES5,2045,ON
T_LDV_LTP_BEV150_N,2045,0.991,From MOVES5,2046,ON
T_LDV_LTP_BEV150_N,2045,0.982081,From MOVES5,2047,ON
T_LDV_LTP_BEV150_N,2045,0.973242271,From MOVES5,2048,ON
T_LDV_LTP_BEV150_N,2045,0.959616879,From MOVES5,2049,ON
T_LDV_LTP_BEV150_N,2045,0.941384159,From MOVES5,2050,ON
T_LDV_LTP_BEV150_N,2045,0.918790939,From MOVES5,2051,ON
T_LDV_LTP_BEV150_N,2045,0.891227211,From MOVES5,2052,ON
T_LDV_LTP_BEV150_N,2045,0.859143031,From MOVES5,2053,ON
T_LDV_LTP_BEV150_N,2045,0.823059024,From MOVES5,2054,ON
T_LDV_LTP_BEV150_N,2045,0.783552191,From MOVES5,2055,ON
T_LDV_LTP_BEV150_N,2045,0.741240372,From MOVES5,2056,ON
T_LDV_LTP_BEV150_N,2045,0.69676595,From MOVES5,2057,ON
T_LDV_LTP_BEV150_N,2045,0.651476163,From MOVES5,2058,ON
T_LDV_LTP_BEV150_N,2045,0.605221356,From MOVES5,2059,ON
T_LDV_LTP_BEV150_N,2045,0.552567098,From MOVES5,2060,ON
T_LDV_LTP_BEV150_N,2045,0.501730925,From MOVES5,2061,ON
T_LDV_LTP_BEV150_N,2045,0.453063025,From MOVES5,2062,ON
T_LDV_LTP_BEV150_N,2045,0.406850596,From MOVES5,2063,ON
T_LDV_LTP_BEV150_N,2045,0.363724433,From MOVES5,2064,ON
T_LDV_LTP_BEV150_N,2045,0.32407847,From MOVES5,2065,ON
T_LDV_LTP_BEV150_N,2045,0.287781681,From MOVES5,2066,ON
T_LDV_LTP_BEV150_N,2045,0.254686788,From MOVES5,2067,ON
T_LDV_LTP_BEV150_N,2045,0.224888434,From MOVES5,2068,ON
T_LDV_LTP_BEV150_N,2045,0.197901822,From MOVES5,2069,ON
T_LDV_LTP_BEV150_N,2045,0.173955701,From MOVES5,2070,ON
T_LDV_LTP_BEV150_N,2045,0.15255915,From MOVES5,2071,ON
T_LDV_LTP_BEV150_N,2045,0.133489256,From MOVES5,2072,ON
T_LDV_LTP_BEV150_N,2045,0.116803099,From MOVES5,2073,ON
T_LDV_LTP_BEV150_N,2045,0.101969106,From MOVES5,2074,ON
T_LDV_LTP_BEV150_N,2045,0.08891706,From MOVES5,2075,ON
T_LDV_LTP_BEV150_N,2045,0.077446759,From MOVES5,2076,ON
T_LDV_LTP_BEV150_N,2045,0.067378681,From MOVES5,2077,ON
T_LDV_LTP_BEV150_N,2045,0.058552073,From MOVES5,2078,ON
T_LDV_LTP_BEV150_N,2045,0.0508232,From MOVES5,2079,ON
T_LDV_LTP_BEV150_N,2045,0.044063714,From MOVES5,2080,ON
T_LDV_LTP_BEV150_N,2045,0.038159177,From MOVES5,2081,ON
T_LDV_LTP_BEV150_N,2045,0.033007688,From MOVES5,2082,ON
T_LDV_LTP_BEV150_N,2045,0.028518642,From MOVES5,2083,ON
T_LDV_LTP_BEV150_N,2045,0.024611588,From MOVES5,2084,ON
T_LDV_LTP_BEV150_N,2045,0.021215189,From MOVES5,2085,ON
T_LDV_LTP_BEV150_N,2045,0.018266278,From MOVES5,2086,ON
T_LDV_LTP_BEV150_N,2045,0,From MOVES5,2087,ON
T_LDV_LTP_BEV150_N,2050,1,From MOVES5,2050,ON
T_LDV_LTP_BEV150_N,2050,0.991,From MOVES5,2051,ON
T_LDV_LTP_BEV150_N,2050,0.982081,From MOVES5,2052,ON
T_LDV_LTP_BEV150_N,2050,0.973242271,From MOVES5,2053,ON
T_LDV_LTP_BEV150_N,2050,0.959616879,From MOVES5,2054,ON
T_LDV_LTP_BEV150_N,2050,0.941384159,From MOVES5,2055,ON
T_LDV_LTP_BEV150_N,2050,0.918790939,From MOVES5,2056,ON
T_LDV_LTP_BEV150_N,2050,0.891227211,From MOVES5,2057,ON
T_LDV_LTP_BEV150_N,2050,0.859143031,From MOVES5,2058,ON
T_LDV_LTP_BEV150_N,2050,0.823059024,From MOVES5,2059,ON
T_LDV_LTP_BEV150_N,2050,0.783552191,From MOVES5,2060,ON
T_LDV_LTP_BEV150_N,2050,0.741240372,From MOVES5,2061,ON
T_LDV_LTP_BEV150_N,2050,0.69676595,From MOVES5,2062,ON
T_LDV_LTP_BEV150_N,2050,0.651476163,From MOVES5,2063,ON
T_LDV_LTP_BEV150_N,2050,0.605221356,From MOVES5,2064,ON
T_LDV_LTP_BEV150_N,2050,0.552567098,From MOVES5,2065,ON
T_LDV_LTP_BEV150_N,2050,0.501730925,From MOVES5,2066,ON
T_LDV_LTP_BEV150_N,2050,0.453063025,From MOVES5,2067,ON
T_LDV_LTP_BEV150_N,2050,0.406850596,From MOVES5,2068,ON
T_LDV_LTP_BEV150_N,2050,0.363724433,From MOVES5,2069,ON
T_LDV_LTP_BEV150_N,2050,0.32407847,From MOVES5,2070,ON
T_LDV_LTP_BEV150_N,2050,0.287781681,From MOVES5,2071,ON
T_LDV_LTP_BEV150_N,2050,0.254686788,From MOVES5,2072,ON
T_LDV_LTP_BEV150_N,2050,0.224888434,From MOVES5,2073,ON
T_LDV_LTP_BEV150_N,2050,0.197901822,From MOVES5,2074,ON
T_LDV_LTP_BEV150_N,2050,0.173955701,From MOVES5,2075,ON
T_LDV_LTP_BEV150_N,2050,0.15255915,From MOVES5,2076,ON
T_LDV_LTP_BEV150_N,2050,0.133489256,From MOVES5,2077,ON
T_LDV_LTP_BEV150_N,2050,0.116803099,From MOVES5,2078,ON
T_LDV_LTP_BEV150_N,2050,0.101969106,From MOVES5,2079,ON
T_LDV_LTP_BEV150_N,2050,0.08891706,From MOVES5,2080,ON
T_LDV_LTP_BEV150_N,2050,0.077446759,From MOVES5,2081,ON
T_LDV_LTP_BEV150_N,2050,0.067378681,From MOVES5,2082,ON
T_LDV_LTP_BEV150_N,2050,0.058552073,From MOVES5,2083,ON
T_LDV_LTP_BEV150_N,2050,0.0508232,From MOVES5,2084,ON
T_LDV_LTP_BEV150_N,2050,0.044063714,From MOVES5,2085,ON
T_LDV_LTP_BEV150_N,2050,0.038159177,From MOVES5,2086,ON
T_LDV_LTP_BEV150_N,2050,0.033007688,From MOVES5,2087,ON
T_LDV_LTP_BEV150_N,2050,0.028518642,From MOVES5,2088,ON
T_LDV_LTP_BEV150_N,2050,0.024611588,From MOVES5,2089,ON
T_LDV_LTP_BEV150_N,2050,0.021215189,From MOVES5,2090,ON
T_LDV_LTP_BEV150_N,2050,0.018266278,From MOVES5,2091,ON
T_LDV_LTP_BEV150_N,2050,0,From MOVES5,2092,ON
T_LDV_LTP_BEV200_N,2025,1,From MOVES5,2025,ON
T_LDV_LTP_BEV200_N,2025,0.991,From MOVES5,2026,ON
T_LDV_LTP_BEV200_N,2025,0.982081,From MOVES5,2027,ON
T_LDV_LTP_BEV200_N,2025,0.973242271,From MOVES5,2028,ON
T_LDV_LTP_BEV200_N,2025,0.959616879,From MOVES5,2029,ON
T_LDV_LTP_BEV200_N,2025,0.941384159,From MOVES5,2030,ON
T_LDV_LTP_BEV200_N,2025,0.918790939,From MOVES5,2031,ON
T_LDV_LTP_BEV200_N,2025,0.891227211,From MOVES5,2032,ON
T_LDV_LTP_BEV200_N,2025,0.859143031,From MOVES5,2033,ON
T_LDV_LTP_BEV200_N,2025,0.823059024,From MOVES5,2034,ON
T_LDV_LTP_BEV200_N,2025,0.783552191,From MOVES5,2035,ON
T_LDV_LTP_BEV200_N,2025,0.741240372,From MOVES5,2036,ON
T_LDV_LTP_BEV200_N,2025,0.69676595,From MOVES5,2037,ON
T_LDV_LTP_BEV200_N,2025,0.651476163,From MOVES5,2038,ON
T_LDV_LTP_BEV200_N,2025,0.605221356,From MOVES5,2039,ON
T_LDV_LTP_BEV200_N,2025,0.552567098,From MOVES5,2040,ON
T_LDV_LTP_BEV200_N,2025,0.501730925,From MOVES5,2041,ON
T_LDV_LTP_BEV200_N,2025,0.453063025,From MOVES5,2042,ON
T_LDV_LTP_BEV200_N,2025,0.406850596,From MOVES5,2043,ON
T_LDV_LTP_BEV200_N,2025,0.363724433,From MOVES5,2044,ON
T_LDV_LTP_BEV200_N,2025,0.32407847,From MOVES5,2045,ON
T_LDV_LTP_BEV200_N,2025,0.287781681,From MOVES5,2046,ON
T_LDV_LTP_BEV200_N,2025,0.254686788,From MOVES5,2047,ON
T_LDV_LTP_BEV200_N,2025,0.224888434,From MOVES5,2048,ON
T_LDV_LTP_BEV200_N,2025,0.197901822,From MOVES5,2049,ON
T_LDV_LTP_BEV200_N,2025,0.173955701,From MOVES5,2050,ON
T_LDV_LTP_BEV200_N,2025,0.15255915,From MOVES5,2051,ON
T_LDV_LTP_BEV200_N,2025,0.133489256,From MOVES5,2052,ON
T_LDV_LTP_BEV200_N,2025,0.116803099,From MOVES5,2053,ON
T_LDV_LTP_BEV200_N,2025,0.101969106,From MOVES5,2054,ON
T_LDV_LTP_BEV200_N,2025,0.08891706,From MOVES5,2055,ON
T_LDV_LTP_BEV200_N,2025,0.077446759,From MOVES5,2056,ON
T_LDV_LTP_BEV200_N,2025,0.067378681,From MOVES5,2057,ON
T_LDV_LTP_BEV200_N,2025,0.058552073,From MOVES5,2058,ON
T_LDV_LTP_BEV200_N,2025,0.0508232,From MOVES5,2059,ON
T_LDV_LTP_BEV200_N,2025,0.044063714,From MOVES5,2060,ON
T_LDV_LTP_BEV200_N,2025,0.038159177,From MOVES5,2061,ON
T_LDV_LTP_BEV200_N,2025,0.033007688,From MOVES5,2062,ON
T_LDV_LTP_BEV200_N,2025,0.028518642,From MOVES5,2063,ON
T_LDV_LTP_BEV200_N,2025,0.024611588,From MOVES5,2064,ON
T_LDV_LTP_BEV200_N,2025,0.021215189,From MOVES5,2065,ON
T_LDV_LTP_BEV200_N,2025,0.018266278,From MOVES5,2066,ON
T_LDV_LTP_BEV200_N,2025,0,From MOVES5,2067,ON
T_LDV_LTP_BEV200_N,2030,1,From MOVES5,2030,ON
T_LDV_LTP_BEV200_N,2030,0.991,From MOVES5,2031,ON
T_LDV_LTP_BEV200_N,2030,0.982081,From MOVES5,2032,ON
T_LDV_LTP_BEV200_N,2030,0.973242271,From MOVES5,2033,ON
T_LDV_LTP_BEV200_N,2030,0.959616879,From MOVES5,2034,ON
T_LDV_LTP_BEV200_N,2030,0.941384159,From MOVES5,2035,ON
T_LDV_LTP_BEV200_N,2030,0.918790939,From MOVES5,2036,ON
T_LDV_LTP_BEV200_N,2030,0.891227211,From MOVES5,2037,ON
T_LDV_LTP_BEV200_N,2030,0.859143031,From MOVES5,2038,ON
T_LDV_LTP_BEV200_N,2030,0.823059024,From MOVES5,2039,ON
T_LDV_LTP_BEV200_N,2030,0.783552191,From MOVES5,2040,ON
T_LDV_LTP_BEV200_N,2030,0.741240372,From MOVES5,2041,ON
T_LDV_LTP_BEV200_N,2030,0.69676595,From MOVES5,2042,ON
T_LDV_LTP_BEV200_N,2030,0.651476163,From MOVES5,2043,ON
T_LDV_LTP_BEV200_N,2030,0.605221356,From MOVES5,2044,ON
T_LDV_LTP_BEV200_N,2030,0.552567098,From MOVES5,2045,ON
T_LDV_LTP_BEV200_N,2030,0.501730925,From MOVES5,2046,ON
T_LDV_LTP_BEV200_N,2030,0.453063025,From MOVES5,2047,ON
T_LDV_LTP_BEV200_N,2030,0.406850596,From MOVES5,2048,ON
T_LDV_LTP_BEV200_N,2030,0.363724433,From MOVES5,2049,ON
T_LDV_LTP_BEV200_N,2030,0.32407847,From MOVES5,2050,ON
T_LDV_LTP_BEV200_N,2030,0.287781681,From MOVES5,2051,ON
T_LDV_LTP_BEV200_N,2030,0.254686788,From MOVES5,2052,ON
T_LDV_LTP_BEV200_N,2030,0.224888434,From MOVES5,2053,ON
T_LDV_LTP_BEV200_N,2030,0.197901822,From MOVES5,2054,ON
T_LDV_LTP_BEV200_N,2030,0.173955701,From MOVES5,2055,ON
T_LDV_LTP_BEV200_N,2030,0.15255915,From MOVES5,2056,ON
T_LDV_LTP_BEV200_N,2030,0.133489256,From MOVES5,2057,ON
T_LDV_LTP_BEV200_N,2030,0.116803099,From MOVES5,2058,ON
T_LDV_LTP_BEV200_N,2030,0.101969106,From MOVES5,2059,ON
T_LDV_LTP_BEV200_N,2030,0.08891706,From MOVES5,2060,ON
T_LDV_LTP_BEV200_N,2030,0.077446759,From MOVES5,2061,ON
T_LDV_LTP_BEV200_N,2030,0.067378681,From MOVES5,2062,ON
T_LDV_LTP_BEV200_N,2030,0.058552073,From MOVES5,2063,ON
T_LDV_LTP_BEV200_N,2030,0.0508232,From MOVES5,2064,ON
T_LDV_LTP_BEV200_N,2030,0.044063714,From MOVES5,2065,ON
T_LDV_LTP_BEV200_N,2030,0.038159177,From MOVES5,2066,ON
T_LDV_LTP_BEV200_N,2030,0.033007688,From MOVES5,2067,ON
T_LDV_LTP_BEV200_N,2030,0.028518642,From MOVES5,2068,ON
T_LDV_LTP_BEV200_N,2030,0.024611588,From MOVES5,2069,ON
T_LDV_LTP_BEV200_N,2030,0.021215189,From MOVES5,2070,ON
T_LDV_LTP_BEV200_N,2030,0.018266278,From MOVES5,2071,ON
T_LDV_LTP_BEV200_N,2030,0,From MOVES5,2072,ON
T_LDV_LTP_BEV200_N,2035,1,From MOVES5,2035,ON
T_LDV_LTP_BEV200_N,2035,0.991,From MOVES5,2036,ON
T_LDV_LTP_BEV200_N,2035,0.982081,From MOVES5,2037,ON
T_LDV_LTP_BEV200_N,2035,0.973242271,From MOVES5,2038,ON
T_LDV_LTP_BEV200_N,2035,0.959616879,From MOVES5,2039,ON
T_LDV_LTP_BEV200_N,2035,0.941384159,From MOVES5,2040,ON
T_LDV_LTP_BEV200_N,2035,0.918790939,From MOVES5,2041,ON
T_LDV_LTP_BEV200_N,2035,0.891227211,From MOVES5,2042,ON
T_LDV_LTP_BEV200_N,2035,0.859143031,From MOVES5,2043,ON
T_LDV_LTP_BEV200_N,2035,0.823059024,From MOVES5,2044,ON
T_LDV_LTP_BEV200_N,2035,0.783552191,From MOVES5,2045,ON
T_LDV_LTP_BEV200_N,2035,0.741240372,From MOVES5,2046,ON
T_LDV_LTP_BEV200_N,2035,0.69676595,From MOVES5,2047,ON
T_LDV_LTP_BEV200_N,2035,0.651476163,From MOVES5,2048,ON
T_LDV_LTP_BEV200_N,2035,0.605221356,From MOVES5,2049,ON
T_LDV_LTP_BEV200_N,2035,0.552567098,From MOVES5,2050,ON
T_LDV_LTP_BEV200_N,2035,0.501730925,From MOVES5,2051,ON
T_LDV_LTP_BEV200_N,2035,0.453063025,From MOVES5,2052,ON
T_LDV_LTP_BEV200_N,2035,0.406850596,From MOVES5,2053,ON
T_LDV_LTP_BEV200_N,2035,0.363724433,From MOVES5,2054,ON
T_LDV_LTP_BEV200_N,2035,0.32407847,From MOVES5,2055,ON
T_LDV_LTP_BEV200_N,2035,0.287781681,From MOVES5,2056,ON
T_LDV_LTP_BEV200_N,2035,0.254686788,From MOVES5,2057,ON
T_LDV_LTP_BEV200_N,2035,0.224888434,From MOVES5,2058,ON
T_LDV_LTP_BEV200_N,2035,0.197901822,From MOVES5,2059,ON
T_LDV_LTP_BEV200_N,2035,0.173955701,From MOVES5,2060,ON
T_LDV_LTP_BEV200_N,2035,0.15255915,From MOVES5,2061,ON
T_LDV_LTP_BEV200_N,2035,0.133489256,From MOVES5,2062,ON
T_LDV_LTP_BEV200_N,2035,0.116803099,From MOVES5,2063,ON
T_LDV_LTP_BEV200_N,2035,0.101969106,From MOVES5,2064,ON
T_LDV_LTP_BEV200_N,2035,0.08891706,From MOVES5,2065,ON
T_LDV_LTP_BEV200_N,2035,0.077446759,From MOVES5,2066,ON
T_LDV_LTP_BEV200_N,2035,0.067378681,From MOVES5,2067,ON
T_LDV_LTP_BEV200_N,2035,0.058552073,From MOVES5,2068,ON
T_LDV_LTP_BEV200_N,2035,0.0508232,From MOVES5,2069,ON
T_LDV_LTP_BEV200_N,2035,0.044063714,From MOVES5,2070,ON
T_LDV_LTP_BEV200_N,2035,0.038159177,From MOVES5,2071,ON
T_LDV_LTP_BEV200_N,2035,0.033007688,From MOVES5,2072,ON
T_LDV_LTP_BEV200_N,2035,0.028518642,From MOVES5,2073,ON
T_LDV_LTP_BEV200_N,2035,0.024611588,From MOVES5,2074,ON
T_LDV_LTP_BEV200_N,2035,0.021215189,From MOVES5,2075,ON
T_LDV_LTP_BEV200_N,2035,0.018266278,From MOVES5,2076,ON
T_LDV_LTP_BEV200_N,2035,0,From MOVES5,2077,ON
T_LDV_LTP_BEV200_N,2040,1,From MOVES5,2040,ON
T_LDV_LTP_BEV200_N,2040,0.991,From MOVES5,2041,ON
T_LDV_LTP_BEV200_N,2040,0.982081,From MOVES5,2042,ON
T_LDV_LTP_BEV200_N,2040,0.973242271,From MOVES5,2043,ON
T_LDV_LTP_BEV200_N,2040,0.959616879,From MOVES5,2044,ON
T_LDV_LTP_BEV200_N,2040,0.941384159,From MOVES5,2045,ON
T_LDV_LTP_BEV200_N,2040,0.918790939,From MOVES5,2046,ON
T_LDV_LTP_BEV200_N,2040,0.891227211,From MOVES5,2047,ON
T_LDV_LTP_BEV200_N,2040,0.859143031,From MOVES5,2048,ON
T_LDV_LTP_BEV200_N,2040,0.823059024,From MOVES5,2049,ON
T_LDV_LTP_BEV200_N,2040,0.783552191,From MOVES5,2050,ON
T_LDV_LTP_BEV200_N,2040,0.741240372,From MOVES5,2051,ON
T_LDV_LTP_BEV200_N,2040,0.69676595,From MOVES5,2052,ON
T_LDV_LTP_BEV200_N,2040,0.651476163,From MOVES5,2053,ON
T_LDV_LTP_BEV200_N,2040,0.605221356,From MOVES5,2054,ON
T_LDV_LTP_BEV200_N,2040,0.552567098,From MOVES5,2055,ON
T_LDV_LTP_BEV200_N,2040,0.501730925,From MOVES5,2056,ON
T_LDV_LTP_BEV200_N,2040,0.453063025,From MOVES5,2057,ON
T_LDV_LTP_BEV200_N,2040,0.406850596,From MOVES5,2058,ON
T_LDV_LTP_BEV200_N,2040,0.363724433,From MOVES5,2059,ON
T_LDV_LTP_BEV200_N,2040,0.32407847,From MOVES5,2060,ON
T_LDV_LTP_BEV200_N,2040,0.287781681,From MOVES5,2061,ON
T_LDV_LTP_BEV200_N,2040,0.254686788,From MOVES5,2062,ON
T_LDV_LTP_BEV200_N,2040,0.224888434,From MOVES5,2063,ON
T_LDV_LTP_BEV200_N,2040,0.197901822,From MOVES5,2064,ON
T_LDV_LTP_BEV200_N,2040,0.173955701,From MOVES5,2065,ON
T_LDV_LTP_BEV200_N,2040,0.15255915,From MOVES5,2066,ON
T_LDV_LTP_BEV200_N,2040,0.133489256,From MOVES5,2067,ON
T_LDV_LTP_BEV200_N,2040,0.116803099,From MOVES5,2068,ON
T_LDV_LTP_BEV200_N,2040,0.101969106,From MOVES5,2069,ON
T_LDV_LTP_BEV200_N,2040,0.08891706,From MOVES5,2070,ON
T_LDV_LTP_BEV200_N,2040,0.077446759,From MOVES5,2071,ON
T_LDV_LTP_BEV200_N,2040,0.067378681,From MOVES5,2072,ON
T_LDV_LTP_BEV200_N,2040,0.058552073,From MOVES5,2073,ON
T_LDV_LTP_BEV200_N,2040,0.0508232,From MOVES5,2074,ON
T_LDV_LTP_BEV200_N,2040,0.044063714,From MOVES5,2075,ON
T_LDV_LTP_BEV200_N,2040,0.038159177,From MOVES5,2076,ON
T_LDV_LTP_BEV200_N,2040,0.033007688,From MOVES5,2077,ON
T_LDV_LTP_BEV200_N,2040,0.028518642,From MOVES5,2078,ON
T_LDV_LTP_BEV200_N,2040,0.024611588,From MOVES5,2079,ON
T_LDV_LTP_BEV200_N,2040,0.021215189,From MOVES5,2080,ON
T_LDV_LTP_BEV200_N,2040,0.018266278,From MOVES5,2081,ON
T_LDV_LTP_BEV200_N,2040,0,From MOVES5,2082,ON
T_LDV_LTP_BEV200_N,2045,1,From MOVES5,2045,ON
T_LDV_LTP_BEV200_N,2045,0.991,From MOVES5,2046,ON
T_LDV_LTP_BEV200_N,2045,0.982081,From MOVES5,2047,ON
T_LDV_LTP_BEV200_N,2045,0.973242271,From MOVES5,2048,ON
T_LDV_LTP_BEV200_N,2045,0.959616879,From MOVES5,2049,ON
T_LDV_LTP_BEV200_N,2045,0.941384159,From MOVES5,2050,ON
T_LDV_LTP_BEV200_N,2045,0.918790939,From MOVES5,2051,ON
T_LDV_LTP_BEV200_N,2045,0.891227211,From MOVES5,2052,ON
T_LDV_LTP_BEV200_N,2045,0.859143031,From MOVES5,2053,ON
T_LDV_LTP_BEV200_N,2045,0.823059024,From MOVES5,2054,ON
T_LDV_LTP_BEV200_N,2045,0.783552191,From MOVES5,2055,ON
T_LDV_LTP_BEV200_N,2045,0.741240372,From MOVES5,2056,ON
T_LDV_LTP_BEV200_N,2045,0.69676595,From MOVES5,2057,ON
T_LDV_LTP_BEV200_N,2045,0.651476163,From MOVES5,2058,ON
T_LDV_LTP_BEV200_N,2045,0.605221356,From MOVES5,2059,ON
T_LDV_LTP_BEV200_N,2045,0.552567098,From MOVES5,2060,ON
T_LDV_LTP_BEV200_N,2045,0.501730925,From MOVES5,2061,ON
T_LDV_LTP_BEV200_N,2045,0.453063025,From MOVES5,2062,ON
T_LDV_LTP_BEV200_N,2045,0.406850596,From MOVES5,2063,ON
T_LDV_LTP_BEV200_N,2045,0.363724433,From MOVES5,2064,ON
T_LDV_LTP_BEV200_N,2045,0.32407847,From MOVES5,2065,ON
T_LDV_LTP_BEV200_N,2045,0.287781681,From MOVES5,2066,ON
T_LDV_LTP_BEV200_N,2045,0.254686788,From MOVES5,2067,ON
T_LDV_LTP_BEV200_N,2045,0.224888434,From MOVES5,2068,ON
T_LDV_LTP_BEV200_N,2045,0.197901822,From MOVES5,2069,ON
T_LDV_LTP_BEV200_N,2045,0.173955701,From MOVES5,2070,ON
T_LDV_LTP_BEV200_N,2045,0.15255915,From MOVES5,2071,ON
T_LDV_LTP_BEV200_N,2045,0.133489256,From MOVES5,2072,ON
T_LDV_LTP_BEV200_N,2045,0.116803099,From MOVES5,2073,ON
T_LDV_LTP_BEV200_N,2045,0.101969106,From MOVES5,2074,ON
T_LDV_LTP_BEV200_N,2045,0.08891706,From MOVES5,2075,ON
T_LDV_LTP_BEV200_N,2045,0.077446759,From MOVES5,2076,ON
T_LDV_LTP_BEV200_N,2045,0.067378681,From MOVES5,2077,ON
T_LDV_LTP_BEV200_N,2045,0.058552073,From MOVES5,2078,ON
T_LDV_LTP_BEV200_N,2045,0.0508232,From MOVES5,2079,ON
T_LDV_LTP_BEV200_N,2045,0.044063714,From MOVES5,2080,ON
T_LDV_LTP_BEV200_N,2045,0.038159177,From MOVES5,2081,ON
T_LDV_LTP_BEV200_N,2045,0.033007688,From MOVES5,2082,ON
T_LDV_LTP_BEV200_N,2045,0.028518642,From MOVES5,2083,ON
T_LDV_LTP_BEV200_N,2045,0.024611588,From MOVES5,2084,ON
T_LDV_LTP_BEV200_N,2045,0.021215189,From MOVES5,2085,ON
T_LDV_LTP_BEV200_N,2045,0.018266278,From MOVES5,2086,ON
T_LDV_LTP_BEV200_N,2045,0,From MOVES5,2087,ON
T_LDV_LTP_BEV200_N,2050,1,From MOVES5,2050,ON
T_LDV_LTP_BEV200_N,2050,0.991,From MOVES5,2051,ON
T_LDV_LTP_BEV200_N,2050,0.982081,From MOVES5,2052,ON
T_LDV_LTP_BEV200_N,2050,0.973242271,From MOVES5,2053,ON
T_LDV_LTP_BEV200_N,2050,0.959616879,From MOVES5,2054,ON
T_LDV_LTP_BEV200_N,2050,0.941384159,From MOVES5,2055,ON
T_LDV_LTP_BEV200_N,2050,0.918790939,From MOVES5,2056,ON
T_LDV_LTP_BEV200_N,2050,0.891227211,From MOVES5,2057,ON
T_LDV_LTP_BEV200_N,2050,0.859143031,From MOVES5,2058,ON
T_LDV_LTP_BEV200_N,2050,0.823059024,From MOVES5,2059,ON
T_LDV_LTP_BEV200_N,2050,0.783552191,From MOVES5,2060,ON
T_LDV_LTP_BEV200_N,2050,0.741240372,From MOVES5,2061,ON
T_LDV_LTP_BEV200_N,2050,0.69676595,From MOVES5,2062,ON
T_LDV_LTP_BEV200_N,2050,0.651476163,From MOVES5,2063,ON
T_LDV_LTP_BEV200_N,2050,0.605221356,From MOVES5,2064,ON
T_LDV_LTP_BEV200_N,2050,0.552567098,From MOVES5,2065,ON
T_LDV_LTP_BEV200_N,2050,0.501730925,From MOVES5,2066,ON
T_LDV_LTP_BEV200_N,2050,0.453063025,From MOVES5,2067,ON
T_LDV_LTP_BEV200_N,2050,0.406850596,From MOVES5,2068,ON
T_LDV_LTP_BEV200_N,2050,0.363724433,From MOVES5,2069,ON
T_LDV_LTP_BEV200_N,2050,0.32407847,From MOVES5,2070,ON
T_LDV_LTP_BEV200_N,2050,0.287781681,From MOVES5,2071,ON
T_LDV_LTP_BEV200_N,2050,0.254686788,From MOVES5,2072,ON
T_LDV_LTP_BEV200_N,2050,0.224888434,From MOVES5,2073,ON
T_LDV_LTP_BEV200_N,2050,0.197901822,From MOVES5,2074,ON
T_LDV_LTP_BEV200_N,2050,0.173955701,From MOVES5,2075,ON
T_LDV_LTP_BEV200_N,2050,0.15255915,From MOVES5,2076,ON
T_LDV_LTP_BEV200_N,2050,0.133489256,From MOVES5,2077,ON
T_LDV_LTP_BEV200_N,2050,0.116803099,From MOVES5,2078,ON
T_LDV_LTP_BEV200_N,2050,0.101969106,From MOVES5,2079,ON
T_LDV_LTP_BEV200_N,2050,0.08891706,From MOVES5,2080,ON
T_LDV_LTP_BEV200_N,2050,0.077446759,From MOVES5,2081,ON
T_LDV_LTP_BEV200_N,2050,0.067378681,From MOVES5,2082,ON
T_LDV_LTP_BEV200_N,2050,0.058552073,From MOVES5,2083,ON
T_LDV_LTP_BEV200_N,2050,0.0508232,From MOVES5,2084,ON
T_LDV_LTP_BEV200_N,2050,0.044063714,From MOVES5,2085,ON
T_LDV_LTP_BEV200_N,2050,0.038159177,From MOVES5,2086,ON
T_LDV_LTP_BEV200_N,2050,0.033007688,From MOVES5,2087,ON
T_LDV_LTP_BEV200_N,2050,0.028518642,From MOVES5,2088,ON
T_LDV_LTP_BEV200_N,2050,0.024611588,From MOVES5,2089,ON
T_LDV_LTP_BEV200_N,2050,0.021215189,From MOVES5,2090,ON
T_LDV_LTP_BEV200_N,2050,0.018266278,From MOVES5,2091,ON
T_LDV_LTP_BEV200_N,2050,0,From MOVES5,2092,ON
T_LDV_LTP_BEV300_EX,2015,1,From MOVES5,2015,ON
T_LDV_LTP_BEV300_EX,2015,0.991,From MOVES5,2016,ON
T_LDV_LTP_BEV300_EX,2015,0.982081,From MOVES5,2017,ON
T_LDV_LTP_BEV300_EX,2015,0.973242271,From MOVES5,2018,ON
T_LDV_LTP_BEV300_EX,2015,0.959616879,From MOVES5,2019,ON
T_LDV_LTP_BEV300_EX,2015,0.941384159,From MOVES5,2020,ON
T_LDV_LTP_BEV300_EX,2015,0.918790939,From MOVES5,2021,ON
T_LDV_LTP_BEV300_EX,2015,0.891227211,From MOVES5,2022,ON
T_LDV_LTP_BEV300_EX,2015,0.859143031,From MOVES5,2023,ON
T_LDV_LTP_BEV300_EX,2015,0.823059024,From MOVES5,2024,ON
T_LDV_LTP_BEV300_EX,2015,0.783552191,From MOVES5,2025,ON
T_LDV_LTP_BEV300_EX,2015,0.741240372,From MOVES5,2026,ON
T_LDV_LTP_BEV300_EX,2015,0.69676595,From MOVES5,2027,ON
T_LDV_LTP_BEV300_EX,2015,0.651476163,From MOVES5,2028,ON
T_LDV_LTP_BEV300_EX,2015,0.605221356,From MOVES5,2029,ON
T_LDV_LTP_BEV300_EX,2015,0.552567098,From MOVES5,2030,ON
T_LDV_LTP_BEV300_EX,2015,0.501730925,From MOVES5,2031,ON
T_LDV_LTP_BEV300_EX,2015,0.453063025,From MOVES5,2032,ON
T_LDV_LTP_BEV300_EX,2015,0.406850596,From MOVES5,2033,ON
T_LDV_LTP_BEV300_EX,2015,0.363724433,From MOVES5,2034,ON
T_LDV_LTP_BEV300_EX,2015,0.32407847,From MOVES5,2035,ON
T_LDV_LTP_BEV300_EX,2015,0.287781681,From MOVES5,2036,ON
T_LDV_LTP_BEV300_EX,2015,0.254686788,From MOVES5,2037,ON
T_LDV_LTP_BEV300_EX,2015,0.224888434,From MOVES5,2038,ON
T_LDV_LTP_BEV300_EX,2015,0.197901822,From MOVES5,2039,ON
T_LDV_LTP_BEV300_EX,2015,0.173955701,From MOVES5,2040,ON
T_LDV_LTP_BEV300_EX,2015,0.15255915,From MOVES5,2041,ON
T_LDV_LTP_BEV300_EX,2015,0.133489256,From MOVES5,2042,ON
T_LDV_LTP_BEV300_EX,2015,0.116803099,From MOVES5,2043,ON
T_LDV_LTP_BEV300_EX,2015,0.101969106,From MOVES5,2044,ON
T_LDV_LTP_BEV300_EX,2015,0.08891706,From MOVES5,2045,ON
T_LDV_LTP_BEV300_EX,2015,0.077446759,From MOVES5,2046,ON
T_LDV_LTP_BEV300_EX,2015,0.067378681,From MOVES5,2047,ON
T_LDV_LTP_BEV300_EX,2015,0.058552073,From MOVES5,2048,ON
T_LDV_LTP_BEV300_EX,2015,0.0508232,From MOVES5,2049,ON
T_LDV_LTP_BEV300_EX,2015,0.044063714,From MOVES5,2050,ON
T_LDV_LTP_BEV300_EX,2015,0.038159177,From MOVES5,2051,ON
T_LDV_LTP_BEV300_EX,2015,0.033007688,From MOVES5,2052,ON
T_LDV_LTP_BEV300_EX,2015,0.028518642,From MOVES5,2053,ON
T_LDV_LTP_BEV300_EX,2015,0.024611588,From MOVES5,2054,ON
T_LDV_LTP_BEV300_EX,2015,0.021215189,From MOVES5,2055,ON
T_LDV_LTP_BEV300_EX,2015,0.018266278,From MOVES5,2056,ON
T_LDV_LTP_BEV300_EX,2015,0,From MOVES5,2057,ON
T_LDV_LTP_BEV300_EX,2020,1,From MOVES5,2020,ON
T_LDV_LTP_BEV300_EX,2020,0.991,From MOVES5,2021,ON
T_LDV_LTP_BEV300_EX,2020,0.982081,From MOVES5,2022,ON
T_LDV_LTP_BEV300_EX,2020,0.973242271,From MOVES5,2023,ON
T_LDV_LTP_BEV300_EX,2020,0.959616879,From MOVES5,2024,ON
T_LDV_LTP_BEV300_EX,2020,0.941384159,From MOVES5,2025,ON
T_LDV_LTP_BEV300_EX,2020,0.918790939,From MOVES5,2026,ON
T_LDV_LTP_BEV300_EX,2020,0.891227211,From MOVES5,2027,ON
T_LDV_LTP_BEV300_EX,2020,0.859143031,From MOVES5,2028,ON
T_LDV_LTP_BEV300_EX,2020,0.823059024,From MOVES5,2029,ON
T_LDV_LTP_BEV300_EX,2020,0.783552191,From MOVES5,2030,ON
T_LDV_LTP_BEV300_EX,2020,0.741240372,From MOVES5,2031,ON
T_LDV_LTP_BEV300_EX,2020,0.69676595,From MOVES5,2032,ON
T_LDV_LTP_BEV300_EX,2020,0.651476163,From MOVES5,2033,ON
T_LDV_LTP_BEV300_EX,2020,0.605221356,From MOVES5,2034,ON
T_LDV_LTP_BEV300_EX,2020,0.552567098,From MOVES5,2035,ON
T_LDV_LTP_BEV300_EX,2020,0.501730925,From MOVES5,2036,ON
T_LDV_LTP_BEV300_EX,2020,0.453063025,From MOVES5,2037,ON
T_LDV_LTP_BEV300_EX,2020,0.406850596,From MOVES5,2038,ON
T_LDV_LTP_BEV300_EX,2020,0.363724433,From MOVES5,2039,ON
T_LDV_LTP_BEV300_EX,2020,0.32407847,From MOVES5,2040,ON
T_LDV_LTP_BEV300_EX,2020,0.287781681,From MOVES5,2041,ON
T_LDV_LTP_BEV300_EX,2020,0.254686788,From MOVES5,2042,ON
T_LDV_LTP_BEV300_EX,2020,0.224888434,From MOVES5,2043,ON
T_LDV_LTP_BEV300_EX,2020,0.197901822,From MOVES5,2044,ON
T_LDV_LTP_BEV300_EX,2020,0.173955701,From MOVES5,2045,ON
T_LDV_LTP_BEV300_EX,2020,0.15255915,From MOVES5,2046,ON
T_LDV_LTP_BEV300_EX,2020,0.133489256,From MOVES5,2047,ON
T_LDV_LTP_BEV300_EX,2020,0.116803099,From MOVES5,2048,ON
T_LDV_LTP_BEV300_EX,2020,0.101969106,From MOVES5,2049,ON
T_LDV_LTP_BEV300_EX,2020,0.08891706,From MOVES5,2050,ON
T_LDV_LTP_BEV300_EX,2020,0.077446759,From MOVES5,2051,ON
T_LDV_LTP_BEV300_EX,2020,0.067378681,From MOVES5,2052,ON
T_LDV_LTP_BEV300_EX,2020,0.058552073,From MOVES5,2053,ON
T_LDV_LTP_BEV300_EX,2020,0.0508232,From MOVES5,2054,ON
T_LDV_LTP_BEV300_EX,2020,0.044063714,From MOVES5,2055,ON
T_LDV_LTP_BEV300_EX,2020,0.038159177,From MOVES5,2056,ON
T_LDV_LTP_BEV300_EX,2020,0.033007688,From MOVES5,2057,ON
T_LDV_LTP_BEV300_EX,2020,0.028518642,From MOVES5,2058,ON
T_LDV_LTP_BEV300_EX,2020,0.024611588,From MOVES5,2059,ON
T_LDV_LTP_BEV300_EX,2020,0.021215189,From MOVES5,2060,ON
T_LDV_LTP_BEV300_EX,2020,0.018266278,From MOVES5,2061,ON
T_LDV_LTP_BEV300_EX,2020,0,From MOVES5,2062,ON
T_LDV_LTP_BEV300_N,2025,1,From MOVES5,2025,ON
T_LDV_LTP_BEV300_N,2025,0.991,From MOVES5,2026,ON
T_LDV_LTP_BEV300_N,2025,0.982081,From MOVES5,2027,ON
T_LDV_LTP_BEV300_N,2025,0.973242271,From MOVES5,2028,ON
T_LDV_LTP_BEV300_N,2025,0.959616879,From MOVES5,2029,ON
T_LDV_LTP_BEV300_N,2025,0.941384159,From MOVES5,2030,ON
T_LDV_LTP_BEV300_N,2025,0.918790939,From MOVES5,2031,ON
T_LDV_LTP_BEV300_N,2025,0.891227211,From MOVES5,2032,ON
T_LDV_LTP_BEV300_N,2025,0.859143031,From MOVES5,2033,ON
T_LDV_LTP_BEV300_N,2025,0.823059024,From MOVES5,2034,ON
T_LDV_LTP_BEV300_N,2025,0.783552191,From MOVES5,2035,ON
T_LDV_LTP_BEV300_N,2025,0.741240372,From MOVES5,2036,ON
T_LDV_LTP_BEV300_N,2025,0.69676595,From MOVES5,2037,ON
T_LDV_LTP_BEV300_N,2025,0.651476163,From MOVES5,2038,ON
T_LDV_LTP_BEV300_N,2025,0.605221356,From MOVES5,2039,ON
T_LDV_LTP_BEV300_N,2025,0.552567098,From MOVES5,2040,ON
T_LDV_LTP_BEV300_N,2025,0.501730925,From MOVES5,2041,ON
T_LDV_LTP_BEV300_N,2025,0.453063025,From MOVES5,2042,ON
T_LDV_LTP_BEV300_N,2025,0.406850596,From MOVES5,2043,ON
T_LDV_LTP_BEV300_N,2025,0.363724433,From MOVES5,2044,ON
T_LDV_LTP_BEV300_N,2025,0.32407847,From MOVES5,2045,ON
T_LDV_LTP_BEV300_N,2025,0.287781681,From MOVES5,2046,ON
T_LDV_LTP_BEV300_N,2025,0.254686788,From MOVES5,2047,ON
T_LDV_LTP_BEV300_N,2025,0.224888434,From MOVES5,2048,ON
T_LDV_LTP_BEV300_N,2025,0.197901822,From MOVES5,2049,ON
T_LDV_LTP_BEV300_N,2025,0.173955701,From MOVES5,2050,ON
T_LDV_LTP_BEV300_N,2025,0.15255915,From MOVES5,2051,ON
T_LDV_LTP_BEV300_N,2025,0.133489256,From MOVES5,2052,ON
T_LDV_LTP_BEV300_N,2025,0.116803099,From MOVES5,2053,ON
T_LDV_LTP_BEV300_N,2025,0.101969106,From MOVES5,2054,ON
T_LDV_LTP_BEV300_N,2025,0.08891706,From MOVES5,2055,ON
T_LDV_LTP_BEV300_N,2025,0.077446759,From MOVES5,2056,ON
T_LDV_LTP_BEV300_N,2025,0.067378681,From MOVES5,2057,ON
T_LDV_LTP_BEV300_N,2025,0.058552073,From MOVES5,2058,ON
T_LDV_LTP_BEV300_N,2025,0.0508232,From MOVES5,2059,ON
T_LDV_LTP_BEV300_N,2025,0.044063714,From MOVES5,2060,ON
T_LDV_LTP_BEV300_N,2025,0.038159177,From MOVES5,2061,ON
T_LDV_LTP_BEV300_N,2025,0.033007688,From MOVES5,2062,ON
T_LDV_LTP_BEV300_N,2025,0.028518642,From MOVES5,2063,ON
T_LDV_LTP_BEV300_N,2025,0.024611588,From MOVES5,2064,ON
T_LDV_LTP_BEV300_N,2025,0.021215189,From MOVES5,2065,ON
T_LDV_LTP_BEV300_N,2025,0.018266278,From MOVES5,2066,ON
T_LDV_LTP_BEV300_N,2025,0,From MOVES5,2067,ON
T_LDV_LTP_BEV300_N,2030,1,From MOVES5,2030,ON
T_LDV_LTP_BEV300_N,2030,0.991,From MOVES5,2031,ON
T_LDV_LTP_BEV300_N,2030,0.982081,From MOVES5,2032,ON
T_LDV_LTP_BEV300_N,2030,0.973242271,From MOVES5,2033,ON
T_LDV_LTP_BEV300_N,2030,0.959616879,From MOVES5,2034,ON
T_LDV_LTP_BEV300_N,2030,0.941384159,From MOVES5,2035,ON
T_LDV_LTP_BEV300_N,2030,0.918790939,From MOVES5,2036,ON
T_LDV_LTP_BEV300_N,2030,0.891227211,From MOVES5,2037,ON
T_LDV_LTP_BEV300_N,2030,0.859143031,From MOVES5,2038,ON
T_LDV_LTP_BEV300_N,2030,0.823059024,From MOVES5,2039,ON
T_LDV_LTP_BEV300_N,2030,0.783552191,From MOVES5,2040,ON
T_LDV_LTP_BEV300_N,2030,0.741240372,From MOVES5,2041,ON
T_LDV_LTP_BEV300_N,2030,0.69676595,From MOVES5,2042,ON
T_LDV_LTP_BEV300_N,2030,0.651476163,From MOVES5,2043,ON
T_LDV_LTP_BEV300_N,2030,0.605221356,From MOVES5,2044,ON
T_LDV_LTP_BEV300_N,2030,0.552567098,From MOVES5,2045,ON
T_LDV_LTP_BEV300_N,2030,0.501730925,From MOVES5,2046,ON
T_LDV_LTP_BEV300_N,2030,0.453063025,From MOVES5,2047,ON
T_LDV_LTP_BEV300_N,2030,0.406850596,From MOVES5,2048,ON
T_LDV_LTP_BEV300_N,2030,0.363724433,From MOVES5,2049,ON
T_LDV_LTP_BEV300_N,2030,0.32407847,From MOVES5,2050,ON
T_LDV_LTP_BEV300_N,2030,0.287781681,From MOVES5,2051,ON
T_LDV_LTP_BEV300_N,2030,0.254686788,From MOVES5,2052,ON
T_LDV_LTP_BEV300_N,2030,0.224888434,From MOVES5,2053,ON
T_LDV_LTP_BEV300_N,2030,0.197901822,From MOVES5,2054,ON
T_LDV_LTP_BEV300_N,2030,0.173955701,From MOVES5,2055,ON
T_LDV_LTP_BEV300_N,2030,0.15255915,From MOVES5,2056,ON
T_LDV_LTP_BEV300_N,2030,0.133489256,From MOVES5,2057,ON
T_LDV_LTP_BEV300_N,2030,0.116803099,From MOVES5,2058,ON
T_LDV_LTP_BEV300_N,2030,0.101969106,From MOVES5,2059,ON
T_LDV_LTP_BEV300_N,2030,0.08891706,From MOVES5,2060,ON
T_LDV_LTP_BEV300_N,2030,0.077446759,From MOVES5,2061,ON
T_LDV_LTP_BEV300_N,2030,0.067378681,From MOVES5,2062,ON
T_LDV_LTP_BEV300_N,2030,0.058552073,From MOVES5,2063,ON
T_LDV_LTP_BEV300_N,2030,0.0508232,From MOVES5,2064,ON
T_LDV_LTP_BEV300_N,2030,0.044063714,From MOVES5,2065,ON
T_LDV_LTP_BEV300_N,2030,0.038159177,From MOVES5,2066,ON
T_LDV_LTP_BEV300_N,2030,0.033007688,From MOVES5,2067,ON
T_LDV_LTP_BEV300_N,2030,0.028518642,From MOVES5,2068,ON
T_LDV_LTP_BEV300_N,2030,0.024611588,From MOVES5,2069,ON
T_LDV_LTP_BEV300_N,2030,0.021215189,From MOVES5,2070,ON
T_LDV_LTP_BEV300_N,2030,0.018266278,From MOVES5,2071,ON
T_LDV_LTP_BEV300_N,2030,0,From MOVES5,2072,ON
T_LDV_LTP_BEV300_N,2035,1,From MOVES5,2035,ON
T_LDV_LTP_BEV300_N,2035,0.991,From MOVES5,2036,ON
T_LDV_LTP_BEV300_N,2035,0.982081,From MOVES5,2037,ON
T_LDV_LTP_BEV300_N,2035,0.973242271,From MOVES5,2038,ON
T_LDV_LTP_BEV300_N,2035,0.959616879,From MOVES5,2039,ON
T_LDV_LTP_BEV300_N,2035,0.941384159,From MOVES5,2040,ON
T_LDV_LTP_BEV300_N,2035,0.918790939,From MOVES5,2041,ON
T_LDV_LTP_BEV300_N,2035,0.891227211,From MOVES5,2042,ON
T_LDV_LTP_BEV300_N,2035,0.859143031,From MOVES5,2043,ON
T_LDV_LTP_BEV300_N,2035,0.823059024,From MOVES5,2044,ON
T_LDV_LTP_BEV300_N,2035,0.783552191,From MOVES5,2045,ON
T_LDV_LTP_BEV300_N,2035,0.741240372,From MOVES5,2046,ON
T_LDV_LTP_BEV300_N,2035,0.69676595,From MOVES5,2047,ON
T_LDV_LTP_BEV300_N,2035,0.651476163,From MOVES5,2048,ON
T_LDV_LTP_BEV300_N,2035,0.605221356,From MOVES5,2049,ON
T_LDV_LTP_BEV300_N,2035,0.552567098,From MOVES5,2050,ON
T_LDV_LTP_BEV300_N,2035,0.501730925,From MOVES5,2051,ON
T_LDV_LTP_BEV300_N,2035,0.453063025,From MOVES5,2052,ON
T_LDV_LTP_BEV300_N,2035,0.406850596,From MOVES5,2053,ON
T_LDV_LTP_BEV300_N,2035,0.363724433,From MOVES5,2054,ON
T_LDV_LTP_BEV300_N,2035,0.32407847,From MOVES5,2055,ON
T_LDV_LTP_BEV300_N,2035,0.287781681,From MOVES5,2056,ON
T_LDV_LTP_BEV300_N,2035,0.254686788,From MOVES5,2057,ON
T_LDV_LTP_BEV300_N,2035,0.224888434,From MOVES5,2058,ON
T_LDV_LTP_BEV300_N,2035,0.197901822,From MOVES5,2059,ON
T_LDV_LTP_BEV300_N,2035,0.173955701,From MOVES5,2060,ON
T_LDV_LTP_BEV300_N,2035,0.15255915,From MOVES5,2061,ON
T_LDV_LTP_BEV300_N,2035,0.133489256,From MOVES5,2062,ON
T_LDV_LTP_BEV300_N,2035,0.116803099,From MOVES5,2063,ON
T_LDV_LTP_BEV300_N,2035,0.101969106,From MOVES5,2064,ON
T_LDV_LTP_BEV300_N,2035,0.08891706,From MOVES5,2065,ON
T_LDV_LTP_BEV300_N,2035,0.077446759,From MOVES5,2066,ON
T_LDV_LTP_BEV300_N,2035,0.067378681,From MOVES5,2067,ON
T_LDV_LTP_BEV300_N,2035,0.058552073,From MOVES5,2068,ON
T_LDV_LTP_BEV300_N,2035,0.0508232,From MOVES5,2069,ON
T_LDV_LTP_BEV300_N,2035,0.044063714,From MOVES5,2070,ON
T_LDV_LTP_BEV300_N,2035,0.038159177,From MOVES5,2071,ON
T_LDV_LTP_BEV300_N,2035,0.033007688,From MOVES5,2072,ON
T_LDV_LTP_BEV300_N,2035,0.028518642,From MOVES5,2073,ON
T_LDV_LTP_BEV300_N,2035,0.024611588,From MOVES5,2074,ON
T_LDV_LTP_BEV300_N,2035,0.021215189,From MOVES5,2075,ON
T_LDV_LTP_BEV300_N,2035,0.018266278,From MOVES5,2076,ON
T_LDV_LTP_BEV300_N,2035,0,From MOVES5,2077,ON
T_LDV_LTP_BEV300_N,2040,1,From MOVES5,2040,ON
T_LDV_LTP_BEV300_N,2040,0.991,From MOVES5,2041,ON
T_LDV_LTP_BEV300_N,2040,0.982081,From MOVES5,2042,ON
T_LDV_LTP_BEV300_N,2040,0.973242271,From MOVES5,2043,ON
T_LDV_LTP_BEV300_N,2040,0.959616879,From MOVES5,2044,ON
T_LDV_LTP_BEV300_N,2040,0.941384159,From MOVES5,2045,ON
T_LDV_LTP_BEV300_N,2040,0.918790939,From MOVES5,2046,ON
T_LDV_LTP_BEV300_N,2040,0.891227211,From MOVES5,2047,ON
T_LDV_LTP_BEV300_N,2040,0.859143031,From MOVES5,2048,ON
T_LDV_LTP_BEV300_N,2040,0.823059024,From MOVES5,2049,ON
T_LDV_LTP_BEV300_N,2040,0.783552191,From MOVES5,2050,ON
T_LDV_LTP_BEV300_N,2040,0.741240372,From MOVES5,2051,ON
T_LDV_LTP_BEV300_N,2040,0.69676595,From MOVES5,2052,ON
T_LDV_LTP_BEV300_N,2040,0.651476163,From MOVES5,2053,ON
T_LDV_LTP_BEV300_N,2040,0.605221356,From MOVES5,2054,ON
T_LDV_LTP_BEV300_N,2040,0.552567098,From MOVES5,2055,ON
T_LDV_LTP_BEV300_N,2040,0.501730925,From MOVES5,2056,ON
T_LDV_LTP_BEV300_N,2040,0.453063025,From MOVES5,2057,ON
T_LDV_LTP_BEV300_N,2040,0.406850596,From MOVES5,2058,ON
T_LDV_LTP_BEV300_N,2040,0.363724433,From MOVES5,2059,ON
T_LDV_LTP_BEV300_N,2040,0.32407847,From MOVES5,2060,ON
T_LDV_LTP_BEV300_N,2040,0.287781681,From MOVES5,2061,ON
T_LDV_LTP_BEV300_N,2040,0.254686788,From MOVES5,2062,ON
T_LDV_LTP_BEV300_N,2040,0.224888434,From MOVES5,2063,ON
T_LDV_LTP_BEV300_N,2040,0.197901822,From MOVES5,2064,ON
T_LDV_LTP_BEV300_N,2040,0.173955701,From MOVES5,2065,ON
T_LDV_LTP_BEV300_N,2040,0.15255915,From MOVES5,2066,ON
T_LDV_LTP_BEV300_N,2040,0.133489256,From MOVES5,2067,ON
T_LDV_LTP_BEV300_N,2040,0.116803099,From MOVES5,2068,ON
T_LDV_LTP_BEV300_N,2040,0.101969106,From MOVES5,2069,ON
T_LDV_LTP_BEV300_N,2040,0.08891706,From MOVES5,2070,ON
T_LDV_LTP_BEV300_N,2040,0.077446759,From MOVES5,2071,ON
T_LDV_LTP_BEV300_N,2040,0.067378681,From MOVES5,2072,ON
T_LDV_LTP_BEV300_N,2040,0.058552073,From MOVES5,2073,ON
T_LDV_LTP_BEV300_N,2040,0.0508232,From MOVES5,2074,ON
T_LDV_LTP_BEV300_N,2040,0.044063714,From MOVES5,2075,ON
T_LDV_LTP_BEV300_N,2040,0.038159177,From MOVES5,2076,ON
T_LDV_LTP_BEV300_N,2040,0.033007688,From MOVES5,2077,ON
T_LDV_LTP_BEV300_N,2040,0.028518642,From MOVES5,2078,ON
T_LDV_LTP_BEV300_N,2040,0.024611588,From MOVES5,2079,ON
T_LDV_LTP_BEV300_N,2040,0.021215189,From MOVES5,2080,ON
T_LDV_LTP_BEV300_N,2040,0.018266278,From MOVES5,2081,ON
T_LDV_LTP_BEV300_N,2040,0,From MOVES5,2082,ON
T_LDV_LTP_BEV300_N,2045,1,From MOVES5,2045,ON
T_LDV_LTP_BEV300_N,2045,0.991,From MOVES5,2046,ON
T_LDV_LTP_BEV300_N,2045,0.982081,From MOVES5,2047,ON
T_LDV_LTP_BEV300_N,2045,0.973242271,From MOVES5,2048,ON
T_LDV_LTP_BEV300_N,2045,0.959616879,From MOVES5,2049,ON
T_LDV_LTP_BEV300_N,2045,0.941384159,From MOVES5,2050,ON
T_LDV_LTP_BEV300_N,2045,0.918790939,From MOVES5,2051,ON
T_LDV_LTP_BEV300_N,2045,0.891227211,From MOVES5,2052,ON
T_LDV_LTP_BEV300_N,2045,0.859143031,From MOVES5,2053,ON
T_LDV_LTP_BEV300_N,2045,0.823059024,From MOVES5,2054,ON
T_LDV_LTP_BEV300_N,2045,0.783552191,From MOVES5,2055,ON
T_LDV_LTP_BEV300_N,2045,0.741240372,From MOVES5,2056,ON
T_LDV_LTP_BEV300_N,2045,0.69676595,From MOVES5,2057,ON
T_LDV_LTP_BEV300_N,2045,0.651476163,From MOVES5,2058,ON
T_LDV_LTP_BEV300_N,2045,0.605221356,From MOVES5,2059,ON
T_LDV_LTP_BEV300_N,2045,0.552567098,From MOVES5,2060,ON
T_LDV_LTP_BEV300_N,2045,0.501730925,From MOVES5,2061,ON
T_LDV_LTP_BEV300_N,2045,0.453063025,From MOVES5,2062,ON
T_LDV_LTP_BEV300_N,2045,0.406850596,From MOVES5,2063,ON
T_LDV_LTP_BEV300_N,2045,0.363724433,From MOVES5,2064,ON
T_LDV_LTP_BEV300_N,2045,0.32407847,From MOVES5,2065,ON
T_LDV_LTP_BEV300_N,2045,0.287781681,From MOVES5,2066,ON
T_LDV_LTP_BEV300_N,2045,0.254686788,From MOVES5,2067,ON
T_LDV_LTP_BEV300_N,2045,0.224888434,From MOVES5,2068,ON
T_LDV_LTP_BEV300_N,2045,0.197901822,From MOVES5,2069,ON
T_LDV_LTP_BEV300_N,2045,0.173955701,From MOVES5,2070,ON
T_LDV_LTP_BEV300_N,2045,0.15255915,From MOVES5,2071,ON
T_LDV_LTP_BEV300_N,2045,0.133489256,From MOVES5,2072,ON
T_LDV_LTP_BEV300_N,2045,0.116803099,From MOVES5,2073,ON
T_LDV_LTP_BEV300_N,2045,0.101969106,From MOVES5,2074,ON
T_LDV_LTP_BEV300_N,2045,0.08891706,From MOVES5,2075,ON
T_LDV_LTP_BEV300_N,2045,0.077446759,From MOVES5,2076,ON
T_LDV_LTP_BEV300_N,2045,0.067378681,From MOVES5,2077,ON
T_LDV_LTP_BEV300_N,2045,0.058552073,From MOVES5,2078,ON
T_LDV_LTP_BEV300_N,2045,0.0508232,From MOVES5,2079,ON
T_LDV_LTP_BEV300_N,2045,0.044063714,From MOVES5,2080,ON
T_LDV_LTP_BEV300_N,2045,0.038159177,From MOVES5,2081,ON
T_LDV_LTP_BEV300_N,2045,0.033007688,From MOVES5,2082,ON
T_LDV_LTP_BEV300_N,2045,0.028518642,From MOVES5,2083,ON
T_LDV_LTP_BEV300_N,2045,0.024611588,From MOVES5,2084,ON
T_LDV_LTP_BEV300_N,2045,0.021215189,From MOVES5,2085,ON
T_LDV_LTP_BEV300_N,2045,0.018266278,From MOVES5,2086,ON
T_LDV_LTP_BEV300_N,2045,0,From MOVES5,2087,ON
T_LDV_LTP_BEV300_N,2050,1,From MOVES5,2050,ON
T_LDV_LTP_BEV300_N,2050,0.991,From MOVES5,2051,ON
T_LDV_LTP_BEV300_N,2050,0.982081,From MOVES5,2052,ON
T_LDV_LTP_BEV300_N,2050,0.973242271,From MOVES5,2053,ON
T_LDV_LTP_BEV300_N,2050,0.959616879,From MOVES5,2054,ON
T_LDV_LTP_BEV300_N,2050,0.941384159,From MOVES5,2055,ON
T_LDV_LTP_BEV300_N,2050,0.918790939,From MOVES5,2056,ON
T_LDV_LTP_BEV300_N,2050,0.891227211,From MOVES5,2057,ON
T_LDV_LTP_BEV300_N,2050,0.859143031,From MOVES5,2058,ON
T_LDV_LTP_BEV300_N,2050,0.823059024,From MOVES5,2059,ON
T_LDV_LTP_BEV300_N,2050,0.783552191,From MOVES5,2060,ON
T_LDV_LTP_BEV300_N,2050,0.741240372,From MOVES5,2061,ON
T_LDV_LTP_BEV300_N,2050,0.69676595,From MOVES5,2062,ON
T_LDV_LTP_BEV300_N,2050,0.651476163,From MOVES5,2063,ON
T_LDV_LTP_BEV300_N,2050,0.605221356,From MOVES5,2064,ON
T_LDV_LTP_BEV300_N,2050,0.552567098,From MOVES5,2065,ON
T_LDV_LTP_BEV300_N,2050,0.501730925,From MOVES5,2066,ON
T_LDV_LTP_BEV300_N,2050,0.453063025,From MOVES5,2067,ON
T_LDV_LTP_BEV300_N,2050,0.406850596,From MOVES5,2068,ON
T_LDV_LTP_BEV300_N,2050,0.363724433,From MOVES5,2069,ON
T_LDV_LTP_BEV300_N,2050,0.32407847,From MOVES5,2070,ON
T_LDV_LTP_BEV300_N,2050,0.287781681,From MOVES5,2071,ON
T_LDV_LTP_BEV300_N,2050,0.254686788,From MOVES5,2072,ON
T_LDV_LTP_BEV300_N,2050,0.224888434,From MOVES5,2073,ON
T_LDV_LTP_BEV300_N,2050,0.197901822,From MOVES5,2074,ON
T_LDV_LTP_BEV300_N,2050,0.173955701,From MOVES5,2075,ON
T_LDV_LTP_BEV300_N,2050,0.15255915,From MOVES5,2076,ON
T_LDV_LTP_BEV300_N,2050,0.133489256,From MOVES5,2077,ON
T_LDV_LTP_BEV300_N,2050,0.116803099,From MOVES5,2078,ON
T_LDV_LTP_BEV300_N,2050,0.101969106,From MOVES5,2079,ON
T_LDV_LTP_BEV300_N,2050,0.08891706,From MOVES5,2080,ON
T_LDV_LTP_BEV300_N,2050,0.077446759,From MOVES5,2081,ON
T_LDV_LTP_BEV300_N,2050,0.067378681,From MOVES5,2082,ON
T_LDV_LTP_BEV300_N,2050,0.058552073,From MOVES5,2083,ON
T_LDV_LTP_BEV300_N,2050,0.0508232,From MOVES5,2084,ON
T_LDV_LTP_BEV300_N,2050,0.044063714,From MOVES5,2085,ON
T_LDV_LTP_BEV300_N,2050,0.038159177,From MOVES5,2086,ON
T_LDV_LTP_BEV300_N,2050,0.033007688,From MOVES5,2087,ON
T_LDV_LTP_BEV300_N,2050,0.028518642,From MOVES5,2088,ON
T_LDV_LTP_BEV300_N,2050,0.024611588,From MOVES5,2089,ON
T_LDV_LTP_BEV300_N,2050,0.021215189,From MOVES5,2090,ON
T_LDV_LTP_BEV300_N,2050,0.018266278,From MOVES5,2091,ON
T_LDV_LTP_BEV300_N,2050,0,From MOVES5,2092,ON
T_LDV_LTP_BEV400_N,2025,1,From MOVES5,2025,ON
T_LDV_LTP_BEV400_N,2025,0.991,From MOVES5,2026,ON
T_LDV_LTP_BEV400_N,2025,0.982081,From MOVES5,2027,ON
T_LDV_LTP_BEV400_N,2025,0.973242271,From MOVES5,2028,ON
T_LDV_LTP_BEV400_N,2025,0.959616879,From MOVES5,2029,ON
T_LDV_LTP_BEV400_N,2025,0.941384159,From MOVES5,2030,ON
T_LDV_LTP_BEV400_N,2025,0.918790939,From MOVES5,2031,ON
T_LDV_LTP_BEV400_N,2025,0.891227211,From MOVES5,2032,ON
T_LDV_LTP_BEV400_N,2025,0.859143031,From MOVES5,2033,ON
T_LDV_LTP_BEV400_N,2025,0.823059024,From MOVES5,2034,ON
T_LDV_LTP_BEV400_N,2025,0.783552191,From MOVES5,2035,ON
T_LDV_LTP_BEV400_N,2025,0.741240372,From MOVES5,2036,ON
T_LDV_LTP_BEV400_N,2025,0.69676595,From MOVES5,2037,ON
T_LDV_LTP_BEV400_N,2025,0.651476163,From MOVES5,2038,ON
T_LDV_LTP_BEV400_N,2025,0.605221356,From MOVES5,2039,ON
T_LDV_LTP_BEV400_N,2025,0.552567098,From MOVES5,2040,ON
T_LDV_LTP_BEV400_N,2025,0.501730925,From MOVES5,2041,ON
T_LDV_LTP_BEV400_N,2025,0.453063025,From MOVES5,2042,ON
T_LDV_LTP_BEV400_N,2025,0.406850596,From MOVES5,2043,ON
T_LDV_LTP_BEV400_N,2025,0.363724433,From MOVES5,2044,ON
T_LDV_LTP_BEV400_N,2025,0.32407847,From MOVES5,2045,ON
T_LDV_LTP_BEV400_N,2025,0.287781681,From MOVES5,2046,ON
T_LDV_LTP_BEV400_N,2025,0.254686788,From MOVES5,2047,ON
T_LDV_LTP_BEV400_N,2025,0.224888434,From MOVES5,2048,ON
T_LDV_LTP_BEV400_N,2025,0.197901822,From MOVES5,2049,ON
T_LDV_LTP_BEV400_N,2025,0.173955701,From MOVES5,2050,ON
T_LDV_LTP_BEV400_N,2025,0.15255915,From MOVES5,2051,ON
T_LDV_LTP_BEV400_N,2025,0.133489256,From MOVES5,2052,ON
T_LDV_LTP_BEV400_N,2025,0.116803099,From MOVES5,2053,ON
T_LDV_LTP_BEV400_N,2025,0.101969106,From MOVES5,2054,ON
T_LDV_LTP_BEV400_N,2025,0.08891706,From MOVES5,2055,ON
T_LDV_LTP_BEV400_N,2025,0.077446759,From MOVES5,2056,ON
T_LDV_LTP_BEV400_N,2025,0.067378681,From MOVES5,2057,ON
T_LDV_LTP_BEV400_N,2025,0.058552073,From MOVES5,2058,ON
T_LDV_LTP_BEV400_N,2025,0.0508232,From MOVES5,2059,ON
T_LDV_LTP_BEV400_N,2025,0.044063714,From MOVES5,2060,ON
T_LDV_LTP_BEV400_N,2025,0.038159177,From MOVES5,2061,ON
T_LDV_LTP_BEV400_N,2025,0.033007688,From MOVES5,2062,ON
T_LDV_LTP_BEV400_N,2025,0.028518642,From MOVES5,2063,ON
T_LDV_LTP_BEV400_N,2025,0.024611588,From MOVES5,2064,ON
T_LDV_LTP_BEV400_N,2025,0.021215189,From MOVES5,2065,ON
T_LDV_LTP_BEV400_N,2025,0.018266278,From MOVES5,2066,ON
T_LDV_LTP_BEV400_N,2025,0,From MOVES5,2067,ON
T_LDV_LTP_BEV400_N,2030,1,From MOVES5,2030,ON
T_LDV_LTP_BEV400_N,2030,0.991,From MOVES5,2031,ON
T_LDV_LTP_BEV400_N,2030,0.982081,From MOVES5,2032,ON
T_LDV_LTP_BEV400_N,2030,0.973242271,From MOVES5,2033,ON
T_LDV_LTP_BEV400_N,2030,0.959616879,From MOVES5,2034,ON
T_LDV_LTP_BEV400_N,2030,0.941384159,From MOVES5,2035,ON
T_LDV_LTP_BEV400_N,2030,0.918790939,From MOVES5,2036,ON
T_LDV_LTP_BEV400_N,2030,0.891227211,From MOVES5,2037,ON
T_LDV_LTP_BEV400_N,2030,0.859143031,From MOVES5,2038,ON
T_LDV_LTP_BEV400_N,2030,0.823059024,From MOVES5,2039,ON
T_LDV_LTP_BEV400_N,2030,0.783552191,From MOVES5,2040,ON
T_LDV_LTP_BEV400_N,2030,0.741240372,From MOVES5,2041,ON
T_LDV_LTP_BEV400_N,2030,0.69676595,From MOVES5,2042,ON
T_LDV_LTP_BEV400_N,2030,0.651476163,From MOVES5,2043,ON
T_LDV_LTP_BEV400_N,2030,0.605221356,From MOVES5,2044,ON
T_LDV_LTP_BEV400_N,2030,0.552567098,From MOVES5,2045,ON
T_LDV_LTP_BEV400_N,2030,0.501730925,From MOVES5,2046,ON
T_LDV_LTP_BEV400_N,2030,0.453063025,From MOVES5,2047,ON
T_LDV_LTP_BEV400_N,2030,0.406850596,From MOVES5,2048,ON
T_LDV_LTP_BEV400_N,2030,0.363724433,From MOVES5,2049,ON
T_LDV_LTP_BEV400_N,2030,0.32407847,From MOVES5,2050,ON
T_LDV_LTP_BEV400_N,2030,0.287781681,From MOVES5,2051,ON
T_LDV_LTP_BEV400_N,2030,0.254686788,From MOVES5,2052,ON
T_LDV_LTP_BEV400_N,2030,0.224888434,From MOVES5,2053,ON
T_LDV_LTP_BEV400_N,2030,0.197901822,From MOVES5,2054,ON
T_LDV_LTP_BEV400_N,2030,0.173955701,From MOVES5,2055,ON
T_LDV_LTP_BEV400_N,2030,0.15255915,From MOVES5,2056,ON
T_LDV_LTP_BEV400_N,2030,0.133489256,From MOVES5,2057,ON
T_LDV_LTP_BEV400_N,2030,0.116803099,From MOVES5,2058,ON
T_LDV_LTP_BEV400_N,2030,0.101969106,From MOVES5,2059,ON
T_LDV_LTP_BEV400_N,2030,0.08891706,From MOVES5,2060,ON
T_LDV_LTP_BEV400_N,2030,0.077446759,From MOVES5,2061,ON
T_LDV_LTP_BEV400_N,2030,0.067378681,From MOVES5,2062,ON
T_LDV_LTP_BEV400_N,2030,0.058552073,From MOVES5,2063,ON
T_LDV_LTP_BEV400_N,2030,0.0508232,From MOVES5,2064,ON
T_LDV_LTP_BEV400_N,2030,0.044063714,From MOVES5,2065,ON
T_LDV_LTP_BEV400_N,2030,0.038159177,From MOVES5,2066,ON
T_LDV_LTP_BEV400_N,2030,0.033007688,From MOVES5,2067,ON
T_LDV_LTP_BEV400_N,2030,0.028518642,From MOVES5,2068,ON
T_LDV_LTP_BEV400_N,2030,0.024611588,From MOVES5,2069,ON
T_LDV_LTP_BEV400_N,2030,0.021215189,From MOVES5,2070,ON
T_LDV_LTP_BEV400_N,2030,0.018266278,From MOVES5,2071,ON
T_LDV_LTP_BEV400_N,2030,0,From MOVES5,2072,ON
T_LDV_LTP_BEV400_N,2035,1,From MOVES5,2035,ON
T_LDV_LTP_BEV400_N,2035,0.991,From MOVES5,2036,ON
T_LDV_LTP_BEV400_N,2035,0.982081,From MOVES5,2037,ON
T_LDV_LTP_BEV400_N,2035,0.973242271,From MOVES5,2038,ON
T_LDV_LTP_BEV400_N,2035,0.959616879,From MOVES5,2039,ON
T_LDV_LTP_BEV400_N,2035,0.941384159,From MOVES5,2040,ON
T_LDV_LTP_BEV400_N,2035,0.918790939,From MOVES5,2041,ON
T_LDV_LTP_BEV400_N,2035,0.891227211,From MOVES5,2042,ON
T_LDV_LTP_BEV400_N,2035,0.859143031,From MOVES5,2043,ON
T_LDV_LTP_BEV400_N,2035,0.823059024,From MOVES5,2044,ON
T_LDV_LTP_BEV400_N,2035,0.783552191,From MOVES5,2045,ON
T_LDV_LTP_BEV400_N,2035,0.741240372,From MOVES5,2046,ON
T_LDV_LTP_BEV400_N,2035,0.69676595,From MOVES5,2047,ON
T_LDV_LTP_BEV400_N,2035,0.651476163,From MOVES5,2048,ON
T_LDV_LTP_BEV400_N,2035,0.605221356,From MOVES5,2049,ON
T_LDV_LTP_BEV400_N,2035,0.552567098,From MOVES5,2050,ON
T_LDV_LTP_BEV400_N,2035,0.501730925,From MOVES5,2051,ON
T_LDV_LTP_BEV400_N,2035,0.453063025,From MOVES5,2052,ON
T_LDV_LTP_BEV400_N,2035,0.406850596,From MOVES5,2053,ON
T_LDV_LTP_BEV400_N,2035,0.363724433,From MOVES5,2054,ON
T_LDV_LTP_BEV400_N,2035,0.32407847,From MOVES5,2055,ON
T_LDV_LTP_BEV400_N,2035,0.287781681,From MOVES5,2056,ON
T_LDV_LTP_BEV400_N,2035,0.254686788,From MOVES5,2057,ON
T_LDV_LTP_BEV400_N,2035,0.224888434,From MOVES5,2058,ON
T_LDV_LTP_BEV400_N,2035,0.197901822,From MOVES5,2059,ON
T_LDV_LTP_BEV400_N,2035,0.173955701,From MOVES5,2060,ON
T_LDV_LTP_BEV400_N,2035,0.15255915,From MOVES5,2061,ON
T_LDV_LTP_BEV400_N,2035,0.133489256,From MOVES5,2062,ON
T_LDV_LTP_BEV400_N,2035,0.116803099,From MOVES5,2063,ON
T_LDV_LTP_BEV400_N,2035,0.101969106,From MOVES5,2064,ON
T_LDV_LTP_BEV400_N,2035,0.08891706,From MOVES5,2065,ON
T_LDV_LTP_BEV400_N,2035,0.077446759,From MOVES5,2066,ON
T_LDV_LTP_BEV400_N,2035,0.067378681,From MOVES5,2067,ON
T_LDV_LTP_BEV400_N,2035,0.058552073,From MOVES5,2068,ON
T_LDV_LTP_BEV400_N,2035,0.0508232,From MOVES5,2069,ON
T_LDV_LTP_BEV400_N,2035,0.044063714,From MOVES5,2070,ON
T_LDV_LTP_BEV400_N,2035,0.038159177,From MOVES5,2071,ON
T_LDV_LTP_BEV400_N,2035,0.033007688,From MOVES5,2072,ON
T_LDV_LTP_BEV400_N,2035,0.028518642,From MOVES5,2073,ON
T_LDV_LTP_BEV400_N,2035,0.024611588,From MOVES5,2074,ON
T_LDV_LTP_BEV400_N,2035,0.021215189,From MOVES5,2075,ON
T_LDV_LTP_BEV400_N,2035,0.018266278,From MOVES5,2076,ON
T_LDV_LTP_BEV400_N,2035,0,From MOVES5,2077,ON
T_LDV_LTP_BEV400_N,2040,1,From MOVES5,2040,ON
T_LDV_LTP_BEV400_N,2040,0.991,From MOVES5,2041,ON
T_LDV_LTP_BEV400_N,2040,0.982081,From MOVES5,2042,ON
T_LDV_LTP_BEV400_N,2040,0.973242271,From MOVES5,2043,ON
T_LDV_LTP_BEV400_N,2040,0.959616879,From MOVES5,2044,ON
T_LDV_LTP_BEV400_N,2040,0.941384159,From MOVES5,2045,ON
T_LDV_LTP_BEV400_N,2040,0.918790939,From MOVES5,2046,ON
T_LDV_LTP_BEV400_N,2040,0.891227211,From MOVES5,2047,ON
T_LDV_LTP_BEV400_N,2040,0.859143031,From MOVES5,2048,ON
T_LDV_LTP_BEV400_N,2040,0.823059024,From MOVES5,2049,ON
T_LDV_LTP_BEV400_N,2040,0.783552191,From MOVES5,2050,ON
T_LDV_LTP_BEV400_N,2040,0.741240372,From MOVES5,2051,ON
T_LDV_LTP_BEV400_N,2040,0.69676595,From MOVES5,2052,ON
T_LDV_LTP_BEV400_N,2040,0.651476163,From MOVES5,2053,ON
T_LDV_LTP_BEV400_N,2040,0.605221356,From MOVES5,2054,ON
T_LDV_LTP_BEV400_N,2040,0.552567098,From MOVES5,2055,ON
T_LDV_LTP_BEV400_N,2040,0.501730925,From MOVES5,2056,ON
T_LDV_LTP_BEV400_N,2040,0.453063025,From MOVES5,2057,ON
T_LDV_LTP_BEV400_N,2040,0.406850596,From MOVES5,2058,ON
T_LDV_LTP_BEV400_N,2040,0.363724433,From MOVES5,2059,ON
T_LDV_LTP_BEV400_N,2040,0.32407847,From MOVES5,2060,ON
T_LDV_LTP_BEV400_N,2040,0.287781681,From MOVES5,2061,ON
T_LDV_LTP_BEV400_N,2040,0.254686788,From MOVES5,2062,ON
T_LDV_LTP_BEV400_N,2040,0.224888434,From MOVES5,2063,ON
T_LDV_LTP_BEV400_N,2040,0.197901822,From MOVES5,2064,ON
T_LDV_LTP_BEV400_N,2040,0.173955701,From MOVES5,2065,ON
T_LDV_LTP_BEV400_N,2040,0.15255915,From MOVES5,2066,ON
T_LDV_LTP_BEV400_N,2040,0.133489256,From MOVES5,2067,ON
T_LDV_LTP_BEV400_N,2040,0.116803099,From MOVES5,2068,ON
T_LDV_LTP_BEV400_N,2040,0.101969106,From MOVES5,2069,ON
T_LDV_LTP_BEV400_N,2040,0.08891706,From MOVES5,2070,ON
T_LDV_LTP_BEV400_N,2040,0.077446759,From MOVES5,2071,ON
T_LDV_LTP_BEV400_N,2040,0.067378681,From MOVES5,2072,ON
T_LDV_LTP_BEV400_N,2040,0.058552073,From MOVES5,2073,ON
T_LDV_LTP_BEV400_N,2040,0.0508232,From MOVES5,2074,ON
T_LDV_LTP_BEV400_N,2040,0.044063714,From MOVES5,2075,ON
T_LDV_LTP_BEV400_N,2040,0.038159177,From MOVES5,2076,ON
T_LDV_LTP_BEV400_N,2040,0.033007688,From MOVES5,2077,ON
T_LDV_LTP_BEV400_N,2040,0.028518642,From MOVES5,2078,ON
T_LDV_LTP_BEV400_N,2040,0.024611588,From MOVES5,2079,ON
T_LDV_LTP_BEV400_N,2040,0.021215189,From MOVES5,2080,ON
T_LDV_LTP_BEV400_N,2040,0.018266278,From MOVES5,2081,ON
T_LDV_LTP_BEV400_N,2040,0,From MOVES5,2082,ON
T_LDV_LTP_BEV400_N,2045,1,From MOVES5,2045,ON
T_LDV_LTP_BEV400_N,2045,0.991,From MOVES5,2046,ON
T_LDV_LTP_BEV400_N,2045,0.982081,From MOVES5,2047,ON
T_LDV_LTP_BEV400_N,2045,0.973242271,From MOVES5,2048,ON
T_LDV_LTP_BEV400_N,2045,0.959616879,From MOVES5,2049,ON
T_LDV_LTP_BEV400_N,2045,0.941384159,From MOVES5,2050,ON
T_LDV_LTP_BEV400_N,2045,0.918790939,From MOVES5,2051,ON
T_LDV_LTP_BEV400_N,2045,0.891227211,From MOVES5,2052,ON
T_LDV_LTP_BEV400_N,2045,0.859143031,From MOVES5,2053,ON
T_LDV_LTP_BEV400_N,2045,0.823059024,From MOVES5,2054,ON
T_LDV_LTP_BEV400_N,2045,0.783552191,From MOVES5,2055,ON
T_LDV_LTP_BEV400_N,2045,0.741240372,From MOVES5,2056,ON
T_LDV_LTP_BEV400_N,2045,0.69676595,From MOVES5,2057,ON
T_LDV_LTP_BEV400_N,2045,0.651476163,From MOVES5,2058,ON
T_LDV_LTP_BEV400_N,2045,0.605221356,From MOVES5,2059,ON
T_LDV_LTP_BEV400_N,2045,0.552567098,From MOVES5,2060,ON
T_LDV_LTP_BEV400_N,2045,0.501730925,From MOVES5,2061,ON
T_LDV_LTP_BEV400_N,2045,0.453063025,From MOVES5,2062,ON
T_LDV_LTP_BEV400_N,2045,0.406850596,From MOVES5,2063,ON
T_LDV_LTP_BEV400_N,2045,0.363724433,From MOVES5,2064,ON
T_LDV_LTP_BEV400_N,2045,0.32407847,From MOVES5,2065,ON
T_LDV_LTP_BEV400_N,2045,0.287781681,From MOVES5,2066,ON
T_LDV_LTP_BEV400_N,2045,0.254686788,From MOVES5,2067,ON
T_LDV_LTP_BEV400_N,2045,0.224888434,From MOVES5,2068,ON
T_LDV_LTP_BEV400_N,2045,0.197901822,From MOVES5,2069,ON
T_LDV_LTP_BEV400_N,2045,0.173955701,From MOVES5,2070,ON
T_LDV_LTP_BEV400_N,2045,0.15255915,From MOVES5,2071,ON
T_LDV_LTP_BEV400_N,2045,0.133489256,From MOVES5,2072,ON
T_LDV_LTP_BEV400_N,2045,0.116803099,From MOVES5,2073,ON
T_LDV_LTP_BEV400_N,2045,0.101969106,From MOVES5,2074,ON
T_LDV_LTP_BEV400_N,2045,0.08891706,From MOVES5,2075,ON
T_LDV_LTP_BEV400_N,2045,0.077446759,From MOVES5,2076,ON
T_LDV_LTP_BEV400_N,2045,0.067378681,From MOVES5,2077,ON
T_LDV_LTP_BEV400_N,2045,0.058552073,From MOVES5,2078,ON
T_LDV_LTP_BEV400_N,2045,0.0508232,From MOVES5,2079,ON
T_LDV_LTP_BEV400_N,2045,0.044063714,From MOVES5,2080,ON
T_LDV_LTP_BEV400_N,2045,0.038159177,From MOVES5,2081,ON
T_LDV_LTP_BEV400_N,2045,0.033007688,From MOVES5,2082,ON
T_LDV_LTP_BEV400_N,2045,0.028518642,From MOVES5,2083,ON
T_LDV_LTP_BEV400_N,2045,0.024611588,From MOVES5,2084,ON
T_LDV_LTP_BEV400_N,2045,0.021215189,From MOVES5,2085,ON
T_LDV_LTP_BEV400_N,2045,0.018266278,From MOVES5,2086,ON
T_LDV_LTP_BEV400_N,2045,0,From MOVES5,2087,ON
T_LDV_LTP_BEV400_N,2050,1,From MOVES5,2050,ON
T_LDV_LTP_BEV400_N,2050,0.991,From MOVES5,2051,ON
T_LDV_LTP_BEV400_N,2050,0.982081,From MOVES5,2052,ON
T_LDV_LTP_BEV400_N,2050,0.973242271,From MOVES5,2053,ON
T_LDV_LTP_BEV400_N,2050,0.959616879,From MOVES5,2054,ON
T_LDV_LTP_BEV400_N,2050,0.941384159,From MOVES5,2055,ON
T_LDV_LTP_BEV400_N,2050,0.918790939,From MOVES5,2056,ON
T_LDV_LTP_BEV400_N,2050,0.891227211,From MOVES5,2057,ON
T_LDV_LTP_BEV400_N,2050,0.859143031,From MOVES5,2058,ON
T_LDV_LTP_BEV400_N,2050,0.823059024,From MOVES5,2059,ON
T_LDV_LTP_BEV400_N,2050,0.783552191,From MOVES5,2060,ON
T_LDV_LTP_BEV400_N,2050,0.741240372,From MOVES5,2061,ON
T_LDV_LTP_BEV400_N,2050,0.69676595,From MOVES5,2062,ON
T_LDV_LTP_BEV400_N,2050,0.651476163,From MOVES5,2063,ON
T_LDV_LTP_BEV400_N,2050,0.605221356,From MOVES5,2064,ON
T_LDV_LTP_BEV400_N,2050,0.552567098,From MOVES5,2065,ON
T_LDV_LTP_BEV400_N,2050,0.501730925,From MOVES5,2066,ON
T_LDV_LTP_BEV400_N,2050,0.453063025,From MOVES5,2067,ON
T_LDV_LTP_BEV400_N,2050,0.406850596,From MOVES5,2068,ON
T_LDV_LTP_BEV400_N,2050,0.363724433,From MOVES5,2069,ON
T_LDV_LTP_BEV400_N,2050,0.32407847,From MOVES5,2070,ON
T_LDV_LTP_BEV400_N,2050,0.287781681,From MOVES5,2071,ON
T_LDV_LTP_BEV400_N,2050,0.254686788,From MOVES5,2072,ON
T_LDV_LTP_BEV400_N,2050,0.224888434,From MOVES5,2073,ON
T_LDV_LTP_BEV400_N,2050,0.197901822,From MOVES5,2074,ON
T_LDV_LTP_BEV400_N,2050,0.173955701,From MOVES5,2075,ON
T_LDV_LTP_BEV400_N,2050,0.15255915,From MOVES5,2076,ON
T_LDV_LTP_BEV400_N,2050,0.133489256,From MOVES5,2077,ON
T_LDV_LTP_BEV400_N,2050,0.116803099,From MOVES5,2078,ON
T_LDV_LTP_BEV400_N,2050,0.101969106,From MOVES5,2079,ON
T_LDV_LTP_BEV400_N,2050,0.08891706,From MOVES5,2080,ON
T_LDV_LTP_BEV400_N,2050,0.077446759,From MOVES5,2081,ON
T_LDV_LTP_BEV400_N,2050,0.067378681,From MOVES5,2082,ON
T_LDV_LTP_BEV400_N,2050,0.058552073,From MOVES5,2083,ON
T_LDV_LTP_BEV400_N,2050,0.0508232,From MOVES5,2084,ON
T_LDV_LTP_BEV400_N,2050,0.044063714,From MOVES5,2085,ON
T_LDV_LTP_BEV400_N,2050,0.038159177,From MOVES5,2086,ON
T_LDV_LTP_BEV400_N,2050,0.033007688,From MOVES5,2087,ON
T_LDV_LTP_BEV400_N,2050,0.028518642,From MOVES5,2088,ON
T_LDV_LTP_BEV400_N,2050,0.024611588,From MOVES5,2089,ON
T_LDV_LTP_BEV400_N,2050,0.021215189,From MOVES5,2090,ON
T_LDV_LTP_BEV400_N,2050,0.018266278,From MOVES5,2091,ON
T_LDV_LTP_BEV400_N,2050,0,From MOVES5,2092,ON
T_LDV_LTP_CNG_N,2025,1,From MOVES5,2025,ON
T_LDV_LTP_CNG_N,2025,0.991,From MOVES5,2026,ON
T_LDV_LTP_CNG_N,2025,0.982081,From MOVES5,2027,ON
T_LDV_LTP_CNG_N,2025,0.973242271,From MOVES5,2028,ON
T_LDV_LTP_CNG_N,2025,0.959616879,From MOVES5,2029,ON
T_LDV_LTP_CNG_N,2025,0.941384159,From MOVES5,2030,ON
T_LDV_LTP_CNG_N,2025,0.918790939,From MOVES5,2031,ON
T_LDV_LTP_CNG_N,2025,0.891227211,From MOVES5,2032,ON
T_LDV_LTP_CNG_N,2025,0.859143031,From MOVES5,2033,ON
T_LDV_LTP_CNG_N,2025,0.823059024,From MOVES5,2034,ON
T_LDV_LTP_CNG_N,2025,0.783552191,From MOVES5,2035,ON
T_LDV_LTP_CNG_N,2025,0.741240372,From MOVES5,2036,ON
T_LDV_LTP_CNG_N,2025,0.69676595,From MOVES5,2037,ON
T_LDV_LTP_CNG_N,2025,0.651476163,From MOVES5,2038,ON
T_LDV_LTP_CNG_N,2025,0.605221356,From MOVES5,2039,ON
T_LDV_LTP_CNG_N,2025,0.552567098,From MOVES5,2040,ON
T_LDV_LTP_CNG_N,2025,0.501730925,From MOVES5,2041,ON
T_LDV_LTP_CNG_N,2025,0.453063025,From MOVES5,2042,ON
T_LDV_LTP_CNG_N,2025,0.406850596,From MOVES5,2043,ON
T_LDV_LTP_CNG_N,2025,0.363724433,From MOVES5,2044,ON
T_LDV_LTP_CNG_N,2025,0.32407847,From MOVES5,2045,ON
T_LDV_LTP_CNG_N,2025,0.287781681,From MOVES5,2046,ON
T_LDV_LTP_CNG_N,2025,0.254686788,From MOVES5,2047,ON
T_LDV_LTP_CNG_N,2025,0.224888434,From MOVES5,2048,ON
T_LDV_LTP_CNG_N,2025,0.197901822,From MOVES5,2049,ON
T_LDV_LTP_CNG_N,2025,0.173955701,From MOVES5,2050,ON
T_LDV_LTP_CNG_N,2025,0.15255915,From MOVES5,2051,ON
T_LDV_LTP_CNG_N,2025,0.133489256,From MOVES5,2052,ON
T_LDV_LTP_CNG_N,2025,0.116803099,From MOVES5,2053,ON
T_LDV_LTP_CNG_N,2025,0.101969106,From MOVES5,2054,ON
T_LDV_LTP_CNG_N,2025,0.08891706,From MOVES5,2055,ON
T_LDV_LTP_CNG_N,2025,0.077446759,From MOVES5,2056,ON
T_LDV_LTP_CNG_N,2025,0.067378681,From MOVES5,2057,ON
T_LDV_LTP_CNG_N,2025,0.058552073,From MOVES5,2058,ON
T_LDV_LTP_CNG_N,2025,0.0508232,From MOVES5,2059,ON
T_LDV_LTP_CNG_N,2025,0.044063714,From MOVES5,2060,ON
T_LDV_LTP_CNG_N,2025,0.038159177,From MOVES5,2061,ON
T_LDV_LTP_CNG_N,2025,0.033007688,From MOVES5,2062,ON
T_LDV_LTP_CNG_N,2025,0.028518642,From MOVES5,2063,ON
T_LDV_LTP_CNG_N,2025,0.024611588,From MOVES5,2064,ON
T_LDV_LTP_CNG_N,2025,0.021215189,From MOVES5,2065,ON
T_LDV_LTP_CNG_N,2025,0.018266278,From MOVES5,2066,ON
T_LDV_LTP_CNG_N,2025,0,From MOVES5,2067,ON
T_LDV_LTP_CNG_N,2030,1,From MOVES5,2030,ON
T_LDV_LTP_CNG_N,2030,0.991,From MOVES5,2031,ON
T_LDV_LTP_CNG_N,2030,0.982081,From MOVES5,2032,ON
T_LDV_LTP_CNG_N,2030,0.973242271,From MOVES5,2033,ON
T_LDV_LTP_CNG_N,2030,0.959616879,From MOVES5,2034,ON
T_LDV_LTP_CNG_N,2030,0.941384159,From MOVES5,2035,ON
T_LDV_LTP_CNG_N,2030,0.918790939,From MOVES5,2036,ON
T_LDV_LTP_CNG_N,2030,0.891227211,From MOVES5,2037,ON
T_LDV_LTP_CNG_N,2030,0.859143031,From MOVES5,2038,ON
T_LDV_LTP_CNG_N,2030,0.823059024,From MOVES5,2039,ON
T_LDV_LTP_CNG_N,2030,0.783552191,From MOVES5,2040,ON
T_LDV_LTP_CNG_N,2030,0.741240372,From MOVES5,2041,ON
T_LDV_LTP_CNG_N,2030,0.69676595,From MOVES5,2042,ON
T_LDV_LTP_CNG_N,2030,0.651476163,From MOVES5,2043,ON
T_LDV_LTP_CNG_N,2030,0.605221356,From MOVES5,2044,ON
T_LDV_LTP_CNG_N,2030,0.552567098,From MOVES5,2045,ON
T_LDV_LTP_CNG_N,2030,0.501730925,From MOVES5,2046,ON
T_LDV_LTP_CNG_N,2030,0.453063025,From MOVES5,2047,ON
T_LDV_LTP_CNG_N,2030,0.406850596,From MOVES5,2048,ON
T_LDV_LTP_CNG_N,2030,0.363724433,From MOVES5,2049,ON
T_LDV_LTP_CNG_N,2030,0.32407847,From MOVES5,2050,ON
T_LDV_LTP_CNG_N,2030,0.287781681,From MOVES5,2051,ON
T_LDV_LTP_CNG_N,2030,0.254686788,From MOVES5,2052,ON
T_LDV_LTP_CNG_N,2030,0.224888434,From MOVES5,2053,ON
T_LDV_LTP_CNG_N,2030,0.197901822,From MOVES5,2054,ON
T_LDV_LTP_CNG_N,2030,0.173955701,From MOVES5,2055,ON
T_LDV_LTP_CNG_N,2030,0.15255915,From MOVES5,2056,ON
T_LDV_LTP_CNG_N,2030,0.133489256,From MOVES5,2057,ON
T_LDV_LTP_CNG_N,2030,0.116803099,From MOVES5,2058,ON
T_LDV_LTP_CNG_N,2030,0.101969106,From MOVES5,2059,ON
T_LDV_LTP_CNG_N,2030,0.08891706,From MOVES5,2060,ON
T_LDV_LTP_CNG_N,2030,0.077446759,From MOVES5,2061,ON
T_LDV_LTP_CNG_N,2030,0.067378681,From MOVES5,2062,ON
T_LDV_LTP_CNG_N,2030,0.058552073,From MOVES5,2063,ON
T_LDV_LTP_CNG_N,2030,0.0508232,From MOVES5,2064,ON
T_LDV_LTP_CNG_N,2030,0.044063714,From MOVES5,2065,ON
T_LDV_LTP_CNG_N,2030,0.038159177,From MOVES5,2066,ON
T_LDV_LTP_CNG_N,2030,0.033007688,From MOVES5,2067,ON
T_LDV_LTP_CNG_N,2030,0.028518642,From MOVES5,2068,ON
T_LDV_LTP_CNG_N,2030,0.024611588,From MOVES5,2069,ON
T_LDV_LTP_CNG_N,2030,0.021215189,From MOVES5,2070,ON
T_LDV_LTP_CNG_N,2030,0.018266278,From MOVES5,2071,ON
T_LDV_LTP_CNG_N,2030,0,From MOVES5,2072,ON
T_LDV_LTP_CNG_N,2035,1,From MOVES5,2035,ON
T_LDV_LTP_CNG_N,2035,0.991,From MOVES5,2036,ON
T_LDV_LTP_CNG_N,2035,0.982081,From MOVES5,2037,ON
T_LDV_LTP_CNG_N,2035,0.973242271,From MOVES5,2038,ON
T_LDV_LTP_CNG_N,2035,0.959616879,From MOVES5,2039,ON
T_LDV_LTP_CNG_N,2035,0.941384159,From MOVES5,2040,ON
T_LDV_LTP_CNG_N,2035,0.918790939,From MOVES5,2041,ON
T_LDV_LTP_CNG_N,2035,0.891227211,From MOVES5,2042,ON
T_LDV_LTP_CNG_N,2035,0.859143031,From MOVES5,2043,ON
T_LDV_LTP_CNG_N,2035,0.823059024,From MOVES5,2044,ON
T_LDV_LTP_CNG_N,2035,0.783552191,From MOVES5,2045,ON
T_LDV_LTP_CNG_N,2035,0.741240372,From MOVES5,2046,ON
T_LDV_LTP_CNG_N,2035,0.69676595,From MOVES5,2047,ON
T_LDV_LTP_CNG_N,2035,0.651476163,From MOVES5,2048,ON
T_LDV_LTP_CNG_N,2035,0.605221356,From MOVES5,2049,ON
T_LDV_LTP_CNG_N,2035,0.552567098,From MOVES5,2050,ON
T_LDV_LTP_CNG_N,2035,0.501730925,From MOVES5,2051,ON
T_LDV_LTP_CNG_N,2035,0.453063025,From MOVES5,2052,ON
T_LDV_LTP_CNG_N,2035,0.406850596,From MOVES5,2053,ON
T_LDV_LTP_CNG_N,2035,0.363724433,From MOVES5,2054,ON
T_LDV_LTP_CNG_N,2035,0.32407847,From MOVES5,2055,ON
T_LDV_LTP_CNG_N,2035,0.287781681,From MOVES5,2056,ON
T_LDV_LTP_CNG_N,2035,0.254686788,From MOVES5,2057,ON
T_LDV_LTP_CNG_N,2035,0.224888434,From MOVES5,2058,ON
T_LDV_LTP_CNG_N,2035,0.197901822,From MOVES5,2059,ON
T_LDV_LTP_CNG_N,2035,0.173955701,From MOVES5,2060,ON
T_LDV_LTP_CNG_N,2035,0.15255915,From MOVES5,2061,ON
T_LDV_LTP_CNG_N,2035,0.133489256,From MOVES5,2062,ON
T_LDV_LTP_CNG_N,2035,0.116803099,From MOVES5,2063,ON
T_LDV_LTP_CNG_N,2035,0.101969106,From MOVES5,2064,ON
T_LDV_LTP_CNG_N,2035,0.08891706,From MOVES5,2065,ON
T_LDV_LTP_CNG_N,2035,0.077446759,From MOVES5,2066,ON
T_LDV_LTP_CNG_N,2035,0.067378681,From MOVES5,2067,ON
T_LDV_LTP_CNG_N,2035,0.058552073,From MOVES5,2068,ON
T_LDV_LTP_CNG_N,2035,0.0508232,From MOVES5,2069,ON
T_LDV_LTP_CNG_N,2035,0.044063714,From MOVES5,2070,ON
T_LDV_LTP_CNG_N,2035,0.038159177,From MOVES5,2071,ON
T_LDV_LTP_CNG_N,2035,0.033007688,From MOVES5,2072,ON
T_LDV_LTP_CNG_N,2035,0.028518642,From MOVES5,2073,ON
T_LDV_LTP_CNG_N,2035,0.024611588,From MOVES5,2074,ON
T_LDV_LTP_CNG_N,2035,0.021215189,From MOVES5,2075,ON
T_LDV_LTP_CNG_N,2035,0.018266278,From MOVES5,2076,ON
T_LDV_LTP_CNG_N,2035,0,From MOVES5,2077,ON
T_LDV_LTP_CNG_N,2040,1,From MOVES5,2040,ON
T_LDV_LTP_CNG_N,2040,0.991,From MOVES5,2041,ON
T_LDV_LTP_CNG_N,2040,0.982081,From MOVES5,2042,ON
T_LDV_LTP_CNG_N,2040,0.973242271,From MOVES5,2043,ON
T_LDV_LTP_CNG_N,2040,0.959616879,From MOVES5,2044,ON
T_LDV_LTP_CNG_N,2040,0.941384159,From MOVES5,2045,ON
T_LDV_LTP_CNG_N,2040,0.918790939,From MOVES5,2046,ON
T_LDV_LTP_CNG_N,2040,0.891227211,From MOVES5,2047,ON
T_LDV_LTP_CNG_N,2040,0.859143031,From MOVES5,2048,ON
T_LDV_LTP_CNG_N,2040,0.823059024,From MOVES5,2049,ON
T_LDV_LTP_CNG_N,2040,0.783552191,From MOVES5,2050,ON
T_LDV_LTP_CNG_N,2040,0.741240372,From MOVES5,2051,ON
T_LDV_LTP_CNG_N,2040,0.69676595,From MOVES5,2052,ON
T_LDV_LTP_CNG_N,2040,0.651476163,From MOVES5,2053,ON
T_LDV_LTP_CNG_N,2040,0.605221356,From MOVES5,2054,ON
T_LDV_LTP_CNG_N,2040,0.552567098,From MOVES5,2055,ON
T_LDV_LTP_CNG_N,2040,0.501730925,From MOVES5,2056,ON
T_LDV_LTP_CNG_N,2040,0.453063025,From MOVES5,2057,ON
T_LDV_LTP_CNG_N,2040,0.406850596,From MOVES5,2058,ON
T_LDV_LTP_CNG_N,2040,0.363724433,From MOVES5,2059,ON
T_LDV_LTP_CNG_N,2040,0.32407847,From MOVES5,2060,ON
T_LDV_LTP_CNG_N,2040,0.287781681,From MOVES5,2061,ON
T_LDV_LTP_CNG_N,2040,0.254686788,From MOVES5,2062,ON
T_LDV_LTP_CNG_N,2040,0.224888434,From MOVES5,2063,ON
T_LDV_LTP_CNG_N,2040,0.197901822,From MOVES5,2064,ON
T_LDV_LTP_CNG_N,2040,0.173955701,From MOVES5,2065,ON
T_LDV_LTP_CNG_N,2040,0.15255915,From MOVES5,2066,ON
T_LDV_LTP_CNG_N,2040,0.133489256,From MOVES5,2067,ON
T_LDV_LTP_CNG_N,2040,0.116803099,From MOVES5,2068,ON
T_LDV_LTP_CNG_N,2040,0.101969106,From MOVES5,2069,ON
T_LDV_LTP_CNG_N,2040,0.08891706,From MOVES5,2070,ON
T_LDV_LTP_CNG_N,2040,0.077446759,From MOVES5,2071,ON
T_LDV_LTP_CNG_N,2040,0.067378681,From MOVES5,2072,ON
T_LDV_LTP_CNG_N,2040,0.058552073,From MOVES5,2073,ON
T_LDV_LTP_CNG_N,2040,0.0508232,From MOVES5,2074,ON
T_LDV_LTP_CNG_N,2040,0.044063714,From MOVES5,2075,ON
T_LDV_LTP_CNG_N,2040,0.038159177,From MOVES5,2076,ON
T_LDV_LTP_CNG_N,2040,0.033007688,From MOVES5,2077,ON
T_LDV_LTP_CNG_N,2040,0.028518642,From MOVES5,2078,ON
T_LDV_LTP_CNG_N,2040,0.024611588,From MOVES5,2079,ON
T_LDV_LTP_CNG_N,2040,0.021215189,From MOVES5,2080,ON
T_LDV_LTP_CNG_N,2040,0.018266278,From MOVES5,2081,ON
T_LDV_LTP_CNG_N,2040,0,From MOVES5,2082,ON
T_LDV_LTP_CNG_N,2045,1,From MOVES5,2045,ON
T_LDV_LTP_CNG_N,2045,0.991,From MOVES5,2046,ON
T_LDV_LTP_CNG_N,2045,0.982081,From MOVES5,2047,ON
T_LDV_LTP_CNG_N,2045,0.973242271,From MOVES5,2048,ON
T_LDV_LTP_CNG_N,2045,0.959616879,From MOVES5,2049,ON
T_LDV_LTP_CNG_N,2045,0.941384159,From MOVES5,2050,ON
T_LDV_LTP_CNG_N,2045,0.918790939,From MOVES5,2051,ON
T_LDV_LTP_CNG_N,2045,0.891227211,From MOVES5,2052,ON
T_LDV_LTP_CNG_N,2045,0.859143031,From MOVES5,2053,ON
T_LDV_LTP_CNG_N,2045,0.823059024,From MOVES5,2054,ON
T_LDV_LTP_CNG_N,2045,0.783552191,From MOVES5,2055,ON
T_LDV_LTP_CNG_N,2045,0.741240372,From MOVES5,2056,ON
T_LDV_LTP_CNG_N,2045,0.69676595,From MOVES5,2057,ON
T_LDV_LTP_CNG_N,2045,0.651476163,From MOVES5,2058,ON
T_LDV_LTP_CNG_N,2045,0.605221356,From MOVES5,2059,ON
T_LDV_LTP_CNG_N,2045,0.552567098,From MOVES5,2060,ON
T_LDV_LTP_CNG_N,2045,0.501730925,From MOVES5,2061,ON
T_LDV_LTP_CNG_N,2045,0.453063025,From MOVES5,2062,ON
T_LDV_LTP_CNG_N,2045,0.406850596,From MOVES5,2063,ON
T_LDV_LTP_CNG_N,2045,0.363724433,From MOVES5,2064,ON
T_LDV_LTP_CNG_N,2045,0.32407847,From MOVES5,2065,ON
T_LDV_LTP_CNG_N,2045,0.287781681,From MOVES5,2066,ON
T_LDV_LTP_CNG_N,2045,0.254686788,From MOVES5,2067,ON
T_LDV_LTP_CNG_N,2045,0.224888434,From MOVES5,2068,ON
T_LDV_LTP_CNG_N,2045,0.197901822,From MOVES5,2069,ON
T_LDV_LTP_CNG_N,2045,0.173955701,From MOVES5,2070,ON
T_LDV_LTP_CNG_N,2045,0.15255915,From MOVES5,2071,ON
T_LDV_LTP_CNG_N,2045,0.133489256,From MOVES5,2072,ON
T_LDV_LTP_CNG_N,2045,0.116803099,From MOVES5,2073,ON
T_LDV_LTP_CNG_N,2045,0.101969106,From MOVES5,2074,ON
T_LDV_LTP_CNG_N,2045,0.08891706,From MOVES5,2075,ON
T_LDV_LTP_CNG_N,2045,0.077446759,From MOVES5,2076,ON
T_LDV_LTP_CNG_N,2045,0.067378681,From MOVES5,2077,ON
T_LDV_LTP_CNG_N,2045,0.058552073,From MOVES5,2078,ON
T_LDV_LTP_CNG_N,2045,0.0508232,From MOVES5,2079,ON
T_LDV_LTP_CNG_N,2045,0.044063714,From MOVES5,2080,ON
T_LDV_LTP_CNG_N,2045,0.038159177,From MOVES5,2081,ON
T_LDV_LTP_CNG_N,2045,0.033007688,From MOVES5,2082,ON
T_LDV_LTP_CNG_N,2045,0.028518642,From MOVES5,2083,ON
T_LDV_LTP_CNG_N,2045,0.024611588,From MOVES5,2084,ON
T_LDV_LTP_CNG_N,2045,0.021215189,From MOVES5,2085,ON
T_LDV_LTP_CNG_N,2045,0.018266278,From MOVES5,2086,ON
T_LDV_LTP_CNG_N,2045,0,From MOVES5,2087,ON
T_LDV_LTP_CNG_N,2050,1,From MOVES5,2050,ON
T_LDV_LTP_CNG_N,2050,0.991,From MOVES5,2051,ON
T_LDV_LTP_CNG_N,2050,0.982081,From MOVES5,2052,ON
T_LDV_LTP_CNG_N,2050,0.973242271,From MOVES5,2053,ON
T_LDV_LTP_CNG_N,2050,0.959616879,From MOVES5,2054,ON
T_LDV_LTP_CNG_N,2050,0.941384159,From MOVES5,2055,ON
T_LDV_LTP_CNG_N,2050,0.918790939,From MOVES5,2056,ON
T_LDV_LTP_CNG_N,2050,0.891227211,From MOVES5,2057,ON
T_LDV_LTP_CNG_N,2050,0.859143031,From MOVES5,2058,ON
T_LDV_LTP_CNG_N,2050,0.823059024,From MOVES5,2059,ON
T_LDV_LTP_CNG_N,2050,0.783552191,From MOVES5,2060,ON
T_LDV_LTP_CNG_N,2050,0.741240372,From MOVES5,2061,ON
T_LDV_LTP_CNG_N,2050,0.69676595,From MOVES5,2062,ON
T_LDV_LTP_CNG_N,2050,0.651476163,From MOVES5,2063,ON
T_LDV_LTP_CNG_N,2050,0.605221356,From MOVES5,2064,ON
T_LDV_LTP_CNG_N,2050,0.552567098,From MOVES5,2065,ON
T_LDV_LTP_CNG_N,2050,0.501730925,From MOVES5,2066,ON
T_LDV_LTP_CNG_N,2050,0.453063025,From MOVES5,2067,ON
T_LDV_LTP_CNG_N,2050,0.406850596,From MOVES5,2068,ON
T_LDV_LTP_CNG_N,2050,0.363724433,From MOVES5,2069,ON
T_LDV_LTP_CNG_N,2050,0.32407847,From MOVES5,2070,ON
T_LDV_LTP_CNG_N,2050,0.287781681,From MOVES5,2071,ON
T_LDV_LTP_CNG_N,2050,0.254686788,From MOVES5,2072,ON
T_LDV_LTP_CNG_N,2050,0.224888434,From MOVES5,2073,ON
T_LDV_LTP_CNG_N,2050,0.197901822,From MOVES5,2074,ON
T_LDV_LTP_CNG_N,2050,0.173955701,From MOVES5,2075,ON
T_LDV_LTP_CNG_N,2050,0.15255915,From MOVES5,2076,ON
T_LDV_LTP_CNG_N,2050,0.133489256,From MOVES5,2077,ON
T_LDV_LTP_CNG_N,2050,0.116803099,From MOVES5,2078,ON
T_LDV_LTP_CNG_N,2050,0.101969106,From MOVES5,2079,ON
T_LDV_LTP_CNG_N,2050,0.08891706,From MOVES5,2080,ON
T_LDV_LTP_CNG_N,2050,0.077446759,From MOVES5,2081,ON
T_LDV_LTP_CNG_N,2050,0.067378681,From MOVES5,2082,ON
T_LDV_LTP_CNG_N,2050,0.058552073,From MOVES5,2083,ON
T_LDV_LTP_CNG_N,2050,0.0508232,From MOVES5,2084,ON
T_LDV_LTP_CNG_N,2050,0.044063714,From MOVES5,2085,ON
T_LDV_LTP_CNG_N,2050,0.038159177,From MOVES5,2086,ON
T_LDV_LTP_CNG_N,2050,0.033007688,From MOVES5,2087,ON
T_LDV_LTP_CNG_N,2050,0.028518642,From MOVES5,2088,ON
T_LDV_LTP_CNG_N,2050,0.024611588,From MOVES5,2089,ON
T_LDV_LTP_CNG_N,2050,0.021215189,From MOVES5,2090,ON
T_LDV_LTP_CNG_N,2050,0.018266278,From MOVES5,2091,ON
T_LDV_LTP_CNG_N,2050,0,From MOVES5,2092,ON
T_LDV_LTP_DSL_EX,2010,1,From MOVES5,2010,ON
T_LDV_LTP_DSL_EX,2010,0.991,From MOVES5,2011,ON
T_LDV_LTP_DSL_EX,2010,0.982081,From MOVES5,2012,ON
T_LDV_LTP_DSL_EX,2010,0.973242271,From MOVES5,2013,ON
T_LDV_LTP_DSL_EX,2010,0.959616879,From MOVES5,2014,ON
T_LDV_LTP_DSL_EX,2010,0.941384159,From MOVES5,2015,ON
T_LDV_LTP_DSL_EX,2010,0.918790939,From MOVES5,2016,ON
T_LDV_LTP_DSL_EX,2010,0.891227211,From MOVES5,2017,ON
T_LDV_LTP_DSL_EX,2010,0.859143031,From MOVES5,2018,ON
T_LDV_LTP_DSL_EX,2010,0.823059024,From MOVES5,2019,ON
T_LDV_LTP_DSL_EX,2010,0.783552191,From MOVES5,2020,ON
T_LDV_LTP_DSL_EX,2010,0.741240372,From MOVES5,2021,ON
T_LDV_LTP_DSL_EX,2010,0.69676595,From MOVES5,2022,ON
T_LDV_LTP_DSL_EX,2010,0.651476163,From MOVES5,2023,ON
T_LDV_LTP_DSL_EX,2010,0.605221356,From MOVES5,2024,ON
T_LDV_LTP_DSL_EX,2010,0.552567098,From MOVES5,2025,ON
T_LDV_LTP_DSL_EX,2010,0.501730925,From MOVES5,2026,ON
T_LDV_LTP_DSL_EX,2010,0.453063025,From MOVES5,2027,ON
T_LDV_LTP_DSL_EX,2010,0.406850596,From MOVES5,2028,ON
T_LDV_LTP_DSL_EX,2010,0.363724433,From MOVES5,2029,ON
T_LDV_LTP_DSL_EX,2010,0.32407847,From MOVES5,2030,ON
T_LDV_LTP_DSL_EX,2010,0.287781681,From MOVES5,2031,ON
T_LDV_LTP_DSL_EX,2010,0.254686788,From MOVES5,2032,ON
T_LDV_LTP_DSL_EX,2010,0.224888434,From MOVES5,2033,ON
T_LDV_LTP_DSL_EX,2010,0.197901822,From MOVES5,2034,ON
T_LDV_LTP_DSL_EX,2010,0.173955701,From MOVES5,2035,ON
T_LDV_LTP_DSL_EX,2010,0.15255915,From MOVES5,2036,ON
T_LDV_LTP_DSL_EX,2010,0.133489256,From MOVES5,2037,ON
T_LDV_LTP_DSL_EX,2010,0.116803099,From MOVES5,2038,ON
T_LDV_LTP_DSL_EX,2010,0.101969106,From MOVES5,2039,ON
T_LDV_LTP_DSL_EX,2010,0.08891706,From MOVES5,2040,ON
T_LDV_LTP_DSL_EX,2010,0.077446759,From MOVES5,2041,ON
T_LDV_LTP_DSL_EX,2010,0.067378681,From MOVES5,2042,ON
T_LDV_LTP_DSL_EX,2010,0.058552073,From MOVES5,2043,ON
T_LDV_LTP_DSL_EX,2010,0.0508232,From MOVES5,2044,ON
T_LDV_LTP_DSL_EX,2010,0.044063714,From MOVES5,2045,ON
T_LDV_LTP_DSL_EX,2010,0.038159177,From MOVES5,2046,ON
T_LDV_LTP_DSL_EX,2010,0.033007688,From MOVES5,2047,ON
T_LDV_LTP_DSL_EX,2010,0.028518642,From MOVES5,2048,ON
T_LDV_LTP_DSL_EX,2010,0.024611588,From MOVES5,2049,ON
T_LDV_LTP_DSL_EX,2010,0.021215189,From MOVES5,2050,ON
T_LDV_LTP_DSL_EX,2010,0.018266278,From MOVES5,2051,ON
T_LDV_LTP_DSL_EX,2010,0,From MOVES5,2052,ON
T_LDV_LTP_DSL_EX,2015,1,From MOVES5,2015,ON
T_LDV_LTP_DSL_EX,2015,0.991,From MOVES5,2016,ON
T_LDV_LTP_DSL_EX,2015,0.982081,From MOVES5,2017,ON
T_LDV_LTP_DSL_EX,2015,0.973242271,From MOVES5,2018,ON
T_LDV_LTP_DSL_EX,2015,0.959616879,From MOVES5,2019,ON
T_LDV_LTP_DSL_EX,2015,0.941384159,From MOVES5,2020,ON
T_LDV_LTP_DSL_EX,2015,0.918790939,From MOVES5,2021,ON
T_LDV_LTP_DSL_EX,2015,0.891227211,From MOVES5,2022,ON
T_LDV_LTP_DSL_EX,2015,0.859143031,From MOVES5,2023,ON
T_LDV_LTP_DSL_EX,2015,0.823059024,From MOVES5,2024,ON
T_LDV_LTP_DSL_EX,2015,0.783552191,From MOVES5,2025,ON
T_LDV_LTP_DSL_EX,2015,0.741240372,From MOVES5,2026,ON
T_LDV_LTP_DSL_EX,2015,0.69676595,From MOVES5,2027,ON
T_LDV_LTP_DSL_EX,2015,0.651476163,From MOVES5,2028,ON
T_LDV_LTP_DSL_EX,2015,0.605221356,From MOVES5,2029,ON
T_LDV_LTP_DSL_EX,2015,0.552567098,From MOVES5,2030,ON
T_LDV_LTP_DSL_EX,2015,0.501730925,From MOVES5,2031,ON
T_LDV_LTP_DSL_EX,2015,0.453063025,From MOVES5,2032,ON
T_LDV_LTP_DSL_EX,2015,0.406850596,From MOVES5,2033,ON
T_LDV_LTP_DSL_EX,2015,0.363724433,From MOVES5,2034,ON
T_LDV_LTP_DSL_EX,2015,0.32407847,From MOVES5,2035,ON
T_LDV_LTP_DSL_EX,2015,0.287781681,From MOVES5,2036,ON
T_LDV_LTP_DSL_EX,2015,0.254686788,From MOVES5,2037,ON
T_LDV_LTP_DSL_EX,2015,0.224888434,From MOVES5,2038,ON
T_LDV_LTP_DSL_EX,2015,0.197901822,From MOVES5,2039,ON
T_LDV_LTP_DSL_EX,2015,0.173955701,From MOVES5,2040,ON
T_LDV_LTP_DSL_EX,2015,0.15255915,From MOVES5,2041,ON
T_LDV_LTP_DSL_EX,2015,0.133489256,From MOVES5,2042,ON
T_LDV_LTP_DSL_EX,2015,0.116803099,From MOVES5,2043,ON
T_LDV_LTP_DSL_EX,2015,0.101969106,From MOVES5,2044,ON
T_LDV_LTP_DSL_EX,2015,0.08891706,From MOVES5,2045,ON
T_LDV_LTP_DSL_EX,2015,0.077446759,From MOVES5,2046,ON
T_LDV_LTP_DSL_EX,2015,0.067378681,From MOVES5,2047,ON
T_LDV_LTP_DSL_EX,2015,0.058552073,From MOVES5,2048,ON
T_LDV_LTP_DSL_EX,2015,0.0508232,From MOVES5,2049,ON
T_LDV_LTP_DSL_EX,2015,0.044063714,From MOVES5,2050,ON
T_LDV_LTP_DSL_EX,2015,0.038159177,From MOVES5,2051,ON
T_LDV_LTP_DSL_EX,2015,0.033007688,From MOVES5,2052,ON
T_LDV_LTP_DSL_EX,2015,0.028518642,From MOVES5,2053,ON
T_LDV_LTP_DSL_EX,2015,0.024611588,From MOVES5,2054,ON
T_LDV_LTP_DSL_EX,2015,0.021215189,From MOVES5,2055,ON
T_LDV_LTP_DSL_EX,2015,0.018266278,From MOVES5,2056,ON
T_LDV_LTP_DSL_EX,2015,0,From MOVES5,2057,ON
T_LDV_LTP_DSL_EX,2020,1,From MOVES5,2020,ON
T_LDV_LTP_DSL_EX,2020,0.991,From MOVES5,2021,ON
T_LDV_LTP_DSL_EX,2020,0.982081,From MOVES5,2022,ON
T_LDV_LTP_DSL_EX,2020,0.973242271,From MOVES5,2023,ON
T_LDV_LTP_DSL_EX,2020,0.959616879,From MOVES5,2024,ON
T_LDV_LTP_DSL_EX,2020,0.941384159,From MOVES5,2025,ON
T_LDV_LTP_DSL_EX,2020,0.918790939,From MOVES5,2026,ON
T_LDV_LTP_DSL_EX,2020,0.891227211,From MOVES5,2027,ON
T_LDV_LTP_DSL_EX,2020,0.859143031,From MOVES5,2028,ON
T_LDV_LTP_DSL_EX,2020,0.823059024,From MOVES5,2029,ON
T_LDV_LTP_DSL_EX,2020,0.783552191,From MOVES5,2030,ON
T_LDV_LTP_DSL_EX,2020,0.741240372,From MOVES5,2031,ON
T_LDV_LTP_DSL_EX,2020,0.69676595,From MOVES5,2032,ON
T_LDV_LTP_DSL_EX,2020,0.651476163,From MOVES5,2033,ON
T_LDV_LTP_DSL_EX,2020,0.605221356,From MOVES5,2034,ON
T_LDV_LTP_DSL_EX,2020,0.552567098,From MOVES5,2035,ON
T_LDV_LTP_DSL_EX,2020,0.501730925,From MOVES5,2036,ON
T_LDV_LTP_DSL_EX,2020,0.453063025,From MOVES5,2037,ON
T_LDV_LTP_DSL_EX,2020,0.406850596,From MOVES5,2038,ON
T_LDV_LTP_DSL_EX,2020,0.363724433,From MOVES5,2039,ON
T_LDV_LTP_DSL_EX,2020,0.32407847,From MOVES5,2040,ON
T_LDV_LTP_DSL_EX,2020,0.287781681,From MOVES5,2041,ON
T_LDV_LTP_DSL_EX,2020,0.254686788,From MOVES5,2042,ON
T_LDV_LTP_DSL_EX,2020,0.224888434,From MOVES5,2043,ON
T_LDV_LTP_DSL_EX,2020,0.197901822,From MOVES5,2044,ON
T_LDV_LTP_DSL_EX,2020,0.173955701,From MOVES5,2045,ON
T_LDV_LTP_DSL_EX,2020,0.15255915,From MOVES5,2046,ON
T_LDV_LTP_DSL_EX,2020,0.133489256,From MOVES5,2047,ON
T_LDV_LTP_DSL_EX,2020,0.116803099,From MOVES5,2048,ON
T_LDV_LTP_DSL_EX,2020,0.101969106,From MOVES5,2049,ON
T_LDV_LTP_DSL_EX,2020,0.08891706,From MOVES5,2050,ON
T_LDV_LTP_DSL_EX,2020,0.077446759,From MOVES5,2051,ON
T_LDV_LTP_DSL_EX,2020,0.067378681,From MOVES5,2052,ON
T_LDV_LTP_DSL_EX,2020,0.058552073,From MOVES5,2053,ON
T_LDV_LTP_DSL_EX,2020,0.0508232,From MOVES5,2054,ON
T_LDV_LTP_DSL_EX,2020,0.044063714,From MOVES5,2055,ON
T_LDV_LTP_DSL_EX,2020,0.038159177,From MOVES5,2056,ON
T_LDV_LTP_DSL_EX,2020,0.033007688,From MOVES5,2057,ON
T_LDV_LTP_DSL_EX,2020,0.028518642,From MOVES5,2058,ON
T_LDV_LTP_DSL_EX,2020,0.024611588,From MOVES5,2059,ON
T_LDV_LTP_DSL_EX,2020,0.021215189,From MOVES5,2060,ON
T_LDV_LTP_DSL_EX,2020,0.018266278,From MOVES5,2061,ON
T_LDV_LTP_DSL_EX,2020,0,From MOVES5,2062,ON
T_LDV_LTP_DSL_N,2025,1,From MOVES5,2025,ON
T_LDV_LTP_DSL_N,2025,0.991,From MOVES5,2026,ON
T_LDV_LTP_DSL_N,2025,0.982081,From MOVES5,2027,ON
T_LDV_LTP_DSL_N,2025,0.973242271,From MOVES5,2028,ON
T_LDV_LTP_DSL_N,2025,0.959616879,From MOVES5,2029,ON
T_LDV_LTP_DSL_N,2025,0.941384159,From MOVES5,2030,ON
T_LDV_LTP_DSL_N,2025,0.918790939,From MOVES5,2031,ON
T_LDV_LTP_DSL_N,2025,0.891227211,From MOVES5,2032,ON
T_LDV_LTP_DSL_N,2025,0.859143031,From MOVES5,2033,ON
T_LDV_LTP_DSL_N,2025,0.823059024,From MOVES5,2034,ON
T_LDV_LTP_DSL_N,2025,0.783552191,From MOVES5,2035,ON
T_LDV_LTP_DSL_N,2025,0.741240372,From MOVES5,2036,ON
T_LDV_LTP_DSL_N,2025,0.69676595,From MOVES5,2037,ON
T_LDV_LTP_DSL_N,2025,0.651476163,From MOVES5,2038,ON
T_LDV_LTP_DSL_N,2025,0.605221356,From MOVES5,2039,ON
T_LDV_LTP_DSL_N,2025,0.552567098,From MOVES5,2040,ON
T_LDV_LTP_DSL_N,2025,0.501730925,From MOVES5,2041,ON
T_LDV_LTP_DSL_N,2025,0.453063025,From MOVES5,2042,ON
T_LDV_LTP_DSL_N,2025,0.406850596,From MOVES5,2043,ON
T_LDV_LTP_DSL_N,2025,0.363724433,From MOVES5,2044,ON
T_LDV_LTP_DSL_N,2025,0.32407847,From MOVES5,2045,ON
T_LDV_LTP_DSL_N,2025,0.287781681,From MOVES5,2046,ON
T_LDV_LTP_DSL_N,2025,0.254686788,From MOVES5,2047,ON
T_LDV_LTP_DSL_N,2025,0.224888434,From MOVES5,2048,ON
T_LDV_LTP_DSL_N,2025,0.197901822,From MOVES5,2049,ON
T_LDV_LTP_DSL_N,2025,0.173955701,From MOVES5,2050,ON
T_LDV_LTP_DSL_N,2025,0.15255915,From MOVES5,2051,ON
T_LDV_LTP_DSL_N,2025,0.133489256,From MOVES5,2052,ON
T_LDV_LTP_DSL_N,2025,0.116803099,From MOVES5,2053,ON
T_LDV_LTP_DSL_N,2025,0.101969106,From MOVES5,2054,ON
T_LDV_LTP_DSL_N,2025,0.08891706,From MOVES5,2055,ON
T_LDV_LTP_DSL_N,2025,0.077446759,From MOVES5,2056,ON
T_LDV_LTP_DSL_N,2025,0.067378681,From MOVES5,2057,ON
T_LDV_LTP_DSL_N,2025,0.058552073,From MOVES5,2058,ON
T_LDV_LTP_DSL_N,2025,0.0508232,From MOVES5,2059,ON
T_LDV_LTP_DSL_N,2025,0.044063714,From MOVES5,2060,ON
T_LDV_LTP_DSL_N,2025,0.038159177,From MOVES5,2061,ON
T_LDV_LTP_DSL_N,2025,0.033007688,From MOVES5,2062,ON
T_LDV_LTP_DSL_N,2025,0.028518642,From MOVES5,2063,ON
T_LDV_LTP_DSL_N,2025,0.024611588,From MOVES5,2064,ON
T_LDV_LTP_DSL_N,2025,0.021215189,From MOVES5,2065,ON
T_LDV_LTP_DSL_N,2025,0.018266278,From MOVES5,2066,ON
T_LDV_LTP_DSL_N,2025,0,From MOVES5,2067,ON
T_LDV_LTP_DSL_N,2030,1,From MOVES5,2030,ON
T_LDV_LTP_DSL_N,2030,0.991,From MOVES5,2031,ON
T_LDV_LTP_DSL_N,2030,0.982081,From MOVES5,2032,ON
T_LDV_LTP_DSL_N,2030,0.973242271,From MOVES5,2033,ON
T_LDV_LTP_DSL_N,2030,0.959616879,From MOVES5,2034,ON
T_LDV_LTP_DSL_N,2030,0.941384159,From MOVES5,2035,ON
T_LDV_LTP_DSL_N,2030,0.918790939,From MOVES5,2036,ON
T_LDV_LTP_DSL_N,2030,0.891227211,From MOVES5,2037,ON
T_LDV_LTP_DSL_N,2030,0.859143031,From MOVES5,2038,ON
T_LDV_LTP_DSL_N,2030,0.823059024,From MOVES5,2039,ON
T_LDV_LTP_DSL_N,2030,0.783552191,From MOVES5,2040,ON
T_LDV_LTP_DSL_N,2030,0.741240372,From MOVES5,2041,ON
T_LDV_LTP_DSL_N,2030,0.69676595,From MOVES5,2042,ON
T_LDV_LTP_DSL_N,2030,0.651476163,From MOVES5,2043,ON
T_LDV_LTP_DSL_N,2030,0.605221356,From MOVES5,2044,ON
T_LDV_LTP_DSL_N,2030,0.552567098,From MOVES5,2045,ON
T_LDV_LTP_DSL_N,2030,0.501730925,From MOVES5,2046,ON
T_LDV_LTP_DSL_N,2030,0.453063025,From MOVES5,2047,ON
T_LDV_LTP_DSL_N,2030,0.406850596,From MOVES5,2048,ON
T_LDV_LTP_DSL_N,2030,0.363724433,From MOVES5,2049,ON
T_LDV_LTP_DSL_N,2030,0.32407847,From MOVES5,2050,ON
T_LDV_LTP_DSL_N,2030,0.287781681,From MOVES5,2051,ON
T_LDV_LTP_DSL_N,2030,0.254686788,From MOVES5,2052,ON
T_LDV_LTP_DSL_N,2030,0.224888434,From MOVES5,2053,ON
T_LDV_LTP_DSL_N,2030,0.197901822,From MOVES5,2054,ON
T_LDV_LTP_DSL_N,2030,0.173955701,From MOVES5,2055,ON
T_LDV_LTP_DSL_N,2030,0.15255915,From MOVES5,2056,ON
T_LDV_LTP_DSL_N,2030,0.133489256,From MOVES5,2057,ON
T_LDV_LTP_DSL_N,2030,0.116803099,From MOVES5,2058,ON
T_LDV_LTP_DSL_N,2030,0.101969106,From MOVES5,2059,ON
T_LDV_LTP_DSL_N,2030,0.08891706,From MOVES5,2060,ON
T_LDV_LTP_DSL_N,2030,0.077446759,From MOVES5,2061,ON
T_LDV_LTP_DSL_N,2030,0.067378681,From MOVES5,2062,ON
T_LDV_LTP_DSL_N,2030,0.058552073,From MOVES5,2063,ON
T_LDV_LTP_DSL_N,2030,0.0508232,From MOVES5,2064,ON
T_LDV_LTP_DSL_N,2030,0.044063714,From MOVES5,2065,ON
T_LDV_LTP_DSL_N,2030,0.038159177,From MOVES5,2066,ON
T_LDV_LTP_DSL_N,2030,0.033007688,From MOVES5,2067,ON
T_LDV_LTP_DSL_N,2030,0.028518642,From MOVES5,2068,ON
T_LDV_LTP_DSL_N,2030,0.024611588,From MOVES5,2069,ON
T_LDV_LTP_DSL_N,2030,0.021215189,From MOVES5,2070,ON
T_LDV_LTP_DSL_N,2030,0.018266278,From MOVES5,2071,ON
T_LDV_LTP_DSL_N,2030,0,From MOVES5,2072,ON
T_LDV_LTP_DSL_N,2035,1,From MOVES5,2035,ON
T_LDV_LTP_DSL_N,2035,0.991,From MOVES5,2036,ON
T_LDV_LTP_DSL_N,2035,0.982081,From MOVES5,2037,ON
T_LDV_LTP_DSL_N,2035,0.973242271,From MOVES5,2038,ON
T_LDV_LTP_DSL_N,2035,0.959616879,From MOVES5,2039,ON
T_LDV_LTP_DSL_N,2035,0.941384159,From MOVES5,2040,ON
T_LDV_LTP_DSL_N,2035,0.918790939,From MOVES5,2041,ON
T_LDV_LTP_DSL_N,2035,0.891227211,From MOVES5,2042,ON
T_LDV_LTP_DSL_N,2035,0.859143031,From MOVES5,2043,ON
T_LDV_LTP_DSL_N,2035,0.823059024,From MOVES5,2044,ON
T_LDV_LTP_DSL_N,2035,0.783552191,From MOVES5,2045,ON
T_LDV_LTP_DSL_N,2035,0.741240372,From MOVES5,2046,ON
T_LDV_LTP_DSL_N,2035,0.69676595,From MOVES5,2047,ON
T_LDV_LTP_DSL_N,2035,0.651476163,From MOVES5,2048,ON
T_LDV_LTP_DSL_N,2035,0.605221356,From MOVES5,2049,ON
T_LDV_LTP_DSL_N,2035,0.552567098,From MOVES5,2050,ON
T_LDV_LTP_DSL_N,2035,0.501730925,From MOVES5,2051,ON
T_LDV_LTP_DSL_N,2035,0.453063025,From MOVES5,2052,ON
T_LDV_LTP_DSL_N,2035,0.406850596,From MOVES5,2053,ON
T_LDV_LTP_DSL_N,2035,0.363724433,From MOVES5,2054,ON
T_LDV_LTP_DSL_N,2035,0.32407847,From MOVES5,2055,ON
T_LDV_LTP_DSL_N,2035,0.287781681,From MOVES5,2056,ON
T_LDV_LTP_DSL_N,2035,0.254686788,From MOVES5,2057,ON
T_LDV_LTP_DSL_N,2035,0.224888434,From MOVES5,2058,ON
T_LDV_LTP_DSL_N,2035,0.197901822,From MOVES5,2059,ON
T_LDV_LTP_DSL_N,2035,0.173955701,From MOVES5,2060,ON
T_LDV_LTP_DSL_N,2035,0.15255915,From MOVES5,2061,ON
T_LDV_LTP_DSL_N,2035,0.133489256,From MOVES5,2062,ON
T_LDV_LTP_DSL_N,2035,0.116803099,From MOVES5,2063,ON
T_LDV_LTP_DSL_N,2035,0.101969106,From MOVES5,2064,ON
T_LDV_LTP_DSL_N,2035,0.08891706,From MOVES5,2065,ON
T_LDV_LTP_DSL_N,2035,0.077446759,From MOVES5,2066,ON
T_LDV_LTP_DSL_N,2035,0.067378681,From MOVES5,2067,ON
T_LDV_LTP_DSL_N,2035,0.058552073,From MOVES5,2068,ON
T_LDV_LTP_DSL_N,2035,0.0508232,From MOVES5,2069,ON
T_LDV_LTP_DSL_N,2035,0.044063714,From MOVES5,2070,ON
T_LDV_LTP_DSL_N,2035,0.038159177,From MOVES5,2071,ON
T_LDV_LTP_DSL_N,2035,0.033007688,From MOVES5,2072,ON
T_LDV_LTP_DSL_N,2035,0.028518642,From MOVES5,2073,ON
T_LDV_LTP_DSL_N,2035,0.024611588,From MOVES5,2074,ON
T_LDV_LTP_DSL_N,2035,0.021215189,From MOVES5,2075,ON
T_LDV_LTP_DSL_N,2035,0.018266278,From MOVES5,2076,ON
T_LDV_LTP_DSL_N,2035,0,From MOVES5,2077,ON
T_LDV_LTP_DSL_N,2040,1,From MOVES5,2040,ON
T_LDV_LTP_DSL_N,2040,0.991,From MOVES5,2041,ON
T_LDV_LTP_DSL_N,2040,0.982081,From MOVES5,2042,ON
T_LDV_LTP_DSL_N,2040,0.973242271,From MOVES5,2043,ON
T_LDV_LTP_DSL_N,2040,0.959616879,From MOVES5,2044,ON
T_LDV_LTP_DSL_N,2040,0.941384159,From MOVES5,2045,ON
T_LDV_LTP_DSL_N,2040,0.918790939,From MOVES5,2046,ON
T_LDV_LTP_DSL_N,2040,0.891227211,From MOVES5,2047,ON
T_LDV_LTP_DSL_N,2040,0.859143031,From MOVES5,2048,ON
T_LDV_LTP_DSL_N,2040,0.823059024,From MOVES5,2049,ON
T_LDV_LTP_DSL_N,2040,0.783552191,From MOVES5,2050,ON
T_LDV_LTP_DSL_N,2040,0.741240372,From MOVES5,2051,ON
T_LDV_LTP_DSL_N,2040,0.69676595,From MOVES5,2052,ON
T_LDV_LTP_DSL_N,2040,0.651476163,From MOVES5,2053,ON
T_LDV_LTP_DSL_N,2040,0.605221356,From MOVES5,2054,ON
T_LDV_LTP_DSL_N,2040,0.552567098,From MOVES5,2055,ON
T_LDV_LTP_DSL_N,2040,0.501730925,From MOVES5,2056,ON
T_LDV_LTP_DSL_N,2040,0.453063025,From MOVES5,2057,ON
T_LDV_LTP_DSL_N,2040,0.406850596,From MOVES5,2058,ON
T_LDV_LTP_DSL_N,2040,0.363724433,From MOVES5,2059,ON
T_LDV_LTP_DSL_N,2040,0.32407847,From MOVES5,2060,ON
T_LDV_LTP_DSL_N,2040,0.287781681,From MOVES5,2061,ON
T_LDV_LTP_DSL_N,2040,0.254686788,From MOVES5,2062,ON
T_LDV_LTP_DSL_N,2040,0.224888434,From MOVES5,2063,ON
T_LDV_LTP_DSL_N,2040,0.197901822,From MOVES5,2064,ON
T_LDV_LTP_DSL_N,2040,0.173955701,From MOVES5,2065,ON
T_LDV_LTP_DSL_N,2040,0.15255915,From MOVES5,2066,ON
T_LDV_LTP_DSL_N,2040,0.133489256,From MOVES5,2067,ON
T_LDV_LTP_DSL_N,2040,0.116803099,From MOVES5,2068,ON
T_LDV_LTP_DSL_N,2040,0.101969106,From MOVES5,2069,ON
T_LDV_LTP_DSL_N,2040,0.08891706,From MOVES5,2070,ON
T_LDV_LTP_DSL_N,2040,0.077446759,From MOVES5,2071,ON
T_LDV_LTP_DSL_N,2040,0.067378681,From MOVES5,2072,ON
T_LDV_LTP_DSL_N,2040,0.058552073,From MOVES5,2073,ON
T_LDV_LTP_DSL_N,2040,0.0508232,From MOVES5,2074,ON
T_LDV_LTP_DSL_N,2040,0.044063714,From MOVES5,2075,ON
T_LDV_LTP_DSL_N,2040,0.038159177,From MOVES5,2076,ON
T_LDV_LTP_DSL_N,2040,0.033007688,From MOVES5,2077,ON
T_LDV_LTP_DSL_N,2040,0.028518642,From MOVES5,2078,ON
T_LDV_LTP_DSL_N,2040,0.024611588,From MOVES5,2079,ON
T_LDV_LTP_DSL_N,2040,0.021215189,From MOVES5,2080,ON
T_LDV_LTP_DSL_N,2040,0.018266278,From MOVES5,2081,ON
T_LDV_LTP_DSL_N,2040,0,From MOVES5,2082,ON
T_LDV_LTP_DSL_N,2045,1,From MOVES5,2045,ON
T_LDV_LTP_DSL_N,2045,0.991,From MOVES5,2046,ON
T_LDV_LTP_DSL_N,2045,0.982081,From MOVES5,2047,ON
T_LDV_LTP_DSL_N,2045,0.973242271,From MOVES5,2048,ON
T_LDV_LTP_DSL_N,2045,0.959616879,From MOVES5,2049,ON
T_LDV_LTP_DSL_N,2045,0.941384159,From MOVES5,2050,ON
T_LDV_LTP_DSL_N,2045,0.918790939,From MOVES5,2051,ON
T_LDV_LTP_DSL_N,2045,0.891227211,From MOVES5,2052,ON
T_LDV_LTP_DSL_N,2045,0.859143031,From MOVES5,2053,ON
T_LDV_LTP_DSL_N,2045,0.823059024,From MOVES5,2054,ON
T_LDV_LTP_DSL_N,2045,0.783552191,From MOVES5,2055,ON
T_LDV_LTP_DSL_N,2045,0.741240372,From MOVES5,2056,ON
T_LDV_LTP_DSL_N,2045,0.69676595,From MOVES5,2057,ON
T_LDV_LTP_DSL_N,2045,0.651476163,From MOVES5,2058,ON
T_LDV_LTP_DSL_N,2045,0.605221356,From MOVES5,2059,ON
T_LDV_LTP_DSL_N,2045,0.552567098,From MOVES5,2060,ON
T_LDV_LTP_DSL_N,2045,0.501730925,From MOVES5,2061,ON
T_LDV_LTP_DSL_N,2045,0.453063025,From MOVES5,2062,ON
T_LDV_LTP_DSL_N,2045,0.406850596,From MOVES5,2063,ON
T_LDV_LTP_DSL_N,2045,0.363724433,From MOVES5,2064,ON
T_LDV_LTP_DSL_N,2045,0.32407847,From MOVES5,2065,ON
T_LDV_LTP_DSL_N,2045,0.287781681,From MOVES5,2066,ON
T_LDV_LTP_DSL_N,2045,0.254686788,From MOVES5,2067,ON
T_LDV_LTP_DSL_N,2045,0.224888434,From MOVES5,2068,ON
T_LDV_LTP_DSL_N,2045,0.197901822,From MOVES5,2069,ON
T_LDV_LTP_DSL_N,2045,0.173955701,From MOVES5,2070,ON
T_LDV_LTP_DSL_N,2045,0.15255915,From MOVES5,2071,ON
T_LDV_LTP_DSL_N,2045,0.133489256,From MOVES5,2072,ON
T_LDV_LTP_DSL_N,2045,0.116803099,From MOVES5,2073,ON
T_LDV_LTP_DSL_N,2045,0.101969106,From MOVES5,2074,ON
T_LDV_LTP_DSL_N,2045,0.08891706,From MOVES5,2075,ON
T_LDV_LTP_DSL_N,2045,0.077446759,From MOVES5,2076,ON
T_LDV_LTP_DSL_N,2045,0.067378681,From MOVES5,2077,ON
T_LDV_LTP_DSL_N,2045,0.058552073,From MOVES5,2078,ON
T_LDV_LTP_DSL_N,2045,0.0508232,From MOVES5,2079,ON
T_LDV_LTP_DSL_N,2045,0.044063714,From MOVES5,2080,ON
T_LDV_LTP_DSL_N,2045,0.038159177,From MOVES5,2081,ON
T_LDV_LTP_DSL_N,2045,0.033007688,From MOVES5,2082,ON
T_LDV_LTP_DSL_N,2045,0.028518642,From MOVES5,2083,ON
T_LDV_LTP_DSL_N,2045,0.024611588,From MOVES5,2084,ON
T_LDV_LTP_DSL_N,2045,0.021215189,From MOVES5,2085,ON
T_LDV_LTP_DSL_N,2045,0.018266278,From MOVES5,2086,ON
T_LDV_LTP_DSL_N,2045,0,From MOVES5,2087,ON
T_LDV_LTP_DSL_N,2050,1,From MOVES5,2050,ON
T_LDV_LTP_DSL_N,2050,0.991,From MOVES5,2051,ON
T_LDV_LTP_DSL_N,2050,0.982081,From MOVES5,2052,ON
T_LDV_LTP_DSL_N,2050,0.973242271,From MOVES5,2053,ON
T_LDV_LTP_DSL_N,2050,0.959616879,From MOVES5,2054,ON
T_LDV_LTP_DSL_N,2050,0.941384159,From MOVES5,2055,ON
T_LDV_LTP_DSL_N,2050,0.918790939,From MOVES5,2056,ON
T_LDV_LTP_DSL_N,2050,0.891227211,From MOVES5,2057,ON
T_LDV_LTP_DSL_N,2050,0.859143031,From MOVES5,2058,ON
T_LDV_LTP_DSL_N,2050,0.823059024,From MOVES5,2059,ON
T_LDV_LTP_DSL_N,2050,0.783552191,From MOVES5,2060,ON
T_LDV_LTP_DSL_N,2050,0.741240372,From MOVES5,2061,ON
T_LDV_LTP_DSL_N,2050,0.69676595,From MOVES5,2062,ON
T_LDV_LTP_DSL_N,2050,0.651476163,From MOVES5,2063,ON
T_LDV_LTP_DSL_N,2050,0.605221356,From MOVES5,2064,ON
T_LDV_LTP_DSL_N,2050,0.552567098,From MOVES5,2065,ON
T_LDV_LTP_DSL_N,2050,0.501730925,From MOVES5,2066,ON
T_LDV_LTP_DSL_N,2050,0.453063025,From MOVES5,2067,ON
T_LDV_LTP_DSL_N,2050,0.406850596,From MOVES5,2068,ON
T_LDV_LTP_DSL_N,2050,0.363724433,From MOVES5,2069,ON
T_LDV_LTP_DSL_N,2050,0.32407847,From MOVES5,2070,ON
T_LDV_LTP_DSL_N,2050,0.287781681,From MOVES5,2071,ON
T_LDV_LTP_DSL_N,2050,0.254686788,From MOVES5,2072,ON
T_LDV_LTP_DSL_N,2050,0.224888434,From MOVES5,2073,ON
T_LDV_LTP_DSL_N,2050,0.197901822,From MOVES5,2074,ON
T_LDV_LTP_DSL_N,2050,0.173955701,From MOVES5,2075,ON
T_LDV_LTP_DSL_N,2050,0.15255915,From MOVES5,2076,ON
T_LDV_LTP_DSL_N,2050,0.133489256,From MOVES5,2077,ON
T_LDV_LTP_DSL_N,2050,0.116803099,From MOVES5,2078,ON
T_LDV_LTP_DSL_N,2050,0.101969106,From MOVES5,2079,ON
T_LDV_LTP_DSL_N,2050,0.08891706,From MOVES5,2080,ON
T_LDV_LTP_DSL_N,2050,0.077446759,From MOVES5,2081,ON
T_LDV_LTP_DSL_N,2050,0.067378681,From MOVES5,2082,ON
T_LDV_LTP_DSL_N,2050,0.058552073,From MOVES5,2083,ON
T_LDV_LTP_DSL_N,2050,0.0508232,From MOVES5,2084,ON
T_LDV_LTP_DSL_N,2050,0.044063714,From MOVES5,2085,ON
T_LDV_LTP_DSL_N,2050,0.038159177,From MOVES5,2086,ON
T_LDV_LTP_DSL_N,2050,0.033007688,From MOVES5,2087,ON
T_LDV_LTP_DSL_N,2050,0.028518642,From MOVES5,2088,ON
T_LDV_LTP_DSL_N,2050,0.024611588,From MOVES5,2089,ON
T_LDV_LTP_DSL_N,2050,0.021215189,From MOVES5,2090,ON
T_LDV_LTP_DSL_N,2050,0.018266278,From MOVES5,2091,ON
T_LDV_LTP_DSL_N,2050,0,From MOVES5,2092,ON
T_LDV_LTP_FCEV400_N,2025,1,From MOVES5,2025,ON
T_LDV_LTP_FCEV400_N,2025,0.991,From MOVES5,2026,ON
T_LDV_LTP_FCEV400_N,2025,0.982081,From MOVES5,2027,ON
T_LDV_LTP_FCEV400_N,2025,0.973242271,From MOVES5,2028,ON
T_LDV_LTP_FCEV400_N,2025,0.959616879,From MOVES5,2029,ON
T_LDV_LTP_FCEV400_N,2025,0.941384159,From MOVES5,2030,ON
T_LDV_LTP_FCEV400_N,2025,0.918790939,From MOVES5,2031,ON
T_LDV_LTP_FCEV400_N,2025,0.891227211,From MOVES5,2032,ON
T_LDV_LTP_FCEV400_N,2025,0.859143031,From MOVES5,2033,ON
T_LDV_LTP_FCEV400_N,2025,0.823059024,From MOVES5,2034,ON
T_LDV_LTP_FCEV400_N,2025,0.783552191,From MOVES5,2035,ON
T_LDV_LTP_FCEV400_N,2025,0.741240372,From MOVES5,2036,ON
T_LDV_LTP_FCEV400_N,2025,0.69676595,From MOVES5,2037,ON
T_LDV_LTP_FCEV400_N,2025,0.651476163,From MOVES5,2038,ON
T_LDV_LTP_FCEV400_N,2025,0.605221356,From MOVES5,2039,ON
T_LDV_LTP_FCEV400_N,2025,0.552567098,From MOVES5,2040,ON
T_LDV_LTP_FCEV400_N,2025,0.501730925,From MOVES5,2041,ON
T_LDV_LTP_FCEV400_N,2025,0.453063025,From MOVES5,2042,ON
T_LDV_LTP_FCEV400_N,2025,0.406850596,From MOVES5,2043,ON
T_LDV_LTP_FCEV400_N,2025,0.363724433,From MOVES5,2044,ON
T_LDV_LTP_FCEV400_N,2025,0.32407847,From MOVES5,2045,ON
T_LDV_LTP_FCEV400_N,2025,0.287781681,From MOVES5,2046,ON
T_LDV_LTP_FCEV400_N,2025,0.254686788,From MOVES5,2047,ON
T_LDV_LTP_FCEV400_N,2025,0.224888434,From MOVES5,2048,ON
T_LDV_LTP_FCEV400_N,2025,0.197901822,From MOVES5,2049,ON
T_LDV_LTP_FCEV400_N,2025,0.173955701,From MOVES5,2050,ON
T_LDV_LTP_FCEV400_N,2025,0.15255915,From MOVES5,2051,ON
T_LDV_LTP_FCEV400_N,2025,0.133489256,From MOVES5,2052,ON
T_LDV_LTP_FCEV400_N,2025,0.116803099,From MOVES5,2053,ON
T_LDV_LTP_FCEV400_N,2025,0.101969106,From MOVES5,2054,ON
T_LDV_LTP_FCEV400_N,2025,0.08891706,From MOVES5,2055,ON
T_LDV_LTP_FCEV400_N,2025,0.077446759,From MOVES5,2056,ON
T_LDV_LTP_FCEV400_N,2025,0.067378681,From MOVES5,2057,ON
T_LDV_LTP_FCEV400_N,2025,0.058552073,From MOVES5,2058,ON
T_LDV_LTP_FCEV400_N,2025,0.0508232,From MOVES5,2059,ON
T_LDV_LTP_FCEV400_N,2025,0.044063714,From MOVES5,2060,ON
T_LDV_LTP_FCEV400_N,2025,0.038159177,From MOVES5,2061,ON
T_LDV_LTP_FCEV400_N,2025,0.033007688,From MOVES5,2062,ON
T_LDV_LTP_FCEV400_N,2025,0.028518642,From MOVES5,2063,ON
T_LDV_LTP_FCEV400_N,2025,0.024611588,From MOVES5,2064,ON
T_LDV_LTP_FCEV400_N,2025,0.021215189,From MOVES5,2065,ON
T_LDV_LTP_FCEV400_N,2025,0.018266278,From MOVES5,2066,ON
T_LDV_LTP_FCEV400_N,2025,0,From MOVES5,2067,ON
T_LDV_LTP_FCEV400_N,2030,1,From MOVES5,2030,ON
T_LDV_LTP_FCEV400_N,2030,0.991,From MOVES5,2031,ON
T_LDV_LTP_FCEV400_N,2030,0.982081,From MOVES5,2032,ON
T_LDV_LTP_FCEV400_N,2030,0.973242271,From MOVES5,2033,ON
T_LDV_LTP_FCEV400_N,2030,0.959616879,From MOVES5,2034,ON
T_LDV_LTP_FCEV400_N,2030,0.941384159,From MOVES5,2035,ON
T_LDV_LTP_FCEV400_N,2030,0.918790939,From MOVES5,2036,ON
T_LDV_LTP_FCEV400_N,2030,0.891227211,From MOVES5,2037,ON
T_LDV_LTP_FCEV400_N,2030,0.859143031,From MOVES5,2038,ON
T_LDV_LTP_FCEV400_N,2030,0.823059024,From MOVES5,2039,ON
T_LDV_LTP_FCEV400_N,2030,0.783552191,From MOVES5,2040,ON
T_LDV_LTP_FCEV400_N,2030,0.741240372,From MOVES5,2041,ON
T_LDV_LTP_FCEV400_N,2030,0.69676595,From MOVES5,2042,ON
T_LDV_LTP_FCEV400_N,2030,0.651476163,From MOVES5,2043,ON
T_LDV_LTP_FCEV400_N,2030,0.605221356,From MOVES5,2044,ON
T_LDV_LTP_FCEV400_N,2030,0.552567098,From MOVES5,2045,ON
T_LDV_LTP_FCEV400_N,2030,0.501730925,From MOVES5,2046,ON
T_LDV_LTP_FCEV400_N,2030,0.453063025,From MOVES5,2047,ON
T_LDV_LTP_FCEV400_N,2030,0.406850596,From MOVES5,2048,ON
T_LDV_LTP_FCEV400_N,2030,0.363724433,From MOVES5,2049,ON
T_LDV_LTP_FCEV400_N,2030,0.32407847,From MOVES5,2050,ON
T_LDV_LTP_FCEV400_N,2030,0.287781681,From MOVES5,2051,ON
T_LDV_LTP_FCEV400_N,2030,0.254686788,From MOVES5,2052,ON
T_LDV_LTP_FCEV400_N,2030,0.224888434,From MOVES5,2053,ON
T_LDV_LTP_FCEV400_N,2030,0.197901822,From MOVES5,2054,ON
T_LDV_LTP_FCEV400_N,2030,0.173955701,From MOVES5,2055,ON
T_LDV_LTP_FCEV400_N,2030,0.15255915,From MOVES5,2056,ON
T_LDV_LTP_FCEV400_N,2030,0.133489256,From MOVES5,2057,ON
T_LDV_LTP_FCEV400_N,2030,0.116803099,From MOVES5,2058,ON
T_LDV_LTP_FCEV400_N,2030,0.101969106,From MOVES5,2059,ON
T_LDV_LTP_FCEV400_N,2030,0.08891706,From MOVES5,2060,ON
T_LDV_LTP_FCEV400_N,2030,0.077446759,From MOVES5,2061,ON
T_LDV_LTP_FCEV400_N,2030,0.067378681,From MOVES5,2062,ON
T_LDV_LTP_FCEV400_N,2030,0.058552073,From MOVES5,2063,ON
T_LDV_LTP_FCEV400_N,2030,0.0508232,From MOVES5,2064,ON
T_LDV_LTP_FCEV400_N,2030,0.044063714,From MOVES5,2065,ON
T_LDV_LTP_FCEV400_N,2030,0.038159177,From MOVES5,2066,ON
T_LDV_LTP_FCEV400_N,2030,0.033007688,From MOVES5,2067,ON
T_LDV_LTP_FCEV400_N,2030,0.028518642,From MOVES5,2068,ON
T_LDV_LTP_FCEV400_N,2030,0.024611588,From MOVES5,2069,ON
T_LDV_LTP_FCEV400_N,2030,0.021215189,From MOVES5,2070,ON
T_LDV_LTP_FCEV400_N,2030,0.018266278,From MOVES5,2071,ON
T_LDV_LTP_FCEV400_N,2030,0,From MOVES5,2072,ON
T_LDV_LTP_FCEV400_N,2035,1,From MOVES5,2035,ON
T_LDV_LTP_FCEV400_N,2035,0.991,From MOVES5,2036,ON
T_LDV_LTP_FCEV400_N,2035,0.982081,From MOVES5,2037,ON
T_LDV_LTP_FCEV400_N,2035,0.973242271,From MOVES5,2038,ON
T_LDV_LTP_FCEV400_N,2035,0.959616879,From MOVES5,2039,ON
T_LDV_LTP_FCEV400_N,2035,0.941384159,From MOVES5,2040,ON
T_LDV_LTP_FCEV400_N,2035,0.918790939,From MOVES5,2041,ON
T_LDV_LTP_FCEV400_N,2035,0.891227211,From MOVES5,2042,ON
T_LDV_LTP_FCEV400_N,2035,0.859143031,From MOVES5,2043,ON
T_LDV_LTP_FCEV400_N,2035,0.823059024,From MOVES5,2044,ON
T_LDV_LTP_FCEV400_N,2035,0.783552191,From MOVES5,2045,ON
T_LDV_LTP_FCEV400_N,2035,0.741240372,From MOVES5,2046,ON
T_LDV_LTP_FCEV400_N,2035,0.69676595,From MOVES5,2047,ON
T_LDV_LTP_FCEV400_N,2035,0.651476163,From MOVES5,2048,ON
T_LDV_LTP_FCEV400_N,2035,0.605221356,From MOVES5,2049,ON
T_LDV_LTP_FCEV400_N,2035,0.552567098,From MOVES5,2050,ON
T_LDV_LTP_FCEV400_N,2035,0.501730925,From MOVES5,2051,ON
T_LDV_LTP_FCEV400_N,2035,0.453063025,From MOVES5,2052,ON
T_LDV_LTP_FCEV400_N,2035,0.406850596,From MOVES5,2053,ON
T_LDV_LTP_FCEV400_N,2035,0.363724433,From MOVES5,2054,ON
T_LDV_LTP_FCEV400_N,2035,0.32407847,From MOVES5,2055,ON
T_LDV_LTP_FCEV400_N,2035,0.287781681,From MOVES5,2056,ON
T_LDV_LTP_FCEV400_N,2035,0.254686788,From MOVES5,2057,ON
T_LDV_LTP_FCEV400_N,2035,0.224888434,From MOVES5,2058,ON
T_LDV_LTP_FCEV400_N,2035,0.197901822,From MOVES5,2059,ON
T_LDV_LTP_FCEV400_N,2035,0.173955701,From MOVES5,2060,ON
T_LDV_LTP_FCEV400_N,2035,0.15255915,From MOVES5,2061,ON
T_LDV_LTP_FCEV400_N,2035,0.133489256,From MOVES5,2062,ON
T_LDV_LTP_FCEV400_N,2035,0.116803099,From MOVES5,2063,ON
T_LDV_LTP_FCEV400_N,2035,0.101969106,From MOVES5,2064,ON
T_LDV_LTP_FCEV400_N,2035,0.08891706,From MOVES5,2065,ON
T_LDV_LTP_FCEV400_N,2035,0.077446759,From MOVES5,2066,ON
T_LDV_LTP_FCEV400_N,2035,0.067378681,From MOVES5,2067,ON
T_LDV_LTP_FCEV400_N,2035,0.058552073,From MOVES5,2068,ON
T_LDV_LTP_FCEV400_N,2035,0.0508232,From MOVES5,2069,ON
T_LDV_LTP_FCEV400_N,2035,0.044063714,From MOVES5,2070,ON
T_LDV_LTP_FCEV400_N,2035,0.038159177,From MOVES5,2071,ON
T_LDV_LTP_FCEV400_N,2035,0.033007688,From MOVES5,2072,ON
T_LDV_LTP_FCEV400_N,2035,0.028518642,From MOVES5,2073,ON
T_LDV_LTP_FCEV400_N,2035,0.024611588,From MOVES5,2074,ON
T_LDV_LTP_FCEV400_N,2035,0.021215189,From MOVES5,2075,ON
T_LDV_LTP_FCEV400_N,2035,0.018266278,From MOVES5,2076,ON
T_LDV_LTP_FCEV400_N,2035,0,From MOVES5,2077,ON
T_LDV_LTP_FCEV400_N,2040,1,From MOVES5,2040,ON
T_LDV_LTP_FCEV400_N,2040,0.991,From MOVES5,2041,ON
T_LDV_LTP_FCEV400_N,2040,0.982081,From MOVES5,2042,ON
T_LDV_LTP_FCEV400_N,2040,0.973242271,From MOVES5,2043,ON
T_LDV_LTP_FCEV400_N,2040,0.959616879,From MOVES5,2044,ON
T_LDV_LTP_FCEV400_N,2040,0.941384159,From MOVES5,2045,ON
T_LDV_LTP_FCEV400_N,2040,0.918790939,From MOVES5,2046,ON
T_LDV_LTP_FCEV400_N,2040,0.891227211,From MOVES5,2047,ON
T_LDV_LTP_FCEV400_N,2040,0.859143031,From MOVES5,2048,ON
T_LDV_LTP_FCEV400_N,2040,0.823059024,From MOVES5,2049,ON
T_LDV_LTP_FCEV400_N,2040,0.783552191,From MOVES5,2050,ON
T_LDV_LTP_FCEV400_N,2040,0.741240372,From MOVES5,2051,ON
T_LDV_LTP_FCEV400_N,2040,0.69676595,From MOVES5,2052,ON
T_LDV_LTP_FCEV400_N,2040,0.651476163,From MOVES5,2053,ON
T_LDV_LTP_FCEV400_N,2040,0.605221356,From MOVES5,2054,ON
T_LDV_LTP_FCEV400_N,2040,0.552567098,From MOVES5,2055,ON
T_LDV_LTP_FCEV400_N,2040,0.501730925,From MOVES5,2056,ON
T_LDV_LTP_FCEV400_N,2040,0.453063025,From MOVES5,2057,ON
T_LDV_LTP_FCEV400_N,2040,0.406850596,From MOVES5,2058,ON
T_LDV_LTP_FCEV400_N,2040,0.363724433,From MOVES5,2059,ON
T_LDV_LTP_FCEV400_N,2040,0.32407847,From MOVES5,2060,ON
T_LDV_LTP_FCEV400_N,2040,0.287781681,From MOVES5,2061,ON
T_LDV_LTP_FCEV400_N,2040,0.254686788,From MOVES5,2062,ON
T_LDV_LTP_FCEV400_N,2040,0.224888434,From MOVES5,2063,ON
T_LDV_LTP_FCEV400_N,2040,0.197901822,From MOVES5,2064,ON
T_LDV_LTP_FCEV400_N,2040,0.173955701,From MOVES5,2065,ON
T_LDV_LTP_FCEV400_N,2040,0.15255915,From MOVES5,2066,ON
T_LDV_LTP_FCEV400_N,2040,0.133489256,From MOVES5,2067,ON
T_LDV_LTP_FCEV400_N,2040,0.116803099,From MOVES5,2068,ON
T_LDV_LTP_FCEV400_N,2040,0.101969106,From MOVES5,2069,ON
T_LDV_LTP_FCEV400_N,2040,0.08891706,From MOVES5,2070,ON
T_LDV_LTP_FCEV400_N,2040,0.077446759,From MOVES5,2071,ON
T_LDV_LTP_FCEV400_N,2040,0.067378681,From MOVES5,2072,ON
T_LDV_LTP_FCEV400_N,2040,0.058552073,From MOVES5,2073,ON
T_LDV_LTP_FCEV400_N,2040,0.0508232,From MOVES5,2074,ON
T_LDV_LTP_FCEV400_N,2040,0.044063714,From MOVES5,2075,ON
T_LDV_LTP_FCEV400_N,2040,0.038159177,From MOVES5,2076,ON
T_LDV_LTP_FCEV400_N,2040,0.033007688,From MOVES5,2077,ON
T_LDV_LTP_FCEV400_N,2040,0.028518642,From MOVES5,2078,ON
T_LDV_LTP_FCEV400_N,2040,0.024611588,From MOVES5,2079,ON
T_LDV_LTP_FCEV400_N,2040,0.021215189,From MOVES5,2080,ON
T_LDV_LTP_FCEV400_N,2040,0.018266278,From MOVES5,2081,ON
T_LDV_LTP_FCEV400_N,2040,0,From MOVES5,2082,ON
T_LDV_LTP_FCEV400_N,2045,1,From MOVES5,2045,ON
T_LDV_LTP_FCEV400_N,2045,0.991,From MOVES5,2046,ON
T_LDV_LTP_FCEV400_N,2045,0.982081,From MOVES5,2047,ON
T_LDV_LTP_FCEV400_N,2045,0.973242271,From MOVES5,2048,ON
T_LDV_LTP_FCEV400_N,2045,0.959616879,From MOVES5,2049,ON
T_LDV_LTP_FCEV400_N,2045,0.941384159,From MOVES5,2050,ON
T_LDV_LTP_FCEV400_N,2045,0.918790939,From MOVES5,2051,ON
T_LDV_LTP_FCEV400_N,2045,0.891227211,From MOVES5,2052,ON
T_LDV_LTP_FCEV400_N,2045,0.859143031,From MOVES5,2053,ON
T_LDV_LTP_FCEV400_N,2045,0.823059024,From MOVES5,2054,ON
T_LDV_LTP_FCEV400_N,2045,0.783552191,From MOVES5,2055,ON
T_LDV_LTP_FCEV400_N,2045,0.741240372,From MOVES5,2056,ON
T_LDV_LTP_FCEV400_N,2045,0.69676595,From MOVES5,2057,ON
T_LDV_LTP_FCEV400_N,2045,0.651476163,From MOVES5,2058,ON
T_LDV_LTP_FCEV400_N,2045,0.605221356,From MOVES5,2059,ON
T_LDV_LTP_FCEV400_N,2045,0.552567098,From MOVES5,2060,ON
T_LDV_LTP_FCEV400_N,2045,0.501730925,From MOVES5,2061,ON
T_LDV_LTP_FCEV400_N,2045,0.453063025,From MOVES5,2062,ON
T_LDV_LTP_FCEV400_N,2045,0.406850596,From MOVES5,2063,ON
T_LDV_LTP_FCEV400_N,2045,0.363724433,From MOVES5,2064,ON
T_LDV_LTP_FCEV400_N,2045,0.32407847,From MOVES5,2065,ON
T_LDV_LTP_FCEV400_N,2045,0.287781681,From MOVES5,2066,ON
T_LDV_LTP_FCEV400_N,2045,0.254686788,From MOVES5,2067,ON
T_LDV_LTP_FCEV400_N,2045,0.224888434,From MOVES5,2068,ON
T_LDV_LTP_FCEV400_N,2045,0.197901822,From MOVES5,2069,ON
T_LDV_LTP_FCEV400_N,2045,0.173955701,From MOVES5,2070,ON
T_LDV_LTP_FCEV400_N,2045,0.15255915,From MOVES5,2071,ON
T_LDV_LTP_FCEV400_N,2045,0.133489256,From MOVES5,2072,ON
T_LDV_LTP_FCEV400_N,2045,0.116803099,From MOVES5,2073,ON
T_LDV_LTP_FCEV400_N,2045,0.101969106,From MOVES5,2074,ON
T_LDV_LTP_FCEV400_N,2045,0.08891706,From MOVES5,2075,ON
T_LDV_LTP_FCEV400_N,2045,0.077446759,From MOVES5,2076,ON
T_LDV_LTP_FCEV400_N,2045,0.067378681,From MOVES5,2077,ON
T_LDV_LTP_FCEV400_N,2045,0.058552073,From MOVES5,2078,ON
T_LDV_LTP_FCEV400_N,2045,0.0508232,From MOVES5,2079,ON
T_LDV_LTP_FCEV400_N,2045,0.044063714,From MOVES5,2080,ON
T_LDV_LTP_FCEV400_N,2045,0.038159177,From MOVES5,2081,ON
T_LDV_LTP_FCEV400_N,2045,0.033007688,From MOVES5,2082,ON
T_LDV_LTP_FCEV400_N,2045,0.028518642,From MOVES5,2083,ON
T_LDV_LTP_FCEV400_N,2045,0.024611588,From MOVES5,2084,ON
T_LDV_LTP_FCEV400_N,2045,0.021215189,From MOVES5,2085,ON
T_LDV_LTP_FCEV400_N,2045,0.018266278,From MOVES5,2086,ON
T_LDV_LTP_FCEV400_N,2045,0,From MOVES5,2087,ON
T_LDV_LTP_FCEV400_N,2050,1,From MOVES5,2050,ON
T_LDV_LTP_FCEV400_N,2050,0.991,From MOVES5,2051,ON
T_LDV_LTP_FCEV400_N,2050,0.982081,From MOVES5,2052,ON
T_LDV_LTP_FCEV400_N,2050,0.973242271,From MOVES5,2053,ON
T_LDV_LTP_FCEV400_N,2050,0.959616879,From MOVES5,2054,ON
T_LDV_LTP_FCEV400_N,2050,0.941384159,From MOVES5,2055,ON
T_LDV_LTP_FCEV400_N,2050,0.918790939,From MOVES5,2056,ON
T_LDV_LTP_FCEV400_N,2050,0.891227211,From MOVES5,2057,ON
T_LDV_LTP_FCEV400_N,2050,0.859143031,From MOVES5,2058,ON
T_LDV_LTP_FCEV400_N,2050,0.823059024,From MOVES5,2059,ON
T_LDV_LTP_FCEV400_N,2050,0.783552191,From MOVES5,2060,ON
T_LDV_LTP_FCEV400_N,2050,0.741240372,From MOVES5,2061,ON
T_LDV_LTP_FCEV400_N,2050,0.69676595,From MOVES5,2062,ON
T_LDV_LTP_FCEV400_N,2050,0.651476163,From MOVES5,2063,ON
T_LDV_LTP_FCEV400_N,2050,0.605221356,From MOVES5,2064,ON
T_LDV_LTP_FCEV400_N,2050,0.552567098,From MOVES5,2065,ON
T_LDV_LTP_FCEV400_N,2050,0.501730925,From MOVES5,2066,ON
T_LDV_LTP_FCEV400_N,2050,0.453063025,From MOVES5,2067,ON
T_LDV_LTP_FCEV400_N,2050,0.406850596,From MOVES5,2068,ON
T_LDV_LTP_FCEV400_N,2050,0.363724433,From MOVES5,2069,ON
T_LDV_LTP_FCEV400_N,2050,0.32407847,From MOVES5,2070,ON
T_LDV_LTP_FCEV400_N,2050,0.287781681,From MOVES5,2071,ON
T_LDV_LTP_FCEV400_N,2050,0.254686788,From MOVES5,2072,ON
T_LDV_LTP_FCEV400_N,2050,0.224888434,From MOVES5,2073,ON
T_LDV_LTP_FCEV400_N,2050,0.197901822,From MOVES5,2074,ON
T_LDV_LTP_FCEV400_N,2050,0.173955701,From MOVES5,2075,ON
T_LDV_LTP_FCEV400_N,2050,0.15255915,From MOVES5,2076,ON
T_LDV_LTP_FCEV400_N,2050,0.133489256,From MOVES5,2077,ON
T_LDV_LTP_FCEV400_N,2050,0.116803099,From MOVES5,2078,ON
T_LDV_LTP_FCEV400_N,2050,0.101969106,From MOVES5,2079,ON
T_LDV_LTP_FCEV400_N,2050,0.08891706,From MOVES5,2080,ON
T_LDV_LTP_FCEV400_N,2050,0.077446759,From MOVES5,2081,ON
T_LDV_LTP_FCEV400_N,2050,0.067378681,From MOVES5,2082,ON
T_LDV_LTP_FCEV400_N,2050,0.058552073,From MOVES5,2083,ON
T_LDV_LTP_FCEV400_N,2050,0.0508232,From MOVES5,2084,ON
T_LDV_LTP_FCEV400_N,2050,0.044063714,From MOVES5,2085,ON
T_LDV_LTP_FCEV400_N,2050,0.038159177,From MOVES5,2086,ON
T_LDV_LTP_FCEV400_N,2050,0.033007688,From MOVES5,2087,ON
T_LDV_LTP_FCEV400_N,2050,0.028518642,From MOVES5,2088,ON
T_LDV_LTP_FCEV400_N,2050,0.024611588,From MOVES5,2089,ON
T_LDV_LTP_FCEV400_N,2050,0.021215189,From MOVES5,2090,ON
T_LDV_LTP_FCEV400_N,2050,0.018266278,From MOVES5,2091,ON
T_LDV_LTP_FCEV400_N,2050,0,From MOVES5,2092,ON
T_LDV_LTP_GSL_EX,2010,1,From MOVES5,2010,ON
T_LDV_LTP_GSL_EX,2010,0.991,From MOVES5,2011,ON
T_LDV_LTP_GSL_EX,2010,0.982081,From MOVES5,2012,ON
T_LDV_LTP_GSL_EX,2010,0.973242271,From MOVES5,2013,ON
T_LDV_LTP_GSL_EX,2010,0.959616879,From MOVES5,2014,ON
T_LDV_LTP_GSL_EX,2010,0.941384159,From MOVES5,2015,ON
T_LDV_LTP_GSL_EX,2010,0.918790939,From MOVES5,2016,ON
T_LDV_LTP_GSL_EX,2010,0.891227211,From MOVES5,2017,ON
T_LDV_LTP_GSL_EX,2010,0.859143031,From MOVES5,2018,ON
T_LDV_LTP_GSL_EX,2010,0.823059024,From MOVES5,2019,ON
T_LDV_LTP_GSL_EX,2010,0.783552191,From MOVES5,2020,ON
T_LDV_LTP_GSL_EX,2010,0.741240372,From MOVES5,2021,ON
T_LDV_LTP_GSL_EX,2010,0.69676595,From MOVES5,2022,ON
T_LDV_LTP_GSL_EX,2010,0.651476163,From MOVES5,2023,ON
T_LDV_LTP_GSL_EX,2010,0.605221356,From MOVES5,2024,ON
T_LDV_LTP_GSL_EX,2010,0.552567098,From MOVES5,2025,ON
T_LDV_LTP_GSL_EX,2010,0.501730925,From MOVES5,2026,ON
T_LDV_LTP_GSL_EX,2010,0.453063025,From MOVES5,2027,ON
T_LDV_LTP_GSL_EX,2010,0.406850596,From MOVES5,2028,ON
T_LDV_LTP_GSL_EX,2010,0.363724433,From MOVES5,2029,ON
T_LDV_LTP_GSL_EX,2010,0.32407847,From MOVES5,2030,ON
T_LDV_LTP_GSL_EX,2010,0.287781681,From MOVES5,2031,ON
T_LDV_LTP_GSL_EX,2010,0.254686788,From MOVES5,2032,ON
T_LDV_LTP_GSL_EX,2010,0.224888434,From MOVES5,2033,ON
T_LDV_LTP_GSL_EX,2010,0.197901822,From MOVES5,2034,ON
T_LDV_LTP_GSL_EX,2010,0.173955701,From MOVES5,2035,ON
T_LDV_LTP_GSL_EX,2010,0.15255915,From MOVES5,2036,ON
T_LDV_LTP_GSL_EX,2010,0.133489256,From MOVES5,2037,ON
T_LDV_LTP_GSL_EX,2010,0.116803099,From MOVES5,2038,ON
T_LDV_LTP_GSL_EX,2010,0.101969106,From MOVES5,2039,ON
T_LDV_LTP_GSL_EX,2010,0.08891706,From MOVES5,2040,ON
T_LDV_LTP_GSL_EX,2010,0.077446759,From MOVES5,2041,ON
T_LDV_LTP_GSL_EX,2010,0.067378681,From MOVES5,2042,ON
T_LDV_LTP_GSL_EX,2010,0.058552073,From MOVES5,2043,ON
T_LDV_LTP_GSL_EX,2010,0.0508232,From MOVES5,2044,ON
T_LDV_LTP_GSL_EX,2010,0.044063714,From MOVES5,2045,ON
T_LDV_LTP_GSL_EX,2010,0.038159177,From MOVES5,2046,ON
T_LDV_LTP_GSL_EX,2010,0.033007688,From MOVES5,2047,ON
T_LDV_LTP_GSL_EX,2010,0.028518642,From MOVES5,2048,ON
T_LDV_LTP_GSL_EX,2010,0.024611588,From MOVES5,2049,ON
T_LDV_LTP_GSL_EX,2010,0.021215189,From MOVES5,2050,ON
T_LDV_LTP_GSL_EX,2010,0.018266278,From MOVES5,2051,ON
T_LDV_LTP_GSL_EX,2010,0,From MOVES5,2052,ON
T_LDV_LTP_GSL_EX,2015,1,From MOVES5,2015,ON
T_LDV_LTP_GSL_EX,2015,0.991,From MOVES5,2016,ON
T_LDV_LTP_GSL_EX,2015,0.982081,From MOVES5,2017,ON
T_LDV_LTP_GSL_EX,2015,0.973242271,From MOVES5,2018,ON
T_LDV_LTP_GSL_EX,2015,0.959616879,From MOVES5,2019,ON
T_LDV_LTP_GSL_EX,2015,0.941384159,From MOVES5,2020,ON
T_LDV_LTP_GSL_EX,2015,0.918790939,From MOVES5,2021,ON
T_LDV_LTP_GSL_EX,2015,0.891227211,From MOVES5,2022,ON
T_LDV_LTP_GSL_EX,2015,0.859143031,From MOVES5,2023,ON
T_LDV_LTP_GSL_EX,2015,0.823059024,From MOVES5,2024,ON
T_LDV_LTP_GSL_EX,2015,0.783552191,From MOVES5,2025,ON
T_LDV_LTP_GSL_EX,2015,0.741240372,From MOVES5,2026,ON
T_LDV_LTP_GSL_EX,2015,0.69676595,From MOVES5,2027,ON
T_LDV_LTP_GSL_EX,2015,0.651476163,From MOVES5,2028,ON
T_LDV_LTP_GSL_EX,2015,0.605221356,From MOVES5,2029,ON
T_LDV_LTP_GSL_EX,2015,0.552567098,From MOVES5,2030,ON
T_LDV_LTP_GSL_EX,2015,0.501730925,From MOVES5,2031,ON
T_LDV_LTP_GSL_EX,2015,0.453063025,From MOVES5,2032,ON
T_LDV_LTP_GSL_EX,2015,0.406850596,From MOVES5,2033,ON
T_LDV_LTP_GSL_EX,2015,0.363724433,From MOVES5,2034,ON
T_LDV_LTP_GSL_EX,2015,0.32407847,From MOVES5,2035,ON
T_LDV_LTP_GSL_EX,2015,0.287781681,From MOVES5,2036,ON
T_LDV_LTP_GSL_EX,2015,0.254686788,From MOVES5,2037,ON
T_LDV_LTP_GSL_EX,2015,0.224888434,From MOVES5,2038,ON
T_LDV_LTP_GSL_EX,2015,0.197901822,From MOVES5,2039,ON
T_LDV_LTP_GSL_EX,2015,0.173955701,From MOVES5,2040,ON
T_LDV_LTP_GSL_EX,2015,0.15255915,From MOVES5,2041,ON
T_LDV_LTP_GSL_EX,2015,0.133489256,From MOVES5,2042,ON
T_LDV_LTP_GSL_EX,2015,0.116803099,From MOVES5,2043,ON
T_LDV_LTP_GSL_EX,2015,0.101969106,From MOVES5,2044,ON
T_LDV_LTP_GSL_EX,2015,0.08891706,From MOVES5,2045,ON
T_LDV_LTP_GSL_EX,2015,0.077446759,From MOVES5,2046,ON
T_LDV_LTP_GSL_EX,2015,0.067378681,From MOVES5,2047,ON
T_LDV_LTP_GSL_EX,2015,0.058552073,From MOVES5,2048,ON
T_LDV_LTP_GSL_EX,2015,0.0508232,From MOVES5,2049,ON
T_LDV_LTP_GSL_EX,2015,0.044063714,From MOVES5,2050,ON
T_LDV_LTP_GSL_EX,2015,0.038159177,From MOVES5,2051,ON
T_LDV_LTP_GSL_EX,2015,0.033007688,From MOVES5,2052,ON
T_LDV_LTP_GSL_EX,2015,0.028518642,From MOVES5,2053,ON
T_LDV_LTP_GSL_EX,2015,0.024611588,From MOVES5,2054,ON
T_LDV_LTP_GSL_EX,2015,0.021215189,From MOVES5,2055,ON
T_LDV_LTP_GSL_EX,2015,0.018266278,From MOVES5,2056,ON
T_LDV_LTP_GSL_EX,2015,0,From MOVES5,2057,ON
T_LDV_LTP_GSL_EX,2020,1,From MOVES5,2020,ON
T_LDV_LTP_GSL_EX,2020,0.991,From MOVES5,2021,ON
T_LDV_LTP_GSL_EX,2020,0.982081,From MOVES5,2022,ON
T_LDV_LTP_GSL_EX,2020,0.973242271,From MOVES5,2023,ON
T_LDV_LTP_GSL_EX,2020,0.959616879,From MOVES5,2024,ON
T_LDV_LTP_GSL_EX,2020,0.941384159,From MOVES5,2025,ON
T_LDV_LTP_GSL_EX,2020,0.918790939,From MOVES5,2026,ON
T_LDV_LTP_GSL_EX,2020,0.891227211,From MOVES5,2027,ON
T_LDV_LTP_GSL_EX,2020,0.859143031,From MOVES5,2028,ON
T_LDV_LTP_GSL_EX,2020,0.823059024,From MOVES5,2029,ON
T_LDV_LTP_GSL_EX,2020,0.783552191,From MOVES5,2030,ON
T_LDV_LTP_GSL_EX,2020,0.741240372,From MOVES5,2031,ON
T_LDV_LTP_GSL_EX,2020,0.69676595,From MOVES5,2032,ON
T_LDV_LTP_GSL_EX,2020,0.651476163,From MOVES5,2033,ON
T_LDV_LTP_GSL_EX,2020,0.605221356,From MOVES5,2034,ON
T_LDV_LTP_GSL_EX,2020,0.552567098,From MOVES5,2035,ON
T_LDV_LTP_GSL_EX,2020,0.501730925,From MOVES5,2036,ON
T_LDV_LTP_GSL_EX,2020,0.453063025,From MOVES5,2037,ON
T_LDV_LTP_GSL_EX,2020,0.406850596,From MOVES5,2038,ON
T_LDV_LTP_GSL_EX,2020,0.363724433,From MOVES5,2039,ON
T_LDV_LTP_GSL_EX,2020,0.32407847,From MOVES5,2040,ON
T_LDV_LTP_GSL_EX,2020,0.287781681,From MOVES5,2041,ON
T_LDV_LTP_GSL_EX,2020,0.254686788,From MOVES5,2042,ON
T_LDV_LTP_GSL_EX,2020,0.224888434,From MOVES5,2043,ON
T_LDV_LTP_GSL_EX,2020,0.197901822,From MOVES5,2044,ON
T_LDV_LTP_GSL_EX,2020,0.173955701,From MOVES5,2045,ON
T_LDV_LTP_GSL_EX,2020,0.15255915,From MOVES5,2046,ON
T_LDV_LTP_GSL_EX,2020,0.133489256,From MOVES5,2047,ON
T_LDV_LTP_GSL_EX,2020,0.116803099,From MOVES5,2048,ON
T_LDV_LTP_GSL_EX,2020,0.101969106,From MOVES5,2049,ON
T_LDV_LTP_GSL_EX,2020,0.08891706,From MOVES5,2050,ON
T_LDV_LTP_GSL_EX,2020,0.077446759,From MOVES5,2051,ON
T_LDV_LTP_GSL_EX,2020,0.067378681,From MOVES5,2052,ON
T_LDV_LTP_GSL_EX,2020,0.058552073,From MOVES5,2053,ON
T_LDV_LTP_GSL_EX,2020,0.0508232,From MOVES5,2054,ON
T_LDV_LTP_GSL_EX,2020,0.044063714,From MOVES5,2055,ON
T_LDV_LTP_GSL_EX,2020,0.038159177,From MOVES5,2056,ON
T_LDV_LTP_GSL_EX,2020,0.033007688,From MOVES5,2057,ON
T_LDV_LTP_GSL_EX,2020,0.028518642,From MOVES5,2058,ON
T_LDV_LTP_GSL_EX,2020,0.024611588,From MOVES5,2059,ON
T_LDV_LTP_GSL_EX,2020,0.021215189,From MOVES5,2060,ON
T_LDV_LTP_GSL_EX,2020,0.018266278,From MOVES5,2061,ON
T_LDV_LTP_GSL_EX,2020,0,From MOVES5,2062,ON
T_LDV_LTP_GSL_HEV_EX,2015,1,From MOVES5,2015,ON
T_LDV_LTP_GSL_HEV_EX,2015,0.991,From MOVES5,2016,ON
T_LDV_LTP_GSL_HEV_EX,2015,0.982081,From MOVES5,2017,ON
T_LDV_LTP_GSL_HEV_EX,2015,0.973242271,From MOVES5,2018,ON
T_LDV_LTP_GSL_HEV_EX,2015,0.959616879,From MOVES5,2019,ON
T_LDV_LTP_GSL_HEV_EX,2015,0.941384159,From MOVES5,2020,ON
T_LDV_LTP_GSL_HEV_EX,2015,0.918790939,From MOVES5,2021,ON
T_LDV_LTP_GSL_HEV_EX,2015,0.891227211,From MOVES5,2022,ON
T_LDV_LTP_GSL_HEV_EX,2015,0.859143031,From MOVES5,2023,ON
T_LDV_LTP_GSL_HEV_EX,2015,0.823059024,From MOVES5,2024,ON
T_LDV_LTP_GSL_HEV_EX,2015,0.783552191,From MOVES5,2025,ON
T_LDV_LTP_GSL_HEV_EX,2015,0.741240372,From MOVES5,2026,ON
T_LDV_LTP_GSL_HEV_EX,2015,0.69676595,From MOVES5,2027,ON
T_LDV_LTP_GSL_HEV_EX,2015,0.651476163,From MOVES5,2028,ON
T_LDV_LTP_GSL_HEV_EX,2015,0.605221356,From MOVES5,2029,ON
T_LDV_LTP_GSL_HEV_EX,2015,0.552567098,From MOVES5,2030,ON
T_LDV_LTP_GSL_HEV_EX,2015,0.501730925,From MOVES5,2031,ON
T_LDV_LTP_GSL_HEV_EX,2015,0.453063025,From MOVES5,2032,ON
T_LDV_LTP_GSL_HEV_EX,2015,0.406850596,From MOVES5,2033,ON
T_LDV_LTP_GSL_HEV_EX,2015,0.363724433,From MOVES5,2034,ON
T_LDV_LTP_GSL_HEV_EX,2015,0.32407847,From MOVES5,2035,ON
T_LDV_LTP_GSL_HEV_EX,2015,0.287781681,From MOVES5,2036,ON
T_LDV_LTP_GSL_HEV_EX,2015,0.254686788,From MOVES5,2037,ON
T_LDV_LTP_GSL_HEV_EX,2015,0.224888434,From MOVES5,2038,ON
T_LDV_LTP_GSL_HEV_EX,2015,0.197901822,From MOVES5,2039,ON
T_LDV_LTP_GSL_HEV_EX,2015,0.173955701,From MOVES5,2040,ON
T_LDV_LTP_GSL_HEV_EX,2015,0.15255915,From MOVES5,2041,ON
T_LDV_LTP_GSL_HEV_EX,2015,0.133489256,From MOVES5,2042,ON
T_LDV_LTP_GSL_HEV_EX,2015,0.116803099,From MOVES5,2043,ON
T_LDV_LTP_GSL_HEV_EX,2015,0.101969106,From MOVES5,2044,ON
T_LDV_LTP_GSL_HEV_EX,2015,0.08891706,From MOVES5,2045,ON
T_LDV_LTP_GSL_HEV_EX,2015,0.077446759,From MOVES5,2046,ON
T_LDV_LTP_GSL_HEV_EX,2015,0.067378681,From MOVES5,2047,ON
T_LDV_LTP_GSL_HEV_EX,2015,0.058552073,From MOVES5,2048,ON
T_LDV_LTP_GSL_HEV_EX,2015,0.0508232,From MOVES5,2049,ON
T_LDV_LTP_GSL_HEV_EX,2015,0.044063714,From MOVES5,2050,ON
T_LDV_LTP_GSL_HEV_EX,2015,0.038159177,From MOVES5,2051,ON
T_LDV_LTP_GSL_HEV_EX,2015,0.033007688,From MOVES5,2052,ON
T_LDV_LTP_GSL_HEV_EX,2015,0.028518642,From MOVES5,2053,ON
T_LDV_LTP_GSL_HEV_EX,2015,0.024611588,From MOVES5,2054,ON
T_LDV_LTP_GSL_HEV_EX,2015,0.021215189,From MOVES5,2055,ON
T_LDV_LTP_GSL_HEV_EX,2015,0.018266278,From MOVES5,2056,ON
T_LDV_LTP_GSL_HEV_EX,2015,0,From MOVES5,2057,ON
T_LDV_LTP_GSL_HEV_EX,2020,1,From MOVES5,2020,ON
T_LDV_LTP_GSL_HEV_EX,2020,0.991,From MOVES5,2021,ON
T_LDV_LTP_GSL_HEV_EX,2020,0.982081,From MOVES5,2022,ON
T_LDV_LTP_GSL_HEV_EX,2020,0.973242271,From MOVES5,2023,ON
T_LDV_LTP_GSL_HEV_EX,2020,0.959616879,From MOVES5,2024,ON
T_LDV_LTP_GSL_HEV_EX,2020,0.941384159,From MOVES5,2025,ON
T_LDV_LTP_GSL_HEV_EX,2020,0.918790939,From MOVES5,2026,ON
T_LDV_LTP_GSL_HEV_EX,2020,0.891227211,From MOVES5,2027,ON
T_LDV_LTP_GSL_HEV_EX,2020,0.859143031,From MOVES5,2028,ON
T_LDV_LTP_GSL_HEV_EX,2020,0.823059024,From MOVES5,2029,ON
T_LDV_LTP_GSL_HEV_EX,2020,0.783552191,From MOVES5,2030,ON
T_LDV_LTP_GSL_HEV_EX,2020,0.741240372,From MOVES5,2031,ON
T_LDV_LTP_GSL_HEV_EX,2020,0.69676595,From MOVES5,2032,ON
T_LDV_LTP_GSL_HEV_EX,2020,0.651476163,From MOVES5,2033,ON
T_LDV_LTP_GSL_HEV_EX,2020,0.605221356,From MOVES5,2034,ON
T_LDV_LTP_GSL_HEV_EX,2020,0.552567098,From MOVES5,2035,ON
T_LDV_LTP_GSL_HEV_EX,2020,0.501730925,From MOVES5,2036,ON
T_LDV_LTP_GSL_HEV_EX,2020,0.453063025,From MOVES5,2037,ON
T_LDV_LTP_GSL_HEV_EX,2020,0.406850596,From MOVES5,2038,ON
T_LDV_LTP_GSL_HEV_EX,2020,0.363724433,From MOVES5,2039,ON
T_LDV_LTP_GSL_HEV_EX,2020,0.32407847,From MOVES5,2040,ON
T_LDV_LTP_GSL_HEV_EX,2020,0.287781681,From MOVES5,2041,ON
T_LDV_LTP_GSL_HEV_EX,2020,0.254686788,From MOVES5,2042,ON
T_LDV_LTP_GSL_HEV_EX,2020,0.224888434,From MOVES5,2043,ON
T_LDV_LTP_GSL_HEV_EX,2020,0.197901822,From MOVES5,2044,ON
T_LDV_LTP_GSL_HEV_EX,2020,0.173955701,From MOVES5,2045,ON
T_LDV_LTP_GSL_HEV_EX,2020,0.15255915,From MOVES5,2046,ON
T_LDV_LTP_GSL_HEV_EX,2020,0.133489256,From MOVES5,2047,ON
T_LDV_LTP_GSL_HEV_EX,2020,0.116803099,From MOVES5,2048,ON
T_LDV_LTP_GSL_HEV_EX,2020,0.101969106,From MOVES5,2049,ON
T_LDV_LTP_GSL_HEV_EX,2020,0.08891706,From MOVES5,2050,ON
T_LDV_LTP_GSL_HEV_EX,2020,0.077446759,From MOVES5,2051,ON
T_LDV_LTP_GSL_HEV_EX,2020,0.067378681,From MOVES5,2052,ON
T_LDV_LTP_GSL_HEV_EX,2020,0.058552073,From MOVES5,2053,ON
T_LDV_LTP_GSL_HEV_EX,2020,0.0508232,From MOVES5,2054,ON
T_LDV_LTP_GSL_HEV_EX,2020,0.044063714,From MOVES5,2055,ON
T_LDV_LTP_GSL_HEV_EX,2020,0.038159177,From MOVES5,2056,ON
T_LDV_LTP_GSL_HEV_EX,2020,0.033007688,From MOVES5,2057,ON
T_LDV_LTP_GSL_HEV_EX,2020,0.028518642,From MOVES5,2058,ON
T_LDV_LTP_GSL_HEV_EX,2020,0.024611588,From MOVES5,2059,ON
T_LDV_LTP_GSL_HEV_EX,2020,0.021215189,From MOVES5,2060,ON
T_LDV_LTP_GSL_HEV_EX,2020,0.018266278,From MOVES5,2061,ON
T_LDV_LTP_GSL_HEV_EX,2020,0,From MOVES5,2062,ON
T_LDV_LTP_GSL_HEV_N,2025,1,From MOVES5,2025,ON
T_LDV_LTP_GSL_HEV_N,2025,0.991,From MOVES5,2026,ON
T_LDV_LTP_GSL_HEV_N,2025,0.982081,From MOVES5,2027,ON
T_LDV_LTP_GSL_HEV_N,2025,0.973242271,From MOVES5,2028,ON
T_LDV_LTP_GSL_HEV_N,2025,0.959616879,From MOVES5,2029,ON
T_LDV_LTP_GSL_HEV_N,2025,0.941384159,From MOVES5,2030,ON
T_LDV_LTP_GSL_HEV_N,2025,0.918790939,From MOVES5,2031,ON
T_LDV_LTP_GSL_HEV_N,2025,0.891227211,From MOVES5,2032,ON
T_LDV_LTP_GSL_HEV_N,2025,0.859143031,From MOVES5,2033,ON
T_LDV_LTP_GSL_HEV_N,2025,0.823059024,From MOVES5,2034,ON
T_LDV_LTP_GSL_HEV_N,2025,0.783552191,From MOVES5,2035,ON
T_LDV_LTP_GSL_HEV_N,2025,0.741240372,From MOVES5,2036,ON
T_LDV_LTP_GSL_HEV_N,2025,0.69676595,From MOVES5,2037,ON
T_LDV_LTP_GSL_HEV_N,2025,0.651476163,From MOVES5,2038,ON
T_LDV_LTP_GSL_HEV_N,2025,0.605221356,From MOVES5,2039,ON
T_LDV_LTP_GSL_HEV_N,2025,0.552567098,From MOVES5,2040,ON
T_LDV_LTP_GSL_HEV_N,2025,0.501730925,From MOVES5,2041,ON
T_LDV_LTP_GSL_HEV_N,2025,0.453063025,From MOVES5,2042,ON
T_LDV_LTP_GSL_HEV_N,2025,0.406850596,From MOVES5,2043,ON
T_LDV_LTP_GSL_HEV_N,2025,0.363724433,From MOVES5,2044,ON
T_LDV_LTP_GSL_HEV_N,2025,0.32407847,From MOVES5,2045,ON
T_LDV_LTP_GSL_HEV_N,2025,0.287781681,From MOVES5,2046,ON
T_LDV_LTP_GSL_HEV_N,2025,0.254686788,From MOVES5,2047,ON
T_LDV_LTP_GSL_HEV_N,2025,0.224888434,From MOVES5,2048,ON
T_LDV_LTP_GSL_HEV_N,2025,0.197901822,From MOVES5,2049,ON
T_LDV_LTP_GSL_HEV_N,2025,0.173955701,From MOVES5,2050,ON
T_LDV_LTP_GSL_HEV_N,2025,0.15255915,From MOVES5,2051,ON
T_LDV_LTP_GSL_HEV_N,2025,0.133489256,From MOVES5,2052,ON
T_LDV_LTP_GSL_HEV_N,2025,0.116803099,From MOVES5,2053,ON
T_LDV_LTP_GSL_HEV_N,2025,0.101969106,From MOVES5,2054,ON
T_LDV_LTP_GSL_HEV_N,2025,0.08891706,From MOVES5,2055,ON
T_LDV_LTP_GSL_HEV_N,2025,0.077446759,From MOVES5,2056,ON
T_LDV_LTP_GSL_HEV_N,2025,0.067378681,From MOVES5,2057,ON
T_LDV_LTP_GSL_HEV_N,2025,0.058552073,From MOVES5,2058,ON
T_LDV_LTP_GSL_HEV_N,2025,0.0508232,From MOVES5,2059,ON
T_LDV_LTP_GSL_HEV_N,2025,0.044063714,From MOVES5,2060,ON
T_LDV_LTP_GSL_HEV_N,2025,0.038159177,From MOVES5,2061,ON
T_LDV_LTP_GSL_HEV_N,2025,0.033007688,From MOVES5,2062,ON
T_LDV_LTP_GSL_HEV_N,2025,0.028518642,From MOVES5,2063,ON
T_LDV_LTP_GSL_HEV_N,2025,0.024611588,From MOVES5,2064,ON
T_LDV_LTP_GSL_HEV_N,2025,0.021215189,From MOVES5,2065,ON
T_LDV_LTP_GSL_HEV_N,2025,0.018266278,From MOVES5,2066,ON
T_LDV_LTP_GSL_HEV_N,2025,0,From MOVES5,2067,ON
T_LDV_LTP_GSL_HEV_N,2030,1,From MOVES5,2030,ON
T_LDV_LTP_GSL_HEV_N,2030,0.991,From MOVES5,2031,ON
T_LDV_LTP_GSL_HEV_N,2030,0.982081,From MOVES5,2032,ON
T_LDV_LTP_GSL_HEV_N,2030,0.973242271,From MOVES5,2033,ON
T_LDV_LTP_GSL_HEV_N,2030,0.959616879,From MOVES5,2034,ON
T_LDV_LTP_GSL_HEV_N,2030,0.941384159,From MOVES5,2035,ON
T_LDV_LTP_GSL_HEV_N,2030,0.918790939,From MOVES5,2036,ON
T_LDV_LTP_GSL_HEV_N,2030,0.891227211,From MOVES5,2037,ON
T_LDV_LTP_GSL_HEV_N,2030,0.859143031,From MOVES5,2038,ON
T_LDV_LTP_GSL_HEV_N,2030,0.823059024,From MOVES5,2039,ON
T_LDV_LTP_GSL_HEV_N,2030,0.783552191,From MOVES5,2040,ON
T_LDV_LTP_GSL_HEV_N,2030,0.741240372,From MOVES5,2041,ON
T_LDV_LTP_GSL_HEV_N,2030,0.69676595,From MOVES5,2042,ON
T_LDV_LTP_GSL_HEV_N,2030,0.651476163,From MOVES5,2043,ON
T_LDV_LTP_GSL_HEV_N,2030,0.605221356,From MOVES5,2044,ON
T_LDV_LTP_GSL_HEV_N,2030,0.552567098,From MOVES5,2045,ON
T_LDV_LTP_GSL_HEV_N,2030,0.501730925,From MOVES5,2046,ON
T_LDV_LTP_GSL_HEV_N,2030,0.453063025,From MOVES5,2047,ON
T_LDV_LTP_GSL_HEV_N,2030,0.406850596,From MOVES5,2048,ON
T_LDV_LTP_GSL_HEV_N,2030,0.363724433,From MOVES5,2049,ON
T_LDV_LTP_GSL_HEV_N,2030,0.32407847,From MOVES5,2050,ON
T_LDV_LTP_GSL_HEV_N,2030,0.287781681,From MOVES5,2051,ON
T_LDV_LTP_GSL_HEV_N,2030,0.254686788,From MOVES5,2052,ON
T_LDV_LTP_GSL_HEV_N,2030,0.224888434,From MOVES5,2053,ON
T_LDV_LTP_GSL_HEV_N,2030,0.197901822,From MOVES5,2054,ON
T_LDV_LTP_GSL_HEV_N,2030,0.173955701,From MOVES5,2055,ON
T_LDV_LTP_GSL_HEV_N,2030,0.15255915,From MOVES5,2056,ON
T_LDV_LTP_GSL_HEV_N,2030,0.133489256,From MOVES5,2057,ON
T_LDV_LTP_GSL_HEV_N,2030,0.116803099,From MOVES5,2058,ON
T_LDV_LTP_GSL_HEV_N,2030,0.101969106,From MOVES5,2059,ON
T_LDV_LTP_GSL_HEV_N,2030,0.08891706,From MOVES5,2060,ON
T_LDV_LTP_GSL_HEV_N,2030,0.077446759,From MOVES5,2061,ON
T_LDV_LTP_GSL_HEV_N,2030,0.067378681,From MOVES5,2062,ON
T_LDV_LTP_GSL_HEV_N,2030,0.058552073,From MOVES5,2063,ON
T_LDV_LTP_GSL_HEV_N,2030,0.0508232,From MOVES5,2064,ON
T_LDV_LTP_GSL_HEV_N,2030,0.044063714,From MOVES5,2065,ON
T_LDV_LTP_GSL_HEV_N,2030,0.038159177,From MOVES5,2066,ON
T_LDV_LTP_GSL_HEV_N,2030,0.033007688,From MOVES5,2067,ON
T_LDV_LTP_GSL_HEV_N,2030,0.028518642,From MOVES5,2068,ON
T_LDV_LTP_GSL_HEV_N,2030,0.024611588,From MOVES5,2069,ON
T_LDV_LTP_GSL_HEV_N,2030,0.021215189,From MOVES5,2070,ON
T_LDV_LTP_GSL_HEV_N,2030,0.018266278,From MOVES5,2071,ON
T_LDV_LTP_GSL_HEV_N,2030,0,From MOVES5,2072,ON
T_LDV_LTP_GSL_HEV_N,2035,1,From MOVES5,2035,ON
T_LDV_LTP_GSL_HEV_N,2035,0.991,From MOVES5,2036,ON
T_LDV_LTP_GSL_HEV_N,2035,0.982081,From MOVES5,2037,ON
T_LDV_LTP_GSL_HEV_N,2035,0.973242271,From MOVES5,2038,ON
T_LDV_LTP_GSL_HEV_N,2035,0.959616879,From MOVES5,2039,ON
T_LDV_LTP_GSL_HEV_N,2035,0.941384159,From MOVES5,2040,ON
T_LDV_LTP_GSL_HEV_N,2035,0.918790939,From MOVES5,2041,ON
T_LDV_LTP_GSL_HEV_N,2035,0.891227211,From MOVES5,2042,ON
T_LDV_LTP_GSL_HEV_N,2035,0.859143031,From MOVES5,2043,ON
T_LDV_LTP_GSL_HEV_N,2035,0.823059024,From MOVES5,2044,ON
T_LDV_LTP_GSL_HEV_N,2035,0.783552191,From MOVES5,2045,ON
T_LDV_LTP_GSL_HEV_N,2035,0.741240372,From MOVES5,2046,ON
T_LDV_LTP_GSL_HEV_N,2035,0.69676595,From MOVES5,2047,ON
T_LDV_LTP_GSL_HEV_N,2035,0.651476163,From MOVES5,2048,ON
T_LDV_LTP_GSL_HEV_N,2035,0.605221356,From MOVES5,2049,ON
T_LDV_LTP_GSL_HEV_N,2035,0.552567098,From MOVES5,2050,ON
T_LDV_LTP_GSL_HEV_N,2035,0.501730925,From MOVES5,2051,ON
T_LDV_LTP_GSL_HEV_N,2035,0.453063025,From MOVES5,2052,ON
T_LDV_LTP_GSL_HEV_N,2035,0.406850596,From MOVES5,2053,ON
T_LDV_LTP_GSL_HEV_N,2035,0.363724433,From MOVES5,2054,ON
T_LDV_LTP_GSL_HEV_N,2035,0.32407847,From MOVES5,2055,ON
T_LDV_LTP_GSL_HEV_N,2035,0.287781681,From MOVES5,2056,ON
T_LDV_LTP_GSL_HEV_N,2035,0.254686788,From MOVES5,2057,ON
T_LDV_LTP_GSL_HEV_N,2035,0.224888434,From MOVES5,2058,ON
T_LDV_LTP_GSL_HEV_N,2035,0.197901822,From MOVES5,2059,ON
T_LDV_LTP_GSL_HEV_N,2035,0.173955701,From MOVES5,2060,ON
T_LDV_LTP_GSL_HEV_N,2035,0.15255915,From MOVES5,2061,ON
T_LDV_LTP_GSL_HEV_N,2035,0.133489256,From MOVES5,2062,ON
T_LDV_LTP_GSL_HEV_N,2035,0.116803099,From MOVES5,2063,ON
T_LDV_LTP_GSL_HEV_N,2035,0.101969106,From MOVES5,2064,ON
T_LDV_LTP_GSL_HEV_N,2035,0.08891706,From MOVES5,2065,ON
T_LDV_LTP_GSL_HEV_N,2035,0.077446759,From MOVES5,2066,ON
T_LDV_LTP_GSL_HEV_N,2035,0.067378681,From MOVES5,2067,ON
T_LDV_LTP_GSL_HEV_N,2035,0.058552073,From MOVES5,2068,ON
T_LDV_LTP_GSL_HEV_N,2035,0.0508232,From MOVES5,2069,ON
T_LDV_LTP_GSL_HEV_N,2035,0.044063714,From MOVES5,2070,ON
T_LDV_LTP_GSL_HEV_N,2035,0.038159177,From MOVES5,2071,ON
T_LDV_LTP_GSL_HEV_N,2035,0.033007688,From MOVES5,2072,ON
T_LDV_LTP_GSL_HEV_N,2035,0.028518642,From MOVES5,2073,ON
T_LDV_LTP_GSL_HEV_N,2035,0.024611588,From MOVES5,2074,ON
T_LDV_LTP_GSL_HEV_N,2035,0.021215189,From MOVES5,2075,ON
T_LDV_LTP_GSL_HEV_N,2035,0.018266278,From MOVES5,2076,ON
T_LDV_LTP_GSL_HEV_N,2035,0,From MOVES5,2077,ON
T_LDV_LTP_GSL_HEV_N,2040,1,From MOVES5,2040,ON
T_LDV_LTP_GSL_HEV_N,2040,0.991,From MOVES5,2041,ON
T_LDV_LTP_GSL_HEV_N,2040,0.982081,From MOVES5,2042,ON
T_LDV_LTP_GSL_HEV_N,2040,0.973242271,From MOVES5,2043,ON
T_LDV_LTP_GSL_HEV_N,2040,0.959616879,From MOVES5,2044,ON
T_LDV_LTP_GSL_HEV_N,2040,0.941384159,From MOVES5,2045,ON
T_LDV_LTP_GSL_HEV_N,2040,0.918790939,From MOVES5,2046,ON
T_LDV_LTP_GSL_HEV_N,2040,0.891227211,From MOVES5,2047,ON
T_LDV_LTP_GSL_HEV_N,2040,0.859143031,From MOVES5,2048,ON
T_LDV_LTP_GSL_HEV_N,2040,0.823059024,From MOVES5,2049,ON
T_LDV_LTP_GSL_HEV_N,2040,0.783552191,From MOVES5,2050,ON
T_LDV_LTP_GSL_HEV_N,2040,0.741240372,From MOVES5,2051,ON
T_LDV_LTP_GSL_HEV_N,2040,0.69676595,From MOVES5,2052,ON
T_LDV_LTP_GSL_HEV_N,2040,0.651476163,From MOVES5,2053,ON
T_LDV_LTP_GSL_HEV_N,2040,0.605221356,From MOVES5,2054,ON
T_LDV_LTP_GSL_HEV_N,2040,0.552567098,From MOVES5,2055,ON
T_LDV_LTP_GSL_HEV_N,2040,0.501730925,From MOVES5,2056,ON
T_LDV_LTP_GSL_HEV_N,2040,0.453063025,From MOVES5,2057,ON
T_LDV_LTP_GSL_HEV_N,2040,0.406850596,From MOVES5,2058,ON
T_LDV_LTP_GSL_HEV_N,2040,0.363724433,From MOVES5,2059,ON
T_LDV_LTP_GSL_HEV_N,2040,0.32407847,From MOVES5,2060,ON
T_LDV_LTP_GSL_HEV_N,2040,0.287781681,From MOVES5,2061,ON
T_LDV_LTP_GSL_HEV_N,2040,0.254686788,From MOVES5,2062,ON
T_LDV_LTP_GSL_HEV_N,2040,0.224888434,From MOVES5,2063,ON
T_LDV_LTP_GSL_HEV_N,2040,0.197901822,From MOVES5,2064,ON
T_LDV_LTP_GSL_HEV_N,2040,0.173955701,From MOVES5,2065,ON
T_LDV_LTP_GSL_HEV_N,2040,0.15255915,From MOVES5,2066,ON
T_LDV_LTP_GSL_HEV_N,2040,0.133489256,From MOVES5,2067,ON
T_LDV_LTP_GSL_HEV_N,2040,0.116803099,From MOVES5,2068,ON
T_LDV_LTP_GSL_HEV_N,2040,0.101969106,From MOVES5,2069,ON
T_LDV_LTP_GSL_HEV_N,2040,0.08891706,From MOVES5,2070,ON
T_LDV_LTP_GSL_HEV_N,2040,0.077446759,From MOVES5,2071,ON
T_LDV_LTP_GSL_HEV_N,2040,0.067378681,From MOVES5,2072,ON
T_LDV_LTP_GSL_HEV_N,2040,0.058552073,From MOVES5,2073,ON
T_LDV_LTP_GSL_HEV_N,2040,0.0508232,From MOVES5,2074,ON
T_LDV_LTP_GSL_HEV_N,2040,0.044063714,From MOVES5,2075,ON
T_LDV_LTP_GSL_HEV_N,2040,0.038159177,From MOVES5,2076,ON
T_LDV_LTP_GSL_HEV_N,2040,0.033007688,From MOVES5,2077,ON
T_LDV_LTP_GSL_HEV_N,2040,0.028518642,From MOVES5,2078,ON
T_LDV_LTP_GSL_HEV_N,2040,0.024611588,From MOVES5,2079,ON
T_LDV_LTP_GSL_HEV_N,2040,0.021215189,From MOVES5,2080,ON
T_LDV_LTP_GSL_HEV_N,2040,0.018266278,From MOVES5,2081,ON
T_LDV_LTP_GSL_HEV_N,2040,0,From MOVES5,2082,ON
T_LDV_LTP_GSL_HEV_N,2045,1,From MOVES5,2045,ON
T_LDV_LTP_GSL_HEV_N,2045,0.991,From MOVES5,2046,ON
T_LDV_LTP_GSL_HEV_N,2045,0.982081,From MOVES5,2047,ON
T_LDV_LTP_GSL_HEV_N,2045,0.973242271,From MOVES5,2048,ON
T_LDV_LTP_GSL_HEV_N,2045,0.959616879,From MOVES5,2049,ON
T_LDV_LTP_GSL_HEV_N,2045,0.941384159,From MOVES5,2050,ON
T_LDV_LTP_GSL_HEV_N,2045,0.918790939,From MOVES5,2051,ON
T_LDV_LTP_GSL_HEV_N,2045,0.891227211,From MOVES5,2052,ON
T_LDV_LTP_GSL_HEV_N,2045,0.859143031,From MOVES5,2053,ON
T_LDV_LTP_GSL_HEV_N,2045,0.823059024,From MOVES5,2054,ON
T_LDV_LTP_GSL_HEV_N,2045,0.783552191,From MOVES5,2055,ON
T_LDV_LTP_GSL_HEV_N,2045,0.741240372,From MOVES5,2056,ON
T_LDV_LTP_GSL_HEV_N,2045,0.69676595,From MOVES5,2057,ON
T_LDV_LTP_GSL_HEV_N,2045,0.651476163,From MOVES5,2058,ON
T_LDV_LTP_GSL_HEV_N,2045,0.605221356,From MOVES5,2059,ON
T_LDV_LTP_GSL_HEV_N,2045,0.552567098,From MOVES5,2060,ON
T_LDV_LTP_GSL_HEV_N,2045,0.501730925,From MOVES5,2061,ON
T_LDV_LTP_GSL_HEV_N,2045,0.453063025,From MOVES5,2062,ON
T_LDV_LTP_GSL_HEV_N,2045,0.406850596,From MOVES5,2063,ON
T_LDV_LTP_GSL_HEV_N,2045,0.363724433,From MOVES5,2064,ON
T_LDV_LTP_GSL_HEV_N,2045,0.32407847,From MOVES5,2065,ON
T_LDV_LTP_GSL_HEV_N,2045,0.287781681,From MOVES5,2066,ON
T_LDV_LTP_GSL_HEV_N,2045,0.254686788,From MOVES5,2067,ON
T_LDV_LTP_GSL_HEV_N,2045,0.224888434,From MOVES5,2068,ON
T_LDV_LTP_GSL_HEV_N,2045,0.197901822,From MOVES5,2069,ON
T_LDV_LTP_GSL_HEV_N,2045,0.173955701,From MOVES5,2070,ON
T_LDV_LTP_GSL_HEV_N,2045,0.15255915,From MOVES5,2071,ON
T_LDV_LTP_GSL_HEV_N,2045,0.133489256,From MOVES5,2072,ON
T_LDV_LTP_GSL_HEV_N,2045,0.116803099,From MOVES5,2073,ON
T_LDV_LTP_GSL_HEV_N,2045,0.101969106,From MOVES5,2074,ON
T_LDV_LTP_GSL_HEV_N,2045,0.08891706,From MOVES5,2075,ON
T_LDV_LTP_GSL_HEV_N,2045,0.077446759,From MOVES5,2076,ON
T_LDV_LTP_GSL_HEV_N,2045,0.067378681,From MOVES5,2077,ON
T_LDV_LTP_GSL_HEV_N,2045,0.058552073,From MOVES5,2078,ON
T_LDV_LTP_GSL_HEV_N,2045,0.0508232,From MOVES5,2079,ON
T_LDV_LTP_GSL_HEV_N,2045,0.044063714,From MOVES5,2080,ON
T_LDV_LTP_GSL_HEV_N,2045,0.038159177,From MOVES5,2081,ON
T_LDV_LTP_GSL_HEV_N,2045,0.033007688,From MOVES5,2082,ON
T_LDV_LTP_GSL_HEV_N,2045,0.028518642,From MOVES5,2083,ON
T_LDV_LTP_GSL_HEV_N,2045,0.024611588,From MOVES5,2084,ON
T_LDV_LTP_GSL_HEV_N,2045,0.021215189,From MOVES5,2085,ON
T_LDV_LTP_GSL_HEV_N,2045,0.018266278,From MOVES5,2086,ON
T_LDV_LTP_GSL_HEV_N,2045,0,From MOVES5,2087,ON
T_LDV_LTP_GSL_HEV_N,2050,1,From MOVES5,2050,ON
T_LDV_LTP_GSL_HEV_N,2050,0.991,From MOVES5,2051,ON
T_LDV_LTP_GSL_HEV_N,2050,0.982081,From MOVES5,2052,ON
T_LDV_LTP_GSL_HEV_N,2050,0.973242271,From MOVES5,2053,ON
T_LDV_LTP_GSL_HEV_N,2050,0.959616879,From MOVES5,2054,ON
T_LDV_LTP_GSL_HEV_N,2050,0.941384159,From MOVES5,2055,ON
T_LDV_LTP_GSL_HEV_N,2050,0.918790939,From MOVES5,2056,ON
T_LDV_LTP_GSL_HEV_N,2050,0.891227211,From MOVES5,2057,ON
T_LDV_LTP_GSL_HEV_N,2050,0.859143031,From MOVES5,2058,ON
T_LDV_LTP_GSL_HEV_N,2050,0.823059024,From MOVES5,2059,ON
T_LDV_LTP_GSL_HEV_N,2050,0.783552191,From MOVES5,2060,ON
T_LDV_LTP_GSL_HEV_N,2050,0.741240372,From MOVES5,2061,ON
T_LDV_LTP_GSL_HEV_N,2050,0.69676595,From MOVES5,2062,ON
T_LDV_LTP_GSL_HEV_N,2050,0.651476163,From MOVES5,2063,ON
T_LDV_LTP_GSL_HEV_N,2050,0.605221356,From MOVES5,2064,ON
T_LDV_LTP_GSL_HEV_N,2050,0.552567098,From MOVES5,2065,ON
T_LDV_LTP_GSL_HEV_N,2050,0.501730925,From MOVES5,2066,ON
T_LDV_LTP_GSL_HEV_N,2050,0.453063025,From MOVES5,2067,ON
T_LDV_LTP_GSL_HEV_N,2050,0.406850596,From MOVES5,2068,ON
T_LDV_LTP_GSL_HEV_N,2050,0.363724433,From MOVES5,2069,ON
T_LDV_LTP_GSL_HEV_N,2050,0.32407847,From MOVES5,2070,ON
T_LDV_LTP_GSL_HEV_N,2050,0.287781681,From MOVES5,2071,ON
T_LDV_LTP_GSL_HEV_N,2050,0.254686788,From MOVES5,2072,ON
T_LDV_LTP_GSL_HEV_N,2050,0.224888434,From MOVES5,2073,ON
T_LDV_LTP_GSL_HEV_N,2050,0.197901822,From MOVES5,2074,ON
T_LDV_LTP_GSL_HEV_N,2050,0.173955701,From MOVES5,2075,ON
T_LDV_LTP_GSL_HEV_N,2050,0.15255915,From MOVES5,2076,ON
T_LDV_LTP_GSL_HEV_N,2050,0.133489256,From MOVES5,2077,ON
T_LDV_LTP_GSL_HEV_N,2050,0.116803099,From MOVES5,2078,ON
T_LDV_LTP_GSL_HEV_N,2050,0.101969106,From MOVES5,2079,ON
T_LDV_LTP_GSL_HEV_N,2050,0.08891706,From MOVES5,2080,ON
T_LDV_LTP_GSL_HEV_N,2050,0.077446759,From MOVES5,2081,ON
T_LDV_LTP_GSL_HEV_N,2050,0.067378681,From MOVES5,2082,ON
T_LDV_LTP_GSL_HEV_N,2050,0.058552073,From MOVES5,2083,ON
T_LDV_LTP_GSL_HEV_N,2050,0.0508232,From MOVES5,2084,ON
T_LDV_LTP_GSL_HEV_N,2050,0.044063714,From MOVES5,2085,ON
T_LDV_LTP_GSL_HEV_N,2050,0.038159177,From MOVES5,2086,ON
T_LDV_LTP_GSL_HEV_N,2050,0.033007688,From MOVES5,2087,ON
T_LDV_LTP_GSL_HEV_N,2050,0.028518642,From MOVES5,2088,ON
T_LDV_LTP_GSL_HEV_N,2050,0.024611588,From MOVES5,2089,ON
T_LDV_LTP_GSL_HEV_N,2050,0.021215189,From MOVES5,2090,ON
T_LDV_LTP_GSL_HEV_N,2050,0.018266278,From MOVES5,2091,ON
T_LDV_LTP_GSL_HEV_N,2050,0,From MOVES5,2092,ON
T_LDV_LTP_GSL_N,2025,1,From MOVES5,2025,ON
T_LDV_LTP_GSL_N,2025,0.991,From MOVES5,2026,ON
T_LDV_LTP_GSL_N,2025,0.982081,From MOVES5,2027,ON
T_LDV_LTP_GSL_N,2025,0.973242271,From MOVES5,2028,ON
T_LDV_LTP_GSL_N,2025,0.959616879,From MOVES5,2029,ON
T_LDV_LTP_GSL_N,2025,0.941384159,From MOVES5,2030,ON
T_LDV_LTP_GSL_N,2025,0.918790939,From MOVES5,2031,ON
T_LDV_LTP_GSL_N,2025,0.891227211,From MOVES5,2032,ON
T_LDV_LTP_GSL_N,2025,0.859143031,From MOVES5,2033,ON
T_LDV_LTP_GSL_N,2025,0.823059024,From MOVES5,2034,ON
T_LDV_LTP_GSL_N,2025,0.783552191,From MOVES5,2035,ON
T_LDV_LTP_GSL_N,2025,0.741240372,From MOVES5,2036,ON
T_LDV_LTP_GSL_N,2025,0.69676595,From MOVES5,2037,ON
T_LDV_LTP_GSL_N,2025,0.651476163,From MOVES5,2038,ON
T_LDV_LTP_GSL_N,2025,0.605221356,From MOVES5,2039,ON
T_LDV_LTP_GSL_N,2025,0.552567098,From MOVES5,2040,ON
T_LDV_LTP_GSL_N,2025,0.501730925,From MOVES5,2041,ON
T_LDV_LTP_GSL_N,2025,0.453063025,From MOVES5,2042,ON
T_LDV_LTP_GSL_N,2025,0.406850596,From MOVES5,2043,ON
T_LDV_LTP_GSL_N,2025,0.363724433,From MOVES5,2044,ON
T_LDV_LTP_GSL_N,2025,0.32407847,From MOVES5,2045,ON
T_LDV_LTP_GSL_N,2025,0.287781681,From MOVES5,2046,ON
T_LDV_LTP_GSL_N,2025,0.254686788,From MOVES5,2047,ON
T_LDV_LTP_GSL_N,2025,0.224888434,From MOVES5,2048,ON
T_LDV_LTP_GSL_N,2025,0.197901822,From MOVES5,2049,ON
T_LDV_LTP_GSL_N,2025,0.173955701,From MOVES5,2050,ON
T_LDV_LTP_GSL_N,2025,0.15255915,From MOVES5,2051,ON
T_LDV_LTP_GSL_N,2025,0.133489256,From MOVES5,2052,ON
T_LDV_LTP_GSL_N,2025,0.116803099,From MOVES5,2053,ON
T_LDV_LTP_GSL_N,2025,0.101969106,From MOVES5,2054,ON
T_LDV_LTP_GSL_N,2025,0.08891706,From MOVES5,2055,ON
T_LDV_LTP_GSL_N,2025,0.077446759,From MOVES5,2056,ON
T_LDV_LTP_GSL_N,2025,0.067378681,From MOVES5,2057,ON
T_LDV_LTP_GSL_N,2025,0.058552073,From MOVES5,2058,ON
T_LDV_LTP_GSL_N,2025,0.0508232,From MOVES5,2059,ON
T_LDV_LTP_GSL_N,2025,0.044063714,From MOVES5,2060,ON
T_LDV_LTP_GSL_N,2025,0.038159177,From MOVES5,2061,ON
T_LDV_LTP_GSL_N,2025,0.033007688,From MOVES5,2062,ON
T_LDV_LTP_GSL_N,2025,0.028518642,From MOVES5,2063,ON
T_LDV_LTP_GSL_N,2025,0.024611588,From MOVES5,2064,ON
T_LDV_LTP_GSL_N,2025,0.021215189,From MOVES5,2065,ON
T_LDV_LTP_GSL_N,2025,0.018266278,From MOVES5,2066,ON
T_LDV_LTP_GSL_N,2025,0,From MOVES5,2067,ON
T_LDV_LTP_GSL_N,2030,1,From MOVES5,2030,ON
T_LDV_LTP_GSL_N,2030,0.991,From MOVES5,2031,ON
T_LDV_LTP_GSL_N,2030,0.982081,From MOVES5,2032,ON
T_LDV_LTP_GSL_N,2030,0.973242271,From MOVES5,2033,ON
T_LDV_LTP_GSL_N,2030,0.959616879,From MOVES5,2034,ON
T_LDV_LTP_GSL_N,2030,0.941384159,From MOVES5,2035,ON
T_LDV_LTP_GSL_N,2030,0.918790939,From MOVES5,2036,ON
T_LDV_LTP_GSL_N,2030,0.891227211,From MOVES5,2037,ON
T_LDV_LTP_GSL_N,2030,0.859143031,From MOVES5,2038,ON
T_LDV_LTP_GSL_N,2030,0.823059024,From MOVES5,2039,ON
T_LDV_LTP_GSL_N,2030,0.783552191,From MOVES5,2040,ON
T_LDV_LTP_GSL_N,2030,0.741240372,From MOVES5,2041,ON
T_LDV_LTP_GSL_N,2030,0.69676595,From MOVES5,2042,ON
T_LDV_LTP_GSL_N,2030,0.651476163,From MOVES5,2043,ON
T_LDV_LTP_GSL_N,2030,0.605221356,From MOVES5,2044,ON
T_LDV_LTP_GSL_N,2030,0.552567098,From MOVES5,2045,ON
T_LDV_LTP_GSL_N,2030,0.501730925,From MOVES5,2046,ON
T_LDV_LTP_GSL_N,2030,0.453063025,From MOVES5,2047,ON
T_LDV_LTP_GSL_N,2030,0.406850596,From MOVES5,2048,ON
T_LDV_LTP_GSL_N,2030,0.363724433,From MOVES5,2049,ON
T_LDV_LTP_GSL_N,2030,0.32407847,From MOVES5,2050,ON
T_LDV_LTP_GSL_N,2030,0.287781681,From MOVES5,2051,ON
T_LDV_LTP_GSL_N,2030,0.254686788,From MOVES5,2052,ON
T_LDV_LTP_GSL_N,2030,0.224888434,From MOVES5,2053,ON
T_LDV_LTP_GSL_N,2030,0.197901822,From MOVES5,2054,ON
T_LDV_LTP_GSL_N,2030,0.173955701,From MOVES5,2055,ON
T_LDV_LTP_GSL_N,2030,0.15255915,From MOVES5,2056,ON
T_LDV_LTP_GSL_N,2030,0.133489256,From MOVES5,2057,ON
T_LDV_LTP_GSL_N,2030,0.116803099,From MOVES5,2058,ON
T_LDV_LTP_GSL_N,2030,0.101969106,From MOVES5,2059,ON
T_LDV_LTP_GSL_N,2030,0.08891706,From MOVES5,2060,ON
T_LDV_LTP_GSL_N,2030,0.077446759,From MOVES5,2061,ON
T_LDV_LTP_GSL_N,2030,0.067378681,From MOVES5,2062,ON
T_LDV_LTP_GSL_N,2030,0.058552073,From MOVES5,2063,ON
T_LDV_LTP_GSL_N,2030,0.0508232,From MOVES5,2064,ON
T_LDV_LTP_GSL_N,2030,0.044063714,From MOVES5,2065,ON
T_LDV_LTP_GSL_N,2030,0.038159177,From MOVES5,2066,ON
T_LDV_LTP_GSL_N,2030,0.033007688,From MOVES5,2067,ON
T_LDV_LTP_GSL_N,2030,0.028518642,From MOVES5,2068,ON
T_LDV_LTP_GSL_N,2030,0.024611588,From MOVES5,2069,ON
T_LDV_LTP_GSL_N,2030,0.021215189,From MOVES5,2070,ON
T_LDV_LTP_GSL_N,2030,0.018266278,From MOVES5,2071,ON
T_LDV_LTP_GSL_N,2030,0,From MOVES5,2072,ON
T_LDV_LTP_GSL_N,2035,1,From MOVES5,2035,ON
T_LDV_LTP_GSL_N,2035,0.991,From MOVES5,2036,ON
T_LDV_LTP_GSL_N,2035,0.982081,From MOVES5,2037,ON
T_LDV_LTP_GSL_N,2035,0.973242271,From MOVES5,2038,ON
T_LDV_LTP_GSL_N,2035,0.959616879,From MOVES5,2039,ON
T_LDV_LTP_GSL_N,2035,0.941384159,From MOVES5,2040,ON
T_LDV_LTP_GSL_N,2035,0.918790939,From MOVES5,2041,ON
T_LDV_LTP_GSL_N,2035,0.891227211,From MOVES5,2042,ON
T_LDV_LTP_GSL_N,2035,0.859143031,From MOVES5,2043,ON
T_LDV_LTP_GSL_N,2035,0.823059024,From MOVES5,2044,ON
T_LDV_LTP_GSL_N,2035,0.783552191,From MOVES5,2045,ON
T_LDV_LTP_GSL_N,2035,0.741240372,From MOVES5,2046,ON
T_LDV_LTP_GSL_N,2035,0.69676595,From MOVES5,2047,ON
T_LDV_LTP_GSL_N,2035,0.651476163,From MOVES5,2048,ON
T_LDV_LTP_GSL_N,2035,0.605221356,From MOVES5,2049,ON
T_LDV_LTP_GSL_N,2035,0.552567098,From MOVES5,2050,ON
T_LDV_LTP_GSL_N,2035,0.501730925,From MOVES5,2051,ON
T_LDV_LTP_GSL_N,2035,0.453063025,From MOVES5,2052,ON
T_LDV_LTP_GSL_N,2035,0.406850596,From MOVES5,2053,ON
T_LDV_LTP_GSL_N,2035,0.363724433,From MOVES5,2054,ON
T_LDV_LTP_GSL_N,2035,0.32407847,From MOVES5,2055,ON
T_LDV_LTP_GSL_N,2035,0.287781681,From MOVES5,2056,ON
T_LDV_LTP_GSL_N,2035,0.254686788,From MOVES5,2057,ON
T_LDV_LTP_GSL_N,2035,0.224888434,From MOVES5,2058,ON
T_LDV_LTP_GSL_N,2035,0.197901822,From MOVES5,2059,ON
T_LDV_LTP_GSL_N,2035,0.173955701,From MOVES5,2060,ON
T_LDV_LTP_GSL_N,2035,0.15255915,From MOVES5,2061,ON
T_LDV_LTP_GSL_N,2035,0.133489256,From MOVES5,2062,ON
T_LDV_LTP_GSL_N,2035,0.116803099,From MOVES5,2063,ON
T_LDV_LTP_GSL_N,2035,0.101969106,From MOVES5,2064,ON
T_LDV_LTP_GSL_N,2035,0.08891706,From MOVES5,2065,ON
T_LDV_LTP_GSL_N,2035,0.077446759,From MOVES5,2066,ON
T_LDV_LTP_GSL_N,2035,0.067378681,From MOVES5,2067,ON
T_LDV_LTP_GSL_N,2035,0.058552073,From MOVES5,2068,ON
T_LDV_LTP_GSL_N,2035,0.0508232,From MOVES5,2069,ON
T_LDV_LTP_GSL_N,2035,0.044063714,From MOVES5,2070,ON
T_LDV_LTP_GSL_N,2035,0.038159177,From MOVES5,2071,ON
T_LDV_LTP_GSL_N,2035,0.033007688,From MOVES5,2072,ON
T_LDV_LTP_GSL_N,2035,0.028518642,From MOVES5,2073,ON
T_LDV_LTP_GSL_N,2035,0.024611588,From MOVES5,2074,ON
T_LDV_LTP_GSL_N,2035,0.021215189,From MOVES5,2075,ON
T_LDV_LTP_GSL_N,2035,0.018266278,From MOVES5,2076,ON
T_LDV_LTP_GSL_N,2035,0,From MOVES5,2077,ON
T_LDV_LTP_GSL_N,2040,1,From MOVES5,2040,ON
T_LDV_LTP_GSL_N,2040,0.991,From MOVES5,2041,ON
T_LDV_LTP_GSL_N,2040,0.982081,From MOVES5,2042,ON
T_LDV_LTP_GSL_N,2040,0.973242271,From MOVES5,2043,ON
T_LDV_LTP_GSL_N,2040,0.959616879,From MOVES5,2044,ON
T_LDV_LTP_GSL_N,2040,0.941384159,From MOVES5,2045,ON
T_LDV_LTP_GSL_N,2040,0.918790939,From MOVES5,2046,ON
T_LDV_LTP_GSL_N,2040,0.891227211,From MOVES5,2047,ON
T_LDV_LTP_GSL_N,2040,0.859143031,From MOVES5,2048,ON
T_LDV_LTP_GSL_N,2040,0.823059024,From MOVES5,2049,ON
T_LDV_LTP_GSL_N,2040,0.783552191,From MOVES5,2050,ON
T_LDV_LTP_GSL_N,2040,0.741240372,From MOVES5,2051,ON
T_LDV_LTP_GSL_N,2040,0.69676595,From MOVES5,2052,ON
T_LDV_LTP_GSL_N,2040,0.651476163,From MOVES5,2053,ON
T_LDV_LTP_GSL_N,2040,0.605221356,From MOVES5,2054,ON
T_LDV_LTP_GSL_N,2040,0.552567098,From MOVES5,2055,ON
T_LDV_LTP_GSL_N,2040,0.501730925,From MOVES5,2056,ON
T_LDV_LTP_GSL_N,2040,0.453063025,From MOVES5,2057,ON
T_LDV_LTP_GSL_N,2040,0.406850596,From MOVES5,2058,ON
T_LDV_LTP_GSL_N,2040,0.363724433,From MOVES5,2059,ON
T_LDV_LTP_GSL_N,2040,0.32407847,From MOVES5,2060,ON
T_LDV_LTP_GSL_N,2040,0.287781681,From MOVES5,2061,ON
T_LDV_LTP_GSL_N,2040,0.254686788,From MOVES5,2062,ON
T_LDV_LTP_GSL_N,2040,0.224888434,From MOVES5,2063,ON
T_LDV_LTP_GSL_N,2040,0.197901822,From MOVES5,2064,ON
T_LDV_LTP_GSL_N,2040,0.173955701,From MOVES5,2065,ON
T_LDV_LTP_GSL_N,2040,0.15255915,From MOVES5,2066,ON
T_LDV_LTP_GSL_N,2040,0.133489256,From MOVES5,2067,ON
T_LDV_LTP_GSL_N,2040,0.116803099,From MOVES5,2068,ON
T_LDV_LTP_GSL_N,2040,0.101969106,From MOVES5,2069,ON
T_LDV_LTP_GSL_N,2040,0.08891706,From MOVES5,2070,ON
T_LDV_LTP_GSL_N,2040,0.077446759,From MOVES5,2071,ON
T_LDV_LTP_GSL_N,2040,0.067378681,From MOVES5,2072,ON
T_LDV_LTP_GSL_N,2040,0.058552073,From MOVES5,2073,ON
T_LDV_LTP_GSL_N,2040,0.0508232,From MOVES5,2074,ON
T_LDV_LTP_GSL_N,2040,0.044063714,From MOVES5,2075,ON
T_LDV_LTP_GSL_N,2040,0.038159177,From MOVES5,2076,ON
T_LDV_LTP_GSL_N,2040,0.033007688,From MOVES5,2077,ON
T_LDV_LTP_GSL_N,2040,0.028518642,From MOVES5,2078,ON
T_LDV_LTP_GSL_N,2040,0.024611588,From MOVES5,2079,ON
T_LDV_LTP_GSL_N,2040,0.021215189,From MOVES5,2080,ON
T_LDV_LTP_GSL_N,2040,0.018266278,From MOVES5,2081,ON
T_LDV_LTP_GSL_N,2040,0,From MOVES5,2082,ON
T_LDV_LTP_GSL_N,2045,1,From MOVES5,2045,ON
T_LDV_LTP_GSL_N,2045,0.991,From MOVES5,2046,ON
T_LDV_LTP_GSL_N,2045,0.982081,From MOVES5,2047,ON
T_LDV_LTP_GSL_N,2045,0.973242271,From MOVES5,2048,ON
T_LDV_LTP_GSL_N,2045,0.959616879,From MOVES5,2049,ON
T_LDV_LTP_GSL_N,2045,0.941384159,From MOVES5,2050,ON
T_LDV_LTP_GSL_N,2045,0.918790939,From MOVES5,2051,ON
T_LDV_LTP_GSL_N,2045,0.891227211,From MOVES5,2052,ON
T_LDV_LTP_GSL_N,2045,0.859143031,From MOVES5,2053,ON
T_LDV_LTP_GSL_N,2045,0.823059024,From MOVES5,2054,ON
T_LDV_LTP_GSL_N,2045,0.783552191,From MOVES5,2055,ON
T_LDV_LTP_GSL_N,2045,0.741240372,From MOVES5,2056,ON
T_LDV_LTP_GSL_N,2045,0.69676595,From MOVES5,2057,ON
T_LDV_LTP_GSL_N,2045,0.651476163,From MOVES5,2058,ON
T_LDV_LTP_GSL_N,2045,0.605221356,From MOVES5,2059,ON
T_LDV_LTP_GSL_N,2045,0.552567098,From MOVES5,2060,ON
T_LDV_LTP_GSL_N,2045,0.501730925,From MOVES5,2061,ON
T_LDV_LTP_GSL_N,2045,0.453063025,From MOVES5,2062,ON
T_LDV_LTP_GSL_N,2045,0.406850596,From MOVES5,2063,ON
T_LDV_LTP_GSL_N,2045,0.363724433,From MOVES5,2064,ON
T_LDV_LTP_GSL_N,2045,0.32407847,From MOVES5,2065,ON
T_LDV_LTP_GSL_N,2045,0.287781681,From MOVES5,2066,ON
T_LDV_LTP_GSL_N,2045,0.254686788,From MOVES5,2067,ON
T_LDV_LTP_GSL_N,2045,0.224888434,From MOVES5,2068,ON
T_LDV_LTP_GSL_N,2045,0.197901822,From MOVES5,2069,ON
T_LDV_LTP_GSL_N,2045,0.173955701,From MOVES5,2070,ON
T_LDV_LTP_GSL_N,2045,0.15255915,From MOVES5,2071,ON
T_LDV_LTP_GSL_N,2045,0.133489256,From MOVES5,2072,ON
T_LDV_LTP_GSL_N,2045,0.116803099,From MOVES5,2073,ON
T_LDV_LTP_GSL_N,2045,0.101969106,From MOVES5,2074,ON
T_LDV_LTP_GSL_N,2045,0.08891706,From MOVES5,2075,ON
T_LDV_LTP_GSL_N,2045,0.077446759,From MOVES5,2076,ON
T_LDV_LTP_GSL_N,2045,0.067378681,From MOVES5,2077,ON
T_LDV_LTP_GSL_N,2045,0.058552073,From MOVES5,2078,ON
T_LDV_LTP_GSL_N,2045,0.0508232,From MOVES5,2079,ON
T_LDV_LTP_GSL_N,2045,0.044063714,From MOVES5,2080,ON
T_LDV_LTP_GSL_N,2045,0.038159177,From MOVES5,2081,ON
T_LDV_LTP_GSL_N,2045,0.033007688,From MOVES5,2082,ON
T_LDV_LTP_GSL_N,2045,0.028518642,From MOVES5,2083,ON
T_LDV_LTP_GSL_N,2045,0.024611588,From MOVES5,2084,ON
T_LDV_LTP_GSL_N,2045,0.021215189,From MOVES5,2085,ON
T_LDV_LTP_GSL_N,2045,0.018266278,From MOVES5,2086,ON
T_LDV_LTP_GSL_N,2045,0,From MOVES5,2087,ON
T_LDV_LTP_GSL_N,2050,1,From MOVES5,2050,ON
T_LDV_LTP_GSL_N,2050,0.991,From MOVES5,2051,ON
T_LDV_LTP_GSL_N,2050,0.982081,From MOVES5,2052,ON
T_LDV_LTP_GSL_N,2050,0.973242271,From MOVES5,2053,ON
T_LDV_LTP_GSL_N,2050,0.959616879,From MOVES5,2054,ON
T_LDV_LTP_GSL_N,2050,0.941384159,From MOVES5,2055,ON
T_LDV_LTP_GSL_N,2050,0.918790939,From MOVES5,2056,ON
T_LDV_LTP_GSL_N,2050,0.891227211,From MOVES5,2057,ON
T_LDV_LTP_GSL_N,2050,0.859143031,From MOVES5,2058,ON
T_LDV_LTP_GSL_N,2050,0.823059024,From MOVES5,2059,ON
T_LDV_LTP_GSL_N,2050,0.783552191,From MOVES5,2060,ON
T_LDV_LTP_GSL_N,2050,0.741240372,From MOVES5,2061,ON
T_LDV_LTP_GSL_N,2050,0.69676595,From MOVES5,2062,ON
T_LDV_LTP_GSL_N,2050,0.651476163,From MOVES5,2063,ON
T_LDV_LTP_GSL_N,2050,0.605221356,From MOVES5,2064,ON
T_LDV_LTP_GSL_N,2050,0.552567098,From MOVES5,2065,ON
T_LDV_LTP_GSL_N,2050,0.501730925,From MOVES5,2066,ON
T_LDV_LTP_GSL_N,2050,0.453063025,From MOVES5,2067,ON
T_LDV_LTP_GSL_N,2050,0.406850596,From MOVES5,2068,ON
T_LDV_LTP_GSL_N,2050,0.363724433,From MOVES5,2069,ON
T_LDV_LTP_GSL_N,2050,0.32407847,From MOVES5,2070,ON
T_LDV_LTP_GSL_N,2050,0.287781681,From MOVES5,2071,ON
T_LDV_LTP_GSL_N,2050,0.254686788,From MOVES5,2072,ON
T_LDV_LTP_GSL_N,2050,0.224888434,From MOVES5,2073,ON
T_LDV_LTP_GSL_N,2050,0.197901822,From MOVES5,2074,ON
T_LDV_LTP_GSL_N,2050,0.173955701,From MOVES5,2075,ON
T_LDV_LTP_GSL_N,2050,0.15255915,From MOVES5,2076,ON
T_LDV_LTP_GSL_N,2050,0.133489256,From MOVES5,2077,ON
T_LDV_LTP_GSL_N,2050,0.116803099,From MOVES5,2078,ON
T_LDV_LTP_GSL_N,2050,0.101969106,From MOVES5,2079,ON
T_LDV_LTP_GSL_N,2050,0.08891706,From MOVES5,2080,ON
T_LDV_LTP_GSL_N,2050,0.077446759,From MOVES5,2081,ON
T_LDV_LTP_GSL_N,2050,0.067378681,From MOVES5,2082,ON
T_LDV_LTP_GSL_N,2050,0.058552073,From MOVES5,2083,ON
T_LDV_LTP_GSL_N,2050,0.0508232,From MOVES5,2084,ON
T_LDV_LTP_GSL_N,2050,0.044063714,From MOVES5,2085,ON
T_LDV_LTP_GSL_N,2050,0.038159177,From MOVES5,2086,ON
T_LDV_LTP_GSL_N,2050,0.033007688,From MOVES5,2087,ON
T_LDV_LTP_GSL_N,2050,0.028518642,From MOVES5,2088,ON
T_LDV_LTP_GSL_N,2050,0.024611588,From MOVES5,2089,ON
T_LDV_LTP_GSL_N,2050,0.021215189,From MOVES5,2090,ON
T_LDV_LTP_GSL_N,2050,0.018266278,From MOVES5,2091,ON
T_LDV_LTP_GSL_N,2050,0,From MOVES5,2092,ON
T_LDV_LTP_GSL_PHEV35_EX,2015,1,From MOVES5,2015,ON
T_LDV_LTP_GSL_PHEV35_EX,2015,0.991,From MOVES5,2016,ON
T_LDV_LTP_GSL_PHEV35_EX,2015,0.982081,From MOVES5,2017,ON
T_LDV_LTP_GSL_PHEV35_EX,2015,0.973242271,From MOVES5,2018,ON
T_LDV_LTP_GSL_PHEV35_EX,2015,0.959616879,From MOVES5,2019,ON
T_LDV_LTP_GSL_PHEV35_EX,2015,0.941384159,From MOVES5,2020,ON
T_LDV_LTP_GSL_PHEV35_EX,2015,0.918790939,From MOVES5,2021,ON
T_LDV_LTP_GSL_PHEV35_EX,2015,0.891227211,From MOVES5,2022,ON
T_LDV_LTP_GSL_PHEV35_EX,2015,0.859143031,From MOVES5,2023,ON
T_LDV_LTP_GSL_PHEV35_EX,2015,0.823059024,From MOVES5,2024,ON
T_LDV_LTP_GSL_PHEV35_EX,2015,0.783552191,From MOVES5,2025,ON
T_LDV_LTP_GSL_PHEV35_EX,2015,0.741240372,From MOVES5,2026,ON
T_LDV_LTP_GSL_PHEV35_EX,2015,0.69676595,From MOVES5,2027,ON
T_LDV_LTP_GSL_PHEV35_EX,2015,0.651476163,From MOVES5,2028,ON
T_LDV_LTP_GSL_PHEV35_EX,2015,0.605221356,From MOVES5,2029,ON
T_LDV_LTP_GSL_PHEV35_EX,2015,0.552567098,From MOVES5,2030,ON
T_LDV_LTP_GSL_PHEV35_EX,2015,0.501730925,From MOVES5,2031,ON
T_LDV_LTP_GSL_PHEV35_EX,2015,0.453063025,From MOVES5,2032,ON
T_LDV_LTP_GSL_PHEV35_EX,2015,0.406850596,From MOVES5,2033,ON
T_LDV_LTP_GSL_PHEV35_EX,2015,0.363724433,From MOVES5,2034,ON
T_LDV_LTP_GSL_PHEV35_EX,2015,0.32407847,From MOVES5,2035,ON
T_LDV_LTP_GSL_PHEV35_EX,2015,0.287781681,From MOVES5,2036,ON
T_LDV_LTP_GSL_PHEV35_EX,2015,0.254686788,From MOVES5,2037,ON
T_LDV_LTP_GSL_PHEV35_EX,2015,0.224888434,From MOVES5,2038,ON
T_LDV_LTP_GSL_PHEV35_EX,2015,0.197901822,From MOVES5,2039,ON
T_LDV_LTP_GSL_PHEV35_EX,2015,0.173955701,From MOVES5,2040,ON
T_LDV_LTP_GSL_PHEV35_EX,2015,0.15255915,From MOVES5,2041,ON
T_LDV_LTP_GSL_PHEV35_EX,2015,0.133489256,From MOVES5,2042,ON
T_LDV_LTP_GSL_PHEV35_EX,2015,0.116803099,From MOVES5,2043,ON
T_LDV_LTP_GSL_PHEV35_EX,2015,0.101969106,From MOVES5,2044,ON
T_LDV_LTP_GSL_PHEV35_EX,2015,0.08891706,From MOVES5,2045,ON
T_LDV_LTP_GSL_PHEV35_EX,2015,0.077446759,From MOVES5,2046,ON
T_LDV_LTP_GSL_PHEV35_EX,2015,0.067378681,From MOVES5,2047,ON
T_LDV_LTP_GSL_PHEV35_EX,2015,0.058552073,From MOVES5,2048,ON
T_LDV_LTP_GSL_PHEV35_EX,2015,0.0508232,From MOVES5,2049,ON
T_LDV_LTP_GSL_PHEV35_EX,2015,0.044063714,From MOVES5,2050,ON
T_LDV_LTP_GSL_PHEV35_EX,2015,0.038159177,From MOVES5,2051,ON
T_LDV_LTP_GSL_PHEV35_EX,2015,0.033007688,From MOVES5,2052,ON
T_LDV_LTP_GSL_PHEV35_EX,2015,0.028518642,From MOVES5,2053,ON
T_LDV_LTP_GSL_PHEV35_EX,2015,0.024611588,From MOVES5,2054,ON
T_LDV_LTP_GSL_PHEV35_EX,2015,0.021215189,From MOVES5,2055,ON
T_LDV_LTP_GSL_PHEV35_EX,2015,0.018266278,From MOVES5,2056,ON
T_LDV_LTP_GSL_PHEV35_EX,2015,0,From MOVES5,2057,ON
T_LDV_LTP_GSL_PHEV35_EX,2020,1,From MOVES5,2020,ON
T_LDV_LTP_GSL_PHEV35_EX,2020,0.991,From MOVES5,2021,ON
T_LDV_LTP_GSL_PHEV35_EX,2020,0.982081,From MOVES5,2022,ON
T_LDV_LTP_GSL_PHEV35_EX,2020,0.973242271,From MOVES5,2023,ON
T_LDV_LTP_GSL_PHEV35_EX,2020,0.959616879,From MOVES5,2024,ON
T_LDV_LTP_GSL_PHEV35_EX,2020,0.941384159,From MOVES5,2025,ON
T_LDV_LTP_GSL_PHEV35_EX,2020,0.918790939,From MOVES5,2026,ON
T_LDV_LTP_GSL_PHEV35_EX,2020,0.891227211,From MOVES5,2027,ON
T_LDV_LTP_GSL_PHEV35_EX,2020,0.859143031,From MOVES5,2028,ON
T_LDV_LTP_GSL_PHEV35_EX,2020,0.823059024,From MOVES5,2029,ON
T_LDV_LTP_GSL_PHEV35_EX,2020,0.783552191,From MOVES5,2030,ON
T_LDV_LTP_GSL_PHEV35_EX,2020,0.741240372,From MOVES5,2031,ON
T_LDV_LTP_GSL_PHEV35_EX,2020,0.69676595,From MOVES5,2032,ON
T_LDV_LTP_GSL_PHEV35_EX,2020,0.651476163,From MOVES5,2033,ON
T_LDV_LTP_GSL_PHEV35_EX,2020,0.605221356,From MOVES5,2034,ON
T_LDV_LTP_GSL_PHEV35_EX,2020,0.552567098,From MOVES5,2035,ON
T_LDV_LTP_GSL_PHEV35_EX,2020,0.501730925,From MOVES5,2036,ON
T_LDV_LTP_GSL_PHEV35_EX,2020,0.453063025,From MOVES5,2037,ON
T_LDV_LTP_GSL_PHEV35_EX,2020,0.406850596,From MOVES5,2038,ON
T_LDV_LTP_GSL_PHEV35_EX,2020,0.363724433,From MOVES5,2039,ON
T_LDV_LTP_GSL_PHEV35_EX,2020,0.32407847,From MOVES5,2040,ON
T_LDV_LTP_GSL_PHEV35_EX,2020,0.287781681,From MOVES5,2041,ON
T_LDV_LTP_GSL_PHEV35_EX,2020,0.254686788,From MOVES5,2042,ON
T_LDV_LTP_GSL_PHEV35_EX,2020,0.224888434,From MOVES5,2043,ON
T_LDV_LTP_GSL_PHEV35_EX,2020,0.197901822,From MOVES5,2044,ON
T_LDV_LTP_GSL_PHEV35_EX,2020,0.173955701,From MOVES5,2045,ON
T_LDV_LTP_GSL_PHEV35_EX,2020,0.15255915,From MOVES5,2046,ON
T_LDV_LTP_GSL_PHEV35_EX,2020,0.133489256,From MOVES5,2047,ON
T_LDV_LTP_GSL_PHEV35_EX,2020,0.116803099,From MOVES5,2048,ON
T_LDV_LTP_GSL_PHEV35_EX,2020,0.101969106,From MOVES5,2049,ON
T_LDV_LTP_GSL_PHEV35_EX,2020,0.08891706,From MOVES5,2050,ON
T_LDV_LTP_GSL_PHEV35_EX,2020,0.077446759,From MOVES5,2051,ON
T_LDV_LTP_GSL_PHEV35_EX,2020,0.067378681,From MOVES5,2052,ON
T_LDV_LTP_GSL_PHEV35_EX,2020,0.058552073,From MOVES5,2053,ON
T_LDV_LTP_GSL_PHEV35_EX,2020,0.0508232,From MOVES5,2054,ON
T_LDV_LTP_GSL_PHEV35_EX,2020,0.044063714,From MOVES5,2055,ON
T_LDV_LTP_GSL_PHEV35_EX,2020,0.038159177,From MOVES5,2056,ON
T_LDV_LTP_GSL_PHEV35_EX,2020,0.033007688,From MOVES5,2057,ON
T_LDV_LTP_GSL_PHEV35_EX,2020,0.028518642,From MOVES5,2058,ON
T_LDV_LTP_GSL_PHEV35_EX,2020,0.024611588,From MOVES5,2059,ON
T_LDV_LTP_GSL_PHEV35_EX,2020,0.021215189,From MOVES5,2060,ON
T_LDV_LTP_GSL_PHEV35_EX,2020,0.018266278,From MOVES5,2061,ON
T_LDV_LTP_GSL_PHEV35_EX,2020,0,From MOVES5,2062,ON
T_LDV_LTP_GSL_PHEV35_N,2025,1,From MOVES5,2025,ON
T_LDV_LTP_GSL_PHEV35_N,2025,0.991,From MOVES5,2026,ON
T_LDV_LTP_GSL_PHEV35_N,2025,0.982081,From MOVES5,2027,ON
T_LDV_LTP_GSL_PHEV35_N,2025,0.973242271,From MOVES5,2028,ON
T_LDV_LTP_GSL_PHEV35_N,2025,0.959616879,From MOVES5,2029,ON
T_LDV_LTP_GSL_PHEV35_N,2025,0.941384159,From MOVES5,2030,ON
T_LDV_LTP_GSL_PHEV35_N,2025,0.918790939,From MOVES5,2031,ON
T_LDV_LTP_GSL_PHEV35_N,2025,0.891227211,From MOVES5,2032,ON
T_LDV_LTP_GSL_PHEV35_N,2025,0.859143031,From MOVES5,2033,ON
T_LDV_LTP_GSL_PHEV35_N,2025,0.823059024,From MOVES5,2034,ON
T_LDV_LTP_GSL_PHEV35_N,2025,0.783552191,From MOVES5,2035,ON
T_LDV_LTP_GSL_PHEV35_N,2025,0.741240372,From MOVES5,2036,ON
T_LDV_LTP_GSL_PHEV35_N,2025,0.69676595,From MOVES5,2037,ON
T_LDV_LTP_GSL_PHEV35_N,2025,0.651476163,From MOVES5,2038,ON
T_LDV_LTP_GSL_PHEV35_N,2025,0.605221356,From MOVES5,2039,ON
T_LDV_LTP_GSL_PHEV35_N,2025,0.552567098,From MOVES5,2040,ON
T_LDV_LTP_GSL_PHEV35_N,2025,0.501730925,From MOVES5,2041,ON
T_LDV_LTP_GSL_PHEV35_N,2025,0.453063025,From MOVES5,2042,ON
T_LDV_LTP_GSL_PHEV35_N,2025,0.406850596,From MOVES5,2043,ON
T_LDV_LTP_GSL_PHEV35_N,2025,0.363724433,From MOVES5,2044,ON
T_LDV_LTP_GSL_PHEV35_N,2025,0.32407847,From MOVES5,2045,ON
T_LDV_LTP_GSL_PHEV35_N,2025,0.287781681,From MOVES5,2046,ON
T_LDV_LTP_GSL_PHEV35_N,2025,0.254686788,From MOVES5,2047,ON
T_LDV_LTP_GSL_PHEV35_N,2025,0.224888434,From MOVES5,2048,ON
T_LDV_LTP_GSL_PHEV35_N,2025,0.197901822,From MOVES5,2049,ON
T_LDV_LTP_GSL_PHEV35_N,2025,0.173955701,From MOVES5,2050,ON
T_LDV_LTP_GSL_PHEV35_N,2025,0.15255915,From MOVES5,2051,ON
T_LDV_LTP_GSL_PHEV35_N,2025,0.133489256,From MOVES5,2052,ON
T_LDV_LTP_GSL_PHEV35_N,2025,0.116803099,From MOVES5,2053,ON
T_LDV_LTP_GSL_PHEV35_N,2025,0.101969106,From MOVES5,2054,ON
T_LDV_LTP_GSL_PHEV35_N,2025,0.08891706,From MOVES5,2055,ON
T_LDV_LTP_GSL_PHEV35_N,2025,0.077446759,From MOVES5,2056,ON
T_LDV_LTP_GSL_PHEV35_N,2025,0.067378681,From MOVES5,2057,ON
T_LDV_LTP_GSL_PHEV35_N,2025,0.058552073,From MOVES5,2058,ON
T_LDV_LTP_GSL_PHEV35_N,2025,0.0508232,From MOVES5,2059,ON
T_LDV_LTP_GSL_PHEV35_N,2025,0.044063714,From MOVES5,2060,ON
T_LDV_LTP_GSL_PHEV35_N,2025,0.038159177,From MOVES5,2061,ON
T_LDV_LTP_GSL_PHEV35_N,2025,0.033007688,From MOVES5,2062,ON
T_LDV_LTP_GSL_PHEV35_N,2025,0.028518642,From MOVES5,2063,ON
T_LDV_LTP_GSL_PHEV35_N,2025,0.024611588,From MOVES5,2064,ON
T_LDV_LTP_GSL_PHEV35_N,2025,0.021215189,From MOVES5,2065,ON
T_LDV_LTP_GSL_PHEV35_N,2025,0.018266278,From MOVES5,2066,ON
T_LDV_LTP_GSL_PHEV35_N,2025,0,From MOVES5,2067,ON
T_LDV_LTP_GSL_PHEV35_N,2030,1,From MOVES5,2030,ON
T_LDV_LTP_GSL_PHEV35_N,2030,0.991,From MOVES5,2031,ON
T_LDV_LTP_GSL_PHEV35_N,2030,0.982081,From MOVES5,2032,ON
T_LDV_LTP_GSL_PHEV35_N,2030,0.973242271,From MOVES5,2033,ON
T_LDV_LTP_GSL_PHEV35_N,2030,0.959616879,From MOVES5,2034,ON
T_LDV_LTP_GSL_PHEV35_N,2030,0.941384159,From MOVES5,2035,ON
T_LDV_LTP_GSL_PHEV35_N,2030,0.918790939,From MOVES5,2036,ON
T_LDV_LTP_GSL_PHEV35_N,2030,0.891227211,From MOVES5,2037,ON
T_LDV_LTP_GSL_PHEV35_N,2030,0.859143031,From MOVES5,2038,ON
T_LDV_LTP_GSL_PHEV35_N,2030,0.823059024,From MOVES5,2039,ON
T_LDV_LTP_GSL_PHEV35_N,2030,0.783552191,From MOVES5,2040,ON
T_LDV_LTP_GSL_PHEV35_N,2030,0.741240372,From MOVES5,2041,ON
T_LDV_LTP_GSL_PHEV35_N,2030,0.69676595,From MOVES5,2042,ON
T_LDV_LTP_GSL_PHEV35_N,2030,0.651476163,From MOVES5,2043,ON
T_LDV_LTP_GSL_PHEV35_N,2030,0.605221356,From MOVES5,2044,ON
T_LDV_LTP_GSL_PHEV35_N,2030,0.552567098,From MOVES5,2045,ON
T_LDV_LTP_GSL_PHEV35_N,2030,0.501730925,From MOVES5,2046,ON
T_LDV_LTP_GSL_PHEV35_N,2030,0.453063025,From MOVES5,2047,ON
T_LDV_LTP_GSL_PHEV35_N,2030,0.406850596,From MOVES5,2048,ON
T_LDV_LTP_GSL_PHEV35_N,2030,0.363724433,From MOVES5,2049,ON
T_LDV_LTP_GSL_PHEV35_N,2030,0.32407847,From MOVES5,2050,ON
T_LDV_LTP_GSL_PHEV35_N,2030,0.287781681,From MOVES5,2051,ON
T_LDV_LTP_GSL_PHEV35_N,2030,0.254686788,From MOVES5,2052,ON
T_LDV_LTP_GSL_PHEV35_N,2030,0.224888434,From MOVES5,2053,ON
T_LDV_LTP_GSL_PHEV35_N,2030,0.197901822,From MOVES5,2054,ON
T_LDV_LTP_GSL_PHEV35_N,2030,0.173955701,From MOVES5,2055,ON
T_LDV_LTP_GSL_PHEV35_N,2030,0.15255915,From MOVES5,2056,ON
T_LDV_LTP_GSL_PHEV35_N,2030,0.133489256,From MOVES5,2057,ON
T_LDV_LTP_GSL_PHEV35_N,2030,0.116803099,From MOVES5,2058,ON
T_LDV_LTP_GSL_PHEV35_N,2030,0.101969106,From MOVES5,2059,ON
T_LDV_LTP_GSL_PHEV35_N,2030,0.08891706,From MOVES5,2060,ON
T_LDV_LTP_GSL_PHEV35_N,2030,0.077446759,From MOVES5,2061,ON
T_LDV_LTP_GSL_PHEV35_N,2030,0.067378681,From MOVES5,2062,ON
T_LDV_LTP_GSL_PHEV35_N,2030,0.058552073,From MOVES5,2063,ON
T_LDV_LTP_GSL_PHEV35_N,2030,0.0508232,From MOVES5,2064,ON
T_LDV_LTP_GSL_PHEV35_N,2030,0.044063714,From MOVES5,2065,ON
T_LDV_LTP_GSL_PHEV35_N,2030,0.038159177,From MOVES5,2066,ON
T_LDV_LTP_GSL_PHEV35_N,2030,0.033007688,From MOVES5,2067,ON
T_LDV_LTP_GSL_PHEV35_N,2030,0.028518642,From MOVES5,2068,ON
T_LDV_LTP_GSL_PHEV35_N,2030,0.024611588,From MOVES5,2069,ON
T_LDV_LTP_GSL_PHEV35_N,2030,0.021215189,From MOVES5,2070,ON
T_LDV_LTP_GSL_PHEV35_N,2030,0.018266278,From MOVES5,2071,ON
T_LDV_LTP_GSL_PHEV35_N,2030,0,From MOVES5,2072,ON
T_LDV_LTP_GSL_PHEV35_N,2035,1,From MOVES5,2035,ON
T_LDV_LTP_GSL_PHEV35_N,2035,0.991,From MOVES5,2036,ON
T_LDV_LTP_GSL_PHEV35_N,2035,0.982081,From MOVES5,2037,ON
T_LDV_LTP_GSL_PHEV35_N,2035,0.973242271,From MOVES5,2038,ON
T_LDV_LTP_GSL_PHEV35_N,2035,0.959616879,From MOVES5,2039,ON
T_LDV_LTP_GSL_PHEV35_N,2035,0.941384159,From MOVES5,2040,ON
T_LDV_LTP_GSL_PHEV35_N,2035,0.918790939,From MOVES5,2041,ON
T_LDV_LTP_GSL_PHEV35_N,2035,0.891227211,From MOVES5,2042,ON
T_LDV_LTP_GSL_PHEV35_N,2035,0.859143031,From MOVES5,2043,ON
T_LDV_LTP_GSL_PHEV35_N,2035,0.823059024,From MOVES5,2044,ON
T_LDV_LTP_GSL_PHEV35_N,2035,0.783552191,From MOVES5,2045,ON
T_LDV_LTP_GSL_PHEV35_N,2035,0.741240372,From MOVES5,2046,ON
T_LDV_LTP_GSL_PHEV35_N,2035,0.69676595,From MOVES5,2047,ON
T_LDV_LTP_GSL_PHEV35_N,2035,0.651476163,From MOVES5,2048,ON
T_LDV_LTP_GSL_PHEV35_N,2035,0.605221356,From MOVES5,2049,ON
T_LDV_LTP_GSL_PHEV35_N,2035,0.552567098,From MOVES5,2050,ON
T_LDV_LTP_GSL_PHEV35_N,2035,0.501730925,From MOVES5,2051,ON
T_LDV_LTP_GSL_PHEV35_N,2035,0.453063025,From MOVES5,2052,ON
T_LDV_LTP_GSL_PHEV35_N,2035,0.406850596,From MOVES5,2053,ON
T_LDV_LTP_GSL_PHEV35_N,2035,0.363724433,From MOVES5,2054,ON
T_LDV_LTP_GSL_PHEV35_N,2035,0.32407847,From MOVES5,2055,ON
T_LDV_LTP_GSL_PHEV35_N,2035,0.287781681,From MOVES5,2056,ON
T_LDV_LTP_GSL_PHEV35_N,2035,0.254686788,From MOVES5,2057,ON
T_LDV_LTP_GSL_PHEV35_N,2035,0.224888434,From MOVES5,2058,ON
T_LDV_LTP_GSL_PHEV35_N,2035,0.197901822,From MOVES5,2059,ON
T_LDV_LTP_GSL_PHEV35_N,2035,0.173955701,From MOVES5,2060,ON
T_LDV_LTP_GSL_PHEV35_N,2035,0.15255915,From MOVES5,2061,ON
T_LDV_LTP_GSL_PHEV35_N,2035,0.133489256,From MOVES5,2062,ON
T_LDV_LTP_GSL_PHEV35_N,2035,0.116803099,From MOVES5,2063,ON
T_LDV_LTP_GSL_PHEV35_N,2035,0.101969106,From MOVES5,2064,ON
T_LDV_LTP_GSL_PHEV35_N,2035,0.08891706,From MOVES5,2065,ON
T_LDV_LTP_GSL_PHEV35_N,2035,0.077446759,From MOVES5,2066,ON
T_LDV_LTP_GSL_PHEV35_N,2035,0.067378681,From MOVES5,2067,ON
T_LDV_LTP_GSL_PHEV35_N,2035,0.058552073,From MOVES5,2068,ON
T_LDV_LTP_GSL_PHEV35_N,2035,0.0508232,From MOVES5,2069,ON
T_LDV_LTP_GSL_PHEV35_N,2035,0.044063714,From MOVES5,2070,ON
T_LDV_LTP_GSL_PHEV35_N,2035,0.038159177,From MOVES5,2071,ON
T_LDV_LTP_GSL_PHEV35_N,2035,0.033007688,From MOVES5,2072,ON
T_LDV_LTP_GSL_PHEV35_N,2035,0.028518642,From MOVES5,2073,ON
T_LDV_LTP_GSL_PHEV35_N,2035,0.024611588,From MOVES5,2074,ON
T_LDV_LTP_GSL_PHEV35_N,2035,0.021215189,From MOVES5,2075,ON
T_LDV_LTP_GSL_PHEV35_N,2035,0.018266278,From MOVES5,2076,ON
T_LDV_LTP_GSL_PHEV35_N,2035,0,From MOVES5,2077,ON
T_LDV_LTP_GSL_PHEV35_N,2040,1,From MOVES5,2040,ON
T_LDV_LTP_GSL_PHEV35_N,2040,0.991,From MOVES5,2041,ON
T_LDV_LTP_GSL_PHEV35_N,2040,0.982081,From MOVES5,2042,ON
T_LDV_LTP_GSL_PHEV35_N,2040,0.973242271,From MOVES5,2043,ON
T_LDV_LTP_GSL_PHEV35_N,2040,0.959616879,From MOVES5,2044,ON
T_LDV_LTP_GSL_PHEV35_N,2040,0.941384159,From MOVES5,2045,ON
T_LDV_LTP_GSL_PHEV35_N,2040,0.918790939,From MOVES5,2046,ON
T_LDV_LTP_GSL_PHEV35_N,2040,0.891227211,From MOVES5,2047,ON
T_LDV_LTP_GSL_PHEV35_N,2040,0.859143031,From MOVES5,2048,ON
T_LDV_LTP_GSL_PHEV35_N,2040,0.823059024,From MOVES5,2049,ON
T_LDV_LTP_GSL_PHEV35_N,2040,0.783552191,From MOVES5,2050,ON
T_LDV_LTP_GSL_PHEV35_N,2040,0.741240372,From MOVES5,2051,ON
T_LDV_LTP_GSL_PHEV35_N,2040,0.69676595,From MOVES5,2052,ON
T_LDV_LTP_GSL_PHEV35_N,2040,0.651476163,From MOVES5,2053,ON
T_LDV_LTP_GSL_PHEV35_N,2040,0.605221356,From MOVES5,2054,ON
T_LDV_LTP_GSL_PHEV35_N,2040,0.552567098,From MOVES5,2055,ON
T_LDV_LTP_GSL_PHEV35_N,2040,0.501730925,From MOVES5,2056,ON
T_LDV_LTP_GSL_PHEV35_N,2040,0.453063025,From MOVES5,2057,ON
T_LDV_LTP_GSL_PHEV35_N,2040,0.406850596,From MOVES5,2058,ON
T_LDV_LTP_GSL_PHEV35_N,2040,0.363724433,From MOVES5,2059,ON
T_LDV_LTP_GSL_PHEV35_N,2040,0.32407847,From MOVES5,2060,ON
T_LDV_LTP_GSL_PHEV35_N,2040,0.287781681,From MOVES5,2061,ON
T_LDV_LTP_GSL_PHEV35_N,2040,0.254686788,From MOVES5,2062,ON
T_LDV_LTP_GSL_PHEV35_N,2040,0.224888434,From MOVES5,2063,ON
T_LDV_LTP_GSL_PHEV35_N,2040,0.197901822,From MOVES5,2064,ON
T_LDV_LTP_GSL_PHEV35_N,2040,0.173955701,From MOVES5,2065,ON
T_LDV_LTP_GSL_PHEV35_N,2040,0.15255915,From MOVES5,2066,ON
T_LDV_LTP_GSL_PHEV35_N,2040,0.133489256,From MOVES5,2067,ON
T_LDV_LTP_GSL_PHEV35_N,2040,0.116803099,From MOVES5,2068,ON
T_LDV_LTP_GSL_PHEV35_N,2040,0.101969106,From MOVES5,2069,ON
T_LDV_LTP_GSL_PHEV35_N,2040,0.08891706,From MOVES5,2070,ON
T_LDV_LTP_GSL_PHEV35_N,2040,0.077446759,From MOVES5,2071,ON
T_LDV_LTP_GSL_PHEV35_N,2040,0.067378681,From MOVES5,2072,ON
T_LDV_LTP_GSL_PHEV35_N,2040,0.058552073,From MOVES5,2073,ON
T_LDV_LTP_GSL_PHEV35_N,2040,0.0508232,From MOVES5,2074,ON
T_LDV_LTP_GSL_PHEV35_N,2040,0.044063714,From MOVES5,2075,ON
T_LDV_LTP_GSL_PHEV35_N,2040,0.038159177,From MOVES5,2076,ON
T_LDV_LTP_GSL_PHEV35_N,2040,0.033007688,From MOVES5,2077,ON
T_LDV_LTP_GSL_PHEV35_N,2040,0.028518642,From MOVES5,2078,ON
T_LDV_LTP_GSL_PHEV35_N,2040,0.024611588,From MOVES5,2079,ON
T_LDV_LTP_GSL_PHEV35_N,2040,0.021215189,From MOVES5,2080,ON
T_LDV_LTP_GSL_PHEV35_N,2040,0.018266278,From MOVES5,2081,ON
T_LDV_LTP_GSL_PHEV35_N,2040,0,From MOVES5,2082,ON
T_LDV_LTP_GSL_PHEV35_N,2045,1,From MOVES5,2045,ON
T_LDV_LTP_GSL_PHEV35_N,2045,0.991,From MOVES5,2046,ON
T_LDV_LTP_GSL_PHEV35_N,2045,0.982081,From MOVES5,2047,ON
T_LDV_LTP_GSL_PHEV35_N,2045,0.973242271,From MOVES5,2048,ON
T_LDV_LTP_GSL_PHEV35_N,2045,0.959616879,From MOVES5,2049,ON
T_LDV_LTP_GSL_PHEV35_N,2045,0.941384159,From MOVES5,2050,ON
T_LDV_LTP_GSL_PHEV35_N,2045,0.918790939,From MOVES5,2051,ON
T_LDV_LTP_GSL_PHEV35_N,2045,0.891227211,From MOVES5,2052,ON
T_LDV_LTP_GSL_PHEV35_N,2045,0.859143031,From MOVES5,2053,ON
T_LDV_LTP_GSL_PHEV35_N,2045,0.823059024,From MOVES5,2054,ON
T_LDV_LTP_GSL_PHEV35_N,2045,0.783552191,From MOVES5,2055,ON
T_LDV_LTP_GSL_PHEV35_N,2045,0.741240372,From MOVES5,2056,ON
T_LDV_LTP_GSL_PHEV35_N,2045,0.69676595,From MOVES5,2057,ON
T_LDV_LTP_GSL_PHEV35_N,2045,0.651476163,From MOVES5,2058,ON
T_LDV_LTP_GSL_PHEV35_N,2045,0.605221356,From MOVES5,2059,ON
T_LDV_LTP_GSL_PHEV35_N,2045,0.552567098,From MOVES5,2060,ON
T_LDV_LTP_GSL_PHEV35_N,2045,0.501730925,From MOVES5,2061,ON
T_LDV_LTP_GSL_PHEV35_N,2045,0.453063025,From MOVES5,2062,ON
T_LDV_LTP_GSL_PHEV35_N,2045,0.406850596,From MOVES5,2063,ON
T_LDV_LTP_GSL_PHEV35_N,2045,0.363724433,From MOVES5,2064,ON
T_LDV_LTP_GSL_PHEV35_N,2045,0.32407847,From MOVES5,2065,ON
T_LDV_LTP_GSL_PHEV35_N,2045,0.287781681,From MOVES5,2066,ON
T_LDV_LTP_GSL_PHEV35_N,2045,0.254686788,From MOVES5,2067,ON
T_LDV_LTP_GSL_PHEV35_N,2045,0.224888434,From MOVES5,2068,ON
T_LDV_LTP_GSL_PHEV35_N,2045,0.197901822,From MOVES5,2069,ON
T_LDV_LTP_GSL_PHEV35_N,2045,0.173955701,From MOVES5,2070,ON
T_LDV_LTP_GSL_PHEV35_N,2045,0.15255915,From MOVES5,2071,ON
T_LDV_LTP_GSL_PHEV35_N,2045,0.133489256,From MOVES5,2072,ON
T_LDV_LTP_GSL_PHEV35_N,2045,0.116803099,From MOVES5,2073,ON
T_LDV_LTP_GSL_PHEV35_N,2045,0.101969106,From MOVES5,2074,ON
T_LDV_LTP_GSL_PHEV35_N,2045,0.08891706,From MOVES5,2075,ON
T_LDV_LTP_GSL_PHEV35_N,2045,0.077446759,From MOVES5,2076,ON
T_LDV_LTP_GSL_PHEV35_N,2045,0.067378681,From MOVES5,2077,ON
T_LDV_LTP_GSL_PHEV35_N,2045,0.058552073,From MOVES5,2078,ON
T_LDV_LTP_GSL_PHEV35_N,2045,0.0508232,From MOVES5,2079,ON
T_LDV_LTP_GSL_PHEV35_N,2045,0.044063714,From MOVES5,2080,ON
T_LDV_LTP_GSL_PHEV35_N,2045,0.038159177,From MOVES5,2081,ON
T_LDV_LTP_GSL_PHEV35_N,2045,0.033007688,From MOVES5,2082,ON
T_LDV_LTP_GSL_PHEV35_N,2045,0.028518642,From MOVES5,2083,ON
T_LDV_LTP_GSL_PHEV35_N,2045,0.024611588,From MOVES5,2084,ON
T_LDV_LTP_GSL_PHEV35_N,2045,0.021215189,From MOVES5,2085,ON
T_LDV_LTP_GSL_PHEV35_N,2045,0.018266278,From MOVES5,2086,ON
T_LDV_LTP_GSL_PHEV35_N,2045,0,From MOVES5,2087,ON
T_LDV_LTP_GSL_PHEV35_N,2050,1,From MOVES5,2050,ON
T_LDV_LTP_GSL_PHEV35_N,2050,0.991,From MOVES5,2051,ON
T_LDV_LTP_GSL_PHEV35_N,2050,0.982081,From MOVES5,2052,ON
T_LDV_LTP_GSL_PHEV35_N,2050,0.973242271,From MOVES5,2053,ON
T_LDV_LTP_GSL_PHEV35_N,2050,0.959616879,From MOVES5,2054,ON
T_LDV_LTP_GSL_PHEV35_N,2050,0.941384159,From MOVES5,2055,ON
T_LDV_LTP_GSL_PHEV35_N,2050,0.918790939,From MOVES5,2056,ON
T_LDV_LTP_GSL_PHEV35_N,2050,0.891227211,From MOVES5,2057,ON
T_LDV_LTP_GSL_PHEV35_N,2050,0.859143031,From MOVES5,2058,ON
T_LDV_LTP_GSL_PHEV35_N,2050,0.823059024,From MOVES5,2059,ON
T_LDV_LTP_GSL_PHEV35_N,2050,0.783552191,From MOVES5,2060,ON
T_LDV_LTP_GSL_PHEV35_N,2050,0.741240372,From MOVES5,2061,ON
T_LDV_LTP_GSL_PHEV35_N,2050,0.69676595,From MOVES5,2062,ON
T_LDV_LTP_GSL_PHEV35_N,2050,0.651476163,From MOVES5,2063,ON
T_LDV_LTP_GSL_PHEV35_N,2050,0.605221356,From MOVES5,2064,ON
T_LDV_LTP_GSL_PHEV35_N,2050,0.552567098,From MOVES5,2065,ON
T_LDV_LTP_GSL_PHEV35_N,2050,0.501730925,From MOVES5,2066,ON
T_LDV_LTP_GSL_PHEV35_N,2050,0.453063025,From MOVES5,2067,ON
T_LDV_LTP_GSL_PHEV35_N,2050,0.406850596,From MOVES5,2068,ON
T_LDV_LTP_GSL_PHEV35_N,2050,0.363724433,From MOVES5,2069,ON
T_LDV_LTP_GSL_PHEV35_N,2050,0.32407847,From MOVES5,2070,ON
T_LDV_LTP_GSL_PHEV35_N,2050,0.287781681,From MOVES5,2071,ON
T_LDV_LTP_GSL_PHEV35_N,2050,0.254686788,From MOVES5,2072,ON
T_LDV_LTP_GSL_PHEV35_N,2050,0.224888434,From MOVES5,2073,ON
T_LDV_LTP_GSL_PHEV35_N,2050,0.197901822,From MOVES5,2074,ON
T_LDV_LTP_GSL_PHEV35_N,2050,0.173955701,From MOVES5,2075,ON
T_LDV_LTP_GSL_PHEV35_N,2050,0.15255915,From MOVES5,2076,ON
T_LDV_LTP_GSL_PHEV35_N,2050,0.133489256,From MOVES5,2077,ON
T_LDV_LTP_GSL_PHEV35_N,2050,0.116803099,From MOVES5,2078,ON
T_LDV_LTP_GSL_PHEV35_N,2050,0.101969106,From MOVES5,2079,ON
T_LDV_LTP_GSL_PHEV35_N,2050,0.08891706,From MOVES5,2080,ON
T_LDV_LTP_GSL_PHEV35_N,2050,0.077446759,From MOVES5,2081,ON
T_LDV_LTP_GSL_PHEV35_N,2050,0.067378681,From MOVES5,2082,ON
T_LDV_LTP_GSL_PHEV35_N,2050,0.058552073,From MOVES5,2083,ON
T_LDV_LTP_GSL_PHEV35_N,2050,0.0508232,From MOVES5,2084,ON
T_LDV_LTP_GSL_PHEV35_N,2050,0.044063714,From MOVES5,2085,ON
T_LDV_LTP_GSL_PHEV35_N,2050,0.038159177,From MOVES5,2086,ON
T_LDV_LTP_GSL_PHEV35_N,2050,0.033007688,From MOVES5,2087,ON
T_LDV_LTP_GSL_PHEV35_N,2050,0.028518642,From MOVES5,2088,ON
T_LDV_LTP_GSL_PHEV35_N,2050,0.024611588,From MOVES5,2089,ON
T_LDV_LTP_GSL_PHEV35_N,2050,0.021215189,From MOVES5,2090,ON
T_LDV_LTP_GSL_PHEV35_N,2050,0.018266278,From MOVES5,2091,ON
T_LDV_LTP_GSL_PHEV35_N,2050,0,From MOVES5,2092,ON
T_LDV_LTP_GSL_PHEV50_N,2025,1,From MOVES5,2025,ON
T_LDV_LTP_GSL_PHEV50_N,2025,0.991,From MOVES5,2026,ON
T_LDV_LTP_GSL_PHEV50_N,2025,0.982081,From MOVES5,2027,ON
T_LDV_LTP_GSL_PHEV50_N,2025,0.973242271,From MOVES5,2028,ON
T_LDV_LTP_GSL_PHEV50_N,2025,0.959616879,From MOVES5,2029,ON
T_LDV_LTP_GSL_PHEV50_N,2025,0.941384159,From MOVES5,2030,ON
T_LDV_LTP_GSL_PHEV50_N,2025,0.918790939,From MOVES5,2031,ON
T_LDV_LTP_GSL_PHEV50_N,2025,0.891227211,From MOVES5,2032,ON
T_LDV_LTP_GSL_PHEV50_N,2025,0.859143031,From MOVES5,2033,ON
T_LDV_LTP_GSL_PHEV50_N,2025,0.823059024,From MOVES5,2034,ON
T_LDV_LTP_GSL_PHEV50_N,2025,0.783552191,From MOVES5,2035,ON
T_LDV_LTP_GSL_PHEV50_N,2025,0.741240372,From MOVES5,2036,ON
T_LDV_LTP_GSL_PHEV50_N,2025,0.69676595,From MOVES5,2037,ON
T_LDV_LTP_GSL_PHEV50_N,2025,0.651476163,From MOVES5,2038,ON
T_LDV_LTP_GSL_PHEV50_N,2025,0.605221356,From MOVES5,2039,ON
T_LDV_LTP_GSL_PHEV50_N,2025,0.552567098,From MOVES5,2040,ON
T_LDV_LTP_GSL_PHEV50_N,2025,0.501730925,From MOVES5,2041,ON
T_LDV_LTP_GSL_PHEV50_N,2025,0.453063025,From MOVES5,2042,ON
T_LDV_LTP_GSL_PHEV50_N,2025,0.406850596,From MOVES5,2043,ON
T_LDV_LTP_GSL_PHEV50_N,2025,0.363724433,From MOVES5,2044,ON
T_LDV_LTP_GSL_PHEV50_N,2025,0.32407847,From MOVES5,2045,ON
T_LDV_LTP_GSL_PHEV50_N,2025,0.287781681,From MOVES5,2046,ON
T_LDV_LTP_GSL_PHEV50_N,2025,0.254686788,From MOVES5,2047,ON
T_LDV_LTP_GSL_PHEV50_N,2025,0.224888434,From MOVES5,2048,ON
T_LDV_LTP_GSL_PHEV50_N,2025,0.197901822,From MOVES5,2049,ON
T_LDV_LTP_GSL_PHEV50_N,2025,0.173955701,From MOVES5,2050,ON
T_LDV_LTP_GSL_PHEV50_N,2025,0.15255915,From MOVES5,2051,ON
T_LDV_LTP_GSL_PHEV50_N,2025,0.133489256,From MOVES5,2052,ON
T_LDV_LTP_GSL_PHEV50_N,2025,0.116803099,From MOVES5,2053,ON
T_LDV_LTP_GSL_PHEV50_N,2025,0.101969106,From MOVES5,2054,ON
T_LDV_LTP_GSL_PHEV50_N,2025,0.08891706,From MOVES5,2055,ON
T_LDV_LTP_GSL_PHEV50_N,2025,0.077446759,From MOVES5,2056,ON
T_LDV_LTP_GSL_PHEV50_N,2025,0.067378681,From MOVES5,2057,ON
T_LDV_LTP_GSL_PHEV50_N,2025,0.058552073,From MOVES5,2058,ON
T_LDV_LTP_GSL_PHEV50_N,2025,0.0508232,From MOVES5,2059,ON
T_LDV_LTP_GSL_PHEV50_N,2025,0.044063714,From MOVES5,2060,ON
T_LDV_LTP_GSL_PHEV50_N,2025,0.038159177,From MOVES5,2061,ON
T_LDV_LTP_GSL_PHEV50_N,2025,0.033007688,From MOVES5,2062,ON
T_LDV_LTP_GSL_PHEV50_N,2025,0.028518642,From MOVES5,2063,ON
T_LDV_LTP_GSL_PHEV50_N,2025,0.024611588,From MOVES5,2064,ON
T_LDV_LTP_GSL_PHEV50_N,2025,0.021215189,From MOVES5,2065,ON
T_LDV_LTP_GSL_PHEV50_N,2025,0.018266278,From MOVES5,2066,ON
T_LDV_LTP_GSL_PHEV50_N,2025,0,From MOVES5,2067,ON
T_LDV_LTP_GSL_PHEV50_N,2030,1,From MOVES5,2030,ON
T_LDV_LTP_GSL_PHEV50_N,2030,0.991,From MOVES5,2031,ON
T_LDV_LTP_GSL_PHEV50_N,2030,0.982081,From MOVES5,2032,ON
T_LDV_LTP_GSL_PHEV50_N,2030,0.973242271,From MOVES5,2033,ON
T_LDV_LTP_GSL_PHEV50_N,2030,0.959616879,From MOVES5,2034,ON
T_LDV_LTP_GSL_PHEV50_N,2030,0.941384159,From MOVES5,2035,ON
T_LDV_LTP_GSL_PHEV50_N,2030,0.918790939,From MOVES5,2036,ON
T_LDV_LTP_GSL_PHEV50_N,2030,0.891227211,From MOVES5,2037,ON
T_LDV_LTP_GSL_PHEV50_N,2030,0.859143031,From MOVES5,2038,ON
T_LDV_LTP_GSL_PHEV50_N,2030,0.823059024,From MOVES5,2039,ON
T_LDV_LTP_GSL_PHEV50_N,2030,0.783552191,From MOVES5,2040,ON
T_LDV_LTP_GSL_PHEV50_N,2030,0.741240372,From MOVES5,2041,ON
T_LDV_LTP_GSL_PHEV50_N,2030,0.69676595,From MOVES5,2042,ON
T_LDV_LTP_GSL_PHEV50_N,2030,0.651476163,From MOVES5,2043,ON
T_LDV_LTP_GSL_PHEV50_N,2030,0.605221356,From MOVES5,2044,ON
T_LDV_LTP_GSL_PHEV50_N,2030,0.552567098,From MOVES5,2045,ON
T_LDV_LTP_GSL_PHEV50_N,2030,0.501730925,From MOVES5,2046,ON
T_LDV_LTP_GSL_PHEV50_N,2030,0.453063025,From MOVES5,2047,ON
T_LDV_LTP_GSL_PHEV50_N,2030,0.406850596,From MOVES5,2048,ON
T_LDV_LTP_GSL_PHEV50_N,2030,0.363724433,From MOVES5,2049,ON
T_LDV_LTP_GSL_PHEV50_N,2030,0.32407847,From MOVES5,2050,ON
T_LDV_LTP_GSL_PHEV50_N,2030,0.287781681,From MOVES5,2051,ON
T_LDV_LTP_GSL_PHEV50_N,2030,0.254686788,From MOVES5,2052,ON
T_LDV_LTP_GSL_PHEV50_N,2030,0.224888434,From MOVES5,2053,ON
T_LDV_LTP_GSL_PHEV50_N,2030,0.197901822,From MOVES5,2054,ON
T_LDV_LTP_GSL_PHEV50_N,2030,0.173955701,From MOVES5,2055,ON
T_LDV_LTP_GSL_PHEV50_N,2030,0.15255915,From MOVES5,2056,ON
T_LDV_LTP_GSL_PHEV50_N,2030,0.133489256,From MOVES5,2057,ON
T_LDV_LTP_GSL_PHEV50_N,2030,0.116803099,From MOVES5,2058,ON
T_LDV_LTP_GSL_PHEV50_N,2030,0.101969106,From MOVES5,2059,ON
T_LDV_LTP_GSL_PHEV50_N,2030,0.08891706,From MOVES5,2060,ON
T_LDV_LTP_GSL_PHEV50_N,2030,0.077446759,From MOVES5,2061,ON
T_LDV_LTP_GSL_PHEV50_N,2030,0.067378681,From MOVES5,2062,ON
T_LDV_LTP_GSL_PHEV50_N,2030,0.058552073,From MOVES5,2063,ON
T_LDV_LTP_GSL_PHEV50_N,2030,0.0508232,From MOVES5,2064,ON
T_LDV_LTP_GSL_PHEV50_N,2030,0.044063714,From MOVES5,2065,ON
T_LDV_LTP_GSL_PHEV50_N,2030,0.038159177,From MOVES5,2066,ON
T_LDV_LTP_GSL_PHEV50_N,2030,0.033007688,From MOVES5,2067,ON
T_LDV_LTP_GSL_PHEV50_N,2030,0.028518642,From MOVES5,2068,ON
T_LDV_LTP_GSL_PHEV50_N,2030,0.024611588,From MOVES5,2069,ON
T_LDV_LTP_GSL_PHEV50_N,2030,0.021215189,From MOVES5,2070,ON
T_LDV_LTP_GSL_PHEV50_N,2030,0.018266278,From MOVES5,2071,ON
T_LDV_LTP_GSL_PHEV50_N,2030,0,From MOVES5,2072,ON
T_LDV_LTP_GSL_PHEV50_N,2035,1,From MOVES5,2035,ON
T_LDV_LTP_GSL_PHEV50_N,2035,0.991,From MOVES5,2036,ON
T_LDV_LTP_GSL_PHEV50_N,2035,0.982081,From MOVES5,2037,ON
T_LDV_LTP_GSL_PHEV50_N,2035,0.973242271,From MOVES5,2038,ON
T_LDV_LTP_GSL_PHEV50_N,2035,0.959616879,From MOVES5,2039,ON
T_LDV_LTP_GSL_PHEV50_N,2035,0.941384159,From MOVES5,2040,ON
T_LDV_LTP_GSL_PHEV50_N,2035,0.918790939,From MOVES5,2041,ON
T_LDV_LTP_GSL_PHEV50_N,2035,0.891227211,From MOVES5,2042,ON
T_LDV_LTP_GSL_PHEV50_N,2035,0.859143031,From MOVES5,2043,ON
T_LDV_LTP_GSL_PHEV50_N,2035,0.823059024,From MOVES5,2044,ON
T_LDV_LTP_GSL_PHEV50_N,2035,0.783552191,From MOVES5,2045,ON
T_LDV_LTP_GSL_PHEV50_N,2035,0.741240372,From MOVES5,2046,ON
T_LDV_LTP_GSL_PHEV50_N,2035,0.69676595,From MOVES5,2047,ON
T_LDV_LTP_GSL_PHEV50_N,2035,0.651476163,From MOVES5,2048,ON
T_LDV_LTP_GSL_PHEV50_N,2035,0.605221356,From MOVES5,2049,ON
T_LDV_LTP_GSL_PHEV50_N,2035,0.552567098,From MOVES5,2050,ON
T_LDV_LTP_GSL_PHEV50_N,2035,0.501730925,From MOVES5,2051,ON
T_LDV_LTP_GSL_PHEV50_N,2035,0.453063025,From MOVES5,2052,ON
T_LDV_LTP_GSL_PHEV50_N,2035,0.406850596,From MOVES5,2053,ON
T_LDV_LTP_GSL_PHEV50_N,2035,0.363724433,From MOVES5,2054,ON
T_LDV_LTP_GSL_PHEV50_N,2035,0.32407847,From MOVES5,2055,ON
T_LDV_LTP_GSL_PHEV50_N,2035,0.287781681,From MOVES5,2056,ON
T_LDV_LTP_GSL_PHEV50_N,2035,0.254686788,From MOVES5,2057,ON
T_LDV_LTP_GSL_PHEV50_N,2035,0.224888434,From MOVES5,2058,ON
T_LDV_LTP_GSL_PHEV50_N,2035,0.197901822,From MOVES5,2059,ON
T_LDV_LTP_GSL_PHEV50_N,2035,0.173955701,From MOVES5,2060,ON
T_LDV_LTP_GSL_PHEV50_N,2035,0.15255915,From MOVES5,2061,ON
T_LDV_LTP_GSL_PHEV50_N,2035,0.133489256,From MOVES5,2062,ON
T_LDV_LTP_GSL_PHEV50_N,2035,0.116803099,From MOVES5,2063,ON
T_LDV_LTP_GSL_PHEV50_N,2035,0.101969106,From MOVES5,2064,ON
T_LDV_LTP_GSL_PHEV50_N,2035,0.08891706,From MOVES5,2065,ON
T_LDV_LTP_GSL_PHEV50_N,2035,0.077446759,From MOVES5,2066,ON
T_LDV_LTP_GSL_PHEV50_N,2035,0.067378681,From MOVES5,2067,ON
T_LDV_LTP_GSL_PHEV50_N,2035,0.058552073,From MOVES5,2068,ON
T_LDV_LTP_GSL_PHEV50_N,2035,0.0508232,From MOVES5,2069,ON
T_LDV_LTP_GSL_PHEV50_N,2035,0.044063714,From MOVES5,2070,ON
T_LDV_LTP_GSL_PHEV50_N,2035,0.038159177,From MOVES5,2071,ON
T_LDV_LTP_GSL_PHEV50_N,2035,0.033007688,From MOVES5,2072,ON
T_LDV_LTP_GSL_PHEV50_N,2035,0.028518642,From MOVES5,2073,ON
T_LDV_LTP_GSL_PHEV50_N,2035,0.024611588,From MOVES5,2074,ON
T_LDV_LTP_GSL_PHEV50_N,2035,0.021215189,From MOVES5,2075,ON
T_LDV_LTP_GSL_PHEV50_N,2035,0.018266278,From MOVES5,2076,ON
T_LDV_LTP_GSL_PHEV50_N,2035,0,From MOVES5,2077,ON
T_LDV_LTP_GSL_PHEV50_N,2040,1,From MOVES5,2040,ON
T_LDV_LTP_GSL_PHEV50_N,2040,0.991,From MOVES5,2041,ON
T_LDV_LTP_GSL_PHEV50_N,2040,0.982081,From MOVES5,2042,ON
T_LDV_LTP_GSL_PHEV50_N,2040,0.973242271,From MOVES5,2043,ON
T_LDV_LTP_GSL_PHEV50_N,2040,0.959616879,From MOVES5,2044,ON
T_LDV_LTP_GSL_PHEV50_N,2040,0.941384159,From MOVES5,2045,ON
T_LDV_LTP_GSL_PHEV50_N,2040,0.918790939,From MOVES5,2046,ON
T_LDV_LTP_GSL_PHEV50_N,2040,0.891227211,From MOVES5,2047,ON
T_LDV_LTP_GSL_PHEV50_N,2040,0.859143031,From MOVES5,2048,ON
T_LDV_LTP_GSL_PHEV50_N,2040,0.823059024,From MOVES5,2049,ON
T_LDV_LTP_GSL_PHEV50_N,2040,0.783552191,From MOVES5,2050,ON
T_LDV_LTP_GSL_PHEV50_N,2040,0.741240372,From MOVES5,2051,ON
T_LDV_LTP_GSL_PHEV50_N,2040,0.69676595,From MOVES5,2052,ON
T_LDV_LTP_GSL_PHEV50_N,2040,0.651476163,From MOVES5,2053,ON
T_LDV_LTP_GSL_PHEV50_N,2040,0.605221356,From MOVES5,2054,ON
T_LDV_LTP_GSL_PHEV50_N,2040,0.552567098,From MOVES5,2055,ON
T_LDV_LTP_GSL_PHEV50_N,2040,0.501730925,From MOVES5,2056,ON
T_LDV_LTP_GSL_PHEV50_N,2040,0.453063025,From MOVES5,2057,ON
T_LDV_LTP_GSL_PHEV50_N,2040,0.406850596,From MOVES5,2058,ON
T_LDV_LTP_GSL_PHEV50_N,2040,0.363724433,From MOVES5,2059,ON
T_LDV_LTP_GSL_PHEV50_N,2040,0.32407847,From MOVES5,2060,ON
T_LDV_LTP_GSL_PHEV50_N,2040,0.287781681,From MOVES5,2061,ON
T_LDV_LTP_GSL_PHEV50_N,2040,0.254686788,From MOVES5,2062,ON
T_LDV_LTP_GSL_PHEV50_N,2040,0.224888434,From MOVES5,2063,ON
T_LDV_LTP_GSL_PHEV50_N,2040,0.197901822,From MOVES5,2064,ON
T_LDV_LTP_GSL_PHEV50_N,2040,0.173955701,From MOVES5,2065,ON
T_LDV_LTP_GSL_PHEV50_N,2040,0.15255915,From MOVES5,2066,ON
T_LDV_LTP_GSL_PHEV50_N,2040,0.133489256,From MOVES5,2067,ON
T_LDV_LTP_GSL_PHEV50_N,2040,0.116803099,From MOVES5,2068,ON
T_LDV_LTP_GSL_PHEV50_N,2040,0.101969106,From MOVES5,2069,ON
T_LDV_LTP_GSL_PHEV50_N,2040,0.08891706,From MOVES5,2070,ON
T_LDV_LTP_GSL_PHEV50_N,2040,0.077446759,From MOVES5,2071,ON
T_LDV_LTP_GSL_PHEV50_N,2040,0.067378681,From MOVES5,2072,ON
T_LDV_LTP_GSL_PHEV50_N,2040,0.058552073,From MOVES5,2073,ON
T_LDV_LTP_GSL_PHEV50_N,2040,0.0508232,From MOVES5,2074,ON
T_LDV_LTP_GSL_PHEV50_N,2040,0.044063714,From MOVES5,2075,ON
T_LDV_LTP_GSL_PHEV50_N,2040,0.038159177,From MOVES5,2076,ON
T_LDV_LTP_GSL_PHEV50_N,2040,0.033007688,From MOVES5,2077,ON
T_LDV_LTP_GSL_PHEV50_N,2040,0.028518642,From MOVES5,2078,ON
T_LDV_LTP_GSL_PHEV50_N,2040,0.024611588,From MOVES5,2079,ON
T_LDV_LTP_GSL_PHEV50_N,2040,0.021215189,From MOVES5,2080,ON
T_LDV_LTP_GSL_PHEV50_N,2040,0.018266278,From MOVES5,2081,ON
T_LDV_LTP_GSL_PHEV50_N,2040,0,From MOVES5,2082,ON
T_LDV_LTP_GSL_PHEV50_N,2045,1,From MOVES5,2045,ON
T_LDV_LTP_GSL_PHEV50_N,2045,0.991,From MOVES5,2046,ON
T_LDV_LTP_GSL_PHEV50_N,2045,0.982081,From MOVES5,2047,ON
T_LDV_LTP_GSL_PHEV50_N,2045,0.973242271,From MOVES5,2048,ON
T_LDV_LTP_GSL_PHEV50_N,2045,0.959616879,From MOVES5,2049,ON
T_LDV_LTP_GSL_PHEV50_N,2045,0.941384159,From MOVES5,2050,ON
T_LDV_LTP_GSL_PHEV50_N,2045,0.918790939,From MOVES5,2051,ON
T_LDV_LTP_GSL_PHEV50_N,2045,0.891227211,From MOVES5,2052,ON
T_LDV_LTP_GSL_PHEV50_N,2045,0.859143031,From MOVES5,2053,ON
T_LDV_LTP_GSL_PHEV50_N,2045,0.823059024,From MOVES5,2054,ON
T_LDV_LTP_GSL_PHEV50_N,2045,0.783552191,From MOVES5,2055,ON
T_LDV_LTP_GSL_PHEV50_N,2045,0.741240372,From MOVES5,2056,ON
T_LDV_LTP_GSL_PHEV50_N,2045,0.69676595,From MOVES5,2057,ON
T_LDV_LTP_GSL_PHEV50_N,2045,0.651476163,From MOVES5,2058,ON
T_LDV_LTP_GSL_PHEV50_N,2045,0.605221356,From MOVES5,2059,ON
T_LDV_LTP_GSL_PHEV50_N,2045,0.552567098,From MOVES5,2060,ON
T_LDV_LTP_GSL_PHEV50_N,2045,0.501730925,From MOVES5,2061,ON
T_LDV_LTP_GSL_PHEV50_N,2045,0.453063025,From MOVES5,2062,ON
T_LDV_LTP_GSL_PHEV50_N,2045,0.406850596,From MOVES5,2063,ON
T_LDV_LTP_GSL_PHEV50_N,2045,0.363724433,From MOVES5,2064,ON
T_LDV_LTP_GSL_PHEV50_N,2045,0.32407847,From MOVES5,2065,ON
T_LDV_LTP_GSL_PHEV50_N,2045,0.287781681,From MOVES5,2066,ON
T_LDV_LTP_GSL_PHEV50_N,2045,0.254686788,From MOVES5,2067,ON
T_LDV_LTP_GSL_PHEV50_N,2045,0.224888434,From MOVES5,2068,ON
T_LDV_LTP_GSL_PHEV50_N,2045,0.197901822,From MOVES5,2069,ON
T_LDV_LTP_GSL_PHEV50_N,2045,0.173955701,From MOVES5,2070,ON
T_LDV_LTP_GSL_PHEV50_N,2045,0.15255915,From MOVES5,2071,ON
T_LDV_LTP_GSL_PHEV50_N,2045,0.133489256,From MOVES5,2072,ON
T_LDV_LTP_GSL_PHEV50_N,2045,0.116803099,From MOVES5,2073,ON
T_LDV_LTP_GSL_PHEV50_N,2045,0.101969106,From MOVES5,2074,ON
T_LDV_LTP_GSL_PHEV50_N,2045,0.08891706,From MOVES5,2075,ON
T_LDV_LTP_GSL_PHEV50_N,2045,0.077446759,From MOVES5,2076,ON
T_LDV_LTP_GSL_PHEV50_N,2045,0.067378681,From MOVES5,2077,ON
T_LDV_LTP_GSL_PHEV50_N,2045,0.058552073,From MOVES5,2078,ON
T_LDV_LTP_GSL_PHEV50_N,2045,0.0508232,From MOVES5,2079,ON
T_LDV_LTP_GSL_PHEV50_N,2045,0.044063714,From MOVES5,2080,ON
T_LDV_LTP_GSL_PHEV50_N,2045,0.038159177,From MOVES5,2081,ON
T_LDV_LTP_GSL_PHEV50_N,2045,0.033007688,From MOVES5,2082,ON
T_LDV_LTP_GSL_PHEV50_N,2045,0.028518642,From MOVES5,2083,ON
T_LDV_LTP_GSL_PHEV50_N,2045,0.024611588,From MOVES5,2084,ON
T_LDV_LTP_GSL_PHEV50_N,2045,0.021215189,From MOVES5,2085,ON
T_LDV_LTP_GSL_PHEV50_N,2045,0.018266278,From MOVES5,2086,ON
T_LDV_LTP_GSL_PHEV50_N,2045,0,From MOVES5,2087,ON
T_LDV_LTP_GSL_PHEV50_N,2050,1,From MOVES5,2050,ON
T_LDV_LTP_GSL_PHEV50_N,2050,0.991,From MOVES5,2051,ON
T_LDV_LTP_GSL_PHEV50_N,2050,0.982081,From MOVES5,2052,ON
T_LDV_LTP_GSL_PHEV50_N,2050,0.973242271,From MOVES5,2053,ON
T_LDV_LTP_GSL_PHEV50_N,2050,0.959616879,From MOVES5,2054,ON
T_LDV_LTP_GSL_PHEV50_N,2050,0.941384159,From MOVES5,2055,ON
T_LDV_LTP_GSL_PHEV50_N,2050,0.918790939,From MOVES5,2056,ON
T_LDV_LTP_GSL_PHEV50_N,2050,0.891227211,From MOVES5,2057,ON
T_LDV_LTP_GSL_PHEV50_N,2050,0.859143031,From MOVES5,2058,ON
T_LDV_LTP_GSL_PHEV50_N,2050,0.823059024,From MOVES5,2059,ON
T_LDV_LTP_GSL_PHEV50_N,2050,0.783552191,From MOVES5,2060,ON
T_LDV_LTP_GSL_PHEV50_N,2050,0.741240372,From MOVES5,2061,ON
T_LDV_LTP_GSL_PHEV50_N,2050,0.69676595,From MOVES5,2062,ON
T_LDV_LTP_GSL_PHEV50_N,2050,0.651476163,From MOVES5,2063,ON
T_LDV_LTP_GSL_PHEV50_N,2050,0.605221356,From MOVES5,2064,ON
T_LDV_LTP_GSL_PHEV50_N,2050,0.552567098,From MOVES5,2065,ON
T_LDV_LTP_GSL_PHEV50_N,2050,0.501730925,From MOVES5,2066,ON
T_LDV_LTP_GSL_PHEV50_N,2050,0.453063025,From MOVES5,2067,ON
T_LDV_LTP_GSL_PHEV50_N,2050,0.406850596,From MOVES5,2068,ON
T_LDV_LTP_GSL_PHEV50_N,2050,0.363724433,From MOVES5,2069,ON
T_LDV_LTP_GSL_PHEV50_N,2050,0.32407847,From MOVES5,2070,ON
T_LDV_LTP_GSL_PHEV50_N,2050,0.287781681,From MOVES5,2071,ON
T_LDV_LTP_GSL_PHEV50_N,2050,0.254686788,From MOVES5,2072,ON
T_LDV_LTP_GSL_PHEV50_N,2050,0.224888434,From MOVES5,2073,ON
T_LDV_LTP_GSL_PHEV50_N,2050,0.197901822,From MOVES5,2074,ON
T_LDV_LTP_GSL_PHEV50_N,2050,0.173955701,From MOVES5,2075,ON
T_LDV_LTP_GSL_PHEV50_N,2050,0.15255915,From MOVES5,2076,ON
T_LDV_LTP_GSL_PHEV50_N,2050,0.133489256,From MOVES5,2077,ON
T_LDV_LTP_GSL_PHEV50_N,2050,0.116803099,From MOVES5,2078,ON
T_LDV_LTP_GSL_PHEV50_N,2050,0.101969106,From MOVES5,2079,ON
T_LDV_LTP_GSL_PHEV50_N,2050,0.08891706,From MOVES5,2080,ON
T_LDV_LTP_GSL_PHEV50_N,2050,0.077446759,From MOVES5,2081,ON
T_LDV_LTP_GSL_PHEV50_N,2050,0.067378681,From MOVES5,2082,ON
T_LDV_LTP_GSL_PHEV50_N,2050,0.058552073,From MOVES5,2083,ON
T_LDV_LTP_GSL_PHEV50_N,2050,0.0508232,From MOVES5,2084,ON
T_LDV_LTP_GSL_PHEV50_N,2050,0.044063714,From MOVES5,2085,ON
T_LDV_LTP_GSL_PHEV50_N,2050,0.038159177,From MOVES5,2086,ON
T_LDV_LTP_GSL_PHEV50_N,2050,0.033007688,From MOVES5,2087,ON
T_LDV_LTP_GSL_PHEV50_N,2050,0.028518642,From MOVES5,2088,ON
T_LDV_LTP_GSL_PHEV50_N,2050,0.024611588,From MOVES5,2089,ON
T_LDV_LTP_GSL_PHEV50_N,2050,0.021215189,From MOVES5,2090,ON
T_LDV_LTP_GSL_PHEV50_N,2050,0.018266278,From MOVES5,2091,ON
T_LDV_LTP_GSL_PHEV50_N,2050,0,From MOVES5,2092,ON
T_LDV_LTF_BEV150_N,2025,1,From MOVES5,2025,ON
T_LDV_LTF_BEV150_N,2025,0.991,From MOVES5,2026,ON
T_LDV_LTF_BEV150_N,2025,0.982081,From MOVES5,2027,ON
T_LDV_LTF_BEV150_N,2025,0.973242271,From MOVES5,2028,ON
T_LDV_LTF_BEV150_N,2025,0.959616879,From MOVES5,2029,ON
T_LDV_LTF_BEV150_N,2025,0.941384159,From MOVES5,2030,ON
T_LDV_LTF_BEV150_N,2025,0.918790939,From MOVES5,2031,ON
T_LDV_LTF_BEV150_N,2025,0.891227211,From MOVES5,2032,ON
T_LDV_LTF_BEV150_N,2025,0.859143031,From MOVES5,2033,ON
T_LDV_LTF_BEV150_N,2025,0.823059024,From MOVES5,2034,ON
T_LDV_LTF_BEV150_N,2025,0.783552191,From MOVES5,2035,ON
T_LDV_LTF_BEV150_N,2025,0.741240372,From MOVES5,2036,ON
T_LDV_LTF_BEV150_N,2025,0.69676595,From MOVES5,2037,ON
T_LDV_LTF_BEV150_N,2025,0.651476163,From MOVES5,2038,ON
T_LDV_LTF_BEV150_N,2025,0.605221356,From MOVES5,2039,ON
T_LDV_LTF_BEV150_N,2025,0.552567098,From MOVES5,2040,ON
T_LDV_LTF_BEV150_N,2025,0.501730925,From MOVES5,2041,ON
T_LDV_LTF_BEV150_N,2025,0.453063025,From MOVES5,2042,ON
T_LDV_LTF_BEV150_N,2025,0.406850596,From MOVES5,2043,ON
T_LDV_LTF_BEV150_N,2025,0.363724433,From MOVES5,2044,ON
T_LDV_LTF_BEV150_N,2025,0.32407847,From MOVES5,2045,ON
T_LDV_LTF_BEV150_N,2025,0.287781681,From MOVES5,2046,ON
T_LDV_LTF_BEV150_N,2025,0.254686788,From MOVES5,2047,ON
T_LDV_LTF_BEV150_N,2025,0.224888434,From MOVES5,2048,ON
T_LDV_LTF_BEV150_N,2025,0.197901822,From MOVES5,2049,ON
T_LDV_LTF_BEV150_N,2025,0.173955701,From MOVES5,2050,ON
T_LDV_LTF_BEV150_N,2025,0.15255915,From MOVES5,2051,ON
T_LDV_LTF_BEV150_N,2025,0.133489256,From MOVES5,2052,ON
T_LDV_LTF_BEV150_N,2025,0.116803099,From MOVES5,2053,ON
T_LDV_LTF_BEV150_N,2025,0.101969106,From MOVES5,2054,ON
T_LDV_LTF_BEV150_N,2025,0.08891706,From MOVES5,2055,ON
T_LDV_LTF_BEV150_N,2025,0.077446759,From MOVES5,2056,ON
T_LDV_LTF_BEV150_N,2025,0.067378681,From MOVES5,2057,ON
T_LDV_LTF_BEV150_N,2025,0.058552073,From MOVES5,2058,ON
T_LDV_LTF_BEV150_N,2025,0.0508232,From MOVES5,2059,ON
T_LDV_LTF_BEV150_N,2025,0.044063714,From MOVES5,2060,ON
T_LDV_LTF_BEV150_N,2025,0.038159177,From MOVES5,2061,ON
T_LDV_LTF_BEV150_N,2025,0.033007688,From MOVES5,2062,ON
T_LDV_LTF_BEV150_N,2025,0.028518642,From MOVES5,2063,ON
T_LDV_LTF_BEV150_N,2025,0.024611588,From MOVES5,2064,ON
T_LDV_LTF_BEV150_N,2025,0.021215189,From MOVES5,2065,ON
T_LDV_LTF_BEV150_N,2025,0.018266278,From MOVES5,2066,ON
T_LDV_LTF_BEV150_N,2025,0,From MOVES5,2067,ON
T_LDV_LTF_BEV150_N,2030,1,From MOVES5,2030,ON
T_LDV_LTF_BEV150_N,2030,0.991,From MOVES5,2031,ON
T_LDV_LTF_BEV150_N,2030,0.982081,From MOVES5,2032,ON
T_LDV_LTF_BEV150_N,2030,0.973242271,From MOVES5,2033,ON
T_LDV_LTF_BEV150_N,2030,0.959616879,From MOVES5,2034,ON
T_LDV_LTF_BEV150_N,2030,0.941384159,From MOVES5,2035,ON
T_LDV_LTF_BEV150_N,2030,0.918790939,From MOVES5,2036,ON
T_LDV_LTF_BEV150_N,2030,0.891227211,From MOVES5,2037,ON
T_LDV_LTF_BEV150_N,2030,0.859143031,From MOVES5,2038,ON
T_LDV_LTF_BEV150_N,2030,0.823059024,From MOVES5,2039,ON
T_LDV_LTF_BEV150_N,2030,0.783552191,From MOVES5,2040,ON
T_LDV_LTF_BEV150_N,2030,0.741240372,From MOVES5,2041,ON
T_LDV_LTF_BEV150_N,2030,0.69676595,From MOVES5,2042,ON
T_LDV_LTF_BEV150_N,2030,0.651476163,From MOVES5,2043,ON
T_LDV_LTF_BEV150_N,2030,0.605221356,From MOVES5,2044,ON
T_LDV_LTF_BEV150_N,2030,0.552567098,From MOVES5,2045,ON
T_LDV_LTF_BEV150_N,2030,0.501730925,From MOVES5,2046,ON
T_LDV_LTF_BEV150_N,2030,0.453063025,From MOVES5,2047,ON
T_LDV_LTF_BEV150_N,2030,0.406850596,From MOVES5,2048,ON
T_LDV_LTF_BEV150_N,2030,0.363724433,From MOVES5,2049,ON
T_LDV_LTF_BEV150_N,2030,0.32407847,From MOVES5,2050,ON
T_LDV_LTF_BEV150_N,2030,0.287781681,From MOVES5,2051,ON
T_LDV_LTF_BEV150_N,2030,0.254686788,From MOVES5,2052,ON
T_LDV_LTF_BEV150_N,2030,0.224888434,From MOVES5,2053,ON
T_LDV_LTF_BEV150_N,2030,0.197901822,From MOVES5,2054,ON
T_LDV_LTF_BEV150_N,2030,0.173955701,From MOVES5,2055,ON
T_LDV_LTF_BEV150_N,2030,0.15255915,From MOVES5,2056,ON
T_LDV_LTF_BEV150_N,2030,0.133489256,From MOVES5,2057,ON
T_LDV_LTF_BEV150_N,2030,0.116803099,From MOVES5,2058,ON
T_LDV_LTF_BEV150_N,2030,0.101969106,From MOVES5,2059,ON
T_LDV_LTF_BEV150_N,2030,0.08891706,From MOVES5,2060,ON
T_LDV_LTF_BEV150_N,2030,0.077446759,From MOVES5,2061,ON
T_LDV_LTF_BEV150_N,2030,0.067378681,From MOVES5,2062,ON
T_LDV_LTF_BEV150_N,2030,0.058552073,From MOVES5,2063,ON
T_LDV_LTF_BEV150_N,2030,0.0508232,From MOVES5,2064,ON
T_LDV_LTF_BEV150_N,2030,0.044063714,From MOVES5,2065,ON
T_LDV_LTF_BEV150_N,2030,0.038159177,From MOVES5,2066,ON
T_LDV_LTF_BEV150_N,2030,0.033007688,From MOVES5,2067,ON
T_LDV_LTF_BEV150_N,2030,0.028518642,From MOVES5,2068,ON
T_LDV_LTF_BEV150_N,2030,0.024611588,From MOVES5,2069,ON
T_LDV_LTF_BEV150_N,2030,0.021215189,From MOVES5,2070,ON
T_LDV_LTF_BEV150_N,2030,0.018266278,From MOVES5,2071,ON
T_LDV_LTF_BEV150_N,2030,0,From MOVES5,2072,ON
T_LDV_LTF_BEV150_N,2035,1,From MOVES5,2035,ON
T_LDV_LTF_BEV150_N,2035,0.991,From MOVES5,2036,ON
T_LDV_LTF_BEV150_N,2035,0.982081,From MOVES5,2037,ON
T_LDV_LTF_BEV150_N,2035,0.973242271,From MOVES5,2038,ON
T_LDV_LTF_BEV150_N,2035,0.959616879,From MOVES5,2039,ON
T_LDV_LTF_BEV150_N,2035,0.941384159,From MOVES5,2040,ON
T_LDV_LTF_BEV150_N,2035,0.918790939,From MOVES5,2041,ON
T_LDV_LTF_BEV150_N,2035,0.891227211,From MOVES5,2042,ON
T_LDV_LTF_BEV150_N,2035,0.859143031,From MOVES5,2043,ON
T_LDV_LTF_BEV150_N,2035,0.823059024,From MOVES5,2044,ON
T_LDV_LTF_BEV150_N,2035,0.783552191,From MOVES5,2045,ON
T_LDV_LTF_BEV150_N,2035,0.741240372,From MOVES5,2046,ON
T_LDV_LTF_BEV150_N,2035,0.69676595,From MOVES5,2047,ON
T_LDV_LTF_BEV150_N,2035,0.651476163,From MOVES5,2048,ON
T_LDV_LTF_BEV150_N,2035,0.605221356,From MOVES5,2049,ON
T_LDV_LTF_BEV150_N,2035,0.552567098,From MOVES5,2050,ON
T_LDV_LTF_BEV150_N,2035,0.501730925,From MOVES5,2051,ON
T_LDV_LTF_BEV150_N,2035,0.453063025,From MOVES5,2052,ON
T_LDV_LTF_BEV150_N,2035,0.406850596,From MOVES5,2053,ON
T_LDV_LTF_BEV150_N,2035,0.363724433,From MOVES5,2054,ON
T_LDV_LTF_BEV150_N,2035,0.32407847,From MOVES5,2055,ON
T_LDV_LTF_BEV150_N,2035,0.287781681,From MOVES5,2056,ON
T_LDV_LTF_BEV150_N,2035,0.254686788,From MOVES5,2057,ON
T_LDV_LTF_BEV150_N,2035,0.224888434,From MOVES5,2058,ON
T_LDV_LTF_BEV150_N,2035,0.197901822,From MOVES5,2059,ON
T_LDV_LTF_BEV150_N,2035,0.173955701,From MOVES5,2060,ON
T_LDV_LTF_BEV150_N,2035,0.15255915,From MOVES5,2061,ON
T_LDV_LTF_BEV150_N,2035,0.133489256,From MOVES5,2062,ON
T_LDV_LTF_BEV150_N,2035,0.116803099,From MOVES5,2063,ON
T_LDV_LTF_BEV150_N,2035,0.101969106,From MOVES5,2064,ON
T_LDV_LTF_BEV150_N,2035,0.08891706,From MOVES5,2065,ON
T_LDV_LTF_BEV150_N,2035,0.077446759,From MOVES5,2066,ON
T_LDV_LTF_BEV150_N,2035,0.067378681,From MOVES5,2067,ON
T_LDV_LTF_BEV150_N,2035,0.058552073,From MOVES5,2068,ON
T_LDV_LTF_BEV150_N,2035,0.0508232,From MOVES5,2069,ON
T_LDV_LTF_BEV150_N,2035,0.044063714,From MOVES5,2070,ON
T_LDV_LTF_BEV150_N,2035,0.038159177,From MOVES5,2071,ON
T_LDV_LTF_BEV150_N,2035,0.033007688,From MOVES5,2072,ON
T_LDV_LTF_BEV150_N,2035,0.028518642,From MOVES5,2073,ON
T_LDV_LTF_BEV150_N,2035,0.024611588,From MOVES5,2074,ON
T_LDV_LTF_BEV150_N,2035,0.021215189,From MOVES5,2075,ON
T_LDV_LTF_BEV150_N,2035,0.018266278,From MOVES5,2076,ON
T_LDV_LTF_BEV150_N,2035,0,From MOVES5,2077,ON
T_LDV_LTF_BEV150_N,2040,1,From MOVES5,2040,ON
T_LDV_LTF_BEV150_N,2040,0.991,From MOVES5,2041,ON
T_LDV_LTF_BEV150_N,2040,0.982081,From MOVES5,2042,ON
T_LDV_LTF_BEV150_N,2040,0.973242271,From MOVES5,2043,ON
T_LDV_LTF_BEV150_N,2040,0.959616879,From MOVES5,2044,ON
T_LDV_LTF_BEV150_N,2040,0.941384159,From MOVES5,2045,ON
T_LDV_LTF_BEV150_N,2040,0.918790939,From MOVES5,2046,ON
T_LDV_LTF_BEV150_N,2040,0.891227211,From MOVES5,2047,ON
T_LDV_LTF_BEV150_N,2040,0.859143031,From MOVES5,2048,ON
T_LDV_LTF_BEV150_N,2040,0.823059024,From MOVES5,2049,ON
T_LDV_LTF_BEV150_N,2040,0.783552191,From MOVES5,2050,ON
T_LDV_LTF_BEV150_N,2040,0.741240372,From MOVES5,2051,ON
T_LDV_LTF_BEV150_N,2040,0.69676595,From MOVES5,2052,ON
T_LDV_LTF_BEV150_N,2040,0.651476163,From MOVES5,2053,ON
T_LDV_LTF_BEV150_N,2040,0.605221356,From MOVES5,2054,ON
T_LDV_LTF_BEV150_N,2040,0.552567098,From MOVES5,2055,ON
T_LDV_LTF_BEV150_N,2040,0.501730925,From MOVES5,2056,ON
T_LDV_LTF_BEV150_N,2040,0.453063025,From MOVES5,2057,ON
T_LDV_LTF_BEV150_N,2040,0.406850596,From MOVES5,2058,ON
T_LDV_LTF_BEV150_N,2040,0.363724433,From MOVES5,2059,ON
T_LDV_LTF_BEV150_N,2040,0.32407847,From MOVES5,2060,ON
T_LDV_LTF_BEV150_N,2040,0.287781681,From MOVES5,2061,ON
T_LDV_LTF_BEV150_N,2040,0.254686788,From MOVES5,2062,ON
T_LDV_LTF_BEV150_N,2040,0.224888434,From MOVES5,2063,ON
T_LDV_LTF_BEV150_N,2040,0.197901822,From MOVES5,2064,ON
T_LDV_LTF_BEV150_N,2040,0.173955701,From MOVES5,2065,ON
T_LDV_LTF_BEV150_N,2040,0.15255915,From MOVES5,2066,ON
T_LDV_LTF_BEV150_N,2040,0.133489256,From MOVES5,2067,ON
T_LDV_LTF_BEV150_N,2040,0.116803099,From MOVES5,2068,ON
T_LDV_LTF_BEV150_N,2040,0.101969106,From MOVES5,2069,ON
T_LDV_LTF_BEV150_N,2040,0.08891706,From MOVES5,2070,ON
T_LDV_LTF_BEV150_N,2040,0.077446759,From MOVES5,2071,ON
T_LDV_LTF_BEV150_N,2040,0.067378681,From MOVES5,2072,ON
T_LDV_LTF_BEV150_N,2040,0.058552073,From MOVES5,2073,ON
T_LDV_LTF_BEV150_N,2040,0.0508232,From MOVES5,2074,ON
T_LDV_LTF_BEV150_N,2040,0.044063714,From MOVES5,2075,ON
T_LDV_LTF_BEV150_N,2040,0.038159177,From MOVES5,2076,ON
T_LDV_LTF_BEV150_N,2040,0.033007688,From MOVES5,2077,ON
T_LDV_LTF_BEV150_N,2040,0.028518642,From MOVES5,2078,ON
T_LDV_LTF_BEV150_N,2040,0.024611588,From MOVES5,2079,ON
T_LDV_LTF_BEV150_N,2040,0.021215189,From MOVES5,2080,ON
T_LDV_LTF_BEV150_N,2040,0.018266278,From MOVES5,2081,ON
T_LDV_LTF_BEV150_N,2040,0,From MOVES5,2082,ON
T_LDV_LTF_BEV150_N,2045,1,From MOVES5,2045,ON
T_LDV_LTF_BEV150_N,2045,0.991,From MOVES5,2046,ON
T_LDV_LTF_BEV150_N,2045,0.982081,From MOVES5,2047,ON
T_LDV_LTF_BEV150_N,2045,0.973242271,From MOVES5,2048,ON
T_LDV_LTF_BEV150_N,2045,0.959616879,From MOVES5,2049,ON
T_LDV_LTF_BEV150_N,2045,0.941384159,From MOVES5,2050,ON
T_LDV_LTF_BEV150_N,2045,0.918790939,From MOVES5,2051,ON
T_LDV_LTF_BEV150_N,2045,0.891227211,From MOVES5,2052,ON
T_LDV_LTF_BEV150_N,2045,0.859143031,From MOVES5,2053,ON
T_LDV_LTF_BEV150_N,2045,0.823059024,From MOVES5,2054,ON
T_LDV_LTF_BEV150_N,2045,0.783552191,From MOVES5,2055,ON
T_LDV_LTF_BEV150_N,2045,0.741240372,From MOVES5,2056,ON
T_LDV_LTF_BEV150_N,2045,0.69676595,From MOVES5,2057,ON
T_LDV_LTF_BEV150_N,2045,0.651476163,From MOVES5,2058,ON
T_LDV_LTF_BEV150_N,2045,0.605221356,From MOVES5,2059,ON
T_LDV_LTF_BEV150_N,2045,0.552567098,From MOVES5,2060,ON
T_LDV_LTF_BEV150_N,2045,0.501730925,From MOVES5,2061,ON
T_LDV_LTF_BEV150_N,2045,0.453063025,From MOVES5,2062,ON
T_LDV_LTF_BEV150_N,2045,0.406850596,From MOVES5,2063,ON
T_LDV_LTF_BEV150_N,2045,0.363724433,From MOVES5,2064,ON
T_LDV_LTF_BEV150_N,2045,0.32407847,From MOVES5,2065,ON
T_LDV_LTF_BEV150_N,2045,0.287781681,From MOVES5,2066,ON
T_LDV_LTF_BEV150_N,2045,0.254686788,From MOVES5,2067,ON
T_LDV_LTF_BEV150_N,2045,0.224888434,From MOVES5,2068,ON
T_LDV_LTF_BEV150_N,2045,0.197901822,From MOVES5,2069,ON
T_LDV_LTF_BEV150_N,2045,0.173955701,From MOVES5,2070,ON
T_LDV_LTF_BEV150_N,2045,0.15255915,From MOVES5,2071,ON
T_LDV_LTF_BEV150_N,2045,0.133489256,From MOVES5,2072,ON
T_LDV_LTF_BEV150_N,2045,0.116803099,From MOVES5,2073,ON
T_LDV_LTF_BEV150_N,2045,0.101969106,From MOVES5,2074,ON
T_LDV_LTF_BEV150_N,2045,0.08891706,From MOVES5,2075,ON
T_LDV_LTF_BEV150_N,2045,0.077446759,From MOVES5,2076,ON
T_LDV_LTF_BEV150_N,2045,0.067378681,From MOVES5,2077,ON
T_LDV_LTF_BEV150_N,2045,0.058552073,From MOVES5,2078,ON
T_LDV_LTF_BEV150_N,2045,0.0508232,From MOVES5,2079,ON
T_LDV_LTF_BEV150_N,2045,0.044063714,From MOVES5,2080,ON
T_LDV_LTF_BEV150_N,2045,0.038159177,From MOVES5,2081,ON
T_LDV_LTF_BEV150_N,2045,0.033007688,From MOVES5,2082,ON
T_LDV_LTF_BEV150_N,2045,0.028518642,From MOVES5,2083,ON
T_LDV_LTF_BEV150_N,2045,0.024611588,From MOVES5,2084,ON
T_LDV_LTF_BEV150_N,2045,0.021215189,From MOVES5,2085,ON
T_LDV_LTF_BEV150_N,2045,0.018266278,From MOVES5,2086,ON
T_LDV_LTF_BEV150_N,2045,0,From MOVES5,2087,ON
T_LDV_LTF_BEV150_N,2050,1,From MOVES5,2050,ON
T_LDV_LTF_BEV150_N,2050,0.991,From MOVES5,2051,ON
T_LDV_LTF_BEV150_N,2050,0.982081,From MOVES5,2052,ON
T_LDV_LTF_BEV150_N,2050,0.973242271,From MOVES5,2053,ON
T_LDV_LTF_BEV150_N,2050,0.959616879,From MOVES5,2054,ON
T_LDV_LTF_BEV150_N,2050,0.941384159,From MOVES5,2055,ON
T_LDV_LTF_BEV150_N,2050,0.918790939,From MOVES5,2056,ON
T_LDV_LTF_BEV150_N,2050,0.891227211,From MOVES5,2057,ON
T_LDV_LTF_BEV150_N,2050,0.859143031,From MOVES5,2058,ON
T_LDV_LTF_BEV150_N,2050,0.823059024,From MOVES5,2059,ON
T_LDV_LTF_BEV150_N,2050,0.783552191,From MOVES5,2060,ON
T_LDV_LTF_BEV150_N,2050,0.741240372,From MOVES5,2061,ON
T_LDV_LTF_BEV150_N,2050,0.69676595,From MOVES5,2062,ON
T_LDV_LTF_BEV150_N,2050,0.651476163,From MOVES5,2063,ON
T_LDV_LTF_BEV150_N,2050,0.605221356,From MOVES5,2064,ON
T_LDV_LTF_BEV150_N,2050,0.552567098,From MOVES5,2065,ON
T_LDV_LTF_BEV150_N,2050,0.501730925,From MOVES5,2066,ON
T_LDV_LTF_BEV150_N,2050,0.453063025,From MOVES5,2067,ON
T_LDV_LTF_BEV150_N,2050,0.406850596,From MOVES5,2068,ON
T_LDV_LTF_BEV150_N,2050,0.363724433,From MOVES5,2069,ON
T_LDV_LTF_BEV150_N,2050,0.32407847,From MOVES5,2070,ON
T_LDV_LTF_BEV150_N,2050,0.287781681,From MOVES5,2071,ON
T_LDV_LTF_BEV150_N,2050,0.254686788,From MOVES5,2072,ON
T_LDV_LTF_BEV150_N,2050,0.224888434,From MOVES5,2073,ON
T_LDV_LTF_BEV150_N,2050,0.197901822,From MOVES5,2074,ON
T_LDV_LTF_BEV150_N,2050,0.173955701,From MOVES5,2075,ON
T_LDV_LTF_BEV150_N,2050,0.15255915,From MOVES5,2076,ON
T_LDV_LTF_BEV150_N,2050,0.133489256,From MOVES5,2077,ON
T_LDV_LTF_BEV150_N,2050,0.116803099,From MOVES5,2078,ON
T_LDV_LTF_BEV150_N,2050,0.101969106,From MOVES5,2079,ON
T_LDV_LTF_BEV150_N,2050,0.08891706,From MOVES5,2080,ON
T_LDV_LTF_BEV150_N,2050,0.077446759,From MOVES5,2081,ON
T_LDV_LTF_BEV150_N,2050,0.067378681,From MOVES5,2082,ON
T_LDV_LTF_BEV150_N,2050,0.058552073,From MOVES5,2083,ON
T_LDV_LTF_BEV150_N,2050,0.0508232,From MOVES5,2084,ON
T_LDV_LTF_BEV150_N,2050,0.044063714,From MOVES5,2085,ON
T_LDV_LTF_BEV150_N,2050,0.038159177,From MOVES5,2086,ON
T_LDV_LTF_BEV150_N,2050,0.033007688,From MOVES5,2087,ON
T_LDV_LTF_BEV150_N,2050,0.028518642,From MOVES5,2088,ON
T_LDV_LTF_BEV150_N,2050,0.024611588,From MOVES5,2089,ON
T_LDV_LTF_BEV150_N,2050,0.021215189,From MOVES5,2090,ON
T_LDV_LTF_BEV150_N,2050,0.018266278,From MOVES5,2091,ON
T_LDV_LTF_BEV150_N,2050,0,From MOVES5,2092,ON
T_LDV_LTF_BEV200_N,2025,1,From MOVES5,2025,ON
T_LDV_LTF_BEV200_N,2025,0.991,From MOVES5,2026,ON
T_LDV_LTF_BEV200_N,2025,0.982081,From MOVES5,2027,ON
T_LDV_LTF_BEV200_N,2025,0.973242271,From MOVES5,2028,ON
T_LDV_LTF_BEV200_N,2025,0.959616879,From MOVES5,2029,ON
T_LDV_LTF_BEV200_N,2025,0.941384159,From MOVES5,2030,ON
T_LDV_LTF_BEV200_N,2025,0.918790939,From MOVES5,2031,ON
T_LDV_LTF_BEV200_N,2025,0.891227211,From MOVES5,2032,ON
T_LDV_LTF_BEV200_N,2025,0.859143031,From MOVES5,2033,ON
T_LDV_LTF_BEV200_N,2025,0.823059024,From MOVES5,2034,ON
T_LDV_LTF_BEV200_N,2025,0.783552191,From MOVES5,2035,ON
T_LDV_LTF_BEV200_N,2025,0.741240372,From MOVES5,2036,ON
T_LDV_LTF_BEV200_N,2025,0.69676595,From MOVES5,2037,ON
T_LDV_LTF_BEV200_N,2025,0.651476163,From MOVES5,2038,ON
T_LDV_LTF_BEV200_N,2025,0.605221356,From MOVES5,2039,ON
T_LDV_LTF_BEV200_N,2025,0.552567098,From MOVES5,2040,ON
T_LDV_LTF_BEV200_N,2025,0.501730925,From MOVES5,2041,ON
T_LDV_LTF_BEV200_N,2025,0.453063025,From MOVES5,2042,ON
T_LDV_LTF_BEV200_N,2025,0.406850596,From MOVES5,2043,ON
T_LDV_LTF_BEV200_N,2025,0.363724433,From MOVES5,2044,ON
T_LDV_LTF_BEV200_N,2025,0.32407847,From MOVES5,2045,ON
T_LDV_LTF_BEV200_N,2025,0.287781681,From MOVES5,2046,ON
T_LDV_LTF_BEV200_N,2025,0.254686788,From MOVES5,2047,ON
T_LDV_LTF_BEV200_N,2025,0.224888434,From MOVES5,2048,ON
T_LDV_LTF_BEV200_N,2025,0.197901822,From MOVES5,2049,ON
T_LDV_LTF_BEV200_N,2025,0.173955701,From MOVES5,2050,ON
T_LDV_LTF_BEV200_N,2025,0.15255915,From MOVES5,2051,ON
T_LDV_LTF_BEV200_N,2025,0.133489256,From MOVES5,2052,ON
T_LDV_LTF_BEV200_N,2025,0.116803099,From MOVES5,2053,ON
T_LDV_LTF_BEV200_N,2025,0.101969106,From MOVES5,2054,ON
T_LDV_LTF_BEV200_N,2025,0.08891706,From MOVES5,2055,ON
T_LDV_LTF_BEV200_N,2025,0.077446759,From MOVES5,2056,ON
T_LDV_LTF_BEV200_N,2025,0.067378681,From MOVES5,2057,ON
T_LDV_LTF_BEV200_N,2025,0.058552073,From MOVES5,2058,ON
T_LDV_LTF_BEV200_N,2025,0.0508232,From MOVES5,2059,ON
T_LDV_LTF_BEV200_N,2025,0.044063714,From MOVES5,2060,ON
T_LDV_LTF_BEV200_N,2025,0.038159177,From MOVES5,2061,ON
T_LDV_LTF_BEV200_N,2025,0.033007688,From MOVES5,2062,ON
T_LDV_LTF_BEV200_N,2025,0.028518642,From MOVES5,2063,ON
T_LDV_LTF_BEV200_N,2025,0.024611588,From MOVES5,2064,ON
T_LDV_LTF_BEV200_N,2025,0.021215189,From MOVES5,2065,ON
T_LDV_LTF_BEV200_N,2025,0.018266278,From MOVES5,2066,ON
T_LDV_LTF_BEV200_N,2025,0,From MOVES5,2067,ON
T_LDV_LTF_BEV200_N,2030,1,From MOVES5,2030,ON
T_LDV_LTF_BEV200_N,2030,0.991,From MOVES5,2031,ON
T_LDV_LTF_BEV200_N,2030,0.982081,From MOVES5,2032,ON
T_LDV_LTF_BEV200_N,2030,0.973242271,From MOVES5,2033,ON
T_LDV_LTF_BEV200_N,2030,0.959616879,From MOVES5,2034,ON
T_LDV_LTF_BEV200_N,2030,0.941384159,From MOVES5,2035,ON
T_LDV_LTF_BEV200_N,2030,0.918790939,From MOVES5,2036,ON
T_LDV_LTF_BEV200_N,2030,0.891227211,From MOVES5,2037,ON
T_LDV_LTF_BEV200_N,2030,0.859143031,From MOVES5,2038,ON
T_LDV_LTF_BEV200_N,2030,0.823059024,From MOVES5,2039,ON
T_LDV_LTF_BEV200_N,2030,0.783552191,From MOVES5,2040,ON
T_LDV_LTF_BEV200_N,2030,0.741240372,From MOVES5,2041,ON
T_LDV_LTF_BEV200_N,2030,0.69676595,From MOVES5,2042,ON
T_LDV_LTF_BEV200_N,2030,0.651476163,From MOVES5,2043,ON
T_LDV_LTF_BEV200_N,2030,0.605221356,From MOVES5,2044,ON
T_LDV_LTF_BEV200_N,2030,0.552567098,From MOVES5,2045,ON
T_LDV_LTF_BEV200_N,2030,0.501730925,From MOVES5,2046,ON
T_LDV_LTF_BEV200_N,2030,0.453063025,From MOVES5,2047,ON
T_LDV_LTF_BEV200_N,2030,0.406850596,From MOVES5,2048,ON
T_LDV_LTF_BEV200_N,2030,0.363724433,From MOVES5,2049,ON
T_LDV_LTF_BEV200_N,2030,0.32407847,From MOVES5,2050,ON
T_LDV_LTF_BEV200_N,2030,0.287781681,From MOVES5,2051,ON
T_LDV_LTF_BEV200_N,2030,0.254686788,From MOVES5,2052,ON
T_LDV_LTF_BEV200_N,2030,0.224888434,From MOVES5,2053,ON
T_LDV_LTF_BEV200_N,2030,0.197901822,From MOVES5,2054,ON
T_LDV_LTF_BEV200_N,2030,0.173955701,From MOVES5,2055,ON
T_LDV_LTF_BEV200_N,2030,0.15255915,From MOVES5,2056,ON
T_LDV_LTF_BEV200_N,2030,0.133489256,From MOVES5,2057,ON
T_LDV_LTF_BEV200_N,2030,0.116803099,From MOVES5,2058,ON
T_LDV_LTF_BEV200_N,2030,0.101969106,From MOVES5,2059,ON
T_LDV_LTF_BEV200_N,2030,0.08891706,From MOVES5,2060,ON
T_LDV_LTF_BEV200_N,2030,0.077446759,From MOVES5,2061,ON
T_LDV_LTF_BEV200_N,2030,0.067378681,From MOVES5,2062,ON
T_LDV_LTF_BEV200_N,2030,0.058552073,From MOVES5,2063,ON
T_LDV_LTF_BEV200_N,2030,0.0508232,From MOVES5,2064,ON
T_LDV_LTF_BEV200_N,2030,0.044063714,From MOVES5,2065,ON
T_LDV_LTF_BEV200_N,2030,0.038159177,From MOVES5,2066,ON
T_LDV_LTF_BEV200_N,2030,0.033007688,From MOVES5,2067,ON
T_LDV_LTF_BEV200_N,2030,0.028518642,From MOVES5,2068,ON
T_LDV_LTF_BEV200_N,2030,0.024611588,From MOVES5,2069,ON
T_LDV_LTF_BEV200_N,2030,0.021215189,From MOVES5,2070,ON
T_LDV_LTF_BEV200_N,2030,0.018266278,From MOVES5,2071,ON
T_LDV_LTF_BEV200_N,2030,0,From MOVES5,2072,ON
T_LDV_LTF_BEV200_N,2035,1,From MOVES5,2035,ON
T_LDV_LTF_BEV200_N,2035,0.991,From MOVES5,2036,ON
T_LDV_LTF_BEV200_N,2035,0.982081,From MOVES5,2037,ON
T_LDV_LTF_BEV200_N,2035,0.973242271,From MOVES5,2038,ON
T_LDV_LTF_BEV200_N,2035,0.959616879,From MOVES5,2039,ON
T_LDV_LTF_BEV200_N,2035,0.941384159,From MOVES5,2040,ON
T_LDV_LTF_BEV200_N,2035,0.918790939,From MOVES5,2041,ON
T_LDV_LTF_BEV200_N,2035,0.891227211,From MOVES5,2042,ON
T_LDV_LTF_BEV200_N,2035,0.859143031,From MOVES5,2043,ON
T_LDV_LTF_BEV200_N,2035,0.823059024,From MOVES5,2044,ON
T_LDV_LTF_BEV200_N,2035,0.783552191,From MOVES5,2045,ON
T_LDV_LTF_BEV200_N,2035,0.741240372,From MOVES5,2046,ON
T_LDV_LTF_BEV200_N,2035,0.69676595,From MOVES5,2047,ON
T_LDV_LTF_BEV200_N,2035,0.651476163,From MOVES5,2048,ON
T_LDV_LTF_BEV200_N,2035,0.605221356,From MOVES5,2049,ON
T_LDV_LTF_BEV200_N,2035,0.552567098,From MOVES5,2050,ON
T_LDV_LTF_BEV200_N,2035,0.501730925,From MOVES5,2051,ON
T_LDV_LTF_BEV200_N,2035,0.453063025,From MOVES5,2052,ON
T_LDV_LTF_BEV200_N,2035,0.406850596,From MOVES5,2053,ON
T_LDV_LTF_BEV200_N,2035,0.363724433,From MOVES5,2054,ON
T_LDV_LTF_BEV200_N,2035,0.32407847,From MOVES5,2055,ON
T_LDV_LTF_BEV200_N,2035,0.287781681,From MOVES5,2056,ON
T_LDV_LTF_BEV200_N,2035,0.254686788,From MOVES5,2057,ON
T_LDV_LTF_BEV200_N,2035,0.224888434,From MOVES5,2058,ON
T_LDV_LTF_BEV200_N,2035,0.197901822,From MOVES5,2059,ON
T_LDV_LTF_BEV200_N,2035,0.173955701,From MOVES5,2060,ON
T_LDV_LTF_BEV200_N,2035,0.15255915,From MOVES5,2061,ON
T_LDV_LTF_BEV200_N,2035,0.133489256,From MOVES5,2062,ON
T_LDV_LTF_BEV200_N,2035,0.116803099,From MOVES5,2063,ON
T_LDV_LTF_BEV200_N,2035,0.101969106,From MOVES5,2064,ON
T_LDV_LTF_BEV200_N,2035,0.08891706,From MOVES5,2065,ON
T_LDV_LTF_BEV200_N,2035,0.077446759,From MOVES5,2066,ON
T_LDV_LTF_BEV200_N,2035,0.067378681,From MOVES5,2067,ON
T_LDV_LTF_BEV200_N,2035,0.058552073,From MOVES5,2068,ON
T_LDV_LTF_BEV200_N,2035,0.0508232,From MOVES5,2069,ON
T_LDV_LTF_BEV200_N,2035,0.044063714,From MOVES5,2070,ON
T_LDV_LTF_BEV200_N,2035,0.038159177,From MOVES5,2071,ON
T_LDV_LTF_BEV200_N,2035,0.033007688,From MOVES5,2072,ON
T_LDV_LTF_BEV200_N,2035,0.028518642,From MOVES5,2073,ON
T_LDV_LTF_BEV200_N,2035,0.024611588,From MOVES5,2074,ON
T_LDV_LTF_BEV200_N,2035,0.021215189,From MOVES5,2075,ON
T_LDV_LTF_BEV200_N,2035,0.018266278,From MOVES5,2076,ON
T_LDV_LTF_BEV200_N,2035,0,From MOVES5,2077,ON
T_LDV_LTF_BEV200_N,2040,1,From MOVES5,2040,ON
T_LDV_LTF_BEV200_N,2040,0.991,From MOVES5,2041,ON
T_LDV_LTF_BEV200_N,2040,0.982081,From MOVES5,2042,ON
T_LDV_LTF_BEV200_N,2040,0.973242271,From MOVES5,2043,ON
T_LDV_LTF_BEV200_N,2040,0.959616879,From MOVES5,2044,ON
T_LDV_LTF_BEV200_N,2040,0.941384159,From MOVES5,2045,ON
T_LDV_LTF_BEV200_N,2040,0.918790939,From MOVES5,2046,ON
T_LDV_LTF_BEV200_N,2040,0.891227211,From MOVES5,2047,ON
T_LDV_LTF_BEV200_N,2040,0.859143031,From MOVES5,2048,ON
T_LDV_LTF_BEV200_N,2040,0.823059024,From MOVES5,2049,ON
T_LDV_LTF_BEV200_N,2040,0.783552191,From MOVES5,2050,ON
T_LDV_LTF_BEV200_N,2040,0.741240372,From MOVES5,2051,ON
T_LDV_LTF_BEV200_N,2040,0.69676595,From MOVES5,2052,ON
T_LDV_LTF_BEV200_N,2040,0.651476163,From MOVES5,2053,ON
T_LDV_LTF_BEV200_N,2040,0.605221356,From MOVES5,2054,ON
T_LDV_LTF_BEV200_N,2040,0.552567098,From MOVES5,2055,ON
T_LDV_LTF_BEV200_N,2040,0.501730925,From MOVES5,2056,ON
T_LDV_LTF_BEV200_N,2040,0.453063025,From MOVES5,2057,ON
T_LDV_LTF_BEV200_N,2040,0.406850596,From MOVES5,2058,ON
T_LDV_LTF_BEV200_N,2040,0.363724433,From MOVES5,2059,ON
T_LDV_LTF_BEV200_N,2040,0.32407847,From MOVES5,2060,ON
T_LDV_LTF_BEV200_N,2040,0.287781681,From MOVES5,2061,ON
T_LDV_LTF_BEV200_N,2040,0.254686788,From MOVES5,2062,ON
T_LDV_LTF_BEV200_N,2040,0.224888434,From MOVES5,2063,ON
T_LDV_LTF_BEV200_N,2040,0.197901822,From MOVES5,2064,ON
T_LDV_LTF_BEV200_N,2040,0.173955701,From MOVES5,2065,ON
T_LDV_LTF_BEV200_N,2040,0.15255915,From MOVES5,2066,ON
T_LDV_LTF_BEV200_N,2040,0.133489256,From MOVES5,2067,ON
T_LDV_LTF_BEV200_N,2040,0.116803099,From MOVES5,2068,ON
T_LDV_LTF_BEV200_N,2040,0.101969106,From MOVES5,2069,ON
T_LDV_LTF_BEV200_N,2040,0.08891706,From MOVES5,2070,ON
T_LDV_LTF_BEV200_N,2040,0.077446759,From MOVES5,2071,ON
T_LDV_LTF_BEV200_N,2040,0.067378681,From MOVES5,2072,ON
T_LDV_LTF_BEV200_N,2040,0.058552073,From MOVES5,2073,ON
T_LDV_LTF_BEV200_N,2040,0.0508232,From MOVES5,2074,ON
T_LDV_LTF_BEV200_N,2040,0.044063714,From MOVES5,2075,ON
T_LDV_LTF_BEV200_N,2040,0.038159177,From MOVES5,2076,ON
T_LDV_LTF_BEV200_N,2040,0.033007688,From MOVES5,2077,ON
T_LDV_LTF_BEV200_N,2040,0.028518642,From MOVES5,2078,ON
T_LDV_LTF_BEV200_N,2040,0.024611588,From MOVES5,2079,ON
T_LDV_LTF_BEV200_N,2040,0.021215189,From MOVES5,2080,ON
T_LDV_LTF_BEV200_N,2040,0.018266278,From MOVES5,2081,ON
T_LDV_LTF_BEV200_N,2040,0,From MOVES5,2082,ON
T_LDV_LTF_BEV200_N,2045,1,From MOVES5,2045,ON
T_LDV_LTF_BEV200_N,2045,0.991,From MOVES5,2046,ON
T_LDV_LTF_BEV200_N,2045,0.982081,From MOVES5,2047,ON
T_LDV_LTF_BEV200_N,2045,0.973242271,From MOVES5,2048,ON
T_LDV_LTF_BEV200_N,2045,0.959616879,From MOVES5,2049,ON
T_LDV_LTF_BEV200_N,2045,0.941384159,From MOVES5,2050,ON
T_LDV_LTF_BEV200_N,2045,0.918790939,From MOVES5,2051,ON
T_LDV_LTF_BEV200_N,2045,0.891227211,From MOVES5,2052,ON
T_LDV_LTF_BEV200_N,2045,0.859143031,From MOVES5,2053,ON
T_LDV_LTF_BEV200_N,2045,0.823059024,From MOVES5,2054,ON
T_LDV_LTF_BEV200_N,2045,0.783552191,From MOVES5,2055,ON
T_LDV_LTF_BEV200_N,2045,0.741240372,From MOVES5,2056,ON
T_LDV_LTF_BEV200_N,2045,0.69676595,From MOVES5,2057,ON
T_LDV_LTF_BEV200_N,2045,0.651476163,From MOVES5,2058,ON
T_LDV_LTF_BEV200_N,2045,0.605221356,From MOVES5,2059,ON
T_LDV_LTF_BEV200_N,2045,0.552567098,From MOVES5,2060,ON
T_LDV_LTF_BEV200_N,2045,0.501730925,From MOVES5,2061,ON
T_LDV_LTF_BEV200_N,2045,0.453063025,From MOVES5,2062,ON
T_LDV_LTF_BEV200_N,2045,0.406850596,From MOVES5,2063,ON
T_LDV_LTF_BEV200_N,2045,0.363724433,From MOVES5,2064,ON
T_LDV_LTF_BEV200_N,2045,0.32407847,From MOVES5,2065,ON
T_LDV_LTF_BEV200_N,2045,0.287781681,From MOVES5,2066,ON
T_LDV_LTF_BEV200_N,2045,0.254686788,From MOVES5,2067,ON
T_LDV_LTF_BEV200_N,2045,0.224888434,From MOVES5,2068,ON
T_LDV_LTF_BEV200_N,2045,0.197901822,From MOVES5,2069,ON
T_LDV_LTF_BEV200_N,2045,0.173955701,From MOVES5,2070,ON
T_LDV_LTF_BEV200_N,2045,0.15255915,From MOVES5,2071,ON
T_LDV_LTF_BEV200_N,2045,0.133489256,From MOVES5,2072,ON
T_LDV_LTF_BEV200_N,2045,0.116803099,From MOVES5,2073,ON
T_LDV_LTF_BEV200_N,2045,0.101969106,From MOVES5,2074,ON
T_LDV_LTF_BEV200_N,2045,0.08891706,From MOVES5,2075,ON
T_LDV_LTF_BEV200_N,2045,0.077446759,From MOVES5,2076,ON
T_LDV_LTF_BEV200_N,2045,0.067378681,From MOVES5,2077,ON
T_LDV_LTF_BEV200_N,2045,0.058552073,From MOVES5,2078,ON
T_LDV_LTF_BEV200_N,2045,0.0508232,From MOVES5,2079,ON
T_LDV_LTF_BEV200_N,2045,0.044063714,From MOVES5,2080,ON
T_LDV_LTF_BEV200_N,2045,0.038159177,From MOVES5,2081,ON
T_LDV_LTF_BEV200_N,2045,0.033007688,From MOVES5,2082,ON
T_LDV_LTF_BEV200_N,2045,0.028518642,From MOVES5,2083,ON
T_LDV_LTF_BEV200_N,2045,0.024611588,From MOVES5,2084,ON
T_LDV_LTF_BEV200_N,2045,0.021215189,From MOVES5,2085,ON
T_LDV_LTF_BEV200_N,2045,0.018266278,From MOVES5,2086,ON
T_LDV_LTF_BEV200_N,2045,0,From MOVES5,2087,ON
T_LDV_LTF_BEV200_N,2050,1,From MOVES5,2050,ON
T_LDV_LTF_BEV200_N,2050,0.991,From MOVES5,2051,ON
T_LDV_LTF_BEV200_N,2050,0.982081,From MOVES5,2052,ON
T_LDV_LTF_BEV200_N,2050,0.973242271,From MOVES5,2053,ON
T_LDV_LTF_BEV200_N,2050,0.959616879,From MOVES5,2054,ON
T_LDV_LTF_BEV200_N,2050,0.941384159,From MOVES5,2055,ON
T_LDV_LTF_BEV200_N,2050,0.918790939,From MOVES5,2056,ON
T_LDV_LTF_BEV200_N,2050,0.891227211,From MOVES5,2057,ON
T_LDV_LTF_BEV200_N,2050,0.859143031,From MOVES5,2058,ON
T_LDV_LTF_BEV200_N,2050,0.823059024,From MOVES5,2059,ON
T_LDV_LTF_BEV200_N,2050,0.783552191,From MOVES5,2060,ON
T_LDV_LTF_BEV200_N,2050,0.741240372,From MOVES5,2061,ON
T_LDV_LTF_BEV200_N,2050,0.69676595,From MOVES5,2062,ON
T_LDV_LTF_BEV200_N,2050,0.651476163,From MOVES5,2063,ON
T_LDV_LTF_BEV200_N,2050,0.605221356,From MOVES5,2064,ON
T_LDV_LTF_BEV200_N,2050,0.552567098,From MOVES5,2065,ON
T_LDV_LTF_BEV200_N,2050,0.501730925,From MOVES5,2066,ON
T_LDV_LTF_BEV200_N,2050,0.453063025,From MOVES5,2067,ON
T_LDV_LTF_BEV200_N,2050,0.406850596,From MOVES5,2068,ON
T_LDV_LTF_BEV200_N,2050,0.363724433,From MOVES5,2069,ON
T_LDV_LTF_BEV200_N,2050,0.32407847,From MOVES5,2070,ON
T_LDV_LTF_BEV200_N,2050,0.287781681,From MOVES5,2071,ON
T_LDV_LTF_BEV200_N,2050,0.254686788,From MOVES5,2072,ON
T_LDV_LTF_BEV200_N,2050,0.224888434,From MOVES5,2073,ON
T_LDV_LTF_BEV200_N,2050,0.197901822,From MOVES5,2074,ON
T_LDV_LTF_BEV200_N,2050,0.173955701,From MOVES5,2075,ON
T_LDV_LTF_BEV200_N,2050,0.15255915,From MOVES5,2076,ON
T_LDV_LTF_BEV200_N,2050,0.133489256,From MOVES5,2077,ON
T_LDV_LTF_BEV200_N,2050,0.116803099,From MOVES5,2078,ON
T_LDV_LTF_BEV200_N,2050,0.101969106,From MOVES5,2079,ON
T_LDV_LTF_BEV200_N,2050,0.08891706,From MOVES5,2080,ON
T_LDV_LTF_BEV200_N,2050,0.077446759,From MOVES5,2081,ON
T_LDV_LTF_BEV200_N,2050,0.067378681,From MOVES5,2082,ON
T_LDV_LTF_BEV200_N,2050,0.058552073,From MOVES5,2083,ON
T_LDV_LTF_BEV200_N,2050,0.0508232,From MOVES5,2084,ON
T_LDV_LTF_BEV200_N,2050,0.044063714,From MOVES5,2085,ON
T_LDV_LTF_BEV200_N,2050,0.038159177,From MOVES5,2086,ON
T_LDV_LTF_BEV200_N,2050,0.033007688,From MOVES5,2087,ON
T_LDV_LTF_BEV200_N,2050,0.028518642,From MOVES5,2088,ON
T_LDV_LTF_BEV200_N,2050,0.024611588,From MOVES5,2089,ON
T_LDV_LTF_BEV200_N,2050,0.021215189,From MOVES5,2090,ON
T_LDV_LTF_BEV200_N,2050,0.018266278,From MOVES5,2091,ON
T_LDV_LTF_BEV200_N,2050,0,From MOVES5,2092,ON
T_LDV_LTF_BEV300_N,2025,1,From MOVES5,2025,ON
T_LDV_LTF_BEV300_N,2025,0.991,From MOVES5,2026,ON
T_LDV_LTF_BEV300_N,2025,0.982081,From MOVES5,2027,ON
T_LDV_LTF_BEV300_N,2025,0.973242271,From MOVES5,2028,ON
T_LDV_LTF_BEV300_N,2025,0.959616879,From MOVES5,2029,ON
T_LDV_LTF_BEV300_N,2025,0.941384159,From MOVES5,2030,ON
T_LDV_LTF_BEV300_N,2025,0.918790939,From MOVES5,2031,ON
T_LDV_LTF_BEV300_N,2025,0.891227211,From MOVES5,2032,ON
T_LDV_LTF_BEV300_N,2025,0.859143031,From MOVES5,2033,ON
T_LDV_LTF_BEV300_N,2025,0.823059024,From MOVES5,2034,ON
T_LDV_LTF_BEV300_N,2025,0.783552191,From MOVES5,2035,ON
T_LDV_LTF_BEV300_N,2025,0.741240372,From MOVES5,2036,ON
T_LDV_LTF_BEV300_N,2025,0.69676595,From MOVES5,2037,ON
T_LDV_LTF_BEV300_N,2025,0.651476163,From MOVES5,2038,ON
T_LDV_LTF_BEV300_N,2025,0.605221356,From MOVES5,2039,ON
T_LDV_LTF_BEV300_N,2025,0.552567098,From MOVES5,2040,ON
T_LDV_LTF_BEV300_N,2025,0.501730925,From MOVES5,2041,ON
T_LDV_LTF_BEV300_N,2025,0.453063025,From MOVES5,2042,ON
T_LDV_LTF_BEV300_N,2025,0.406850596,From MOVES5,2043,ON
T_LDV_LTF_BEV300_N,2025,0.363724433,From MOVES5,2044,ON
T_LDV_LTF_BEV300_N,2025,0.32407847,From MOVES5,2045,ON
T_LDV_LTF_BEV300_N,2025,0.287781681,From MOVES5,2046,ON
T_LDV_LTF_BEV300_N,2025,0.254686788,From MOVES5,2047,ON
T_LDV_LTF_BEV300_N,2025,0.224888434,From MOVES5,2048,ON
T_LDV_LTF_BEV300_N,2025,0.197901822,From MOVES5,2049,ON
T_LDV_LTF_BEV300_N,2025,0.173955701,From MOVES5,2050,ON
T_LDV_LTF_BEV300_N,2025,0.15255915,From MOVES5,2051,ON
T_LDV_LTF_BEV300_N,2025,0.133489256,From MOVES5,2052,ON
T_LDV_LTF_BEV300_N,2025,0.116803099,From MOVES5,2053,ON
T_LDV_LTF_BEV300_N,2025,0.101969106,From MOVES5,2054,ON
T_LDV_LTF_BEV300_N,2025,0.08891706,From MOVES5,2055,ON
T_LDV_LTF_BEV300_N,2025,0.077446759,From MOVES5,2056,ON
T_LDV_LTF_BEV300_N,2025,0.067378681,From MOVES5,2057,ON
T_LDV_LTF_BEV300_N,2025,0.058552073,From MOVES5,2058,ON
T_LDV_LTF_BEV300_N,2025,0.0508232,From MOVES5,2059,ON
T_LDV_LTF_BEV300_N,2025,0.044063714,From MOVES5,2060,ON
T_LDV_LTF_BEV300_N,2025,0.038159177,From MOVES5,2061,ON
T_LDV_LTF_BEV300_N,2025,0.033007688,From MOVES5,2062,ON
T_LDV_LTF_BEV300_N,2025,0.028518642,From MOVES5,2063,ON
T_LDV_LTF_BEV300_N,2025,0.024611588,From MOVES5,2064,ON
T_LDV_LTF_BEV300_N,2025,0.021215189,From MOVES5,2065,ON
T_LDV_LTF_BEV300_N,2025,0.018266278,From MOVES5,2066,ON
T_LDV_LTF_BEV300_N,2025,0,From MOVES5,2067,ON
T_LDV_LTF_BEV300_N,2030,1,From MOVES5,2030,ON
T_LDV_LTF_BEV300_N,2030,0.991,From MOVES5,2031,ON
T_LDV_LTF_BEV300_N,2030,0.982081,From MOVES5,2032,ON
T_LDV_LTF_BEV300_N,2030,0.973242271,From MOVES5,2033,ON
T_LDV_LTF_BEV300_N,2030,0.959616879,From MOVES5,2034,ON
T_LDV_LTF_BEV300_N,2030,0.941384159,From MOVES5,2035,ON
T_LDV_LTF_BEV300_N,2030,0.918790939,From MOVES5,2036,ON
T_LDV_LTF_BEV300_N,2030,0.891227211,From MOVES5,2037,ON
T_LDV_LTF_BEV300_N,2030,0.859143031,From MOVES5,2038,ON
T_LDV_LTF_BEV300_N,2030,0.823059024,From MOVES5,2039,ON
T_LDV_LTF_BEV300_N,2030,0.783552191,From MOVES5,2040,ON
T_LDV_LTF_BEV300_N,2030,0.741240372,From MOVES5,2041,ON
T_LDV_LTF_BEV300_N,2030,0.69676595,From MOVES5,2042,ON
T_LDV_LTF_BEV300_N,2030,0.651476163,From MOVES5,2043,ON
T_LDV_LTF_BEV300_N,2030,0.605221356,From MOVES5,2044,ON
T_LDV_LTF_BEV300_N,2030,0.552567098,From MOVES5,2045,ON
T_LDV_LTF_BEV300_N,2030,0.501730925,From MOVES5,2046,ON
T_LDV_LTF_BEV300_N,2030,0.453063025,From MOVES5,2047,ON
T_LDV_LTF_BEV300_N,2030,0.406850596,From MOVES5,2048,ON
T_LDV_LTF_BEV300_N,2030,0.363724433,From MOVES5,2049,ON
T_LDV_LTF_BEV300_N,2030,0.32407847,From MOVES5,2050,ON
T_LDV_LTF_BEV300_N,2030,0.287781681,From MOVES5,2051,ON
T_LDV_LTF_BEV300_N,2030,0.254686788,From MOVES5,2052,ON
T_LDV_LTF_BEV300_N,2030,0.224888434,From MOVES5,2053,ON
T_LDV_LTF_BEV300_N,2030,0.197901822,From MOVES5,2054,ON
T_LDV_LTF_BEV300_N,2030,0.173955701,From MOVES5,2055,ON
T_LDV_LTF_BEV300_N,2030,0.15255915,From MOVES5,2056,ON
T_LDV_LTF_BEV300_N,2030,0.133489256,From MOVES5,2057,ON
T_LDV_LTF_BEV300_N,2030,0.116803099,From MOVES5,2058,ON
T_LDV_LTF_BEV300_N,2030,0.101969106,From MOVES5,2059,ON
T_LDV_LTF_BEV300_N,2030,0.08891706,From MOVES5,2060,ON
T_LDV_LTF_BEV300_N,2030,0.077446759,From MOVES5,2061,ON
T_LDV_LTF_BEV300_N,2030,0.067378681,From MOVES5,2062,ON
T_LDV_LTF_BEV300_N,2030,0.058552073,From MOVES5,2063,ON
T_LDV_LTF_BEV300_N,2030,0.0508232,From MOVES5,2064,ON
T_LDV_LTF_BEV300_N,2030,0.044063714,From MOVES5,2065,ON
T_LDV_LTF_BEV300_N,2030,0.038159177,From MOVES5,2066,ON
T_LDV_LTF_BEV300_N,2030,0.033007688,From MOVES5,2067,ON
T_LDV_LTF_BEV300_N,2030,0.028518642,From MOVES5,2068,ON
T_LDV_LTF_BEV300_N,2030,0.024611588,From MOVES5,2069,ON
T_LDV_LTF_BEV300_N,2030,0.021215189,From MOVES5,2070,ON
T_LDV_LTF_BEV300_N,2030,0.018266278,From MOVES5,2071,ON
T_LDV_LTF_BEV300_N,2030,0,From MOVES5,2072,ON
T_LDV_LTF_BEV300_N,2035,1,From MOVES5,2035,ON
T_LDV_LTF_BEV300_N,2035,0.991,From MOVES5,2036,ON
T_LDV_LTF_BEV300_N,2035,0.982081,From MOVES5,2037,ON
T_LDV_LTF_BEV300_N,2035,0.973242271,From MOVES5,2038,ON
T_LDV_LTF_BEV300_N,2035,0.959616879,From MOVES5,2039,ON
T_LDV_LTF_BEV300_N,2035,0.941384159,From MOVES5,2040,ON
T_LDV_LTF_BEV300_N,2035,0.918790939,From MOVES5,2041,ON
T_LDV_LTF_BEV300_N,2035,0.891227211,From MOVES5,2042,ON
T_LDV_LTF_BEV300_N,2035,0.859143031,From MOVES5,2043,ON
T_LDV_LTF_BEV300_N,2035,0.823059024,From MOVES5,2044,ON
T_LDV_LTF_BEV300_N,2035,0.783552191,From MOVES5,2045,ON
T_LDV_LTF_BEV300_N,2035,0.741240372,From MOVES5,2046,ON
T_LDV_LTF_BEV300_N,2035,0.69676595,From MOVES5,2047,ON
T_LDV_LTF_BEV300_N,2035,0.651476163,From MOVES5,2048,ON
T_LDV_LTF_BEV300_N,2035,0.605221356,From MOVES5,2049,ON
T_LDV_LTF_BEV300_N,2035,0.552567098,From MOVES5,2050,ON
T_LDV_LTF_BEV300_N,2035,0.501730925,From MOVES5,2051,ON
T_LDV_LTF_BEV300_N,2035,0.453063025,From MOVES5,2052,ON
T_LDV_LTF_BEV300_N,2035,0.406850596,From MOVES5,2053,ON
T_LDV_LTF_BEV300_N,2035,0.363724433,From MOVES5,2054,ON
T_LDV_LTF_BEV300_N,2035,0.32407847,From MOVES5,2055,ON
T_LDV_LTF_BEV300_N,2035,0.287781681,From MOVES5,2056,ON
T_LDV_LTF_BEV300_N,2035,0.254686788,From MOVES5,2057,ON
T_LDV_LTF_BEV300_N,2035,0.224888434,From MOVES5,2058,ON
T_LDV_LTF_BEV300_N,2035,0.197901822,From MOVES5,2059,ON
T_LDV_LTF_BEV300_N,2035,0.173955701,From MOVES5,2060,ON
T_LDV_LTF_BEV300_N,2035,0.15255915,From MOVES5,2061,ON
T_LDV_LTF_BEV300_N,2035,0.133489256,From MOVES5,2062,ON
T_LDV_LTF_BEV300_N,2035,0.116803099,From MOVES5,2063,ON
T_LDV_LTF_BEV300_N,2035,0.101969106,From MOVES5,2064,ON
T_LDV_LTF_BEV300_N,2035,0.08891706,From MOVES5,2065,ON
T_LDV_LTF_BEV300_N,2035,0.077446759,From MOVES5,2066,ON
T_LDV_LTF_BEV300_N,2035,0.067378681,From MOVES5,2067,ON
T_LDV_LTF_BEV300_N,2035,0.058552073,From MOVES5,2068,ON
T_LDV_LTF_BEV300_N,2035,0.0508232,From MOVES5,2069,ON
T_LDV_LTF_BEV300_N,2035,0.044063714,From MOVES5,2070,ON
T_LDV_LTF_BEV300_N,2035,0.038159177,From MOVES5,2071,ON
T_LDV_LTF_BEV300_N,2035,0.033007688,From MOVES5,2072,ON
T_LDV_LTF_BEV300_N,2035,0.028518642,From MOVES5,2073,ON
T_LDV_LTF_BEV300_N,2035,0.024611588,From MOVES5,2074,ON
T_LDV_LTF_BEV300_N,2035,0.021215189,From MOVES5,2075,ON
T_LDV_LTF_BEV300_N,2035,0.018266278,From MOVES5,2076,ON
T_LDV_LTF_BEV300_N,2035,0,From MOVES5,2077,ON
T_LDV_LTF_BEV300_N,2040,1,From MOVES5,2040,ON
T_LDV_LTF_BEV300_N,2040,0.991,From MOVES5,2041,ON
T_LDV_LTF_BEV300_N,2040,0.982081,From MOVES5,2042,ON
T_LDV_LTF_BEV300_N,2040,0.973242271,From MOVES5,2043,ON
T_LDV_LTF_BEV300_N,2040,0.959616879,From MOVES5,2044,ON
T_LDV_LTF_BEV300_N,2040,0.941384159,From MOVES5,2045,ON
T_LDV_LTF_BEV300_N,2040,0.918790939,From MOVES5,2046,ON
T_LDV_LTF_BEV300_N,2040,0.891227211,From MOVES5,2047,ON
T_LDV_LTF_BEV300_N,2040,0.859143031,From MOVES5,2048,ON
T_LDV_LTF_BEV300_N,2040,0.823059024,From MOVES5,2049,ON
T_LDV_LTF_BEV300_N,2040,0.783552191,From MOVES5,2050,ON
T_LDV_LTF_BEV300_N,2040,0.741240372,From MOVES5,2051,ON
T_LDV_LTF_BEV300_N,2040,0.69676595,From MOVES5,2052,ON
T_LDV_LTF_BEV300_N,2040,0.651476163,From MOVES5,2053,ON
T_LDV_LTF_BEV300_N,2040,0.605221356,From MOVES5,2054,ON
T_LDV_LTF_BEV300_N,2040,0.552567098,From MOVES5,2055,ON
T_LDV_LTF_BEV300_N,2040,0.501730925,From MOVES5,2056,ON
T_LDV_LTF_BEV300_N,2040,0.453063025,From MOVES5,2057,ON
T_LDV_LTF_BEV300_N,2040,0.406850596,From MOVES5,2058,ON
T_LDV_LTF_BEV300_N,2040,0.363724433,From MOVES5,2059,ON
T_LDV_LTF_BEV300_N,2040,0.32407847,From MOVES5,2060,ON
T_LDV_LTF_BEV300_N,2040,0.287781681,From MOVES5,2061,ON
T_LDV_LTF_BEV300_N,2040,0.254686788,From MOVES5,2062,ON
T_LDV_LTF_BEV300_N,2040,0.224888434,From MOVES5,2063,ON
T_LDV_LTF_BEV300_N,2040,0.197901822,From MOVES5,2064,ON
T_LDV_LTF_BEV300_N,2040,0.173955701,From MOVES5,2065,ON
T_LDV_LTF_BEV300_N,2040,0.15255915,From MOVES5,2066,ON
T_LDV_LTF_BEV300_N,2040,0.133489256,From MOVES5,2067,ON
T_LDV_LTF_BEV300_N,2040,0.116803099,From MOVES5,2068,ON
T_LDV_LTF_BEV300_N,2040,0.101969106,From MOVES5,2069,ON
T_LDV_LTF_BEV300_N,2040,0.08891706,From MOVES5,2070,ON
T_LDV_LTF_BEV300_N,2040,0.077446759,From MOVES5,2071,ON
T_LDV_LTF_BEV300_N,2040,0.067378681,From MOVES5,2072,ON
T_LDV_LTF_BEV300_N,2040,0.058552073,From MOVES5,2073,ON
T_LDV_LTF_BEV300_N,2040,0.0508232,From MOVES5,2074,ON
T_LDV_LTF_BEV300_N,2040,0.044063714,From MOVES5,2075,ON
T_LDV_LTF_BEV300_N,2040,0.038159177,From MOVES5,2076,ON
T_LDV_LTF_BEV300_N,2040,0.033007688,From MOVES5,2077,ON
T_LDV_LTF_BEV300_N,2040,0.028518642,From MOVES5,2078,ON
T_LDV_LTF_BEV300_N,2040,0.024611588,From MOVES5,2079,ON
T_LDV_LTF_BEV300_N,2040,0.021215189,From MOVES5,2080,ON
T_LDV_LTF_BEV300_N,2040,0.018266278,From MOVES5,2081,ON
T_LDV_LTF_BEV300_N,2040,0,From MOVES5,2082,ON
T_LDV_LTF_BEV300_N,2045,1,From MOVES5,2045,ON
T_LDV_LTF_BEV300_N,2045,0.991,From MOVES5,2046,ON
T_LDV_LTF_BEV300_N,2045,0.982081,From MOVES5,2047,ON
T_LDV_LTF_BEV300_N,2045,0.973242271,From MOVES5,2048,ON
T_LDV_LTF_BEV300_N,2045,0.959616879,From MOVES5,2049,ON
T_LDV_LTF_BEV300_N,2045,0.941384159,From MOVES5,2050,ON
T_LDV_LTF_BEV300_N,2045,0.918790939,From MOVES5,2051,ON
T_LDV_LTF_BEV300_N,2045,0.891227211,From MOVES5,2052,ON
T_LDV_LTF_BEV300_N,2045,0.859143031,From MOVES5,2053,ON
T_LDV_LTF_BEV300_N,2045,0.823059024,From MOVES5,2054,ON
T_LDV_LTF_BEV300_N,2045,0.783552191,From MOVES5,2055,ON
T_LDV_LTF_BEV300_N,2045,0.741240372,From MOVES5,2056,ON
T_LDV_LTF_BEV300_N,2045,0.69676595,From MOVES5,2057,ON
T_LDV_LTF_BEV300_N,2045,0.651476163,From MOVES5,2058,ON
T_LDV_LTF_BEV300_N,2045,0.605221356,From MOVES5,2059,ON
T_LDV_LTF_BEV300_N,2045,0.552567098,From MOVES5,2060,ON
T_LDV_LTF_BEV300_N,2045,0.501730925,From MOVES5,2061,ON
T_LDV_LTF_BEV300_N,2045,0.453063025,From MOVES5,2062,ON
T_LDV_LTF_BEV300_N,2045,0.406850596,From MOVES5,2063,ON
T_LDV_LTF_BEV300_N,2045,0.363724433,From MOVES5,2064,ON
T_LDV_LTF_BEV300_N,2045,0.32407847,From MOVES5,2065,ON
T_LDV_LTF_BEV300_N,2045,0.287781681,From MOVES5,2066,ON
T_LDV_LTF_BEV300_N,2045,0.254686788,From MOVES5,2067,ON
T_LDV_LTF_BEV300_N,2045,0.224888434,From MOVES5,2068,ON
T_LDV_LTF_BEV300_N,2045,0.197901822,From MOVES5,2069,ON
T_LDV_LTF_BEV300_N,2045,0.173955701,From MOVES5,2070,ON
T_LDV_LTF_BEV300_N,2045,0.15255915,From MOVES5,2071,ON
T_LDV_LTF_BEV300_N,2045,0.133489256,From MOVES5,2072,ON
T_LDV_LTF_BEV300_N,2045,0.116803099,From MOVES5,2073,ON
T_LDV_LTF_BEV300_N,2045,0.101969106,From MOVES5,2074,ON
T_LDV_LTF_BEV300_N,2045,0.08891706,From MOVES5,2075,ON
T_LDV_LTF_BEV300_N,2045,0.077446759,From MOVES5,2076,ON
T_LDV_LTF_BEV300_N,2045,0.067378681,From MOVES5,2077,ON
T_LDV_LTF_BEV300_N,2045,0.058552073,From MOVES5,2078,ON
T_LDV_LTF_BEV300_N,2045,0.0508232,From MOVES5,2079,ON
T_LDV_LTF_BEV300_N,2045,0.044063714,From MOVES5,2080,ON
T_LDV_LTF_BEV300_N,2045,0.038159177,From MOVES5,2081,ON
T_LDV_LTF_BEV300_N,2045,0.033007688,From MOVES5,2082,ON
T_LDV_LTF_BEV300_N,2045,0.028518642,From MOVES5,2083,ON
T_LDV_LTF_BEV300_N,2045,0.024611588,From MOVES5,2084,ON
T_LDV_LTF_BEV300_N,2045,0.021215189,From MOVES5,2085,ON
T_LDV_LTF_BEV300_N,2045,0.018266278,From MOVES5,2086,ON
T_LDV_LTF_BEV300_N,2045,0,From MOVES5,2087,ON
T_LDV_LTF_BEV300_N,2050,1,From MOVES5,2050,ON
T_LDV_LTF_BEV300_N,2050,0.991,From MOVES5,2051,ON
T_LDV_LTF_BEV300_N,2050,0.982081,From MOVES5,2052,ON
T_LDV_LTF_BEV300_N,2050,0.973242271,From MOVES5,2053,ON
T_LDV_LTF_BEV300_N,2050,0.959616879,From MOVES5,2054,ON
T_LDV_LTF_BEV300_N,2050,0.941384159,From MOVES5,2055,ON
T_LDV_LTF_BEV300_N,2050,0.918790939,From MOVES5,2056,ON
T_LDV_LTF_BEV300_N,2050,0.891227211,From MOVES5,2057,ON
T_LDV_LTF_BEV300_N,2050,0.859143031,From MOVES5,2058,ON
T_LDV_LTF_BEV300_N,2050,0.823059024,From MOVES5,2059,ON
T_LDV_LTF_BEV300_N,2050,0.783552191,From MOVES5,2060,ON
T_LDV_LTF_BEV300_N,2050,0.741240372,From MOVES5,2061,ON
T_LDV_LTF_BEV300_N,2050,0.69676595,From MOVES5,2062,ON
T_LDV_LTF_BEV300_N,2050,0.651476163,From MOVES5,2063,ON
T_LDV_LTF_BEV300_N,2050,0.605221356,From MOVES5,2064,ON
T_LDV_LTF_BEV300_N,2050,0.552567098,From MOVES5,2065,ON
T_LDV_LTF_BEV300_N,2050,0.501730925,From MOVES5,2066,ON
T_LDV_LTF_BEV300_N,2050,0.453063025,From MOVES5,2067,ON
T_LDV_LTF_BEV300_N,2050,0.406850596,From MOVES5,2068,ON
T_LDV_LTF_BEV300_N,2050,0.363724433,From MOVES5,2069,ON
T_LDV_LTF_BEV300_N,2050,0.32407847,From MOVES5,2070,ON
T_LDV_LTF_BEV300_N,2050,0.287781681,From MOVES5,2071,ON
T_LDV_LTF_BEV300_N,2050,0.254686788,From MOVES5,2072,ON
T_LDV_LTF_BEV300_N,2050,0.224888434,From MOVES5,2073,ON
T_LDV_LTF_BEV300_N,2050,0.197901822,From MOVES5,2074,ON
T_LDV_LTF_BEV300_N,2050,0.173955701,From MOVES5,2075,ON
T_LDV_LTF_BEV300_N,2050,0.15255915,From MOVES5,2076,ON
T_LDV_LTF_BEV300_N,2050,0.133489256,From MOVES5,2077,ON
T_LDV_LTF_BEV300_N,2050,0.116803099,From MOVES5,2078,ON
T_LDV_LTF_BEV300_N,2050,0.101969106,From MOVES5,2079,ON
T_LDV_LTF_BEV300_N,2050,0.08891706,From MOVES5,2080,ON
T_LDV_LTF_BEV300_N,2050,0.077446759,From MOVES5,2081,ON
T_LDV_LTF_BEV300_N,2050,0.067378681,From MOVES5,2082,ON
T_LDV_LTF_BEV300_N,2050,0.058552073,From MOVES5,2083,ON
T_LDV_LTF_BEV300_N,2050,0.0508232,From MOVES5,2084,ON
T_LDV_LTF_BEV300_N,2050,0.044063714,From MOVES5,2085,ON
T_LDV_LTF_BEV300_N,2050,0.038159177,From MOVES5,2086,ON
T_LDV_LTF_BEV300_N,2050,0.033007688,From MOVES5,2087,ON
T_LDV_LTF_BEV300_N,2050,0.028518642,From MOVES5,2088,ON
T_LDV_LTF_BEV300_N,2050,0.024611588,From MOVES5,2089,ON
T_LDV_LTF_BEV300_N,2050,0.021215189,From MOVES5,2090,ON
T_LDV_LTF_BEV300_N,2050,0.018266278,From MOVES5,2091,ON
T_LDV_LTF_BEV300_N,2050,0,From MOVES5,2092,ON
T_LDV_LTF_BEV400_N,2025,1,From MOVES5,2025,ON
T_LDV_LTF_BEV400_N,2025,0.991,From MOVES5,2026,ON
T_LDV_LTF_BEV400_N,2025,0.982081,From MOVES5,2027,ON
T_LDV_LTF_BEV400_N,2025,0.973242271,From MOVES5,2028,ON
T_LDV_LTF_BEV400_N,2025,0.959616879,From MOVES5,2029,ON
T_LDV_LTF_BEV400_N,2025,0.941384159,From MOVES5,2030,ON
T_LDV_LTF_BEV400_N,2025,0.918790939,From MOVES5,2031,ON
T_LDV_LTF_BEV400_N,2025,0.891227211,From MOVES5,2032,ON
T_LDV_LTF_BEV400_N,2025,0.859143031,From MOVES5,2033,ON
T_LDV_LTF_BEV400_N,2025,0.823059024,From MOVES5,2034,ON
T_LDV_LTF_BEV400_N,2025,0.783552191,From MOVES5,2035,ON
T_LDV_LTF_BEV400_N,2025,0.741240372,From MOVES5,2036,ON
T_LDV_LTF_BEV400_N,2025,0.69676595,From MOVES5,2037,ON
T_LDV_LTF_BEV400_N,2025,0.651476163,From MOVES5,2038,ON
T_LDV_LTF_BEV400_N,2025,0.605221356,From MOVES5,2039,ON
T_LDV_LTF_BEV400_N,2025,0.552567098,From MOVES5,2040,ON
T_LDV_LTF_BEV400_N,2025,0.501730925,From MOVES5,2041,ON
T_LDV_LTF_BEV400_N,2025,0.453063025,From MOVES5,2042,ON
T_LDV_LTF_BEV400_N,2025,0.406850596,From MOVES5,2043,ON
T_LDV_LTF_BEV400_N,2025,0.363724433,From MOVES5,2044,ON
T_LDV_LTF_BEV400_N,2025,0.32407847,From MOVES5,2045,ON
T_LDV_LTF_BEV400_N,2025,0.287781681,From MOVES5,2046,ON
T_LDV_LTF_BEV400_N,2025,0.254686788,From MOVES5,2047,ON
T_LDV_LTF_BEV400_N,2025,0.224888434,From MOVES5,2048,ON
T_LDV_LTF_BEV400_N,2025,0.197901822,From MOVES5,2049,ON
T_LDV_LTF_BEV400_N,2025,0.173955701,From MOVES5,2050,ON
T_LDV_LTF_BEV400_N,2025,0.15255915,From MOVES5,2051,ON
T_LDV_LTF_BEV400_N,2025,0.133489256,From MOVES5,2052,ON
T_LDV_LTF_BEV400_N,2025,0.116803099,From MOVES5,2053,ON
T_LDV_LTF_BEV400_N,2025,0.101969106,From MOVES5,2054,ON
T_LDV_LTF_BEV400_N,2025,0.08891706,From MOVES5,2055,ON
T_LDV_LTF_BEV400_N,2025,0.077446759,From MOVES5,2056,ON
T_LDV_LTF_BEV400_N,2025,0.067378681,From MOVES5,2057,ON
T_LDV_LTF_BEV400_N,2025,0.058552073,From MOVES5,2058,ON
T_LDV_LTF_BEV400_N,2025,0.0508232,From MOVES5,2059,ON
T_LDV_LTF_BEV400_N,2025,0.044063714,From MOVES5,2060,ON
T_LDV_LTF_BEV400_N,2025,0.038159177,From MOVES5,2061,ON
T_LDV_LTF_BEV400_N,2025,0.033007688,From MOVES5,2062,ON
T_LDV_LTF_BEV400_N,2025,0.028518642,From MOVES5,2063,ON
T_LDV_LTF_BEV400_N,2025,0.024611588,From MOVES5,2064,ON
T_LDV_LTF_BEV400_N,2025,0.021215189,From MOVES5,2065,ON
T_LDV_LTF_BEV400_N,2025,0.018266278,From MOVES5,2066,ON
T_LDV_LTF_BEV400_N,2025,0,From MOVES5,2067,ON
T_LDV_LTF_BEV400_N,2030,1,From MOVES5,2030,ON
T_LDV_LTF_BEV400_N,2030,0.991,From MOVES5,2031,ON
T_LDV_LTF_BEV400_N,2030,0.982081,From MOVES5,2032,ON
T_LDV_LTF_BEV400_N,2030,0.973242271,From MOVES5,2033,ON
T_LDV_LTF_BEV400_N,2030,0.959616879,From MOVES5,2034,ON
T_LDV_LTF_BEV400_N,2030,0.941384159,From MOVES5,2035,ON
T_LDV_LTF_BEV400_N,2030,0.918790939,From MOVES5,2036,ON
T_LDV_LTF_BEV400_N,2030,0.891227211,From MOVES5,2037,ON
T_LDV_LTF_BEV400_N,2030,0.859143031,From MOVES5,2038,ON
T_LDV_LTF_BEV400_N,2030,0.823059024,From MOVES5,2039,ON
T_LDV_LTF_BEV400_N,2030,0.783552191,From MOVES5,2040,ON
T_LDV_LTF_BEV400_N,2030,0.741240372,From MOVES5,2041,ON
T_LDV_LTF_BEV400_N,2030,0.69676595,From MOVES5,2042,ON
T_LDV_LTF_BEV400_N,2030,0.651476163,From MOVES5,2043,ON
T_LDV_LTF_BEV400_N,2030,0.605221356,From MOVES5,2044,ON
T_LDV_LTF_BEV400_N,2030,0.552567098,From MOVES5,2045,ON
T_LDV_LTF_BEV400_N,2030,0.501730925,From MOVES5,2046,ON
T_LDV_LTF_BEV400_N,2030,0.453063025,From MOVES5,2047,ON
T_LDV_LTF_BEV400_N,2030,0.406850596,From MOVES5,2048,ON
T_LDV_LTF_BEV400_N,2030,0.363724433,From MOVES5,2049,ON
T_LDV_LTF_BEV400_N,2030,0.32407847,From MOVES5,2050,ON
T_LDV_LTF_BEV400_N,2030,0.287781681,From MOVES5,2051,ON
T_LDV_LTF_BEV400_N,2030,0.254686788,From MOVES5,2052,ON
T_LDV_LTF_BEV400_N,2030,0.224888434,From MOVES5,2053,ON
T_LDV_LTF_BEV400_N,2030,0.197901822,From MOVES5,2054,ON
T_LDV_LTF_BEV400_N,2030,0.173955701,From MOVES5,2055,ON
T_LDV_LTF_BEV400_N,2030,0.15255915,From MOVES5,2056,ON
T_LDV_LTF_BEV400_N,2030,0.133489256,From MOVES5,2057,ON
T_LDV_LTF_BEV400_N,2030,0.116803099,From MOVES5,2058,ON
T_LDV_LTF_BEV400_N,2030,0.101969106,From MOVES5,2059,ON
T_LDV_LTF_BEV400_N,2030,0.08891706,From MOVES5,2060,ON
T_LDV_LTF_BEV400_N,2030,0.077446759,From MOVES5,2061,ON
T_LDV_LTF_BEV400_N,2030,0.067378681,From MOVES5,2062,ON
T_LDV_LTF_BEV400_N,2030,0.058552073,From MOVES5,2063,ON
T_LDV_LTF_BEV400_N,2030,0.0508232,From MOVES5,2064,ON
T_LDV_LTF_BEV400_N,2030,0.044063714,From MOVES5,2065,ON
T_LDV_LTF_BEV400_N,2030,0.038159177,From MOVES5,2066,ON
T_LDV_LTF_BEV400_N,2030,0.033007688,From MOVES5,2067,ON
T_LDV_LTF_BEV400_N,2030,0.028518642,From MOVES5,2068,ON
T_LDV_LTF_BEV400_N,2030,0.024611588,From MOVES5,2069,ON
T_LDV_LTF_BEV400_N,2030,0.021215189,From MOVES5,2070,ON
T_LDV_LTF_BEV400_N,2030,0.018266278,From MOVES5,2071,ON
T_LDV_LTF_BEV400_N,2030,0,From MOVES5,2072,ON
T_LDV_LTF_BEV400_N,2035,1,From MOVES5,2035,ON
T_LDV_LTF_BEV400_N,2035,0.991,From MOVES5,2036,ON
T_LDV_LTF_BEV400_N,2035,0.982081,From MOVES5,2037,ON
T_LDV_LTF_BEV400_N,2035,0.973242271,From MOVES5,2038,ON
T_LDV_LTF_BEV400_N,2035,0.959616879,From MOVES5,2039,ON
T_LDV_LTF_BEV400_N,2035,0.941384159,From MOVES5,2040,ON
T_LDV_LTF_BEV400_N,2035,0.918790939,From MOVES5,2041,ON
T_LDV_LTF_BEV400_N,2035,0.891227211,From MOVES5,2042,ON
T_LDV_LTF_BEV400_N,2035,0.859143031,From MOVES5,2043,ON
T_LDV_LTF_BEV400_N,2035,0.823059024,From MOVES5,2044,ON
T_LDV_LTF_BEV400_N,2035,0.783552191,From MOVES5,2045,ON
T_LDV_LTF_BEV400_N,2035,0.741240372,From MOVES5,2046,ON
T_LDV_LTF_BEV400_N,2035,0.69676595,From MOVES5,2047,ON
T_LDV_LTF_BEV400_N,2035,0.651476163,From MOVES5,2048,ON
T_LDV_LTF_BEV400_N,2035,0.605221356,From MOVES5,2049,ON
T_LDV_LTF_BEV400_N,2035,0.552567098,From MOVES5,2050,ON
T_LDV_LTF_BEV400_N,2035,0.501730925,From MOVES5,2051,ON
T_LDV_LTF_BEV400_N,2035,0.453063025,From MOVES5,2052,ON
T_LDV_LTF_BEV400_N,2035,0.406850596,From MOVES5,2053,ON
T_LDV_LTF_BEV400_N,2035,0.363724433,From MOVES5,2054,ON
T_LDV_LTF_BEV400_N,2035,0.32407847,From MOVES5,2055,ON
T_LDV_LTF_BEV400_N,2035,0.287781681,From MOVES5,2056,ON
T_LDV_LTF_BEV400_N,2035,0.254686788,From MOVES5,2057,ON
T_LDV_LTF_BEV400_N,2035,0.224888434,From MOVES5,2058,ON
T_LDV_LTF_BEV400_N,2035,0.197901822,From MOVES5,2059,ON
T_LDV_LTF_BEV400_N,2035,0.173955701,From MOVES5,2060,ON
T_LDV_LTF_BEV400_N,2035,0.15255915,From MOVES5,2061,ON
T_LDV_LTF_BEV400_N,2035,0.133489256,From MOVES5,2062,ON
T_LDV_LTF_BEV400_N,2035,0.116803099,From MOVES5,2063,ON
T_LDV_LTF_BEV400_N,2035,0.101969106,From MOVES5,2064,ON
T_LDV_LTF_BEV400_N,2035,0.08891706,From MOVES5,2065,ON
T_LDV_LTF_BEV400_N,2035,0.077446759,From MOVES5,2066,ON
T_LDV_LTF_BEV400_N,2035,0.067378681,From MOVES5,2067,ON
T_LDV_LTF_BEV400_N,2035,0.058552073,From MOVES5,2068,ON
T_LDV_LTF_BEV400_N,2035,0.0508232,From MOVES5,2069,ON
T_LDV_LTF_BEV400_N,2035,0.044063714,From MOVES5,2070,ON
T_LDV_LTF_BEV400_N,2035,0.038159177,From MOVES5,2071,ON
T_LDV_LTF_BEV400_N,2035,0.033007688,From MOVES5,2072,ON
T_LDV_LTF_BEV400_N,2035,0.028518642,From MOVES5,2073,ON
T_LDV_LTF_BEV400_N,2035,0.024611588,From MOVES5,2074,ON
T_LDV_LTF_BEV400_N,2035,0.021215189,From MOVES5,2075,ON
T_LDV_LTF_BEV400_N,2035,0.018266278,From MOVES5,2076,ON
T_LDV_LTF_BEV400_N,2035,0,From MOVES5,2077,ON
T_LDV_LTF_BEV400_N,2040,1,From MOVES5,2040,ON
T_LDV_LTF_BEV400_N,2040,0.991,From MOVES5,2041,ON
T_LDV_LTF_BEV400_N,2040,0.982081,From MOVES5,2042,ON
T_LDV_LTF_BEV400_N,2040,0.973242271,From MOVES5,2043,ON
T_LDV_LTF_BEV400_N,2040,0.959616879,From MOVES5,2044,ON
T_LDV_LTF_BEV400_N,2040,0.941384159,From MOVES5,2045,ON
T_LDV_LTF_BEV400_N,2040,0.918790939,From MOVES5,2046,ON
T_LDV_LTF_BEV400_N,2040,0.891227211,From MOVES5,2047,ON
T_LDV_LTF_BEV400_N,2040,0.859143031,From MOVES5,2048,ON
T_LDV_LTF_BEV400_N,2040,0.823059024,From MOVES5,2049,ON
T_LDV_LTF_BEV400_N,2040,0.783552191,From MOVES5,2050,ON
T_LDV_LTF_BEV400_N,2040,0.741240372,From MOVES5,2051,ON
T_LDV_LTF_BEV400_N,2040,0.69676595,From MOVES5,2052,ON
T_LDV_LTF_BEV400_N,2040,0.651476163,From MOVES5,2053,ON
T_LDV_LTF_BEV400_N,2040,0.605221356,From MOVES5,2054,ON
T_LDV_LTF_BEV400_N,2040,0.552567098,From MOVES5,2055,ON
T_LDV_LTF_BEV400_N,2040,0.501730925,From MOVES5,2056,ON
T_LDV_LTF_BEV400_N,2040,0.453063025,From MOVES5,2057,ON
T_LDV_LTF_BEV400_N,2040,0.406850596,From MOVES5,2058,ON
T_LDV_LTF_BEV400_N,2040,0.363724433,From MOVES5,2059,ON
T_LDV_LTF_BEV400_N,2040,0.32407847,From MOVES5,2060,ON
T_LDV_LTF_BEV400_N,2040,0.287781681,From MOVES5,2061,ON
T_LDV_LTF_BEV400_N,2040,0.254686788,From MOVES5,2062,ON
T_LDV_LTF_BEV400_N,2040,0.224888434,From MOVES5,2063,ON
T_LDV_LTF_BEV400_N,2040,0.197901822,From MOVES5,2064,ON
T_LDV_LTF_BEV400_N,2040,0.173955701,From MOVES5,2065,ON
T_LDV_LTF_BEV400_N,2040,0.15255915,From MOVES5,2066,ON
T_LDV_LTF_BEV400_N,2040,0.133489256,From MOVES5,2067,ON
T_LDV_LTF_BEV400_N,2040,0.116803099,From MOVES5,2068,ON
T_LDV_LTF_BEV400_N,2040,0.101969106,From MOVES5,2069,ON
T_LDV_LTF_BEV400_N,2040,0.08891706,From MOVES5,2070,ON
T_LDV_LTF_BEV400_N,2040,0.077446759,From MOVES5,2071,ON
T_LDV_LTF_BEV400_N,2040,0.067378681,From MOVES5,2072,ON
T_LDV_LTF_BEV400_N,2040,0.058552073,From MOVES5,2073,ON
T_LDV_LTF_BEV400_N,2040,0.0508232,From MOVES5,2074,ON
T_LDV_LTF_BEV400_N,2040,0.044063714,From MOVES5,2075,ON
T_LDV_LTF_BEV400_N,2040,0.038159177,From MOVES5,2076,ON
T_LDV_LTF_BEV400_N,2040,0.033007688,From MOVES5,2077,ON
T_LDV_LTF_BEV400_N,2040,0.028518642,From MOVES5,2078,ON
T_LDV_LTF_BEV400_N,2040,0.024611588,From MOVES5,2079,ON
T_LDV_LTF_BEV400_N,2040,0.021215189,From MOVES5,2080,ON
T_LDV_LTF_BEV400_N,2040,0.018266278,From MOVES5,2081,ON
T_LDV_LTF_BEV400_N,2040,0,From MOVES5,2082,ON
T_LDV_LTF_BEV400_N,2045,1,From MOVES5,2045,ON
T_LDV_LTF_BEV400_N,2045,0.991,From MOVES5,2046,ON
T_LDV_LTF_BEV400_N,2045,0.982081,From MOVES5,2047,ON
T_LDV_LTF_BEV400_N,2045,0.973242271,From MOVES5,2048,ON
T_LDV_LTF_BEV400_N,2045,0.959616879,From MOVES5,2049,ON
T_LDV_LTF_BEV400_N,2045,0.941384159,From MOVES5,2050,ON
T_LDV_LTF_BEV400_N,2045,0.918790939,From MOVES5,2051,ON
T_LDV_LTF_BEV400_N,2045,0.891227211,From MOVES5,2052,ON
T_LDV_LTF_BEV400_N,2045,0.859143031,From MOVES5,2053,ON
T_LDV_LTF_BEV400_N,2045,0.823059024,From MOVES5,2054,ON
T_LDV_LTF_BEV400_N,2045,0.783552191,From MOVES5,2055,ON
T_LDV_LTF_BEV400_N,2045,0.741240372,From MOVES5,2056,ON
T_LDV_LTF_BEV400_N,2045,0.69676595,From MOVES5,2057,ON
T_LDV_LTF_BEV400_N,2045,0.651476163,From MOVES5,2058,ON
T_LDV_LTF_BEV400_N,2045,0.605221356,From MOVES5,2059,ON
T_LDV_LTF_BEV400_N,2045,0.552567098,From MOVES5,2060,ON
T_LDV_LTF_BEV400_N,2045,0.501730925,From MOVES5,2061,ON
T_LDV_LTF_BEV400_N,2045,0.453063025,From MOVES5,2062,ON
T_LDV_LTF_BEV400_N,2045,0.406850596,From MOVES5,2063,ON
T_LDV_LTF_BEV400_N,2045,0.363724433,From MOVES5,2064,ON
T_LDV_LTF_BEV400_N,2045,0.32407847,From MOVES5,2065,ON
T_LDV_LTF_BEV400_N,2045,0.287781681,From MOVES5,2066,ON
T_LDV_LTF_BEV400_N,2045,0.254686788,From MOVES5,2067,ON
T_LDV_LTF_BEV400_N,2045,0.224888434,From MOVES5,2068,ON
T_LDV_LTF_BEV400_N,2045,0.197901822,From MOVES5,2069,ON
T_LDV_LTF_BEV400_N,2045,0.173955701,From MOVES5,2070,ON
T_LDV_LTF_BEV400_N,2045,0.15255915,From MOVES5,2071,ON
T_LDV_LTF_BEV400_N,2045,0.133489256,From MOVES5,2072,ON
T_LDV_LTF_BEV400_N,2045,0.116803099,From MOVES5,2073,ON
T_LDV_LTF_BEV400_N,2045,0.101969106,From MOVES5,2074,ON
T_LDV_LTF_BEV400_N,2045,0.08891706,From MOVES5,2075,ON
T_LDV_LTF_BEV400_N,2045,0.077446759,From MOVES5,2076,ON
T_LDV_LTF_BEV400_N,2045,0.067378681,From MOVES5,2077,ON
T_LDV_LTF_BEV400_N,2045,0.058552073,From MOVES5,2078,ON
T_LDV_LTF_BEV400_N,2045,0.0508232,From MOVES5,2079,ON
T_LDV_LTF_BEV400_N,2045,0.044063714,From MOVES5,2080,ON
T_LDV_LTF_BEV400_N,2045,0.038159177,From MOVES5,2081,ON
T_LDV_LTF_BEV400_N,2045,0.033007688,From MOVES5,2082,ON
T_LDV_LTF_BEV400_N,2045,0.028518642,From MOVES5,2083,ON
T_LDV_LTF_BEV400_N,2045,0.024611588,From MOVES5,2084,ON
T_LDV_LTF_BEV400_N,2045,0.021215189,From MOVES5,2085,ON
T_LDV_LTF_BEV400_N,2045,0.018266278,From MOVES5,2086,ON
T_LDV_LTF_BEV400_N,2045,0,From MOVES5,2087,ON
T_LDV_LTF_BEV400_N,2050,1,From MOVES5,2050,ON
T_LDV_LTF_BEV400_N,2050,0.991,From MOVES5,2051,ON
T_LDV_LTF_BEV400_N,2050,0.982081,From MOVES5,2052,ON
T_LDV_LTF_BEV400_N,2050,0.973242271,From MOVES5,2053,ON
T_LDV_LTF_BEV400_N,2050,0.959616879,From MOVES5,2054,ON
T_LDV_LTF_BEV400_N,2050,0.941384159,From MOVES5,2055,ON
T_LDV_LTF_BEV400_N,2050,0.918790939,From MOVES5,2056,ON
T_LDV_LTF_BEV400_N,2050,0.891227211,From MOVES5,2057,ON
T_LDV_LTF_BEV400_N,2050,0.859143031,From MOVES5,2058,ON
T_LDV_LTF_BEV400_N,2050,0.823059024,From MOVES5,2059,ON
T_LDV_LTF_BEV400_N,2050,0.783552191,From MOVES5,2060,ON
T_LDV_LTF_BEV400_N,2050,0.741240372,From MOVES5,2061,ON
T_LDV_LTF_BEV400_N,2050,0.69676595,From MOVES5,2062,ON
T_LDV_LTF_BEV400_N,2050,0.651476163,From MOVES5,2063,ON
T_LDV_LTF_BEV400_N,2050,0.605221356,From MOVES5,2064,ON
T_LDV_LTF_BEV400_N,2050,0.552567098,From MOVES5,2065,ON
T_LDV_LTF_BEV400_N,2050,0.501730925,From MOVES5,2066,ON
T_LDV_LTF_BEV400_N,2050,0.453063025,From MOVES5,2067,ON
T_LDV_LTF_BEV400_N,2050,0.406850596,From MOVES5,2068,ON
T_LDV_LTF_BEV400_N,2050,0.363724433,From MOVES5,2069,ON
T_LDV_LTF_BEV400_N,2050,0.32407847,From MOVES5,2070,ON
T_LDV_LTF_BEV400_N,2050,0.287781681,From MOVES5,2071,ON
T_LDV_LTF_BEV400_N,2050,0.254686788,From MOVES5,2072,ON
T_LDV_LTF_BEV400_N,2050,0.224888434,From MOVES5,2073,ON
T_LDV_LTF_BEV400_N,2050,0.197901822,From MOVES5,2074,ON
T_LDV_LTF_BEV400_N,2050,0.173955701,From MOVES5,2075,ON
T_LDV_LTF_BEV400_N,2050,0.15255915,From MOVES5,2076,ON
T_LDV_LTF_BEV400_N,2050,0.133489256,From MOVES5,2077,ON
T_LDV_LTF_BEV400_N,2050,0.116803099,From MOVES5,2078,ON
T_LDV_LTF_BEV400_N,2050,0.101969106,From MOVES5,2079,ON
T_LDV_LTF_BEV400_N,2050,0.08891706,From MOVES5,2080,ON
T_LDV_LTF_BEV400_N,2050,0.077446759,From MOVES5,2081,ON
T_LDV_LTF_BEV400_N,2050,0.067378681,From MOVES5,2082,ON
T_LDV_LTF_BEV400_N,2050,0.058552073,From MOVES5,2083,ON
T_LDV_LTF_BEV400_N,2050,0.0508232,From MOVES5,2084,ON
T_LDV_LTF_BEV400_N,2050,0.044063714,From MOVES5,2085,ON
T_LDV_LTF_BEV400_N,2050,0.038159177,From MOVES5,2086,ON
T_LDV_LTF_BEV400_N,2050,0.033007688,From MOVES5,2087,ON
T_LDV_LTF_BEV400_N,2050,0.028518642,From MOVES5,2088,ON
T_LDV_LTF_BEV400_N,2050,0.024611588,From MOVES5,2089,ON
T_LDV_LTF_BEV400_N,2050,0.021215189,From MOVES5,2090,ON
T_LDV_LTF_BEV400_N,2050,0.018266278,From MOVES5,2091,ON
T_LDV_LTF_BEV400_N,2050,0,From MOVES5,2092,ON
T_LDV_LTF_CNG_N,2025,1,From MOVES5,2025,ON
T_LDV_LTF_CNG_N,2025,0.991,From MOVES5,2026,ON
T_LDV_LTF_CNG_N,2025,0.982081,From MOVES5,2027,ON
T_LDV_LTF_CNG_N,2025,0.973242271,From MOVES5,2028,ON
T_LDV_LTF_CNG_N,2025,0.959616879,From MOVES5,2029,ON
T_LDV_LTF_CNG_N,2025,0.941384159,From MOVES5,2030,ON
T_LDV_LTF_CNG_N,2025,0.918790939,From MOVES5,2031,ON
T_LDV_LTF_CNG_N,2025,0.891227211,From MOVES5,2032,ON
T_LDV_LTF_CNG_N,2025,0.859143031,From MOVES5,2033,ON
T_LDV_LTF_CNG_N,2025,0.823059024,From MOVES5,2034,ON
T_LDV_LTF_CNG_N,2025,0.783552191,From MOVES5,2035,ON
T_LDV_LTF_CNG_N,2025,0.741240372,From MOVES5,2036,ON
T_LDV_LTF_CNG_N,2025,0.69676595,From MOVES5,2037,ON
T_LDV_LTF_CNG_N,2025,0.651476163,From MOVES5,2038,ON
T_LDV_LTF_CNG_N,2025,0.605221356,From MOVES5,2039,ON
T_LDV_LTF_CNG_N,2025,0.552567098,From MOVES5,2040,ON
T_LDV_LTF_CNG_N,2025,0.501730925,From MOVES5,2041,ON
T_LDV_LTF_CNG_N,2025,0.453063025,From MOVES5,2042,ON
T_LDV_LTF_CNG_N,2025,0.406850596,From MOVES5,2043,ON
T_LDV_LTF_CNG_N,2025,0.363724433,From MOVES5,2044,ON
T_LDV_LTF_CNG_N,2025,0.32407847,From MOVES5,2045,ON
T_LDV_LTF_CNG_N,2025,0.287781681,From MOVES5,2046,ON
T_LDV_LTF_CNG_N,2025,0.254686788,From MOVES5,2047,ON
T_LDV_LTF_CNG_N,2025,0.224888434,From MOVES5,2048,ON
T_LDV_LTF_CNG_N,2025,0.197901822,From MOVES5,2049,ON
T_LDV_LTF_CNG_N,2025,0.173955701,From MOVES5,2050,ON
T_LDV_LTF_CNG_N,2025,0.15255915,From MOVES5,2051,ON
T_LDV_LTF_CNG_N,2025,0.133489256,From MOVES5,2052,ON
T_LDV_LTF_CNG_N,2025,0.116803099,From MOVES5,2053,ON
T_LDV_LTF_CNG_N,2025,0.101969106,From MOVES5,2054,ON
T_LDV_LTF_CNG_N,2025,0.08891706,From MOVES5,2055,ON
T_LDV_LTF_CNG_N,2025,0.077446759,From MOVES5,2056,ON
T_LDV_LTF_CNG_N,2025,0.067378681,From MOVES5,2057,ON
T_LDV_LTF_CNG_N,2025,0.058552073,From MOVES5,2058,ON
T_LDV_LTF_CNG_N,2025,0.0508232,From MOVES5,2059,ON
T_LDV_LTF_CNG_N,2025,0.044063714,From MOVES5,2060,ON
T_LDV_LTF_CNG_N,2025,0.038159177,From MOVES5,2061,ON
T_LDV_LTF_CNG_N,2025,0.033007688,From MOVES5,2062,ON
T_LDV_LTF_CNG_N,2025,0.028518642,From MOVES5,2063,ON
T_LDV_LTF_CNG_N,2025,0.024611588,From MOVES5,2064,ON
T_LDV_LTF_CNG_N,2025,0.021215189,From MOVES5,2065,ON
T_LDV_LTF_CNG_N,2025,0.018266278,From MOVES5,2066,ON
T_LDV_LTF_CNG_N,2025,0,From MOVES5,2067,ON
T_LDV_LTF_CNG_N,2030,1,From MOVES5,2030,ON
T_LDV_LTF_CNG_N,2030,0.991,From MOVES5,2031,ON
T_LDV_LTF_CNG_N,2030,0.982081,From MOVES5,2032,ON
T_LDV_LTF_CNG_N,2030,0.973242271,From MOVES5,2033,ON
T_LDV_LTF_CNG_N,2030,0.959616879,From MOVES5,2034,ON
T_LDV_LTF_CNG_N,2030,0.941384159,From MOVES5,2035,ON
T_LDV_LTF_CNG_N,2030,0.918790939,From MOVES5,2036,ON
T_LDV_LTF_CNG_N,2030,0.891227211,From MOVES5,2037,ON
T_LDV_LTF_CNG_N,2030,0.859143031,From MOVES5,2038,ON
T_LDV_LTF_CNG_N,2030,0.823059024,From MOVES5,2039,ON
T_LDV_LTF_CNG_N,2030,0.783552191,From MOVES5,2040,ON
T_LDV_LTF_CNG_N,2030,0.741240372,From MOVES5,2041,ON
T_LDV_LTF_CNG_N,2030,0.69676595,From MOVES5,2042,ON
T_LDV_LTF_CNG_N,2030,0.651476163,From MOVES5,2043,ON
T_LDV_LTF_CNG_N,2030,0.605221356,From MOVES5,2044,ON
T_LDV_LTF_CNG_N,2030,0.552567098,From MOVES5,2045,ON
T_LDV_LTF_CNG_N,2030,0.501730925,From MOVES5,2046,ON
T_LDV_LTF_CNG_N,2030,0.453063025,From MOVES5,2047,ON
T_LDV_LTF_CNG_N,2030,0.406850596,From MOVES5,2048,ON
T_LDV_LTF_CNG_N,2030,0.363724433,From MOVES5,2049,ON
T_LDV_LTF_CNG_N,2030,0.32407847,From MOVES5,2050,ON
T_LDV_LTF_CNG_N,2030,0.287781681,From MOVES5,2051,ON
T_LDV_LTF_CNG_N,2030,0.254686788,From MOVES5,2052,ON
T_LDV_LTF_CNG_N,2030,0.224888434,From MOVES5,2053,ON
T_LDV_LTF_CNG_N,2030,0.197901822,From MOVES5,2054,ON
T_LDV_LTF_CNG_N,2030,0.173955701,From MOVES5,2055,ON
T_LDV_LTF_CNG_N,2030,0.15255915,From MOVES5,2056,ON
T_LDV_LTF_CNG_N,2030,0.133489256,From MOVES5,2057,ON
T_LDV_LTF_CNG_N,2030,0.116803099,From MOVES5,2058,ON
T_LDV_LTF_CNG_N,2030,0.101969106,From MOVES5,2059,ON
T_LDV_LTF_CNG_N,2030,0.08891706,From MOVES5,2060,ON
T_LDV_LTF_CNG_N,2030,0.077446759,From MOVES5,2061,ON
T_LDV_LTF_CNG_N,2030,0.067378681,From MOVES5,2062,ON
T_LDV_LTF_CNG_N,2030,0.058552073,From MOVES5,2063,ON
T_LDV_LTF_CNG_N,2030,0.0508232,From MOVES5,2064,ON
T_LDV_LTF_CNG_N,2030,0.044063714,From MOVES5,2065,ON
T_LDV_LTF_CNG_N,2030,0.038159177,From MOVES5,2066,ON
T_LDV_LTF_CNG_N,2030,0.033007688,From MOVES5,2067,ON
T_LDV_LTF_CNG_N,2030,0.028518642,From MOVES5,2068,ON
T_LDV_LTF_CNG_N,2030,0.024611588,From MOVES5,2069,ON
T_LDV_LTF_CNG_N,2030,0.021215189,From MOVES5,2070,ON
T_LDV_LTF_CNG_N,2030,0.018266278,From MOVES5,2071,ON
T_LDV_LTF_CNG_N,2030,0,From MOVES5,2072,ON
T_LDV_LTF_CNG_N,2035,1,From MOVES5,2035,ON
T_LDV_LTF_CNG_N,2035,0.991,From MOVES5,2036,ON
T_LDV_LTF_CNG_N,2035,0.982081,From MOVES5,2037,ON
T_LDV_LTF_CNG_N,2035,0.973242271,From MOVES5,2038,ON
T_LDV_LTF_CNG_N,2035,0.959616879,From MOVES5,2039,ON
T_LDV_LTF_CNG_N,2035,0.941384159,From MOVES5,2040,ON
T_LDV_LTF_CNG_N,2035,0.918790939,From MOVES5,2041,ON
T_LDV_LTF_CNG_N,2035,0.891227211,From MOVES5,2042,ON
T_LDV_LTF_CNG_N,2035,0.859143031,From MOVES5,2043,ON
T_LDV_LTF_CNG_N,2035,0.823059024,From MOVES5,2044,ON
T_LDV_LTF_CNG_N,2035,0.783552191,From MOVES5,2045,ON
T_LDV_LTF_CNG_N,2035,0.741240372,From MOVES5,2046,ON
T_LDV_LTF_CNG_N,2035,0.69676595,From MOVES5,2047,ON
T_LDV_LTF_CNG_N,2035,0.651476163,From MOVES5,2048,ON
T_LDV_LTF_CNG_N,2035,0.605221356,From MOVES5,2049,ON
T_LDV_LTF_CNG_N,2035,0.552567098,From MOVES5,2050,ON
T_LDV_LTF_CNG_N,2035,0.501730925,From MOVES5,2051,ON
T_LDV_LTF_CNG_N,2035,0.453063025,From MOVES5,2052,ON
T_LDV_LTF_CNG_N,2035,0.406850596,From MOVES5,2053,ON
T_LDV_LTF_CNG_N,2035,0.363724433,From MOVES5,2054,ON
T_LDV_LTF_CNG_N,2035,0.32407847,From MOVES5,2055,ON
T_LDV_LTF_CNG_N,2035,0.287781681,From MOVES5,2056,ON
T_LDV_LTF_CNG_N,2035,0.254686788,From MOVES5,2057,ON
T_LDV_LTF_CNG_N,2035,0.224888434,From MOVES5,2058,ON
T_LDV_LTF_CNG_N,2035,0.197901822,From MOVES5,2059,ON
T_LDV_LTF_CNG_N,2035,0.173955701,From MOVES5,2060,ON
T_LDV_LTF_CNG_N,2035,0.15255915,From MOVES5,2061,ON
T_LDV_LTF_CNG_N,2035,0.133489256,From MOVES5,2062,ON
T_LDV_LTF_CNG_N,2035,0.116803099,From MOVES5,2063,ON
T_LDV_LTF_CNG_N,2035,0.101969106,From MOVES5,2064,ON
T_LDV_LTF_CNG_N,2035,0.08891706,From MOVES5,2065,ON
T_LDV_LTF_CNG_N,2035,0.077446759,From MOVES5,2066,ON
T_LDV_LTF_CNG_N,2035,0.067378681,From MOVES5,2067,ON
T_LDV_LTF_CNG_N,2035,0.058552073,From MOVES5,2068,ON
T_LDV_LTF_CNG_N,2035,0.0508232,From MOVES5,2069,ON
T_LDV_LTF_CNG_N,2035,0.044063714,From MOVES5,2070,ON
T_LDV_LTF_CNG_N,2035,0.038159177,From MOVES5,2071,ON
T_LDV_LTF_CNG_N,2035,0.033007688,From MOVES5,2072,ON
T_LDV_LTF_CNG_N,2035,0.028518642,From MOVES5,2073,ON
T_LDV_LTF_CNG_N,2035,0.024611588,From MOVES5,2074,ON
T_LDV_LTF_CNG_N,2035,0.021215189,From MOVES5,2075,ON
T_LDV_LTF_CNG_N,2035,0.018266278,From MOVES5,2076,ON
T_LDV_LTF_CNG_N,2035,0,From MOVES5,2077,ON
T_LDV_LTF_CNG_N,2040,1,From MOVES5,2040,ON
T_LDV_LTF_CNG_N,2040,0.991,From MOVES5,2041,ON
T_LDV_LTF_CNG_N,2040,0.982081,From MOVES5,2042,ON
T_LDV_LTF_CNG_N,2040,0.973242271,From MOVES5,2043,ON
T_LDV_LTF_CNG_N,2040,0.959616879,From MOVES5,2044,ON
T_LDV_LTF_CNG_N,2040,0.941384159,From MOVES5,2045,ON
T_LDV_LTF_CNG_N,2040,0.918790939,From MOVES5,2046,ON
T_LDV_LTF_CNG_N,2040,0.891227211,From MOVES5,2047,ON
T_LDV_LTF_CNG_N,2040,0.859143031,From MOVES5,2048,ON
T_LDV_LTF_CNG_N,2040,0.823059024,From MOVES5,2049,ON
T_LDV_LTF_CNG_N,2040,0.783552191,From MOVES5,2050,ON
T_LDV_LTF_CNG_N,2040,0.741240372,From MOVES5,2051,ON
T_LDV_LTF_CNG_N,2040,0.69676595,From MOVES5,2052,ON
T_LDV_LTF_CNG_N,2040,0.651476163,From MOVES5,2053,ON
T_LDV_LTF_CNG_N,2040,0.605221356,From MOVES5,2054,ON
T_LDV_LTF_CNG_N,2040,0.552567098,From MOVES5,2055,ON
T_LDV_LTF_CNG_N,2040,0.501730925,From MOVES5,2056,ON
T_LDV_LTF_CNG_N,2040,0.453063025,From MOVES5,2057,ON
T_LDV_LTF_CNG_N,2040,0.406850596,From MOVES5,2058,ON
T_LDV_LTF_CNG_N,2040,0.363724433,From MOVES5,2059,ON
T_LDV_LTF_CNG_N,2040,0.32407847,From MOVES5,2060,ON
T_LDV_LTF_CNG_N,2040,0.287781681,From MOVES5,2061,ON
T_LDV_LTF_CNG_N,2040,0.254686788,From MOVES5,2062,ON
T_LDV_LTF_CNG_N,2040,0.224888434,From MOVES5,2063,ON
T_LDV_LTF_CNG_N,2040,0.197901822,From MOVES5,2064,ON
T_LDV_LTF_CNG_N,2040,0.173955701,From MOVES5,2065,ON
T_LDV_LTF_CNG_N,2040,0.15255915,From MOVES5,2066,ON
T_LDV_LTF_CNG_N,2040,0.133489256,From MOVES5,2067,ON
T_LDV_LTF_CNG_N,2040,0.116803099,From MOVES5,2068,ON
T_LDV_LTF_CNG_N,2040,0.101969106,From MOVES5,2069,ON
T_LDV_LTF_CNG_N,2040,0.08891706,From MOVES5,2070,ON
T_LDV_LTF_CNG_N,2040,0.077446759,From MOVES5,2071,ON
T_LDV_LTF_CNG_N,2040,0.067378681,From MOVES5,2072,ON
T_LDV_LTF_CNG_N,2040,0.058552073,From MOVES5,2073,ON
T_LDV_LTF_CNG_N,2040,0.0508232,From MOVES5,2074,ON
T_LDV_LTF_CNG_N,2040,0.044063714,From MOVES5,2075,ON
T_LDV_LTF_CNG_N,2040,0.038159177,From MOVES5,2076,ON
T_LDV_LTF_CNG_N,2040,0.033007688,From MOVES5,2077,ON
T_LDV_LTF_CNG_N,2040,0.028518642,From MOVES5,2078,ON
T_LDV_LTF_CNG_N,2040,0.024611588,From MOVES5,2079,ON
T_LDV_LTF_CNG_N,2040,0.021215189,From MOVES5,2080,ON
T_LDV_LTF_CNG_N,2040,0.018266278,From MOVES5,2081,ON
T_LDV_LTF_CNG_N,2040,0,From MOVES5,2082,ON
T_LDV_LTF_CNG_N,2045,1,From MOVES5,2045,ON
T_LDV_LTF_CNG_N,2045,0.991,From MOVES5,2046,ON
T_LDV_LTF_CNG_N,2045,0.982081,From MOVES5,2047,ON
T_LDV_LTF_CNG_N,2045,0.973242271,From MOVES5,2048,ON
T_LDV_LTF_CNG_N,2045,0.959616879,From MOVES5,2049,ON
T_LDV_LTF_CNG_N,2045,0.941384159,From MOVES5,2050,ON
T_LDV_LTF_CNG_N,2045,0.918790939,From MOVES5,2051,ON
T_LDV_LTF_CNG_N,2045,0.891227211,From MOVES5,2052,ON
T_LDV_LTF_CNG_N,2045,0.859143031,From MOVES5,2053,ON
T_LDV_LTF_CNG_N,2045,0.823059024,From MOVES5,2054,ON
T_LDV_LTF_CNG_N,2045,0.783552191,From MOVES5,2055,ON
T_LDV_LTF_CNG_N,2045,0.741240372,From MOVES5,2056,ON
T_LDV_LTF_CNG_N,2045,0.69676595,From MOVES5,2057,ON
T_LDV_LTF_CNG_N,2045,0.651476163,From MOVES5,2058,ON
T_LDV_LTF_CNG_N,2045,0.605221356,From MOVES5,2059,ON
T_LDV_LTF_CNG_N,2045,0.552567098,From MOVES5,2060,ON
T_LDV_LTF_CNG_N,2045,0.501730925,From MOVES5,2061,ON
T_LDV_LTF_CNG_N,2045,0.453063025,From MOVES5,2062,ON
T_LDV_LTF_CNG_N,2045,0.406850596,From MOVES5,2063,ON
T_LDV_LTF_CNG_N,2045,0.363724433,From MOVES5,2064,ON
T_LDV_LTF_CNG_N,2045,0.32407847,From MOVES5,2065,ON
T_LDV_LTF_CNG_N,2045,0.287781681,From MOVES5,2066,ON
T_LDV_LTF_CNG_N,2045,0.254686788,From MOVES5,2067,ON
T_LDV_LTF_CNG_N,2045,0.224888434,From MOVES5,2068,ON
T_LDV_LTF_CNG_N,2045,0.197901822,From MOVES5,2069,ON
T_LDV_LTF_CNG_N,2045,0.173955701,From MOVES5,2070,ON
T_LDV_LTF_CNG_N,2045,0.15255915,From MOVES5,2071,ON
T_LDV_LTF_CNG_N,2045,0.133489256,From MOVES5,2072,ON
T_LDV_LTF_CNG_N,2045,0.116803099,From MOVES5,2073,ON
T_LDV_LTF_CNG_N,2045,0.101969106,From MOVES5,2074,ON
T_LDV_LTF_CNG_N,2045,0.08891706,From MOVES5,2075,ON
T_LDV_LTF_CNG_N,2045,0.077446759,From MOVES5,2076,ON
T_LDV_LTF_CNG_N,2045,0.067378681,From MOVES5,2077,ON
T_LDV_LTF_CNG_N,2045,0.058552073,From MOVES5,2078,ON
T_LDV_LTF_CNG_N,2045,0.0508232,From MOVES5,2079,ON
T_LDV_LTF_CNG_N,2045,0.044063714,From MOVES5,2080,ON
T_LDV_LTF_CNG_N,2045,0.038159177,From MOVES5,2081,ON
T_LDV_LTF_CNG_N,2045,0.033007688,From MOVES5,2082,ON
T_LDV_LTF_CNG_N,2045,0.028518642,From MOVES5,2083,ON
T_LDV_LTF_CNG_N,2045,0.024611588,From MOVES5,2084,ON
T_LDV_LTF_CNG_N,2045,0.021215189,From MOVES5,2085,ON
T_LDV_LTF_CNG_N,2045,0.018266278,From MOVES5,2086,ON
T_LDV_LTF_CNG_N,2045,0,From MOVES5,2087,ON
T_LDV_LTF_CNG_N,2050,1,From MOVES5,2050,ON
T_LDV_LTF_CNG_N,2050,0.991,From MOVES5,2051,ON
T_LDV_LTF_CNG_N,2050,0.982081,From MOVES5,2052,ON
T_LDV_LTF_CNG_N,2050,0.973242271,From MOVES5,2053,ON
T_LDV_LTF_CNG_N,2050,0.959616879,From MOVES5,2054,ON
T_LDV_LTF_CNG_N,2050,0.941384159,From MOVES5,2055,ON
T_LDV_LTF_CNG_N,2050,0.918790939,From MOVES5,2056,ON
T_LDV_LTF_CNG_N,2050,0.891227211,From MOVES5,2057,ON
T_LDV_LTF_CNG_N,2050,0.859143031,From MOVES5,2058,ON
T_LDV_LTF_CNG_N,2050,0.823059024,From MOVES5,2059,ON
T_LDV_LTF_CNG_N,2050,0.783552191,From MOVES5,2060,ON
T_LDV_LTF_CNG_N,2050,0.741240372,From MOVES5,2061,ON
T_LDV_LTF_CNG_N,2050,0.69676595,From MOVES5,2062,ON
T_LDV_LTF_CNG_N,2050,0.651476163,From MOVES5,2063,ON
T_LDV_LTF_CNG_N,2050,0.605221356,From MOVES5,2064,ON
T_LDV_LTF_CNG_N,2050,0.552567098,From MOVES5,2065,ON
T_LDV_LTF_CNG_N,2050,0.501730925,From MOVES5,2066,ON
T_LDV_LTF_CNG_N,2050,0.453063025,From MOVES5,2067,ON
T_LDV_LTF_CNG_N,2050,0.406850596,From MOVES5,2068,ON
T_LDV_LTF_CNG_N,2050,0.363724433,From MOVES5,2069,ON
T_LDV_LTF_CNG_N,2050,0.32407847,From MOVES5,2070,ON
T_LDV_LTF_CNG_N,2050,0.287781681,From MOVES5,2071,ON
T_LDV_LTF_CNG_N,2050,0.254686788,From MOVES5,2072,ON
T_LDV_LTF_CNG_N,2050,0.224888434,From MOVES5,2073,ON
T_LDV_LTF_CNG_N,2050,0.197901822,From MOVES5,2074,ON
T_LDV_LTF_CNG_N,2050,0.173955701,From MOVES5,2075,ON
T_LDV_LTF_CNG_N,2050,0.15255915,From MOVES5,2076,ON
T_LDV_LTF_CNG_N,2050,0.133489256,From MOVES5,2077,ON
T_LDV_LTF_CNG_N,2050,0.116803099,From MOVES5,2078,ON
T_LDV_LTF_CNG_N,2050,0.101969106,From MOVES5,2079,ON
T_LDV_LTF_CNG_N,2050,0.08891706,From MOVES5,2080,ON
T_LDV_LTF_CNG_N,2050,0.077446759,From MOVES5,2081,ON
T_LDV_LTF_CNG_N,2050,0.067378681,From MOVES5,2082,ON
T_LDV_LTF_CNG_N,2050,0.058552073,From MOVES5,2083,ON
T_LDV_LTF_CNG_N,2050,0.0508232,From MOVES5,2084,ON
T_LDV_LTF_CNG_N,2050,0.044063714,From MOVES5,2085,ON
T_LDV_LTF_CNG_N,2050,0.038159177,From MOVES5,2086,ON
T_LDV_LTF_CNG_N,2050,0.033007688,From MOVES5,2087,ON
T_LDV_LTF_CNG_N,2050,0.028518642,From MOVES5,2088,ON
T_LDV_LTF_CNG_N,2050,0.024611588,From MOVES5,2089,ON
T_LDV_LTF_CNG_N,2050,0.021215189,From MOVES5,2090,ON
T_LDV_LTF_CNG_N,2050,0.018266278,From MOVES5,2091,ON
T_LDV_LTF_CNG_N,2050,0,From MOVES5,2092,ON
T_LDV_LTF_DSL_EX,2010,1,From MOVES5,2010,ON
T_LDV_LTF_DSL_EX,2010,0.991,From MOVES5,2011,ON
T_LDV_LTF_DSL_EX,2010,0.982081,From MOVES5,2012,ON
T_LDV_LTF_DSL_EX,2010,0.973242271,From MOVES5,2013,ON
T_LDV_LTF_DSL_EX,2010,0.959616879,From MOVES5,2014,ON
T_LDV_LTF_DSL_EX,2010,0.941384159,From MOVES5,2015,ON
T_LDV_LTF_DSL_EX,2010,0.918790939,From MOVES5,2016,ON
T_LDV_LTF_DSL_EX,2010,0.891227211,From MOVES5,2017,ON
T_LDV_LTF_DSL_EX,2010,0.859143031,From MOVES5,2018,ON
T_LDV_LTF_DSL_EX,2010,0.823059024,From MOVES5,2019,ON
T_LDV_LTF_DSL_EX,2010,0.783552191,From MOVES5,2020,ON
T_LDV_LTF_DSL_EX,2010,0.741240372,From MOVES5,2021,ON
T_LDV_LTF_DSL_EX,2010,0.69676595,From MOVES5,2022,ON
T_LDV_LTF_DSL_EX,2010,0.651476163,From MOVES5,2023,ON
T_LDV_LTF_DSL_EX,2010,0.605221356,From MOVES5,2024,ON
T_LDV_LTF_DSL_EX,2010,0.552567098,From MOVES5,2025,ON
T_LDV_LTF_DSL_EX,2010,0.501730925,From MOVES5,2026,ON
T_LDV_LTF_DSL_EX,2010,0.453063025,From MOVES5,2027,ON
T_LDV_LTF_DSL_EX,2010,0.406850596,From MOVES5,2028,ON
T_LDV_LTF_DSL_EX,2010,0.363724433,From MOVES5,2029,ON
T_LDV_LTF_DSL_EX,2010,0.32407847,From MOVES5,2030,ON
T_LDV_LTF_DSL_EX,2010,0.287781681,From MOVES5,2031,ON
T_LDV_LTF_DSL_EX,2010,0.254686788,From MOVES5,2032,ON
T_LDV_LTF_DSL_EX,2010,0.224888434,From MOVES5,2033,ON
T_LDV_LTF_DSL_EX,2010,0.197901822,From MOVES5,2034,ON
T_LDV_LTF_DSL_EX,2010,0.173955701,From MOVES5,2035,ON
T_LDV_LTF_DSL_EX,2010,0.15255915,From MOVES5,2036,ON
T_LDV_LTF_DSL_EX,2010,0.133489256,From MOVES5,2037,ON
T_LDV_LTF_DSL_EX,2010,0.116803099,From MOVES5,2038,ON
T_LDV_LTF_DSL_EX,2010,0.101969106,From MOVES5,2039,ON
T_LDV_LTF_DSL_EX,2010,0.08891706,From MOVES5,2040,ON
T_LDV_LTF_DSL_EX,2010,0.077446759,From MOVES5,2041,ON
T_LDV_LTF_DSL_EX,2010,0.067378681,From MOVES5,2042,ON
T_LDV_LTF_DSL_EX,2010,0.058552073,From MOVES5,2043,ON
T_LDV_LTF_DSL_EX,2010,0.0508232,From MOVES5,2044,ON
T_LDV_LTF_DSL_EX,2010,0.044063714,From MOVES5,2045,ON
T_LDV_LTF_DSL_EX,2010,0.038159177,From MOVES5,2046,ON
T_LDV_LTF_DSL_EX,2010,0.033007688,From MOVES5,2047,ON
T_LDV_LTF_DSL_EX,2010,0.028518642,From MOVES5,2048,ON
T_LDV_LTF_DSL_EX,2010,0.024611588,From MOVES5,2049,ON
T_LDV_LTF_DSL_EX,2010,0.021215189,From MOVES5,2050,ON
T_LDV_LTF_DSL_EX,2010,0.018266278,From MOVES5,2051,ON
T_LDV_LTF_DSL_EX,2010,0,From MOVES5,2052,ON
T_LDV_LTF_DSL_EX,2015,1,From MOVES5,2015,ON
T_LDV_LTF_DSL_EX,2015,0.991,From MOVES5,2016,ON
T_LDV_LTF_DSL_EX,2015,0.982081,From MOVES5,2017,ON
T_LDV_LTF_DSL_EX,2015,0.973242271,From MOVES5,2018,ON
T_LDV_LTF_DSL_EX,2015,0.959616879,From MOVES5,2019,ON
T_LDV_LTF_DSL_EX,2015,0.941384159,From MOVES5,2020,ON
T_LDV_LTF_DSL_EX,2015,0.918790939,From MOVES5,2021,ON
T_LDV_LTF_DSL_EX,2015,0.891227211,From MOVES5,2022,ON
T_LDV_LTF_DSL_EX,2015,0.859143031,From MOVES5,2023,ON
T_LDV_LTF_DSL_EX,2015,0.823059024,From MOVES5,2024,ON
T_LDV_LTF_DSL_EX,2015,0.783552191,From MOVES5,2025,ON
T_LDV_LTF_DSL_EX,2015,0.741240372,From MOVES5,2026,ON
T_LDV_LTF_DSL_EX,2015,0.69676595,From MOVES5,2027,ON
T_LDV_LTF_DSL_EX,2015,0.651476163,From MOVES5,2028,ON
T_LDV_LTF_DSL_EX,2015,0.605221356,From MOVES5,2029,ON
T_LDV_LTF_DSL_EX,2015,0.552567098,From MOVES5,2030,ON
T_LDV_LTF_DSL_EX,2015,0.501730925,From MOVES5,2031,ON
T_LDV_LTF_DSL_EX,2015,0.453063025,From MOVES5,2032,ON
T_LDV_LTF_DSL_EX,2015,0.406850596,From MOVES5,2033,ON
T_LDV_LTF_DSL_EX,2015,0.363724433,From MOVES5,2034,ON
T_LDV_LTF_DSL_EX,2015,0.32407847,From MOVES5,2035,ON
T_LDV_LTF_DSL_EX,2015,0.287781681,From MOVES5,2036,ON
T_LDV_LTF_DSL_EX,2015,0.254686788,From MOVES5,2037,ON
T_LDV_LTF_DSL_EX,2015,0.224888434,From MOVES5,2038,ON
T_LDV_LTF_DSL_EX,2015,0.197901822,From MOVES5,2039,ON
T_LDV_LTF_DSL_EX,2015,0.173955701,From MOVES5,2040,ON
T_LDV_LTF_DSL_EX,2015,0.15255915,From MOVES5,2041,ON
T_LDV_LTF_DSL_EX,2015,0.133489256,From MOVES5,2042,ON
T_LDV_LTF_DSL_EX,2015,0.116803099,From MOVES5,2043,ON
T_LDV_LTF_DSL_EX,2015,0.101969106,From MOVES5,2044,ON
T_LDV_LTF_DSL_EX,2015,0.08891706,From MOVES5,2045,ON
T_LDV_LTF_DSL_EX,2015,0.077446759,From MOVES5,2046,ON
T_LDV_LTF_DSL_EX,2015,0.067378681,From MOVES5,2047,ON
T_LDV_LTF_DSL_EX,2015,0.058552073,From MOVES5,2048,ON
T_LDV_LTF_DSL_EX,2015,0.0508232,From MOVES5,2049,ON
T_LDV_LTF_DSL_EX,2015,0.044063714,From MOVES5,2050,ON
T_LDV_LTF_DSL_EX,2015,0.038159177,From MOVES5,2051,ON
T_LDV_LTF_DSL_EX,2015,0.033007688,From MOVES5,2052,ON
T_LDV_LTF_DSL_EX,2015,0.028518642,From MOVES5,2053,ON
T_LDV_LTF_DSL_EX,2015,0.024611588,From MOVES5,2054,ON
T_LDV_LTF_DSL_EX,2015,0.021215189,From MOVES5,2055,ON
T_LDV_LTF_DSL_EX,2015,0.018266278,From MOVES5,2056,ON
T_LDV_LTF_DSL_EX,2015,0,From MOVES5,2057,ON
T_LDV_LTF_DSL_EX,2020,1,From MOVES5,2020,ON
T_LDV_LTF_DSL_EX,2020,0.991,From MOVES5,2021,ON
T_LDV_LTF_DSL_EX,2020,0.982081,From MOVES5,2022,ON
T_LDV_LTF_DSL_EX,2020,0.973242271,From MOVES5,2023,ON
T_LDV_LTF_DSL_EX,2020,0.959616879,From MOVES5,2024,ON
T_LDV_LTF_DSL_EX,2020,0.941384159,From MOVES5,2025,ON
T_LDV_LTF_DSL_EX,2020,0.918790939,From MOVES5,2026,ON
T_LDV_LTF_DSL_EX,2020,0.891227211,From MOVES5,2027,ON
T_LDV_LTF_DSL_EX,2020,0.859143031,From MOVES5,2028,ON
T_LDV_LTF_DSL_EX,2020,0.823059024,From MOVES5,2029,ON
T_LDV_LTF_DSL_EX,2020,0.783552191,From MOVES5,2030,ON
T_LDV_LTF_DSL_EX,2020,0.741240372,From MOVES5,2031,ON
T_LDV_LTF_DSL_EX,2020,0.69676595,From MOVES5,2032,ON
T_LDV_LTF_DSL_EX,2020,0.651476163,From MOVES5,2033,ON
T_LDV_LTF_DSL_EX,2020,0.605221356,From MOVES5,2034,ON
T_LDV_LTF_DSL_EX,2020,0.552567098,From MOVES5,2035,ON
T_LDV_LTF_DSL_EX,2020,0.501730925,From MOVES5,2036,ON
T_LDV_LTF_DSL_EX,2020,0.453063025,From MOVES5,2037,ON
T_LDV_LTF_DSL_EX,2020,0.406850596,From MOVES5,2038,ON
T_LDV_LTF_DSL_EX,2020,0.363724433,From MOVES5,2039,ON
T_LDV_LTF_DSL_EX,2020,0.32407847,From MOVES5,2040,ON
T_LDV_LTF_DSL_EX,2020,0.287781681,From MOVES5,2041,ON
T_LDV_LTF_DSL_EX,2020,0.254686788,From MOVES5,2042,ON
T_LDV_LTF_DSL_EX,2020,0.224888434,From MOVES5,2043,ON
T_LDV_LTF_DSL_EX,2020,0.197901822,From MOVES5,2044,ON
T_LDV_LTF_DSL_EX,2020,0.173955701,From MOVES5,2045,ON
T_LDV_LTF_DSL_EX,2020,0.15255915,From MOVES5,2046,ON
T_LDV_LTF_DSL_EX,2020,0.133489256,From MOVES5,2047,ON
T_LDV_LTF_DSL_EX,2020,0.116803099,From MOVES5,2048,ON
T_LDV_LTF_DSL_EX,2020,0.101969106,From MOVES5,2049,ON
T_LDV_LTF_DSL_EX,2020,0.08891706,From MOVES5,2050,ON
T_LDV_LTF_DSL_EX,2020,0.077446759,From MOVES5,2051,ON
T_LDV_LTF_DSL_EX,2020,0.067378681,From MOVES5,2052,ON
T_LDV_LTF_DSL_EX,2020,0.058552073,From MOVES5,2053,ON
T_LDV_LTF_DSL_EX,2020,0.0508232,From MOVES5,2054,ON
T_LDV_LTF_DSL_EX,2020,0.044063714,From MOVES5,2055,ON
T_LDV_LTF_DSL_EX,2020,0.038159177,From MOVES5,2056,ON
T_LDV_LTF_DSL_EX,2020,0.033007688,From MOVES5,2057,ON
T_LDV_LTF_DSL_EX,2020,0.028518642,From MOVES5,2058,ON
T_LDV_LTF_DSL_EX,2020,0.024611588,From MOVES5,2059,ON
T_LDV_LTF_DSL_EX,2020,0.021215189,From MOVES5,2060,ON
T_LDV_LTF_DSL_EX,2020,0.018266278,From MOVES5,2061,ON
T_LDV_LTF_DSL_EX,2020,0,From MOVES5,2062,ON
T_LDV_LTF_DSL_N,2025,1,From MOVES5,2025,ON
T_LDV_LTF_DSL_N,2025,0.991,From MOVES5,2026,ON
T_LDV_LTF_DSL_N,2025,0.982081,From MOVES5,2027,ON
T_LDV_LTF_DSL_N,2025,0.973242271,From MOVES5,2028,ON
T_LDV_LTF_DSL_N,2025,0.959616879,From MOVES5,2029,ON
T_LDV_LTF_DSL_N,2025,0.941384159,From MOVES5,2030,ON
T_LDV_LTF_DSL_N,2025,0.918790939,From MOVES5,2031,ON
T_LDV_LTF_DSL_N,2025,0.891227211,From MOVES5,2032,ON
T_LDV_LTF_DSL_N,2025,0.859143031,From MOVES5,2033,ON
T_LDV_LTF_DSL_N,2025,0.823059024,From MOVES5,2034,ON
T_LDV_LTF_DSL_N,2025,0.783552191,From MOVES5,2035,ON
T_LDV_LTF_DSL_N,2025,0.741240372,From MOVES5,2036,ON
T_LDV_LTF_DSL_N,2025,0.69676595,From MOVES5,2037,ON
T_LDV_LTF_DSL_N,2025,0.651476163,From MOVES5,2038,ON
T_LDV_LTF_DSL_N,2025,0.605221356,From MOVES5,2039,ON
T_LDV_LTF_DSL_N,2025,0.552567098,From MOVES5,2040,ON
T_LDV_LTF_DSL_N,2025,0.501730925,From MOVES5,2041,ON
T_LDV_LTF_DSL_N,2025,0.453063025,From MOVES5,2042,ON
T_LDV_LTF_DSL_N,2025,0.406850596,From MOVES5,2043,ON
T_LDV_LTF_DSL_N,2025,0.363724433,From MOVES5,2044,ON
T_LDV_LTF_DSL_N,2025,0.32407847,From MOVES5,2045,ON
T_LDV_LTF_DSL_N,2025,0.287781681,From MOVES5,2046,ON
T_LDV_LTF_DSL_N,2025,0.254686788,From MOVES5,2047,ON
T_LDV_LTF_DSL_N,2025,0.224888434,From MOVES5,2048,ON
T_LDV_LTF_DSL_N,2025,0.197901822,From MOVES5,2049,ON
T_LDV_LTF_DSL_N,2025,0.173955701,From MOVES5,2050,ON
T_LDV_LTF_DSL_N,2025,0.15255915,From MOVES5,2051,ON
T_LDV_LTF_DSL_N,2025,0.133489256,From MOVES5,2052,ON
T_LDV_LTF_DSL_N,2025,0.116803099,From MOVES5,2053,ON
T_LDV_LTF_DSL_N,2025,0.101969106,From MOVES5,2054,ON
T_LDV_LTF_DSL_N,2025,0.08891706,From MOVES5,2055,ON
T_LDV_LTF_DSL_N,2025,0.077446759,From MOVES5,2056,ON
T_LDV_LTF_DSL_N,2025,0.067378681,From MOVES5,2057,ON
T_LDV_LTF_DSL_N,2025,0.058552073,From MOVES5,2058,ON
T_LDV_LTF_DSL_N,2025,0.0508232,From MOVES5,2059,ON
T_LDV_LTF_DSL_N,2025,0.044063714,From MOVES5,2060,ON
T_LDV_LTF_DSL_N,2025,0.038159177,From MOVES5,2061,ON
T_LDV_LTF_DSL_N,2025,0.033007688,From MOVES5,2062,ON
T_LDV_LTF_DSL_N,2025,0.028518642,From MOVES5,2063,ON
T_LDV_LTF_DSL_N,2025,0.024611588,From MOVES5,2064,ON
T_LDV_LTF_DSL_N,2025,0.021215189,From MOVES5,2065,ON
T_LDV_LTF_DSL_N,2025,0.018266278,From MOVES5,2066,ON
T_LDV_LTF_DSL_N,2025,0,From MOVES5,2067,ON
T_LDV_LTF_DSL_N,2030,1,From MOVES5,2030,ON
T_LDV_LTF_DSL_N,2030,0.991,From MOVES5,2031,ON
T_LDV_LTF_DSL_N,2030,0.982081,From MOVES5,2032,ON
T_LDV_LTF_DSL_N,2030,0.973242271,From MOVES5,2033,ON
T_LDV_LTF_DSL_N,2030,0.959616879,From MOVES5,2034,ON
T_LDV_LTF_DSL_N,2030,0.941384159,From MOVES5,2035,ON
T_LDV_LTF_DSL_N,2030,0.918790939,From MOVES5,2036,ON
T_LDV_LTF_DSL_N,2030,0.891227211,From MOVES5,2037,ON
T_LDV_LTF_DSL_N,2030,0.859143031,From MOVES5,2038,ON
T_LDV_LTF_DSL_N,2030,0.823059024,From MOVES5,2039,ON
T_LDV_LTF_DSL_N,2030,0.783552191,From MOVES5,2040,ON
T_LDV_LTF_DSL_N,2030,0.741240372,From MOVES5,2041,ON
T_LDV_LTF_DSL_N,2030,0.69676595,From MOVES5,2042,ON
T_LDV_LTF_DSL_N,2030,0.651476163,From MOVES5,2043,ON
T_LDV_LTF_DSL_N,2030,0.605221356,From MOVES5,2044,ON
T_LDV_LTF_DSL_N,2030,0.552567098,From MOVES5,2045,ON
T_LDV_LTF_DSL_N,2030,0.501730925,From MOVES5,2046,ON
T_LDV_LTF_DSL_N,2030,0.453063025,From MOVES5,2047,ON
T_LDV_LTF_DSL_N,2030,0.406850596,From MOVES5,2048,ON
T_LDV_LTF_DSL_N,2030,0.363724433,From MOVES5,2049,ON
T_LDV_LTF_DSL_N,2030,0.32407847,From MOVES5,2050,ON
T_LDV_LTF_DSL_N,2030,0.287781681,From MOVES5,2051,ON
T_LDV_LTF_DSL_N,2030,0.254686788,From MOVES5,2052,ON
T_LDV_LTF_DSL_N,2030,0.224888434,From MOVES5,2053,ON
T_LDV_LTF_DSL_N,2030,0.197901822,From MOVES5,2054,ON
T_LDV_LTF_DSL_N,2030,0.173955701,From MOVES5,2055,ON
T_LDV_LTF_DSL_N,2030,0.15255915,From MOVES5,2056,ON
T_LDV_LTF_DSL_N,2030,0.133489256,From MOVES5,2057,ON
T_LDV_LTF_DSL_N,2030,0.116803099,From MOVES5,2058,ON
T_LDV_LTF_DSL_N,2030,0.101969106,From MOVES5,2059,ON
T_LDV_LTF_DSL_N,2030,0.08891706,From MOVES5,2060,ON
T_LDV_LTF_DSL_N,2030,0.077446759,From MOVES5,2061,ON
T_LDV_LTF_DSL_N,2030,0.067378681,From MOVES5,2062,ON
T_LDV_LTF_DSL_N,2030,0.058552073,From MOVES5,2063,ON
T_LDV_LTF_DSL_N,2030,0.0508232,From MOVES5,2064,ON
T_LDV_LTF_DSL_N,2030,0.044063714,From MOVES5,2065,ON
T_LDV_LTF_DSL_N,2030,0.038159177,From MOVES5,2066,ON
T_LDV_LTF_DSL_N,2030,0.033007688,From MOVES5,2067,ON
T_LDV_LTF_DSL_N,2030,0.028518642,From MOVES5,2068,ON
T_LDV_LTF_DSL_N,2030,0.024611588,From MOVES5,2069,ON
T_LDV_LTF_DSL_N,2030,0.021215189,From MOVES5,2070,ON
T_LDV_LTF_DSL_N,2030,0.018266278,From MOVES5,2071,ON
T_LDV_LTF_DSL_N,2030,0,From MOVES5,2072,ON
T_LDV_LTF_DSL_N,2035,1,From MOVES5,2035,ON
T_LDV_LTF_DSL_N,2035,0.991,From MOVES5,2036,ON
T_LDV_LTF_DSL_N,2035,0.982081,From MOVES5,2037,ON
T_LDV_LTF_DSL_N,2035,0.973242271,From MOVES5,2038,ON
T_LDV_LTF_DSL_N,2035,0.959616879,From MOVES5,2039,ON
T_LDV_LTF_DSL_N,2035,0.941384159,From MOVES5,2040,ON
T_LDV_LTF_DSL_N,2035,0.918790939,From MOVES5,2041,ON
T_LDV_LTF_DSL_N,2035,0.891227211,From MOVES5,2042,ON
T_LDV_LTF_DSL_N,2035,0.859143031,From MOVES5,2043,ON
T_LDV_LTF_DSL_N,2035,0.823059024,From MOVES5,2044,ON
T_LDV_LTF_DSL_N,2035,0.783552191,From MOVES5,2045,ON
T_LDV_LTF_DSL_N,2035,0.741240372,From MOVES5,2046,ON
T_LDV_LTF_DSL_N,2035,0.69676595,From MOVES5,2047,ON
T_LDV_LTF_DSL_N,2035,0.651476163,From MOVES5,2048,ON
T_LDV_LTF_DSL_N,2035,0.605221356,From MOVES5,2049,ON
T_LDV_LTF_DSL_N,2035,0.552567098,From MOVES5,2050,ON
T_LDV_LTF_DSL_N,2035,0.501730925,From MOVES5,2051,ON
T_LDV_LTF_DSL_N,2035,0.453063025,From MOVES5,2052,ON
T_LDV_LTF_DSL_N,2035,0.406850596,From MOVES5,2053,ON
T_LDV_LTF_DSL_N,2035,0.363724433,From MOVES5,2054,ON
T_LDV_LTF_DSL_N,2035,0.32407847,From MOVES5,2055,ON
T_LDV_LTF_DSL_N,2035,0.287781681,From MOVES5,2056,ON
T_LDV_LTF_DSL_N,2035,0.254686788,From MOVES5,2057,ON
T_LDV_LTF_DSL_N,2035,0.224888434,From MOVES5,2058,ON
T_LDV_LTF_DSL_N,2035,0.197901822,From MOVES5,2059,ON
T_LDV_LTF_DSL_N,2035,0.173955701,From MOVES5,2060,ON
T_LDV_LTF_DSL_N,2035,0.15255915,From MOVES5,2061,ON
T_LDV_LTF_DSL_N,2035,0.133489256,From MOVES5,2062,ON
T_LDV_LTF_DSL_N,2035,0.116803099,From MOVES5,2063,ON
T_LDV_LTF_DSL_N,2035,0.101969106,From MOVES5,2064,ON
T_LDV_LTF_DSL_N,2035,0.08891706,From MOVES5,2065,ON
T_LDV_LTF_DSL_N,2035,0.077446759,From MOVES5,2066,ON
T_LDV_LTF_DSL_N,2035,0.067378681,From MOVES5,2067,ON
T_LDV_LTF_DSL_N,2035,0.058552073,From MOVES5,2068,ON
T_LDV_LTF_DSL_N,2035,0.0508232,From MOVES5,2069,ON
T_LDV_LTF_DSL_N,2035,0.044063714,From MOVES5,2070,ON
T_LDV_LTF_DSL_N,2035,0.038159177,From MOVES5,2071,ON
T_LDV_LTF_DSL_N,2035,0.033007688,From MOVES5,2072,ON
T_LDV_LTF_DSL_N,2035,0.028518642,From MOVES5,2073,ON
T_LDV_LTF_DSL_N,2035,0.024611588,From MOVES5,2074,ON
T_LDV_LTF_DSL_N,2035,0.021215189,From MOVES5,2075,ON
T_LDV_LTF_DSL_N,2035,0.018266278,From MOVES5,2076,ON
T_LDV_LTF_DSL_N,2035,0,From MOVES5,2077,ON
T_LDV_LTF_DSL_N,2040,1,From MOVES5,2040,ON
T_LDV_LTF_DSL_N,2040,0.991,From MOVES5,2041,ON
T_LDV_LTF_DSL_N,2040,0.982081,From MOVES5,2042,ON
T_LDV_LTF_DSL_N,2040,0.973242271,From MOVES5,2043,ON
T_LDV_LTF_DSL_N,2040,0.959616879,From MOVES5,2044,ON
T_LDV_LTF_DSL_N,2040,0.941384159,From MOVES5,2045,ON
T_LDV_LTF_DSL_N,2040,0.918790939,From MOVES5,2046,ON
T_LDV_LTF_DSL_N,2040,0.891227211,From MOVES5,2047,ON
T_LDV_LTF_DSL_N,2040,0.859143031,From MOVES5,2048,ON
T_LDV_LTF_DSL_N,2040,0.823059024,From MOVES5,2049,ON
T_LDV_LTF_DSL_N,2040,0.783552191,From MOVES5,2050,ON
T_LDV_LTF_DSL_N,2040,0.741240372,From MOVES5,2051,ON
T_LDV_LTF_DSL_N,2040,0.69676595,From MOVES5,2052,ON
T_LDV_LTF_DSL_N,2040,0.651476163,From MOVES5,2053,ON
T_LDV_LTF_DSL_N,2040,0.605221356,From MOVES5,2054,ON
T_LDV_LTF_DSL_N,2040,0.552567098,From MOVES5,2055,ON
T_LDV_LTF_DSL_N,2040,0.501730925,From MOVES5,2056,ON
T_LDV_LTF_DSL_N,2040,0.453063025,From MOVES5,2057,ON
T_LDV_LTF_DSL_N,2040,0.406850596,From MOVES5,2058,ON
T_LDV_LTF_DSL_N,2040,0.363724433,From MOVES5,2059,ON
T_LDV_LTF_DSL_N,2040,0.32407847,From MOVES5,2060,ON
T_LDV_LTF_DSL_N,2040,0.287781681,From MOVES5,2061,ON
T_LDV_LTF_DSL_N,2040,0.254686788,From MOVES5,2062,ON
T_LDV_LTF_DSL_N,2040,0.224888434,From MOVES5,2063,ON
T_LDV_LTF_DSL_N,2040,0.197901822,From MOVES5,2064,ON
T_LDV_LTF_DSL_N,2040,0.173955701,From MOVES5,2065,ON
T_LDV_LTF_DSL_N,2040,0.15255915,From MOVES5,2066,ON
T_LDV_LTF_DSL_N,2040,0.133489256,From MOVES5,2067,ON
T_LDV_LTF_DSL_N,2040,0.116803099,From MOVES5,2068,ON
T_LDV_LTF_DSL_N,2040,0.101969106,From MOVES5,2069,ON
T_LDV_LTF_DSL_N,2040,0.08891706,From MOVES5,2070,ON
T_LDV_LTF_DSL_N,2040,0.077446759,From MOVES5,2071,ON
T_LDV_LTF_DSL_N,2040,0.067378681,From MOVES5,2072,ON
T_LDV_LTF_DSL_N,2040,0.058552073,From MOVES5,2073,ON
T_LDV_LTF_DSL_N,2040,0.0508232,From MOVES5,2074,ON
T_LDV_LTF_DSL_N,2040,0.044063714,From MOVES5,2075,ON
T_LDV_LTF_DSL_N,2040,0.038159177,From MOVES5,2076,ON
T_LDV_LTF_DSL_N,2040,0.033007688,From MOVES5,2077,ON
T_LDV_LTF_DSL_N,2040,0.028518642,From MOVES5,2078,ON
T_LDV_LTF_DSL_N,2040,0.024611588,From MOVES5,2079,ON
T_LDV_LTF_DSL_N,2040,0.021215189,From MOVES5,2080,ON
T_LDV_LTF_DSL_N,2040,0.018266278,From MOVES5,2081,ON
T_LDV_LTF_DSL_N,2040,0,From MOVES5,2082,ON
T_LDV_LTF_DSL_N,2045,1,From MOVES5,2045,ON
T_LDV_LTF_DSL_N,2045,0.991,From MOVES5,2046,ON
T_LDV_LTF_DSL_N,2045,0.982081,From MOVES5,2047,ON
T_LDV_LTF_DSL_N,2045,0.973242271,From MOVES5,2048,ON
T_LDV_LTF_DSL_N,2045,0.959616879,From MOVES5,2049,ON
T_LDV_LTF_DSL_N,2045,0.941384159,From MOVES5,2050,ON
T_LDV_LTF_DSL_N,2045,0.918790939,From MOVES5,2051,ON
T_LDV_LTF_DSL_N,2045,0.891227211,From MOVES5,2052,ON
T_LDV_LTF_DSL_N,2045,0.859143031,From MOVES5,2053,ON
T_LDV_LTF_DSL_N,2045,0.823059024,From MOVES5,2054,ON
T_LDV_LTF_DSL_N,2045,0.783552191,From MOVES5,2055,ON
T_LDV_LTF_DSL_N,2045,0.741240372,From MOVES5,2056,ON
T_LDV_LTF_DSL_N,2045,0.69676595,From MOVES5,2057,ON
T_LDV_LTF_DSL_N,2045,0.651476163,From MOVES5,2058,ON
T_LDV_LTF_DSL_N,2045,0.605221356,From MOVES5,2059,ON
T_LDV_LTF_DSL_N,2045,0.552567098,From MOVES5,2060,ON
T_LDV_LTF_DSL_N,2045,0.501730925,From MOVES5,2061,ON
T_LDV_LTF_DSL_N,2045,0.453063025,From MOVES5,2062,ON
T_LDV_LTF_DSL_N,2045,0.406850596,From MOVES5,2063,ON
T_LDV_LTF_DSL_N,2045,0.363724433,From MOVES5,2064,ON
T_LDV_LTF_DSL_N,2045,0.32407847,From MOVES5,2065,ON
T_LDV_LTF_DSL_N,2045,0.287781681,From MOVES5,2066,ON
T_LDV_LTF_DSL_N,2045,0.254686788,From MOVES5,2067,ON
T_LDV_LTF_DSL_N,2045,0.224888434,From MOVES5,2068,ON
T_LDV_LTF_DSL_N,2045,0.197901822,From MOVES5,2069,ON
T_LDV_LTF_DSL_N,2045,0.173955701,From MOVES5,2070,ON
T_LDV_LTF_DSL_N,2045,0.15255915,From MOVES5,2071,ON
T_LDV_LTF_DSL_N,2045,0.133489256,From MOVES5,2072,ON
T_LDV_LTF_DSL_N,2045,0.116803099,From MOVES5,2073,ON
T_LDV_LTF_DSL_N,2045,0.101969106,From MOVES5,2074,ON
T_LDV_LTF_DSL_N,2045,0.08891706,From MOVES5,2075,ON
T_LDV_LTF_DSL_N,2045,0.077446759,From MOVES5,2076,ON
T_LDV_LTF_DSL_N,2045,0.067378681,From MOVES5,2077,ON
T_LDV_LTF_DSL_N,2045,0.058552073,From MOVES5,2078,ON
T_LDV_LTF_DSL_N,2045,0.0508232,From MOVES5,2079,ON
T_LDV_LTF_DSL_N,2045,0.044063714,From MOVES5,2080,ON
T_LDV_LTF_DSL_N,2045,0.038159177,From MOVES5,2081,ON
T_LDV_LTF_DSL_N,2045,0.033007688,From MOVES5,2082,ON
T_LDV_LTF_DSL_N,2045,0.028518642,From MOVES5,2083,ON
T_LDV_LTF_DSL_N,2045,0.024611588,From MOVES5,2084,ON
T_LDV_LTF_DSL_N,2045,0.021215189,From MOVES5,2085,ON
T_LDV_LTF_DSL_N,2045,0.018266278,From MOVES5,2086,ON
T_LDV_LTF_DSL_N,2045,0,From MOVES5,2087,ON
T_LDV_LTF_DSL_N,2050,1,From MOVES5,2050,ON
T_LDV_LTF_DSL_N,2050,0.991,From MOVES5,2051,ON
T_LDV_LTF_DSL_N,2050,0.982081,From MOVES5,2052,ON
T_LDV_LTF_DSL_N,2050,0.973242271,From MOVES5,2053,ON
T_LDV_LTF_DSL_N,2050,0.959616879,From MOVES5,2054,ON
T_LDV_LTF_DSL_N,2050,0.941384159,From MOVES5,2055,ON
T_LDV_LTF_DSL_N,2050,0.918790939,From MOVES5,2056,ON
T_LDV_LTF_DSL_N,2050,0.891227211,From MOVES5,2057,ON
T_LDV_LTF_DSL_N,2050,0.859143031,From MOVES5,2058,ON
T_LDV_LTF_DSL_N,2050,0.823059024,From MOVES5,2059,ON
T_LDV_LTF_DSL_N,2050,0.783552191,From MOVES5,2060,ON
T_LDV_LTF_DSL_N,2050,0.741240372,From MOVES5,2061,ON
T_LDV_LTF_DSL_N,2050,0.69676595,From MOVES5,2062,ON
T_LDV_LTF_DSL_N,2050,0.651476163,From MOVES5,2063,ON
T_LDV_LTF_DSL_N,2050,0.605221356,From MOVES5,2064,ON
T_LDV_LTF_DSL_N,2050,0.552567098,From MOVES5,2065,ON
T_LDV_LTF_DSL_N,2050,0.501730925,From MOVES5,2066,ON
T_LDV_LTF_DSL_N,2050,0.453063025,From MOVES5,2067,ON
T_LDV_LTF_DSL_N,2050,0.406850596,From MOVES5,2068,ON
T_LDV_LTF_DSL_N,2050,0.363724433,From MOVES5,2069,ON
T_LDV_LTF_DSL_N,2050,0.32407847,From MOVES5,2070,ON
T_LDV_LTF_DSL_N,2050,0.287781681,From MOVES5,2071,ON
T_LDV_LTF_DSL_N,2050,0.254686788,From MOVES5,2072,ON
T_LDV_LTF_DSL_N,2050,0.224888434,From MOVES5,2073,ON
T_LDV_LTF_DSL_N,2050,0.197901822,From MOVES5,2074,ON
T_LDV_LTF_DSL_N,2050,0.173955701,From MOVES5,2075,ON
T_LDV_LTF_DSL_N,2050,0.15255915,From MOVES5,2076,ON
T_LDV_LTF_DSL_N,2050,0.133489256,From MOVES5,2077,ON
T_LDV_LTF_DSL_N,2050,0.116803099,From MOVES5,2078,ON
T_LDV_LTF_DSL_N,2050,0.101969106,From MOVES5,2079,ON
T_LDV_LTF_DSL_N,2050,0.08891706,From MOVES5,2080,ON
T_LDV_LTF_DSL_N,2050,0.077446759,From MOVES5,2081,ON
T_LDV_LTF_DSL_N,2050,0.067378681,From MOVES5,2082,ON
T_LDV_LTF_DSL_N,2050,0.058552073,From MOVES5,2083,ON
T_LDV_LTF_DSL_N,2050,0.0508232,From MOVES5,2084,ON
T_LDV_LTF_DSL_N,2050,0.044063714,From MOVES5,2085,ON
T_LDV_LTF_DSL_N,2050,0.038159177,From MOVES5,2086,ON
T_LDV_LTF_DSL_N,2050,0.033007688,From MOVES5,2087,ON
T_LDV_LTF_DSL_N,2050,0.028518642,From MOVES5,2088,ON
T_LDV_LTF_DSL_N,2050,0.024611588,From MOVES5,2089,ON
T_LDV_LTF_DSL_N,2050,0.021215189,From MOVES5,2090,ON
T_LDV_LTF_DSL_N,2050,0.018266278,From MOVES5,2091,ON
T_LDV_LTF_DSL_N,2050,0,From MOVES5,2092,ON
T_LDV_LTF_FCEV400_N,2025,1,From MOVES5,2025,ON
T_LDV_LTF_FCEV400_N,2025,0.991,From MOVES5,2026,ON
T_LDV_LTF_FCEV400_N,2025,0.982081,From MOVES5,2027,ON
T_LDV_LTF_FCEV400_N,2025,0.973242271,From MOVES5,2028,ON
T_LDV_LTF_FCEV400_N,2025,0.959616879,From MOVES5,2029,ON
T_LDV_LTF_FCEV400_N,2025,0.941384159,From MOVES5,2030,ON
T_LDV_LTF_FCEV400_N,2025,0.918790939,From MOVES5,2031,ON
T_LDV_LTF_FCEV400_N,2025,0.891227211,From MOVES5,2032,ON
T_LDV_LTF_FCEV400_N,2025,0.859143031,From MOVES5,2033,ON
T_LDV_LTF_FCEV400_N,2025,0.823059024,From MOVES5,2034,ON
T_LDV_LTF_FCEV400_N,2025,0.783552191,From MOVES5,2035,ON
T_LDV_LTF_FCEV400_N,2025,0.741240372,From MOVES5,2036,ON
T_LDV_LTF_FCEV400_N,2025,0.69676595,From MOVES5,2037,ON
T_LDV_LTF_FCEV400_N,2025,0.651476163,From MOVES5,2038,ON
T_LDV_LTF_FCEV400_N,2025,0.605221356,From MOVES5,2039,ON
T_LDV_LTF_FCEV400_N,2025,0.552567098,From MOVES5,2040,ON
T_LDV_LTF_FCEV400_N,2025,0.501730925,From MOVES5,2041,ON
T_LDV_LTF_FCEV400_N,2025,0.453063025,From MOVES5,2042,ON
T_LDV_LTF_FCEV400_N,2025,0.406850596,From MOVES5,2043,ON
T_LDV_LTF_FCEV400_N,2025,0.363724433,From MOVES5,2044,ON
T_LDV_LTF_FCEV400_N,2025,0.32407847,From MOVES5,2045,ON
T_LDV_LTF_FCEV400_N,2025,0.287781681,From MOVES5,2046,ON
T_LDV_LTF_FCEV400_N,2025,0.254686788,From MOVES5,2047,ON
T_LDV_LTF_FCEV400_N,2025,0.224888434,From MOVES5,2048,ON
T_LDV_LTF_FCEV400_N,2025,0.197901822,From MOVES5,2049,ON
T_LDV_LTF_FCEV400_N,2025,0.173955701,From MOVES5,2050,ON
T_LDV_LTF_FCEV400_N,2025,0.15255915,From MOVES5,2051,ON
T_LDV_LTF_FCEV400_N,2025,0.133489256,From MOVES5,2052,ON
T_LDV_LTF_FCEV400_N,2025,0.116803099,From MOVES5,2053,ON
T_LDV_LTF_FCEV400_N,2025,0.101969106,From MOVES5,2054,ON
T_LDV_LTF_FCEV400_N,2025,0.08891706,From MOVES5,2055,ON
T_LDV_LTF_FCEV400_N,2025,0.077446759,From MOVES5,2056,ON
T_LDV_LTF_FCEV400_N,2025,0.067378681,From MOVES5,2057,ON
T_LDV_LTF_FCEV400_N,2025,0.058552073,From MOVES5,2058,ON
T_LDV_LTF_FCEV400_N,2025,0.0508232,From MOVES5,2059,ON
T_LDV_LTF_FCEV400_N,2025,0.044063714,From MOVES5,2060,ON
T_LDV_LTF_FCEV400_N,2025,0.038159177,From MOVES5,2061,ON
T_LDV_LTF_FCEV400_N,2025,0.033007688,From MOVES5,2062,ON
T_LDV_LTF_FCEV400_N,2025,0.028518642,From MOVES5,2063,ON
T_LDV_LTF_FCEV400_N,2025,0.024611588,From MOVES5,2064,ON
T_LDV_LTF_FCEV400_N,2025,0.021215189,From MOVES5,2065,ON
T_LDV_LTF_FCEV400_N,2025,0.018266278,From MOVES5,2066,ON
T_LDV_LTF_FCEV400_N,2025,0,From MOVES5,2067,ON
T_LDV_LTF_FCEV400_N,2030,1,From MOVES5,2030,ON
T_LDV_LTF_FCEV400_N,2030,0.991,From MOVES5,2031,ON
T_LDV_LTF_FCEV400_N,2030,0.982081,From MOVES5,2032,ON
T_LDV_LTF_FCEV400_N,2030,0.973242271,From MOVES5,2033,ON
T_LDV_LTF_FCEV400_N,2030,0.959616879,From MOVES5,2034,ON
T_LDV_LTF_FCEV400_N,2030,0.941384159,From MOVES5,2035,ON
T_LDV_LTF_FCEV400_N,2030,0.918790939,From MOVES5,2036,ON
T_LDV_LTF_FCEV400_N,2030,0.891227211,From MOVES5,2037,ON
T_LDV_LTF_FCEV400_N,2030,0.859143031,From MOVES5,2038,ON
T_LDV_LTF_FCEV400_N,2030,0.823059024,From MOVES5,2039,ON
T_LDV_LTF_FCEV400_N,2030,0.783552191,From MOVES5,2040,ON
T_LDV_LTF_FCEV400_N,2030,0.741240372,From MOVES5,2041,ON
T_LDV_LTF_FCEV400_N,2030,0.69676595,From MOVES5,2042,ON
T_LDV_LTF_FCEV400_N,2030,0.651476163,From MOVES5,2043,ON
T_LDV_LTF_FCEV400_N,2030,0.605221356,From MOVES5,2044,ON
T_LDV_LTF_FCEV400_N,2030,0.552567098,From MOVES5,2045,ON
T_LDV_LTF_FCEV400_N,2030,0.501730925,From MOVES5,2046,ON
T_LDV_LTF_FCEV400_N,2030,0.453063025,From MOVES5,2047,ON
T_LDV_LTF_FCEV400_N,2030,0.406850596,From MOVES5,2048,ON
T_LDV_LTF_FCEV400_N,2030,0.363724433,From MOVES5,2049,ON
T_LDV_LTF_FCEV400_N,2030,0.32407847,From MOVES5,2050,ON
T_LDV_LTF_FCEV400_N,2030,0.287781681,From MOVES5,2051,ON
T_LDV_LTF_FCEV400_N,2030,0.254686788,From MOVES5,2052,ON
T_LDV_LTF_FCEV400_N,2030,0.224888434,From MOVES5,2053,ON
T_LDV_LTF_FCEV400_N,2030,0.197901822,From MOVES5,2054,ON
T_LDV_LTF_FCEV400_N,2030,0.173955701,From MOVES5,2055,ON
T_LDV_LTF_FCEV400_N,2030,0.15255915,From MOVES5,2056,ON
T_LDV_LTF_FCEV400_N,2030,0.133489256,From MOVES5,2057,ON
T_LDV_LTF_FCEV400_N,2030,0.116803099,From MOVES5,2058,ON
T_LDV_LTF_FCEV400_N,2030,0.101969106,From MOVES5,2059,ON
T_LDV_LTF_FCEV400_N,2030,0.08891706,From MOVES5,2060,ON
T_LDV_LTF_FCEV400_N,2030,0.077446759,From MOVES5,2061,ON
T_LDV_LTF_FCEV400_N,2030,0.067378681,From MOVES5,2062,ON
T_LDV_LTF_FCEV400_N,2030,0.058552073,From MOVES5,2063,ON
T_LDV_LTF_FCEV400_N,2030,0.0508232,From MOVES5,2064,ON
T_LDV_LTF_FCEV400_N,2030,0.044063714,From MOVES5,2065,ON
T_LDV_LTF_FCEV400_N,2030,0.038159177,From MOVES5,2066,ON
T_LDV_LTF_FCEV400_N,2030,0.033007688,From MOVES5,2067,ON
T_LDV_LTF_FCEV400_N,2030,0.028518642,From MOVES5,2068,ON
T_LDV_LTF_FCEV400_N,2030,0.024611588,From MOVES5,2069,ON
T_LDV_LTF_FCEV400_N,2030,0.021215189,From MOVES5,2070,ON
T_LDV_LTF_FCEV400_N,2030,0.018266278,From MOVES5,2071,ON
T_LDV_LTF_FCEV400_N,2030,0,From MOVES5,2072,ON
T_LDV_LTF_FCEV400_N,2035,1,From MOVES5,2035,ON
T_LDV_LTF_FCEV400_N,2035,0.991,From MOVES5,2036,ON
T_LDV_LTF_FCEV400_N,2035,0.982081,From MOVES5,2037,ON
T_LDV_LTF_FCEV400_N,2035,0.973242271,From MOVES5,2038,ON
T_LDV_LTF_FCEV400_N,2035,0.959616879,From MOVES5,2039,ON
T_LDV_LTF_FCEV400_N,2035,0.941384159,From MOVES5,2040,ON
T_LDV_LTF_FCEV400_N,2035,0.918790939,From MOVES5,2041,ON
T_LDV_LTF_FCEV400_N,2035,0.891227211,From MOVES5,2042,ON
T_LDV_LTF_FCEV400_N,2035,0.859143031,From MOVES5,2043,ON
T_LDV_LTF_FCEV400_N,2035,0.823059024,From MOVES5,2044,ON
T_LDV_LTF_FCEV400_N,2035,0.783552191,From MOVES5,2045,ON
T_LDV_LTF_FCEV400_N,2035,0.741240372,From MOVES5,2046,ON
T_LDV_LTF_FCEV400_N,2035,0.69676595,From MOVES5,2047,ON
T_LDV_LTF_FCEV400_N,2035,0.651476163,From MOVES5,2048,ON
T_LDV_LTF_FCEV400_N,2035,0.605221356,From MOVES5,2049,ON
T_LDV_LTF_FCEV400_N,2035,0.552567098,From MOVES5,2050,ON
T_LDV_LTF_FCEV400_N,2035,0.501730925,From MOVES5,2051,ON
T_LDV_LTF_FCEV400_N,2035,0.453063025,From MOVES5,2052,ON
T_LDV_LTF_FCEV400_N,2035,0.406850596,From MOVES5,2053,ON
T_LDV_LTF_FCEV400_N,2035,0.363724433,From MOVES5,2054,ON
T_LDV_LTF_FCEV400_N,2035,0.32407847,From MOVES5,2055,ON
T_LDV_LTF_FCEV400_N,2035,0.287781681,From MOVES5,2056,ON
T_LDV_LTF_FCEV400_N,2035,0.254686788,From MOVES5,2057,ON
T_LDV_LTF_FCEV400_N,2035,0.224888434,From MOVES5,2058,ON
T_LDV_LTF_FCEV400_N,2035,0.197901822,From MOVES5,2059,ON
T_LDV_LTF_FCEV400_N,2035,0.173955701,From MOVES5,2060,ON
T_LDV_LTF_FCEV400_N,2035,0.15255915,From MOVES5,2061,ON
T_LDV_LTF_FCEV400_N,2035,0.133489256,From MOVES5,2062,ON
T_LDV_LTF_FCEV400_N,2035,0.116803099,From MOVES5,2063,ON
T_LDV_LTF_FCEV400_N,2035,0.101969106,From MOVES5,2064,ON
T_LDV_LTF_FCEV400_N,2035,0.08891706,From MOVES5,2065,ON
T_LDV_LTF_FCEV400_N,2035,0.077446759,From MOVES5,2066,ON
T_LDV_LTF_FCEV400_N,2035,0.067378681,From MOVES5,2067,ON
T_LDV_LTF_FCEV400_N,2035,0.058552073,From MOVES5,2068,ON
T_LDV_LTF_FCEV400_N,2035,0.0508232,From MOVES5,2069,ON
T_LDV_LTF_FCEV400_N,2035,0.044063714,From MOVES5,2070,ON
T_LDV_LTF_FCEV400_N,2035,0.038159177,From MOVES5,2071,ON
T_LDV_LTF_FCEV400_N,2035,0.033007688,From MOVES5,2072,ON
T_LDV_LTF_FCEV400_N,2035,0.028518642,From MOVES5,2073,ON
T_LDV_LTF_FCEV400_N,2035,0.024611588,From MOVES5,2074,ON
T_LDV_LTF_FCEV400_N,2035,0.021215189,From MOVES5,2075,ON
T_LDV_LTF_FCEV400_N,2035,0.018266278,From MOVES5,2076,ON
T_LDV_LTF_FCEV400_N,2035,0,From MOVES5,2077,ON
T_LDV_LTF_FCEV400_N,2040,1,From MOVES5,2040,ON
T_LDV_LTF_FCEV400_N,2040,0.991,From MOVES5,2041,ON
T_LDV_LTF_FCEV400_N,2040,0.982081,From MOVES5,2042,ON
T_LDV_LTF_FCEV400_N,2040,0.973242271,From MOVES5,2043,ON
T_LDV_LTF_FCEV400_N,2040,0.959616879,From MOVES5,2044,ON
T_LDV_LTF_FCEV400_N,2040,0.941384159,From MOVES5,2045,ON
T_LDV_LTF_FCEV400_N,2040,0.918790939,From MOVES5,2046,ON
T_LDV_LTF_FCEV400_N,2040,0.891227211,From MOVES5,2047,ON
T_LDV_LTF_FCEV400_N,2040,0.859143031,From MOVES5,2048,ON
T_LDV_LTF_FCEV400_N,2040,0.823059024,From MOVES5,2049,ON
T_LDV_LTF_FCEV400_N,2040,0.783552191,From MOVES5,2050,ON
T_LDV_LTF_FCEV400_N,2040,0.741240372,From MOVES5,2051,ON
T_LDV_LTF_FCEV400_N,2040,0.69676595,From MOVES5,2052,ON
T_LDV_LTF_FCEV400_N,2040,0.651476163,From MOVES5,2053,ON
T_LDV_LTF_FCEV400_N,2040,0.605221356,From MOVES5,2054,ON
T_LDV_LTF_FCEV400_N,2040,0.552567098,From MOVES5,2055,ON
T_LDV_LTF_FCEV400_N,2040,0.501730925,From MOVES5,2056,ON
T_LDV_LTF_FCEV400_N,2040,0.453063025,From MOVES5,2057,ON
T_LDV_LTF_FCEV400_N,2040,0.406850596,From MOVES5,2058,ON
T_LDV_LTF_FCEV400_N,2040,0.363724433,From MOVES5,2059,ON
T_LDV_LTF_FCEV400_N,2040,0.32407847,From MOVES5,2060,ON
T_LDV_LTF_FCEV400_N,2040,0.287781681,From MOVES5,2061,ON
T_LDV_LTF_FCEV400_N,2040,0.254686788,From MOVES5,2062,ON
T_LDV_LTF_FCEV400_N,2040,0.224888434,From MOVES5,2063,ON
T_LDV_LTF_FCEV400_N,2040,0.197901822,From MOVES5,2064,ON
T_LDV_LTF_FCEV400_N,2040,0.173955701,From MOVES5,2065,ON
T_LDV_LTF_FCEV400_N,2040,0.15255915,From MOVES5,2066,ON
T_LDV_LTF_FCEV400_N,2040,0.133489256,From MOVES5,2067,ON
T_LDV_LTF_FCEV400_N,2040,0.116803099,From MOVES5,2068,ON
T_LDV_LTF_FCEV400_N,2040,0.101969106,From MOVES5,2069,ON
T_LDV_LTF_FCEV400_N,2040,0.08891706,From MOVES5,2070,ON
T_LDV_LTF_FCEV400_N,2040,0.077446759,From MOVES5,2071,ON
T_LDV_LTF_FCEV400_N,2040,0.067378681,From MOVES5,2072,ON
T_LDV_LTF_FCEV400_N,2040,0.058552073,From MOVES5,2073,ON
T_LDV_LTF_FCEV400_N,2040,0.0508232,From MOVES5,2074,ON
T_LDV_LTF_FCEV400_N,2040,0.044063714,From MOVES5,2075,ON
T_LDV_LTF_FCEV400_N,2040,0.038159177,From MOVES5,2076,ON
T_LDV_LTF_FCEV400_N,2040,0.033007688,From MOVES5,2077,ON
T_LDV_LTF_FCEV400_N,2040,0.028518642,From MOVES5,2078,ON
T_LDV_LTF_FCEV400_N,2040,0.024611588,From MOVES5,2079,ON
T_LDV_LTF_FCEV400_N,2040,0.021215189,From MOVES5,2080,ON
T_LDV_LTF_FCEV400_N,2040,0.018266278,From MOVES5,2081,ON
T_LDV_LTF_FCEV400_N,2040,0,From MOVES5,2082,ON
T_LDV_LTF_FCEV400_N,2045,1,From MOVES5,2045,ON
T_LDV_LTF_FCEV400_N,2045,0.991,From MOVES5,2046,ON
T_LDV_LTF_FCEV400_N,2045,0.982081,From MOVES5,2047,ON
T_LDV_LTF_FCEV400_N,2045,0.973242271,From MOVES5,2048,ON
T_LDV_LTF_FCEV400_N,2045,0.959616879,From MOVES5,2049,ON
T_LDV_LTF_FCEV400_N,2045,0.941384159,From MOVES5,2050,ON
T_LDV_LTF_FCEV400_N,2045,0.918790939,From MOVES5,2051,ON
T_LDV_LTF_FCEV400_N,2045,0.891227211,From MOVES5,2052,ON
T_LDV_LTF_FCEV400_N,2045,0.859143031,From MOVES5,2053,ON
T_LDV_LTF_FCEV400_N,2045,0.823059024,From MOVES5,2054,ON
T_LDV_LTF_FCEV400_N,2045,0.783552191,From MOVES5,2055,ON
T_LDV_LTF_FCEV400_N,2045,0.741240372,From MOVES5,2056,ON
T_LDV_LTF_FCEV400_N,2045,0.69676595,From MOVES5,2057,ON
T_LDV_LTF_FCEV400_N,2045,0.651476163,From MOVES5,2058,ON
T_LDV_LTF_FCEV400_N,2045,0.605221356,From MOVES5,2059,ON
T_LDV_LTF_FCEV400_N,2045,0.552567098,From MOVES5,2060,ON
T_LDV_LTF_FCEV400_N,2045,0.501730925,From MOVES5,2061,ON
T_LDV_LTF_FCEV400_N,2045,0.453063025,From MOVES5,2062,ON
T_LDV_LTF_FCEV400_N,2045,0.406850596,From MOVES5,2063,ON
T_LDV_LTF_FCEV400_N,2045,0.363724433,From MOVES5,2064,ON
T_LDV_LTF_FCEV400_N,2045,0.32407847,From MOVES5,2065,ON
T_LDV_LTF_FCEV400_N,2045,0.287781681,From MOVES5,2066,ON
T_LDV_LTF_FCEV400_N,2045,0.254686788,From MOVES5,2067,ON
T_LDV_LTF_FCEV400_N,2045,0.224888434,From MOVES5,2068,ON
T_LDV_LTF_FCEV400_N,2045,0.197901822,From MOVES5,2069,ON
T_LDV_LTF_FCEV400_N,2045,0.173955701,From MOVES5,2070,ON
T_LDV_LTF_FCEV400_N,2045,0.15255915,From MOVES5,2071,ON
T_LDV_LTF_FCEV400_N,2045,0.133489256,From MOVES5,2072,ON
T_LDV_LTF_FCEV400_N,2045,0.116803099,From MOVES5,2073,ON
T_LDV_LTF_FCEV400_N,2045,0.101969106,From MOVES5,2074,ON
T_LDV_LTF_FCEV400_N,2045,0.08891706,From MOVES5,2075,ON
T_LDV_LTF_FCEV400_N,2045,0.077446759,From MOVES5,2076,ON
T_LDV_LTF_FCEV400_N,2045,0.067378681,From MOVES5,2077,ON
T_LDV_LTF_FCEV400_N,2045,0.058552073,From MOVES5,2078,ON
T_LDV_LTF_FCEV400_N,2045,0.0508232,From MOVES5,2079,ON
T_LDV_LTF_FCEV400_N,2045,0.044063714,From MOVES5,2080,ON
T_LDV_LTF_FCEV400_N,2045,0.038159177,From MOVES5,2081,ON
T_LDV_LTF_FCEV400_N,2045,0.033007688,From MOVES5,2082,ON
T_LDV_LTF_FCEV400_N,2045,0.028518642,From MOVES5,2083,ON
T_LDV_LTF_FCEV400_N,2045,0.024611588,From MOVES5,2084,ON
T_LDV_LTF_FCEV400_N,2045,0.021215189,From MOVES5,2085,ON
T_LDV_LTF_FCEV400_N,2045,0.018266278,From MOVES5,2086,ON
T_LDV_LTF_FCEV400_N,2045,0,From MOVES5,2087,ON
T_LDV_LTF_FCEV400_N,2050,1,From MOVES5,2050,ON
T_LDV_LTF_FCEV400_N,2050,0.991,From MOVES5,2051,ON
T_LDV_LTF_FCEV400_N,2050,0.982081,From MOVES5,2052,ON
T_LDV_LTF_FCEV400_N,2050,0.973242271,From MOVES5,2053,ON
T_LDV_LTF_FCEV400_N,2050,0.959616879,From MOVES5,2054,ON
T_LDV_LTF_FCEV400_N,2050,0.941384159,From MOVES5,2055,ON
T_LDV_LTF_FCEV400_N,2050,0.918790939,From MOVES5,2056,ON
T_LDV_LTF_FCEV400_N,2050,0.891227211,From MOVES5,2057,ON
T_LDV_LTF_FCEV400_N,2050,0.859143031,From MOVES5,2058,ON
T_LDV_LTF_FCEV400_N,2050,0.823059024,From MOVES5,2059,ON
T_LDV_LTF_FCEV400_N,2050,0.783552191,From MOVES5,2060,ON
T_LDV_LTF_FCEV400_N,2050,0.741240372,From MOVES5,2061,ON
T_LDV_LTF_FCEV400_N,2050,0.69676595,From MOVES5,2062,ON
T_LDV_LTF_FCEV400_N,2050,0.651476163,From MOVES5,2063,ON
T_LDV_LTF_FCEV400_N,2050,0.605221356,From MOVES5,2064,ON
T_LDV_LTF_FCEV400_N,2050,0.552567098,From MOVES5,2065,ON
T_LDV_LTF_FCEV400_N,2050,0.501730925,From MOVES5,2066,ON
T_LDV_LTF_FCEV400_N,2050,0.453063025,From MOVES5,2067,ON
T_LDV_LTF_FCEV400_N,2050,0.406850596,From MOVES5,2068,ON
T_LDV_LTF_FCEV400_N,2050,0.363724433,From MOVES5,2069,ON
T_LDV_LTF_FCEV400_N,2050,0.32407847,From MOVES5,2070,ON
T_LDV_LTF_FCEV400_N,2050,0.287781681,From MOVES5,2071,ON
T_LDV_LTF_FCEV400_N,2050,0.254686788,From MOVES5,2072,ON
T_LDV_LTF_FCEV400_N,2050,0.224888434,From MOVES5,2073,ON
T_LDV_LTF_FCEV400_N,2050,0.197901822,From MOVES5,2074,ON
T_LDV_LTF_FCEV400_N,2050,0.173955701,From MOVES5,2075,ON
T_LDV_LTF_FCEV400_N,2050,0.15255915,From MOVES5,2076,ON
T_LDV_LTF_FCEV400_N,2050,0.133489256,From MOVES5,2077,ON
T_LDV_LTF_FCEV400_N,2050,0.116803099,From MOVES5,2078,ON
T_LDV_LTF_FCEV400_N,2050,0.101969106,From MOVES5,2079,ON
T_LDV_LTF_FCEV400_N,2050,0.08891706,From MOVES5,2080,ON
T_LDV_LTF_FCEV400_N,2050,0.077446759,From MOVES5,2081,ON
T_LDV_LTF_FCEV400_N,2050,0.067378681,From MOVES5,2082,ON
T_LDV_LTF_FCEV400_N,2050,0.058552073,From MOVES5,2083,ON
T_LDV_LTF_FCEV400_N,2050,0.0508232,From MOVES5,2084,ON
T_LDV_LTF_FCEV400_N,2050,0.044063714,From MOVES5,2085,ON
T_LDV_LTF_FCEV400_N,2050,0.038159177,From MOVES5,2086,ON
T_LDV_LTF_FCEV400_N,2050,0.033007688,From MOVES5,2087,ON
T_LDV_LTF_FCEV400_N,2050,0.028518642,From MOVES5,2088,ON
T_LDV_LTF_FCEV400_N,2050,0.024611588,From MOVES5,2089,ON
T_LDV_LTF_FCEV400_N,2050,0.021215189,From MOVES5,2090,ON
T_LDV_LTF_FCEV400_N,2050,0.018266278,From MOVES5,2091,ON
T_LDV_LTF_FCEV400_N,2050,0,From MOVES5,2092,ON
T_LDV_LTF_GSL_EX,2010,1,From MOVES5,2010,ON
T_LDV_LTF_GSL_EX,2010,0.991,From MOVES5,2011,ON
T_LDV_LTF_GSL_EX,2010,0.982081,From MOVES5,2012,ON
T_LDV_LTF_GSL_EX,2010,0.973242271,From MOVES5,2013,ON
T_LDV_LTF_GSL_EX,2010,0.959616879,From MOVES5,2014,ON
T_LDV_LTF_GSL_EX,2010,0.941384159,From MOVES5,2015,ON
T_LDV_LTF_GSL_EX,2010,0.918790939,From MOVES5,2016,ON
T_LDV_LTF_GSL_EX,2010,0.891227211,From MOVES5,2017,ON
T_LDV_LTF_GSL_EX,2010,0.859143031,From MOVES5,2018,ON
T_LDV_LTF_GSL_EX,2010,0.823059024,From MOVES5,2019,ON
T_LDV_LTF_GSL_EX,2010,0.783552191,From MOVES5,2020,ON
T_LDV_LTF_GSL_EX,2010,0.741240372,From MOVES5,2021,ON
T_LDV_LTF_GSL_EX,2010,0.69676595,From MOVES5,2022,ON
T_LDV_LTF_GSL_EX,2010,0.651476163,From MOVES5,2023,ON
T_LDV_LTF_GSL_EX,2010,0.605221356,From MOVES5,2024,ON
T_LDV_LTF_GSL_EX,2010,0.552567098,From MOVES5,2025,ON
T_LDV_LTF_GSL_EX,2010,0.501730925,From MOVES5,2026,ON
T_LDV_LTF_GSL_EX,2010,0.453063025,From MOVES5,2027,ON
T_LDV_LTF_GSL_EX,2010,0.406850596,From MOVES5,2028,ON
T_LDV_LTF_GSL_EX,2010,0.363724433,From MOVES5,2029,ON
T_LDV_LTF_GSL_EX,2010,0.32407847,From MOVES5,2030,ON
T_LDV_LTF_GSL_EX,2010,0.287781681,From MOVES5,2031,ON
T_LDV_LTF_GSL_EX,2010,0.254686788,From MOVES5,2032,ON
T_LDV_LTF_GSL_EX,2010,0.224888434,From MOVES5,2033,ON
T_LDV_LTF_GSL_EX,2010,0.197901822,From MOVES5,2034,ON
T_LDV_LTF_GSL_EX,2010,0.173955701,From MOVES5,2035,ON
T_LDV_LTF_GSL_EX,2010,0.15255915,From MOVES5,2036,ON
T_LDV_LTF_GSL_EX,2010,0.133489256,From MOVES5,2037,ON
T_LDV_LTF_GSL_EX,2010,0.116803099,From MOVES5,2038,ON
T_LDV_LTF_GSL_EX,2010,0.101969106,From MOVES5,2039,ON
T_LDV_LTF_GSL_EX,2010,0.08891706,From MOVES5,2040,ON
T_LDV_LTF_GSL_EX,2010,0.077446759,From MOVES5,2041,ON
T_LDV_LTF_GSL_EX,2010,0.067378681,From MOVES5,2042,ON
T_LDV_LTF_GSL_EX,2010,0.058552073,From MOVES5,2043,ON
T_LDV_LTF_GSL_EX,2010,0.0508232,From MOVES5,2044,ON
T_LDV_LTF_GSL_EX,2010,0.044063714,From MOVES5,2045,ON
T_LDV_LTF_GSL_EX,2010,0.038159177,From MOVES5,2046,ON
T_LDV_LTF_GSL_EX,2010,0.033007688,From MOVES5,2047,ON
T_LDV_LTF_GSL_EX,2010,0.028518642,From MOVES5,2048,ON
T_LDV_LTF_GSL_EX,2010,0.024611588,From MOVES5,2049,ON
T_LDV_LTF_GSL_EX,2010,0.021215189,From MOVES5,2050,ON
T_LDV_LTF_GSL_EX,2010,0.018266278,From MOVES5,2051,ON
T_LDV_LTF_GSL_EX,2010,0,From MOVES5,2052,ON
T_LDV_LTF_GSL_EX,2015,1,From MOVES5,2015,ON
T_LDV_LTF_GSL_EX,2015,0.991,From MOVES5,2016,ON
T_LDV_LTF_GSL_EX,2015,0.982081,From MOVES5,2017,ON
T_LDV_LTF_GSL_EX,2015,0.973242271,From MOVES5,2018,ON
T_LDV_LTF_GSL_EX,2015,0.959616879,From MOVES5,2019,ON
T_LDV_LTF_GSL_EX,2015,0.941384159,From MOVES5,2020,ON
T_LDV_LTF_GSL_EX,2015,0.918790939,From MOVES5,2021,ON
T_LDV_LTF_GSL_EX,2015,0.891227211,From MOVES5,2022,ON
T_LDV_LTF_GSL_EX,2015,0.859143031,From MOVES5,2023,ON
T_LDV_LTF_GSL_EX,2015,0.823059024,From MOVES5,2024,ON
T_LDV_LTF_GSL_EX,2015,0.783552191,From MOVES5,2025,ON
T_LDV_LTF_GSL_EX,2015,0.741240372,From MOVES5,2026,ON
T_LDV_LTF_GSL_EX,2015,0.69676595,From MOVES5,2027,ON
T_LDV_LTF_GSL_EX,2015,0.651476163,From MOVES5,2028,ON
T_LDV_LTF_GSL_EX,2015,0.605221356,From MOVES5,2029,ON
T_LDV_LTF_GSL_EX,2015,0.552567098,From MOVES5,2030,ON
T_LDV_LTF_GSL_EX,2015,0.501730925,From MOVES5,2031,ON
T_LDV_LTF_GSL_EX,2015,0.453063025,From MOVES5,2032,ON
T_LDV_LTF_GSL_EX,2015,0.406850596,From MOVES5,2033,ON
T_LDV_LTF_GSL_EX,2015,0.363724433,From MOVES5,2034,ON
T_LDV_LTF_GSL_EX,2015,0.32407847,From MOVES5,2035,ON
T_LDV_LTF_GSL_EX,2015,0.287781681,From MOVES5,2036,ON
T_LDV_LTF_GSL_EX,2015,0.254686788,From MOVES5,2037,ON
T_LDV_LTF_GSL_EX,2015,0.224888434,From MOVES5,2038,ON
T_LDV_LTF_GSL_EX,2015,0.197901822,From MOVES5,2039,ON
T_LDV_LTF_GSL_EX,2015,0.173955701,From MOVES5,2040,ON
T_LDV_LTF_GSL_EX,2015,0.15255915,From MOVES5,2041,ON
T_LDV_LTF_GSL_EX,2015,0.133489256,From MOVES5,2042,ON
T_LDV_LTF_GSL_EX,2015,0.116803099,From MOVES5,2043,ON
T_LDV_LTF_GSL_EX,2015,0.101969106,From MOVES5,2044,ON
T_LDV_LTF_GSL_EX,2015,0.08891706,From MOVES5,2045,ON
T_LDV_LTF_GSL_EX,2015,0.077446759,From MOVES5,2046,ON
T_LDV_LTF_GSL_EX,2015,0.067378681,From MOVES5,2047,ON
T_LDV_LTF_GSL_EX,2015,0.058552073,From MOVES5,2048,ON
T_LDV_LTF_GSL_EX,2015,0.0508232,From MOVES5,2049,ON
T_LDV_LTF_GSL_EX,2015,0.044063714,From MOVES5,2050,ON
T_LDV_LTF_GSL_EX,2015,0.038159177,From MOVES5,2051,ON
T_LDV_LTF_GSL_EX,2015,0.033007688,From MOVES5,2052,ON
T_LDV_LTF_GSL_EX,2015,0.028518642,From MOVES5,2053,ON
T_LDV_LTF_GSL_EX,2015,0.024611588,From MOVES5,2054,ON
T_LDV_LTF_GSL_EX,2015,0.021215189,From MOVES5,2055,ON
T_LDV_LTF_GSL_EX,2015,0.018266278,From MOVES5,2056,ON
T_LDV_LTF_GSL_EX,2015,0,From MOVES5,2057,ON
T_LDV_LTF_GSL_EX,2020,1,From MOVES5,2020,ON
T_LDV_LTF_GSL_EX,2020,0.991,From MOVES5,2021,ON
T_LDV_LTF_GSL_EX,2020,0.982081,From MOVES5,2022,ON
T_LDV_LTF_GSL_EX,2020,0.973242271,From MOVES5,2023,ON
T_LDV_LTF_GSL_EX,2020,0.959616879,From MOVES5,2024,ON
T_LDV_LTF_GSL_EX,2020,0.941384159,From MOVES5,2025,ON
T_LDV_LTF_GSL_EX,2020,0.918790939,From MOVES5,2026,ON
T_LDV_LTF_GSL_EX,2020,0.891227211,From MOVES5,2027,ON
T_LDV_LTF_GSL_EX,2020,0.859143031,From MOVES5,2028,ON
T_LDV_LTF_GSL_EX,2020,0.823059024,From MOVES5,2029,ON
T_LDV_LTF_GSL_EX,2020,0.783552191,From MOVES5,2030,ON
T_LDV_LTF_GSL_EX,2020,0.741240372,From MOVES5,2031,ON
T_LDV_LTF_GSL_EX,2020,0.69676595,From MOVES5,2032,ON
T_LDV_LTF_GSL_EX,2020,0.651476163,From MOVES5,2033,ON
T_LDV_LTF_GSL_EX,2020,0.605221356,From MOVES5,2034,ON
T_LDV_LTF_GSL_EX,2020,0.552567098,From MOVES5,2035,ON
T_LDV_LTF_GSL_EX,2020,0.501730925,From MOVES5,2036,ON
T_LDV_LTF_GSL_EX,2020,0.453063025,From MOVES5,2037,ON
T_LDV_LTF_GSL_EX,2020,0.406850596,From MOVES5,2038,ON
T_LDV_LTF_GSL_EX,2020,0.363724433,From MOVES5,2039,ON
T_LDV_LTF_GSL_EX,2020,0.32407847,From MOVES5,2040,ON
T_LDV_LTF_GSL_EX,2020,0.287781681,From MOVES5,2041,ON
T_LDV_LTF_GSL_EX,2020,0.254686788,From MOVES5,2042,ON
T_LDV_LTF_GSL_EX,2020,0.224888434,From MOVES5,2043,ON
T_LDV_LTF_GSL_EX,2020,0.197901822,From MOVES5,2044,ON
T_LDV_LTF_GSL_EX,2020,0.173955701,From MOVES5,2045,ON
T_LDV_LTF_GSL_EX,2020,0.15255915,From MOVES5,2046,ON
T_LDV_LTF_GSL_EX,2020,0.133489256,From MOVES5,2047,ON
T_LDV_LTF_GSL_EX,2020,0.116803099,From MOVES5,2048,ON
T_LDV_LTF_GSL_EX,2020,0.101969106,From MOVES5,2049,ON
T_LDV_LTF_GSL_EX,2020,0.08891706,From MOVES5,2050,ON
T_LDV_LTF_GSL_EX,2020,0.077446759,From MOVES5,2051,ON
T_LDV_LTF_GSL_EX,2020,0.067378681,From MOVES5,2052,ON
T_LDV_LTF_GSL_EX,2020,0.058552073,From MOVES5,2053,ON
T_LDV_LTF_GSL_EX,2020,0.0508232,From MOVES5,2054,ON
T_LDV_LTF_GSL_EX,2020,0.044063714,From MOVES5,2055,ON
T_LDV_LTF_GSL_EX,2020,0.038159177,From MOVES5,2056,ON
T_LDV_LTF_GSL_EX,2020,0.033007688,From MOVES5,2057,ON
T_LDV_LTF_GSL_EX,2020,0.028518642,From MOVES5,2058,ON
T_LDV_LTF_GSL_EX,2020,0.024611588,From MOVES5,2059,ON
T_LDV_LTF_GSL_EX,2020,0.021215189,From MOVES5,2060,ON
T_LDV_LTF_GSL_EX,2020,0.018266278,From MOVES5,2061,ON
T_LDV_LTF_GSL_EX,2020,0,From MOVES5,2062,ON
T_LDV_LTF_GSL_HEV_EX,2015,1,From MOVES5,2015,ON
T_LDV_LTF_GSL_HEV_EX,2015,0.991,From MOVES5,2016,ON
T_LDV_LTF_GSL_HEV_EX,2015,0.982081,From MOVES5,2017,ON
T_LDV_LTF_GSL_HEV_EX,2015,0.973242271,From MOVES5,2018,ON
T_LDV_LTF_GSL_HEV_EX,2015,0.959616879,From MOVES5,2019,ON
T_LDV_LTF_GSL_HEV_EX,2015,0.941384159,From MOVES5,2020,ON
T_LDV_LTF_GSL_HEV_EX,2015,0.918790939,From MOVES5,2021,ON
T_LDV_LTF_GSL_HEV_EX,2015,0.891227211,From MOVES5,2022,ON
T_LDV_LTF_GSL_HEV_EX,2015,0.859143031,From MOVES5,2023,ON
T_LDV_LTF_GSL_HEV_EX,2015,0.823059024,From MOVES5,2024,ON
T_LDV_LTF_GSL_HEV_EX,2015,0.783552191,From MOVES5,2025,ON
T_LDV_LTF_GSL_HEV_EX,2015,0.741240372,From MOVES5,2026,ON
T_LDV_LTF_GSL_HEV_EX,2015,0.69676595,From MOVES5,2027,ON
T_LDV_LTF_GSL_HEV_EX,2015,0.651476163,From MOVES5,2028,ON
T_LDV_LTF_GSL_HEV_EX,2015,0.605221356,From MOVES5,2029,ON
T_LDV_LTF_GSL_HEV_EX,2015,0.552567098,From MOVES5,2030,ON
T_LDV_LTF_GSL_HEV_EX,2015,0.501730925,From MOVES5,2031,ON
T_LDV_LTF_GSL_HEV_EX,2015,0.453063025,From MOVES5,2032,ON
T_LDV_LTF_GSL_HEV_EX,2015,0.406850596,From MOVES5,2033,ON
T_LDV_LTF_GSL_HEV_EX,2015,0.363724433,From MOVES5,2034,ON
T_LDV_LTF_GSL_HEV_EX,2015,0.32407847,From MOVES5,2035,ON
T_LDV_LTF_GSL_HEV_EX,2015,0.287781681,From MOVES5,2036,ON
T_LDV_LTF_GSL_HEV_EX,2015,0.254686788,From MOVES5,2037,ON
T_LDV_LTF_GSL_HEV_EX,2015,0.224888434,From MOVES5,2038,ON
T_LDV_LTF_GSL_HEV_EX,2015,0.197901822,From MOVES5,2039,ON
T_LDV_LTF_GSL_HEV_EX,2015,0.173955701,From MOVES5,2040,ON
T_LDV_LTF_GSL_HEV_EX,2015,0.15255915,From MOVES5,2041,ON
T_LDV_LTF_GSL_HEV_EX,2015,0.133489256,From MOVES5,2042,ON
T_LDV_LTF_GSL_HEV_EX,2015,0.116803099,From MOVES5,2043,ON
T_LDV_LTF_GSL_HEV_EX,2015,0.101969106,From MOVES5,2044,ON
T_LDV_LTF_GSL_HEV_EX,2015,0.08891706,From MOVES5,2045,ON
T_LDV_LTF_GSL_HEV_EX,2015,0.077446759,From MOVES5,2046,ON
T_LDV_LTF_GSL_HEV_EX,2015,0.067378681,From MOVES5,2047,ON
T_LDV_LTF_GSL_HEV_EX,2015,0.058552073,From MOVES5,2048,ON
T_LDV_LTF_GSL_HEV_EX,2015,0.0508232,From MOVES5,2049,ON
T_LDV_LTF_GSL_HEV_EX,2015,0.044063714,From MOVES5,2050,ON
T_LDV_LTF_GSL_HEV_EX,2015,0.038159177,From MOVES5,2051,ON
T_LDV_LTF_GSL_HEV_EX,2015,0.033007688,From MOVES5,2052,ON
T_LDV_LTF_GSL_HEV_EX,2015,0.028518642,From MOVES5,2053,ON
T_LDV_LTF_GSL_HEV_EX,2015,0.024611588,From MOVES5,2054,ON
T_LDV_LTF_GSL_HEV_EX,2015,0.021215189,From MOVES5,2055,ON
T_LDV_LTF_GSL_HEV_EX,2015,0.018266278,From MOVES5,2056,ON
T_LDV_LTF_GSL_HEV_EX,2015,0,From MOVES5,2057,ON
T_LDV_LTF_GSL_HEV_EX,2020,1,From MOVES5,2020,ON
T_LDV_LTF_GSL_HEV_EX,2020,0.991,From MOVES5,2021,ON
T_LDV_LTF_GSL_HEV_EX,2020,0.982081,From MOVES5,2022,ON
T_LDV_LTF_GSL_HEV_EX,2020,0.973242271,From MOVES5,2023,ON
T_LDV_LTF_GSL_HEV_EX,2020,0.959616879,From MOVES5,2024,ON
T_LDV_LTF_GSL_HEV_EX,2020,0.941384159,From MOVES5,2025,ON
T_LDV_LTF_GSL_HEV_EX,2020,0.918790939,From MOVES5,2026,ON
T_LDV_LTF_GSL_HEV_EX,2020,0.891227211,From MOVES5,2027,ON
T_LDV_LTF_GSL_HEV_EX,2020,0.859143031,From MOVES5,2028,ON
T_LDV_LTF_GSL_HEV_EX,2020,0.823059024,From MOVES5,2029,ON
T_LDV_LTF_GSL_HEV_EX,2020,0.783552191,From MOVES5,2030,ON
T_LDV_LTF_GSL_HEV_EX,2020,0.741240372,From MOVES5,2031,ON
T_LDV_LTF_GSL_HEV_EX,2020,0.69676595,From MOVES5,2032,ON
T_LDV_LTF_GSL_HEV_EX,2020,0.651476163,From MOVES5,2033,ON
T_LDV_LTF_GSL_HEV_EX,2020,0.605221356,From MOVES5,2034,ON
T_LDV_LTF_GSL_HEV_EX,2020,0.552567098,From MOVES5,2035,ON
T_LDV_LTF_GSL_HEV_EX,2020,0.501730925,From MOVES5,2036,ON
T_LDV_LTF_GSL_HEV_EX,2020,0.453063025,From MOVES5,2037,ON
T_LDV_LTF_GSL_HEV_EX,2020,0.406850596,From MOVES5,2038,ON
T_LDV_LTF_GSL_HEV_EX,2020,0.363724433,From MOVES5,2039,ON
T_LDV_LTF_GSL_HEV_EX,2020,0.32407847,From MOVES5,2040,ON
T_LDV_LTF_GSL_HEV_EX,2020,0.287781681,From MOVES5,2041,ON
T_LDV_LTF_GSL_HEV_EX,2020,0.254686788,From MOVES5,2042,ON
T_LDV_LTF_GSL_HEV_EX,2020,0.224888434,From MOVES5,2043,ON
T_LDV_LTF_GSL_HEV_EX,2020,0.197901822,From MOVES5,2044,ON
T_LDV_LTF_GSL_HEV_EX,2020,0.173955701,From MOVES5,2045,ON
T_LDV_LTF_GSL_HEV_EX,2020,0.15255915,From MOVES5,2046,ON
T_LDV_LTF_GSL_HEV_EX,2020,0.133489256,From MOVES5,2047,ON
T_LDV_LTF_GSL_HEV_EX,2020,0.116803099,From MOVES5,2048,ON
T_LDV_LTF_GSL_HEV_EX,2020,0.101969106,From MOVES5,2049,ON
T_LDV_LTF_GSL_HEV_EX,2020,0.08891706,From MOVES5,2050,ON
T_LDV_LTF_GSL_HEV_EX,2020,0.077446759,From MOVES5,2051,ON
T_LDV_LTF_GSL_HEV_EX,2020,0.067378681,From MOVES5,2052,ON
T_LDV_LTF_GSL_HEV_EX,2020,0.058552073,From MOVES5,2053,ON
T_LDV_LTF_GSL_HEV_EX,2020,0.0508232,From MOVES5,2054,ON
T_LDV_LTF_GSL_HEV_EX,2020,0.044063714,From MOVES5,2055,ON
T_LDV_LTF_GSL_HEV_EX,2020,0.038159177,From MOVES5,2056,ON
T_LDV_LTF_GSL_HEV_EX,2020,0.033007688,From MOVES5,2057,ON
T_LDV_LTF_GSL_HEV_EX,2020,0.028518642,From MOVES5,2058,ON
T_LDV_LTF_GSL_HEV_EX,2020,0.024611588,From MOVES5,2059,ON
T_LDV_LTF_GSL_HEV_EX,2020,0.021215189,From MOVES5,2060,ON
T_LDV_LTF_GSL_HEV_EX,2020,0.018266278,From MOVES5,2061,ON
T_LDV_LTF_GSL_HEV_EX,2020,0,From MOVES5,2062,ON
T_LDV_LTF_GSL_HEV_N,2025,1,From MOVES5,2025,ON
T_LDV_LTF_GSL_HEV_N,2025,0.991,From MOVES5,2026,ON
T_LDV_LTF_GSL_HEV_N,2025,0.982081,From MOVES5,2027,ON
T_LDV_LTF_GSL_HEV_N,2025,0.973242271,From MOVES5,2028,ON
T_LDV_LTF_GSL_HEV_N,2025,0.959616879,From MOVES5,2029,ON
T_LDV_LTF_GSL_HEV_N,2025,0.941384159,From MOVES5,2030,ON
T_LDV_LTF_GSL_HEV_N,2025,0.918790939,From MOVES5,2031,ON
T_LDV_LTF_GSL_HEV_N,2025,0.891227211,From MOVES5,2032,ON
T_LDV_LTF_GSL_HEV_N,2025,0.859143031,From MOVES5,2033,ON
T_LDV_LTF_GSL_HEV_N,2025,0.823059024,From MOVES5,2034,ON
T_LDV_LTF_GSL_HEV_N,2025,0.783552191,From MOVES5,2035,ON
T_LDV_LTF_GSL_HEV_N,2025,0.741240372,From MOVES5,2036,ON
T_LDV_LTF_GSL_HEV_N,2025,0.69676595,From MOVES5,2037,ON
T_LDV_LTF_GSL_HEV_N,2025,0.651476163,From MOVES5,2038,ON
T_LDV_LTF_GSL_HEV_N,2025,0.605221356,From MOVES5,2039,ON
T_LDV_LTF_GSL_HEV_N,2025,0.552567098,From MOVES5,2040,ON
T_LDV_LTF_GSL_HEV_N,2025,0.501730925,From MOVES5,2041,ON
T_LDV_LTF_GSL_HEV_N,2025,0.453063025,From MOVES5,2042,ON
T_LDV_LTF_GSL_HEV_N,2025,0.406850596,From MOVES5,2043,ON
T_LDV_LTF_GSL_HEV_N,2025,0.363724433,From MOVES5,2044,ON
T_LDV_LTF_GSL_HEV_N,2025,0.32407847,From MOVES5,2045,ON
T_LDV_LTF_GSL_HEV_N,2025,0.287781681,From MOVES5,2046,ON
T_LDV_LTF_GSL_HEV_N,2025,0.254686788,From MOVES5,2047,ON
T_LDV_LTF_GSL_HEV_N,2025,0.224888434,From MOVES5,2048,ON
T_LDV_LTF_GSL_HEV_N,2025,0.197901822,From MOVES5,2049,ON
T_LDV_LTF_GSL_HEV_N,2025,0.173955701,From MOVES5,2050,ON
T_LDV_LTF_GSL_HEV_N,2025,0.15255915,From MOVES5,2051,ON
T_LDV_LTF_GSL_HEV_N,2025,0.133489256,From MOVES5,2052,ON
T_LDV_LTF_GSL_HEV_N,2025,0.116803099,From MOVES5,2053,ON
T_LDV_LTF_GSL_HEV_N,2025,0.101969106,From MOVES5,2054,ON
T_LDV_LTF_GSL_HEV_N,2025,0.08891706,From MOVES5,2055,ON
T_LDV_LTF_GSL_HEV_N,2025,0.077446759,From MOVES5,2056,ON
T_LDV_LTF_GSL_HEV_N,2025,0.067378681,From MOVES5,2057,ON
T_LDV_LTF_GSL_HEV_N,2025,0.058552073,From MOVES5,2058,ON
T_LDV_LTF_GSL_HEV_N,2025,0.0508232,From MOVES5,2059,ON
T_LDV_LTF_GSL_HEV_N,2025,0.044063714,From MOVES5,2060,ON
T_LDV_LTF_GSL_HEV_N,2025,0.038159177,From MOVES5,2061,ON
T_LDV_LTF_GSL_HEV_N,2025,0.033007688,From MOVES5,2062,ON
T_LDV_LTF_GSL_HEV_N,2025,0.028518642,From MOVES5,2063,ON
T_LDV_LTF_GSL_HEV_N,2025,0.024611588,From MOVES5,2064,ON
T_LDV_LTF_GSL_HEV_N,2025,0.021215189,From MOVES5,2065,ON
T_LDV_LTF_GSL_HEV_N,2025,0.018266278,From MOVES5,2066,ON
T_LDV_LTF_GSL_HEV_N,2025,0,From MOVES5,2067,ON
T_LDV_LTF_GSL_HEV_N,2030,1,From MOVES5,2030,ON
T_LDV_LTF_GSL_HEV_N,2030,0.991,From MOVES5,2031,ON
T_LDV_LTF_GSL_HEV_N,2030,0.982081,From MOVES5,2032,ON
T_LDV_LTF_GSL_HEV_N,2030,0.973242271,From MOVES5,2033,ON
T_LDV_LTF_GSL_HEV_N,2030,0.959616879,From MOVES5,2034,ON
T_LDV_LTF_GSL_HEV_N,2030,0.941384159,From MOVES5,2035,ON
T_LDV_LTF_GSL_HEV_N,2030,0.918790939,From MOVES5,2036,ON
T_LDV_LTF_GSL_HEV_N,2030,0.891227211,From MOVES5,2037,ON
T_LDV_LTF_GSL_HEV_N,2030,0.859143031,From MOVES5,2038,ON
T_LDV_LTF_GSL_HEV_N,2030,0.823059024,From MOVES5,2039,ON
T_LDV_LTF_GSL_HEV_N,2030,0.783552191,From MOVES5,2040,ON
T_LDV_LTF_GSL_HEV_N,2030,0.741240372,From MOVES5,2041,ON
T_LDV_LTF_GSL_HEV_N,2030,0.69676595,From MOVES5,2042,ON
T_LDV_LTF_GSL_HEV_N,2030,0.651476163,From MOVES5,2043,ON
T_LDV_LTF_GSL_HEV_N,2030,0.605221356,From MOVES5,2044,ON
T_LDV_LTF_GSL_HEV_N,2030,0.552567098,From MOVES5,2045,ON
T_LDV_LTF_GSL_HEV_N,2030,0.501730925,From MOVES5,2046,ON
T_LDV_LTF_GSL_HEV_N,2030,0.453063025,From MOVES5,2047,ON
T_LDV_LTF_GSL_HEV_N,2030,0.406850596,From MOVES5,2048,ON
T_LDV_LTF_GSL_HEV_N,2030,0.363724433,From MOVES5,2049,ON
T_LDV_LTF_GSL_HEV_N,2030,0.32407847,From MOVES5,2050,ON
T_LDV_LTF_GSL_HEV_N,2030,0.287781681,From MOVES5,2051,ON
T_LDV_LTF_GSL_HEV_N,2030,0.254686788,From MOVES5,2052,ON
T_LDV_LTF_GSL_HEV_N,2030,0.224888434,From MOVES5,2053,ON
T_LDV_LTF_GSL_HEV_N,2030,0.197901822,From MOVES5,2054,ON
T_LDV_LTF_GSL_HEV_N,2030,0.173955701,From MOVES5,2055,ON
T_LDV_LTF_GSL_HEV_N,2030,0.15255915,From MOVES5,2056,ON
T_LDV_LTF_GSL_HEV_N,2030,0.133489256,From MOVES5,2057,ON
T_LDV_LTF_GSL_HEV_N,2030,0.116803099,From MOVES5,2058,ON
T_LDV_LTF_GSL_HEV_N,2030,0.101969106,From MOVES5,2059,ON
T_LDV_LTF_GSL_HEV_N,2030,0.08891706,From MOVES5,2060,ON
T_LDV_LTF_GSL_HEV_N,2030,0.077446759,From MOVES5,2061,ON
T_LDV_LTF_GSL_HEV_N,2030,0.067378681,From MOVES5,2062,ON
T_LDV_LTF_GSL_HEV_N,2030,0.058552073,From MOVES5,2063,ON
T_LDV_LTF_GSL_HEV_N,2030,0.0508232,From MOVES5,2064,ON
T_LDV_LTF_GSL_HEV_N,2030,0.044063714,From MOVES5,2065,ON
T_LDV_LTF_GSL_HEV_N,2030,0.038159177,From MOVES5,2066,ON
T_LDV_LTF_GSL_HEV_N,2030,0.033007688,From MOVES5,2067,ON
T_LDV_LTF_GSL_HEV_N,2030,0.028518642,From MOVES5,2068,ON
T_LDV_LTF_GSL_HEV_N,2030,0.024611588,From MOVES5,2069,ON
T_LDV_LTF_GSL_HEV_N,2030,0.021215189,From MOVES5,2070,ON
T_LDV_LTF_GSL_HEV_N,2030,0.018266278,From MOVES5,2071,ON
T_LDV_LTF_GSL_HEV_N,2030,0,From MOVES5,2072,ON
T_LDV_LTF_GSL_HEV_N,2035,1,From MOVES5,2035,ON
T_LDV_LTF_GSL_HEV_N,2035,0.991,From MOVES5,2036,ON
T_LDV_LTF_GSL_HEV_N,2035,0.982081,From MOVES5,2037,ON
T_LDV_LTF_GSL_HEV_N,2035,0.973242271,From MOVES5,2038,ON
T_LDV_LTF_GSL_HEV_N,2035,0.959616879,From MOVES5,2039,ON
T_LDV_LTF_GSL_HEV_N,2035,0.941384159,From MOVES5,2040,ON
T_LDV_LTF_GSL_HEV_N,2035,0.918790939,From MOVES5,2041,ON
T_LDV_LTF_GSL_HEV_N,2035,0.891227211,From MOVES5,2042,ON
T_LDV_LTF_GSL_HEV_N,2035,0.859143031,From MOVES5,2043,ON
T_LDV_LTF_GSL_HEV_N,2035,0.823059024,From MOVES5,2044,ON
T_LDV_LTF_GSL_HEV_N,2035,0.783552191,From MOVES5,2045,ON
T_LDV_LTF_GSL_HEV_N,2035,0.741240372,From MOVES5,2046,ON
T_LDV_LTF_GSL_HEV_N,2035,0.69676595,From MOVES5,2047,ON
T_LDV_LTF_GSL_HEV_N,2035,0.651476163,From MOVES5,2048,ON
T_LDV_LTF_GSL_HEV_N,2035,0.605221356,From MOVES5,2049,ON
T_LDV_LTF_GSL_HEV_N,2035,0.552567098,From MOVES5,2050,ON
T_LDV_LTF_GSL_HEV_N,2035,0.501730925,From MOVES5,2051,ON
T_LDV_LTF_GSL_HEV_N,2035,0.453063025,From MOVES5,2052,ON
T_LDV_LTF_GSL_HEV_N,2035,0.406850596,From MOVES5,2053,ON
T_LDV_LTF_GSL_HEV_N,2035,0.363724433,From MOVES5,2054,ON
T_LDV_LTF_GSL_HEV_N,2035,0.32407847,From MOVES5,2055,ON
T_LDV_LTF_GSL_HEV_N,2035,0.287781681,From MOVES5,2056,ON
T_LDV_LTF_GSL_HEV_N,2035,0.254686788,From MOVES5,2057,ON
T_LDV_LTF_GSL_HEV_N,2035,0.224888434,From MOVES5,2058,ON
T_LDV_LTF_GSL_HEV_N,2035,0.197901822,From MOVES5,2059,ON
T_LDV_LTF_GSL_HEV_N,2035,0.173955701,From MOVES5,2060,ON
T_LDV_LTF_GSL_HEV_N,2035,0.15255915,From MOVES5,2061,ON
T_LDV_LTF_GSL_HEV_N,2035,0.133489256,From MOVES5,2062,ON
T_LDV_LTF_GSL_HEV_N,2035,0.116803099,From MOVES5,2063,ON
T_LDV_LTF_GSL_HEV_N,2035,0.101969106,From MOVES5,2064,ON
T_LDV_LTF_GSL_HEV_N,2035,0.08891706,From MOVES5,2065,ON
T_LDV_LTF_GSL_HEV_N,2035,0.077446759,From MOVES5,2066,ON
T_LDV_LTF_GSL_HEV_N,2035,0.067378681,From MOVES5,2067,ON
T_LDV_LTF_GSL_HEV_N,2035,0.058552073,From MOVES5,2068,ON
T_LDV_LTF_GSL_HEV_N,2035,0.0508232,From MOVES5,2069,ON
T_LDV_LTF_GSL_HEV_N,2035,0.044063714,From MOVES5,2070,ON
T_LDV_LTF_GSL_HEV_N,2035,0.038159177,From MOVES5,2071,ON
T_LDV_LTF_GSL_HEV_N,2035,0.033007688,From MOVES5,2072,ON
T_LDV_LTF_GSL_HEV_N,2035,0.028518642,From MOVES5,2073,ON
T_LDV_LTF_GSL_HEV_N,2035,0.024611588,From MOVES5,2074,ON
T_LDV_LTF_GSL_HEV_N,2035,0.021215189,From MOVES5,2075,ON
T_LDV_LTF_GSL_HEV_N,2035,0.018266278,From MOVES5,2076,ON
T_LDV_LTF_GSL_HEV_N,2035,0,From MOVES5,2077,ON
T_LDV_LTF_GSL_HEV_N,2040,1,From MOVES5,2040,ON
T_LDV_LTF_GSL_HEV_N,2040,0.991,From MOVES5,2041,ON
T_LDV_LTF_GSL_HEV_N,2040,0.982081,From MOVES5,2042,ON
T_LDV_LTF_GSL_HEV_N,2040,0.973242271,From MOVES5,2043,ON
T_LDV_LTF_GSL_HEV_N,2040,0.959616879,From MOVES5,2044,ON
T_LDV_LTF_GSL_HEV_N,2040,0.941384159,From MOVES5,2045,ON
T_LDV_LTF_GSL_HEV_N,2040,0.918790939,From MOVES5,2046,ON
T_LDV_LTF_GSL_HEV_N,2040,0.891227211,From MOVES5,2047,ON
T_LDV_LTF_GSL_HEV_N,2040,0.859143031,From MOVES5,2048,ON
T_LDV_LTF_GSL_HEV_N,2040,0.823059024,From MOVES5,2049,ON
T_LDV_LTF_GSL_HEV_N,2040,0.783552191,From MOVES5,2050,ON
T_LDV_LTF_GSL_HEV_N,2040,0.741240372,From MOVES5,2051,ON
T_LDV_LTF_GSL_HEV_N,2040,0.69676595,From MOVES5,2052,ON
T_LDV_LTF_GSL_HEV_N,2040,0.651476163,From MOVES5,2053,ON
T_LDV_LTF_GSL_HEV_N,2040,0.605221356,From MOVES5,2054,ON
T_LDV_LTF_GSL_HEV_N,2040,0.552567098,From MOVES5,2055,ON
T_LDV_LTF_GSL_HEV_N,2040,0.501730925,From MOVES5,2056,ON
T_LDV_LTF_GSL_HEV_N,2040,0.453063025,From MOVES5,2057,ON
T_LDV_LTF_GSL_HEV_N,2040,0.406850596,From MOVES5,2058,ON
T_LDV_LTF_GSL_HEV_N,2040,0.363724433,From MOVES5,2059,ON
T_LDV_LTF_GSL_HEV_N,2040,0.32407847,From MOVES5,2060,ON
T_LDV_LTF_GSL_HEV_N,2040,0.287781681,From MOVES5,2061,ON
T_LDV_LTF_GSL_HEV_N,2040,0.254686788,From MOVES5,2062,ON
T_LDV_LTF_GSL_HEV_N,2040,0.224888434,From MOVES5,2063,ON
T_LDV_LTF_GSL_HEV_N,2040,0.197901822,From MOVES5,2064,ON
T_LDV_LTF_GSL_HEV_N,2040,0.173955701,From MOVES5,2065,ON
T_LDV_LTF_GSL_HEV_N,2040,0.15255915,From MOVES5,2066,ON
T_LDV_LTF_GSL_HEV_N,2040,0.133489256,From MOVES5,2067,ON
T_LDV_LTF_GSL_HEV_N,2040,0.116803099,From MOVES5,2068,ON
T_LDV_LTF_GSL_HEV_N,2040,0.101969106,From MOVES5,2069,ON
T_LDV_LTF_GSL_HEV_N,2040,0.08891706,From MOVES5,2070,ON
T_LDV_LTF_GSL_HEV_N,2040,0.077446759,From MOVES5,2071,ON
T_LDV_LTF_GSL_HEV_N,2040,0.067378681,From MOVES5,2072,ON
T_LDV_LTF_GSL_HEV_N,2040,0.058552073,From MOVES5,2073,ON
T_LDV_LTF_GSL_HEV_N,2040,0.0508232,From MOVES5,2074,ON
T_LDV_LTF_GSL_HEV_N,2040,0.044063714,From MOVES5,2075,ON
T_LDV_LTF_GSL_HEV_N,2040,0.038159177,From MOVES5,2076,ON
T_LDV_LTF_GSL_HEV_N,2040,0.033007688,From MOVES5,2077,ON
T_LDV_LTF_GSL_HEV_N,2040,0.028518642,From MOVES5,2078,ON
T_LDV_LTF_GSL_HEV_N,2040,0.024611588,From MOVES5,2079,ON
T_LDV_LTF_GSL_HEV_N,2040,0.021215189,From MOVES5,2080,ON
T_LDV_LTF_GSL_HEV_N,2040,0.018266278,From MOVES5,2081,ON
T_LDV_LTF_GSL_HEV_N,2040,0,From MOVES5,2082,ON
T_LDV_LTF_GSL_HEV_N,2045,1,From MOVES5,2045,ON
T_LDV_LTF_GSL_HEV_N,2045,0.991,From MOVES5,2046,ON
T_LDV_LTF_GSL_HEV_N,2045,0.982081,From MOVES5,2047,ON
T_LDV_LTF_GSL_HEV_N,2045,0.973242271,From MOVES5,2048,ON
T_LDV_LTF_GSL_HEV_N,2045,0.959616879,From MOVES5,2049,ON
T_LDV_LTF_GSL_HEV_N,2045,0.941384159,From MOVES5,2050,ON
T_LDV_LTF_GSL_HEV_N,2045,0.918790939,From MOVES5,2051,ON
T_LDV_LTF_GSL_HEV_N,2045,0.891227211,From MOVES5,2052,ON
T_LDV_LTF_GSL_HEV_N,2045,0.859143031,From MOVES5,2053,ON
T_LDV_LTF_GSL_HEV_N,2045,0.823059024,From MOVES5,2054,ON
T_LDV_LTF_GSL_HEV_N,2045,0.783552191,From MOVES5,2055,ON
T_LDV_LTF_GSL_HEV_N,2045,0.741240372,From MOVES5,2056,ON
T_LDV_LTF_GSL_HEV_N,2045,0.69676595,From MOVES5,2057,ON
T_LDV_LTF_GSL_HEV_N,2045,0.651476163,From MOVES5,2058,ON
T_LDV_LTF_GSL_HEV_N,2045,0.605221356,From MOVES5,2059,ON
T_LDV_LTF_GSL_HEV_N,2045,0.552567098,From MOVES5,2060,ON
T_LDV_LTF_GSL_HEV_N,2045,0.501730925,From MOVES5,2061,ON
T_LDV_LTF_GSL_HEV_N,2045,0.453063025,From MOVES5,2062,ON
T_LDV_LTF_GSL_HEV_N,2045,0.406850596,From MOVES5,2063,ON
T_LDV_LTF_GSL_HEV_N,2045,0.363724433,From MOVES5,2064,ON
T_LDV_LTF_GSL_HEV_N,2045,0.32407847,From MOVES5,2065,ON
T_LDV_LTF_GSL_HEV_N,2045,0.287781681,From MOVES5,2066,ON
T_LDV_LTF_GSL_HEV_N,2045,0.254686788,From MOVES5,2067,ON
T_LDV_LTF_GSL_HEV_N,2045,0.224888434,From MOVES5,2068,ON
T_LDV_LTF_GSL_HEV_N,2045,0.197901822,From MOVES5,2069,ON
T_LDV_LTF_GSL_HEV_N,2045,0.173955701,From MOVES5,2070,ON
T_LDV_LTF_GSL_HEV_N,2045,0.15255915,From MOVES5,2071,ON
T_LDV_LTF_GSL_HEV_N,2045,0.133489256,From MOVES5,2072,ON
T_LDV_LTF_GSL_HEV_N,2045,0.116803099,From MOVES5,2073,ON
T_LDV_LTF_GSL_HEV_N,2045,0.101969106,From MOVES5,2074,ON
T_LDV_LTF_GSL_HEV_N,2045,0.08891706,From MOVES5,2075,ON
T_LDV_LTF_GSL_HEV_N,2045,0.077446759,From MOVES5,2076,ON
T_LDV_LTF_GSL_HEV_N,2045,0.067378681,From MOVES5,2077,ON
T_LDV_LTF_GSL_HEV_N,2045,0.058552073,From MOVES5,2078,ON
T_LDV_LTF_GSL_HEV_N,2045,0.0508232,From MOVES5,2079,ON
T_LDV_LTF_GSL_HEV_N,2045,0.044063714,From MOVES5,2080,ON
T_LDV_LTF_GSL_HEV_N,2045,0.038159177,From MOVES5,2081,ON
T_LDV_LTF_GSL_HEV_N,2045,0.033007688,From MOVES5,2082,ON
T_LDV_LTF_GSL_HEV_N,2045,0.028518642,From MOVES5,2083,ON
T_LDV_LTF_GSL_HEV_N,2045,0.024611588,From MOVES5,2084,ON
T_LDV_LTF_GSL_HEV_N,2045,0.021215189,From MOVES5,2085,ON
T_LDV_LTF_GSL_HEV_N,2045,0.018266278,From MOVES5,2086,ON
T_LDV_LTF_GSL_HEV_N,2045,0,From MOVES5,2087,ON
T_LDV_LTF_GSL_HEV_N,2050,1,From MOVES5,2050,ON
T_LDV_LTF_GSL_HEV_N,2050,0.991,From MOVES5,2051,ON
T_LDV_LTF_GSL_HEV_N,2050,0.982081,From MOVES5,2052,ON
T_LDV_LTF_GSL_HEV_N,2050,0.973242271,From MOVES5,2053,ON
T_LDV_LTF_GSL_HEV_N,2050,0.959616879,From MOVES5,2054,ON
T_LDV_LTF_GSL_HEV_N,2050,0.941384159,From MOVES5,2055,ON
T_LDV_LTF_GSL_HEV_N,2050,0.918790939,From MOVES5,2056,ON
T_LDV_LTF_GSL_HEV_N,2050,0.891227211,From MOVES5,2057,ON
T_LDV_LTF_GSL_HEV_N,2050,0.859143031,From MOVES5,2058,ON
T_LDV_LTF_GSL_HEV_N,2050,0.823059024,From MOVES5,2059,ON
T_LDV_LTF_GSL_HEV_N,2050,0.783552191,From MOVES5,2060,ON
T_LDV_LTF_GSL_HEV_N,2050,0.741240372,From MOVES5,2061,ON
T_LDV_LTF_GSL_HEV_N,2050,0.69676595,From MOVES5,2062,ON
T_LDV_LTF_GSL_HEV_N,2050,0.651476163,From MOVES5,2063,ON
T_LDV_LTF_GSL_HEV_N,2050,0.605221356,From MOVES5,2064,ON
T_LDV_LTF_GSL_HEV_N,2050,0.552567098,From MOVES5,2065,ON
T_LDV_LTF_GSL_HEV_N,2050,0.501730925,From MOVES5,2066,ON
T_LDV_LTF_GSL_HEV_N,2050,0.453063025,From MOVES5,2067,ON
T_LDV_LTF_GSL_HEV_N,2050,0.406850596,From MOVES5,2068,ON
T_LDV_LTF_GSL_HEV_N,2050,0.363724433,From MOVES5,2069,ON
T_LDV_LTF_GSL_HEV_N,2050,0.32407847,From MOVES5,2070,ON
T_LDV_LTF_GSL_HEV_N,2050,0.287781681,From MOVES5,2071,ON
T_LDV_LTF_GSL_HEV_N,2050,0.254686788,From MOVES5,2072,ON
T_LDV_LTF_GSL_HEV_N,2050,0.224888434,From MOVES5,2073,ON
T_LDV_LTF_GSL_HEV_N,2050,0.197901822,From MOVES5,2074,ON
T_LDV_LTF_GSL_HEV_N,2050,0.173955701,From MOVES5,2075,ON
T_LDV_LTF_GSL_HEV_N,2050,0.15255915,From MOVES5,2076,ON
T_LDV_LTF_GSL_HEV_N,2050,0.133489256,From MOVES5,2077,ON
T_LDV_LTF_GSL_HEV_N,2050,0.116803099,From MOVES5,2078,ON
T_LDV_LTF_GSL_HEV_N,2050,0.101969106,From MOVES5,2079,ON
T_LDV_LTF_GSL_HEV_N,2050,0.08891706,From MOVES5,2080,ON
T_LDV_LTF_GSL_HEV_N,2050,0.077446759,From MOVES5,2081,ON
T_LDV_LTF_GSL_HEV_N,2050,0.067378681,From MOVES5,2082,ON
T_LDV_LTF_GSL_HEV_N,2050,0.058552073,From MOVES5,2083,ON
T_LDV_LTF_GSL_HEV_N,2050,0.0508232,From MOVES5,2084,ON
T_LDV_LTF_GSL_HEV_N,2050,0.044063714,From MOVES5,2085,ON
T_LDV_LTF_GSL_HEV_N,2050,0.038159177,From MOVES5,2086,ON
T_LDV_LTF_GSL_HEV_N,2050,0.033007688,From MOVES5,2087,ON
T_LDV_LTF_GSL_HEV_N,2050,0.028518642,From MOVES5,2088,ON
T_LDV_LTF_GSL_HEV_N,2050,0.024611588,From MOVES5,2089,ON
T_LDV_LTF_GSL_HEV_N,2050,0.021215189,From MOVES5,2090,ON
T_LDV_LTF_GSL_HEV_N,2050,0.018266278,From MOVES5,2091,ON
T_LDV_LTF_GSL_HEV_N,2050,0,From MOVES5,2092,ON
T_LDV_LTF_GSL_N,2025,1,From MOVES5,2025,ON
T_LDV_LTF_GSL_N,2025,0.991,From MOVES5,2026,ON
T_LDV_LTF_GSL_N,2025,0.982081,From MOVES5,2027,ON
T_LDV_LTF_GSL_N,2025,0.973242271,From MOVES5,2028,ON
T_LDV_LTF_GSL_N,2025,0.959616879,From MOVES5,2029,ON
T_LDV_LTF_GSL_N,2025,0.941384159,From MOVES5,2030,ON
T_LDV_LTF_GSL_N,2025,0.918790939,From MOVES5,2031,ON
T_LDV_LTF_GSL_N,2025,0.891227211,From MOVES5,2032,ON
T_LDV_LTF_GSL_N,2025,0.859143031,From MOVES5,2033,ON
T_LDV_LTF_GSL_N,2025,0.823059024,From MOVES5,2034,ON
T_LDV_LTF_GSL_N,2025,0.783552191,From MOVES5,2035,ON
T_LDV_LTF_GSL_N,2025,0.741240372,From MOVES5,2036,ON
T_LDV_LTF_GSL_N,2025,0.69676595,From MOVES5,2037,ON
T_LDV_LTF_GSL_N,2025,0.651476163,From MOVES5,2038,ON
T_LDV_LTF_GSL_N,2025,0.605221356,From MOVES5,2039,ON
T_LDV_LTF_GSL_N,2025,0.552567098,From MOVES5,2040,ON
T_LDV_LTF_GSL_N,2025,0.501730925,From MOVES5,2041,ON
T_LDV_LTF_GSL_N,2025,0.453063025,From MOVES5,2042,ON
T_LDV_LTF_GSL_N,2025,0.406850596,From MOVES5,2043,ON
T_LDV_LTF_GSL_N,2025,0.363724433,From MOVES5,2044,ON
T_LDV_LTF_GSL_N,2025,0.32407847,From MOVES5,2045,ON
T_LDV_LTF_GSL_N,2025,0.287781681,From MOVES5,2046,ON
T_LDV_LTF_GSL_N,2025,0.254686788,From MOVES5,2047,ON
T_LDV_LTF_GSL_N,2025,0.224888434,From MOVES5,2048,ON
T_LDV_LTF_GSL_N,2025,0.197901822,From MOVES5,2049,ON
T_LDV_LTF_GSL_N,2025,0.173955701,From MOVES5,2050,ON
T_LDV_LTF_GSL_N,2025,0.15255915,From MOVES5,2051,ON
T_LDV_LTF_GSL_N,2025,0.133489256,From MOVES5,2052,ON
T_LDV_LTF_GSL_N,2025,0.116803099,From MOVES5,2053,ON
T_LDV_LTF_GSL_N,2025,0.101969106,From MOVES5,2054,ON
T_LDV_LTF_GSL_N,2025,0.08891706,From MOVES5,2055,ON
T_LDV_LTF_GSL_N,2025,0.077446759,From MOVES5,2056,ON
T_LDV_LTF_GSL_N,2025,0.067378681,From MOVES5,2057,ON
T_LDV_LTF_GSL_N,2025,0.058552073,From MOVES5,2058,ON
T_LDV_LTF_GSL_N,2025,0.0508232,From MOVES5,2059,ON
T_LDV_LTF_GSL_N,2025,0.044063714,From MOVES5,2060,ON
T_LDV_LTF_GSL_N,2025,0.038159177,From MOVES5,2061,ON
T_LDV_LTF_GSL_N,2025,0.033007688,From MOVES5,2062,ON
T_LDV_LTF_GSL_N,2025,0.028518642,From MOVES5,2063,ON
T_LDV_LTF_GSL_N,2025,0.024611588,From MOVES5,2064,ON
T_LDV_LTF_GSL_N,2025,0.021215189,From MOVES5,2065,ON
T_LDV_LTF_GSL_N,2025,0.018266278,From MOVES5,2066,ON
T_LDV_LTF_GSL_N,2025,0,From MOVES5,2067,ON
T_LDV_LTF_GSL_N,2030,1,From MOVES5,2030,ON
T_LDV_LTF_GSL_N,2030,0.991,From MOVES5,2031,ON
T_LDV_LTF_GSL_N,2030,0.982081,From MOVES5,2032,ON
T_LDV_LTF_GSL_N,2030,0.973242271,From MOVES5,2033,ON
T_LDV_LTF_GSL_N,2030,0.959616879,From MOVES5,2034,ON
T_LDV_LTF_GSL_N,2030,0.941384159,From MOVES5,2035,ON
T_LDV_LTF_GSL_N,2030,0.918790939,From MOVES5,2036,ON
T_LDV_LTF_GSL_N,2030,0.891227211,From MOVES5,2037,ON
T_LDV_LTF_GSL_N,2030,0.859143031,From MOVES5,2038,ON
T_LDV_LTF_GSL_N,2030,0.823059024,From MOVES5,2039,ON
T_LDV_LTF_GSL_N,2030,0.783552191,From MOVES5,2040,ON
T_LDV_LTF_GSL_N,2030,0.741240372,From MOVES5,2041,ON
T_LDV_LTF_GSL_N,2030,0.69676595,From MOVES5,2042,ON
T_LDV_LTF_GSL_N,2030,0.651476163,From MOVES5,2043,ON
T_LDV_LTF_GSL_N,2030,0.605221356,From MOVES5,2044,ON
T_LDV_LTF_GSL_N,2030,0.552567098,From MOVES5,2045,ON
T_LDV_LTF_GSL_N,2030,0.501730925,From MOVES5,2046,ON
T_LDV_LTF_GSL_N,2030,0.453063025,From MOVES5,2047,ON
T_LDV_LTF_GSL_N,2030,0.406850596,From MOVES5,2048,ON
T_LDV_LTF_GSL_N,2030,0.363724433,From MOVES5,2049,ON
T_LDV_LTF_GSL_N,2030,0.32407847,From MOVES5,2050,ON
T_LDV_LTF_GSL_N,2030,0.287781681,From MOVES5,2051,ON
T_LDV_LTF_GSL_N,2030,0.254686788,From MOVES5,2052,ON
T_LDV_LTF_GSL_N,2030,0.224888434,From MOVES5,2053,ON
T_LDV_LTF_GSL_N,2030,0.197901822,From MOVES5,2054,ON
T_LDV_LTF_GSL_N,2030,0.173955701,From MOVES5,2055,ON
T_LDV_LTF_GSL_N,2030,0.15255915,From MOVES5,2056,ON
T_LDV_LTF_GSL_N,2030,0.133489256,From MOVES5,2057,ON
T_LDV_LTF_GSL_N,2030,0.116803099,From MOVES5,2058,ON
T_LDV_LTF_GSL_N,2030,0.101969106,From MOVES5,2059,ON
T_LDV_LTF_GSL_N,2030,0.08891706,From MOVES5,2060,ON
T_LDV_LTF_GSL_N,2030,0.077446759,From MOVES5,2061,ON
T_LDV_LTF_GSL_N,2030,0.067378681,From MOVES5,2062,ON
T_LDV_LTF_GSL_N,2030,0.058552073,From MOVES5,2063,ON
T_LDV_LTF_GSL_N,2030,0.0508232,From MOVES5,2064,ON
T_LDV_LTF_GSL_N,2030,0.044063714,From MOVES5,2065,ON
T_LDV_LTF_GSL_N,2030,0.038159177,From MOVES5,2066,ON
T_LDV_LTF_GSL_N,2030,0.033007688,From MOVES5,2067,ON
T_LDV_LTF_GSL_N,2030,0.028518642,From MOVES5,2068,ON
T_LDV_LTF_GSL_N,2030,0.024611588,From MOVES5,2069,ON
T_LDV_LTF_GSL_N,2030,0.021215189,From MOVES5,2070,ON
T_LDV_LTF_GSL_N,2030,0.018266278,From MOVES5,2071,ON
T_LDV_LTF_GSL_N,2030,0,From MOVES5,2072,ON
T_LDV_LTF_GSL_N,2035,1,From MOVES5,2035,ON
T_LDV_LTF_GSL_N,2035,0.991,From MOVES5,2036,ON
T_LDV_LTF_GSL_N,2035,0.982081,From MOVES5,2037,ON
T_LDV_LTF_GSL_N,2035,0.973242271,From MOVES5,2038,ON
T_LDV_LTF_GSL_N,2035,0.959616879,From MOVES5,2039,ON
T_LDV_LTF_GSL_N,2035,0.941384159,From MOVES5,2040,ON
T_LDV_LTF_GSL_N,2035,0.918790939,From MOVES5,2041,ON
T_LDV_LTF_GSL_N,2035,0.891227211,From MOVES5,2042,ON
T_LDV_LTF_GSL_N,2035,0.859143031,From MOVES5,2043,ON
T_LDV_LTF_GSL_N,2035,0.823059024,From MOVES5,2044,ON
T_LDV_LTF_GSL_N,2035,0.783552191,From MOVES5,2045,ON
T_LDV_LTF_GSL_N,2035,0.741240372,From MOVES5,2046,ON
T_LDV_LTF_GSL_N,2035,0.69676595,From MOVES5,2047,ON
T_LDV_LTF_GSL_N,2035,0.651476163,From MOVES5,2048,ON
T_LDV_LTF_GSL_N,2035,0.605221356,From MOVES5,2049,ON
T_LDV_LTF_GSL_N,2035,0.552567098,From MOVES5,2050,ON
T_LDV_LTF_GSL_N,2035,0.501730925,From MOVES5,2051,ON
T_LDV_LTF_GSL_N,2035,0.453063025,From MOVES5,2052,ON
T_LDV_LTF_GSL_N,2035,0.406850596,From MOVES5,2053,ON
T_LDV_LTF_GSL_N,2035,0.363724433,From MOVES5,2054,ON
T_LDV_LTF_GSL_N,2035,0.32407847,From MOVES5,2055,ON
T_LDV_LTF_GSL_N,2035,0.287781681,From MOVES5,2056,ON
T_LDV_LTF_GSL_N,2035,0.254686788,From MOVES5,2057,ON
T_LDV_LTF_GSL_N,2035,0.224888434,From MOVES5,2058,ON
T_LDV_LTF_GSL_N,2035,0.197901822,From MOVES5,2059,ON
T_LDV_LTF_GSL_N,2035,0.173955701,From MOVES5,2060,ON
T_LDV_LTF_GSL_N,2035,0.15255915,From MOVES5,2061,ON
T_LDV_LTF_GSL_N,2035,0.133489256,From MOVES5,2062,ON
T_LDV_LTF_GSL_N,2035,0.116803099,From MOVES5,2063,ON
T_LDV_LTF_GSL_N,2035,0.101969106,From MOVES5,2064,ON
T_LDV_LTF_GSL_N,2035,0.08891706,From MOVES5,2065,ON
T_LDV_LTF_GSL_N,2035,0.077446759,From MOVES5,2066,ON
T_LDV_LTF_GSL_N,2035,0.067378681,From MOVES5,2067,ON
T_LDV_LTF_GSL_N,2035,0.058552073,From MOVES5,2068,ON
T_LDV_LTF_GSL_N,2035,0.0508232,From MOVES5,2069,ON
T_LDV_LTF_GSL_N,2035,0.044063714,From MOVES5,2070,ON
T_LDV_LTF_GSL_N,2035,0.038159177,From MOVES5,2071,ON
T_LDV_LTF_GSL_N,2035,0.033007688,From MOVES5,2072,ON
T_LDV_LTF_GSL_N,2035,0.028518642,From MOVES5,2073,ON
T_LDV_LTF_GSL_N,2035,0.024611588,From MOVES5,2074,ON
T_LDV_LTF_GSL_N,2035,0.021215189,From MOVES5,2075,ON
T_LDV_LTF_GSL_N,2035,0.018266278,From MOVES5,2076,ON
T_LDV_LTF_GSL_N,2035,0,From MOVES5,2077,ON
T_LDV_LTF_GSL_N,2040,1,From MOVES5,2040,ON
T_LDV_LTF_GSL_N,2040,0.991,From MOVES5,2041,ON
T_LDV_LTF_GSL_N,2040,0.982081,From MOVES5,2042,ON
T_LDV_LTF_GSL_N,2040,0.973242271,From MOVES5,2043,ON
T_LDV_LTF_GSL_N,2040,0.959616879,From MOVES5,2044,ON
T_LDV_LTF_GSL_N,2040,0.941384159,From MOVES5,2045,ON
T_LDV_LTF_GSL_N,2040,0.918790939,From MOVES5,2046,ON
T_LDV_LTF_GSL_N,2040,0.891227211,From MOVES5,2047,ON
T_LDV_LTF_GSL_N,2040,0.859143031,From MOVES5,2048,ON
T_LDV_LTF_GSL_N,2040,0.823059024,From MOVES5,2049,ON
T_LDV_LTF_GSL_N,2040,0.783552191,From MOVES5,2050,ON
T_LDV_LTF_GSL_N,2040,0.741240372,From MOVES5,2051,ON
T_LDV_LTF_GSL_N,2040,0.69676595,From MOVES5,2052,ON
T_LDV_LTF_GSL_N,2040,0.651476163,From MOVES5,2053,ON
T_LDV_LTF_GSL_N,2040,0.605221356,From MOVES5,2054,ON
T_LDV_LTF_GSL_N,2040,0.552567098,From MOVES5,2055,ON
T_LDV_LTF_GSL_N,2040,0.501730925,From MOVES5,2056,ON
T_LDV_LTF_GSL_N,2040,0.453063025,From MOVES5,2057,ON
T_LDV_LTF_GSL_N,2040,0.406850596,From MOVES5,2058,ON
T_LDV_LTF_GSL_N,2040,0.363724433,From MOVES5,2059,ON
T_LDV_LTF_GSL_N,2040,0.32407847,From MOVES5,2060,ON
T_LDV_LTF_GSL_N,2040,0.287781681,From MOVES5,2061,ON
T_LDV_LTF_GSL_N,2040,0.254686788,From MOVES5,2062,ON
T_LDV_LTF_GSL_N,2040,0.224888434,From MOVES5,2063,ON
T_LDV_LTF_GSL_N,2040,0.197901822,From MOVES5,2064,ON
T_LDV_LTF_GSL_N,2040,0.173955701,From MOVES5,2065,ON
T_LDV_LTF_GSL_N,2040,0.15255915,From MOVES5,2066,ON
T_LDV_LTF_GSL_N,2040,0.133489256,From MOVES5,2067,ON
T_LDV_LTF_GSL_N,2040,0.116803099,From MOVES5,2068,ON
T_LDV_LTF_GSL_N,2040,0.101969106,From MOVES5,2069,ON
T_LDV_LTF_GSL_N,2040,0.08891706,From MOVES5,2070,ON
T_LDV_LTF_GSL_N,2040,0.077446759,From MOVES5,2071,ON
T_LDV_LTF_GSL_N,2040,0.067378681,From MOVES5,2072,ON
T_LDV_LTF_GSL_N,2040,0.058552073,From MOVES5,2073,ON
T_LDV_LTF_GSL_N,2040,0.0508232,From MOVES5,2074,ON
T_LDV_LTF_GSL_N,2040,0.044063714,From MOVES5,2075,ON
T_LDV_LTF_GSL_N,2040,0.038159177,From MOVES5,2076,ON
T_LDV_LTF_GSL_N,2040,0.033007688,From MOVES5,2077,ON
T_LDV_LTF_GSL_N,2040,0.028518642,From MOVES5,2078,ON
T_LDV_LTF_GSL_N,2040,0.024611588,From MOVES5,2079,ON
T_LDV_LTF_GSL_N,2040,0.021215189,From MOVES5,2080,ON
T_LDV_LTF_GSL_N,2040,0.018266278,From MOVES5,2081,ON
T_LDV_LTF_GSL_N,2040,0,From MOVES5,2082,ON
T_LDV_LTF_GSL_N,2045,1,From MOVES5,2045,ON
T_LDV_LTF_GSL_N,2045,0.991,From MOVES5,2046,ON
T_LDV_LTF_GSL_N,2045,0.982081,From MOVES5,2047,ON
T_LDV_LTF_GSL_N,2045,0.973242271,From MOVES5,2048,ON
T_LDV_LTF_GSL_N,2045,0.959616879,From MOVES5,2049,ON
T_LDV_LTF_GSL_N,2045,0.941384159,From MOVES5,2050,ON
T_LDV_LTF_GSL_N,2045,0.918790939,From MOVES5,2051,ON
T_LDV_LTF_GSL_N,2045,0.891227211,From MOVES5,2052,ON
T_LDV_LTF_GSL_N,2045,0.859143031,From MOVES5,2053,ON
T_LDV_LTF_GSL_N,2045,0.823059024,From MOVES5,2054,ON
T_LDV_LTF_GSL_N,2045,0.783552191,From MOVES5,2055,ON
T_LDV_LTF_GSL_N,2045,0.741240372,From MOVES5,2056,ON
T_LDV_LTF_GSL_N,2045,0.69676595,From MOVES5,2057,ON
T_LDV_LTF_GSL_N,2045,0.651476163,From MOVES5,2058,ON
T_LDV_LTF_GSL_N,2045,0.605221356,From MOVES5,2059,ON
T_LDV_LTF_GSL_N,2045,0.552567098,From MOVES5,2060,ON
T_LDV_LTF_GSL_N,2045,0.501730925,From MOVES5,2061,ON
T_LDV_LTF_GSL_N,2045,0.453063025,From MOVES5,2062,ON
T_LDV_LTF_GSL_N,2045,0.406850596,From MOVES5,2063,ON
T_LDV_LTF_GSL_N,2045,0.363724433,From MOVES5,2064,ON
T_LDV_LTF_GSL_N,2045,0.32407847,From MOVES5,2065,ON
T_LDV_LTF_GSL_N,2045,0.287781681,From MOVES5,2066,ON
T_LDV_LTF_GSL_N,2045,0.254686788,From MOVES5,2067,ON
T_LDV_LTF_GSL_N,2045,0.224888434,From MOVES5,2068,ON
T_LDV_LTF_GSL_N,2045,0.197901822,From MOVES5,2069,ON
T_LDV_LTF_GSL_N,2045,0.173955701,From MOVES5,2070,ON
T_LDV_LTF_GSL_N,2045,0.15255915,From MOVES5,2071,ON
T_LDV_LTF_GSL_N,2045,0.133489256,From MOVES5,2072,ON
T_LDV_LTF_GSL_N,2045,0.116803099,From MOVES5,2073,ON
T_LDV_LTF_GSL_N,2045,0.101969106,From MOVES5,2074,ON
T_LDV_LTF_GSL_N,2045,0.08891706,From MOVES5,2075,ON
T_LDV_LTF_GSL_N,2045,0.077446759,From MOVES5,2076,ON
T_LDV_LTF_GSL_N,2045,0.067378681,From MOVES5,2077,ON
T_LDV_LTF_GSL_N,2045,0.058552073,From MOVES5,2078,ON
T_LDV_LTF_GSL_N,2045,0.0508232,From MOVES5,2079,ON
T_LDV_LTF_GSL_N,2045,0.044063714,From MOVES5,2080,ON
T_LDV_LTF_GSL_N,2045,0.038159177,From MOVES5,2081,ON
T_LDV_LTF_GSL_N,2045,0.033007688,From MOVES5,2082,ON
T_LDV_LTF_GSL_N,2045,0.028518642,From MOVES5,2083,ON
T_LDV_LTF_GSL_N,2045,0.024611588,From MOVES5,2084,ON
T_LDV_LTF_GSL_N,2045,0.021215189,From MOVES5,2085,ON
T_LDV_LTF_GSL_N,2045,0.018266278,From MOVES5,2086,ON
T_LDV_LTF_GSL_N,2045,0,From MOVES5,2087,ON
T_LDV_LTF_GSL_N,2050,1,From MOVES5,2050,ON
T_LDV_LTF_GSL_N,2050,0.991,From MOVES5,2051,ON
T_LDV_LTF_GSL_N,2050,0.982081,From MOVES5,2052,ON
T_LDV_LTF_GSL_N,2050,0.973242271,From MOVES5,2053,ON
T_LDV_LTF_GSL_N,2050,0.959616879,From MOVES5,2054,ON
T_LDV_LTF_GSL_N,2050,0.941384159,From MOVES5,2055,ON
T_LDV_LTF_GSL_N,2050,0.918790939,From MOVES5,2056,ON
T_LDV_LTF_GSL_N,2050,0.891227211,From MOVES5,2057,ON
T_LDV_LTF_GSL_N,2050,0.859143031,From MOVES5,2058,ON
T_LDV_LTF_GSL_N,2050,0.823059024,From MOVES5,2059,ON
T_LDV_LTF_GSL_N,2050,0.783552191,From MOVES5,2060,ON
T_LDV_LTF_GSL_N,2050,0.741240372,From MOVES5,2061,ON
T_LDV_LTF_GSL_N,2050,0.69676595,From MOVES5,2062,ON
T_LDV_LTF_GSL_N,2050,0.651476163,From MOVES5,2063,ON
T_LDV_LTF_GSL_N,2050,0.605221356,From MOVES5,2064,ON
T_LDV_LTF_GSL_N,2050,0.552567098,From MOVES5,2065,ON
T_LDV_LTF_GSL_N,2050,0.501730925,From MOVES5,2066,ON
T_LDV_LTF_GSL_N,2050,0.453063025,From MOVES5,2067,ON
T_LDV_LTF_GSL_N,2050,0.406850596,From MOVES5,2068,ON
T_LDV_LTF_GSL_N,2050,0.363724433,From MOVES5,2069,ON
T_LDV_LTF_GSL_N,2050,0.32407847,From MOVES5,2070,ON
T_LDV_LTF_GSL_N,2050,0.287781681,From MOVES5,2071,ON
T_LDV_LTF_GSL_N,2050,0.254686788,From MOVES5,2072,ON
T_LDV_LTF_GSL_N,2050,0.224888434,From MOVES5,2073,ON
T_LDV_LTF_GSL_N,2050,0.197901822,From MOVES5,2074,ON
T_LDV_LTF_GSL_N,2050,0.173955701,From MOVES5,2075,ON
T_LDV_LTF_GSL_N,2050,0.15255915,From MOVES5,2076,ON
T_LDV_LTF_GSL_N,2050,0.133489256,From MOVES5,2077,ON
T_LDV_LTF_GSL_N,2050,0.116803099,From MOVES5,2078,ON
T_LDV_LTF_GSL_N,2050,0.101969106,From MOVES5,2079,ON
T_LDV_LTF_GSL_N,2050,0.08891706,From MOVES5,2080,ON
T_LDV_LTF_GSL_N,2050,0.077446759,From MOVES5,2081,ON
T_LDV_LTF_GSL_N,2050,0.067378681,From MOVES5,2082,ON
T_LDV_LTF_GSL_N,2050,0.058552073,From MOVES5,2083,ON
T_LDV_LTF_GSL_N,2050,0.0508232,From MOVES5,2084,ON
T_LDV_LTF_GSL_N,2050,0.044063714,From MOVES5,2085,ON
T_LDV_LTF_GSL_N,2050,0.038159177,From MOVES5,2086,ON
T_LDV_LTF_GSL_N,2050,0.033007688,From MOVES5,2087,ON
T_LDV_LTF_GSL_N,2050,0.028518642,From MOVES5,2088,ON
T_LDV_LTF_GSL_N,2050,0.024611588,From MOVES5,2089,ON
T_LDV_LTF_GSL_N,2050,0.021215189,From MOVES5,2090,ON
T_LDV_LTF_GSL_N,2050,0.018266278,From MOVES5,2091,ON
T_LDV_LTF_GSL_N,2050,0,From MOVES5,2092,ON
T_LDV_LTF_GSL_PHEV35_EX,2020,1,From MOVES5,2020,ON
T_LDV_LTF_GSL_PHEV35_EX,2020,0.991,From MOVES5,2021,ON
T_LDV_LTF_GSL_PHEV35_EX,2020,0.982081,From MOVES5,2022,ON
T_LDV_LTF_GSL_PHEV35_EX,2020,0.973242271,From MOVES5,2023,ON
T_LDV_LTF_GSL_PHEV35_EX,2020,0.959616879,From MOVES5,2024,ON
T_LDV_LTF_GSL_PHEV35_EX,2020,0.941384159,From MOVES5,2025,ON
T_LDV_LTF_GSL_PHEV35_EX,2020,0.918790939,From MOVES5,2026,ON
T_LDV_LTF_GSL_PHEV35_EX,2020,0.891227211,From MOVES5,2027,ON
T_LDV_LTF_GSL_PHEV35_EX,2020,0.859143031,From MOVES5,2028,ON
T_LDV_LTF_GSL_PHEV35_EX,2020,0.823059024,From MOVES5,2029,ON
T_LDV_LTF_GSL_PHEV35_EX,2020,0.783552191,From MOVES5,2030,ON
T_LDV_LTF_GSL_PHEV35_EX,2020,0.741240372,From MOVES5,2031,ON
T_LDV_LTF_GSL_PHEV35_EX,2020,0.69676595,From MOVES5,2032,ON
T_LDV_LTF_GSL_PHEV35_EX,2020,0.651476163,From MOVES5,2033,ON
T_LDV_LTF_GSL_PHEV35_EX,2020,0.605221356,From MOVES5,2034,ON
T_LDV_LTF_GSL_PHEV35_EX,2020,0.552567098,From MOVES5,2035,ON
T_LDV_LTF_GSL_PHEV35_EX,2020,0.501730925,From MOVES5,2036,ON
T_LDV_LTF_GSL_PHEV35_EX,2020,0.453063025,From MOVES5,2037,ON
T_LDV_LTF_GSL_PHEV35_EX,2020,0.406850596,From MOVES5,2038,ON
T_LDV_LTF_GSL_PHEV35_EX,2020,0.363724433,From MOVES5,2039,ON
T_LDV_LTF_GSL_PHEV35_EX,2020,0.32407847,From MOVES5,2040,ON
T_LDV_LTF_GSL_PHEV35_EX,2020,0.287781681,From MOVES5,2041,ON
T_LDV_LTF_GSL_PHEV35_EX,2020,0.254686788,From MOVES5,2042,ON
T_LDV_LTF_GSL_PHEV35_EX,2020,0.224888434,From MOVES5,2043,ON
T_LDV_LTF_GSL_PHEV35_EX,2020,0.197901822,From MOVES5,2044,ON
T_LDV_LTF_GSL_PHEV35_EX,2020,0.173955701,From MOVES5,2045,ON
T_LDV_LTF_GSL_PHEV35_EX,2020,0.15255915,From MOVES5,2046,ON
T_LDV_LTF_GSL_PHEV35_EX,2020,0.133489256,From MOVES5,2047,ON
T_LDV_LTF_GSL_PHEV35_EX,2020,0.116803099,From MOVES5,2048,ON
T_LDV_LTF_GSL_PHEV35_EX,2020,0.101969106,From MOVES5,2049,ON
T_LDV_LTF_GSL_PHEV35_EX,2020,0.08891706,From MOVES5,2050,ON
T_LDV_LTF_GSL_PHEV35_EX,2020,0.077446759,From MOVES5,2051,ON
T_LDV_LTF_GSL_PHEV35_EX,2020,0.067378681,From MOVES5,2052,ON
T_LDV_LTF_GSL_PHEV35_EX,2020,0.058552073,From MOVES5,2053,ON
T_LDV_LTF_GSL_PHEV35_EX,2020,0.0508232,From MOVES5,2054,ON
T_LDV_LTF_GSL_PHEV35_EX,2020,0.044063714,From MOVES5,2055,ON
T_LDV_LTF_GSL_PHEV35_EX,2020,0.038159177,From MOVES5,2056,ON
T_LDV_LTF_GSL_PHEV35_EX,2020,0.033007688,From MOVES5,2057,ON
T_LDV_LTF_GSL_PHEV35_EX,2020,0.028518642,From MOVES5,2058,ON
T_LDV_LTF_GSL_PHEV35_EX,2020,0.024611588,From MOVES5,2059,ON
T_LDV_LTF_GSL_PHEV35_EX,2020,0.021215189,From MOVES5,2060,ON
T_LDV_LTF_GSL_PHEV35_EX,2020,0.018266278,From MOVES5,2061,ON
T_LDV_LTF_GSL_PHEV35_EX,2020,0,From MOVES5,2062,ON
T_LDV_LTF_GSL_PHEV35_N,2025,1,From MOVES5,2025,ON
T_LDV_LTF_GSL_PHEV35_N,2025,0.991,From MOVES5,2026,ON
T_LDV_LTF_GSL_PHEV35_N,2025,0.982081,From MOVES5,2027,ON
T_LDV_LTF_GSL_PHEV35_N,2025,0.973242271,From MOVES5,2028,ON
T_LDV_LTF_GSL_PHEV35_N,2025,0.959616879,From MOVES5,2029,ON
T_LDV_LTF_GSL_PHEV35_N,2025,0.941384159,From MOVES5,2030,ON
T_LDV_LTF_GSL_PHEV35_N,2025,0.918790939,From MOVES5,2031,ON
T_LDV_LTF_GSL_PHEV35_N,2025,0.891227211,From MOVES5,2032,ON
T_LDV_LTF_GSL_PHEV35_N,2025,0.859143031,From MOVES5,2033,ON
T_LDV_LTF_GSL_PHEV35_N,2025,0.823059024,From MOVES5,2034,ON
T_LDV_LTF_GSL_PHEV35_N,2025,0.783552191,From MOVES5,2035,ON
T_LDV_LTF_GSL_PHEV35_N,2025,0.741240372,From MOVES5,2036,ON
T_LDV_LTF_GSL_PHEV35_N,2025,0.69676595,From MOVES5,2037,ON
T_LDV_LTF_GSL_PHEV35_N,2025,0.651476163,From MOVES5,2038,ON
T_LDV_LTF_GSL_PHEV35_N,2025,0.605221356,From MOVES5,2039,ON
T_LDV_LTF_GSL_PHEV35_N,2025,0.552567098,From MOVES5,2040,ON
T_LDV_LTF_GSL_PHEV35_N,2025,0.501730925,From MOVES5,2041,ON
T_LDV_LTF_GSL_PHEV35_N,2025,0.453063025,From MOVES5,2042,ON
T_LDV_LTF_GSL_PHEV35_N,2025,0.406850596,From MOVES5,2043,ON
T_LDV_LTF_GSL_PHEV35_N,2025,0.363724433,From MOVES5,2044,ON
T_LDV_LTF_GSL_PHEV35_N,2025,0.32407847,From MOVES5,2045,ON
T_LDV_LTF_GSL_PHEV35_N,2025,0.287781681,From MOVES5,2046,ON
T_LDV_LTF_GSL_PHEV35_N,2025,0.254686788,From MOVES5,2047,ON
T_LDV_LTF_GSL_PHEV35_N,2025,0.224888434,From MOVES5,2048,ON
T_LDV_LTF_GSL_PHEV35_N,2025,0.197901822,From MOVES5,2049,ON
T_LDV_LTF_GSL_PHEV35_N,2025,0.173955701,From MOVES5,2050,ON
T_LDV_LTF_GSL_PHEV35_N,2025,0.15255915,From MOVES5,2051,ON
T_LDV_LTF_GSL_PHEV35_N,2025,0.133489256,From MOVES5,2052,ON
T_LDV_LTF_GSL_PHEV35_N,2025,0.116803099,From MOVES5,2053,ON
T_LDV_LTF_GSL_PHEV35_N,2025,0.101969106,From MOVES5,2054,ON
T_LDV_LTF_GSL_PHEV35_N,2025,0.08891706,From MOVES5,2055,ON
T_LDV_LTF_GSL_PHEV35_N,2025,0.077446759,From MOVES5,2056,ON
T_LDV_LTF_GSL_PHEV35_N,2025,0.067378681,From MOVES5,2057,ON
T_LDV_LTF_GSL_PHEV35_N,2025,0.058552073,From MOVES5,2058,ON
T_LDV_LTF_GSL_PHEV35_N,2025,0.0508232,From MOVES5,2059,ON
T_LDV_LTF_GSL_PHEV35_N,2025,0.044063714,From MOVES5,2060,ON
T_LDV_LTF_GSL_PHEV35_N,2025,0.038159177,From MOVES5,2061,ON
T_LDV_LTF_GSL_PHEV35_N,2025,0.033007688,From MOVES5,2062,ON
T_LDV_LTF_GSL_PHEV35_N,2025,0.028518642,From MOVES5,2063,ON
T_LDV_LTF_GSL_PHEV35_N,2025,0.024611588,From MOVES5,2064,ON
T_LDV_LTF_GSL_PHEV35_N,2025,0.021215189,From MOVES5,2065,ON
T_LDV_LTF_GSL_PHEV35_N,2025,0.018266278,From MOVES5,2066,ON
T_LDV_LTF_GSL_PHEV35_N,2025,0,From MOVES5,2067,ON
T_LDV_LTF_GSL_PHEV35_N,2030,1,From MOVES5,2030,ON
T_LDV_LTF_GSL_PHEV35_N,2030,0.991,From MOVES5,2031,ON
T_LDV_LTF_GSL_PHEV35_N,2030,0.982081,From MOVES5,2032,ON
T_LDV_LTF_GSL_PHEV35_N,2030,0.973242271,From MOVES5,2033,ON
T_LDV_LTF_GSL_PHEV35_N,2030,0.959616879,From MOVES5,2034,ON
T_LDV_LTF_GSL_PHEV35_N,2030,0.941384159,From MOVES5,2035,ON
T_LDV_LTF_GSL_PHEV35_N,2030,0.918790939,From MOVES5,2036,ON
T_LDV_LTF_GSL_PHEV35_N,2030,0.891227211,From MOVES5,2037,ON
T_LDV_LTF_GSL_PHEV35_N,2030,0.859143031,From MOVES5,2038,ON
T_LDV_LTF_GSL_PHEV35_N,2030,0.823059024,From MOVES5,2039,ON
T_LDV_LTF_GSL_PHEV35_N,2030,0.783552191,From MOVES5,2040,ON
T_LDV_LTF_GSL_PHEV35_N,2030,0.741240372,From MOVES5,2041,ON
T_LDV_LTF_GSL_PHEV35_N,2030,0.69676595,From MOVES5,2042,ON
T_LDV_LTF_GSL_PHEV35_N,2030,0.651476163,From MOVES5,2043,ON
T_LDV_LTF_GSL_PHEV35_N,2030,0.605221356,From MOVES5,2044,ON
T_LDV_LTF_GSL_PHEV35_N,2030,0.552567098,From MOVES5,2045,ON
T_LDV_LTF_GSL_PHEV35_N,2030,0.501730925,From MOVES5,2046,ON
T_LDV_LTF_GSL_PHEV35_N,2030,0.453063025,From MOVES5,2047,ON
T_LDV_LTF_GSL_PHEV35_N,2030,0.406850596,From MOVES5,2048,ON
T_LDV_LTF_GSL_PHEV35_N,2030,0.363724433,From MOVES5,2049,ON
T_LDV_LTF_GSL_PHEV35_N,2030,0.32407847,From MOVES5,2050,ON
T_LDV_LTF_GSL_PHEV35_N,2030,0.287781681,From MOVES5,2051,ON
T_LDV_LTF_GSL_PHEV35_N,2030,0.254686788,From MOVES5,2052,ON
T_LDV_LTF_GSL_PHEV35_N,2030,0.224888434,From MOVES5,2053,ON
T_LDV_LTF_GSL_PHEV35_N,2030,0.197901822,From MOVES5,2054,ON
T_LDV_LTF_GSL_PHEV35_N,2030,0.173955701,From MOVES5,2055,ON
T_LDV_LTF_GSL_PHEV35_N,2030,0.15255915,From MOVES5,2056,ON
T_LDV_LTF_GSL_PHEV35_N,2030,0.133489256,From MOVES5,2057,ON
T_LDV_LTF_GSL_PHEV35_N,2030,0.116803099,From MOVES5,2058,ON
T_LDV_LTF_GSL_PHEV35_N,2030,0.101969106,From MOVES5,2059,ON
T_LDV_LTF_GSL_PHEV35_N,2030,0.08891706,From MOVES5,2060,ON
T_LDV_LTF_GSL_PHEV35_N,2030,0.077446759,From MOVES5,2061,ON
T_LDV_LTF_GSL_PHEV35_N,2030,0.067378681,From MOVES5,2062,ON
T_LDV_LTF_GSL_PHEV35_N,2030,0.058552073,From MOVES5,2063,ON
T_LDV_LTF_GSL_PHEV35_N,2030,0.0508232,From MOVES5,2064,ON
T_LDV_LTF_GSL_PHEV35_N,2030,0.044063714,From MOVES5,2065,ON
T_LDV_LTF_GSL_PHEV35_N,2030,0.038159177,From MOVES5,2066,ON
T_LDV_LTF_GSL_PHEV35_N,2030,0.033007688,From MOVES5,2067,ON
T_LDV_LTF_GSL_PHEV35_N,2030,0.028518642,From MOVES5,2068,ON
T_LDV_LTF_GSL_PHEV35_N,2030,0.024611588,From MOVES5,2069,ON
T_LDV_LTF_GSL_PHEV35_N,2030,0.021215189,From MOVES5,2070,ON
T_LDV_LTF_GSL_PHEV35_N,2030,0.018266278,From MOVES5,2071,ON
T_LDV_LTF_GSL_PHEV35_N,2030,0,From MOVES5,2072,ON
T_LDV_LTF_GSL_PHEV35_N,2035,1,From MOVES5,2035,ON
T_LDV_LTF_GSL_PHEV35_N,2035,0.991,From MOVES5,2036,ON
T_LDV_LTF_GSL_PHEV35_N,2035,0.982081,From MOVES5,2037,ON
T_LDV_LTF_GSL_PHEV35_N,2035,0.973242271,From MOVES5,2038,ON
T_LDV_LTF_GSL_PHEV35_N,2035,0.959616879,From MOVES5,2039,ON
T_LDV_LTF_GSL_PHEV35_N,2035,0.941384159,From MOVES5,2040,ON
T_LDV_LTF_GSL_PHEV35_N,2035,0.918790939,From MOVES5,2041,ON
T_LDV_LTF_GSL_PHEV35_N,2035,0.891227211,From MOVES5,2042,ON
T_LDV_LTF_GSL_PHEV35_N,2035,0.859143031,From MOVES5,2043,ON
T_LDV_LTF_GSL_PHEV35_N,2035,0.823059024,From MOVES5,2044,ON
T_LDV_LTF_GSL_PHEV35_N,2035,0.783552191,From MOVES5,2045,ON
T_LDV_LTF_GSL_PHEV35_N,2035,0.741240372,From MOVES5,2046,ON
T_LDV_LTF_GSL_PHEV35_N,2035,0.69676595,From MOVES5,2047,ON
T_LDV_LTF_GSL_PHEV35_N,2035,0.651476163,From MOVES5,2048,ON
T_LDV_LTF_GSL_PHEV35_N,2035,0.605221356,From MOVES5,2049,ON
T_LDV_LTF_GSL_PHEV35_N,2035,0.552567098,From MOVES5,2050,ON
T_LDV_LTF_GSL_PHEV35_N,2035,0.501730925,From MOVES5,2051,ON
T_LDV_LTF_GSL_PHEV35_N,2035,0.453063025,From MOVES5,2052,ON
T_LDV_LTF_GSL_PHEV35_N,2035,0.406850596,From MOVES5,2053,ON
T_LDV_LTF_GSL_PHEV35_N,2035,0.363724433,From MOVES5,2054,ON
T_LDV_LTF_GSL_PHEV35_N,2035,0.32407847,From MOVES5,2055,ON
T_LDV_LTF_GSL_PHEV35_N,2035,0.287781681,From MOVES5,2056,ON
T_LDV_LTF_GSL_PHEV35_N,2035,0.254686788,From MOVES5,2057,ON
T_LDV_LTF_GSL_PHEV35_N,2035,0.224888434,From MOVES5,2058,ON
T_LDV_LTF_GSL_PHEV35_N,2035,0.197901822,From MOVES5,2059,ON
T_LDV_LTF_GSL_PHEV35_N,2035,0.173955701,From MOVES5,2060,ON
T_LDV_LTF_GSL_PHEV35_N,2035,0.15255915,From MOVES5,2061,ON
T_LDV_LTF_GSL_PHEV35_N,2035,0.133489256,From MOVES5,2062,ON
T_LDV_LTF_GSL_PHEV35_N,2035,0.116803099,From MOVES5,2063,ON
T_LDV_LTF_GSL_PHEV35_N,2035,0.101969106,From MOVES5,2064,ON
T_LDV_LTF_GSL_PHEV35_N,2035,0.08891706,From MOVES5,2065,ON
T_LDV_LTF_GSL_PHEV35_N,2035,0.077446759,From MOVES5,2066,ON
T_LDV_LTF_GSL_PHEV35_N,2035,0.067378681,From MOVES5,2067,ON
T_LDV_LTF_GSL_PHEV35_N,2035,0.058552073,From MOVES5,2068,ON
T_LDV_LTF_GSL_PHEV35_N,2035,0.0508232,From MOVES5,2069,ON
T_LDV_LTF_GSL_PHEV35_N,2035,0.044063714,From MOVES5,2070,ON
T_LDV_LTF_GSL_PHEV35_N,2035,0.038159177,From MOVES5,2071,ON
T_LDV_LTF_GSL_PHEV35_N,2035,0.033007688,From MOVES5,2072,ON
T_LDV_LTF_GSL_PHEV35_N,2035,0.028518642,From MOVES5,2073,ON
T_LDV_LTF_GSL_PHEV35_N,2035,0.024611588,From MOVES5,2074,ON
T_LDV_LTF_GSL_PHEV35_N,2035,0.021215189,From MOVES5,2075,ON
T_LDV_LTF_GSL_PHEV35_N,2035,0.018266278,From MOVES5,2076,ON
T_LDV_LTF_GSL_PHEV35_N,2035,0,From MOVES5,2077,ON
T_LDV_LTF_GSL_PHEV35_N,2040,1,From MOVES5,2040,ON
T_LDV_LTF_GSL_PHEV35_N,2040,0.991,From MOVES5,2041,ON
T_LDV_LTF_GSL_PHEV35_N,2040,0.982081,From MOVES5,2042,ON
T_LDV_LTF_GSL_PHEV35_N,2040,0.973242271,From MOVES5,2043,ON
T_LDV_LTF_GSL_PHEV35_N,2040,0.959616879,From MOVES5,2044,ON
T_LDV_LTF_GSL_PHEV35_N,2040,0.941384159,From MOVES5,2045,ON
T_LDV_LTF_GSL_PHEV35_N,2040,0.918790939,From MOVES5,2046,ON
T_LDV_LTF_GSL_PHEV35_N,2040,0.891227211,From MOVES5,2047,ON
T_LDV_LTF_GSL_PHEV35_N,2040,0.859143031,From MOVES5,2048,ON
T_LDV_LTF_GSL_PHEV35_N,2040,0.823059024,From MOVES5,2049,ON
T_LDV_LTF_GSL_PHEV35_N,2040,0.783552191,From MOVES5,2050,ON
T_LDV_LTF_GSL_PHEV35_N,2040,0.741240372,From MOVES5,2051,ON
T_LDV_LTF_GSL_PHEV35_N,2040,0.69676595,From MOVES5,2052,ON
T_LDV_LTF_GSL_PHEV35_N,2040,0.651476163,From MOVES5,2053,ON
T_LDV_LTF_GSL_PHEV35_N,2040,0.605221356,From MOVES5,2054,ON
T_LDV_LTF_GSL_PHEV35_N,2040,0.552567098,From MOVES5,2055,ON
T_LDV_LTF_GSL_PHEV35_N,2040,0.501730925,From MOVES5,2056,ON
T_LDV_LTF_GSL_PHEV35_N,2040,0.453063025,From MOVES5,2057,ON
T_LDV_LTF_GSL_PHEV35_N,2040,0.406850596,From MOVES5,2058,ON
T_LDV_LTF_GSL_PHEV35_N,2040,0.363724433,From MOVES5,2059,ON
T_LDV_LTF_GSL_PHEV35_N,2040,0.32407847,From MOVES5,2060,ON
T_LDV_LTF_GSL_PHEV35_N,2040,0.287781681,From MOVES5,2061,ON
T_LDV_LTF_GSL_PHEV35_N,2040,0.254686788,From MOVES5,2062,ON
T_LDV_LTF_GSL_PHEV35_N,2040,0.224888434,From MOVES5,2063,ON
T_LDV_LTF_GSL_PHEV35_N,2040,0.197901822,From MOVES5,2064,ON
T_LDV_LTF_GSL_PHEV35_N,2040,0.173955701,From MOVES5,2065,ON
T_LDV_LTF_GSL_PHEV35_N,2040,0.15255915,From MOVES5,2066,ON
T_LDV_LTF_GSL_PHEV35_N,2040,0.133489256,From MOVES5,2067,ON
T_LDV_LTF_GSL_PHEV35_N,2040,0.116803099,From MOVES5,2068,ON
T_LDV_LTF_GSL_PHEV35_N,2040,0.101969106,From MOVES5,2069,ON
T_LDV_LTF_GSL_PHEV35_N,2040,0.08891706,From MOVES5,2070,ON
T_LDV_LTF_GSL_PHEV35_N,2040,0.077446759,From MOVES5,2071,ON
T_LDV_LTF_GSL_PHEV35_N,2040,0.067378681,From MOVES5,2072,ON
T_LDV_LTF_GSL_PHEV35_N,2040,0.058552073,From MOVES5,2073,ON
T_LDV_LTF_GSL_PHEV35_N,2040,0.0508232,From MOVES5,2074,ON
T_LDV_LTF_GSL_PHEV35_N,2040,0.044063714,From MOVES5,2075,ON
T_LDV_LTF_GSL_PHEV35_N,2040,0.038159177,From MOVES5,2076,ON
T_LDV_LTF_GSL_PHEV35_N,2040,0.033007688,From MOVES5,2077,ON
T_LDV_LTF_GSL_PHEV35_N,2040,0.028518642,From MOVES5,2078,ON
T_LDV_LTF_GSL_PHEV35_N,2040,0.024611588,From MOVES5,2079,ON
T_LDV_LTF_GSL_PHEV35_N,2040,0.021215189,From MOVES5,2080,ON
T_LDV_LTF_GSL_PHEV35_N,2040,0.018266278,From MOVES5,2081,ON
T_LDV_LTF_GSL_PHEV35_N,2040,0,From MOVES5,2082,ON
T_LDV_LTF_GSL_PHEV35_N,2045,1,From MOVES5,2045,ON
T_LDV_LTF_GSL_PHEV35_N,2045,0.991,From MOVES5,2046,ON
T_LDV_LTF_GSL_PHEV35_N,2045,0.982081,From MOVES5,2047,ON
T_LDV_LTF_GSL_PHEV35_N,2045,0.973242271,From MOVES5,2048,ON
T_LDV_LTF_GSL_PHEV35_N,2045,0.959616879,From MOVES5,2049,ON
T_LDV_LTF_GSL_PHEV35_N,2045,0.941384159,From MOVES5,2050,ON
T_LDV_LTF_GSL_PHEV35_N,2045,0.918790939,From MOVES5,2051,ON
T_LDV_LTF_GSL_PHEV35_N,2045,0.891227211,From MOVES5,2052,ON
T_LDV_LTF_GSL_PHEV35_N,2045,0.859143031,From MOVES5,2053,ON
T_LDV_LTF_GSL_PHEV35_N,2045,0.823059024,From MOVES5,2054,ON
T_LDV_LTF_GSL_PHEV35_N,2045,0.783552191,From MOVES5,2055,ON
T_LDV_LTF_GSL_PHEV35_N,2045,0.741240372,From MOVES5,2056,ON
T_LDV_LTF_GSL_PHEV35_N,2045,0.69676595,From MOVES5,2057,ON
T_LDV_LTF_GSL_PHEV35_N,2045,0.651476163,From MOVES5,2058,ON
T_LDV_LTF_GSL_PHEV35_N,2045,0.605221356,From MOVES5,2059,ON
T_LDV_LTF_GSL_PHEV35_N,2045,0.552567098,From MOVES5,2060,ON
T_LDV_LTF_GSL_PHEV35_N,2045,0.501730925,From MOVES5,2061,ON
T_LDV_LTF_GSL_PHEV35_N,2045,0.453063025,From MOVES5,2062,ON
T_LDV_LTF_GSL_PHEV35_N,2045,0.406850596,From MOVES5,2063,ON
T_LDV_LTF_GSL_PHEV35_N,2045,0.363724433,From MOVES5,2064,ON
T_LDV_LTF_GSL_PHEV35_N,2045,0.32407847,From MOVES5,2065,ON
T_LDV_LTF_GSL_PHEV35_N,2045,0.287781681,From MOVES5,2066,ON
T_LDV_LTF_GSL_PHEV35_N,2045,0.254686788,From MOVES5,2067,ON
T_LDV_LTF_GSL_PHEV35_N,2045,0.224888434,From MOVES5,2068,ON
T_LDV_LTF_GSL_PHEV35_N,2045,0.197901822,From MOVES5,2069,ON
T_LDV_LTF_GSL_PHEV35_N,2045,0.173955701,From MOVES5,2070,ON
T_LDV_LTF_GSL_PHEV35_N,2045,0.15255915,From MOVES5,2071,ON
T_LDV_LTF_GSL_PHEV35_N,2045,0.133489256,From MOVES5,2072,ON
T_LDV_LTF_GSL_PHEV35_N,2045,0.116803099,From MOVES5,2073,ON
T_LDV_LTF_GSL_PHEV35_N,2045,0.101969106,From MOVES5,2074,ON
T_LDV_LTF_GSL_PHEV35_N,2045,0.08891706,From MOVES5,2075,ON
T_LDV_LTF_GSL_PHEV35_N,2045,0.077446759,From MOVES5,2076,ON
T_LDV_LTF_GSL_PHEV35_N,2045,0.067378681,From MOVES5,2077,ON
T_LDV_LTF_GSL_PHEV35_N,2045,0.058552073,From MOVES5,2078,ON
T_LDV_LTF_GSL_PHEV35_N,2045,0.0508232,From MOVES5,2079,ON
T_LDV_LTF_GSL_PHEV35_N,2045,0.044063714,From MOVES5,2080,ON
T_LDV_LTF_GSL_PHEV35_N,2045,0.038159177,From MOVES5,2081,ON
T_LDV_LTF_GSL_PHEV35_N,2045,0.033007688,From MOVES5,2082,ON
T_LDV_LTF_GSL_PHEV35_N,2045,0.028518642,From MOVES5,2083,ON
T_LDV_LTF_GSL_PHEV35_N,2045,0.024611588,From MOVES5,2084,ON
T_LDV_LTF_GSL_PHEV35_N,2045,0.021215189,From MOVES5,2085,ON
T_LDV_LTF_GSL_PHEV35_N,2045,0.018266278,From MOVES5,2086,ON
T_LDV_LTF_GSL_PHEV35_N,2045,0,From MOVES5,2087,ON
T_LDV_LTF_GSL_PHEV35_N,2050,1,From MOVES5,2050,ON
T_LDV_LTF_GSL_PHEV35_N,2050,0.991,From MOVES5,2051,ON
T_LDV_LTF_GSL_PHEV35_N,2050,0.982081,From MOVES5,2052,ON
T_LDV_LTF_GSL_PHEV35_N,2050,0.973242271,From MOVES5,2053,ON
T_LDV_LTF_GSL_PHEV35_N,2050,0.959616879,From MOVES5,2054,ON
T_LDV_LTF_GSL_PHEV35_N,2050,0.941384159,From MOVES5,2055,ON
T_LDV_LTF_GSL_PHEV35_N,2050,0.918790939,From MOVES5,2056,ON
T_LDV_LTF_GSL_PHEV35_N,2050,0.891227211,From MOVES5,2057,ON
T_LDV_LTF_GSL_PHEV35_N,2050,0.859143031,From MOVES5,2058,ON
T_LDV_LTF_GSL_PHEV35_N,2050,0.823059024,From MOVES5,2059,ON
T_LDV_LTF_GSL_PHEV35_N,2050,0.783552191,From MOVES5,2060,ON
T_LDV_LTF_GSL_PHEV35_N,2050,0.741240372,From MOVES5,2061,ON
T_LDV_LTF_GSL_PHEV35_N,2050,0.69676595,From MOVES5,2062,ON
T_LDV_LTF_GSL_PHEV35_N,2050,0.651476163,From MOVES5,2063,ON
T_LDV_LTF_GSL_PHEV35_N,2050,0.605221356,From MOVES5,2064,ON
T_LDV_LTF_GSL_PHEV35_N,2050,0.552567098,From MOVES5,2065,ON
T_LDV_LTF_GSL_PHEV35_N,2050,0.501730925,From MOVES5,2066,ON
T_LDV_LTF_GSL_PHEV35_N,2050,0.453063025,From MOVES5,2067,ON
T_LDV_LTF_GSL_PHEV35_N,2050,0.406850596,From MOVES5,2068,ON
T_LDV_LTF_GSL_PHEV35_N,2050,0.363724433,From MOVES5,2069,ON
T_LDV_LTF_GSL_PHEV35_N,2050,0.32407847,From MOVES5,2070,ON
T_LDV_LTF_GSL_PHEV35_N,2050,0.287781681,From MOVES5,2071,ON
T_LDV_LTF_GSL_PHEV35_N,2050,0.254686788,From MOVES5,2072,ON
T_LDV_LTF_GSL_PHEV35_N,2050,0.224888434,From MOVES5,2073,ON
T_LDV_LTF_GSL_PHEV35_N,2050,0.197901822,From MOVES5,2074,ON
T_LDV_LTF_GSL_PHEV35_N,2050,0.173955701,From MOVES5,2075,ON
T_LDV_LTF_GSL_PHEV35_N,2050,0.15255915,From MOVES5,2076,ON
T_LDV_LTF_GSL_PHEV35_N,2050,0.133489256,From MOVES5,2077,ON
T_LDV_LTF_GSL_PHEV35_N,2050,0.116803099,From MOVES5,2078,ON
T_LDV_LTF_GSL_PHEV35_N,2050,0.101969106,From MOVES5,2079,ON
T_LDV_LTF_GSL_PHEV35_N,2050,0.08891706,From MOVES5,2080,ON
T_LDV_LTF_GSL_PHEV35_N,2050,0.077446759,From MOVES5,2081,ON
T_LDV_LTF_GSL_PHEV35_N,2050,0.067378681,From MOVES5,2082,ON
T_LDV_LTF_GSL_PHEV35_N,2050,0.058552073,From MOVES5,2083,ON
T_LDV_LTF_GSL_PHEV35_N,2050,0.0508232,From MOVES5,2084,ON
T_LDV_LTF_GSL_PHEV35_N,2050,0.044063714,From MOVES5,2085,ON
T_LDV_LTF_GSL_PHEV35_N,2050,0.038159177,From MOVES5,2086,ON
T_LDV_LTF_GSL_PHEV35_N,2050,0.033007688,From MOVES5,2087,ON
T_LDV_LTF_GSL_PHEV35_N,2050,0.028518642,From MOVES5,2088,ON
T_LDV_LTF_GSL_PHEV35_N,2050,0.024611588,From MOVES5,2089,ON
T_LDV_LTF_GSL_PHEV35_N,2050,0.021215189,From MOVES5,2090,ON
T_LDV_LTF_GSL_PHEV35_N,2050,0.018266278,From MOVES5,2091,ON
T_LDV_LTF_GSL_PHEV35_N,2050,0,From MOVES5,2092,ON
T_LDV_LTF_GSL_PHEV50_N,2025,1,From MOVES5,2025,ON
T_LDV_LTF_GSL_PHEV50_N,2025,0.991,From MOVES5,2026,ON
T_LDV_LTF_GSL_PHEV50_N,2025,0.982081,From MOVES5,2027,ON
T_LDV_LTF_GSL_PHEV50_N,2025,0.973242271,From MOVES5,2028,ON
T_LDV_LTF_GSL_PHEV50_N,2025,0.959616879,From MOVES5,2029,ON
T_LDV_LTF_GSL_PHEV50_N,2025,0.941384159,From MOVES5,2030,ON
T_LDV_LTF_GSL_PHEV50_N,2025,0.918790939,From MOVES5,2031,ON
T_LDV_LTF_GSL_PHEV50_N,2025,0.891227211,From MOVES5,2032,ON
T_LDV_LTF_GSL_PHEV50_N,2025,0.859143031,From MOVES5,2033,ON
T_LDV_LTF_GSL_PHEV50_N,2025,0.823059024,From MOVES5,2034,ON
T_LDV_LTF_GSL_PHEV50_N,2025,0.783552191,From MOVES5,2035,ON
T_LDV_LTF_GSL_PHEV50_N,2025,0.741240372,From MOVES5,2036,ON
T_LDV_LTF_GSL_PHEV50_N,2025,0.69676595,From MOVES5,2037,ON
T_LDV_LTF_GSL_PHEV50_N,2025,0.651476163,From MOVES5,2038,ON
T_LDV_LTF_GSL_PHEV50_N,2025,0.605221356,From MOVES5,2039,ON
T_LDV_LTF_GSL_PHEV50_N,2025,0.552567098,From MOVES5,2040,ON
T_LDV_LTF_GSL_PHEV50_N,2025,0.501730925,From MOVES5,2041,ON
T_LDV_LTF_GSL_PHEV50_N,2025,0.453063025,From MOVES5,2042,ON
T_LDV_LTF_GSL_PHEV50_N,2025,0.406850596,From MOVES5,2043,ON
T_LDV_LTF_GSL_PHEV50_N,2025,0.363724433,From MOVES5,2044,ON
T_LDV_LTF_GSL_PHEV50_N,2025,0.32407847,From MOVES5,2045,ON
T_LDV_LTF_GSL_PHEV50_N,2025,0.287781681,From MOVES5,2046,ON
T_LDV_LTF_GSL_PHEV50_N,2025,0.254686788,From MOVES5,2047,ON
T_LDV_LTF_GSL_PHEV50_N,2025,0.224888434,From MOVES5,2048,ON
T_LDV_LTF_GSL_PHEV50_N,2025,0.197901822,From MOVES5,2049,ON
T_LDV_LTF_GSL_PHEV50_N,2025,0.173955701,From MOVES5,2050,ON
T_LDV_LTF_GSL_PHEV50_N,2025,0.15255915,From MOVES5,2051,ON
T_LDV_LTF_GSL_PHEV50_N,2025,0.133489256,From MOVES5,2052,ON
T_LDV_LTF_GSL_PHEV50_N,2025,0.116803099,From MOVES5,2053,ON
T_LDV_LTF_GSL_PHEV50_N,2025,0.101969106,From MOVES5,2054,ON
T_LDV_LTF_GSL_PHEV50_N,2025,0.08891706,From MOVES5,2055,ON
T_LDV_LTF_GSL_PHEV50_N,2025,0.077446759,From MOVES5,2056,ON
T_LDV_LTF_GSL_PHEV50_N,2025,0.067378681,From MOVES5,2057,ON
T_LDV_LTF_GSL_PHEV50_N,2025,0.058552073,From MOVES5,2058,ON
T_LDV_LTF_GSL_PHEV50_N,2025,0.0508232,From MOVES5,2059,ON
T_LDV_LTF_GSL_PHEV50_N,2025,0.044063714,From MOVES5,2060,ON
T_LDV_LTF_GSL_PHEV50_N,2025,0.038159177,From MOVES5,2061,ON
T_LDV_LTF_GSL_PHEV50_N,2025,0.033007688,From MOVES5,2062,ON
T_LDV_LTF_GSL_PHEV50_N,2025,0.028518642,From MOVES5,2063,ON
T_LDV_LTF_GSL_PHEV50_N,2025,0.024611588,From MOVES5,2064,ON
T_LDV_LTF_GSL_PHEV50_N,2025,0.021215189,From MOVES5,2065,ON
T_LDV_LTF_GSL_PHEV50_N,2025,0.018266278,From MOVES5,2066,ON
T_LDV_LTF_GSL_PHEV50_N,2025,0,From MOVES5,2067,ON
T_LDV_LTF_GSL_PHEV50_N,2030,1,From MOVES5,2030,ON
T_LDV_LTF_GSL_PHEV50_N,2030,0.991,From MOVES5,2031,ON
T_LDV_LTF_GSL_PHEV50_N,2030,0.982081,From MOVES5,2032,ON
T_LDV_LTF_GSL_PHEV50_N,2030,0.973242271,From MOVES5,2033,ON
T_LDV_LTF_GSL_PHEV50_N,2030,0.959616879,From MOVES5,2034,ON
T_LDV_LTF_GSL_PHEV50_N,2030,0.941384159,From MOVES5,2035,ON
T_LDV_LTF_GSL_PHEV50_N,2030,0.918790939,From MOVES5,2036,ON
T_LDV_LTF_GSL_PHEV50_N,2030,0.891227211,From MOVES5,2037,ON
T_LDV_LTF_GSL_PHEV50_N,2030,0.859143031,From MOVES5,2038,ON
T_LDV_LTF_GSL_PHEV50_N,2030,0.823059024,From MOVES5,2039,ON
T_LDV_LTF_GSL_PHEV50_N,2030,0.783552191,From MOVES5,2040,ON
T_LDV_LTF_GSL_PHEV50_N,2030,0.741240372,From MOVES5,2041,ON
T_LDV_LTF_GSL_PHEV50_N,2030,0.69676595,From MOVES5,2042,ON
T_LDV_LTF_GSL_PHEV50_N,2030,0.651476163,From MOVES5,2043,ON
T_LDV_LTF_GSL_PHEV50_N,2030,0.605221356,From MOVES5,2044,ON
T_LDV_LTF_GSL_PHEV50_N,2030,0.552567098,From MOVES5,2045,ON
T_LDV_LTF_GSL_PHEV50_N,2030,0.501730925,From MOVES5,2046,ON
T_LDV_LTF_GSL_PHEV50_N,2030,0.453063025,From MOVES5,2047,ON
T_LDV_LTF_GSL_PHEV50_N,2030,0.406850596,From MOVES5,2048,ON
T_LDV_LTF_GSL_PHEV50_N,2030,0.363724433,From MOVES5,2049,ON
T_LDV_LTF_GSL_PHEV50_N,2030,0.32407847,From MOVES5,2050,ON
T_LDV_LTF_GSL_PHEV50_N,2030,0.287781681,From MOVES5,2051,ON
T_LDV_LTF_GSL_PHEV50_N,2030,0.254686788,From MOVES5,2052,ON
T_LDV_LTF_GSL_PHEV50_N,2030,0.224888434,From MOVES5,2053,ON
T_LDV_LTF_GSL_PHEV50_N,2030,0.197901822,From MOVES5,2054,ON
T_LDV_LTF_GSL_PHEV50_N,2030,0.173955701,From MOVES5,2055,ON
T_LDV_LTF_GSL_PHEV50_N,2030,0.15255915,From MOVES5,2056,ON
T_LDV_LTF_GSL_PHEV50_N,2030,0.133489256,From MOVES5,2057,ON
T_LDV_LTF_GSL_PHEV50_N,2030,0.116803099,From MOVES5,2058,ON
T_LDV_LTF_GSL_PHEV50_N,2030,0.101969106,From MOVES5,2059,ON
T_LDV_LTF_GSL_PHEV50_N,2030,0.08891706,From MOVES5,2060,ON
T_LDV_LTF_GSL_PHEV50_N,2030,0.077446759,From MOVES5,2061,ON
T_LDV_LTF_GSL_PHEV50_N,2030,0.067378681,From MOVES5,2062,ON
T_LDV_LTF_GSL_PHEV50_N,2030,0.058552073,From MOVES5,2063,ON
T_LDV_LTF_GSL_PHEV50_N,2030,0.0508232,From MOVES5,2064,ON
T_LDV_LTF_GSL_PHEV50_N,2030,0.044063714,From MOVES5,2065,ON
T_LDV_LTF_GSL_PHEV50_N,2030,0.038159177,From MOVES5,2066,ON
T_LDV_LTF_GSL_PHEV50_N,2030,0.033007688,From MOVES5,2067,ON
T_LDV_LTF_GSL_PHEV50_N,2030,0.028518642,From MOVES5,2068,ON
T_LDV_LTF_GSL_PHEV50_N,2030,0.024611588,From MOVES5,2069,ON
T_LDV_LTF_GSL_PHEV50_N,2030,0.021215189,From MOVES5,2070,ON
T_LDV_LTF_GSL_PHEV50_N,2030,0.018266278,From MOVES5,2071,ON
T_LDV_LTF_GSL_PHEV50_N,2030,0,From MOVES5,2072,ON
T_LDV_LTF_GSL_PHEV50_N,2035,1,From MOVES5,2035,ON
T_LDV_LTF_GSL_PHEV50_N,2035,0.991,From MOVES5,2036,ON
T_LDV_LTF_GSL_PHEV50_N,2035,0.982081,From MOVES5,2037,ON
T_LDV_LTF_GSL_PHEV50_N,2035,0.973242271,From MOVES5,2038,ON
T_LDV_LTF_GSL_PHEV50_N,2035,0.959616879,From MOVES5,2039,ON
T_LDV_LTF_GSL_PHEV50_N,2035,0.941384159,From MOVES5,2040,ON
T_LDV_LTF_GSL_PHEV50_N,2035,0.918790939,From MOVES5,2041,ON
T_LDV_LTF_GSL_PHEV50_N,2035,0.891227211,From MOVES5,2042,ON
T_LDV_LTF_GSL_PHEV50_N,2035,0.859143031,From MOVES5,2043,ON
T_LDV_LTF_GSL_PHEV50_N,2035,0.823059024,From MOVES5,2044,ON
T_LDV_LTF_GSL_PHEV50_N,2035,0.783552191,From MOVES5,2045,ON
T_LDV_LTF_GSL_PHEV50_N,2035,0.741240372,From MOVES5,2046,ON
T_LDV_LTF_GSL_PHEV50_N,2035,0.69676595,From MOVES5,2047,ON
T_LDV_LTF_GSL_PHEV50_N,2035,0.651476163,From MOVES5,2048,ON
T_LDV_LTF_GSL_PHEV50_N,2035,0.605221356,From MOVES5,2049,ON
T_LDV_LTF_GSL_PHEV50_N,2035,0.552567098,From MOVES5,2050,ON
T_LDV_LTF_GSL_PHEV50_N,2035,0.501730925,From MOVES5,2051,ON
T_LDV_LTF_GSL_PHEV50_N,2035,0.453063025,From MOVES5,2052,ON
T_LDV_LTF_GSL_PHEV50_N,2035,0.406850596,From MOVES5,2053,ON
T_LDV_LTF_GSL_PHEV50_N,2035,0.363724433,From MOVES5,2054,ON
T_LDV_LTF_GSL_PHEV50_N,2035,0.32407847,From MOVES5,2055,ON
T_LDV_LTF_GSL_PHEV50_N,2035,0.287781681,From MOVES5,2056,ON
T_LDV_LTF_GSL_PHEV50_N,2035,0.254686788,From MOVES5,2057,ON
T_LDV_LTF_GSL_PHEV50_N,2035,0.224888434,From MOVES5,2058,ON
T_LDV_LTF_GSL_PHEV50_N,2035,0.197901822,From MOVES5,2059,ON
T_LDV_LTF_GSL_PHEV50_N,2035,0.173955701,From MOVES5,2060,ON
T_LDV_LTF_GSL_PHEV50_N,2035,0.15255915,From MOVES5,2061,ON
T_LDV_LTF_GSL_PHEV50_N,2035,0.133489256,From MOVES5,2062,ON
T_LDV_LTF_GSL_PHEV50_N,2035,0.116803099,From MOVES5,2063,ON
T_LDV_LTF_GSL_PHEV50_N,2035,0.101969106,From MOVES5,2064,ON
T_LDV_LTF_GSL_PHEV50_N,2035,0.08891706,From MOVES5,2065,ON
T_LDV_LTF_GSL_PHEV50_N,2035,0.077446759,From MOVES5,2066,ON
T_LDV_LTF_GSL_PHEV50_N,2035,0.067378681,From MOVES5,2067,ON
T_LDV_LTF_GSL_PHEV50_N,2035,0.058552073,From MOVES5,2068,ON
T_LDV_LTF_GSL_PHEV50_N,2035,0.0508232,From MOVES5,2069,ON
T_LDV_LTF_GSL_PHEV50_N,2035,0.044063714,From MOVES5,2070,ON
T_LDV_LTF_GSL_PHEV50_N,2035,0.038159177,From MOVES5,2071,ON
T_LDV_LTF_GSL_PHEV50_N,2035,0.033007688,From MOVES5,2072,ON
T_LDV_LTF_GSL_PHEV50_N,2035,0.028518642,From MOVES5,2073,ON
T_LDV_LTF_GSL_PHEV50_N,2035,0.024611588,From MOVES5,2074,ON
T_LDV_LTF_GSL_PHEV50_N,2035,0.021215189,From MOVES5,2075,ON
T_LDV_LTF_GSL_PHEV50_N,2035,0.018266278,From MOVES5,2076,ON
T_LDV_LTF_GSL_PHEV50_N,2035,0,From MOVES5,2077,ON
T_LDV_LTF_GSL_PHEV50_N,2040,1,From MOVES5,2040,ON
T_LDV_LTF_GSL_PHEV50_N,2040,0.991,From MOVES5,2041,ON
T_LDV_LTF_GSL_PHEV50_N,2040,0.982081,From MOVES5,2042,ON
T_LDV_LTF_GSL_PHEV50_N,2040,0.973242271,From MOVES5,2043,ON
T_LDV_LTF_GSL_PHEV50_N,2040,0.959616879,From MOVES5,2044,ON
T_LDV_LTF_GSL_PHEV50_N,2040,0.941384159,From MOVES5,2045,ON
T_LDV_LTF_GSL_PHEV50_N,2040,0.918790939,From MOVES5,2046,ON
T_LDV_LTF_GSL_PHEV50_N,2040,0.891227211,From MOVES5,2047,ON
T_LDV_LTF_GSL_PHEV50_N,2040,0.859143031,From MOVES5,2048,ON
T_LDV_LTF_GSL_PHEV50_N,2040,0.823059024,From MOVES5,2049,ON
T_LDV_LTF_GSL_PHEV50_N,2040,0.783552191,From MOVES5,2050,ON
T_LDV_LTF_GSL_PHEV50_N,2040,0.741240372,From MOVES5,2051,ON
T_LDV_LTF_GSL_PHEV50_N,2040,0.69676595,From MOVES5,2052,ON
T_LDV_LTF_GSL_PHEV50_N,2040,0.651476163,From MOVES5,2053,ON
T_LDV_LTF_GSL_PHEV50_N,2040,0.605221356,From MOVES5,2054,ON
T_LDV_LTF_GSL_PHEV50_N,2040,0.552567098,From MOVES5,2055,ON
T_LDV_LTF_GSL_PHEV50_N,2040,0.501730925,From MOVES5,2056,ON
T_LDV_LTF_GSL_PHEV50_N,2040,0.453063025,From MOVES5,2057,ON
T_LDV_LTF_GSL_PHEV50_N,2040,0.406850596,From MOVES5,2058,ON
T_LDV_LTF_GSL_PHEV50_N,2040,0.363724433,From MOVES5,2059,ON
T_LDV_LTF_GSL_PHEV50_N,2040,0.32407847,From MOVES5,2060,ON
T_LDV_LTF_GSL_PHEV50_N,2040,0.287781681,From MOVES5,2061,ON
T_LDV_LTF_GSL_PHEV50_N,2040,0.254686788,From MOVES5,2062,ON
T_LDV_LTF_GSL_PHEV50_N,2040,0.224888434,From MOVES5,2063,ON
T_LDV_LTF_GSL_PHEV50_N,2040,0.197901822,From MOVES5,2064,ON
T_LDV_LTF_GSL_PHEV50_N,2040,0.173955701,From MOVES5,2065,ON
T_LDV_LTF_GSL_PHEV50_N,2040,0.15255915,From MOVES5,2066,ON
T_LDV_LTF_GSL_PHEV50_N,2040,0.133489256,From MOVES5,2067,ON
T_LDV_LTF_GSL_PHEV50_N,2040,0.116803099,From MOVES5,2068,ON
T_LDV_LTF_GSL_PHEV50_N,2040,0.101969106,From MOVES5,2069,ON
T_LDV_LTF_GSL_PHEV50_N,2040,0.08891706,From MOVES5,2070,ON
T_LDV_LTF_GSL_PHEV50_N,2040,0.077446759,From MOVES5,2071,ON
T_LDV_LTF_GSL_PHEV50_N,2040,0.067378681,From MOVES5,2072,ON
T_LDV_LTF_GSL_PHEV50_N,2040,0.058552073,From MOVES5,2073,ON
T_LDV_LTF_GSL_PHEV50_N,2040,0.0508232,From MOVES5,2074,ON
T_LDV_LTF_GSL_PHEV50_N,2040,0.044063714,From MOVES5,2075,ON
T_LDV_LTF_GSL_PHEV50_N,2040,0.038159177,From MOVES5,2076,ON
T_LDV_LTF_GSL_PHEV50_N,2040,0.033007688,From MOVES5,2077,ON
T_LDV_LTF_GSL_PHEV50_N,2040,0.028518642,From MOVES5,2078,ON
T_LDV_LTF_GSL_PHEV50_N,2040,0.024611588,From MOVES5,2079,ON
T_LDV_LTF_GSL_PHEV50_N,2040,0.021215189,From MOVES5,2080,ON
T_LDV_LTF_GSL_PHEV50_N,2040,0.018266278,From MOVES5,2081,ON
T_LDV_LTF_GSL_PHEV50_N,2040,0,From MOVES5,2082,ON
T_LDV_LTF_GSL_PHEV50_N,2045,1,From MOVES5,2045,ON
T_LDV_LTF_GSL_PHEV50_N,2045,0.991,From MOVES5,2046,ON
T_LDV_LTF_GSL_PHEV50_N,2045,0.982081,From MOVES5,2047,ON
T_LDV_LTF_GSL_PHEV50_N,2045,0.973242271,From MOVES5,2048,ON
T_LDV_LTF_GSL_PHEV50_N,2045,0.959616879,From MOVES5,2049,ON
T_LDV_LTF_GSL_PHEV50_N,2045,0.941384159,From MOVES5,2050,ON
T_LDV_LTF_GSL_PHEV50_N,2045,0.918790939,From MOVES5,2051,ON
T_LDV_LTF_GSL_PHEV50_N,2045,0.891227211,From MOVES5,2052,ON
T_LDV_LTF_GSL_PHEV50_N,2045,0.859143031,From MOVES5,2053,ON
T_LDV_LTF_GSL_PHEV50_N,2045,0.823059024,From MOVES5,2054,ON
T_LDV_LTF_GSL_PHEV50_N,2045,0.783552191,From MOVES5,2055,ON
T_LDV_LTF_GSL_PHEV50_N,2045,0.741240372,From MOVES5,2056,ON
T_LDV_LTF_GSL_PHEV50_N,2045,0.69676595,From MOVES5,2057,ON
T_LDV_LTF_GSL_PHEV50_N,2045,0.651476163,From MOVES5,2058,ON
T_LDV_LTF_GSL_PHEV50_N,2045,0.605221356,From MOVES5,2059,ON
T_LDV_LTF_GSL_PHEV50_N,2045,0.552567098,From MOVES5,2060,ON
T_LDV_LTF_GSL_PHEV50_N,2045,0.501730925,From MOVES5,2061,ON
T_LDV_LTF_GSL_PHEV50_N,2045,0.453063025,From MOVES5,2062,ON
T_LDV_LTF_GSL_PHEV50_N,2045,0.406850596,From MOVES5,2063,ON
T_LDV_LTF_GSL_PHEV50_N,2045,0.363724433,From MOVES5,2064,ON
T_LDV_LTF_GSL_PHEV50_N,2045,0.32407847,From MOVES5,2065,ON
T_LDV_LTF_GSL_PHEV50_N,2045,0.287781681,From MOVES5,2066,ON
T_LDV_LTF_GSL_PHEV50_N,2045,0.254686788,From MOVES5,2067,ON
T_LDV_LTF_GSL_PHEV50_N,2045,0.224888434,From MOVES5,2068,ON
T_LDV_LTF_GSL_PHEV50_N,2045,0.197901822,From MOVES5,2069,ON
T_LDV_LTF_GSL_PHEV50_N,2045,0.173955701,From MOVES5,2070,ON
T_LDV_LTF_GSL_PHEV50_N,2045,0.15255915,From MOVES5,2071,ON
T_LDV_LTF_GSL_PHEV50_N,2045,0.133489256,From MOVES5,2072,ON
T_LDV_LTF_GSL_PHEV50_N,2045,0.116803099,From MOVES5,2073,ON
T_LDV_LTF_GSL_PHEV50_N,2045,0.101969106,From MOVES5,2074,ON
T_LDV_LTF_GSL_PHEV50_N,2045,0.08891706,From MOVES5,2075,ON
T_LDV_LTF_GSL_PHEV50_N,2045,0.077446759,From MOVES5,2076,ON
T_LDV_LTF_GSL_PHEV50_N,2045,0.067378681,From MOVES5,2077,ON
T_LDV_LTF_GSL_PHEV50_N,2045,0.058552073,From MOVES5,2078,ON
T_LDV_LTF_GSL_PHEV50_N,2045,0.0508232,From MOVES5,2079,ON
T_LDV_LTF_GSL_PHEV50_N,2045,0.044063714,From MOVES5,2080,ON
T_LDV_LTF_GSL_PHEV50_N,2045,0.038159177,From MOVES5,2081,ON
T_LDV_LTF_GSL_PHEV50_N,2045,0.033007688,From MOVES5,2082,ON
T_LDV_LTF_GSL_PHEV50_N,2045,0.028518642,From MOVES5,2083,ON
T_LDV_LTF_GSL_PHEV50_N,2045,0.024611588,From MOVES5,2084,ON
T_LDV_LTF_GSL_PHEV50_N,2045,0.021215189,From MOVES5,2085,ON
T_LDV_LTF_GSL_PHEV50_N,2045,0.018266278,From MOVES5,2086,ON
T_LDV_LTF_GSL_PHEV50_N,2045,0,From MOVES5,2087,ON
T_LDV_LTF_GSL_PHEV50_N,2050,1,From MOVES5,2050,ON
T_LDV_LTF_GSL_PHEV50_N,2050,0.991,From MOVES5,2051,ON
T_LDV_LTF_GSL_PHEV50_N,2050,0.982081,From MOVES5,2052,ON
T_LDV_LTF_GSL_PHEV50_N,2050,0.973242271,From MOVES5,2053,ON
T_LDV_LTF_GSL_PHEV50_N,2050,0.959616879,From MOVES5,2054,ON
T_LDV_LTF_GSL_PHEV50_N,2050,0.941384159,From MOVES5,2055,ON
T_LDV_LTF_GSL_PHEV50_N,2050,0.918790939,From MOVES5,2056,ON
T_LDV_LTF_GSL_PHEV50_N,2050,0.891227211,From MOVES5,2057,ON
T_LDV_LTF_GSL_PHEV50_N,2050,0.859143031,From MOVES5,2058,ON
T_LDV_LTF_GSL_PHEV50_N,2050,0.823059024,From MOVES5,2059,ON
T_LDV_LTF_GSL_PHEV50_N,2050,0.783552191,From MOVES5,2060,ON
T_LDV_LTF_GSL_PHEV50_N,2050,0.741240372,From MOVES5,2061,ON
T_LDV_LTF_GSL_PHEV50_N,2050,0.69676595,From MOVES5,2062,ON
T_LDV_LTF_GSL_PHEV50_N,2050,0.651476163,From MOVES5,2063,ON
T_LDV_LTF_GSL_PHEV50_N,2050,0.605221356,From MOVES5,2064,ON
T_LDV_LTF_GSL_PHEV50_N,2050,0.552567098,From MOVES5,2065,ON
T_LDV_LTF_GSL_PHEV50_N,2050,0.501730925,From MOVES5,2066,ON
T_LDV_LTF_GSL_PHEV50_N,2050,0.453063025,From MOVES5,2067,ON
T_LDV_LTF_GSL_PHEV50_N,2050,0.406850596,From MOVES5,2068,ON
T_LDV_LTF_GSL_PHEV50_N,2050,0.363724433,From MOVES5,2069,ON
T_LDV_LTF_GSL_PHEV50_N,2050,0.32407847,From MOVES5,2070,ON
T_LDV_LTF_GSL_PHEV50_N,2050,0.287781681,From MOVES5,2071,ON
T_LDV_LTF_GSL_PHEV50_N,2050,0.254686788,From MOVES5,2072,ON
T_LDV_LTF_GSL_PHEV50_N,2050,0.224888434,From MOVES5,2073,ON
T_LDV_LTF_GSL_PHEV50_N,2050,0.197901822,From MOVES5,2074,ON
T_LDV_LTF_GSL_PHEV50_N,2050,0.173955701,From MOVES5,2075,ON
T_LDV_LTF_GSL_PHEV50_N,2050,0.15255915,From MOVES5,2076,ON
T_LDV_LTF_GSL_PHEV50_N,2050,0.133489256,From MOVES5,2077,ON
T_LDV_LTF_GSL_PHEV50_N,2050,0.116803099,From MOVES5,2078,ON
T_LDV_LTF_GSL_PHEV50_N,2050,0.101969106,From MOVES5,2079,ON
T_LDV_LTF_GSL_PHEV50_N,2050,0.08891706,From MOVES5,2080,ON
T_LDV_LTF_GSL_PHEV50_N,2050,0.077446759,From MOVES5,2081,ON
T_LDV_LTF_GSL_PHEV50_N,2050,0.067378681,From MOVES5,2082,ON
T_LDV_LTF_GSL_PHEV50_N,2050,0.058552073,From MOVES5,2083,ON
T_LDV_LTF_GSL_PHEV50_N,2050,0.0508232,From MOVES5,2084,ON
T_LDV_LTF_GSL_PHEV50_N,2050,0.044063714,From MOVES5,2085,ON
T_LDV_LTF_GSL_PHEV50_N,2050,0.038159177,From MOVES5,2086,ON
T_LDV_LTF_GSL_PHEV50_N,2050,0.033007688,From MOVES5,2087,ON
T_LDV_LTF_GSL_PHEV50_N,2050,0.028518642,From MOVES5,2088,ON
T_LDV_LTF_GSL_PHEV50_N,2050,0.024611588,From MOVES5,2089,ON
T_LDV_LTF_GSL_PHEV50_N,2050,0.021215189,From MOVES5,2090,ON
T_LDV_LTF_GSL_PHEV50_N,2050,0.018266278,From MOVES5,2091,ON
T_LDV_LTF_GSL_PHEV50_N,2050,0,From MOVES5,2092,ON
T_MDV_T_BEV_N,2025,1,From MOVES5,2025,ON
T_MDV_T_BEV_N,2025,1,From MOVES5,2026,ON
T_MDV_T_BEV_N,2025,1,From MOVES5,2027,ON
T_MDV_T_BEV_N,2025,1,From MOVES5,2028,ON
T_MDV_T_BEV_N,2025,1,From MOVES5,2029,ON
T_MDV_T_BEV_N,2025,0.99,From MOVES5,2030,ON
T_MDV_T_BEV_N,2025,0.9702,From MOVES5,2031,ON
T_MDV_T_BEV_N,2025,0.950796,From MOVES5,2032,ON
T_MDV_T_BEV_N,2025,0.92227212,From MOVES5,2033,ON
T_MDV_T_BEV_N,2025,0.894603956,From MOVES5,2034,ON
T_MDV_T_BEV_N,2025,0.867765838,From MOVES5,2035,ON
T_MDV_T_BEV_N,2025,0.833055204,From MOVES5,2036,ON
T_MDV_T_BEV_N,2025,0.799732996,From MOVES5,2037,ON
T_MDV_T_BEV_N,2025,0.759746346,From MOVES5,2038,ON
T_MDV_T_BEV_N,2025,0.721759029,From MOVES5,2039,ON
T_MDV_T_BEV_N,2025,0.685671077,From MOVES5,2040,ON
T_MDV_T_BEV_N,2025,0.644530813,From MOVES5,2041,ON
T_MDV_T_BEV_N,2025,0.605858964,From MOVES5,2042,ON
T_MDV_T_BEV_N,2025,0.563448837,From MOVES5,2043,ON
T_MDV_T_BEV_N,2025,0.524007418,From MOVES5,2044,ON
T_MDV_T_BEV_N,2025,0.482086825,From MOVES5,2045,ON
T_MDV_T_BEV_N,2025,0.443519879,From MOVES5,2046,ON
T_MDV_T_BEV_N,2025,0.408038288,From MOVES5,2047,ON
T_MDV_T_BEV_N,2025,0.371314842,From MOVES5,2048,ON
T_MDV_T_BEV_N,2025,0.337896507,From MOVES5,2049,ON
T_MDV_T_BEV_N,2025,0.307485821,From MOVES5,2050,ON
T_MDV_T_BEV_N,2025,0.276737239,From MOVES5,2051,ON
T_MDV_T_BEV_N,2025,0.249063515,From MOVES5,2052,ON
T_MDV_T_BEV_N,2025,0.224157163,From MOVES5,2053,ON
T_MDV_T_BEV_N,2025,0.199499876,From MOVES5,2054,ON
T_MDV_T_BEV_N,2025,0.177554889,From MOVES5,2055,ON
T_MDV_T_BEV_N,2025,0.158023851,From MOVES5,2056,ON
T_MDV_T_BEV_N,2025,0.139060989,From MOVES5,2057,ON
T_MDV_T_BEV_N,2025,0.122373671,From MOVES5,2058,ON
T_MDV_T_BEV_N,2025,0.10768883,From MOVES5,2059,ON
T_MDV_T_BEV_N,2025,0.093689282,From MOVES5,2060,ON
T_MDV_T_BEV_N,2025,0.081509675,From MOVES5,2061,ON
T_MDV_T_BEV_N,2025,0.070913418,From MOVES5,2062,ON
T_MDV_T_BEV_N,2025,0.060985539,From MOVES5,2063,ON
T_MDV_T_BEV_N,2025,0.052447564,From MOVES5,2064,ON
T_MDV_T_BEV_N,2025,0.045104905,From MOVES5,2065,ON
T_MDV_T_BEV_N,2025,0.038339169,From MOVES5,2066,ON
T_MDV_T_BEV_N,2025,0,From MOVES5,2067,ON
T_MDV_T_BEV_N,2030,1,From MOVES5,2030,ON
T_MDV_T_BEV_N,2030,1,From MOVES5,2031,ON
T_MDV_T_BEV_N,2030,1,From MOVES5,2032,ON
T_MDV_T_BEV_N,2030,1,From MOVES5,2033,ON
T_MDV_T_BEV_N,2030,1,From MOVES5,2034,ON
T_MDV_T_BEV_N,2030,0.99,From MOVES5,2035,ON
T_MDV_T_BEV_N,2030,0.9702,From MOVES5,2036,ON
T_MDV_T_BEV_N,2030,0.950796,From MOVES5,2037,ON
T_MDV_T_BEV_N,2030,0.92227212,From MOVES5,2038,ON
T_MDV_T_BEV_N,2030,0.894603956,From MOVES5,2039,ON
T_MDV_T_BEV_N,2030,0.867765838,From MOVES5,2040,ON
T_MDV_T_BEV_N,2030,0.833055204,From MOVES5,2041,ON
T_MDV_T_BEV_N,2030,0.799732996,From MOVES5,2042,ON
T_MDV_T_BEV_N,2030,0.759746346,From MOVES5,2043,ON
T_MDV_T_BEV_N,2030,0.721759029,From MOVES5,2044,ON
T_MDV_T_BEV_N,2030,0.685671077,From MOVES5,2045,ON
T_MDV_T_BEV_N,2030,0.644530813,From MOVES5,2046,ON
T_MDV_T_BEV_N,2030,0.605858964,From MOVES5,2047,ON
T_MDV_T_BEV_N,2030,0.563448837,From MOVES5,2048,ON
T_MDV_T_BEV_N,2030,0.524007418,From MOVES5,2049,ON
T_MDV_T_BEV_N,2030,0.482086825,From MOVES5,2050,ON
T_MDV_T_BEV_N,2030,0.443519879,From MOVES5,2051,ON
T_MDV_T_BEV_N,2030,0.408038288,From MOVES5,2052,ON
T_MDV_T_BEV_N,2030,0.371314842,From MOVES5,2053,ON
T_MDV_T_BEV_N,2030,0.337896507,From MOVES5,2054,ON
T_MDV_T_BEV_N,2030,0.307485821,From MOVES5,2055,ON
T_MDV_T_BEV_N,2030,0.276737239,From MOVES5,2056,ON
T_MDV_T_BEV_N,2030,0.249063515,From MOVES5,2057,ON
T_MDV_T_BEV_N,2030,0.224157163,From MOVES5,2058,ON
T_MDV_T_BEV_N,2030,0.199499876,From MOVES5,2059,ON
T_MDV_T_BEV_N,2030,0.177554889,From MOVES5,2060,ON
T_MDV_T_BEV_N,2030,0.158023851,From MOVES5,2061,ON
T_MDV_T_BEV_N,2030,0.139060989,From MOVES5,2062,ON
T_MDV_T_BEV_N,2030,0.122373671,From MOVES5,2063,ON
T_MDV_T_BEV_N,2030,0.10768883,From MOVES5,2064,ON
T_MDV_T_BEV_N,2030,0.093689282,From MOVES5,2065,ON
T_MDV_T_BEV_N,2030,0.081509675,From MOVES5,2066,ON
T_MDV_T_BEV_N,2030,0.070913418,From MOVES5,2067,ON
T_MDV_T_BEV_N,2030,0.060985539,From MOVES5,2068,ON
T_MDV_T_BEV_N,2030,0.052447564,From MOVES5,2069,ON
T_MDV_T_BEV_N,2030,0.045104905,From MOVES5,2070,ON
T_MDV_T_BEV_N,2030,0.038339169,From MOVES5,2071,ON
T_MDV_T_BEV_N,2030,0,From MOVES5,2072,ON
T_MDV_T_BEV_N,2035,1,From MOVES5,2035,ON
T_MDV_T_BEV_N,2035,1,From MOVES5,2036,ON
T_MDV_T_BEV_N,2035,1,From MOVES5,2037,ON
T_MDV_T_BEV_N,2035,1,From MOVES5,2038,ON
T_MDV_T_BEV_N,2035,1,From MOVES5,2039,ON
T_MDV_T_BEV_N,2035,0.99,From MOVES5,2040,ON
T_MDV_T_BEV_N,2035,0.9702,From MOVES5,2041,ON
T_MDV_T_BEV_N,2035,0.950796,From MOVES5,2042,ON
T_MDV_T_BEV_N,2035,0.92227212,From MOVES5,2043,ON
T_MDV_T_BEV_N,2035,0.894603956,From MOVES5,2044,ON
T_MDV_T_BEV_N,2035,0.867765838,From MOVES5,2045,ON
T_MDV_T_BEV_N,2035,0.833055204,From MOVES5,2046,ON
T_MDV_T_BEV_N,2035,0.799732996,From MOVES5,2047,ON
T_MDV_T_BEV_N,2035,0.759746346,From MOVES5,2048,ON
T_MDV_T_BEV_N,2035,0.721759029,From MOVES5,2049,ON
T_MDV_T_BEV_N,2035,0.685671077,From MOVES5,2050,ON
T_MDV_T_BEV_N,2035,0.644530813,From MOVES5,2051,ON
T_MDV_T_BEV_N,2035,0.605858964,From MOVES5,2052,ON
T_MDV_T_BEV_N,2035,0.563448837,From MOVES5,2053,ON
T_MDV_T_BEV_N,2035,0.524007418,From MOVES5,2054,ON
T_MDV_T_BEV_N,2035,0.482086825,From MOVES5,2055,ON
T_MDV_T_BEV_N,2035,0.443519879,From MOVES5,2056,ON
T_MDV_T_BEV_N,2035,0.408038288,From MOVES5,2057,ON
T_MDV_T_BEV_N,2035,0.371314842,From MOVES5,2058,ON
T_MDV_T_BEV_N,2035,0.337896507,From MOVES5,2059,ON
T_MDV_T_BEV_N,2035,0.307485821,From MOVES5,2060,ON
T_MDV_T_BEV_N,2035,0.276737239,From MOVES5,2061,ON
T_MDV_T_BEV_N,2035,0.249063515,From MOVES5,2062,ON
T_MDV_T_BEV_N,2035,0.224157163,From MOVES5,2063,ON
T_MDV_T_BEV_N,2035,0.199499876,From MOVES5,2064,ON
T_MDV_T_BEV_N,2035,0.177554889,From MOVES5,2065,ON
T_MDV_T_BEV_N,2035,0.158023851,From MOVES5,2066,ON
T_MDV_T_BEV_N,2035,0.139060989,From MOVES5,2067,ON
T_MDV_T_BEV_N,2035,0.122373671,From MOVES5,2068,ON
T_MDV_T_BEV_N,2035,0.10768883,From MOVES5,2069,ON
T_MDV_T_BEV_N,2035,0.093689282,From MOVES5,2070,ON
T_MDV_T_BEV_N,2035,0.081509675,From MOVES5,2071,ON
T_MDV_T_BEV_N,2035,0.070913418,From MOVES5,2072,ON
T_MDV_T_BEV_N,2035,0.060985539,From MOVES5,2073,ON
T_MDV_T_BEV_N,2035,0.052447564,From MOVES5,2074,ON
T_MDV_T_BEV_N,2035,0.045104905,From MOVES5,2075,ON
T_MDV_T_BEV_N,2035,0.038339169,From MOVES5,2076,ON
T_MDV_T_BEV_N,2035,0,From MOVES5,2077,ON
T_MDV_T_BEV_N,2040,1,From MOVES5,2040,ON
T_MDV_T_BEV_N,2040,1,From MOVES5,2041,ON
T_MDV_T_BEV_N,2040,1,From MOVES5,2042,ON
T_MDV_T_BEV_N,2040,1,From MOVES5,2043,ON
T_MDV_T_BEV_N,2040,1,From MOVES5,2044,ON
T_MDV_T_BEV_N,2040,0.99,From MOVES5,2045,ON
T_MDV_T_BEV_N,2040,0.9702,From MOVES5,2046,ON
T_MDV_T_BEV_N,2040,0.950796,From MOVES5,2047,ON
T_MDV_T_BEV_N,2040,0.92227212,From MOVES5,2048,ON
T_MDV_T_BEV_N,2040,0.894603956,From MOVES5,2049,ON
T_MDV_T_BEV_N,2040,0.867765838,From MOVES5,2050,ON
T_MDV_T_BEV_N,2040,0.833055204,From MOVES5,2051,ON
T_MDV_T_BEV_N,2040,0.799732996,From MOVES5,2052,ON
T_MDV_T_BEV_N,2040,0.759746346,From MOVES5,2053,ON
T_MDV_T_BEV_N,2040,0.721759029,From MOVES5,2054,ON
T_MDV_T_BEV_N,2040,0.685671077,From MOVES5,2055,ON
T_MDV_T_BEV_N,2040,0.644530813,From MOVES5,2056,ON
T_MDV_T_BEV_N,2040,0.605858964,From MOVES5,2057,ON
T_MDV_T_BEV_N,2040,0.563448837,From MOVES5,2058,ON
T_MDV_T_BEV_N,2040,0.524007418,From MOVES5,2059,ON
T_MDV_T_BEV_N,2040,0.482086825,From MOVES5,2060,ON
T_MDV_T_BEV_N,2040,0.443519879,From MOVES5,2061,ON
T_MDV_T_BEV_N,2040,0.408038288,From MOVES5,2062,ON
T_MDV_T_BEV_N,2040,0.371314842,From MOVES5,2063,ON
T_MDV_T_BEV_N,2040,0.337896507,From MOVES5,2064,ON
T_MDV_T_BEV_N,2040,0.307485821,From MOVES5,2065,ON
T_MDV_T_BEV_N,2040,0.276737239,From MOVES5,2066,ON
T_MDV_T_BEV_N,2040,0.249063515,From MOVES5,2067,ON
T_MDV_T_BEV_N,2040,0.224157163,From MOVES5,2068,ON
T_MDV_T_BEV_N,2040,0.199499876,From MOVES5,2069,ON
T_MDV_T_BEV_N,2040,0.177554889,From MOVES5,2070,ON
T_MDV_T_BEV_N,2040,0.158023851,From MOVES5,2071,ON
T_MDV_T_BEV_N,2040,0.139060989,From MOVES5,2072,ON
T_MDV_T_BEV_N,2040,0.122373671,From MOVES5,2073,ON
T_MDV_T_BEV_N,2040,0.10768883,From MOVES5,2074,ON
T_MDV_T_BEV_N,2040,0.093689282,From MOVES5,2075,ON
T_MDV_T_BEV_N,2040,0.081509675,From MOVES5,2076,ON
T_MDV_T_BEV_N,2040,0.070913418,From MOVES5,2077,ON
T_MDV_T_BEV_N,2040,0.060985539,From MOVES5,2078,ON
T_MDV_T_BEV_N,2040,0.052447564,From MOVES5,2079,ON
T_MDV_T_BEV_N,2040,0.045104905,From MOVES5,2080,ON
T_MDV_T_BEV_N,2040,0.038339169,From MOVES5,2081,ON
T_MDV_T_BEV_N,2040,0,From MOVES5,2082,ON
T_MDV_T_BEV_N,2045,1,From MOVES5,2045,ON
T_MDV_T_BEV_N,2045,1,From MOVES5,2046,ON
T_MDV_T_BEV_N,2045,1,From MOVES5,2047,ON
T_MDV_T_BEV_N,2045,1,From MOVES5,2048,ON
T_MDV_T_BEV_N,2045,1,From MOVES5,2049,ON
T_MDV_T_BEV_N,2045,0.99,From MOVES5,2050,ON
T_MDV_T_BEV_N,2045,0.9702,From MOVES5,2051,ON
T_MDV_T_BEV_N,2045,0.950796,From MOVES5,2052,ON
T_MDV_T_BEV_N,2045,0.92227212,From MOVES5,2053,ON
T_MDV_T_BEV_N,2045,0.894603956,From MOVES5,2054,ON
T_MDV_T_BEV_N,2045,0.867765838,From MOVES5,2055,ON
T_MDV_T_BEV_N,2045,0.833055204,From MOVES5,2056,ON
T_MDV_T_BEV_N,2045,0.799732996,From MOVES5,2057,ON
T_MDV_T_BEV_N,2045,0.759746346,From MOVES5,2058,ON
T_MDV_T_BEV_N,2045,0.721759029,From MOVES5,2059,ON
T_MDV_T_BEV_N,2045,0.685671077,From MOVES5,2060,ON
T_MDV_T_BEV_N,2045,0.644530813,From MOVES5,2061,ON
T_MDV_T_BEV_N,2045,0.605858964,From MOVES5,2062,ON
T_MDV_T_BEV_N,2045,0.563448837,From MOVES5,2063,ON
T_MDV_T_BEV_N,2045,0.524007418,From MOVES5,2064,ON
T_MDV_T_BEV_N,2045,0.482086825,From MOVES5,2065,ON
T_MDV_T_BEV_N,2045,0.443519879,From MOVES5,2066,ON
T_MDV_T_BEV_N,2045,0.408038288,From MOVES5,2067,ON
T_MDV_T_BEV_N,2045,0.371314842,From MOVES5,2068,ON
T_MDV_T_BEV_N,2045,0.337896507,From MOVES5,2069,ON
T_MDV_T_BEV_N,2045,0.307485821,From MOVES5,2070,ON
T_MDV_T_BEV_N,2045,0.276737239,From MOVES5,2071,ON
T_MDV_T_BEV_N,2045,0.249063515,From MOVES5,2072,ON
T_MDV_T_BEV_N,2045,0.224157163,From MOVES5,2073,ON
T_MDV_T_BEV_N,2045,0.199499876,From MOVES5,2074,ON
T_MDV_T_BEV_N,2045,0.177554889,From MOVES5,2075,ON
T_MDV_T_BEV_N,2045,0.158023851,From MOVES5,2076,ON
T_MDV_T_BEV_N,2045,0.139060989,From MOVES5,2077,ON
T_MDV_T_BEV_N,2045,0.122373671,From MOVES5,2078,ON
T_MDV_T_BEV_N,2045,0.10768883,From MOVES5,2079,ON
T_MDV_T_BEV_N,2045,0.093689282,From MOVES5,2080,ON
T_MDV_T_BEV_N,2045,0.081509675,From MOVES5,2081,ON
T_MDV_T_BEV_N,2045,0.070913418,From MOVES5,2082,ON
T_MDV_T_BEV_N,2045,0.060985539,From MOVES5,2083,ON
T_MDV_T_BEV_N,2045,0.052447564,From MOVES5,2084,ON
T_MDV_T_BEV_N,2045,0.045104905,From MOVES5,2085,ON
T_MDV_T_BEV_N,2045,0.038339169,From MOVES5,2086,ON
T_MDV_T_BEV_N,2045,0,From MOVES5,2087,ON
T_MDV_T_BEV_N,2050,1,From MOVES5,2050,ON
T_MDV_T_BEV_N,2050,1,From MOVES5,2051,ON
T_MDV_T_BEV_N,2050,1,From MOVES5,2052,ON
T_MDV_T_BEV_N,2050,1,From MOVES5,2053,ON
T_MDV_T_BEV_N,2050,1,From MOVES5,2054,ON
T_MDV_T_BEV_N,2050,0.99,From MOVES5,2055,ON
T_MDV_T_BEV_N,2050,0.9702,From MOVES5,2056,ON
T_MDV_T_BEV_N,2050,0.950796,From MOVES5,2057,ON
T_MDV_T_BEV_N,2050,0.92227212,From MOVES5,2058,ON
T_MDV_T_BEV_N,2050,0.894603956,From MOVES5,2059,ON
T_MDV_T_BEV_N,2050,0.867765838,From MOVES5,2060,ON
T_MDV_T_BEV_N,2050,0.833055204,From MOVES5,2061,ON
T_MDV_T_BEV_N,2050,0.799732996,From MOVES5,2062,ON
T_MDV_T_BEV_N,2050,0.759746346,From MOVES5,2063,ON
T_MDV_T_BEV_N,2050,0.721759029,From MOVES5,2064,ON
T_MDV_T_BEV_N,2050,0.685671077,From MOVES5,2065,ON
T_MDV_T_BEV_N,2050,0.644530813,From MOVES5,2066,ON
T_MDV_T_BEV_N,2050,0.605858964,From MOVES5,2067,ON
T_MDV_T_BEV_N,2050,0.563448837,From MOVES5,2068,ON
T_MDV_T_BEV_N,2050,0.524007418,From MOVES5,2069,ON
T_MDV_T_BEV_N,2050,0.482086825,From MOVES5,2070,ON
T_MDV_T_BEV_N,2050,0.443519879,From MOVES5,2071,ON
T_MDV_T_BEV_N,2050,0.408038288,From MOVES5,2072,ON
T_MDV_T_BEV_N,2050,0.371314842,From MOVES5,2073,ON
T_MDV_T_BEV_N,2050,0.337896507,From MOVES5,2074,ON
T_MDV_T_BEV_N,2050,0.307485821,From MOVES5,2075,ON
T_MDV_T_BEV_N,2050,0.276737239,From MOVES5,2076,ON
T_MDV_T_BEV_N,2050,0.249063515,From MOVES5,2077,ON
T_MDV_T_BEV_N,2050,0.224157163,From MOVES5,2078,ON
T_MDV_T_BEV_N,2050,0.199499876,From MOVES5,2079,ON
T_MDV_T_BEV_N,2050,0.177554889,From MOVES5,2080,ON
T_MDV_T_BEV_N,2050,0.158023851,From MOVES5,2081,ON
T_MDV_T_BEV_N,2050,0.139060989,From MOVES5,2082,ON
T_MDV_T_BEV_N,2050,0.122373671,From MOVES5,2083,ON
T_MDV_T_BEV_N,2050,0.10768883,From MOVES5,2084,ON
T_MDV_T_BEV_N,2050,0.093689282,From MOVES5,2085,ON
T_MDV_T_BEV_N,2050,0.081509675,From MOVES5,2086,ON
T_MDV_T_BEV_N,2050,0.070913418,From MOVES5,2087,ON
T_MDV_T_BEV_N,2050,0.060985539,From MOVES5,2088,ON
T_MDV_T_BEV_N,2050,0.052447564,From MOVES5,2089,ON
T_MDV_T_BEV_N,2050,0.045104905,From MOVES5,2090,ON
T_MDV_T_BEV_N,2050,0.038339169,From MOVES5,2091,ON
T_MDV_T_BEV_N,2050,0,From MOVES5,2092,ON
T_MDV_T_DSL_EX,2005,1,From MOVES5,2005,ON
T_MDV_T_DSL_EX,2005,1,From MOVES5,2006,ON
T_MDV_T_DSL_EX,2005,1,From MOVES5,2007,ON
T_MDV_T_DSL_EX,2005,1,From MOVES5,2008,ON
T_MDV_T_DSL_EX,2005,1,From MOVES5,2009,ON
T_MDV_T_DSL_EX,2005,0.99,From MOVES5,2010,ON
T_MDV_T_DSL_EX,2005,0.9702,From MOVES5,2011,ON
T_MDV_T_DSL_EX,2005,0.950796,From MOVES5,2012,ON
T_MDV_T_DSL_EX,2005,0.92227212,From MOVES5,2013,ON
T_MDV_T_DSL_EX,2005,0.894603956,From MOVES5,2014,ON
T_MDV_T_DSL_EX,2005,0.867765838,From MOVES5,2015,ON
T_MDV_T_DSL_EX,2005,0.833055204,From MOVES5,2016,ON
T_MDV_T_DSL_EX,2005,0.799732996,From MOVES5,2017,ON
T_MDV_T_DSL_EX,2005,0.759746346,From MOVES5,2018,ON
T_MDV_T_DSL_EX,2005,0.721759029,From MOVES5,2019,ON
T_MDV_T_DSL_EX,2005,0.685671077,From MOVES5,2020,ON
T_MDV_T_DSL_EX,2005,0.644530813,From MOVES5,2021,ON
T_MDV_T_DSL_EX,2005,0.605858964,From MOVES5,2022,ON
T_MDV_T_DSL_EX,2005,0.563448837,From MOVES5,2023,ON
T_MDV_T_DSL_EX,2005,0.524007418,From MOVES5,2024,ON
T_MDV_T_DSL_EX,2005,0.482086825,From MOVES5,2025,ON
T_MDV_T_DSL_EX,2005,0.443519879,From MOVES5,2026,ON
T_MDV_T_DSL_EX,2005,0.408038288,From MOVES5,2027,ON
T_MDV_T_DSL_EX,2005,0.371314842,From MOVES5,2028,ON
T_MDV_T_DSL_EX,2005,0.337896507,From MOVES5,2029,ON
T_MDV_T_DSL_EX,2005,0.307485821,From MOVES5,2030,ON
T_MDV_T_DSL_EX,2005,0.276737239,From MOVES5,2031,ON
T_MDV_T_DSL_EX,2005,0.249063515,From MOVES5,2032,ON
T_MDV_T_DSL_EX,2005,0.224157163,From MOVES5,2033,ON
T_MDV_T_DSL_EX,2005,0.199499876,From MOVES5,2034,ON
T_MDV_T_DSL_EX,2005,0.177554889,From MOVES5,2035,ON
T_MDV_T_DSL_EX,2005,0.158023851,From MOVES5,2036,ON
T_MDV_T_DSL_EX,2005,0.139060989,From MOVES5,2037,ON
T_MDV_T_DSL_EX,2005,0.122373671,From MOVES5,2038,ON
T_MDV_T_DSL_EX,2005,0.10768883,From MOVES5,2039,ON
T_MDV_T_DSL_EX,2005,0.093689282,From MOVES5,2040,ON
T_MDV_T_DSL_EX,2005,0.081509675,From MOVES5,2041,ON
T_MDV_T_DSL_EX,2005,0.070913418,From MOVES5,2042,ON
T_MDV_T_DSL_EX,2005,0.060985539,From MOVES5,2043,ON
T_MDV_T_DSL_EX,2005,0.052447564,From MOVES5,2044,ON
T_MDV_T_DSL_EX,2005,0.045104905,From MOVES5,2045,ON
T_MDV_T_DSL_EX,2005,0.038339169,From MOVES5,2046,ON
T_MDV_T_DSL_EX,2005,0,From MOVES5,2047,ON
T_MDV_T_DSL_EX,2010,1,From MOVES5,2010,ON
T_MDV_T_DSL_EX,2010,1,From MOVES5,2011,ON
T_MDV_T_DSL_EX,2010,1,From MOVES5,2012,ON
T_MDV_T_DSL_EX,2010,1,From MOVES5,2013,ON
T_MDV_T_DSL_EX,2010,1,From MOVES5,2014,ON
T_MDV_T_DSL_EX,2010,0.99,From MOVES5,2015,ON
T_MDV_T_DSL_EX,2010,0.9702,From MOVES5,2016,ON
T_MDV_T_DSL_EX,2010,0.950796,From MOVES5,2017,ON
T_MDV_T_DSL_EX,2010,0.92227212,From MOVES5,2018,ON
T_MDV_T_DSL_EX,2010,0.894603956,From MOVES5,2019,ON
T_MDV_T_DSL_EX,2010,0.867765838,From MOVES5,2020,ON
T_MDV_T_DSL_EX,2010,0.833055204,From MOVES5,2021,ON
T_MDV_T_DSL_EX,2010,0.799732996,From MOVES5,2022,ON
T_MDV_T_DSL_EX,2010,0.759746346,From MOVES5,2023,ON
T_MDV_T_DSL_EX,2010,0.721759029,From MOVES5,2024,ON
T_MDV_T_DSL_EX,2010,0.685671077,From MOVES5,2025,ON
T_MDV_T_DSL_EX,2010,0.644530813,From MOVES5,2026,ON
T_MDV_T_DSL_EX,2010,0.605858964,From MOVES5,2027,ON
T_MDV_T_DSL_EX,2010,0.563448837,From MOVES5,2028,ON
T_MDV_T_DSL_EX,2010,0.524007418,From MOVES5,2029,ON
T_MDV_T_DSL_EX,2010,0.482086825,From MOVES5,2030,ON
T_MDV_T_DSL_EX,2010,0.443519879,From MOVES5,2031,ON
T_MDV_T_DSL_EX,2010,0.408038288,From MOVES5,2032,ON
T_MDV_T_DSL_EX,2010,0.371314842,From MOVES5,2033,ON
T_MDV_T_DSL_EX,2010,0.337896507,From MOVES5,2034,ON
T_MDV_T_DSL_EX,2010,0.307485821,From MOVES5,2035,ON
T_MDV_T_DSL_EX,2010,0.276737239,From MOVES5,2036,ON
T_MDV_T_DSL_EX,2010,0.249063515,From MOVES5,2037,ON
T_MDV_T_DSL_EX,2010,0.224157163,From MOVES5,2038,ON
T_MDV_T_DSL_EX,2010,0.199499876,From MOVES5,2039,ON
T_MDV_T_DSL_EX,2010,0.177554889,From MOVES5,2040,ON
T_MDV_T_DSL_EX,2010,0.158023851,From MOVES5,2041,ON
T_MDV_T_DSL_EX,2010,0.139060989,From MOVES5,2042,ON
T_MDV_T_DSL_EX,2010,0.122373671,From MOVES5,2043,ON
T_MDV_T_DSL_EX,2010,0.10768883,From MOVES5,2044,ON
T_MDV_T_DSL_EX,2010,0.093689282,From MOVES5,2045,ON
T_MDV_T_DSL_EX,2010,0.081509675,From MOVES5,2046,ON
T_MDV_T_DSL_EX,2010,0.070913418,From MOVES5,2047,ON
T_MDV_T_DSL_EX,2010,0.060985539,From MOVES5,2048,ON
T_MDV_T_DSL_EX,2010,0.052447564,From MOVES5,2049,ON
T_MDV_T_DSL_EX,2010,0.045104905,From MOVES5,2050,ON
T_MDV_T_DSL_EX,2010,0.038339169,From MOVES5,2051,ON
T_MDV_T_DSL_EX,2010,0,From MOVES5,2052,ON
T_MDV_T_DSL_EX,2015,1,From MOVES5,2015,ON
T_MDV_T_DSL_EX,2015,1,From MOVES5,2016,ON
T_MDV_T_DSL_EX,2015,1,From MOVES5,2017,ON
T_MDV_T_DSL_EX,2015,1,From MOVES5,2018,ON
T_MDV_T_DSL_EX,2015,1,From MOVES5,2019,ON
T_MDV_T_DSL_EX,2015,0.99,From MOVES5,2020,ON
T_MDV_T_DSL_EX,2015,0.9702,From MOVES5,2021,ON
T_MDV_T_DSL_EX,2015,0.950796,From MOVES5,2022,ON
T_MDV_T_DSL_EX,2015,0.92227212,From MOVES5,2023,ON
T_MDV_T_DSL_EX,2015,0.894603956,From MOVES5,2024,ON
T_MDV_T_DSL_EX,2015,0.867765838,From MOVES5,2025,ON
T_MDV_T_DSL_EX,2015,0.833055204,From MOVES5,2026,ON
T_MDV_T_DSL_EX,2015,0.799732996,From MOVES5,2027,ON
T_MDV_T_DSL_EX,2015,0.759746346,From MOVES5,2028,ON
T_MDV_T_DSL_EX,2015,0.721759029,From MOVES5,2029,ON
T_MDV_T_DSL_EX,2015,0.685671077,From MOVES5,2030,ON
T_MDV_T_DSL_EX,2015,0.644530813,From MOVES5,2031,ON
T_MDV_T_DSL_EX,2015,0.605858964,From MOVES5,2032,ON
T_MDV_T_DSL_EX,2015,0.563448837,From MOVES5,2033,ON
T_MDV_T_DSL_EX,2015,0.524007418,From MOVES5,2034,ON
T_MDV_T_DSL_EX,2015,0.482086825,From MOVES5,2035,ON
T_MDV_T_DSL_EX,2015,0.443519879,From MOVES5,2036,ON
T_MDV_T_DSL_EX,2015,0.408038288,From MOVES5,2037,ON
T_MDV_T_DSL_EX,2015,0.371314842,From MOVES5,2038,ON
T_MDV_T_DSL_EX,2015,0.337896507,From MOVES5,2039,ON
T_MDV_T_DSL_EX,2015,0.307485821,From MOVES5,2040,ON
T_MDV_T_DSL_EX,2015,0.276737239,From MOVES5,2041,ON
T_MDV_T_DSL_EX,2015,0.249063515,From MOVES5,2042,ON
T_MDV_T_DSL_EX,2015,0.224157163,From MOVES5,2043,ON
T_MDV_T_DSL_EX,2015,0.199499876,From MOVES5,2044,ON
T_MDV_T_DSL_EX,2015,0.177554889,From MOVES5,2045,ON
T_MDV_T_DSL_EX,2015,0.158023851,From MOVES5,2046,ON
T_MDV_T_DSL_EX,2015,0.139060989,From MOVES5,2047,ON
T_MDV_T_DSL_EX,2015,0.122373671,From MOVES5,2048,ON
T_MDV_T_DSL_EX,2015,0.10768883,From MOVES5,2049,ON
T_MDV_T_DSL_EX,2015,0.093689282,From MOVES5,2050,ON
T_MDV_T_DSL_EX,2015,0.081509675,From MOVES5,2051,ON
T_MDV_T_DSL_EX,2015,0.070913418,From MOVES5,2052,ON
T_MDV_T_DSL_EX,2015,0.060985539,From MOVES5,2053,ON
T_MDV_T_DSL_EX,2015,0.052447564,From MOVES5,2054,ON
T_MDV_T_DSL_EX,2015,0.045104905,From MOVES5,2055,ON
T_MDV_T_DSL_EX,2015,0.038339169,From MOVES5,2056,ON
T_MDV_T_DSL_EX,2015,0,From MOVES5,2057,ON
T_MDV_T_DSL_EX,2020,1,From MOVES5,2020,ON
T_MDV_T_DSL_EX,2020,1,From MOVES5,2021,ON
T_MDV_T_DSL_EX,2020,1,From MOVES5,2022,ON
T_MDV_T_DSL_EX,2020,1,From MOVES5,2023,ON
T_MDV_T_DSL_EX,2020,1,From MOVES5,2024,ON
T_MDV_T_DSL_EX,2020,0.99,From MOVES5,2025,ON
T_MDV_T_DSL_EX,2020,0.9702,From MOVES5,2026,ON
T_MDV_T_DSL_EX,2020,0.950796,From MOVES5,2027,ON
T_MDV_T_DSL_EX,2020,0.92227212,From MOVES5,2028,ON
T_MDV_T_DSL_EX,2020,0.894603956,From MOVES5,2029,ON
T_MDV_T_DSL_EX,2020,0.867765838,From MOVES5,2030,ON
T_MDV_T_DSL_EX,2020,0.833055204,From MOVES5,2031,ON
T_MDV_T_DSL_EX,2020,0.799732996,From MOVES5,2032,ON
T_MDV_T_DSL_EX,2020,0.759746346,From MOVES5,2033,ON
T_MDV_T_DSL_EX,2020,0.721759029,From MOVES5,2034,ON
T_MDV_T_DSL_EX,2020,0.685671077,From MOVES5,2035,ON
T_MDV_T_DSL_EX,2020,0.644530813,From MOVES5,2036,ON
T_MDV_T_DSL_EX,2020,0.605858964,From MOVES5,2037,ON
T_MDV_T_DSL_EX,2020,0.563448837,From MOVES5,2038,ON
T_MDV_T_DSL_EX,2020,0.524007418,From MOVES5,2039,ON
T_MDV_T_DSL_EX,2020,0.482086825,From MOVES5,2040,ON
T_MDV_T_DSL_EX,2020,0.443519879,From MOVES5,2041,ON
T_MDV_T_DSL_EX,2020,0.408038288,From MOVES5,2042,ON
T_MDV_T_DSL_EX,2020,0.371314842,From MOVES5,2043,ON
T_MDV_T_DSL_EX,2020,0.337896507,From MOVES5,2044,ON
T_MDV_T_DSL_EX,2020,0.307485821,From MOVES5,2045,ON
T_MDV_T_DSL_EX,2020,0.276737239,From MOVES5,2046,ON
T_MDV_T_DSL_EX,2020,0.249063515,From MOVES5,2047,ON
T_MDV_T_DSL_EX,2020,0.224157163,From MOVES5,2048,ON
T_MDV_T_DSL_EX,2020,0.199499876,From MOVES5,2049,ON
T_MDV_T_DSL_EX,2020,0.177554889,From MOVES5,2050,ON
T_MDV_T_DSL_EX,2020,0.158023851,From MOVES5,2051,ON
T_MDV_T_DSL_EX,2020,0.139060989,From MOVES5,2052,ON
T_MDV_T_DSL_EX,2020,0.122373671,From MOVES5,2053,ON
T_MDV_T_DSL_EX,2020,0.10768883,From MOVES5,2054,ON
T_MDV_T_DSL_EX,2020,0.093689282,From MOVES5,2055,ON
T_MDV_T_DSL_EX,2020,0.081509675,From MOVES5,2056,ON
T_MDV_T_DSL_EX,2020,0.070913418,From MOVES5,2057,ON
T_MDV_T_DSL_EX,2020,0.060985539,From MOVES5,2058,ON
T_MDV_T_DSL_EX,2020,0.052447564,From MOVES5,2059,ON
T_MDV_T_DSL_EX,2020,0.045104905,From MOVES5,2060,ON
T_MDV_T_DSL_EX,2020,0.038339169,From MOVES5,2061,ON
T_MDV_T_DSL_EX,2020,0,From MOVES5,2062,ON
T_MDV_T_DSL_HEV_N,2025,1,From MOVES5,2025,ON
T_MDV_T_DSL_HEV_N,2025,1,From MOVES5,2026,ON
T_MDV_T_DSL_HEV_N,2025,1,From MOVES5,2027,ON
T_MDV_T_DSL_HEV_N,2025,1,From MOVES5,2028,ON
T_MDV_T_DSL_HEV_N,2025,1,From MOVES5,2029,ON
T_MDV_T_DSL_HEV_N,2025,0.99,From MOVES5,2030,ON
T_MDV_T_DSL_HEV_N,2025,0.9702,From MOVES5,2031,ON
T_MDV_T_DSL_HEV_N,2025,0.950796,From MOVES5,2032,ON
T_MDV_T_DSL_HEV_N,2025,0.92227212,From MOVES5,2033,ON
T_MDV_T_DSL_HEV_N,2025,0.894603956,From MOVES5,2034,ON
T_MDV_T_DSL_HEV_N,2025,0.867765838,From MOVES5,2035,ON
T_MDV_T_DSL_HEV_N,2025,0.833055204,From MOVES5,2036,ON
T_MDV_T_DSL_HEV_N,2025,0.799732996,From MOVES5,2037,ON
T_MDV_T_DSL_HEV_N,2025,0.759746346,From MOVES5,2038,ON
T_MDV_T_DSL_HEV_N,2025,0.721759029,From MOVES5,2039,ON
T_MDV_T_DSL_HEV_N,2025,0.685671077,From MOVES5,2040,ON
T_MDV_T_DSL_HEV_N,2025,0.644530813,From MOVES5,2041,ON
T_MDV_T_DSL_HEV_N,2025,0.605858964,From MOVES5,2042,ON
T_MDV_T_DSL_HEV_N,2025,0.563448837,From MOVES5,2043,ON
T_MDV_T_DSL_HEV_N,2025,0.524007418,From MOVES5,2044,ON
T_MDV_T_DSL_HEV_N,2025,0.482086825,From MOVES5,2045,ON
T_MDV_T_DSL_HEV_N,2025,0.443519879,From MOVES5,2046,ON
T_MDV_T_DSL_HEV_N,2025,0.408038288,From MOVES5,2047,ON
T_MDV_T_DSL_HEV_N,2025,0.371314842,From MOVES5,2048,ON
T_MDV_T_DSL_HEV_N,2025,0.337896507,From MOVES5,2049,ON
T_MDV_T_DSL_HEV_N,2025,0.307485821,From MOVES5,2050,ON
T_MDV_T_DSL_HEV_N,2025,0.276737239,From MOVES5,2051,ON
T_MDV_T_DSL_HEV_N,2025,0.249063515,From MOVES5,2052,ON
T_MDV_T_DSL_HEV_N,2025,0.224157163,From MOVES5,2053,ON
T_MDV_T_DSL_HEV_N,2025,0.199499876,From MOVES5,2054,ON
T_MDV_T_DSL_HEV_N,2025,0.177554889,From MOVES5,2055,ON
T_MDV_T_DSL_HEV_N,2025,0.158023851,From MOVES5,2056,ON
T_MDV_T_DSL_HEV_N,2025,0.139060989,From MOVES5,2057,ON
T_MDV_T_DSL_HEV_N,2025,0.122373671,From MOVES5,2058,ON
T_MDV_T_DSL_HEV_N,2025,0.10768883,From MOVES5,2059,ON
T_MDV_T_DSL_HEV_N,2025,0.093689282,From MOVES5,2060,ON
T_MDV_T_DSL_HEV_N,2025,0.081509675,From MOVES5,2061,ON
T_MDV_T_DSL_HEV_N,2025,0.070913418,From MOVES5,2062,ON
T_MDV_T_DSL_HEV_N,2025,0.060985539,From MOVES5,2063,ON
T_MDV_T_DSL_HEV_N,2025,0.052447564,From MOVES5,2064,ON
T_MDV_T_DSL_HEV_N,2025,0.045104905,From MOVES5,2065,ON
T_MDV_T_DSL_HEV_N,2025,0.038339169,From MOVES5,2066,ON
T_MDV_T_DSL_HEV_N,2025,0,From MOVES5,2067,ON
T_MDV_T_DSL_HEV_N,2030,1,From MOVES5,2030,ON
T_MDV_T_DSL_HEV_N,2030,1,From MOVES5,2031,ON
T_MDV_T_DSL_HEV_N,2030,1,From MOVES5,2032,ON
T_MDV_T_DSL_HEV_N,2030,1,From MOVES5,2033,ON
T_MDV_T_DSL_HEV_N,2030,1,From MOVES5,2034,ON
T_MDV_T_DSL_HEV_N,2030,0.99,From MOVES5,2035,ON
T_MDV_T_DSL_HEV_N,2030,0.9702,From MOVES5,2036,ON
T_MDV_T_DSL_HEV_N,2030,0.950796,From MOVES5,2037,ON
T_MDV_T_DSL_HEV_N,2030,0.92227212,From MOVES5,2038,ON
T_MDV_T_DSL_HEV_N,2030,0.894603956,From MOVES5,2039,ON
T_MDV_T_DSL_HEV_N,2030,0.867765838,From MOVES5,2040,ON
T_MDV_T_DSL_HEV_N,2030,0.833055204,From MOVES5,2041,ON
T_MDV_T_DSL_HEV_N,2030,0.799732996,From MOVES5,2042,ON
T_MDV_T_DSL_HEV_N,2030,0.759746346,From MOVES5,2043,ON
T_MDV_T_DSL_HEV_N,2030,0.721759029,From MOVES5,2044,ON
T_MDV_T_DSL_HEV_N,2030,0.685671077,From MOVES5,2045,ON
T_MDV_T_DSL_HEV_N,2030,0.644530813,From MOVES5,2046,ON
T_MDV_T_DSL_HEV_N,2030,0.605858964,From MOVES5,2047,ON
T_MDV_T_DSL_HEV_N,2030,0.563448837,From MOVES5,2048,ON
T_MDV_T_DSL_HEV_N,2030,0.524007418,From MOVES5,2049,ON
T_MDV_T_DSL_HEV_N,2030,0.482086825,From MOVES5,2050,ON
T_MDV_T_DSL_HEV_N,2030,0.443519879,From MOVES5,2051,ON
T_MDV_T_DSL_HEV_N,2030,0.408038288,From MOVES5,2052,ON
T_MDV_T_DSL_HEV_N,2030,0.371314842,From MOVES5,2053,ON
T_MDV_T_DSL_HEV_N,2030,0.337896507,From MOVES5,2054,ON
T_MDV_T_DSL_HEV_N,2030,0.307485821,From MOVES5,2055,ON
T_MDV_T_DSL_HEV_N,2030,0.276737239,From MOVES5,2056,ON
T_MDV_T_DSL_HEV_N,2030,0.249063515,From MOVES5,2057,ON
T_MDV_T_DSL_HEV_N,2030,0.224157163,From MOVES5,2058,ON
T_MDV_T_DSL_HEV_N,2030,0.199499876,From MOVES5,2059,ON
T_MDV_T_DSL_HEV_N,2030,0.177554889,From MOVES5,2060,ON
T_MDV_T_DSL_HEV_N,2030,0.158023851,From MOVES5,2061,ON
T_MDV_T_DSL_HEV_N,2030,0.139060989,From MOVES5,2062,ON
T_MDV_T_DSL_HEV_N,2030,0.122373671,From MOVES5,2063,ON
T_MDV_T_DSL_HEV_N,2030,0.10768883,From MOVES5,2064,ON
T_MDV_T_DSL_HEV_N,2030,0.093689282,From MOVES5,2065,ON
T_MDV_T_DSL_HEV_N,2030,0.081509675,From MOVES5,2066,ON
T_MDV_T_DSL_HEV_N,2030,0.070913418,From MOVES5,2067,ON
T_MDV_T_DSL_HEV_N,2030,0.060985539,From MOVES5,2068,ON
T_MDV_T_DSL_HEV_N,2030,0.052447564,From MOVES5,2069,ON
T_MDV_T_DSL_HEV_N,2030,0.045104905,From MOVES5,2070,ON
T_MDV_T_DSL_HEV_N,2030,0.038339169,From MOVES5,2071,ON
T_MDV_T_DSL_HEV_N,2030,0,From MOVES5,2072,ON
T_MDV_T_DSL_HEV_N,2035,1,From MOVES5,2035,ON
T_MDV_T_DSL_HEV_N,2035,1,From MOVES5,2036,ON
T_MDV_T_DSL_HEV_N,2035,1,From MOVES5,2037,ON
T_MDV_T_DSL_HEV_N,2035,1,From MOVES5,2038,ON
T_MDV_T_DSL_HEV_N,2035,1,From MOVES5,2039,ON
T_MDV_T_DSL_HEV_N,2035,0.99,From MOVES5,2040,ON
T_MDV_T_DSL_HEV_N,2035,0.9702,From MOVES5,2041,ON
T_MDV_T_DSL_HEV_N,2035,0.950796,From MOVES5,2042,ON
T_MDV_T_DSL_HEV_N,2035,0.92227212,From MOVES5,2043,ON
T_MDV_T_DSL_HEV_N,2035,0.894603956,From MOVES5,2044,ON
T_MDV_T_DSL_HEV_N,2035,0.867765838,From MOVES5,2045,ON
T_MDV_T_DSL_HEV_N,2035,0.833055204,From MOVES5,2046,ON
T_MDV_T_DSL_HEV_N,2035,0.799732996,From MOVES5,2047,ON
T_MDV_T_DSL_HEV_N,2035,0.759746346,From MOVES5,2048,ON
T_MDV_T_DSL_HEV_N,2035,0.721759029,From MOVES5,2049,ON
T_MDV_T_DSL_HEV_N,2035,0.685671077,From MOVES5,2050,ON
T_MDV_T_DSL_HEV_N,2035,0.644530813,From MOVES5,2051,ON
T_MDV_T_DSL_HEV_N,2035,0.605858964,From MOVES5,2052,ON
T_MDV_T_DSL_HEV_N,2035,0.563448837,From MOVES5,2053,ON
T_MDV_T_DSL_HEV_N,2035,0.524007418,From MOVES5,2054,ON
T_MDV_T_DSL_HEV_N,2035,0.482086825,From MOVES5,2055,ON
T_MDV_T_DSL_HEV_N,2035,0.443519879,From MOVES5,2056,ON
T_MDV_T_DSL_HEV_N,2035,0.408038288,From MOVES5,2057,ON
T_MDV_T_DSL_HEV_N,2035,0.371314842,From MOVES5,2058,ON
T_MDV_T_DSL_HEV_N,2035,0.337896507,From MOVES5,2059,ON
T_MDV_T_DSL_HEV_N,2035,0.307485821,From MOVES5,2060,ON
T_MDV_T_DSL_HEV_N,2035,0.276737239,From MOVES5,2061,ON
T_MDV_T_DSL_HEV_N,2035,0.249063515,From MOVES5,2062,ON
T_MDV_T_DSL_HEV_N,2035,0.224157163,From MOVES5,2063,ON
T_MDV_T_DSL_HEV_N,2035,0.199499876,From MOVES5,2064,ON
T_MDV_T_DSL_HEV_N,2035,0.177554889,From MOVES5,2065,ON
T_MDV_T_DSL_HEV_N,2035,0.158023851,From MOVES5,2066,ON
T_MDV_T_DSL_HEV_N,2035,0.139060989,From MOVES5,2067,ON
T_MDV_T_DSL_HEV_N,2035,0.122373671,From MOVES5,2068,ON
T_MDV_T_DSL_HEV_N,2035,0.10768883,From MOVES5,2069,ON
T_MDV_T_DSL_HEV_N,2035,0.093689282,From MOVES5,2070,ON
T_MDV_T_DSL_HEV_N,2035,0.081509675,From MOVES5,2071,ON
T_MDV_T_DSL_HEV_N,2035,0.070913418,From MOVES5,2072,ON
T_MDV_T_DSL_HEV_N,2035,0.060985539,From MOVES5,2073,ON
T_MDV_T_DSL_HEV_N,2035,0.052447564,From MOVES5,2074,ON
T_MDV_T_DSL_HEV_N,2035,0.045104905,From MOVES5,2075,ON
T_MDV_T_DSL_HEV_N,2035,0.038339169,From MOVES5,2076,ON
T_MDV_T_DSL_HEV_N,2035,0,From MOVES5,2077,ON
T_MDV_T_DSL_HEV_N,2040,1,From MOVES5,2040,ON
T_MDV_T_DSL_HEV_N,2040,1,From MOVES5,2041,ON
T_MDV_T_DSL_HEV_N,2040,1,From MOVES5,2042,ON
T_MDV_T_DSL_HEV_N,2040,1,From MOVES5,2043,ON
T_MDV_T_DSL_HEV_N,2040,1,From MOVES5,2044,ON
T_MDV_T_DSL_HEV_N,2040,0.99,From MOVES5,2045,ON
T_MDV_T_DSL_HEV_N,2040,0.9702,From MOVES5,2046,ON
T_MDV_T_DSL_HEV_N,2040,0.950796,From MOVES5,2047,ON
T_MDV_T_DSL_HEV_N,2040,0.92227212,From MOVES5,2048,ON
T_MDV_T_DSL_HEV_N,2040,0.894603956,From MOVES5,2049,ON
T_MDV_T_DSL_HEV_N,2040,0.867765838,From MOVES5,2050,ON
T_MDV_T_DSL_HEV_N,2040,0.833055204,From MOVES5,2051,ON
T_MDV_T_DSL_HEV_N,2040,0.799732996,From MOVES5,2052,ON
T_MDV_T_DSL_HEV_N,2040,0.759746346,From MOVES5,2053,ON
T_MDV_T_DSL_HEV_N,2040,0.721759029,From MOVES5,2054,ON
T_MDV_T_DSL_HEV_N,2040,0.685671077,From MOVES5,2055,ON
T_MDV_T_DSL_HEV_N,2040,0.644530813,From MOVES5,2056,ON
T_MDV_T_DSL_HEV_N,2040,0.605858964,From MOVES5,2057,ON
T_MDV_T_DSL_HEV_N,2040,0.563448837,From MOVES5,2058,ON
T_MDV_T_DSL_HEV_N,2040,0.524007418,From MOVES5,2059,ON
T_MDV_T_DSL_HEV_N,2040,0.482086825,From MOVES5,2060,ON
T_MDV_T_DSL_HEV_N,2040,0.443519879,From MOVES5,2061,ON
T_MDV_T_DSL_HEV_N,2040,0.408038288,From MOVES5,2062,ON
T_MDV_T_DSL_HEV_N,2040,0.371314842,From MOVES5,2063,ON
T_MDV_T_DSL_HEV_N,2040,0.337896507,From MOVES5,2064,ON
T_MDV_T_DSL_HEV_N,2040,0.307485821,From MOVES5,2065,ON
T_MDV_T_DSL_HEV_N,2040,0.276737239,From MOVES5,2066,ON
T_MDV_T_DSL_HEV_N,2040,0.249063515,From MOVES5,2067,ON
T_MDV_T_DSL_HEV_N,2040,0.224157163,From MOVES5,2068,ON
T_MDV_T_DSL_HEV_N,2040,0.199499876,From MOVES5,2069,ON
T_MDV_T_DSL_HEV_N,2040,0.177554889,From MOVES5,2070,ON
T_MDV_T_DSL_HEV_N,2040,0.158023851,From MOVES5,2071,ON
T_MDV_T_DSL_HEV_N,2040,0.139060989,From MOVES5,2072,ON
T_MDV_T_DSL_HEV_N,2040,0.122373671,From MOVES5,2073,ON
T_MDV_T_DSL_HEV_N,2040,0.10768883,From MOVES5,2074,ON
T_MDV_T_DSL_HEV_N,2040,0.093689282,From MOVES5,2075,ON
T_MDV_T_DSL_HEV_N,2040,0.081509675,From MOVES5,2076,ON
T_MDV_T_DSL_HEV_N,2040,0.070913418,From MOVES5,2077,ON
T_MDV_T_DSL_HEV_N,2040,0.060985539,From MOVES5,2078,ON
T_MDV_T_DSL_HEV_N,2040,0.052447564,From MOVES5,2079,ON
T_MDV_T_DSL_HEV_N,2040,0.045104905,From MOVES5,2080,ON
T_MDV_T_DSL_HEV_N,2040,0.038339169,From MOVES5,2081,ON
T_MDV_T_DSL_HEV_N,2040,0,From MOVES5,2082,ON
T_MDV_T_DSL_HEV_N,2045,1,From MOVES5,2045,ON
T_MDV_T_DSL_HEV_N,2045,1,From MOVES5,2046,ON
T_MDV_T_DSL_HEV_N,2045,1,From MOVES5,2047,ON
T_MDV_T_DSL_HEV_N,2045,1,From MOVES5,2048,ON
T_MDV_T_DSL_HEV_N,2045,1,From MOVES5,2049,ON
T_MDV_T_DSL_HEV_N,2045,0.99,From MOVES5,2050,ON
T_MDV_T_DSL_HEV_N,2045,0.9702,From MOVES5,2051,ON
T_MDV_T_DSL_HEV_N,2045,0.950796,From MOVES5,2052,ON
T_MDV_T_DSL_HEV_N,2045,0.92227212,From MOVES5,2053,ON
T_MDV_T_DSL_HEV_N,2045,0.894603956,From MOVES5,2054,ON
T_MDV_T_DSL_HEV_N,2045,0.867765838,From MOVES5,2055,ON
T_MDV_T_DSL_HEV_N,2045,0.833055204,From MOVES5,2056,ON
T_MDV_T_DSL_HEV_N,2045,0.799732996,From MOVES5,2057,ON
T_MDV_T_DSL_HEV_N,2045,0.759746346,From MOVES5,2058,ON
T_MDV_T_DSL_HEV_N,2045,0.721759029,From MOVES5,2059,ON
T_MDV_T_DSL_HEV_N,2045,0.685671077,From MOVES5,2060,ON
T_MDV_T_DSL_HEV_N,2045,0.644530813,From MOVES5,2061,ON
T_MDV_T_DSL_HEV_N,2045,0.605858964,From MOVES5,2062,ON
T_MDV_T_DSL_HEV_N,2045,0.563448837,From MOVES5,2063,ON
T_MDV_T_DSL_HEV_N,2045,0.524007418,From MOVES5,2064,ON
T_MDV_T_DSL_HEV_N,2045,0.482086825,From MOVES5,2065,ON
T_MDV_T_DSL_HEV_N,2045,0.443519879,From MOVES5,2066,ON
T_MDV_T_DSL_HEV_N,2045,0.408038288,From MOVES5,2067,ON
T_MDV_T_DSL_HEV_N,2045,0.371314842,From MOVES5,2068,ON
T_MDV_T_DSL_HEV_N,2045,0.337896507,From MOVES5,2069,ON
T_MDV_T_DSL_HEV_N,2045,0.307485821,From MOVES5,2070,ON
T_MDV_T_DSL_HEV_N,2045,0.276737239,From MOVES5,2071,ON
T_MDV_T_DSL_HEV_N,2045,0.249063515,From MOVES5,2072,ON
T_MDV_T_DSL_HEV_N,2045,0.224157163,From MOVES5,2073,ON
T_MDV_T_DSL_HEV_N,2045,0.199499876,From MOVES5,2074,ON
T_MDV_T_DSL_HEV_N,2045,0.177554889,From MOVES5,2075,ON
T_MDV_T_DSL_HEV_N,2045,0.158023851,From MOVES5,2076,ON
T_MDV_T_DSL_HEV_N,2045,0.139060989,From MOVES5,2077,ON
T_MDV_T_DSL_HEV_N,2045,0.122373671,From MOVES5,2078,ON
T_MDV_T_DSL_HEV_N,2045,0.10768883,From MOVES5,2079,ON
T_MDV_T_DSL_HEV_N,2045,0.093689282,From MOVES5,2080,ON
T_MDV_T_DSL_HEV_N,2045,0.081509675,From MOVES5,2081,ON
T_MDV_T_DSL_HEV_N,2045,0.070913418,From MOVES5,2082,ON
T_MDV_T_DSL_HEV_N,2045,0.060985539,From MOVES5,2083,ON
T_MDV_T_DSL_HEV_N,2045,0.052447564,From MOVES5,2084,ON
T_MDV_T_DSL_HEV_N,2045,0.045104905,From MOVES5,2085,ON
T_MDV_T_DSL_HEV_N,2045,0.038339169,From MOVES5,2086,ON
T_MDV_T_DSL_HEV_N,2045,0,From MOVES5,2087,ON
T_MDV_T_DSL_HEV_N,2050,1,From MOVES5,2050,ON
T_MDV_T_DSL_HEV_N,2050,1,From MOVES5,2051,ON
T_MDV_T_DSL_HEV_N,2050,1,From MOVES5,2052,ON
T_MDV_T_DSL_HEV_N,2050,1,From MOVES5,2053,ON
T_MDV_T_DSL_HEV_N,2050,1,From MOVES5,2054,ON
T_MDV_T_DSL_HEV_N,2050,0.99,From MOVES5,2055,ON
T_MDV_T_DSL_HEV_N,2050,0.9702,From MOVES5,2056,ON
T_MDV_T_DSL_HEV_N,2050,0.950796,From MOVES5,2057,ON
T_MDV_T_DSL_HEV_N,2050,0.92227212,From MOVES5,2058,ON
T_MDV_T_DSL_HEV_N,2050,0.894603956,From MOVES5,2059,ON
T_MDV_T_DSL_HEV_N,2050,0.867765838,From MOVES5,2060,ON
T_MDV_T_DSL_HEV_N,2050,0.833055204,From MOVES5,2061,ON
T_MDV_T_DSL_HEV_N,2050,0.799732996,From MOVES5,2062,ON
T_MDV_T_DSL_HEV_N,2050,0.759746346,From MOVES5,2063,ON
T_MDV_T_DSL_HEV_N,2050,0.721759029,From MOVES5,2064,ON
T_MDV_T_DSL_HEV_N,2050,0.685671077,From MOVES5,2065,ON
T_MDV_T_DSL_HEV_N,2050,0.644530813,From MOVES5,2066,ON
T_MDV_T_DSL_HEV_N,2050,0.605858964,From MOVES5,2067,ON
T_MDV_T_DSL_HEV_N,2050,0.563448837,From MOVES5,2068,ON
T_MDV_T_DSL_HEV_N,2050,0.524007418,From MOVES5,2069,ON
T_MDV_T_DSL_HEV_N,2050,0.482086825,From MOVES5,2070,ON
T_MDV_T_DSL_HEV_N,2050,0.443519879,From MOVES5,2071,ON
T_MDV_T_DSL_HEV_N,2050,0.408038288,From MOVES5,2072,ON
T_MDV_T_DSL_HEV_N,2050,0.371314842,From MOVES5,2073,ON
T_MDV_T_DSL_HEV_N,2050,0.337896507,From MOVES5,2074,ON
T_MDV_T_DSL_HEV_N,2050,0.307485821,From MOVES5,2075,ON
T_MDV_T_DSL_HEV_N,2050,0.276737239,From MOVES5,2076,ON
T_MDV_T_DSL_HEV_N,2050,0.249063515,From MOVES5,2077,ON
T_MDV_T_DSL_HEV_N,2050,0.224157163,From MOVES5,2078,ON
T_MDV_T_DSL_HEV_N,2050,0.199499876,From MOVES5,2079,ON
T_MDV_T_DSL_HEV_N,2050,0.177554889,From MOVES5,2080,ON
T_MDV_T_DSL_HEV_N,2050,0.158023851,From MOVES5,2081,ON
T_MDV_T_DSL_HEV_N,2050,0.139060989,From MOVES5,2082,ON
T_MDV_T_DSL_HEV_N,2050,0.122373671,From MOVES5,2083,ON
T_MDV_T_DSL_HEV_N,2050,0.10768883,From MOVES5,2084,ON
T_MDV_T_DSL_HEV_N,2050,0.093689282,From MOVES5,2085,ON
T_MDV_T_DSL_HEV_N,2050,0.081509675,From MOVES5,2086,ON
T_MDV_T_DSL_HEV_N,2050,0.070913418,From MOVES5,2087,ON
T_MDV_T_DSL_HEV_N,2050,0.060985539,From MOVES5,2088,ON
T_MDV_T_DSL_HEV_N,2050,0.052447564,From MOVES5,2089,ON
T_MDV_T_DSL_HEV_N,2050,0.045104905,From MOVES5,2090,ON
T_MDV_T_DSL_HEV_N,2050,0.038339169,From MOVES5,2091,ON
T_MDV_T_DSL_HEV_N,2050,0,From MOVES5,2092,ON
T_MDV_T_DSL_N,2025,1,From MOVES5,2025,ON
T_MDV_T_DSL_N,2025,1,From MOVES5,2026,ON
T_MDV_T_DSL_N,2025,1,From MOVES5,2027,ON
T_MDV_T_DSL_N,2025,1,From MOVES5,2028,ON
T_MDV_T_DSL_N,2025,1,From MOVES5,2029,ON
T_MDV_T_DSL_N,2025,0.99,From MOVES5,2030,ON
T_MDV_T_DSL_N,2025,0.9702,From MOVES5,2031,ON
T_MDV_T_DSL_N,2025,0.950796,From MOVES5,2032,ON
T_MDV_T_DSL_N,2025,0.92227212,From MOVES5,2033,ON
T_MDV_T_DSL_N,2025,0.894603956,From MOVES5,2034,ON
T_MDV_T_DSL_N,2025,0.867765838,From MOVES5,2035,ON
T_MDV_T_DSL_N,2025,0.833055204,From MOVES5,2036,ON
T_MDV_T_DSL_N,2025,0.799732996,From MOVES5,2037,ON
T_MDV_T_DSL_N,2025,0.759746346,From MOVES5,2038,ON
T_MDV_T_DSL_N,2025,0.721759029,From MOVES5,2039,ON
T_MDV_T_DSL_N,2025,0.685671077,From MOVES5,2040,ON
T_MDV_T_DSL_N,2025,0.644530813,From MOVES5,2041,ON
T_MDV_T_DSL_N,2025,0.605858964,From MOVES5,2042,ON
T_MDV_T_DSL_N,2025,0.563448837,From MOVES5,2043,ON
T_MDV_T_DSL_N,2025,0.524007418,From MOVES5,2044,ON
T_MDV_T_DSL_N,2025,0.482086825,From MOVES5,2045,ON
T_MDV_T_DSL_N,2025,0.443519879,From MOVES5,2046,ON
T_MDV_T_DSL_N,2025,0.408038288,From MOVES5,2047,ON
T_MDV_T_DSL_N,2025,0.371314842,From MOVES5,2048,ON
T_MDV_T_DSL_N,2025,0.337896507,From MOVES5,2049,ON
T_MDV_T_DSL_N,2025,0.307485821,From MOVES5,2050,ON
T_MDV_T_DSL_N,2025,0.276737239,From MOVES5,2051,ON
T_MDV_T_DSL_N,2025,0.249063515,From MOVES5,2052,ON
T_MDV_T_DSL_N,2025,0.224157163,From MOVES5,2053,ON
T_MDV_T_DSL_N,2025,0.199499876,From MOVES5,2054,ON
T_MDV_T_DSL_N,2025,0.177554889,From MOVES5,2055,ON
T_MDV_T_DSL_N,2025,0.158023851,From MOVES5,2056,ON
T_MDV_T_DSL_N,2025,0.139060989,From MOVES5,2057,ON
T_MDV_T_DSL_N,2025,0.122373671,From MOVES5,2058,ON
T_MDV_T_DSL_N,2025,0.10768883,From MOVES5,2059,ON
T_MDV_T_DSL_N,2025,0.093689282,From MOVES5,2060,ON
T_MDV_T_DSL_N,2025,0.081509675,From MOVES5,2061,ON
T_MDV_T_DSL_N,2025,0.070913418,From MOVES5,2062,ON
T_MDV_T_DSL_N,2025,0.060985539,From MOVES5,2063,ON
T_MDV_T_DSL_N,2025,0.052447564,From MOVES5,2064,ON
T_MDV_T_DSL_N,2025,0.045104905,From MOVES5,2065,ON
T_MDV_T_DSL_N,2025,0.038339169,From MOVES5,2066,ON
T_MDV_T_DSL_N,2025,0,From MOVES5,2067,ON
T_MDV_T_DSL_N,2030,1,From MOVES5,2030,ON
T_MDV_T_DSL_N,2030,1,From MOVES5,2031,ON
T_MDV_T_DSL_N,2030,1,From MOVES5,2032,ON
T_MDV_T_DSL_N,2030,1,From MOVES5,2033,ON
T_MDV_T_DSL_N,2030,1,From MOVES5,2034,ON
T_MDV_T_DSL_N,2030,0.99,From MOVES5,2035,ON
T_MDV_T_DSL_N,2030,0.9702,From MOVES5,2036,ON
T_MDV_T_DSL_N,2030,0.950796,From MOVES5,2037,ON
T_MDV_T_DSL_N,2030,0.92227212,From MOVES5,2038,ON
T_MDV_T_DSL_N,2030,0.894603956,From MOVES5,2039,ON
T_MDV_T_DSL_N,2030,0.867765838,From MOVES5,2040,ON
T_MDV_T_DSL_N,2030,0.833055204,From MOVES5,2041,ON
T_MDV_T_DSL_N,2030,0.799732996,From MOVES5,2042,ON
T_MDV_T_DSL_N,2030,0.759746346,From MOVES5,2043,ON
T_MDV_T_DSL_N,2030,0.721759029,From MOVES5,2044,ON
T_MDV_T_DSL_N,2030,0.685671077,From MOVES5,2045,ON
T_MDV_T_DSL_N,2030,0.644530813,From MOVES5,2046,ON
T_MDV_T_DSL_N,2030,0.605858964,From MOVES5,2047,ON
T_MDV_T_DSL_N,2030,0.563448837,From MOVES5,2048,ON
T_MDV_T_DSL_N,2030,0.524007418,From MOVES5,2049,ON
T_MDV_T_DSL_N,2030,0.482086825,From MOVES5,2050,ON
T_MDV_T_DSL_N,2030,0.443519879,From MOVES5,2051,ON
T_MDV_T_DSL_N,2030,0.408038288,From MOVES5,2052,ON
T_MDV_T_DSL_N,2030,0.371314842,From MOVES5,2053,ON
T_MDV_T_DSL_N,2030,0.337896507,From MOVES5,2054,ON
T_MDV_T_DSL_N,2030,0.307485821,From MOVES5,2055,ON
T_MDV_T_DSL_N,2030,0.276737239,From MOVES5,2056,ON
T_MDV_T_DSL_N,2030,0.249063515,From MOVES5,2057,ON
T_MDV_T_DSL_N,2030,0.224157163,From MOVES5,2058,ON
T_MDV_T_DSL_N,2030,0.199499876,From MOVES5,2059,ON
T_MDV_T_DSL_N,2030,0.177554889,From MOVES5,2060,ON
T_MDV_T_DSL_N,2030,0.158023851,From MOVES5,2061,ON
T_MDV_T_DSL_N,2030,0.139060989,From MOVES5,2062,ON
T_MDV_T_DSL_N,2030,0.122373671,From MOVES5,2063,ON
T_MDV_T_DSL_N,2030,0.10768883,From MOVES5,2064,ON
T_MDV_T_DSL_N,2030,0.093689282,From MOVES5,2065,ON
T_MDV_T_DSL_N,2030,0.081509675,From MOVES5,2066,ON
T_MDV_T_DSL_N,2030,0.070913418,From MOVES5,2067,ON
T_MDV_T_DSL_N,2030,0.060985539,From MOVES5,2068,ON
T_MDV_T_DSL_N,2030,0.052447564,From MOVES5,2069,ON
T_MDV_T_DSL_N,2030,0.045104905,From MOVES5,2070,ON
T_MDV_T_DSL_N,2030,0.038339169,From MOVES5,2071,ON
T_MDV_T_DSL_N,2030,0,From MOVES5,2072,ON
T_MDV_T_DSL_N,2035,1,From MOVES5,2035,ON
T_MDV_T_DSL_N,2035,1,From MOVES5,2036,ON
T_MDV_T_DSL_N,2035,1,From MOVES5,2037,ON
T_MDV_T_DSL_N,2035,1,From MOVES5,2038,ON
T_MDV_T_DSL_N,2035,1,From MOVES5,2039,ON
T_MDV_T_DSL_N,2035,0.99,From MOVES5,2040,ON
T_MDV_T_DSL_N,2035,0.9702,From MOVES5,2041,ON
T_MDV_T_DSL_N,2035,0.950796,From MOVES5,2042,ON
T_MDV_T_DSL_N,2035,0.92227212,From MOVES5,2043,ON
T_MDV_T_DSL_N,2035,0.894603956,From MOVES5,2044,ON
T_MDV_T_DSL_N,2035,0.867765838,From MOVES5,2045,ON
T_MDV_T_DSL_N,2035,0.833055204,From MOVES5,2046,ON
T_MDV_T_DSL_N,2035,0.799732996,From MOVES5,2047,ON
T_MDV_T_DSL_N,2035,0.759746346,From MOVES5,2048,ON
T_MDV_T_DSL_N,2035,0.721759029,From MOVES5,2049,ON
T_MDV_T_DSL_N,2035,0.685671077,From MOVES5,2050,ON
T_MDV_T_DSL_N,2035,0.644530813,From MOVES5,2051,ON
T_MDV_T_DSL_N,2035,0.605858964,From MOVES5,2052,ON
T_MDV_T_DSL_N,2035,0.563448837,From MOVES5,2053,ON
T_MDV_T_DSL_N,2035,0.524007418,From MOVES5,2054,ON
T_MDV_T_DSL_N,2035,0.482086825,From MOVES5,2055,ON
T_MDV_T_DSL_N,2035,0.443519879,From MOVES5,2056,ON
T_MDV_T_DSL_N,2035,0.408038288,From MOVES5,2057,ON
T_MDV_T_DSL_N,2035,0.371314842,From MOVES5,2058,ON
T_MDV_T_DSL_N,2035,0.337896507,From MOVES5,2059,ON
T_MDV_T_DSL_N,2035,0.307485821,From MOVES5,2060,ON
T_MDV_T_DSL_N,2035,0.276737239,From MOVES5,2061,ON
T_MDV_T_DSL_N,2035,0.249063515,From MOVES5,2062,ON
T_MDV_T_DSL_N,2035,0.224157163,From MOVES5,2063,ON
T_MDV_T_DSL_N,2035,0.199499876,From MOVES5,2064,ON
T_MDV_T_DSL_N,2035,0.177554889,From MOVES5,2065,ON
T_MDV_T_DSL_N,2035,0.158023851,From MOVES5,2066,ON
T_MDV_T_DSL_N,2035,0.139060989,From MOVES5,2067,ON
T_MDV_T_DSL_N,2035,0.122373671,From MOVES5,2068,ON
T_MDV_T_DSL_N,2035,0.10768883,From MOVES5,2069,ON
T_MDV_T_DSL_N,2035,0.093689282,From MOVES5,2070,ON
T_MDV_T_DSL_N,2035,0.081509675,From MOVES5,2071,ON
T_MDV_T_DSL_N,2035,0.070913418,From MOVES5,2072,ON
T_MDV_T_DSL_N,2035,0.060985539,From MOVES5,2073,ON
T_MDV_T_DSL_N,2035,0.052447564,From MOVES5,2074,ON
T_MDV_T_DSL_N,2035,0.045104905,From MOVES5,2075,ON
T_MDV_T_DSL_N,2035,0.038339169,From MOVES5,2076,ON
T_MDV_T_DSL_N,2035,0,From MOVES5,2077,ON
T_MDV_T_DSL_N,2040,1,From MOVES5,2040,ON
T_MDV_T_DSL_N,2040,1,From MOVES5,2041,ON
T_MDV_T_DSL_N,2040,1,From MOVES5,2042,ON
T_MDV_T_DSL_N,2040,1,From MOVES5,2043,ON
T_MDV_T_DSL_N,2040,1,From MOVES5,2044,ON
T_MDV_T_DSL_N,2040,0.99,From MOVES5,2045,ON
T_MDV_T_DSL_N,2040,0.9702,From MOVES5,2046,ON
T_MDV_T_DSL_N,2040,0.950796,From MOVES5,2047,ON
T_MDV_T_DSL_N,2040,0.92227212,From MOVES5,2048,ON
T_MDV_T_DSL_N,2040,0.894603956,From MOVES5,2049,ON
T_MDV_T_DSL_N,2040,0.867765838,From MOVES5,2050,ON
T_MDV_T_DSL_N,2040,0.833055204,From MOVES5,2051,ON
T_MDV_T_DSL_N,2040,0.799732996,From MOVES5,2052,ON
T_MDV_T_DSL_N,2040,0.759746346,From MOVES5,2053,ON
T_MDV_T_DSL_N,2040,0.721759029,From MOVES5,2054,ON
T_MDV_T_DSL_N,2040,0.685671077,From MOVES5,2055,ON
T_MDV_T_DSL_N,2040,0.644530813,From MOVES5,2056,ON
T_MDV_T_DSL_N,2040,0.605858964,From MOVES5,2057,ON
T_MDV_T_DSL_N,2040,0.563448837,From MOVES5,2058,ON
T_MDV_T_DSL_N,2040,0.524007418,From MOVES5,2059,ON
T_MDV_T_DSL_N,2040,0.482086825,From MOVES5,2060,ON
T_MDV_T_DSL_N,2040,0.443519879,From MOVES5,2061,ON
T_MDV_T_DSL_N,2040,0.408038288,From MOVES5,2062,ON
T_MDV_T_DSL_N,2040,0.371314842,From MOVES5,2063,ON
T_MDV_T_DSL_N,2040,0.337896507,From MOVES5,2064,ON
T_MDV_T_DSL_N,2040,0.307485821,From MOVES5,2065,ON
T_MDV_T_DSL_N,2040,0.276737239,From MOVES5,2066,ON
T_MDV_T_DSL_N,2040,0.249063515,From MOVES5,2067,ON
T_MDV_T_DSL_N,2040,0.224157163,From MOVES5,2068,ON
T_MDV_T_DSL_N,2040,0.199499876,From MOVES5,2069,ON
T_MDV_T_DSL_N,2040,0.177554889,From MOVES5,2070,ON
T_MDV_T_DSL_N,2040,0.158023851,From MOVES5,2071,ON
T_MDV_T_DSL_N,2040,0.139060989,From MOVES5,2072,ON
T_MDV_T_DSL_N,2040,0.122373671,From MOVES5,2073,ON
T_MDV_T_DSL_N,2040,0.10768883,From MOVES5,2074,ON
T_MDV_T_DSL_N,2040,0.093689282,From MOVES5,2075,ON
T_MDV_T_DSL_N,2040,0.081509675,From MOVES5,2076,ON
T_MDV_T_DSL_N,2040,0.070913418,From MOVES5,2077,ON
T_MDV_T_DSL_N,2040,0.060985539,From MOVES5,2078,ON
T_MDV_T_DSL_N,2040,0.052447564,From MOVES5,2079,ON
T_MDV_T_DSL_N,2040,0.045104905,From MOVES5,2080,ON
T_MDV_T_DSL_N,2040,0.038339169,From MOVES5,2081,ON
T_MDV_T_DSL_N,2040,0,From MOVES5,2082,ON
T_MDV_T_DSL_N,2045,1,From MOVES5,2045,ON
T_MDV_T_DSL_N,2045,1,From MOVES5,2046,ON
T_MDV_T_DSL_N,2045,1,From MOVES5,2047,ON
T_MDV_T_DSL_N,2045,1,From MOVES5,2048,ON
T_MDV_T_DSL_N,2045,1,From MOVES5,2049,ON
T_MDV_T_DSL_N,2045,0.99,From MOVES5,2050,ON
T_MDV_T_DSL_N,2045,0.9702,From MOVES5,2051,ON
T_MDV_T_DSL_N,2045,0.950796,From MOVES5,2052,ON
T_MDV_T_DSL_N,2045,0.92227212,From MOVES5,2053,ON
T_MDV_T_DSL_N,2045,0.894603956,From MOVES5,2054,ON
T_MDV_T_DSL_N,2045,0.867765838,From MOVES5,2055,ON
T_MDV_T_DSL_N,2045,0.833055204,From MOVES5,2056,ON
T_MDV_T_DSL_N,2045,0.799732996,From MOVES5,2057,ON
T_MDV_T_DSL_N,2045,0.759746346,From MOVES5,2058,ON
T_MDV_T_DSL_N,2045,0.721759029,From MOVES5,2059,ON
T_MDV_T_DSL_N,2045,0.685671077,From MOVES5,2060,ON
T_MDV_T_DSL_N,2045,0.644530813,From MOVES5,2061,ON
T_MDV_T_DSL_N,2045,0.605858964,From MOVES5,2062,ON
T_MDV_T_DSL_N,2045,0.563448837,From MOVES5,2063,ON
T_MDV_T_DSL_N,2045,0.524007418,From MOVES5,2064,ON
T_MDV_T_DSL_N,2045,0.482086825,From MOVES5,2065,ON
T_MDV_T_DSL_N,2045,0.443519879,From MOVES5,2066,ON
T_MDV_T_DSL_N,2045,0.408038288,From MOVES5,2067,ON
T_MDV_T_DSL_N,2045,0.371314842,From MOVES5,2068,ON
T_MDV_T_DSL_N,2045,0.337896507,From MOVES5,2069,ON
T_MDV_T_DSL_N,2045,0.307485821,From MOVES5,2070,ON
T_MDV_T_DSL_N,2045,0.276737239,From MOVES5,2071,ON
T_MDV_T_DSL_N,2045,0.249063515,From MOVES5,2072,ON
T_MDV_T_DSL_N,2045,0.224157163,From MOVES5,2073,ON
T_MDV_T_DSL_N,2045,0.199499876,From MOVES5,2074,ON
T_MDV_T_DSL_N,2045,0.177554889,From MOVES5,2075,ON
T_MDV_T_DSL_N,2045,0.158023851,From MOVES5,2076,ON
T_MDV_T_DSL_N,2045,0.139060989,From MOVES5,2077,ON
T_MDV_T_DSL_N,2045,0.122373671,From MOVES5,2078,ON
T_MDV_T_DSL_N,2045,0.10768883,From MOVES5,2079,ON
T_MDV_T_DSL_N,2045,0.093689282,From MOVES5,2080,ON
T_MDV_T_DSL_N,2045,0.081509675,From MOVES5,2081,ON
T_MDV_T_DSL_N,2045,0.070913418,From MOVES5,2082,ON
T_MDV_T_DSL_N,2045,0.060985539,From MOVES5,2083,ON
T_MDV_T_DSL_N,2045,0.052447564,From MOVES5,2084,ON
T_MDV_T_DSL_N,2045,0.045104905,From MOVES5,2085,ON
T_MDV_T_DSL_N,2045,0.038339169,From MOVES5,2086,ON
T_MDV_T_DSL_N,2045,0,From MOVES5,2087,ON
T_MDV_T_DSL_N,2050,1,From MOVES5,2050,ON
T_MDV_T_DSL_N,2050,1,From MOVES5,2051,ON
T_MDV_T_DSL_N,2050,1,From MOVES5,2052,ON
T_MDV_T_DSL_N,2050,1,From MOVES5,2053,ON
T_MDV_T_DSL_N,2050,1,From MOVES5,2054,ON
T_MDV_T_DSL_N,2050,0.99,From MOVES5,2055,ON
T_MDV_T_DSL_N,2050,0.9702,From MOVES5,2056,ON
T_MDV_T_DSL_N,2050,0.950796,From MOVES5,2057,ON
T_MDV_T_DSL_N,2050,0.92227212,From MOVES5,2058,ON
T_MDV_T_DSL_N,2050,0.894603956,From MOVES5,2059,ON
T_MDV_T_DSL_N,2050,0.867765838,From MOVES5,2060,ON
T_MDV_T_DSL_N,2050,0.833055204,From MOVES5,2061,ON
T_MDV_T_DSL_N,2050,0.799732996,From MOVES5,2062,ON
T_MDV_T_DSL_N,2050,0.759746346,From MOVES5,2063,ON
T_MDV_T_DSL_N,2050,0.721759029,From MOVES5,2064,ON
T_MDV_T_DSL_N,2050,0.685671077,From MOVES5,2065,ON
T_MDV_T_DSL_N,2050,0.644530813,From MOVES5,2066,ON
T_MDV_T_DSL_N,2050,0.605858964,From MOVES5,2067,ON
T_MDV_T_DSL_N,2050,0.563448837,From MOVES5,2068,ON
T_MDV_T_DSL_N,2050,0.524007418,From MOVES5,2069,ON
T_MDV_T_DSL_N,2050,0.482086825,From MOVES5,2070,ON
T_MDV_T_DSL_N,2050,0.443519879,From MOVES5,2071,ON
T_MDV_T_DSL_N,2050,0.408038288,From MOVES5,2072,ON
T_MDV_T_DSL_N,2050,0.371314842,From MOVES5,2073,ON
T_MDV_T_DSL_N,2050,0.337896507,From MOVES5,2074,ON
T_MDV_T_DSL_N,2050,0.307485821,From MOVES5,2075,ON
T_MDV_T_DSL_N,2050,0.276737239,From MOVES5,2076,ON
T_MDV_T_DSL_N,2050,0.249063515,From MOVES5,2077,ON
T_MDV_T_DSL_N,2050,0.224157163,From MOVES5,2078,ON
T_MDV_T_DSL_N,2050,0.199499876,From MOVES5,2079,ON
T_MDV_T_DSL_N,2050,0.177554889,From MOVES5,2080,ON
T_MDV_T_DSL_N,2050,0.158023851,From MOVES5,2081,ON
T_MDV_T_DSL_N,2050,0.139060989,From MOVES5,2082,ON
T_MDV_T_DSL_N,2050,0.122373671,From MOVES5,2083,ON
T_MDV_T_DSL_N,2050,0.10768883,From MOVES5,2084,ON
T_MDV_T_DSL_N,2050,0.093689282,From MOVES5,2085,ON
T_MDV_T_DSL_N,2050,0.081509675,From MOVES5,2086,ON
T_MDV_T_DSL_N,2050,0.070913418,From MOVES5,2087,ON
T_MDV_T_DSL_N,2050,0.060985539,From MOVES5,2088,ON
T_MDV_T_DSL_N,2050,0.052447564,From MOVES5,2089,ON
T_MDV_T_DSL_N,2050,0.045104905,From MOVES5,2090,ON
T_MDV_T_DSL_N,2050,0.038339169,From MOVES5,2091,ON
T_MDV_T_DSL_N,2050,0,From MOVES5,2092,ON
T_MDV_T_DSL_PHEV_N,2025,1,From MOVES5,2025,ON
T_MDV_T_DSL_PHEV_N,2025,1,From MOVES5,2026,ON
T_MDV_T_DSL_PHEV_N,2025,1,From MOVES5,2027,ON
T_MDV_T_DSL_PHEV_N,2025,1,From MOVES5,2028,ON
T_MDV_T_DSL_PHEV_N,2025,1,From MOVES5,2029,ON
T_MDV_T_DSL_PHEV_N,2025,0.99,From MOVES5,2030,ON
T_MDV_T_DSL_PHEV_N,2025,0.9702,From MOVES5,2031,ON
T_MDV_T_DSL_PHEV_N,2025,0.950796,From MOVES5,2032,ON
T_MDV_T_DSL_PHEV_N,2025,0.92227212,From MOVES5,2033,ON
T_MDV_T_DSL_PHEV_N,2025,0.894603956,From MOVES5,2034,ON
T_MDV_T_DSL_PHEV_N,2025,0.867765838,From MOVES5,2035,ON
T_MDV_T_DSL_PHEV_N,2025,0.833055204,From MOVES5,2036,ON
T_MDV_T_DSL_PHEV_N,2025,0.799732996,From MOVES5,2037,ON
T_MDV_T_DSL_PHEV_N,2025,0.759746346,From MOVES5,2038,ON
T_MDV_T_DSL_PHEV_N,2025,0.721759029,From MOVES5,2039,ON
T_MDV_T_DSL_PHEV_N,2025,0.685671077,From MOVES5,2040,ON
T_MDV_T_DSL_PHEV_N,2025,0.644530813,From MOVES5,2041,ON
T_MDV_T_DSL_PHEV_N,2025,0.605858964,From MOVES5,2042,ON
T_MDV_T_DSL_PHEV_N,2025,0.563448837,From MOVES5,2043,ON
T_MDV_T_DSL_PHEV_N,2025,0.524007418,From MOVES5,2044,ON
T_MDV_T_DSL_PHEV_N,2025,0.482086825,From MOVES5,2045,ON
T_MDV_T_DSL_PHEV_N,2025,0.443519879,From MOVES5,2046,ON
T_MDV_T_DSL_PHEV_N,2025,0.408038288,From MOVES5,2047,ON
T_MDV_T_DSL_PHEV_N,2025,0.371314842,From MOVES5,2048,ON
T_MDV_T_DSL_PHEV_N,2025,0.337896507,From MOVES5,2049,ON
T_MDV_T_DSL_PHEV_N,2025,0.307485821,From MOVES5,2050,ON
T_MDV_T_DSL_PHEV_N,2025,0.276737239,From MOVES5,2051,ON
T_MDV_T_DSL_PHEV_N,2025,0.249063515,From MOVES5,2052,ON
T_MDV_T_DSL_PHEV_N,2025,0.224157163,From MOVES5,2053,ON
T_MDV_T_DSL_PHEV_N,2025,0.199499876,From MOVES5,2054,ON
T_MDV_T_DSL_PHEV_N,2025,0.177554889,From MOVES5,2055,ON
T_MDV_T_DSL_PHEV_N,2025,0.158023851,From MOVES5,2056,ON
T_MDV_T_DSL_PHEV_N,2025,0.139060989,From MOVES5,2057,ON
T_MDV_T_DSL_PHEV_N,2025,0.122373671,From MOVES5,2058,ON
T_MDV_T_DSL_PHEV_N,2025,0.10768883,From MOVES5,2059,ON
T_MDV_T_DSL_PHEV_N,2025,0.093689282,From MOVES5,2060,ON
T_MDV_T_DSL_PHEV_N,2025,0.081509675,From MOVES5,2061,ON
T_MDV_T_DSL_PHEV_N,2025,0.070913418,From MOVES5,2062,ON
T_MDV_T_DSL_PHEV_N,2025,0.060985539,From MOVES5,2063,ON
T_MDV_T_DSL_PHEV_N,2025,0.052447564,From MOVES5,2064,ON
T_MDV_T_DSL_PHEV_N,2025,0.045104905,From MOVES5,2065,ON
T_MDV_T_DSL_PHEV_N,2025,0.038339169,From MOVES5,2066,ON
T_MDV_T_DSL_PHEV_N,2025,0,From MOVES5,2067,ON
T_MDV_T_DSL_PHEV_N,2030,1,From MOVES5,2030,ON
T_MDV_T_DSL_PHEV_N,2030,1,From MOVES5,2031,ON
T_MDV_T_DSL_PHEV_N,2030,1,From MOVES5,2032,ON
T_MDV_T_DSL_PHEV_N,2030,1,From MOVES5,2033,ON
T_MDV_T_DSL_PHEV_N,2030,1,From MOVES5,2034,ON
T_MDV_T_DSL_PHEV_N,2030,0.99,From MOVES5,2035,ON
T_MDV_T_DSL_PHEV_N,2030,0.9702,From MOVES5,2036,ON
T_MDV_T_DSL_PHEV_N,2030,0.950796,From MOVES5,2037,ON
T_MDV_T_DSL_PHEV_N,2030,0.92227212,From MOVES5,2038,ON
T_MDV_T_DSL_PHEV_N,2030,0.894603956,From MOVES5,2039,ON
T_MDV_T_DSL_PHEV_N,2030,0.867765838,From MOVES5,2040,ON
T_MDV_T_DSL_PHEV_N,2030,0.833055204,From MOVES5,2041,ON
T_MDV_T_DSL_PHEV_N,2030,0.799732996,From MOVES5,2042,ON
T_MDV_T_DSL_PHEV_N,2030,0.759746346,From MOVES5,2043,ON
T_MDV_T_DSL_PHEV_N,2030,0.721759029,From MOVES5,2044,ON
T_MDV_T_DSL_PHEV_N,2030,0.685671077,From MOVES5,2045,ON
T_MDV_T_DSL_PHEV_N,2030,0.644530813,From MOVES5,2046,ON
T_MDV_T_DSL_PHEV_N,2030,0.605858964,From MOVES5,2047,ON
T_MDV_T_DSL_PHEV_N,2030,0.563448837,From MOVES5,2048,ON
T_MDV_T_DSL_PHEV_N,2030,0.524007418,From MOVES5,2049,ON
T_MDV_T_DSL_PHEV_N,2030,0.482086825,From MOVES5,2050,ON
T_MDV_T_DSL_PHEV_N,2030,0.443519879,From MOVES5,2051,ON
T_MDV_T_DSL_PHEV_N,2030,0.408038288,From MOVES5,2052,ON
T_MDV_T_DSL_PHEV_N,2030,0.371314842,From MOVES5,2053,ON
T_MDV_T_DSL_PHEV_N,2030,0.337896507,From MOVES5,2054,ON
T_MDV_T_DSL_PHEV_N,2030,0.307485821,From MOVES5,2055,ON
T_MDV_T_DSL_PHEV_N,2030,0.276737239,From MOVES5,2056,ON
T_MDV_T_DSL_PHEV_N,2030,0.249063515,From MOVES5,2057,ON
T_MDV_T_DSL_PHEV_N,2030,0.224157163,From MOVES5,2058,ON
T_MDV_T_DSL_PHEV_N,2030,0.199499876,From MOVES5,2059,ON
T_MDV_T_DSL_PHEV_N,2030,0.177554889,From MOVES5,2060,ON
T_MDV_T_DSL_PHEV_N,2030,0.158023851,From MOVES5,2061,ON
T_MDV_T_DSL_PHEV_N,2030,0.139060989,From MOVES5,2062,ON
T_MDV_T_DSL_PHEV_N,2030,0.122373671,From MOVES5,2063,ON
T_MDV_T_DSL_PHEV_N,2030,0.10768883,From MOVES5,2064,ON
T_MDV_T_DSL_PHEV_N,2030,0.093689282,From MOVES5,2065,ON
T_MDV_T_DSL_PHEV_N,2030,0.081509675,From MOVES5,2066,ON
T_MDV_T_DSL_PHEV_N,2030,0.070913418,From MOVES5,2067,ON
T_MDV_T_DSL_PHEV_N,2030,0.060985539,From MOVES5,2068,ON
T_MDV_T_DSL_PHEV_N,2030,0.052447564,From MOVES5,2069,ON
T_MDV_T_DSL_PHEV_N,2030,0.045104905,From MOVES5,2070,ON
T_MDV_T_DSL_PHEV_N,2030,0.038339169,From MOVES5,2071,ON
T_MDV_T_DSL_PHEV_N,2030,0,From MOVES5,2072,ON
T_MDV_T_DSL_PHEV_N,2035,1,From MOVES5,2035,ON
T_MDV_T_DSL_PHEV_N,2035,1,From MOVES5,2036,ON
T_MDV_T_DSL_PHEV_N,2035,1,From MOVES5,2037,ON
T_MDV_T_DSL_PHEV_N,2035,1,From MOVES5,2038,ON
T_MDV_T_DSL_PHEV_N,2035,1,From MOVES5,2039,ON
T_MDV_T_DSL_PHEV_N,2035,0.99,From MOVES5,2040,ON
T_MDV_T_DSL_PHEV_N,2035,0.9702,From MOVES5,2041,ON
T_MDV_T_DSL_PHEV_N,2035,0.950796,From MOVES5,2042,ON
T_MDV_T_DSL_PHEV_N,2035,0.92227212,From MOVES5,2043,ON
T_MDV_T_DSL_PHEV_N,2035,0.894603956,From MOVES5,2044,ON
T_MDV_T_DSL_PHEV_N,2035,0.867765838,From MOVES5,2045,ON
T_MDV_T_DSL_PHEV_N,2035,0.833055204,From MOVES5,2046,ON
T_MDV_T_DSL_PHEV_N,2035,0.799732996,From MOVES5,2047,ON
T_MDV_T_DSL_PHEV_N,2035,0.759746346,From MOVES5,2048,ON
T_MDV_T_DSL_PHEV_N,2035,0.721759029,From MOVES5,2049,ON
T_MDV_T_DSL_PHEV_N,2035,0.685671077,From MOVES5,2050,ON
T_MDV_T_DSL_PHEV_N,2035,0.644530813,From MOVES5,2051,ON
T_MDV_T_DSL_PHEV_N,2035,0.605858964,From MOVES5,2052,ON
T_MDV_T_DSL_PHEV_N,2035,0.563448837,From MOVES5,2053,ON
T_MDV_T_DSL_PHEV_N,2035,0.524007418,From MOVES5,2054,ON
T_MDV_T_DSL_PHEV_N,2035,0.482086825,From MOVES5,2055,ON
T_MDV_T_DSL_PHEV_N,2035,0.443519879,From MOVES5,2056,ON
T_MDV_T_DSL_PHEV_N,2035,0.408038288,From MOVES5,2057,ON
T_MDV_T_DSL_PHEV_N,2035,0.371314842,From MOVES5,2058,ON
T_MDV_T_DSL_PHEV_N,2035,0.337896507,From MOVES5,2059,ON
T_MDV_T_DSL_PHEV_N,2035,0.307485821,From MOVES5,2060,ON
T_MDV_T_DSL_PHEV_N,2035,0.276737239,From MOVES5,2061,ON
T_MDV_T_DSL_PHEV_N,2035,0.249063515,From MOVES5,2062,ON
T_MDV_T_DSL_PHEV_N,2035,0.224157163,From MOVES5,2063,ON
T_MDV_T_DSL_PHEV_N,2035,0.199499876,From MOVES5,2064,ON
T_MDV_T_DSL_PHEV_N,2035,0.177554889,From MOVES5,2065,ON
T_MDV_T_DSL_PHEV_N,2035,0.158023851,From MOVES5,2066,ON
T_MDV_T_DSL_PHEV_N,2035,0.139060989,From MOVES5,2067,ON
T_MDV_T_DSL_PHEV_N,2035,0.122373671,From MOVES5,2068,ON
T_MDV_T_DSL_PHEV_N,2035,0.10768883,From MOVES5,2069,ON
T_MDV_T_DSL_PHEV_N,2035,0.093689282,From MOVES5,2070,ON
T_MDV_T_DSL_PHEV_N,2035,0.081509675,From MOVES5,2071,ON
T_MDV_T_DSL_PHEV_N,2035,0.070913418,From MOVES5,2072,ON
T_MDV_T_DSL_PHEV_N,2035,0.060985539,From MOVES5,2073,ON
T_MDV_T_DSL_PHEV_N,2035,0.052447564,From MOVES5,2074,ON
T_MDV_T_DSL_PHEV_N,2035,0.045104905,From MOVES5,2075,ON
T_MDV_T_DSL_PHEV_N,2035,0.038339169,From MOVES5,2076,ON
T_MDV_T_DSL_PHEV_N,2035,0,From MOVES5,2077,ON
T_MDV_T_DSL_PHEV_N,2040,1,From MOVES5,2040,ON
T_MDV_T_DSL_PHEV_N,2040,1,From MOVES5,2041,ON
T_MDV_T_DSL_PHEV_N,2040,1,From MOVES5,2042,ON
T_MDV_T_DSL_PHEV_N,2040,1,From MOVES5,2043,ON
T_MDV_T_DSL_PHEV_N,2040,1,From MOVES5,2044,ON
T_MDV_T_DSL_PHEV_N,2040,0.99,From MOVES5,2045,ON
T_MDV_T_DSL_PHEV_N,2040,0.9702,From MOVES5,2046,ON
T_MDV_T_DSL_PHEV_N,2040,0.950796,From MOVES5,2047,ON
T_MDV_T_DSL_PHEV_N,2040,0.92227212,From MOVES5,2048,ON
T_MDV_T_DSL_PHEV_N,2040,0.894603956,From MOVES5,2049,ON
T_MDV_T_DSL_PHEV_N,2040,0.867765838,From MOVES5,2050,ON
T_MDV_T_DSL_PHEV_N,2040,0.833055204,From MOVES5,2051,ON
T_MDV_T_DSL_PHEV_N,2040,0.799732996,From MOVES5,2052,ON
T_MDV_T_DSL_PHEV_N,2040,0.759746346,From MOVES5,2053,ON
T_MDV_T_DSL_PHEV_N,2040,0.721759029,From MOVES5,2054,ON
T_MDV_T_DSL_PHEV_N,2040,0.685671077,From MOVES5,2055,ON
T_MDV_T_DSL_PHEV_N,2040,0.644530813,From MOVES5,2056,ON
T_MDV_T_DSL_PHEV_N,2040,0.605858964,From MOVES5,2057,ON
T_MDV_T_DSL_PHEV_N,2040,0.563448837,From MOVES5,2058,ON
T_MDV_T_DSL_PHEV_N,2040,0.524007418,From MOVES5,2059,ON
T_MDV_T_DSL_PHEV_N,2040,0.482086825,From MOVES5,2060,ON
T_MDV_T_DSL_PHEV_N,2040,0.443519879,From MOVES5,2061,ON
T_MDV_T_DSL_PHEV_N,2040,0.408038288,From MOVES5,2062,ON
T_MDV_T_DSL_PHEV_N,2040,0.371314842,From MOVES5,2063,ON
T_MDV_T_DSL_PHEV_N,2040,0.337896507,From MOVES5,2064,ON
T_MDV_T_DSL_PHEV_N,2040,0.307485821,From MOVES5,2065,ON
T_MDV_T_DSL_PHEV_N,2040,0.276737239,From MOVES5,2066,ON
T_MDV_T_DSL_PHEV_N,2040,0.249063515,From MOVES5,2067,ON
T_MDV_T_DSL_PHEV_N,2040,0.224157163,From MOVES5,2068,ON
T_MDV_T_DSL_PHEV_N,2040,0.199499876,From MOVES5,2069,ON
T_MDV_T_DSL_PHEV_N,2040,0.177554889,From MOVES5,2070,ON
T_MDV_T_DSL_PHEV_N,2040,0.158023851,From MOVES5,2071,ON
T_MDV_T_DSL_PHEV_N,2040,0.139060989,From MOVES5,2072,ON
T_MDV_T_DSL_PHEV_N,2040,0.122373671,From MOVES5,2073,ON
T_MDV_T_DSL_PHEV_N,2040,0.10768883,From MOVES5,2074,ON
T_MDV_T_DSL_PHEV_N,2040,0.093689282,From MOVES5,2075,ON
T_MDV_T_DSL_PHEV_N,2040,0.081509675,From MOVES5,2076,ON
T_MDV_T_DSL_PHEV_N,2040,0.070913418,From MOVES5,2077,ON
T_MDV_T_DSL_PHEV_N,2040,0.060985539,From MOVES5,2078,ON
T_MDV_T_DSL_PHEV_N,2040,0.052447564,From MOVES5,2079,ON
T_MDV_T_DSL_PHEV_N,2040,0.045104905,From MOVES5,2080,ON
T_MDV_T_DSL_PHEV_N,2040,0.038339169,From MOVES5,2081,ON
T_MDV_T_DSL_PHEV_N,2040,0,From MOVES5,2082,ON
T_MDV_T_DSL_PHEV_N,2045,1,From MOVES5,2045,ON
T_MDV_T_DSL_PHEV_N,2045,1,From MOVES5,2046,ON
T_MDV_T_DSL_PHEV_N,2045,1,From MOVES5,2047,ON
T_MDV_T_DSL_PHEV_N,2045,1,From MOVES5,2048,ON
T_MDV_T_DSL_PHEV_N,2045,1,From MOVES5,2049,ON
T_MDV_T_DSL_PHEV_N,2045,0.99,From MOVES5,2050,ON
T_MDV_T_DSL_PHEV_N,2045,0.9702,From MOVES5,2051,ON
T_MDV_T_DSL_PHEV_N,2045,0.950796,From MOVES5,2052,ON
T_MDV_T_DSL_PHEV_N,2045,0.92227212,From MOVES5,2053,ON
T_MDV_T_DSL_PHEV_N,2045,0.894603956,From MOVES5,2054,ON
T_MDV_T_DSL_PHEV_N,2045,0.867765838,From MOVES5,2055,ON
T_MDV_T_DSL_PHEV_N,2045,0.833055204,From MOVES5,2056,ON
T_MDV_T_DSL_PHEV_N,2045,0.799732996,From MOVES5,2057,ON
T_MDV_T_DSL_PHEV_N,2045,0.759746346,From MOVES5,2058,ON
T_MDV_T_DSL_PHEV_N,2045,0.721759029,From MOVES5,2059,ON
T_MDV_T_DSL_PHEV_N,2045,0.685671077,From MOVES5,2060,ON
T_MDV_T_DSL_PHEV_N,2045,0.644530813,From MOVES5,2061,ON
T_MDV_T_DSL_PHEV_N,2045,0.605858964,From MOVES5,2062,ON
T_MDV_T_DSL_PHEV_N,2045,0.563448837,From MOVES5,2063,ON
T_MDV_T_DSL_PHEV_N,2045,0.524007418,From MOVES5,2064,ON
T_MDV_T_DSL_PHEV_N,2045,0.482086825,From MOVES5,2065,ON
T_MDV_T_DSL_PHEV_N,2045,0.443519879,From MOVES5,2066,ON
T_MDV_T_DSL_PHEV_N,2045,0.408038288,From MOVES5,2067,ON
T_MDV_T_DSL_PHEV_N,2045,0.371314842,From MOVES5,2068,ON
T_MDV_T_DSL_PHEV_N,2045,0.337896507,From MOVES5,2069,ON
T_MDV_T_DSL_PHEV_N,2045,0.307485821,From MOVES5,2070,ON
T_MDV_T_DSL_PHEV_N,2045,0.276737239,From MOVES5,2071,ON
T_MDV_T_DSL_PHEV_N,2045,0.249063515,From MOVES5,2072,ON
T_MDV_T_DSL_PHEV_N,2045,0.224157163,From MOVES5,2073,ON
T_MDV_T_DSL_PHEV_N,2045,0.199499876,From MOVES5,2074,ON
T_MDV_T_DSL_PHEV_N,2045,0.177554889,From MOVES5,2075,ON
T_MDV_T_DSL_PHEV_N,2045,0.158023851,From MOVES5,2076,ON
T_MDV_T_DSL_PHEV_N,2045,0.139060989,From MOVES5,2077,ON
T_MDV_T_DSL_PHEV_N,2045,0.122373671,From MOVES5,2078,ON
T_MDV_T_DSL_PHEV_N,2045,0.10768883,From MOVES5,2079,ON
T_MDV_T_DSL_PHEV_N,2045,0.093689282,From MOVES5,2080,ON
T_MDV_T_DSL_PHEV_N,2045,0.081509675,From MOVES5,2081,ON
T_MDV_T_DSL_PHEV_N,2045,0.070913418,From MOVES5,2082,ON
T_MDV_T_DSL_PHEV_N,2045,0.060985539,From MOVES5,2083,ON
T_MDV_T_DSL_PHEV_N,2045,0.052447564,From MOVES5,2084,ON
T_MDV_T_DSL_PHEV_N,2045,0.045104905,From MOVES5,2085,ON
T_MDV_T_DSL_PHEV_N,2045,0.038339169,From MOVES5,2086,ON
T_MDV_T_DSL_PHEV_N,2045,0,From MOVES5,2087,ON
T_MDV_T_DSL_PHEV_N,2050,1,From MOVES5,2050,ON
T_MDV_T_DSL_PHEV_N,2050,1,From MOVES5,2051,ON
T_MDV_T_DSL_PHEV_N,2050,1,From MOVES5,2052,ON
T_MDV_T_DSL_PHEV_N,2050,1,From MOVES5,2053,ON
T_MDV_T_DSL_PHEV_N,2050,1,From MOVES5,2054,ON
T_MDV_T_DSL_PHEV_N,2050,0.99,From MOVES5,2055,ON
T_MDV_T_DSL_PHEV_N,2050,0.9702,From MOVES5,2056,ON
T_MDV_T_DSL_PHEV_N,2050,0.950796,From MOVES5,2057,ON
T_MDV_T_DSL_PHEV_N,2050,0.92227212,From MOVES5,2058,ON
T_MDV_T_DSL_PHEV_N,2050,0.894603956,From MOVES5,2059,ON
T_MDV_T_DSL_PHEV_N,2050,0.867765838,From MOVES5,2060,ON
T_MDV_T_DSL_PHEV_N,2050,0.833055204,From MOVES5,2061,ON
T_MDV_T_DSL_PHEV_N,2050,0.799732996,From MOVES5,2062,ON
T_MDV_T_DSL_PHEV_N,2050,0.759746346,From MOVES5,2063,ON
T_MDV_T_DSL_PHEV_N,2050,0.721759029,From MOVES5,2064,ON
T_MDV_T_DSL_PHEV_N,2050,0.685671077,From MOVES5,2065,ON
T_MDV_T_DSL_PHEV_N,2050,0.644530813,From MOVES5,2066,ON
T_MDV_T_DSL_PHEV_N,2050,0.605858964,From MOVES5,2067,ON
T_MDV_T_DSL_PHEV_N,2050,0.563448837,From MOVES5,2068,ON
T_MDV_T_DSL_PHEV_N,2050,0.524007418,From MOVES5,2069,ON
T_MDV_T_DSL_PHEV_N,2050,0.482086825,From MOVES5,2070,ON
T_MDV_T_DSL_PHEV_N,2050,0.443519879,From MOVES5,2071,ON
T_MDV_T_DSL_PHEV_N,2050,0.408038288,From MOVES5,2072,ON
T_MDV_T_DSL_PHEV_N,2050,0.371314842,From MOVES5,2073,ON
T_MDV_T_DSL_PHEV_N,2050,0.337896507,From MOVES5,2074,ON
T_MDV_T_DSL_PHEV_N,2050,0.307485821,From MOVES5,2075,ON
T_MDV_T_DSL_PHEV_N,2050,0.276737239,From MOVES5,2076,ON
T_MDV_T_DSL_PHEV_N,2050,0.249063515,From MOVES5,2077,ON
T_MDV_T_DSL_PHEV_N,2050,0.224157163,From MOVES5,2078,ON
T_MDV_T_DSL_PHEV_N,2050,0.199499876,From MOVES5,2079,ON
T_MDV_T_DSL_PHEV_N,2050,0.177554889,From MOVES5,2080,ON
T_MDV_T_DSL_PHEV_N,2050,0.158023851,From MOVES5,2081,ON
T_MDV_T_DSL_PHEV_N,2050,0.139060989,From MOVES5,2082,ON
T_MDV_T_DSL_PHEV_N,2050,0.122373671,From MOVES5,2083,ON
T_MDV_T_DSL_PHEV_N,2050,0.10768883,From MOVES5,2084,ON
T_MDV_T_DSL_PHEV_N,2050,0.093689282,From MOVES5,2085,ON
T_MDV_T_DSL_PHEV_N,2050,0.081509675,From MOVES5,2086,ON
T_MDV_T_DSL_PHEV_N,2050,0.070913418,From MOVES5,2087,ON
T_MDV_T_DSL_PHEV_N,2050,0.060985539,From MOVES5,2088,ON
T_MDV_T_DSL_PHEV_N,2050,0.052447564,From MOVES5,2089,ON
T_MDV_T_DSL_PHEV_N,2050,0.045104905,From MOVES5,2090,ON
T_MDV_T_DSL_PHEV_N,2050,0.038339169,From MOVES5,2091,ON
T_MDV_T_DSL_PHEV_N,2050,0,From MOVES5,2092,ON
T_MDV_T_FCEV_N,2025,1,From MOVES5,2025,ON
T_MDV_T_FCEV_N,2025,1,From MOVES5,2026,ON
T_MDV_T_FCEV_N,2025,1,From MOVES5,2027,ON
T_MDV_T_FCEV_N,2025,1,From MOVES5,2028,ON
T_MDV_T_FCEV_N,2025,1,From MOVES5,2029,ON
T_MDV_T_FCEV_N,2025,0.99,From MOVES5,2030,ON
T_MDV_T_FCEV_N,2025,0.9702,From MOVES5,2031,ON
T_MDV_T_FCEV_N,2025,0.950796,From MOVES5,2032,ON
T_MDV_T_FCEV_N,2025,0.92227212,From MOVES5,2033,ON
T_MDV_T_FCEV_N,2025,0.894603956,From MOVES5,2034,ON
T_MDV_T_FCEV_N,2025,0.867765838,From MOVES5,2035,ON
T_MDV_T_FCEV_N,2025,0.833055204,From MOVES5,2036,ON
T_MDV_T_FCEV_N,2025,0.799732996,From MOVES5,2037,ON
T_MDV_T_FCEV_N,2025,0.759746346,From MOVES5,2038,ON
T_MDV_T_FCEV_N,2025,0.721759029,From MOVES5,2039,ON
T_MDV_T_FCEV_N,2025,0.685671077,From MOVES5,2040,ON
T_MDV_T_FCEV_N,2025,0.644530813,From MOVES5,2041,ON
T_MDV_T_FCEV_N,2025,0.605858964,From MOVES5,2042,ON
T_MDV_T_FCEV_N,2025,0.563448837,From MOVES5,2043,ON
T_MDV_T_FCEV_N,2025,0.524007418,From MOVES5,2044,ON
T_MDV_T_FCEV_N,2025,0.482086825,From MOVES5,2045,ON
T_MDV_T_FCEV_N,2025,0.443519879,From MOVES5,2046,ON
T_MDV_T_FCEV_N,2025,0.408038288,From MOVES5,2047,ON
T_MDV_T_FCEV_N,2025,0.371314842,From MOVES5,2048,ON
T_MDV_T_FCEV_N,2025,0.337896507,From MOVES5,2049,ON
T_MDV_T_FCEV_N,2025,0.307485821,From MOVES5,2050,ON
T_MDV_T_FCEV_N,2025,0.276737239,From MOVES5,2051,ON
T_MDV_T_FCEV_N,2025,0.249063515,From MOVES5,2052,ON
T_MDV_T_FCEV_N,2025,0.224157163,From MOVES5,2053,ON
T_MDV_T_FCEV_N,2025,0.199499876,From MOVES5,2054,ON
T_MDV_T_FCEV_N,2025,0.177554889,From MOVES5,2055,ON
T_MDV_T_FCEV_N,2025,0.158023851,From MOVES5,2056,ON
T_MDV_T_FCEV_N,2025,0.139060989,From MOVES5,2057,ON
T_MDV_T_FCEV_N,2025,0.122373671,From MOVES5,2058,ON
T_MDV_T_FCEV_N,2025,0.10768883,From MOVES5,2059,ON
T_MDV_T_FCEV_N,2025,0.093689282,From MOVES5,2060,ON
T_MDV_T_FCEV_N,2025,0.081509675,From MOVES5,2061,ON
T_MDV_T_FCEV_N,2025,0.070913418,From MOVES5,2062,ON
T_MDV_T_FCEV_N,2025,0.060985539,From MOVES5,2063,ON
T_MDV_T_FCEV_N,2025,0.052447564,From MOVES5,2064,ON
T_MDV_T_FCEV_N,2025,0.045104905,From MOVES5,2065,ON
T_MDV_T_FCEV_N,2025,0.038339169,From MOVES5,2066,ON
T_MDV_T_FCEV_N,2025,0,From MOVES5,2067,ON
T_MDV_T_FCEV_N,2030,1,From MOVES5,2030,ON
T_MDV_T_FCEV_N,2030,1,From MOVES5,2031,ON
T_MDV_T_FCEV_N,2030,1,From MOVES5,2032,ON
T_MDV_T_FCEV_N,2030,1,From MOVES5,2033,ON
T_MDV_T_FCEV_N,2030,1,From MOVES5,2034,ON
T_MDV_T_FCEV_N,2030,0.99,From MOVES5,2035,ON
T_MDV_T_FCEV_N,2030,0.9702,From MOVES5,2036,ON
T_MDV_T_FCEV_N,2030,0.950796,From MOVES5,2037,ON
T_MDV_T_FCEV_N,2030,0.92227212,From MOVES5,2038,ON
T_MDV_T_FCEV_N,2030,0.894603956,From MOVES5,2039,ON
T_MDV_T_FCEV_N,2030,0.867765838,From MOVES5,2040,ON
T_MDV_T_FCEV_N,2030,0.833055204,From MOVES5,2041,ON
T_MDV_T_FCEV_N,2030,0.799732996,From MOVES5,2042,ON
T_MDV_T_FCEV_N,2030,0.759746346,From MOVES5,2043,ON
T_MDV_T_FCEV_N,2030,0.721759029,From MOVES5,2044,ON
T_MDV_T_FCEV_N,2030,0.685671077,From MOVES5,2045,ON
T_MDV_T_FCEV_N,2030,0.644530813,From MOVES5,2046,ON
T_MDV_T_FCEV_N,2030,0.605858964,From MOVES5,2047,ON
T_MDV_T_FCEV_N,2030,0.563448837,From MOVES5,2048,ON
T_MDV_T_FCEV_N,2030,0.524007418,From MOVES5,2049,ON
T_MDV_T_FCEV_N,2030,0.482086825,From MOVES5,2050,ON
T_MDV_T_FCEV_N,2030,0.443519879,From MOVES5,2051,ON
T_MDV_T_FCEV_N,2030,0.408038288,From MOVES5,2052,ON
T_MDV_T_FCEV_N,2030,0.371314842,From MOVES5,2053,ON
T_MDV_T_FCEV_N,2030,0.337896507,From MOVES5,2054,ON
T_MDV_T_FCEV_N,2030,0.307485821,From MOVES5,2055,ON
T_MDV_T_FCEV_N,2030,0.276737239,From MOVES5,2056,ON
T_MDV_T_FCEV_N,2030,0.249063515,From MOVES5,2057,ON
T_MDV_T_FCEV_N,2030,0.224157163,From MOVES5,2058,ON
T_MDV_T_FCEV_N,2030,0.199499876,From MOVES5,2059,ON
T_MDV_T_FCEV_N,2030,0.177554889,From MOVES5,2060,ON
T_MDV_T_FCEV_N,2030,0.158023851,From MOVES5,2061,ON
T_MDV_T_FCEV_N,2030,0.139060989,From MOVES5,2062,ON
T_MDV_T_FCEV_N,2030,0.122373671,From MOVES5,2063,ON
T_MDV_T_FCEV_N,2030,0.10768883,From MOVES5,2064,ON
T_MDV_T_FCEV_N,2030,0.093689282,From MOVES5,2065,ON
T_MDV_T_FCEV_N,2030,0.081509675,From MOVES5,2066,ON
T_MDV_T_FCEV_N,2030,0.070913418,From MOVES5,2067,ON
T_MDV_T_FCEV_N,2030,0.060985539,From MOVES5,2068,ON
T_MDV_T_FCEV_N,2030,0.052447564,From MOVES5,2069,ON
T_MDV_T_FCEV_N,2030,0.045104905,From MOVES5,2070,ON
T_MDV_T_FCEV_N,2030,0.038339169,From MOVES5,2071,ON
T_MDV_T_FCEV_N,2030,0,From MOVES5,2072,ON
T_MDV_T_FCEV_N,2035,1,From MOVES5,2035,ON
T_MDV_T_FCEV_N,2035,1,From MOVES5,2036,ON
T_MDV_T_FCEV_N,2035,1,From MOVES5,2037,ON
T_MDV_T_FCEV_N,2035,1,From MOVES5,2038,ON
T_MDV_T_FCEV_N,2035,1,From MOVES5,2039,ON
T_MDV_T_FCEV_N,2035,0.99,From MOVES5,2040,ON
T_MDV_T_FCEV_N,2035,0.9702,From MOVES5,2041,ON
T_MDV_T_FCEV_N,2035,0.950796,From MOVES5,2042,ON
T_MDV_T_FCEV_N,2035,0.92227212,From MOVES5,2043,ON
T_MDV_T_FCEV_N,2035,0.894603956,From MOVES5,2044,ON
T_MDV_T_FCEV_N,2035,0.867765838,From MOVES5,2045,ON
T_MDV_T_FCEV_N,2035,0.833055204,From MOVES5,2046,ON
T_MDV_T_FCEV_N,2035,0.799732996,From MOVES5,2047,ON
T_MDV_T_FCEV_N,2035,0.759746346,From MOVES5,2048,ON
T_MDV_T_FCEV_N,2035,0.721759029,From MOVES5,2049,ON
T_MDV_T_FCEV_N,2035,0.685671077,From MOVES5,2050,ON
T_MDV_T_FCEV_N,2035,0.644530813,From MOVES5,2051,ON
T_MDV_T_FCEV_N,2035,0.605858964,From MOVES5,2052,ON
T_MDV_T_FCEV_N,2035,0.563448837,From MOVES5,2053,ON
T_MDV_T_FCEV_N,2035,0.524007418,From MOVES5,2054,ON
T_MDV_T_FCEV_N,2035,0.482086825,From MOVES5,2055,ON
T_MDV_T_FCEV_N,2035,0.443519879,From MOVES5,2056,ON
T_MDV_T_FCEV_N,2035,0.408038288,From MOVES5,2057,ON
T_MDV_T_FCEV_N,2035,0.371314842,From MOVES5,2058,ON
T_MDV_T_FCEV_N,2035,0.337896507,From MOVES5,2059,ON
T_MDV_T_FCEV_N,2035,0.307485821,From MOVES5,2060,ON
T_MDV_T_FCEV_N,2035,0.276737239,From MOVES5,2061,ON
T_MDV_T_FCEV_N,2035,0.249063515,From MOVES5,2062,ON
T_MDV_T_FCEV_N,2035,0.224157163,From MOVES5,2063,ON
T_MDV_T_FCEV_N,2035,0.199499876,From MOVES5,2064,ON
T_MDV_T_FCEV_N,2035,0.177554889,From MOVES5,2065,ON
T_MDV_T_FCEV_N,2035,0.158023851,From MOVES5,2066,ON
T_MDV_T_FCEV_N,2035,0.139060989,From MOVES5,2067,ON
T_MDV_T_FCEV_N,2035,0.122373671,From MOVES5,2068,ON
T_MDV_T_FCEV_N,2035,0.10768883,From MOVES5,2069,ON
T_MDV_T_FCEV_N,2035,0.093689282,From MOVES5,2070,ON
T_MDV_T_FCEV_N,2035,0.081509675,From MOVES5,2071,ON
T_MDV_T_FCEV_N,2035,0.070913418,From MOVES5,2072,ON
T_MDV_T_FCEV_N,2035,0.060985539,From MOVES5,2073,ON
T_MDV_T_FCEV_N,2035,0.052447564,From MOVES5,2074,ON
T_MDV_T_FCEV_N,2035,0.045104905,From MOVES5,2075,ON
T_MDV_T_FCEV_N,2035,0.038339169,From MOVES5,2076,ON
T_MDV_T_FCEV_N,2035,0,From MOVES5,2077,ON
T_MDV_T_FCEV_N,2040,1,From MOVES5,2040,ON
T_MDV_T_FCEV_N,2040,1,From MOVES5,2041,ON
T_MDV_T_FCEV_N,2040,1,From MOVES5,2042,ON
T_MDV_T_FCEV_N,2040,1,From MOVES5,2043,ON
T_MDV_T_FCEV_N,2040,1,From MOVES5,2044,ON
T_MDV_T_FCEV_N,2040,0.99,From MOVES5,2045,ON
T_MDV_T_FCEV_N,2040,0.9702,From MOVES5,2046,ON
T_MDV_T_FCEV_N,2040,0.950796,From MOVES5,2047,ON
T_MDV_T_FCEV_N,2040,0.92227212,From MOVES5,2048,ON
T_MDV_T_FCEV_N,2040,0.894603956,From MOVES5,2049,ON
T_MDV_T_FCEV_N,2040,0.867765838,From MOVES5,2050,ON
T_MDV_T_FCEV_N,2040,0.833055204,From MOVES5,2051,ON
T_MDV_T_FCEV_N,2040,0.799732996,From MOVES5,2052,ON
T_MDV_T_FCEV_N,2040,0.759746346,From MOVES5,2053,ON
T_MDV_T_FCEV_N,2040,0.721759029,From MOVES5,2054,ON
T_MDV_T_FCEV_N,2040,0.685671077,From MOVES5,2055,ON
T_MDV_T_FCEV_N,2040,0.644530813,From MOVES5,2056,ON
T_MDV_T_FCEV_N,2040,0.605858964,From MOVES5,2057,ON
T_MDV_T_FCEV_N,2040,0.563448837,From MOVES5,2058,ON
T_MDV_T_FCEV_N,2040,0.524007418,From MOVES5,2059,ON
T_MDV_T_FCEV_N,2040,0.482086825,From MOVES5,2060,ON
T_MDV_T_FCEV_N,2040,0.443519879,From MOVES5,2061,ON
T_MDV_T_FCEV_N,2040,0.408038288,From MOVES5,2062,ON
T_MDV_T_FCEV_N,2040,0.371314842,From MOVES5,2063,ON
T_MDV_T_FCEV_N,2040,0.337896507,From MOVES5,2064,ON
T_MDV_T_FCEV_N,2040,0.307485821,From MOVES5,2065,ON
T_MDV_T_FCEV_N,2040,0.276737239,From MOVES5,2066,ON
T_MDV_T_FCEV_N,2040,0.249063515,From MOVES5,2067,ON
T_MDV_T_FCEV_N,2040,0.224157163,From MOVES5,2068,ON
T_MDV_T_FCEV_N,2040,0.199499876,From MOVES5,2069,ON
T_MDV_T_FCEV_N,2040,0.177554889,From MOVES5,2070,ON
T_MDV_T_FCEV_N,2040,0.158023851,From MOVES5,2071,ON
T_MDV_T_FCEV_N,2040,0.139060989,From MOVES5,2072,ON
T_MDV_T_FCEV_N,2040,0.122373671,From MOVES5,2073,ON
T_MDV_T_FCEV_N,2040,0.10768883,From MOVES5,2074,ON
T_MDV_T_FCEV_N,2040,0.093689282,From MOVES5,2075,ON
T_MDV_T_FCEV_N,2040,0.081509675,From MOVES5,2076,ON
T_MDV_T_FCEV_N,2040,0.070913418,From MOVES5,2077,ON
T_MDV_T_FCEV_N,2040,0.060985539,From MOVES5,2078,ON
T_MDV_T_FCEV_N,2040,0.052447564,From MOVES5,2079,ON
T_MDV_T_FCEV_N,2040,0.045104905,From MOVES5,2080,ON
T_MDV_T_FCEV_N,2040,0.038339169,From MOVES5,2081,ON
T_MDV_T_FCEV_N,2040,0,From MOVES5,2082,ON
T_MDV_T_FCEV_N,2045,1,From MOVES5,2045,ON
T_MDV_T_FCEV_N,2045,1,From MOVES5,2046,ON
T_MDV_T_FCEV_N,2045,1,From MOVES5,2047,ON
T_MDV_T_FCEV_N,2045,1,From MOVES5,2048,ON
T_MDV_T_FCEV_N,2045,1,From MOVES5,2049,ON
T_MDV_T_FCEV_N,2045,0.99,From MOVES5,2050,ON
T_MDV_T_FCEV_N,2045,0.9702,From MOVES5,2051,ON
T_MDV_T_FCEV_N,2045,0.950796,From MOVES5,2052,ON
T_MDV_T_FCEV_N,2045,0.92227212,From MOVES5,2053,ON
T_MDV_T_FCEV_N,2045,0.894603956,From MOVES5,2054,ON
T_MDV_T_FCEV_N,2045,0.867765838,From MOVES5,2055,ON
T_MDV_T_FCEV_N,2045,0.833055204,From MOVES5,2056,ON
T_MDV_T_FCEV_N,2045,0.799732996,From MOVES5,2057,ON
T_MDV_T_FCEV_N,2045,0.759746346,From MOVES5,2058,ON
T_MDV_T_FCEV_N,2045,0.721759029,From MOVES5,2059,ON
T_MDV_T_FCEV_N,2045,0.685671077,From MOVES5,2060,ON
T_MDV_T_FCEV_N,2045,0.644530813,From MOVES5,2061,ON
T_MDV_T_FCEV_N,2045,0.605858964,From MOVES5,2062,ON
T_MDV_T_FCEV_N,2045,0.563448837,From MOVES5,2063,ON
T_MDV_T_FCEV_N,2045,0.524007418,From MOVES5,2064,ON
T_MDV_T_FCEV_N,2045,0.482086825,From MOVES5,2065,ON
T_MDV_T_FCEV_N,2045,0.443519879,From MOVES5,2066,ON
T_MDV_T_FCEV_N,2045,0.408038288,From MOVES5,2067,ON
T_MDV_T_FCEV_N,2045,0.371314842,From MOVES5,2068,ON
T_MDV_T_FCEV_N,2045,0.337896507,From MOVES5,2069,ON
T_MDV_T_FCEV_N,2045,0.307485821,From MOVES5,2070,ON
T_MDV_T_FCEV_N,2045,0.276737239,From MOVES5,2071,ON
T_MDV_T_FCEV_N,2045,0.249063515,From MOVES5,2072,ON
T_MDV_T_FCEV_N,2045,0.224157163,From MOVES5,2073,ON
T_MDV_T_FCEV_N,2045,0.199499876,From MOVES5,2074,ON
T_MDV_T_FCEV_N,2045,0.177554889,From MOVES5,2075,ON
T_MDV_T_FCEV_N,2045,0.158023851,From MOVES5,2076,ON
T_MDV_T_FCEV_N,2045,0.139060989,From MOVES5,2077,ON
T_MDV_T_FCEV_N,2045,0.122373671,From MOVES5,2078,ON
T_MDV_T_FCEV_N,2045,0.10768883,From MOVES5,2079,ON
T_MDV_T_FCEV_N,2045,0.093689282,From MOVES5,2080,ON
T_MDV_T_FCEV_N,2045,0.081509675,From MOVES5,2081,ON
T_MDV_T_FCEV_N,2045,0.070913418,From MOVES5,2082,ON
T_MDV_T_FCEV_N,2045,0.060985539,From MOVES5,2083,ON
T_MDV_T_FCEV_N,2045,0.052447564,From MOVES5,2084,ON
T_MDV_T_FCEV_N,2045,0.045104905,From MOVES5,2085,ON
T_MDV_T_FCEV_N,2045,0.038339169,From MOVES5,2086,ON
T_MDV_T_FCEV_N,2045,0,From MOVES5,2087,ON
T_MDV_T_FCEV_N,2050,1,From MOVES5,2050,ON
T_MDV_T_FCEV_N,2050,1,From MOVES5,2051,ON
T_MDV_T_FCEV_N,2050,1,From MOVES5,2052,ON
T_MDV_T_FCEV_N,2050,1,From MOVES5,2053,ON
T_MDV_T_FCEV_N,2050,1,From MOVES5,2054,ON
T_MDV_T_FCEV_N,2050,0.99,From MOVES5,2055,ON
T_MDV_T_FCEV_N,2050,0.9702,From MOVES5,2056,ON
T_MDV_T_FCEV_N,2050,0.950796,From MOVES5,2057,ON
T_MDV_T_FCEV_N,2050,0.92227212,From MOVES5,2058,ON
T_MDV_T_FCEV_N,2050,0.894603956,From MOVES5,2059,ON
T_MDV_T_FCEV_N,2050,0.867765838,From MOVES5,2060,ON
T_MDV_T_FCEV_N,2050,0.833055204,From MOVES5,2061,ON
T_MDV_T_FCEV_N,2050,0.799732996,From MOVES5,2062,ON
T_MDV_T_FCEV_N,2050,0.759746346,From MOVES5,2063,ON
T_MDV_T_FCEV_N,2050,0.721759029,From MOVES5,2064,ON
T_MDV_T_FCEV_N,2050,0.685671077,From MOVES5,2065,ON
T_MDV_T_FCEV_N,2050,0.644530813,From MOVES5,2066,ON
T_MDV_T_FCEV_N,2050,0.605858964,From MOVES5,2067,ON
T_MDV_T_FCEV_N,2050,0.563448837,From MOVES5,2068,ON
T_MDV_T_FCEV_N,2050,0.524007418,From MOVES5,2069,ON
T_MDV_T_FCEV_N,2050,0.482086825,From MOVES5,2070,ON
T_MDV_T_FCEV_N,2050,0.443519879,From MOVES5,2071,ON
T_MDV_T_FCEV_N,2050,0.408038288,From MOVES5,2072,ON
T_MDV_T_FCEV_N,2050,0.371314842,From MOVES5,2073,ON
T_MDV_T_FCEV_N,2050,0.337896507,From MOVES5,2074,ON
T_MDV_T_FCEV_N,2050,0.307485821,From MOVES5,2075,ON
T_MDV_T_FCEV_N,2050,0.276737239,From MOVES5,2076,ON
T_MDV_T_FCEV_N,2050,0.249063515,From MOVES5,2077,ON
T_MDV_T_FCEV_N,2050,0.224157163,From MOVES5,2078,ON
T_MDV_T_FCEV_N,2050,0.199499876,From MOVES5,2079,ON
T_MDV_T_FCEV_N,2050,0.177554889,From MOVES5,2080,ON
T_MDV_T_FCEV_N,2050,0.158023851,From MOVES5,2081,ON
T_MDV_T_FCEV_N,2050,0.139060989,From MOVES5,2082,ON
T_MDV_T_FCEV_N,2050,0.122373671,From MOVES5,2083,ON
T_MDV_T_FCEV_N,2050,0.10768883,From MOVES5,2084,ON
T_MDV_T_FCEV_N,2050,0.093689282,From MOVES5,2085,ON
T_MDV_T_FCEV_N,2050,0.081509675,From MOVES5,2086,ON
T_MDV_T_FCEV_N,2050,0.070913418,From MOVES5,2087,ON
T_MDV_T_FCEV_N,2050,0.060985539,From MOVES5,2088,ON
T_MDV_T_FCEV_N,2050,0.052447564,From MOVES5,2089,ON
T_MDV_T_FCEV_N,2050,0.045104905,From MOVES5,2090,ON
T_MDV_T_FCEV_N,2050,0.038339169,From MOVES5,2091,ON
T_MDV_T_FCEV_N,2050,0,From MOVES5,2092,ON
T_MDV_T_FCHEV_N,2025,1,From MOVES5,2025,ON
T_MDV_T_FCHEV_N,2025,1,From MOVES5,2026,ON
T_MDV_T_FCHEV_N,2025,1,From MOVES5,2027,ON
T_MDV_T_FCHEV_N,2025,1,From MOVES5,2028,ON
T_MDV_T_FCHEV_N,2025,1,From MOVES5,2029,ON
T_MDV_T_FCHEV_N,2025,0.99,From MOVES5,2030,ON
T_MDV_T_FCHEV_N,2025,0.9702,From MOVES5,2031,ON
T_MDV_T_FCHEV_N,2025,0.950796,From MOVES5,2032,ON
T_MDV_T_FCHEV_N,2025,0.92227212,From MOVES5,2033,ON
T_MDV_T_FCHEV_N,2025,0.894603956,From MOVES5,2034,ON
T_MDV_T_FCHEV_N,2025,0.867765838,From MOVES5,2035,ON
T_MDV_T_FCHEV_N,2025,0.833055204,From MOVES5,2036,ON
T_MDV_T_FCHEV_N,2025,0.799732996,From MOVES5,2037,ON
T_MDV_T_FCHEV_N,2025,0.759746346,From MOVES5,2038,ON
T_MDV_T_FCHEV_N,2025,0.721759029,From MOVES5,2039,ON
T_MDV_T_FCHEV_N,2025,0.685671077,From MOVES5,2040,ON
T_MDV_T_FCHEV_N,2025,0.644530813,From MOVES5,2041,ON
T_MDV_T_FCHEV_N,2025,0.605858964,From MOVES5,2042,ON
T_MDV_T_FCHEV_N,2025,0.563448837,From MOVES5,2043,ON
T_MDV_T_FCHEV_N,2025,0.524007418,From MOVES5,2044,ON
T_MDV_T_FCHEV_N,2025,0.482086825,From MOVES5,2045,ON
T_MDV_T_FCHEV_N,2025,0.443519879,From MOVES5,2046,ON
T_MDV_T_FCHEV_N,2025,0.408038288,From MOVES5,2047,ON
T_MDV_T_FCHEV_N,2025,0.371314842,From MOVES5,2048,ON
T_MDV_T_FCHEV_N,2025,0.337896507,From MOVES5,2049,ON
T_MDV_T_FCHEV_N,2025,0.307485821,From MOVES5,2050,ON
T_MDV_T_FCHEV_N,2025,0.276737239,From MOVES5,2051,ON
T_MDV_T_FCHEV_N,2025,0.249063515,From MOVES5,2052,ON
T_MDV_T_FCHEV_N,2025,0.224157163,From MOVES5,2053,ON
T_MDV_T_FCHEV_N,2025,0.199499876,From MOVES5,2054,ON
T_MDV_T_FCHEV_N,2025,0.177554889,From MOVES5,2055,ON
T_MDV_T_FCHEV_N,2025,0.158023851,From MOVES5,2056,ON
T_MDV_T_FCHEV_N,2025,0.139060989,From MOVES5,2057,ON
T_MDV_T_FCHEV_N,2025,0.122373671,From MOVES5,2058,ON
T_MDV_T_FCHEV_N,2025,0.10768883,From MOVES5,2059,ON
T_MDV_T_FCHEV_N,2025,0.093689282,From MOVES5,2060,ON
T_MDV_T_FCHEV_N,2025,0.081509675,From MOVES5,2061,ON
T_MDV_T_FCHEV_N,2025,0.070913418,From MOVES5,2062,ON
T_MDV_T_FCHEV_N,2025,0.060985539,From MOVES5,2063,ON
T_MDV_T_FCHEV_N,2025,0.052447564,From MOVES5,2064,ON
T_MDV_T_FCHEV_N,2025,0.045104905,From MOVES5,2065,ON
T_MDV_T_FCHEV_N,2025,0.038339169,From MOVES5,2066,ON
T_MDV_T_FCHEV_N,2025,0,From MOVES5,2067,ON
T_MDV_T_FCHEV_N,2030,1,From MOVES5,2030,ON
T_MDV_T_FCHEV_N,2030,1,From MOVES5,2031,ON
T_MDV_T_FCHEV_N,2030,1,From MOVES5,2032,ON
T_MDV_T_FCHEV_N,2030,1,From MOVES5,2033,ON
T_MDV_T_FCHEV_N,2030,1,From MOVES5,2034,ON
T_MDV_T_FCHEV_N,2030,0.99,From MOVES5,2035,ON
T_MDV_T_FCHEV_N,2030,0.9702,From MOVES5,2036,ON
T_MDV_T_FCHEV_N,2030,0.950796,From MOVES5,2037,ON
T_MDV_T_FCHEV_N,2030,0.92227212,From MOVES5,2038,ON
T_MDV_T_FCHEV_N,2030,0.894603956,From MOVES5,2039,ON
T_MDV_T_FCHEV_N,2030,0.867765838,From MOVES5,2040,ON
T_MDV_T_FCHEV_N,2030,0.833055204,From MOVES5,2041,ON
T_MDV_T_FCHEV_N,2030,0.799732996,From MOVES5,2042,ON
T_MDV_T_FCHEV_N,2030,0.759746346,From MOVES5,2043,ON
T_MDV_T_FCHEV_N,2030,0.721759029,From MOVES5,2044,ON
T_MDV_T_FCHEV_N,2030,0.685671077,From MOVES5,2045,ON
T_MDV_T_FCHEV_N,2030,0.644530813,From MOVES5,2046,ON
T_MDV_T_FCHEV_N,2030,0.605858964,From MOVES5,2047,ON
T_MDV_T_FCHEV_N,2030,0.563448837,From MOVES5,2048,ON
T_MDV_T_FCHEV_N,2030,0.524007418,From MOVES5,2049,ON
T_MDV_T_FCHEV_N,2030,0.482086825,From MOVES5,2050,ON
T_MDV_T_FCHEV_N,2030,0.443519879,From MOVES5,2051,ON
T_MDV_T_FCHEV_N,2030,0.408038288,From MOVES5,2052,ON
T_MDV_T_FCHEV_N,2030,0.371314842,From MOVES5,2053,ON
T_MDV_T_FCHEV_N,2030,0.337896507,From MOVES5,2054,ON
T_MDV_T_FCHEV_N,2030,0.307485821,From MOVES5,2055,ON
T_MDV_T_FCHEV_N,2030,0.276737239,From MOVES5,2056,ON
T_MDV_T_FCHEV_N,2030,0.249063515,From MOVES5,2057,ON
T_MDV_T_FCHEV_N,2030,0.224157163,From MOVES5,2058,ON
T_MDV_T_FCHEV_N,2030,0.199499876,From MOVES5,2059,ON
T_MDV_T_FCHEV_N,2030,0.177554889,From MOVES5,2060,ON
T_MDV_T_FCHEV_N,2030,0.158023851,From MOVES5,2061,ON
T_MDV_T_FCHEV_N,2030,0.139060989,From MOVES5,2062,ON
T_MDV_T_FCHEV_N,2030,0.122373671,From MOVES5,2063,ON
T_MDV_T_FCHEV_N,2030,0.10768883,From MOVES5,2064,ON
T_MDV_T_FCHEV_N,2030,0.093689282,From MOVES5,2065,ON
T_MDV_T_FCHEV_N,2030,0.081509675,From MOVES5,2066,ON
T_MDV_T_FCHEV_N,2030,0.070913418,From MOVES5,2067,ON
T_MDV_T_FCHEV_N,2030,0.060985539,From MOVES5,2068,ON
T_MDV_T_FCHEV_N,2030,0.052447564,From MOVES5,2069,ON
T_MDV_T_FCHEV_N,2030,0.045104905,From MOVES5,2070,ON
T_MDV_T_FCHEV_N,2030,0.038339169,From MOVES5,2071,ON
T_MDV_T_FCHEV_N,2030,0,From MOVES5,2072,ON
T_MDV_T_FCHEV_N,2035,1,From MOVES5,2035,ON
T_MDV_T_FCHEV_N,2035,1,From MOVES5,2036,ON
T_MDV_T_FCHEV_N,2035,1,From MOVES5,2037,ON
T_MDV_T_FCHEV_N,2035,1,From MOVES5,2038,ON
T_MDV_T_FCHEV_N,2035,1,From MOVES5,2039,ON
T_MDV_T_FCHEV_N,2035,0.99,From MOVES5,2040,ON
T_MDV_T_FCHEV_N,2035,0.9702,From MOVES5,2041,ON
T_MDV_T_FCHEV_N,2035,0.950796,From MOVES5,2042,ON
T_MDV_T_FCHEV_N,2035,0.92227212,From MOVES5,2043,ON
T_MDV_T_FCHEV_N,2035,0.894603956,From MOVES5,2044,ON
T_MDV_T_FCHEV_N,2035,0.867765838,From MOVES5,2045,ON
T_MDV_T_FCHEV_N,2035,0.833055204,From MOVES5,2046,ON
T_MDV_T_FCHEV_N,2035,0.799732996,From MOVES5,2047,ON
T_MDV_T_FCHEV_N,2035,0.759746346,From MOVES5,2048,ON
T_MDV_T_FCHEV_N,2035,0.721759029,From MOVES5,2049,ON
T_MDV_T_FCHEV_N,2035,0.685671077,From MOVES5,2050,ON
T_MDV_T_FCHEV_N,2035,0.644530813,From MOVES5,2051,ON
T_MDV_T_FCHEV_N,2035,0.605858964,From MOVES5,2052,ON
T_MDV_T_FCHEV_N,2035,0.563448837,From MOVES5,2053,ON
T_MDV_T_FCHEV_N,2035,0.524007418,From MOVES5,2054,ON
T_MDV_T_FCHEV_N,2035,0.482086825,From MOVES5,2055,ON
T_MDV_T_FCHEV_N,2035,0.443519879,From MOVES5,2056,ON
T_MDV_T_FCHEV_N,2035,0.408038288,From MOVES5,2057,ON
T_MDV_T_FCHEV_N,2035,0.371314842,From MOVES5,2058,ON
T_MDV_T_FCHEV_N,2035,0.337896507,From MOVES5,2059,ON
T_MDV_T_FCHEV_N,2035,0.307485821,From MOVES5,2060,ON
T_MDV_T_FCHEV_N,2035,0.276737239,From MOVES5,2061,ON
T_MDV_T_FCHEV_N,2035,0.249063515,From MOVES5,2062,ON
T_MDV_T_FCHEV_N,2035,0.224157163,From MOVES5,2063,ON
T_MDV_T_FCHEV_N,2035,0.199499876,From MOVES5,2064,ON
T_MDV_T_FCHEV_N,2035,0.177554889,From MOVES5,2065,ON
T_MDV_T_FCHEV_N,2035,0.158023851,From MOVES5,2066,ON
T_MDV_T_FCHEV_N,2035,0.139060989,From MOVES5,2067,ON
T_MDV_T_FCHEV_N,2035,0.122373671,From MOVES5,2068,ON
T_MDV_T_FCHEV_N,2035,0.10768883,From MOVES5,2069,ON
T_MDV_T_FCHEV_N,2035,0.093689282,From MOVES5,2070,ON
T_MDV_T_FCHEV_N,2035,0.081509675,From MOVES5,2071,ON
T_MDV_T_FCHEV_N,2035,0.070913418,From MOVES5,2072,ON
T_MDV_T_FCHEV_N,2035,0.060985539,From MOVES5,2073,ON
T_MDV_T_FCHEV_N,2035,0.052447564,From MOVES5,2074,ON
T_MDV_T_FCHEV_N,2035,0.045104905,From MOVES5,2075,ON
T_MDV_T_FCHEV_N,2035,0.038339169,From MOVES5,2076,ON
T_MDV_T_FCHEV_N,2035,0,From MOVES5,2077,ON
T_MDV_T_FCHEV_N,2040,1,From MOVES5,2040,ON
T_MDV_T_FCHEV_N,2040,1,From MOVES5,2041,ON
T_MDV_T_FCHEV_N,2040,1,From MOVES5,2042,ON
T_MDV_T_FCHEV_N,2040,1,From MOVES5,2043,ON
T_MDV_T_FCHEV_N,2040,1,From MOVES5,2044,ON
T_MDV_T_FCHEV_N,2040,0.99,From MOVES5,2045,ON
T_MDV_T_FCHEV_N,2040,0.9702,From MOVES5,2046,ON
T_MDV_T_FCHEV_N,2040,0.950796,From MOVES5,2047,ON
T_MDV_T_FCHEV_N,2040,0.92227212,From MOVES5,2048,ON
T_MDV_T_FCHEV_N,2040,0.894603956,From MOVES5,2049,ON
T_MDV_T_FCHEV_N,2040,0.867765838,From MOVES5,2050,ON
T_MDV_T_FCHEV_N,2040,0.833055204,From MOVES5,2051,ON
T_MDV_T_FCHEV_N,2040,0.799732996,From MOVES5,2052,ON
T_MDV_T_FCHEV_N,2040,0.759746346,From MOVES5,2053,ON
T_MDV_T_FCHEV_N,2040,0.721759029,From MOVES5,2054,ON
T_MDV_T_FCHEV_N,2040,0.685671077,From MOVES5,2055,ON
T_MDV_T_FCHEV_N,2040,0.644530813,From MOVES5,2056,ON
T_MDV_T_FCHEV_N,2040,0.605858964,From MOVES5,2057,ON
T_MDV_T_FCHEV_N,2040,0.563448837,From MOVES5,2058,ON
T_MDV_T_FCHEV_N,2040,0.524007418,From MOVES5,2059,ON
T_MDV_T_FCHEV_N,2040,0.482086825,From MOVES5,2060,ON
T_MDV_T_FCHEV_N,2040,0.443519879,From MOVES5,2061,ON
T_MDV_T_FCHEV_N,2040,0.408038288,From MOVES5,2062,ON
T_MDV_T_FCHEV_N,2040,0.371314842,From MOVES5,2063,ON
T_MDV_T_FCHEV_N,2040,0.337896507,From MOVES5,2064,ON
T_MDV_T_FCHEV_N,2040,0.307485821,From MOVES5,2065,ON
T_MDV_T_FCHEV_N,2040,0.276737239,From MOVES5,2066,ON
T_MDV_T_FCHEV_N,2040,0.249063515,From MOVES5,2067,ON
T_MDV_T_FCHEV_N,2040,0.224157163,From MOVES5,2068,ON
T_MDV_T_FCHEV_N,2040,0.199499876,From MOVES5,2069,ON
T_MDV_T_FCHEV_N,2040,0.177554889,From MOVES5,2070,ON
T_MDV_T_FCHEV_N,2040,0.158023851,From MOVES5,2071,ON
T_MDV_T_FCHEV_N,2040,0.139060989,From MOVES5,2072,ON
T_MDV_T_FCHEV_N,2040,0.122373671,From MOVES5,2073,ON
T_MDV_T_FCHEV_N,2040,0.10768883,From MOVES5,2074,ON
T_MDV_T_FCHEV_N,2040,0.093689282,From MOVES5,2075,ON
T_MDV_T_FCHEV_N,2040,0.081509675,From MOVES5,2076,ON
T_MDV_T_FCHEV_N,2040,0.070913418,From MOVES5,2077,ON
T_MDV_T_FCHEV_N,2040,0.060985539,From MOVES5,2078,ON
T_MDV_T_FCHEV_N,2040,0.052447564,From MOVES5,2079,ON
T_MDV_T_FCHEV_N,2040,0.045104905,From MOVES5,2080,ON
T_MDV_T_FCHEV_N,2040,0.038339169,From MOVES5,2081,ON
T_MDV_T_FCHEV_N,2040,0,From MOVES5,2082,ON
T_MDV_T_FCHEV_N,2045,1,From MOVES5,2045,ON
T_MDV_T_FCHEV_N,2045,1,From MOVES5,2046,ON
T_MDV_T_FCHEV_N,2045,1,From MOVES5,2047,ON
T_MDV_T_FCHEV_N,2045,1,From MOVES5,2048,ON
T_MDV_T_FCHEV_N,2045,1,From MOVES5,2049,ON
T_MDV_T_FCHEV_N,2045,0.99,From MOVES5,2050,ON
T_MDV_T_FCHEV_N,2045,0.9702,From MOVES5,2051,ON
T_MDV_T_FCHEV_N,2045,0.950796,From MOVES5,2052,ON
T_MDV_T_FCHEV_N,2045,0.92227212,From MOVES5,2053,ON
T_MDV_T_FCHEV_N,2045,0.894603956,From MOVES5,2054,ON
T_MDV_T_FCHEV_N,2045,0.867765838,From MOVES5,2055,ON
T_MDV_T_FCHEV_N,2045,0.833055204,From MOVES5,2056,ON
T_MDV_T_FCHEV_N,2045,0.799732996,From MOVES5,2057,ON
T_MDV_T_FCHEV_N,2045,0.759746346,From MOVES5,2058,ON
T_MDV_T_FCHEV_N,2045,0.721759029,From MOVES5,2059,ON
T_MDV_T_FCHEV_N,2045,0.685671077,From MOVES5,2060,ON
T_MDV_T_FCHEV_N,2045,0.644530813,From MOVES5,2061,ON
T_MDV_T_FCHEV_N,2045,0.605858964,From MOVES5,2062,ON
T_MDV_T_FCHEV_N,2045,0.563448837,From MOVES5,2063,ON
T_MDV_T_FCHEV_N,2045,0.524007418,From MOVES5,2064,ON
T_MDV_T_FCHEV_N,2045,0.482086825,From MOVES5,2065,ON
T_MDV_T_FCHEV_N,2045,0.443519879,From MOVES5,2066,ON
T_MDV_T_FCHEV_N,2045,0.408038288,From MOVES5,2067,ON
T_MDV_T_FCHEV_N,2045,0.371314842,From MOVES5,2068,ON
T_MDV_T_FCHEV_N,2045,0.337896507,From MOVES5,2069,ON
T_MDV_T_FCHEV_N,2045,0.307485821,From MOVES5,2070,ON
T_MDV_T_FCHEV_N,2045,0.276737239,From MOVES5,2071,ON
T_MDV_T_FCHEV_N,2045,0.249063515,From MOVES5,2072,ON
T_MDV_T_FCHEV_N,2045,0.224157163,From MOVES5,2073,ON
T_MDV_T_FCHEV_N,2045,0.199499876,From MOVES5,2074,ON
T_MDV_T_FCHEV_N,2045,0.177554889,From MOVES5,2075,ON
T_MDV_T_FCHEV_N,2045,0.158023851,From MOVES5,2076,ON
T_MDV_T_FCHEV_N,2045,0.139060989,From MOVES5,2077,ON
T_MDV_T_FCHEV_N,2045,0.122373671,From MOVES5,2078,ON
T_MDV_T_FCHEV_N,2045,0.10768883,From MOVES5,2079,ON
T_MDV_T_FCHEV_N,2045,0.093689282,From MOVES5,2080,ON
T_MDV_T_FCHEV_N,2045,0.081509675,From MOVES5,2081,ON
T_MDV_T_FCHEV_N,2045,0.070913418,From MOVES5,2082,ON
T_MDV_T_FCHEV_N,2045,0.060985539,From MOVES5,2083,ON
T_MDV_T_FCHEV_N,2045,0.052447564,From MOVES5,2084,ON
T_MDV_T_FCHEV_N,2045,0.045104905,From MOVES5,2085,ON
T_MDV_T_FCHEV_N,2045,0.038339169,From MOVES5,2086,ON
T_MDV_T_FCHEV_N,2045,0,From MOVES5,2087,ON
T_MDV_T_FCHEV_N,2050,1,From MOVES5,2050,ON
T_MDV_T_FCHEV_N,2050,1,From MOVES5,2051,ON
T_MDV_T_FCHEV_N,2050,1,From MOVES5,2052,ON
T_MDV_T_FCHEV_N,2050,1,From MOVES5,2053,ON
T_MDV_T_FCHEV_N,2050,1,From MOVES5,2054,ON
T_MDV_T_FCHEV_N,2050,0.99,From MOVES5,2055,ON
T_MDV_T_FCHEV_N,2050,0.9702,From MOVES5,2056,ON
T_MDV_T_FCHEV_N,2050,0.950796,From MOVES5,2057,ON
T_MDV_T_FCHEV_N,2050,0.92227212,From MOVES5,2058,ON
T_MDV_T_FCHEV_N,2050,0.894603956,From MOVES5,2059,ON
T_MDV_T_FCHEV_N,2050,0.867765838,From MOVES5,2060,ON
T_MDV_T_FCHEV_N,2050,0.833055204,From MOVES5,2061,ON
T_MDV_T_FCHEV_N,2050,0.799732996,From MOVES5,2062,ON
T_MDV_T_FCHEV_N,2050,0.759746346,From MOVES5,2063,ON
T_MDV_T_FCHEV_N,2050,0.721759029,From MOVES5,2064,ON
T_MDV_T_FCHEV_N,2050,0.685671077,From MOVES5,2065,ON
T_MDV_T_FCHEV_N,2050,0.644530813,From MOVES5,2066,ON
T_MDV_T_FCHEV_N,2050,0.605858964,From MOVES5,2067,ON
T_MDV_T_FCHEV_N,2050,0.563448837,From MOVES5,2068,ON
T_MDV_T_FCHEV_N,2050,0.524007418,From MOVES5,2069,ON
T_MDV_T_FCHEV_N,2050,0.482086825,From MOVES5,2070,ON
T_MDV_T_FCHEV_N,2050,0.443519879,From MOVES5,2071,ON
T_MDV_T_FCHEV_N,2050,0.408038288,From MOVES5,2072,ON
T_MDV_T_FCHEV_N,2050,0.371314842,From MOVES5,2073,ON
T_MDV_T_FCHEV_N,2050,0.337896507,From MOVES5,2074,ON
T_MDV_T_FCHEV_N,2050,0.307485821,From MOVES5,2075,ON
T_MDV_T_FCHEV_N,2050,0.276737239,From MOVES5,2076,ON
T_MDV_T_FCHEV_N,2050,0.249063515,From MOVES5,2077,ON
T_MDV_T_FCHEV_N,2050,0.224157163,From MOVES5,2078,ON
T_MDV_T_FCHEV_N,2050,0.199499876,From MOVES5,2079,ON
T_MDV_T_FCHEV_N,2050,0.177554889,From MOVES5,2080,ON
T_MDV_T_FCHEV_N,2050,0.158023851,From MOVES5,2081,ON
T_MDV_T_FCHEV_N,2050,0.139060989,From MOVES5,2082,ON
T_MDV_T_FCHEV_N,2050,0.122373671,From MOVES5,2083,ON
T_MDV_T_FCHEV_N,2050,0.10768883,From MOVES5,2084,ON
T_MDV_T_FCHEV_N,2050,0.093689282,From MOVES5,2085,ON
T_MDV_T_FCHEV_N,2050,0.081509675,From MOVES5,2086,ON
T_MDV_T_FCHEV_N,2050,0.070913418,From MOVES5,2087,ON
T_MDV_T_FCHEV_N,2050,0.060985539,From MOVES5,2088,ON
T_MDV_T_FCHEV_N,2050,0.052447564,From MOVES5,2089,ON
T_MDV_T_FCHEV_N,2050,0.045104905,From MOVES5,2090,ON
T_MDV_T_FCHEV_N,2050,0.038339169,From MOVES5,2091,ON
T_MDV_T_FCHEV_N,2050,0,From MOVES5,2092,ON
T_MDV_T_GSL_EX,2005,1,From MOVES5,2005,ON
T_MDV_T_GSL_EX,2005,1,From MOVES5,2006,ON
T_MDV_T_GSL_EX,2005,1,From MOVES5,2007,ON
T_MDV_T_GSL_EX,2005,1,From MOVES5,2008,ON
T_MDV_T_GSL_EX,2005,1,From MOVES5,2009,ON
T_MDV_T_GSL_EX,2005,0.99,From MOVES5,2010,ON
T_MDV_T_GSL_EX,2005,0.9702,From MOVES5,2011,ON
T_MDV_T_GSL_EX,2005,0.950796,From MOVES5,2012,ON
T_MDV_T_GSL_EX,2005,0.92227212,From MOVES5,2013,ON
T_MDV_T_GSL_EX,2005,0.894603956,From MOVES5,2014,ON
T_MDV_T_GSL_EX,2005,0.867765838,From MOVES5,2015,ON
T_MDV_T_GSL_EX,2005,0.833055204,From MOVES5,2016,ON
T_MDV_T_GSL_EX,2005,0.799732996,From MOVES5,2017,ON
T_MDV_T_GSL_EX,2005,0.759746346,From MOVES5,2018,ON
T_MDV_T_GSL_EX,2005,0.721759029,From MOVES5,2019,ON
T_MDV_T_GSL_EX,2005,0.685671077,From MOVES5,2020,ON
T_MDV_T_GSL_EX,2005,0.644530813,From MOVES5,2021,ON
T_MDV_T_GSL_EX,2005,0.605858964,From MOVES5,2022,ON
T_MDV_T_GSL_EX,2005,0.563448837,From MOVES5,2023,ON
T_MDV_T_GSL_EX,2005,0.524007418,From MOVES5,2024,ON
T_MDV_T_GSL_EX,2005,0.482086825,From MOVES5,2025,ON
T_MDV_T_GSL_EX,2005,0.443519879,From MOVES5,2026,ON
T_MDV_T_GSL_EX,2005,0.408038288,From MOVES5,2027,ON
T_MDV_T_GSL_EX,2005,0.371314842,From MOVES5,2028,ON
T_MDV_T_GSL_EX,2005,0.337896507,From MOVES5,2029,ON
T_MDV_T_GSL_EX,2005,0.307485821,From MOVES5,2030,ON
T_MDV_T_GSL_EX,2005,0.276737239,From MOVES5,2031,ON
T_MDV_T_GSL_EX,2005,0.249063515,From MOVES5,2032,ON
T_MDV_T_GSL_EX,2005,0.224157163,From MOVES5,2033,ON
T_MDV_T_GSL_EX,2005,0.199499876,From MOVES5,2034,ON
T_MDV_T_GSL_EX,2005,0.177554889,From MOVES5,2035,ON
T_MDV_T_GSL_EX,2005,0.158023851,From MOVES5,2036,ON
T_MDV_T_GSL_EX,2005,0.139060989,From MOVES5,2037,ON
T_MDV_T_GSL_EX,2005,0.122373671,From MOVES5,2038,ON
T_MDV_T_GSL_EX,2005,0.10768883,From MOVES5,2039,ON
T_MDV_T_GSL_EX,2005,0.093689282,From MOVES5,2040,ON
T_MDV_T_GSL_EX,2005,0.081509675,From MOVES5,2041,ON
T_MDV_T_GSL_EX,2005,0.070913418,From MOVES5,2042,ON
T_MDV_T_GSL_EX,2005,0.060985539,From MOVES5,2043,ON
T_MDV_T_GSL_EX,2005,0.052447564,From MOVES5,2044,ON
T_MDV_T_GSL_EX,2005,0.045104905,From MOVES5,2045,ON
T_MDV_T_GSL_EX,2005,0.038339169,From MOVES5,2046,ON
T_MDV_T_GSL_EX,2005,0,From MOVES5,2047,ON
T_MDV_T_GSL_EX,2010,1,From MOVES5,2010,ON
T_MDV_T_GSL_EX,2010,1,From MOVES5,2011,ON
T_MDV_T_GSL_EX,2010,1,From MOVES5,2012,ON
T_MDV_T_GSL_EX,2010,1,From MOVES5,2013,ON
T_MDV_T_GSL_EX,2010,1,From MOVES5,2014,ON
T_MDV_T_GSL_EX,2010,0.99,From MOVES5,2015,ON
T_MDV_T_GSL_EX,2010,0.9702,From MOVES5,2016,ON
T_MDV_T_GSL_EX,2010,0.950796,From MOVES5,2017,ON
T_MDV_T_GSL_EX,2010,0.92227212,From MOVES5,2018,ON
T_MDV_T_GSL_EX,2010,0.894603956,From MOVES5,2019,ON
T_MDV_T_GSL_EX,2010,0.867765838,From MOVES5,2020,ON
T_MDV_T_GSL_EX,2010,0.833055204,From MOVES5,2021,ON
T_MDV_T_GSL_EX,2010,0.799732996,From MOVES5,2022,ON
T_MDV_T_GSL_EX,2010,0.759746346,From MOVES5,2023,ON
T_MDV_T_GSL_EX,2010,0.721759029,From MOVES5,2024,ON
T_MDV_T_GSL_EX,2010,0.685671077,From MOVES5,2025,ON
T_MDV_T_GSL_EX,2010,0.644530813,From MOVES5,2026,ON
T_MDV_T_GSL_EX,2010,0.605858964,From MOVES5,2027,ON
T_MDV_T_GSL_EX,2010,0.563448837,From MOVES5,2028,ON
T_MDV_T_GSL_EX,2010,0.524007418,From MOVES5,2029,ON
T_MDV_T_GSL_EX,2010,0.482086825,From MOVES5,2030,ON
T_MDV_T_GSL_EX,2010,0.443519879,From MOVES5,2031,ON
T_MDV_T_GSL_EX,2010,0.408038288,From MOVES5,2032,ON
T_MDV_T_GSL_EX,2010,0.371314842,From MOVES5,2033,ON
T_MDV_T_GSL_EX,2010,0.337896507,From MOVES5,2034,ON
T_MDV_T_GSL_EX,2010,0.307485821,From MOVES5,2035,ON
T_MDV_T_GSL_EX,2010,0.276737239,From MOVES5,2036,ON
T_MDV_T_GSL_EX,2010,0.249063515,From MOVES5,2037,ON
T_MDV_T_GSL_EX,2010,0.224157163,From MOVES5,2038,ON
T_MDV_T_GSL_EX,2010,0.199499876,From MOVES5,2039,ON
T_MDV_T_GSL_EX,2010,0.177554889,From MOVES5,2040,ON
T_MDV_T_GSL_EX,2010,0.158023851,From MOVES5,2041,ON
T_MDV_T_GSL_EX,2010,0.139060989,From MOVES5,2042,ON
T_MDV_T_GSL_EX,2010,0.122373671,From MOVES5,2043,ON
T_MDV_T_GSL_EX,2010,0.10768883,From MOVES5,2044,ON
T_MDV_T_GSL_EX,2010,0.093689282,From MOVES5,2045,ON
T_MDV_T_GSL_EX,2010,0.081509675,From MOVES5,2046,ON
T_MDV_T_GSL_EX,2010,0.070913418,From MOVES5,2047,ON
T_MDV_T_GSL_EX,2010,0.060985539,From MOVES5,2048,ON
T_MDV_T_GSL_EX,2010,0.052447564,From MOVES5,2049,ON
T_MDV_T_GSL_EX,2010,0.045104905,From MOVES5,2050,ON
T_MDV_T_GSL_EX,2010,0.038339169,From MOVES5,2051,ON
T_MDV_T_GSL_EX,2010,0,From MOVES5,2052,ON
T_MDV_T_GSL_EX,2015,1,From MOVES5,2015,ON
T_MDV_T_GSL_EX,2015,1,From MOVES5,2016,ON
T_MDV_T_GSL_EX,2015,1,From MOVES5,2017,ON
T_MDV_T_GSL_EX,2015,1,From MOVES5,2018,ON
T_MDV_T_GSL_EX,2015,1,From MOVES5,2019,ON
T_MDV_T_GSL_EX,2015,0.99,From MOVES5,2020,ON
T_MDV_T_GSL_EX,2015,0.9702,From MOVES5,2021,ON
T_MDV_T_GSL_EX,2015,0.950796,From MOVES5,2022,ON
T_MDV_T_GSL_EX,2015,0.92227212,From MOVES5,2023,ON
T_MDV_T_GSL_EX,2015,0.894603956,From MOVES5,2024,ON
T_MDV_T_GSL_EX,2015,0.867765838,From MOVES5,2025,ON
T_MDV_T_GSL_EX,2015,0.833055204,From MOVES5,2026,ON
T_MDV_T_GSL_EX,2015,0.799732996,From MOVES5,2027,ON
T_MDV_T_GSL_EX,2015,0.759746346,From MOVES5,2028,ON
T_MDV_T_GSL_EX,2015,0.721759029,From MOVES5,2029,ON
T_MDV_T_GSL_EX,2015,0.685671077,From MOVES5,2030,ON
T_MDV_T_GSL_EX,2015,0.644530813,From MOVES5,2031,ON
T_MDV_T_GSL_EX,2015,0.605858964,From MOVES5,2032,ON
T_MDV_T_GSL_EX,2015,0.563448837,From MOVES5,2033,ON
T_MDV_T_GSL_EX,2015,0.524007418,From MOVES5,2034,ON
T_MDV_T_GSL_EX,2015,0.482086825,From MOVES5,2035,ON
T_MDV_T_GSL_EX,2015,0.443519879,From MOVES5,2036,ON
T_MDV_T_GSL_EX,2015,0.408038288,From MOVES5,2037,ON
T_MDV_T_GSL_EX,2015,0.371314842,From MOVES5,2038,ON
T_MDV_T_GSL_EX,2015,0.337896507,From MOVES5,2039,ON
T_MDV_T_GSL_EX,2015,0.307485821,From MOVES5,2040,ON
T_MDV_T_GSL_EX,2015,0.276737239,From MOVES5,2041,ON
T_MDV_T_GSL_EX,2015,0.249063515,From MOVES5,2042,ON
T_MDV_T_GSL_EX,2015,0.224157163,From MOVES5,2043,ON
T_MDV_T_GSL_EX,2015,0.199499876,From MOVES5,2044,ON
T_MDV_T_GSL_EX,2015,0.177554889,From MOVES5,2045,ON
T_MDV_T_GSL_EX,2015,0.158023851,From MOVES5,2046,ON
T_MDV_T_GSL_EX,2015,0.139060989,From MOVES5,2047,ON
T_MDV_T_GSL_EX,2015,0.122373671,From MOVES5,2048,ON
T_MDV_T_GSL_EX,2015,0.10768883,From MOVES5,2049,ON
T_MDV_T_GSL_EX,2015,0.093689282,From MOVES5,2050,ON
T_MDV_T_GSL_EX,2015,0.081509675,From MOVES5,2051,ON
T_MDV_T_GSL_EX,2015,0.070913418,From MOVES5,2052,ON
T_MDV_T_GSL_EX,2015,0.060985539,From MOVES5,2053,ON
T_MDV_T_GSL_EX,2015,0.052447564,From MOVES5,2054,ON
T_MDV_T_GSL_EX,2015,0.045104905,From MOVES5,2055,ON
T_MDV_T_GSL_EX,2015,0.038339169,From MOVES5,2056,ON
T_MDV_T_GSL_EX,2015,0,From MOVES5,2057,ON
T_MDV_T_GSL_EX,2020,1,From MOVES5,2020,ON
T_MDV_T_GSL_EX,2020,1,From MOVES5,2021,ON
T_MDV_T_GSL_EX,2020,1,From MOVES5,2022,ON
T_MDV_T_GSL_EX,2020,1,From MOVES5,2023,ON
T_MDV_T_GSL_EX,2020,1,From MOVES5,2024,ON
T_MDV_T_GSL_EX,2020,0.99,From MOVES5,2025,ON
T_MDV_T_GSL_EX,2020,0.9702,From MOVES5,2026,ON
T_MDV_T_GSL_EX,2020,0.950796,From MOVES5,2027,ON
T_MDV_T_GSL_EX,2020,0.92227212,From MOVES5,2028,ON
T_MDV_T_GSL_EX,2020,0.894603956,From MOVES5,2029,ON
T_MDV_T_GSL_EX,2020,0.867765838,From MOVES5,2030,ON
T_MDV_T_GSL_EX,2020,0.833055204,From MOVES5,2031,ON
T_MDV_T_GSL_EX,2020,0.799732996,From MOVES5,2032,ON
T_MDV_T_GSL_EX,2020,0.759746346,From MOVES5,2033,ON
T_MDV_T_GSL_EX,2020,0.721759029,From MOVES5,2034,ON
T_MDV_T_GSL_EX,2020,0.685671077,From MOVES5,2035,ON
T_MDV_T_GSL_EX,2020,0.644530813,From MOVES5,2036,ON
T_MDV_T_GSL_EX,2020,0.605858964,From MOVES5,2037,ON
T_MDV_T_GSL_EX,2020,0.563448837,From MOVES5,2038,ON
T_MDV_T_GSL_EX,2020,0.524007418,From MOVES5,2039,ON
T_MDV_T_GSL_EX,2020,0.482086825,From MOVES5,2040,ON
T_MDV_T_GSL_EX,2020,0.443519879,From MOVES5,2041,ON
T_MDV_T_GSL_EX,2020,0.408038288,From MOVES5,2042,ON
T_MDV_T_GSL_EX,2020,0.371314842,From MOVES5,2043,ON
T_MDV_T_GSL_EX,2020,0.337896507,From MOVES5,2044,ON
T_MDV_T_GSL_EX,2020,0.307485821,From MOVES5,2045,ON
T_MDV_T_GSL_EX,2020,0.276737239,From MOVES5,2046,ON
T_MDV_T_GSL_EX,2020,0.249063515,From MOVES5,2047,ON
T_MDV_T_GSL_EX,2020,0.224157163,From MOVES5,2048,ON
T_MDV_T_GSL_EX,2020,0.199499876,From MOVES5,2049,ON
T_MDV_T_GSL_EX,2020,0.177554889,From MOVES5,2050,ON
T_MDV_T_GSL_EX,2020,0.158023851,From MOVES5,2051,ON
T_MDV_T_GSL_EX,2020,0.139060989,From MOVES5,2052,ON
T_MDV_T_GSL_EX,2020,0.122373671,From MOVES5,2053,ON
T_MDV_T_GSL_EX,2020,0.10768883,From MOVES5,2054,ON
T_MDV_T_GSL_EX,2020,0.093689282,From MOVES5,2055,ON
T_MDV_T_GSL_EX,2020,0.081509675,From MOVES5,2056,ON
T_MDV_T_GSL_EX,2020,0.070913418,From MOVES5,2057,ON
T_MDV_T_GSL_EX,2020,0.060985539,From MOVES5,2058,ON
T_MDV_T_GSL_EX,2020,0.052447564,From MOVES5,2059,ON
T_MDV_T_GSL_EX,2020,0.045104905,From MOVES5,2060,ON
T_MDV_T_GSL_EX,2020,0.038339169,From MOVES5,2061,ON
T_MDV_T_GSL_EX,2020,0,From MOVES5,2062,ON
T_MDV_T_GSL_N,2025,1,From MOVES5,2025,ON
T_MDV_T_GSL_N,2025,1,From MOVES5,2026,ON
T_MDV_T_GSL_N,2025,1,From MOVES5,2027,ON
T_MDV_T_GSL_N,2025,1,From MOVES5,2028,ON
T_MDV_T_GSL_N,2025,1,From MOVES5,2029,ON
T_MDV_T_GSL_N,2025,0.99,From MOVES5,2030,ON
T_MDV_T_GSL_N,2025,0.9702,From MOVES5,2031,ON
T_MDV_T_GSL_N,2025,0.950796,From MOVES5,2032,ON
T_MDV_T_GSL_N,2025,0.92227212,From MOVES5,2033,ON
T_MDV_T_GSL_N,2025,0.894603956,From MOVES5,2034,ON
T_MDV_T_GSL_N,2025,0.867765838,From MOVES5,2035,ON
T_MDV_T_GSL_N,2025,0.833055204,From MOVES5,2036,ON
T_MDV_T_GSL_N,2025,0.799732996,From MOVES5,2037,ON
T_MDV_T_GSL_N,2025,0.759746346,From MOVES5,2038,ON
T_MDV_T_GSL_N,2025,0.721759029,From MOVES5,2039,ON
T_MDV_T_GSL_N,2025,0.685671077,From MOVES5,2040,ON
T_MDV_T_GSL_N,2025,0.644530813,From MOVES5,2041,ON
T_MDV_T_GSL_N,2025,0.605858964,From MOVES5,2042,ON
T_MDV_T_GSL_N,2025,0.563448837,From MOVES5,2043,ON
T_MDV_T_GSL_N,2025,0.524007418,From MOVES5,2044,ON
T_MDV_T_GSL_N,2025,0.482086825,From MOVES5,2045,ON
T_MDV_T_GSL_N,2025,0.443519879,From MOVES5,2046,ON
T_MDV_T_GSL_N,2025,0.408038288,From MOVES5,2047,ON
T_MDV_T_GSL_N,2025,0.371314842,From MOVES5,2048,ON
T_MDV_T_GSL_N,2025,0.337896507,From MOVES5,2049,ON
T_MDV_T_GSL_N,2025,0.307485821,From MOVES5,2050,ON
T_MDV_T_GSL_N,2025,0.276737239,From MOVES5,2051,ON
T_MDV_T_GSL_N,2025,0.249063515,From MOVES5,2052,ON
T_MDV_T_GSL_N,2025,0.224157163,From MOVES5,2053,ON
T_MDV_T_GSL_N,2025,0.199499876,From MOVES5,2054,ON
T_MDV_T_GSL_N,2025,0.177554889,From MOVES5,2055,ON
T_MDV_T_GSL_N,2025,0.158023851,From MOVES5,2056,ON
T_MDV_T_GSL_N,2025,0.139060989,From MOVES5,2057,ON
T_MDV_T_GSL_N,2025,0.122373671,From MOVES5,2058,ON
T_MDV_T_GSL_N,2025,0.10768883,From MOVES5,2059,ON
T_MDV_T_GSL_N,2025,0.093689282,From MOVES5,2060,ON
T_MDV_T_GSL_N,2025,0.081509675,From MOVES5,2061,ON
T_MDV_T_GSL_N,2025,0.070913418,From MOVES5,2062,ON
T_MDV_T_GSL_N,2025,0.060985539,From MOVES5,2063,ON
T_MDV_T_GSL_N,2025,0.052447564,From MOVES5,2064,ON
T_MDV_T_GSL_N,2025,0.045104905,From MOVES5,2065,ON
T_MDV_T_GSL_N,2025,0.038339169,From MOVES5,2066,ON
T_MDV_T_GSL_N,2025,0,From MOVES5,2067,ON
T_MDV_T_GSL_N,2030,1,From MOVES5,2030,ON
T_MDV_T_GSL_N,2030,1,From MOVES5,2031,ON
T_MDV_T_GSL_N,2030,1,From MOVES5,2032,ON
T_MDV_T_GSL_N,2030,1,From MOVES5,2033,ON
T_MDV_T_GSL_N,2030,1,From MOVES5,2034,ON
T_MDV_T_GSL_N,2030,0.99,From MOVES5,2035,ON
T_MDV_T_GSL_N,2030,0.9702,From MOVES5,2036,ON
T_MDV_T_GSL_N,2030,0.950796,From MOVES5,2037,ON
T_MDV_T_GSL_N,2030,0.92227212,From MOVES5,2038,ON
T_MDV_T_GSL_N,2030,0.894603956,From MOVES5,2039,ON
T_MDV_T_GSL_N,2030,0.867765838,From MOVES5,2040,ON
T_MDV_T_GSL_N,2030,0.833055204,From MOVES5,2041,ON
T_MDV_T_GSL_N,2030,0.799732996,From MOVES5,2042,ON
T_MDV_T_GSL_N,2030,0.759746346,From MOVES5,2043,ON
T_MDV_T_GSL_N,2030,0.721759029,From MOVES5,2044,ON
T_MDV_T_GSL_N,2030,0.685671077,From MOVES5,2045,ON
T_MDV_T_GSL_N,2030,0.644530813,From MOVES5,2046,ON
T_MDV_T_GSL_N,2030,0.605858964,From MOVES5,2047,ON
T_MDV_T_GSL_N,2030,0.563448837,From MOVES5,2048,ON
T_MDV_T_GSL_N,2030,0.524007418,From MOVES5,2049,ON
T_MDV_T_GSL_N,2030,0.482086825,From MOVES5,2050,ON
T_MDV_T_GSL_N,2030,0.443519879,From MOVES5,2051,ON
T_MDV_T_GSL_N,2030,0.408038288,From MOVES5,2052,ON
T_MDV_T_GSL_N,2030,0.371314842,From MOVES5,2053,ON
T_MDV_T_GSL_N,2030,0.337896507,From MOVES5,2054,ON
T_MDV_T_GSL_N,2030,0.307485821,From MOVES5,2055,ON
T_MDV_T_GSL_N,2030,0.276737239,From MOVES5,2056,ON
T_MDV_T_GSL_N,2030,0.249063515,From MOVES5,2057,ON
T_MDV_T_GSL_N,2030,0.224157163,From MOVES5,2058,ON
T_MDV_T_GSL_N,2030,0.199499876,From MOVES5,2059,ON
T_MDV_T_GSL_N,2030,0.177554889,From MOVES5,2060,ON
T_MDV_T_GSL_N,2030,0.158023851,From MOVES5,2061,ON
T_MDV_T_GSL_N,2030,0.139060989,From MOVES5,2062,ON
T_MDV_T_GSL_N,2030,0.122373671,From MOVES5,2063,ON
T_MDV_T_GSL_N,2030,0.10768883,From MOVES5,2064,ON
T_MDV_T_GSL_N,2030,0.093689282,From MOVES5,2065,ON
T_MDV_T_GSL_N,2030,0.081509675,From MOVES5,2066,ON
T_MDV_T_GSL_N,2030,0.070913418,From MOVES5,2067,ON
T_MDV_T_GSL_N,2030,0.060985539,From MOVES5,2068,ON
T_MDV_T_GSL_N,2030,0.052447564,From MOVES5,2069,ON
T_MDV_T_GSL_N,2030,0.045104905,From MOVES5,2070,ON
T_MDV_T_GSL_N,2030,0.038339169,From MOVES5,2071,ON
T_MDV_T_GSL_N,2030,0,From MOVES5,2072,ON
T_MDV_T_GSL_N,2035,1,From MOVES5,2035,ON
T_MDV_T_GSL_N,2035,1,From MOVES5,2036,ON
T_MDV_T_GSL_N,2035,1,From MOVES5,2037,ON
T_MDV_T_GSL_N,2035,1,From MOVES5,2038,ON
T_MDV_T_GSL_N,2035,1,From MOVES5,2039,ON
T_MDV_T_GSL_N,2035,0.99,From MOVES5,2040,ON
T_MDV_T_GSL_N,2035,0.9702,From MOVES5,2041,ON
T_MDV_T_GSL_N,2035,0.950796,From MOVES5,2042,ON
T_MDV_T_GSL_N,2035,0.92227212,From MOVES5,2043,ON
T_MDV_T_GSL_N,2035,0.894603956,From MOVES5,2044,ON
T_MDV_T_GSL_N,2035,0.867765838,From MOVES5,2045,ON
T_MDV_T_GSL_N,2035,0.833055204,From MOVES5,2046,ON
T_MDV_T_GSL_N,2035,0.799732996,From MOVES5,2047,ON
T_MDV_T_GSL_N,2035,0.759746346,From MOVES5,2048,ON
T_MDV_T_GSL_N,2035,0.721759029,From MOVES5,2049,ON
T_MDV_T_GSL_N,2035,0.685671077,From MOVES5,2050,ON
T_MDV_T_GSL_N,2035,0.644530813,From MOVES5,2051,ON
T_MDV_T_GSL_N,2035,0.605858964,From MOVES5,2052,ON
T_MDV_T_GSL_N,2035,0.563448837,From MOVES5,2053,ON
T_MDV_T_GSL_N,2035,0.524007418,From MOVES5,2054,ON
T_MDV_T_GSL_N,2035,0.482086825,From MOVES5,2055,ON
T_MDV_T_GSL_N,2035,0.443519879,From MOVES5,2056,ON
T_MDV_T_GSL_N,2035,0.408038288,From MOVES5,2057,ON
T_MDV_T_GSL_N,2035,0.371314842,From MOVES5,2058,ON
T_MDV_T_GSL_N,2035,0.337896507,From MOVES5,2059,ON
T_MDV_T_GSL_N,2035,0.307485821,From MOVES5,2060,ON
T_MDV_T_GSL_N,2035,0.276737239,From MOVES5,2061,ON
T_MDV_T_GSL_N,2035,0.249063515,From MOVES5,2062,ON
T_MDV_T_GSL_N,2035,0.224157163,From MOVES5,2063,ON
T_MDV_T_GSL_N,2035,0.199499876,From MOVES5,2064,ON
T_MDV_T_GSL_N,2035,0.177554889,From MOVES5,2065,ON
T_MDV_T_GSL_N,2035,0.158023851,From MOVES5,2066,ON
T_MDV_T_GSL_N,2035,0.139060989,From MOVES5,2067,ON
T_MDV_T_GSL_N,2035,0.122373671,From MOVES5,2068,ON
T_MDV_T_GSL_N,2035,0.10768883,From MOVES5,2069,ON
T_MDV_T_GSL_N,2035,0.093689282,From MOVES5,2070,ON
T_MDV_T_GSL_N,2035,0.081509675,From MOVES5,2071,ON
T_MDV_T_GSL_N,2035,0.070913418,From MOVES5,2072,ON
T_MDV_T_GSL_N,2035,0.060985539,From MOVES5,2073,ON
T_MDV_T_GSL_N,2035,0.052447564,From MOVES5,2074,ON
T_MDV_T_GSL_N,2035,0.045104905,From MOVES5,2075,ON
T_MDV_T_GSL_N,2035,0.038339169,From MOVES5,2076,ON
T_MDV_T_GSL_N,2035,0,From MOVES5,2077,ON
T_MDV_T_GSL_N,2040,1,From MOVES5,2040,ON
T_MDV_T_GSL_N,2040,1,From MOVES5,2041,ON
T_MDV_T_GSL_N,2040,1,From MOVES5,2042,ON
T_MDV_T_GSL_N,2040,1,From MOVES5,2043,ON
T_MDV_T_GSL_N,2040,1,From MOVES5,2044,ON
T_MDV_T_GSL_N,2040,0.99,From MOVES5,2045,ON
T_MDV_T_GSL_N,2040,0.9702,From MOVES5,2046,ON
T_MDV_T_GSL_N,2040,0.950796,From MOVES5,2047,ON
T_MDV_T_GSL_N,2040,0.92227212,From MOVES5,2048,ON
T_MDV_T_GSL_N,2040,0.894603956,From MOVES5,2049,ON
T_MDV_T_GSL_N,2040,0.867765838,From MOVES5,2050,ON
T_MDV_T_GSL_N,2040,0.833055204,From MOVES5,2051,ON
T_MDV_T_GSL_N,2040,0.799732996,From MOVES5,2052,ON
T_MDV_T_GSL_N,2040,0.759746346,From MOVES5,2053,ON
T_MDV_T_GSL_N,2040,0.721759029,From MOVES5,2054,ON
T_MDV_T_GSL_N,2040,0.685671077,From MOVES5,2055,ON
T_MDV_T_GSL_N,2040,0.644530813,From MOVES5,2056,ON
T_MDV_T_GSL_N,2040,0.605858964,From MOVES5,2057,ON
T_MDV_T_GSL_N,2040,0.563448837,From MOVES5,2058,ON
T_MDV_T_GSL_N,2040,0.524007418,From MOVES5,2059,ON
T_MDV_T_GSL_N,2040,0.482086825,From MOVES5,2060,ON
T_MDV_T_GSL_N,2040,0.443519879,From MOVES5,2061,ON
T_MDV_T_GSL_N,2040,0.408038288,From MOVES5,2062,ON
T_MDV_T_GSL_N,2040,0.371314842,From MOVES5,2063,ON
T_MDV_T_GSL_N,2040,0.337896507,From MOVES5,2064,ON
T_MDV_T_GSL_N,2040,0.307485821,From MOVES5,2065,ON
T_MDV_T_GSL_N,2040,0.276737239,From MOVES5,2066,ON
T_MDV_T_GSL_N,2040,0.249063515,From MOVES5,2067,ON
T_MDV_T_GSL_N,2040,0.224157163,From MOVES5,2068,ON
T_MDV_T_GSL_N,2040,0.199499876,From MOVES5,2069,ON
T_MDV_T_GSL_N,2040,0.177554889,From MOVES5,2070,ON
T_MDV_T_GSL_N,2040,0.158023851,From MOVES5,2071,ON
T_MDV_T_GSL_N,2040,0.139060989,From MOVES5,2072,ON
T_MDV_T_GSL_N,2040,0.122373671,From MOVES5,2073,ON
T_MDV_T_GSL_N,2040,0.10768883,From MOVES5,2074,ON
T_MDV_T_GSL_N,2040,0.093689282,From MOVES5,2075,ON
T_MDV_T_GSL_N,2040,0.081509675,From MOVES5,2076,ON
T_MDV_T_GSL_N,2040,0.070913418,From MOVES5,2077,ON
T_MDV_T_GSL_N,2040,0.060985539,From MOVES5,2078,ON
T_MDV_T_GSL_N,2040,0.052447564,From MOVES5,2079,ON
T_MDV_T_GSL_N,2040,0.045104905,From MOVES5,2080,ON
T_MDV_T_GSL_N,2040,0.038339169,From MOVES5,2081,ON
T_MDV_T_GSL_N,2040,0,From MOVES5,2082,ON
T_MDV_T_GSL_N,2045,1,From MOVES5,2045,ON
T_MDV_T_GSL_N,2045,1,From MOVES5,2046,ON
T_MDV_T_GSL_N,2045,1,From MOVES5,2047,ON
T_MDV_T_GSL_N,2045,1,From MOVES5,2048,ON
T_MDV_T_GSL_N,2045,1,From MOVES5,2049,ON
T_MDV_T_GSL_N,2045,0.99,From MOVES5,2050,ON
T_MDV_T_GSL_N,2045,0.9702,From MOVES5,2051,ON
T_MDV_T_GSL_N,2045,0.950796,From MOVES5,2052,ON
T_MDV_T_GSL_N,2045,0.92227212,From MOVES5,2053,ON
T_MDV_T_GSL_N,2045,0.894603956,From MOVES5,2054,ON
T_MDV_T_GSL_N,2045,0.867765838,From MOVES5,2055,ON
T_MDV_T_GSL_N,2045,0.833055204,From MOVES5,2056,ON
T_MDV_T_GSL_N,2045,0.799732996,From MOVES5,2057,ON
T_MDV_T_GSL_N,2045,0.759746346,From MOVES5,2058,ON
T_MDV_T_GSL_N,2045,0.721759029,From MOVES5,2059,ON
T_MDV_T_GSL_N,2045,0.685671077,From MOVES5,2060,ON
T_MDV_T_GSL_N,2045,0.644530813,From MOVES5,2061,ON
T_MDV_T_GSL_N,2045,0.605858964,From MOVES5,2062,ON
T_MDV_T_GSL_N,2045,0.563448837,From MOVES5,2063,ON
T_MDV_T_GSL_N,2045,0.524007418,From MOVES5,2064,ON
T_MDV_T_GSL_N,2045,0.482086825,From MOVES5,2065,ON
T_MDV_T_GSL_N,2045,0.443519879,From MOVES5,2066,ON
T_MDV_T_GSL_N,2045,0.408038288,From MOVES5,2067,ON
T_MDV_T_GSL_N,2045,0.371314842,From MOVES5,2068,ON
T_MDV_T_GSL_N,2045,0.337896507,From MOVES5,2069,ON
T_MDV_T_GSL_N,2045,0.307485821,From MOVES5,2070,ON
T_MDV_T_GSL_N,2045,0.276737239,From MOVES5,2071,ON
T_MDV_T_GSL_N,2045,0.249063515,From MOVES5,2072,ON
T_MDV_T_GSL_N,2045,0.224157163,From MOVES5,2073,ON
T_MDV_T_GSL_N,2045,0.199499876,From MOVES5,2074,ON
T_MDV_T_GSL_N,2045,0.177554889,From MOVES5,2075,ON
T_MDV_T_GSL_N,2045,0.158023851,From MOVES5,2076,ON
T_MDV_T_GSL_N,2045,0.139060989,From MOVES5,2077,ON
T_MDV_T_GSL_N,2045,0.122373671,From MOVES5,2078,ON
T_MDV_T_GSL_N,2045,0.10768883,From MOVES5,2079,ON
T_MDV_T_GSL_N,2045,0.093689282,From MOVES5,2080,ON
T_MDV_T_GSL_N,2045,0.081509675,From MOVES5,2081,ON
T_MDV_T_GSL_N,2045,0.070913418,From MOVES5,2082,ON
T_MDV_T_GSL_N,2045,0.060985539,From MOVES5,2083,ON
T_MDV_T_GSL_N,2045,0.052447564,From MOVES5,2084,ON
T_MDV_T_GSL_N,2045,0.045104905,From MOVES5,2085,ON
T_MDV_T_GSL_N,2045,0.038339169,From MOVES5,2086,ON
T_MDV_T_GSL_N,2045,0,From MOVES5,2087,ON
T_MDV_T_GSL_N,2050,1,From MOVES5,2050,ON
T_MDV_T_GSL_N,2050,1,From MOVES5,2051,ON
T_MDV_T_GSL_N,2050,1,From MOVES5,2052,ON
T_MDV_T_GSL_N,2050,1,From MOVES5,2053,ON
T_MDV_T_GSL_N,2050,1,From MOVES5,2054,ON
T_MDV_T_GSL_N,2050,0.99,From MOVES5,2055,ON
T_MDV_T_GSL_N,2050,0.9702,From MOVES5,2056,ON
T_MDV_T_GSL_N,2050,0.950796,From MOVES5,2057,ON
T_MDV_T_GSL_N,2050,0.92227212,From MOVES5,2058,ON
T_MDV_T_GSL_N,2050,0.894603956,From MOVES5,2059,ON
T_MDV_T_GSL_N,2050,0.867765838,From MOVES5,2060,ON
T_MDV_T_GSL_N,2050,0.833055204,From MOVES5,2061,ON
T_MDV_T_GSL_N,2050,0.799732996,From MOVES5,2062,ON
T_MDV_T_GSL_N,2050,0.759746346,From MOVES5,2063,ON
T_MDV_T_GSL_N,2050,0.721759029,From MOVES5,2064,ON
T_MDV_T_GSL_N,2050,0.685671077,From MOVES5,2065,ON
T_MDV_T_GSL_N,2050,0.644530813,From MOVES5,2066,ON
T_MDV_T_GSL_N,2050,0.605858964,From MOVES5,2067,ON
T_MDV_T_GSL_N,2050,0.563448837,From MOVES5,2068,ON
T_MDV_T_GSL_N,2050,0.524007418,From MOVES5,2069,ON
T_MDV_T_GSL_N,2050,0.482086825,From MOVES5,2070,ON
T_MDV_T_GSL_N,2050,0.443519879,From MOVES5,2071,ON
T_MDV_T_GSL_N,2050,0.408038288,From MOVES5,2072,ON
T_MDV_T_GSL_N,2050,0.371314842,From MOVES5,2073,ON
T_MDV_T_GSL_N,2050,0.337896507,From MOVES5,2074,ON
T_MDV_T_GSL_N,2050,0.307485821,From MOVES5,2075,ON
T_MDV_T_GSL_N,2050,0.276737239,From MOVES5,2076,ON
T_MDV_T_GSL_N,2050,0.249063515,From MOVES5,2077,ON
T_MDV_T_GSL_N,2050,0.224157163,From MOVES5,2078,ON
T_MDV_T_GSL_N,2050,0.199499876,From MOVES5,2079,ON
T_MDV_T_GSL_N,2050,0.177554889,From MOVES5,2080,ON
T_MDV_T_GSL_N,2050,0.158023851,From MOVES5,2081,ON
T_MDV_T_GSL_N,2050,0.139060989,From MOVES5,2082,ON
T_MDV_T_GSL_N,2050,0.122373671,From MOVES5,2083,ON
T_MDV_T_GSL_N,2050,0.10768883,From MOVES5,2084,ON
T_MDV_T_GSL_N,2050,0.093689282,From MOVES5,2085,ON
T_MDV_T_GSL_N,2050,0.081509675,From MOVES5,2086,ON
T_MDV_T_GSL_N,2050,0.070913418,From MOVES5,2087,ON
T_MDV_T_GSL_N,2050,0.060985539,From MOVES5,2088,ON
T_MDV_T_GSL_N,2050,0.052447564,From MOVES5,2089,ON
T_MDV_T_GSL_N,2050,0.045104905,From MOVES5,2090,ON
T_MDV_T_GSL_N,2050,0.038339169,From MOVES5,2091,ON
T_MDV_T_GSL_N,2050,0,From MOVES5,2092,ON
T_HDV_T_BEV_N,2025,1,From MOVES5,2025,ON
T_HDV_T_BEV_N,2025,1,From MOVES5,2026,ON
T_HDV_T_BEV_N,2025,1,From MOVES5,2027,ON
T_HDV_T_BEV_N,2025,1,From MOVES5,2028,ON
T_HDV_T_BEV_N,2025,1,From MOVES5,2029,ON
T_HDV_T_BEV_N,2025,0.99,From MOVES5,2030,ON
T_HDV_T_BEV_N,2025,0.9702,From MOVES5,2031,ON
T_HDV_T_BEV_N,2025,0.950796,From MOVES5,2032,ON
T_HDV_T_BEV_N,2025,0.92227212,From MOVES5,2033,ON
T_HDV_T_BEV_N,2025,0.894603956,From MOVES5,2034,ON
T_HDV_T_BEV_N,2025,0.867765838,From MOVES5,2035,ON
T_HDV_T_BEV_N,2025,0.833055204,From MOVES5,2036,ON
T_HDV_T_BEV_N,2025,0.799732996,From MOVES5,2037,ON
T_HDV_T_BEV_N,2025,0.759746346,From MOVES5,2038,ON
T_HDV_T_BEV_N,2025,0.721759029,From MOVES5,2039,ON
T_HDV_T_BEV_N,2025,0.685671077,From MOVES5,2040,ON
T_HDV_T_BEV_N,2025,0.644530813,From MOVES5,2041,ON
T_HDV_T_BEV_N,2025,0.605858964,From MOVES5,2042,ON
T_HDV_T_BEV_N,2025,0.563448837,From MOVES5,2043,ON
T_HDV_T_BEV_N,2025,0.524007418,From MOVES5,2044,ON
T_HDV_T_BEV_N,2025,0.482086825,From MOVES5,2045,ON
T_HDV_T_BEV_N,2025,0.443519879,From MOVES5,2046,ON
T_HDV_T_BEV_N,2025,0.408038288,From MOVES5,2047,ON
T_HDV_T_BEV_N,2025,0.371314842,From MOVES5,2048,ON
T_HDV_T_BEV_N,2025,0.337896507,From MOVES5,2049,ON
T_HDV_T_BEV_N,2025,0.307485821,From MOVES5,2050,ON
T_HDV_T_BEV_N,2025,0.276737239,From MOVES5,2051,ON
T_HDV_T_BEV_N,2025,0.249063515,From MOVES5,2052,ON
T_HDV_T_BEV_N,2025,0.224157163,From MOVES5,2053,ON
T_HDV_T_BEV_N,2025,0.199499876,From MOVES5,2054,ON
T_HDV_T_BEV_N,2025,0.177554889,From MOVES5,2055,ON
T_HDV_T_BEV_N,2025,0.158023851,From MOVES5,2056,ON
T_HDV_T_BEV_N,2025,0.139060989,From MOVES5,2057,ON
T_HDV_T_BEV_N,2025,0.122373671,From MOVES5,2058,ON
T_HDV_T_BEV_N,2025,0.10768883,From MOVES5,2059,ON
T_HDV_T_BEV_N,2025,0.093689282,From MOVES5,2060,ON
T_HDV_T_BEV_N,2025,0.081509675,From MOVES5,2061,ON
T_HDV_T_BEV_N,2025,0.070913418,From MOVES5,2062,ON
T_HDV_T_BEV_N,2025,0.060985539,From MOVES5,2063,ON
T_HDV_T_BEV_N,2025,0.052447564,From MOVES5,2064,ON
T_HDV_T_BEV_N,2025,0.045104905,From MOVES5,2065,ON
T_HDV_T_BEV_N,2025,0.038339169,From MOVES5,2066,ON
T_HDV_T_BEV_N,2025,0,From MOVES5,2067,ON
T_HDV_T_BEV_N,2030,1,From MOVES5,2030,ON
T_HDV_T_BEV_N,2030,1,From MOVES5,2031,ON
T_HDV_T_BEV_N,2030,1,From MOVES5,2032,ON
T_HDV_T_BEV_N,2030,1,From MOVES5,2033,ON
T_HDV_T_BEV_N,2030,1,From MOVES5,2034,ON
T_HDV_T_BEV_N,2030,0.99,From MOVES5,2035,ON
T_HDV_T_BEV_N,2030,0.9702,From MOVES5,2036,ON
T_HDV_T_BEV_N,2030,0.950796,From MOVES5,2037,ON
T_HDV_T_BEV_N,2030,0.92227212,From MOVES5,2038,ON
T_HDV_T_BEV_N,2030,0.894603956,From MOVES5,2039,ON
T_HDV_T_BEV_N,2030,0.867765838,From MOVES5,2040,ON
T_HDV_T_BEV_N,2030,0.833055204,From MOVES5,2041,ON
T_HDV_T_BEV_N,2030,0.799732996,From MOVES5,2042,ON
T_HDV_T_BEV_N,2030,0.759746346,From MOVES5,2043,ON
T_HDV_T_BEV_N,2030,0.721759029,From MOVES5,2044,ON
T_HDV_T_BEV_N,2030,0.685671077,From MOVES5,2045,ON
T_HDV_T_BEV_N,2030,0.644530813,From MOVES5,2046,ON
T_HDV_T_BEV_N,2030,0.605858964,From MOVES5,2047,ON
T_HDV_T_BEV_N,2030,0.563448837,From MOVES5,2048,ON
T_HDV_T_BEV_N,2030,0.524007418,From MOVES5,2049,ON
T_HDV_T_BEV_N,2030,0.482086825,From MOVES5,2050,ON
T_HDV_T_BEV_N,2030,0.443519879,From MOVES5,2051,ON
T_HDV_T_BEV_N,2030,0.408038288,From MOVES5,2052,ON
T_HDV_T_BEV_N,2030,0.371314842,From MOVES5,2053,ON
T_HDV_T_BEV_N,2030,0.337896507,From MOVES5,2054,ON
T_HDV_T_BEV_N,2030,0.307485821,From MOVES5,2055,ON
T_HDV_T_BEV_N,2030,0.276737239,From MOVES5,2056,ON
T_HDV_T_BEV_N,2030,0.249063515,From MOVES5,2057,ON
T_HDV_T_BEV_N,2030,0.224157163,From MOVES5,2058,ON
T_HDV_T_BEV_N,2030,0.199499876,From MOVES5,2059,ON
T_HDV_T_BEV_N,2030,0.177554889,From MOVES5,2060,ON
T_HDV_T_BEV_N,2030,0.158023851,From MOVES5,2061,ON
T_HDV_T_BEV_N,2030,0.139060989,From MOVES5,2062,ON
T_HDV_T_BEV_N,2030,0.122373671,From MOVES5,2063,ON
T_HDV_T_BEV_N,2030,0.10768883,From MOVES5,2064,ON
T_HDV_T_BEV_N,2030,0.093689282,From MOVES5,2065,ON
T_HDV_T_BEV_N,2030,0.081509675,From MOVES5,2066,ON
T_HDV_T_BEV_N,2030,0.070913418,From MOVES5,2067,ON
T_HDV_T_BEV_N,2030,0.060985539,From MOVES5,2068,ON
T_HDV_T_BEV_N,2030,0.052447564,From MOVES5,2069,ON
T_HDV_T_BEV_N,2030,0.045104905,From MOVES5,2070,ON
T_HDV_T_BEV_N,2030,0.038339169,From MOVES5,2071,ON
T_HDV_T_BEV_N,2030,0,From MOVES5,2072,ON
T_HDV_T_BEV_N,2035,1,From MOVES5,2035,ON
T_HDV_T_BEV_N,2035,1,From MOVES5,2036,ON
T_HDV_T_BEV_N,2035,1,From MOVES5,2037,ON
T_HDV_T_BEV_N,2035,1,From MOVES5,2038,ON
T_HDV_T_BEV_N,2035,1,From MOVES5,2039,ON
T_HDV_T_BEV_N,2035,0.99,From MOVES5,2040,ON
T_HDV_T_BEV_N,2035,0.9702,From MOVES5,2041,ON
T_HDV_T_BEV_N,2035,0.950796,From MOVES5,2042,ON
T_HDV_T_BEV_N,2035,0.92227212,From MOVES5,2043,ON
T_HDV_T_BEV_N,2035,0.894603956,From MOVES5,2044,ON
T_HDV_T_BEV_N,2035,0.867765838,From MOVES5,2045,ON
T_HDV_T_BEV_N,2035,0.833055204,From MOVES5,2046,ON
T_HDV_T_BEV_N,2035,0.799732996,From MOVES5,2047,ON
T_HDV_T_BEV_N,2035,0.759746346,From MOVES5,2048,ON
T_HDV_T_BEV_N,2035,0.721759029,From MOVES5,2049,ON
T_HDV_T_BEV_N,2035,0.685671077,From MOVES5,2050,ON
T_HDV_T_BEV_N,2035,0.644530813,From MOVES5,2051,ON
T_HDV_T_BEV_N,2035,0.605858964,From MOVES5,2052,ON
T_HDV_T_BEV_N,2035,0.563448837,From MOVES5,2053,ON
T_HDV_T_BEV_N,2035,0.524007418,From MOVES5,2054,ON
T_HDV_T_BEV_N,2035,0.482086825,From MOVES5,2055,ON
T_HDV_T_BEV_N,2035,0.443519879,From MOVES5,2056,ON
T_HDV_T_BEV_N,2035,0.408038288,From MOVES5,2057,ON
T_HDV_T_BEV_N,2035,0.371314842,From MOVES5,2058,ON
T_HDV_T_BEV_N,2035,0.337896507,From MOVES5,2059,ON
T_HDV_T_BEV_N,2035,0.307485821,From MOVES5,2060,ON
T_HDV_T_BEV_N,2035,0.276737239,From MOVES5,2061,ON
T_HDV_T_BEV_N,2035,0.249063515,From MOVES5,2062,ON
T_HDV_T_BEV_N,2035,0.224157163,From MOVES5,2063,ON
T_HDV_T_BEV_N,2035,0.199499876,From MOVES5,2064,ON
T_HDV_T_BEV_N,2035,0.177554889,From MOVES5,2065,ON
T_HDV_T_BEV_N,2035,0.158023851,From MOVES5,2066,ON
T_HDV_T_BEV_N,2035,0.139060989,From MOVES5,2067,ON
T_HDV_T_BEV_N,2035,0.122373671,From MOVES5,2068,ON
T_HDV_T_BEV_N,2035,0.10768883,From MOVES5,2069,ON
T_HDV_T_BEV_N,2035,0.093689282,From MOVES5,2070,ON
T_HDV_T_BEV_N,2035,0.081509675,From MOVES5,2071,ON
T_HDV_T_BEV_N,2035,0.070913418,From MOVES5,2072,ON
T_HDV_T_BEV_N,2035,0.060985539,From MOVES5,2073,ON
T_HDV_T_BEV_N,2035,0.052447564,From MOVES5,2074,ON
T_HDV_T_BEV_N,2035,0.045104905,From MOVES5,2075,ON
T_HDV_T_BEV_N,2035,0.038339169,From MOVES5,2076,ON
T_HDV_T_BEV_N,2035,0,From MOVES5,2077,ON
T_HDV_T_BEV_N,2040,1,From MOVES5,2040,ON
T_HDV_T_BEV_N,2040,1,From MOVES5,2041,ON
T_HDV_T_BEV_N,2040,1,From MOVES5,2042,ON
T_HDV_T_BEV_N,2040,1,From MOVES5,2043,ON
T_HDV_T_BEV_N,2040,1,From MOVES5,2044,ON
T_HDV_T_BEV_N,2040,0.99,From MOVES5,2045,ON
T_HDV_T_BEV_N,2040,0.9702,From MOVES5,2046,ON
T_HDV_T_BEV_N,2040,0.950796,From MOVES5,2047,ON
T_HDV_T_BEV_N,2040,0.92227212,From MOVES5,2048,ON
T_HDV_T_BEV_N,2040,0.894603956,From MOVES5,2049,ON
T_HDV_T_BEV_N,2040,0.867765838,From MOVES5,2050,ON
T_HDV_T_BEV_N,2040,0.833055204,From MOVES5,2051,ON
T_HDV_T_BEV_N,2040,0.799732996,From MOVES5,2052,ON
T_HDV_T_BEV_N,2040,0.759746346,From MOVES5,2053,ON
T_HDV_T_BEV_N,2040,0.721759029,From MOVES5,2054,ON
T_HDV_T_BEV_N,2040,0.685671077,From MOVES5,2055,ON
T_HDV_T_BEV_N,2040,0.644530813,From MOVES5,2056,ON
T_HDV_T_BEV_N,2040,0.605858964,From MOVES5,2057,ON
T_HDV_T_BEV_N,2040,0.563448837,From MOVES5,2058,ON
T_HDV_T_BEV_N,2040,0.524007418,From MOVES5,2059,ON
T_HDV_T_BEV_N,2040,0.482086825,From MOVES5,2060,ON
T_HDV_T_BEV_N,2040,0.443519879,From MOVES5,2061,ON
T_HDV_T_BEV_N,2040,0.408038288,From MOVES5,2062,ON
T_HDV_T_BEV_N,2040,0.371314842,From MOVES5,2063,ON
T_HDV_T_BEV_N,2040,0.337896507,From MOVES5,2064,ON
T_HDV_T_BEV_N,2040,0.307485821,From MOVES5,2065,ON
T_HDV_T_BEV_N,2040,0.276737239,From MOVES5,2066,ON
T_HDV_T_BEV_N,2040,0.249063515,From MOVES5,2067,ON
T_HDV_T_BEV_N,2040,0.224157163,From MOVES5,2068,ON
T_HDV_T_BEV_N,2040,0.199499876,From MOVES5,2069,ON
T_HDV_T_BEV_N,2040,0.177554889,From MOVES5,2070,ON
T_HDV_T_BEV_N,2040,0.158023851,From MOVES5,2071,ON
T_HDV_T_BEV_N,2040,0.139060989,From MOVES5,2072,ON
T_HDV_T_BEV_N,2040,0.122373671,From MOVES5,2073,ON
T_HDV_T_BEV_N,2040,0.10768883,From MOVES5,2074,ON
T_HDV_T_BEV_N,2040,0.093689282,From MOVES5,2075,ON
T_HDV_T_BEV_N,2040,0.081509675,From MOVES5,2076,ON
T_HDV_T_BEV_N,2040,0.070913418,From MOVES5,2077,ON
T_HDV_T_BEV_N,2040,0.060985539,From MOVES5,2078,ON
T_HDV_T_BEV_N,2040,0.052447564,From MOVES5,2079,ON
T_HDV_T_BEV_N,2040,0.045104905,From MOVES5,2080,ON
T_HDV_T_BEV_N,2040,0.038339169,From MOVES5,2081,ON
T_HDV_T_BEV_N,2040,0,From MOVES5,2082,ON
T_HDV_T_BEV_N,2045,1,From MOVES5,2045,ON
T_HDV_T_BEV_N,2045,1,From MOVES5,2046,ON
T_HDV_T_BEV_N,2045,1,From MOVES5,2047,ON
T_HDV_T_BEV_N,2045,1,From MOVES5,2048,ON
T_HDV_T_BEV_N,2045,1,From MOVES5,2049,ON
T_HDV_T_BEV_N,2045,0.99,From MOVES5,2050,ON
T_HDV_T_BEV_N,2045,0.9702,From MOVES5,2051,ON
T_HDV_T_BEV_N,2045,0.950796,From MOVES5,2052,ON
T_HDV_T_BEV_N,2045,0.92227212,From MOVES5,2053,ON
T_HDV_T_BEV_N,2045,0.894603956,From MOVES5,2054,ON
T_HDV_T_BEV_N,2045,0.867765838,From MOVES5,2055,ON
T_HDV_T_BEV_N,2045,0.833055204,From MOVES5,2056,ON
T_HDV_T_BEV_N,2045,0.799732996,From MOVES5,2057,ON
T_HDV_T_BEV_N,2045,0.759746346,From MOVES5,2058,ON
T_HDV_T_BEV_N,2045,0.721759029,From MOVES5,2059,ON
T_HDV_T_BEV_N,2045,0.685671077,From MOVES5,2060,ON
T_HDV_T_BEV_N,2045,0.644530813,From MOVES5,2061,ON
T_HDV_T_BEV_N,2045,0.605858964,From MOVES5,2062,ON
T_HDV_T_BEV_N,2045,0.563448837,From MOVES5,2063,ON
T_HDV_T_BEV_N,2045,0.524007418,From MOVES5,2064,ON
T_HDV_T_BEV_N,2045,0.482086825,From MOVES5,2065,ON
T_HDV_T_BEV_N,2045,0.443519879,From MOVES5,2066,ON
T_HDV_T_BEV_N,2045,0.408038288,From MOVES5,2067,ON
T_HDV_T_BEV_N,2045,0.371314842,From MOVES5,2068,ON
T_HDV_T_BEV_N,2045,0.337896507,From MOVES5,2069,ON
T_HDV_T_BEV_N,2045,0.307485821,From MOVES5,2070,ON
T_HDV_T_BEV_N,2045,0.276737239,From MOVES5,2071,ON
T_HDV_T_BEV_N,2045,0.249063515,From MOVES5,2072,ON
T_HDV_T_BEV_N,2045,0.224157163,From MOVES5,2073,ON
T_HDV_T_BEV_N,2045,0.199499876,From MOVES5,2074,ON
T_HDV_T_BEV_N,2045,0.177554889,From MOVES5,2075,ON
T_HDV_T_BEV_N,2045,0.158023851,From MOVES5,2076,ON
T_HDV_T_BEV_N,2045,0.139060989,From MOVES5,2077,ON
T_HDV_T_BEV_N,2045,0.122373671,From MOVES5,2078,ON
T_HDV_T_BEV_N,2045,0.10768883,From MOVES5,2079,ON
T_HDV_T_BEV_N,2045,0.093689282,From MOVES5,2080,ON
T_HDV_T_BEV_N,2045,0.081509675,From MOVES5,2081,ON
T_HDV_T_BEV_N,2045,0.070913418,From MOVES5,2082,ON
T_HDV_T_BEV_N,2045,0.060985539,From MOVES5,2083,ON
T_HDV_T_BEV_N,2045,0.052447564,From MOVES5,2084,ON
T_HDV_T_BEV_N,2045,0.045104905,From MOVES5,2085,ON
T_HDV_T_BEV_N,2045,0.038339169,From MOVES5,2086,ON
T_HDV_T_BEV_N,2045,0,From MOVES5,2087,ON
T_HDV_T_BEV_N,2050,1,From MOVES5,2050,ON
T_HDV_T_BEV_N,2050,1,From MOVES5,2051,ON
T_HDV_T_BEV_N,2050,1,From MOVES5,2052,ON
T_HDV_T_BEV_N,2050,1,From MOVES5,2053,ON
T_HDV_T_BEV_N,2050,1,From MOVES5,2054,ON
T_HDV_T_BEV_N,2050,0.99,From MOVES5,2055,ON
T_HDV_T_BEV_N,2050,0.9702,From MOVES5,2056,ON
T_HDV_T_BEV_N,2050,0.950796,From MOVES5,2057,ON
T_HDV_T_BEV_N,2050,0.92227212,From MOVES5,2058,ON
T_HDV_T_BEV_N,2050,0.894603956,From MOVES5,2059,ON
T_HDV_T_BEV_N,2050,0.867765838,From MOVES5,2060,ON
T_HDV_T_BEV_N,2050,0.833055204,From MOVES5,2061,ON
T_HDV_T_BEV_N,2050,0.799732996,From MOVES5,2062,ON
T_HDV_T_BEV_N,2050,0.759746346,From MOVES5,2063,ON
T_HDV_T_BEV_N,2050,0.721759029,From MOVES5,2064,ON
T_HDV_T_BEV_N,2050,0.685671077,From MOVES5,2065,ON
T_HDV_T_BEV_N,2050,0.644530813,From MOVES5,2066,ON
T_HDV_T_BEV_N,2050,0.605858964,From MOVES5,2067,ON
T_HDV_T_BEV_N,2050,0.563448837,From MOVES5,2068,ON
T_HDV_T_BEV_N,2050,0.524007418,From MOVES5,2069,ON
T_HDV_T_BEV_N,2050,0.482086825,From MOVES5,2070,ON
T_HDV_T_BEV_N,2050,0.443519879,From MOVES5,2071,ON
T_HDV_T_BEV_N,2050,0.408038288,From MOVES5,2072,ON
T_HDV_T_BEV_N,2050,0.371314842,From MOVES5,2073,ON
T_HDV_T_BEV_N,2050,0.337896507,From MOVES5,2074,ON
T_HDV_T_BEV_N,2050,0.307485821,From MOVES5,2075,ON
T_HDV_T_BEV_N,2050,0.276737239,From MOVES5,2076,ON
T_HDV_T_BEV_N,2050,0.249063515,From MOVES5,2077,ON
T_HDV_T_BEV_N,2050,0.224157163,From MOVES5,2078,ON
T_HDV_T_BEV_N,2050,0.199499876,From MOVES5,2079,ON
T_HDV_T_BEV_N,2050,0.177554889,From MOVES5,2080,ON
T_HDV_T_BEV_N,2050,0.158023851,From MOVES5,2081,ON
T_HDV_T_BEV_N,2050,0.139060989,From MOVES5,2082,ON
T_HDV_T_BEV_N,2050,0.122373671,From MOVES5,2083,ON
T_HDV_T_BEV_N,2050,0.10768883,From MOVES5,2084,ON
T_HDV_T_BEV_N,2050,0.093689282,From MOVES5,2085,ON
T_HDV_T_BEV_N,2050,0.081509675,From MOVES5,2086,ON
T_HDV_T_BEV_N,2050,0.070913418,From MOVES5,2087,ON
T_HDV_T_BEV_N,2050,0.060985539,From MOVES5,2088,ON
T_HDV_T_BEV_N,2050,0.052447564,From MOVES5,2089,ON
T_HDV_T_BEV_N,2050,0.045104905,From MOVES5,2090,ON
T_HDV_T_BEV_N,2050,0.038339169,From MOVES5,2091,ON
T_HDV_T_BEV_N,2050,0,From MOVES5,2092,ON
T_HDV_T_DSL_EX,2005,1,From MOVES5,2005,ON
T_HDV_T_DSL_EX,2005,1,From MOVES5,2006,ON
T_HDV_T_DSL_EX,2005,1,From MOVES5,2007,ON
T_HDV_T_DSL_EX,2005,1,From MOVES5,2008,ON
T_HDV_T_DSL_EX,2005,1,From MOVES5,2009,ON
T_HDV_T_DSL_EX,2005,0.99,From MOVES5,2010,ON
T_HDV_T_DSL_EX,2005,0.9702,From MOVES5,2011,ON
T_HDV_T_DSL_EX,2005,0.950796,From MOVES5,2012,ON
T_HDV_T_DSL_EX,2005,0.92227212,From MOVES5,2013,ON
T_HDV_T_DSL_EX,2005,0.894603956,From MOVES5,2014,ON
T_HDV_T_DSL_EX,2005,0.867765838,From MOVES5,2015,ON
T_HDV_T_DSL_EX,2005,0.833055204,From MOVES5,2016,ON
T_HDV_T_DSL_EX,2005,0.799732996,From MOVES5,2017,ON
T_HDV_T_DSL_EX,2005,0.759746346,From MOVES5,2018,ON
T_HDV_T_DSL_EX,2005,0.721759029,From MOVES5,2019,ON
T_HDV_T_DSL_EX,2005,0.685671077,From MOVES5,2020,ON
T_HDV_T_DSL_EX,2005,0.644530813,From MOVES5,2021,ON
T_HDV_T_DSL_EX,2005,0.605858964,From MOVES5,2022,ON
T_HDV_T_DSL_EX,2005,0.563448837,From MOVES5,2023,ON
T_HDV_T_DSL_EX,2005,0.524007418,From MOVES5,2024,ON
T_HDV_T_DSL_EX,2005,0.482086825,From MOVES5,2025,ON
T_HDV_T_DSL_EX,2005,0.443519879,From MOVES5,2026,ON
T_HDV_T_DSL_EX,2005,0.408038288,From MOVES5,2027,ON
T_HDV_T_DSL_EX,2005,0.371314842,From MOVES5,2028,ON
T_HDV_T_DSL_EX,2005,0.337896507,From MOVES5,2029,ON
T_HDV_T_DSL_EX,2005,0.307485821,From MOVES5,2030,ON
T_HDV_T_DSL_EX,2005,0.276737239,From MOVES5,2031,ON
T_HDV_T_DSL_EX,2005,0.249063515,From MOVES5,2032,ON
T_HDV_T_DSL_EX,2005,0.224157163,From MOVES5,2033,ON
T_HDV_T_DSL_EX,2005,0.199499876,From MOVES5,2034,ON
T_HDV_T_DSL_EX,2005,0.177554889,From MOVES5,2035,ON
T_HDV_T_DSL_EX,2005,0.158023851,From MOVES5,2036,ON
T_HDV_T_DSL_EX,2005,0.139060989,From MOVES5,2037,ON
T_HDV_T_DSL_EX,2005,0.122373671,From MOVES5,2038,ON
T_HDV_T_DSL_EX,2005,0.10768883,From MOVES5,2039,ON
T_HDV_T_DSL_EX,2005,0.093689282,From MOVES5,2040,ON
T_HDV_T_DSL_EX,2005,0.081509675,From MOVES5,2041,ON
T_HDV_T_DSL_EX,2005,0.070913418,From MOVES5,2042,ON
T_HDV_T_DSL_EX,2005,0.060985539,From MOVES5,2043,ON
T_HDV_T_DSL_EX,2005,0.052447564,From MOVES5,2044,ON
T_HDV_T_DSL_EX,2005,0.045104905,From MOVES5,2045,ON
T_HDV_T_DSL_EX,2005,0.038339169,From MOVES5,2046,ON
T_HDV_T_DSL_EX,2005,0,From MOVES5,2047,ON
T_HDV_T_DSL_EX,2010,1,From MOVES5,2010,ON
T_HDV_T_DSL_EX,2010,1,From MOVES5,2011,ON
T_HDV_T_DSL_EX,2010,1,From MOVES5,2012,ON
T_HDV_T_DSL_EX,2010,1,From MOVES5,2013,ON
T_HDV_T_DSL_EX,2010,1,From MOVES5,2014,ON
T_HDV_T_DSL_EX,2010,0.99,From MOVES5,2015,ON
T_HDV_T_DSL_EX,2010,0.9702,From MOVES5,2016,ON
T_HDV_T_DSL_EX,2010,0.950796,From MOVES5,2017,ON
T_HDV_T_DSL_EX,2010,0.92227212,From MOVES5,2018,ON
T_HDV_T_DSL_EX,2010,0.894603956,From MOVES5,2019,ON
T_HDV_T_DSL_EX,2010,0.867765838,From MOVES5,2020,ON
T_HDV_T_DSL_EX,2010,0.833055204,From MOVES5,2021,ON
T_HDV_T_DSL_EX,2010,0.799732996,From MOVES5,2022,ON
T_HDV_T_DSL_EX,2010,0.759746346,From MOVES5,2023,ON
T_HDV_T_DSL_EX,2010,0.721759029,From MOVES5,2024,ON
T_HDV_T_DSL_EX,2010,0.685671077,From MOVES5,2025,ON
T_HDV_T_DSL_EX,2010,0.644530813,From MOVES5,2026,ON
T_HDV_T_DSL_EX,2010,0.605858964,From MOVES5,2027,ON
T_HDV_T_DSL_EX,2010,0.563448837,From MOVES5,2028,ON
T_HDV_T_DSL_EX,2010,0.524007418,From MOVES5,2029,ON
T_HDV_T_DSL_EX,2010,0.482086825,From MOVES5,2030,ON
T_HDV_T_DSL_EX,2010,0.443519879,From MOVES5,2031,ON
T_HDV_T_DSL_EX,2010,0.408038288,From MOVES5,2032,ON
T_HDV_T_DSL_EX,2010,0.371314842,From MOVES5,2033,ON
T_HDV_T_DSL_EX,2010,0.337896507,From MOVES5,2034,ON
T_HDV_T_DSL_EX,2010,0.307485821,From MOVES5,2035,ON
T_HDV_T_DSL_EX,2010,0.276737239,From MOVES5,2036,ON
T_HDV_T_DSL_EX,2010,0.249063515,From MOVES5,2037,ON
T_HDV_T_DSL_EX,2010,0.224157163,From MOVES5,2038,ON
T_HDV_T_DSL_EX,2010,0.199499876,From MOVES5,2039,ON
T_HDV_T_DSL_EX,2010,0.177554889,From MOVES5,2040,ON
T_HDV_T_DSL_EX,2010,0.158023851,From MOVES5,2041,ON
T_HDV_T_DSL_EX,2010,0.139060989,From MOVES5,2042,ON
T_HDV_T_DSL_EX,2010,0.122373671,From MOVES5,2043,ON
T_HDV_T_DSL_EX,2010,0.10768883,From MOVES5,2044,ON
T_HDV_T_DSL_EX,2010,0.093689282,From MOVES5,2045,ON
T_HDV_T_DSL_EX,2010,0.081509675,From MOVES5,2046,ON
T_HDV_T_DSL_EX,2010,0.070913418,From MOVES5,2047,ON
T_HDV_T_DSL_EX,2010,0.060985539,From MOVES5,2048,ON
T_HDV_T_DSL_EX,2010,0.052447564,From MOVES5,2049,ON
T_HDV_T_DSL_EX,2010,0.045104905,From MOVES5,2050,ON
T_HDV_T_DSL_EX,2010,0.038339169,From MOVES5,2051,ON
T_HDV_T_DSL_EX,2010,0,From MOVES5,2052,ON
T_HDV_T_DSL_EX,2015,1,From MOVES5,2015,ON
T_HDV_T_DSL_EX,2015,1,From MOVES5,2016,ON
T_HDV_T_DSL_EX,2015,1,From MOVES5,2017,ON
T_HDV_T_DSL_EX,2015,1,From MOVES5,2018,ON
T_HDV_T_DSL_EX,2015,1,From MOVES5,2019,ON
T_HDV_T_DSL_EX,2015,0.99,From MOVES5,2020,ON
T_HDV_T_DSL_EX,2015,0.9702,From MOVES5,2021,ON
T_HDV_T_DSL_EX,2015,0.950796,From MOVES5,2022,ON
T_HDV_T_DSL_EX,2015,0.92227212,From MOVES5,2023,ON
T_HDV_T_DSL_EX,2015,0.894603956,From MOVES5,2024,ON
T_HDV_T_DSL_EX,2015,0.867765838,From MOVES5,2025,ON
T_HDV_T_DSL_EX,2015,0.833055204,From MOVES5,2026,ON
T_HDV_T_DSL_EX,2015,0.799732996,From MOVES5,2027,ON
T_HDV_T_DSL_EX,2015,0.759746346,From MOVES5,2028,ON
T_HDV_T_DSL_EX,2015,0.721759029,From MOVES5,2029,ON
T_HDV_T_DSL_EX,2015,0.685671077,From MOVES5,2030,ON
T_HDV_T_DSL_EX,2015,0.644530813,From MOVES5,2031,ON
T_HDV_T_DSL_EX,2015,0.605858964,From MOVES5,2032,ON
T_HDV_T_DSL_EX,2015,0.563448837,From MOVES5,2033,ON
T_HDV_T_DSL_EX,2015,0.524007418,From MOVES5,2034,ON
T_HDV_T_DSL_EX,2015,0.482086825,From MOVES5,2035,ON
T_HDV_T_DSL_EX,2015,0.443519879,From MOVES5,2036,ON
T_HDV_T_DSL_EX,2015,0.408038288,From MOVES5,2037,ON
T_HDV_T_DSL_EX,2015,0.371314842,From MOVES5,2038,ON
T_HDV_T_DSL_EX,2015,0.337896507,From MOVES5,2039,ON
T_HDV_T_DSL_EX,2015,0.307485821,From MOVES5,2040,ON
T_HDV_T_DSL_EX,2015,0.276737239,From MOVES5,2041,ON
T_HDV_T_DSL_EX,2015,0.249063515,From MOVES5,2042,ON
T_HDV_T_DSL_EX,2015,0.224157163,From MOVES5,2043,ON
T_HDV_T_DSL_EX,2015,0.199499876,From MOVES5,2044,ON
T_HDV_T_DSL_EX,2015,0.177554889,From MOVES5,2045,ON
T_HDV_T_DSL_EX,2015,0.158023851,From MOVES5,2046,ON
T_HDV_T_DSL_EX,2015,0.139060989,From MOVES5,2047,ON
T_HDV_T_DSL_EX,2015,0.122373671,From MOVES5,2048,ON
T_HDV_T_DSL_EX,2015,0.10768883,From MOVES5,2049,ON
T_HDV_T_DSL_EX,2015,0.093689282,From MOVES5,2050,ON
T_HDV_T_DSL_EX,2015,0.081509675,From MOVES5,2051,ON
T_HDV_T_DSL_EX,2015,0.070913418,From MOVES5,2052,ON
T_HDV_T_DSL_EX,2015,0.060985539,From MOVES5,2053,ON
T_HDV_T_DSL_EX,2015,0.052447564,From MOVES5,2054,ON
T_HDV_T_DSL_EX,2015,0.045104905,From MOVES5,2055,ON
T_HDV_T_DSL_EX,2015,0.038339169,From MOVES5,2056,ON
T_HDV_T_DSL_EX,2015,0,From MOVES5,2057,ON
T_HDV_T_DSL_EX,2020,1,From MOVES5,2020,ON
T_HDV_T_DSL_EX,2020,1,From MOVES5,2021,ON
T_HDV_T_DSL_EX,2020,1,From MOVES5,2022,ON
T_HDV_T_DSL_EX,2020,1,From MOVES5,2023,ON
T_HDV_T_DSL_EX,2020,1,From MOVES5,2024,ON
T_HDV_T_DSL_EX,2020,0.99,From MOVES5,2025,ON
T_HDV_T_DSL_EX,2020,0.9702,From MOVES5,2026,ON
T_HDV_T_DSL_EX,2020,0.950796,From MOVES5,2027,ON
T_HDV_T_DSL_EX,2020,0.92227212,From MOVES5,2028,ON
T_HDV_T_DSL_EX,2020,0.894603956,From MOVES5,2029,ON
T_HDV_T_DSL_EX,2020,0.867765838,From MOVES5,2030,ON
T_HDV_T_DSL_EX,2020,0.833055204,From MOVES5,2031,ON
T_HDV_T_DSL_EX,2020,0.799732996,From MOVES5,2032,ON
T_HDV_T_DSL_EX,2020,0.759746346,From MOVES5,2033,ON
T_HDV_T_DSL_EX,2020,0.721759029,From MOVES5,2034,ON
T_HDV_T_DSL_EX,2020,0.685671077,From MOVES5,2035,ON
T_HDV_T_DSL_EX,2020,0.644530813,From MOVES5,2036,ON
T_HDV_T_DSL_EX,2020,0.605858964,From MOVES5,2037,ON
T_HDV_T_DSL_EX,2020,0.563448837,From MOVES5,2038,ON
T_HDV_T_DSL_EX,2020,0.524007418,From MOVES5,2039,ON
T_HDV_T_DSL_EX,2020,0.482086825,From MOVES5,2040,ON
T_HDV_T_DSL_EX,2020,0.443519879,From MOVES5,2041,ON
T_HDV_T_DSL_EX,2020,0.408038288,From MOVES5,2042,ON
T_HDV_T_DSL_EX,2020,0.371314842,From MOVES5,2043,ON
T_HDV_T_DSL_EX,2020,0.337896507,From MOVES5,2044,ON
T_HDV_T_DSL_EX,2020,0.307485821,From MOVES5,2045,ON
T_HDV_T_DSL_EX,2020,0.276737239,From MOVES5,2046,ON
T_HDV_T_DSL_EX,2020,0.249063515,From MOVES5,2047,ON
T_HDV_T_DSL_EX,2020,0.224157163,From MOVES5,2048,ON
T_HDV_T_DSL_EX,2020,0.199499876,From MOVES5,2049,ON
T_HDV_T_DSL_EX,2020,0.177554889,From MOVES5,2050,ON
T_HDV_T_DSL_EX,2020,0.158023851,From MOVES5,2051,ON
T_HDV_T_DSL_EX,2020,0.139060989,From MOVES5,2052,ON
T_HDV_T_DSL_EX,2020,0.122373671,From MOVES5,2053,ON
T_HDV_T_DSL_EX,2020,0.10768883,From MOVES5,2054,ON
T_HDV_T_DSL_EX,2020,0.093689282,From MOVES5,2055,ON
T_HDV_T_DSL_EX,2020,0.081509675,From MOVES5,2056,ON
T_HDV_T_DSL_EX,2020,0.070913418,From MOVES5,2057,ON
T_HDV_T_DSL_EX,2020,0.060985539,From MOVES5,2058,ON
T_HDV_T_DSL_EX,2020,0.052447564,From MOVES5,2059,ON
T_HDV_T_DSL_EX,2020,0.045104905,From MOVES5,2060,ON
T_HDV_T_DSL_EX,2020,0.038339169,From MOVES5,2061,ON
T_HDV_T_DSL_EX,2020,0,From MOVES5,2062,ON
T_HDV_T_DSL_HEV_N,2025,1,From MOVES5,2025,ON
T_HDV_T_DSL_HEV_N,2025,1,From MOVES5,2026,ON
T_HDV_T_DSL_HEV_N,2025,1,From MOVES5,2027,ON
T_HDV_T_DSL_HEV_N,2025,1,From MOVES5,2028,ON
T_HDV_T_DSL_HEV_N,2025,1,From MOVES5,2029,ON
T_HDV_T_DSL_HEV_N,2025,0.99,From MOVES5,2030,ON
T_HDV_T_DSL_HEV_N,2025,0.9702,From MOVES5,2031,ON
T_HDV_T_DSL_HEV_N,2025,0.950796,From MOVES5,2032,ON
T_HDV_T_DSL_HEV_N,2025,0.92227212,From MOVES5,2033,ON
T_HDV_T_DSL_HEV_N,2025,0.894603956,From MOVES5,2034,ON
T_HDV_T_DSL_HEV_N,2025,0.867765838,From MOVES5,2035,ON
T_HDV_T_DSL_HEV_N,2025,0.833055204,From MOVES5,2036,ON
T_HDV_T_DSL_HEV_N,2025,0.799732996,From MOVES5,2037,ON
T_HDV_T_DSL_HEV_N,2025,0.759746346,From MOVES5,2038,ON
T_HDV_T_DSL_HEV_N,2025,0.721759029,From MOVES5,2039,ON
T_HDV_T_DSL_HEV_N,2025,0.685671077,From MOVES5,2040,ON
T_HDV_T_DSL_HEV_N,2025,0.644530813,From MOVES5,2041,ON
T_HDV_T_DSL_HEV_N,2025,0.605858964,From MOVES5,2042,ON
T_HDV_T_DSL_HEV_N,2025,0.563448837,From MOVES5,2043,ON
T_HDV_T_DSL_HEV_N,2025,0.524007418,From MOVES5,2044,ON
T_HDV_T_DSL_HEV_N,2025,0.482086825,From MOVES5,2045,ON
T_HDV_T_DSL_HEV_N,2025,0.443519879,From MOVES5,2046,ON
T_HDV_T_DSL_HEV_N,2025,0.408038288,From MOVES5,2047,ON
T_HDV_T_DSL_HEV_N,2025,0.371314842,From MOVES5,2048,ON
T_HDV_T_DSL_HEV_N,2025,0.337896507,From MOVES5,2049,ON
T_HDV_T_DSL_HEV_N,2025,0.307485821,From MOVES5,2050,ON
T_HDV_T_DSL_HEV_N,2025,0.276737239,From MOVES5,2051,ON
T_HDV_T_DSL_HEV_N,2025,0.249063515,From MOVES5,2052,ON
T_HDV_T_DSL_HEV_N,2025,0.224157163,From MOVES5,2053,ON
T_HDV_T_DSL_HEV_N,2025,0.199499876,From MOVES5,2054,ON
T_HDV_T_DSL_HEV_N,2025,0.177554889,From MOVES5,2055,ON
T_HDV_T_DSL_HEV_N,2025,0.158023851,From MOVES5,2056,ON
T_HDV_T_DSL_HEV_N,2025,0.139060989,From MOVES5,2057,ON
T_HDV_T_DSL_HEV_N,2025,0.122373671,From MOVES5,2058,ON
T_HDV_T_DSL_HEV_N,2025,0.10768883,From MOVES5,2059,ON
T_HDV_T_DSL_HEV_N,2025,0.093689282,From MOVES5,2060,ON
T_HDV_T_DSL_HEV_N,2025,0.081509675,From MOVES5,2061,ON
T_HDV_T_DSL_HEV_N,2025,0.070913418,From MOVES5,2062,ON
T_HDV_T_DSL_HEV_N,2025,0.060985539,From MOVES5,2063,ON
T_HDV_T_DSL_HEV_N,2025,0.052447564,From MOVES5,2064,ON
T_HDV_T_DSL_HEV_N,2025,0.045104905,From MOVES5,2065,ON
T_HDV_T_DSL_HEV_N,2025,0.038339169,From MOVES5,2066,ON
T_HDV_T_DSL_HEV_N,2025,0,From MOVES5,2067,ON
T_HDV_T_DSL_HEV_N,2030,1,From MOVES5,2030,ON
T_HDV_T_DSL_HEV_N,2030,1,From MOVES5,2031,ON
T_HDV_T_DSL_HEV_N,2030,1,From MOVES5,2032,ON
T_HDV_T_DSL_HEV_N,2030,1,From MOVES5,2033,ON
T_HDV_T_DSL_HEV_N,2030,1,From MOVES5,2034,ON
T_HDV_T_DSL_HEV_N,2030,0.99,From MOVES5,2035,ON
T_HDV_T_DSL_HEV_N,2030,0.9702,From MOVES5,2036,ON
T_HDV_T_DSL_HEV_N,2030,0.950796,From MOVES5,2037,ON
T_HDV_T_DSL_HEV_N,2030,0.92227212,From MOVES5,2038,ON
T_HDV_T_DSL_HEV_N,2030,0.894603956,From MOVES5,2039,ON
T_HDV_T_DSL_HEV_N,2030,0.867765838,From MOVES5,2040,ON
T_HDV_T_DSL_HEV_N,2030,0.833055204,From MOVES5,2041,ON
T_HDV_T_DSL_HEV_N,2030,0.799732996,From MOVES5,2042,ON
T_HDV_T_DSL_HEV_N,2030,0.759746346,From MOVES5,2043,ON
T_HDV_T_DSL_HEV_N,2030,0.721759029,From MOVES5,2044,ON
T_HDV_T_DSL_HEV_N,2030,0.685671077,From MOVES5,2045,ON
T_HDV_T_DSL_HEV_N,2030,0.644530813,From MOVES5,2046,ON
T_HDV_T_DSL_HEV_N,2030,0.605858964,From MOVES5,2047,ON
T_HDV_T_DSL_HEV_N,2030,0.563448837,From MOVES5,2048,ON
T_HDV_T_DSL_HEV_N,2030,0.524007418,From MOVES5,2049,ON
T_HDV_T_DSL_HEV_N,2030,0.482086825,From MOVES5,2050,ON
T_HDV_T_DSL_HEV_N,2030,0.443519879,From MOVES5,2051,ON
T_HDV_T_DSL_HEV_N,2030,0.408038288,From MOVES5,2052,ON
T_HDV_T_DSL_HEV_N,2030,0.371314842,From MOVES5,2053,ON
T_HDV_T_DSL_HEV_N,2030,0.337896507,From MOVES5,2054,ON
T_HDV_T_DSL_HEV_N,2030,0.307485821,From MOVES5,2055,ON
T_HDV_T_DSL_HEV_N,2030,0.276737239,From MOVES5,2056,ON
T_HDV_T_DSL_HEV_N,2030,0.249063515,From MOVES5,2057,ON
T_HDV_T_DSL_HEV_N,2030,0.224157163,From MOVES5,2058,ON
T_HDV_T_DSL_HEV_N,2030,0.199499876,From MOVES5,2059,ON
T_HDV_T_DSL_HEV_N,2030,0.177554889,From MOVES5,2060,ON
T_HDV_T_DSL_HEV_N,2030,0.158023851,From MOVES5,2061,ON
T_HDV_T_DSL_HEV_N,2030,0.139060989,From MOVES5,2062,ON
T_HDV_T_DSL_HEV_N,2030,0.122373671,From MOVES5,2063,ON
T_HDV_T_DSL_HEV_N,2030,0.10768883,From MOVES5,2064,ON
T_HDV_T_DSL_HEV_N,2030,0.093689282,From MOVES5,2065,ON
T_HDV_T_DSL_HEV_N,2030,0.081509675,From MOVES5,2066,ON
T_HDV_T_DSL_HEV_N,2030,0.070913418,From MOVES5,2067,ON
T_HDV_T_DSL_HEV_N,2030,0.060985539,From MOVES5,2068,ON
T_HDV_T_DSL_HEV_N,2030,0.052447564,From MOVES5,2069,ON
T_HDV_T_DSL_HEV_N,2030,0.045104905,From MOVES5,2070,ON
T_HDV_T_DSL_HEV_N,2030,0.038339169,From MOVES5,2071,ON
T_HDV_T_DSL_HEV_N,2030,0,From MOVES5,2072,ON
T_HDV_T_DSL_HEV_N,2035,1,From MOVES5,2035,ON
T_HDV_T_DSL_HEV_N,2035,1,From MOVES5,2036,ON
T_HDV_T_DSL_HEV_N,2035,1,From MOVES5,2037,ON
T_HDV_T_DSL_HEV_N,2035,1,From MOVES5,2038,ON
T_HDV_T_DSL_HEV_N,2035,1,From MOVES5,2039,ON
T_HDV_T_DSL_HEV_N,2035,0.99,From MOVES5,2040,ON
T_HDV_T_DSL_HEV_N,2035,0.9702,From MOVES5,2041,ON
T_HDV_T_DSL_HEV_N,2035,0.950796,From MOVES5,2042,ON
T_HDV_T_DSL_HEV_N,2035,0.92227212,From MOVES5,2043,ON
T_HDV_T_DSL_HEV_N,2035,0.894603956,From MOVES5,2044,ON
T_HDV_T_DSL_HEV_N,2035,0.867765838,From MOVES5,2045,ON
T_HDV_T_DSL_HEV_N,2035,0.833055204,From MOVES5,2046,ON
T_HDV_T_DSL_HEV_N,2035,0.799732996,From MOVES5,2047,ON
T_HDV_T_DSL_HEV_N,2035,0.759746346,From MOVES5,2048,ON
T_HDV_T_DSL_HEV_N,2035,0.721759029,From MOVES5,2049,ON
T_HDV_T_DSL_HEV_N,2035,0.685671077,From MOVES5,2050,ON
T_HDV_T_DSL_HEV_N,2035,0.644530813,From MOVES5,2051,ON
T_HDV_T_DSL_HEV_N,2035,0.605858964,From MOVES5,2052,ON
T_HDV_T_DSL_HEV_N,2035,0.563448837,From MOVES5,2053,ON
T_HDV_T_DSL_HEV_N,2035,0.524007418,From MOVES5,2054,ON
T_HDV_T_DSL_HEV_N,2035,0.482086825,From MOVES5,2055,ON
T_HDV_T_DSL_HEV_N,2035,0.443519879,From MOVES5,2056,ON
T_HDV_T_DSL_HEV_N,2035,0.408038288,From MOVES5,2057,ON
T_HDV_T_DSL_HEV_N,2035,0.371314842,From MOVES5,2058,ON
T_HDV_T_DSL_HEV_N,2035,0.337896507,From MOVES5,2059,ON
T_HDV_T_DSL_HEV_N,2035,0.307485821,From MOVES5,2060,ON
T_HDV_T_DSL_HEV_N,2035,0.276737239,From MOVES5,2061,ON
T_HDV_T_DSL_HEV_N,2035,0.249063515,From MOVES5,2062,ON
T_HDV_T_DSL_HEV_N,2035,0.224157163,From MOVES5,2063,ON
T_HDV_T_DSL_HEV_N,2035,0.199499876,From MOVES5,2064,ON
T_HDV_T_DSL_HEV_N,2035,0.177554889,From MOVES5,2065,ON
T_HDV_T_DSL_HEV_N,2035,0.158023851,From MOVES5,2066,ON
T_HDV_T_DSL_HEV_N,2035,0.139060989,From MOVES5,2067,ON
T_HDV_T_DSL_HEV_N,2035,0.122373671,From MOVES5,2068,ON
T_HDV_T_DSL_HEV_N,2035,0.10768883,From MOVES5,2069,ON
T_HDV_T_DSL_HEV_N,2035,0.093689282,From MOVES5,2070,ON
T_HDV_T_DSL_HEV_N,2035,0.081509675,From MOVES5,2071,ON
T_HDV_T_DSL_HEV_N,2035,0.070913418,From MOVES5,2072,ON
T_HDV_T_DSL_HEV_N,2035,0.060985539,From MOVES5,2073,ON
T_HDV_T_DSL_HEV_N,2035,0.052447564,From MOVES5,2074,ON
T_HDV_T_DSL_HEV_N,2035,0.045104905,From MOVES5,2075,ON
T_HDV_T_DSL_HEV_N,2035,0.038339169,From MOVES5,2076,ON
T_HDV_T_DSL_HEV_N,2035,0,From MOVES5,2077,ON
T_HDV_T_DSL_HEV_N,2040,1,From MOVES5,2040,ON
T_HDV_T_DSL_HEV_N,2040,1,From MOVES5,2041,ON
T_HDV_T_DSL_HEV_N,2040,1,From MOVES5,2042,ON
T_HDV_T_DSL_HEV_N,2040,1,From MOVES5,2043,ON
T_HDV_T_DSL_HEV_N,2040,1,From MOVES5,2044,ON
T_HDV_T_DSL_HEV_N,2040,0.99,From MOVES5,2045,ON
T_HDV_T_DSL_HEV_N,2040,0.9702,From MOVES5,2046,ON
T_HDV_T_DSL_HEV_N,2040,0.950796,From MOVES5,2047,ON
T_HDV_T_DSL_HEV_N,2040,0.92227212,From MOVES5,2048,ON
T_HDV_T_DSL_HEV_N,2040,0.894603956,From MOVES5,2049,ON
T_HDV_T_DSL_HEV_N,2040,0.867765838,From MOVES5,2050,ON
T_HDV_T_DSL_HEV_N,2040,0.833055204,From MOVES5,2051,ON
T_HDV_T_DSL_HEV_N,2040,0.799732996,From MOVES5,2052,ON
T_HDV_T_DSL_HEV_N,2040,0.759746346,From MOVES5,2053,ON
T_HDV_T_DSL_HEV_N,2040,0.721759029,From MOVES5,2054,ON
T_HDV_T_DSL_HEV_N,2040,0.685671077,From MOVES5,2055,ON
T_HDV_T_DSL_HEV_N,2040,0.644530813,From MOVES5,2056,ON
T_HDV_T_DSL_HEV_N,2040,0.605858964,From MOVES5,2057,ON
T_HDV_T_DSL_HEV_N,2040,0.563448837,From MOVES5,2058,ON
T_HDV_T_DSL_HEV_N,2040,0.524007418,From MOVES5,2059,ON
T_HDV_T_DSL_HEV_N,2040,0.482086825,From MOVES5,2060,ON
T_HDV_T_DSL_HEV_N,2040,0.443519879,From MOVES5,2061,ON
T_HDV_T_DSL_HEV_N,2040,0.408038288,From MOVES5,2062,ON
T_HDV_T_DSL_HEV_N,2040,0.371314842,From MOVES5,2063,ON
T_HDV_T_DSL_HEV_N,2040,0.337896507,From MOVES5,2064,ON
T_HDV_T_DSL_HEV_N,2040,0.307485821,From MOVES5,2065,ON
T_HDV_T_DSL_HEV_N,2040,0.276737239,From MOVES5,2066,ON
T_HDV_T_DSL_HEV_N,2040,0.249063515,From MOVES5,2067,ON
T_HDV_T_DSL_HEV_N,2040,0.224157163,From MOVES5,2068,ON
T_HDV_T_DSL_HEV_N,2040,0.199499876,From MOVES5,2069,ON
T_HDV_T_DSL_HEV_N,2040,0.177554889,From MOVES5,2070,ON
T_HDV_T_DSL_HEV_N,2040,0.158023851,From MOVES5,2071,ON
T_HDV_T_DSL_HEV_N,2040,0.139060989,From MOVES5,2072,ON
T_HDV_T_DSL_HEV_N,2040,0.122373671,From MOVES5,2073,ON
T_HDV_T_DSL_HEV_N,2040,0.10768883,From MOVES5,2074,ON
T_HDV_T_DSL_HEV_N,2040,0.093689282,From MOVES5,2075,ON
T_HDV_T_DSL_HEV_N,2040,0.081509675,From MOVES5,2076,ON
T_HDV_T_DSL_HEV_N,2040,0.070913418,From MOVES5,2077,ON
T_HDV_T_DSL_HEV_N,2040,0.060985539,From MOVES5,2078,ON
T_HDV_T_DSL_HEV_N,2040,0.052447564,From MOVES5,2079,ON
T_HDV_T_DSL_HEV_N,2040,0.045104905,From MOVES5,2080,ON
T_HDV_T_DSL_HEV_N,2040,0.038339169,From MOVES5,2081,ON
T_HDV_T_DSL_HEV_N,2040,0,From MOVES5,2082,ON
T_HDV_T_DSL_HEV_N,2045,1,From MOVES5,2045,ON
T_HDV_T_DSL_HEV_N,2045,1,From MOVES5,2046,ON
T_HDV_T_DSL_HEV_N,2045,1,From MOVES5,2047,ON
T_HDV_T_DSL_HEV_N,2045,1,From MOVES5,2048,ON
T_HDV_T_DSL_HEV_N,2045,1,From MOVES5,2049,ON
T_HDV_T_DSL_HEV_N,2045,0.99,From MOVES5,2050,ON
T_HDV_T_DSL_HEV_N,2045,0.9702,From MOVES5,2051,ON
T_HDV_T_DSL_HEV_N,2045,0.950796,From MOVES5,2052,ON
T_HDV_T_DSL_HEV_N,2045,0.92227212,From MOVES5,2053,ON
T_HDV_T_DSL_HEV_N,2045,0.894603956,From MOVES5,2054,ON
T_HDV_T_DSL_HEV_N,2045,0.867765838,From MOVES5,2055,ON
T_HDV_T_DSL_HEV_N,2045,0.833055204,From MOVES5,2056,ON
T_HDV_T_DSL_HEV_N,2045,0.799732996,From MOVES5,2057,ON
T_HDV_T_DSL_HEV_N,2045,0.759746346,From MOVES5,2058,ON
T_HDV_T_DSL_HEV_N,2045,0.721759029,From MOVES5,2059,ON
T_HDV_T_DSL_HEV_N,2045,0.685671077,From MOVES5,2060,ON
T_HDV_T_DSL_HEV_N,2045,0.644530813,From MOVES5,2061,ON
T_HDV_T_DSL_HEV_N,2045,0.605858964,From MOVES5,2062,ON
T_HDV_T_DSL_HEV_N,2045,0.563448837,From MOVES5,2063,ON
T_HDV_T_DSL_HEV_N,2045,0.524007418,From MOVES5,2064,ON
T_HDV_T_DSL_HEV_N,2045,0.482086825,From MOVES5,2065,ON
T_HDV_T_DSL_HEV_N,2045,0.443519879,From MOVES5,2066,ON
T_HDV_T_DSL_HEV_N,2045,0.408038288,From MOVES5,2067,ON
T_HDV_T_DSL_HEV_N,2045,0.371314842,From MOVES5,2068,ON
T_HDV_T_DSL_HEV_N,2045,0.337896507,From MOVES5,2069,ON
T_HDV_T_DSL_HEV_N,2045,0.307485821,From MOVES5,2070,ON
T_HDV_T_DSL_HEV_N,2045,0.276737239,From MOVES5,2071,ON
T_HDV_T_DSL_HEV_N,2045,0.249063515,From MOVES5,2072,ON
T_HDV_T_DSL_HEV_N,2045,0.224157163,From MOVES5,2073,ON
T_HDV_T_DSL_HEV_N,2045,0.199499876,From MOVES5,2074,ON
T_HDV_T_DSL_HEV_N,2045,0.177554889,From MOVES5,2075,ON
T_HDV_T_DSL_HEV_N,2045,0.158023851,From MOVES5,2076,ON
T_HDV_T_DSL_HEV_N,2045,0.139060989,From MOVES5,2077,ON
T_HDV_T_DSL_HEV_N,2045,0.122373671,From MOVES5,2078,ON
T_HDV_T_DSL_HEV_N,2045,0.10768883,From MOVES5,2079,ON
T_HDV_T_DSL_HEV_N,2045,0.093689282,From MOVES5,2080,ON
T_HDV_T_DSL_HEV_N,2045,0.081509675,From MOVES5,2081,ON
T_HDV_T_DSL_HEV_N,2045,0.070913418,From MOVES5,2082,ON
T_HDV_T_DSL_HEV_N,2045,0.060985539,From MOVES5,2083,ON
T_HDV_T_DSL_HEV_N,2045,0.052447564,From MOVES5,2084,ON
T_HDV_T_DSL_HEV_N,2045,0.045104905,From MOVES5,2085,ON
T_HDV_T_DSL_HEV_N,2045,0.038339169,From MOVES5,2086,ON
T_HDV_T_DSL_HEV_N,2045,0,From MOVES5,2087,ON
T_HDV_T_DSL_HEV_N,2050,1,From MOVES5,2050,ON
T_HDV_T_DSL_HEV_N,2050,1,From MOVES5,2051,ON
T_HDV_T_DSL_HEV_N,2050,1,From MOVES5,2052,ON
T_HDV_T_DSL_HEV_N,2050,1,From MOVES5,2053,ON
T_HDV_T_DSL_HEV_N,2050,1,From MOVES5,2054,ON
T_HDV_T_DSL_HEV_N,2050,0.99,From MOVES5,2055,ON
T_HDV_T_DSL_HEV_N,2050,0.9702,From MOVES5,2056,ON
T_HDV_T_DSL_HEV_N,2050,0.950796,From MOVES5,2057,ON
T_HDV_T_DSL_HEV_N,2050,0.92227212,From MOVES5,2058,ON
T_HDV_T_DSL_HEV_N,2050,0.894603956,From MOVES5,2059,ON
T_HDV_T_DSL_HEV_N,2050,0.867765838,From MOVES5,2060,ON
T_HDV_T_DSL_HEV_N,2050,0.833055204,From MOVES5,2061,ON
T_HDV_T_DSL_HEV_N,2050,0.799732996,From MOVES5,2062,ON
T_HDV_T_DSL_HEV_N,2050,0.759746346,From MOVES5,2063,ON
T_HDV_T_DSL_HEV_N,2050,0.721759029,From MOVES5,2064,ON
T_HDV_T_DSL_HEV_N,2050,0.685671077,From MOVES5,2065,ON
T_HDV_T_DSL_HEV_N,2050,0.644530813,From MOVES5,2066,ON
T_HDV_T_DSL_HEV_N,2050,0.605858964,From MOVES5,2067,ON
T_HDV_T_DSL_HEV_N,2050,0.563448837,From MOVES5,2068,ON
T_HDV_T_DSL_HEV_N,2050,0.524007418,From MOVES5,2069,ON
T_HDV_T_DSL_HEV_N,2050,0.482086825,From MOVES5,2070,ON
T_HDV_T_DSL_HEV_N,2050,0.443519879,From MOVES5,2071,ON
T_HDV_T_DSL_HEV_N,2050,0.408038288,From MOVES5,2072,ON
T_HDV_T_DSL_HEV_N,2050,0.371314842,From MOVES5,2073,ON
T_HDV_T_DSL_HEV_N,2050,0.337896507,From MOVES5,2074,ON
T_HDV_T_DSL_HEV_N,2050,0.307485821,From MOVES5,2075,ON
T_HDV_T_DSL_HEV_N,2050,0.276737239,From MOVES5,2076,ON
T_HDV_T_DSL_HEV_N,2050,0.249063515,From MOVES5,2077,ON
T_HDV_T_DSL_HEV_N,2050,0.224157163,From MOVES5,2078,ON
T_HDV_T_DSL_HEV_N,2050,0.199499876,From MOVES5,2079,ON
T_HDV_T_DSL_HEV_N,2050,0.177554889,From MOVES5,2080,ON
T_HDV_T_DSL_HEV_N,2050,0.158023851,From MOVES5,2081,ON
T_HDV_T_DSL_HEV_N,2050,0.139060989,From MOVES5,2082,ON
T_HDV_T_DSL_HEV_N,2050,0.122373671,From MOVES5,2083,ON
T_HDV_T_DSL_HEV_N,2050,0.10768883,From MOVES5,2084,ON
T_HDV_T_DSL_HEV_N,2050,0.093689282,From MOVES5,2085,ON
T_HDV_T_DSL_HEV_N,2050,0.081509675,From MOVES5,2086,ON
T_HDV_T_DSL_HEV_N,2050,0.070913418,From MOVES5,2087,ON
T_HDV_T_DSL_HEV_N,2050,0.060985539,From MOVES5,2088,ON
T_HDV_T_DSL_HEV_N,2050,0.052447564,From MOVES5,2089,ON
T_HDV_T_DSL_HEV_N,2050,0.045104905,From MOVES5,2090,ON
T_HDV_T_DSL_HEV_N,2050,0.038339169,From MOVES5,2091,ON
T_HDV_T_DSL_HEV_N,2050,0,From MOVES5,2092,ON
T_HDV_T_DSL_N,2025,1,From MOVES5,2025,ON
T_HDV_T_DSL_N,2025,1,From MOVES5,2026,ON
T_HDV_T_DSL_N,2025,1,From MOVES5,2027,ON
T_HDV_T_DSL_N,2025,1,From MOVES5,2028,ON
T_HDV_T_DSL_N,2025,1,From MOVES5,2029,ON
T_HDV_T_DSL_N,2025,0.99,From MOVES5,2030,ON
T_HDV_T_DSL_N,2025,0.9702,From MOVES5,2031,ON
T_HDV_T_DSL_N,2025,0.950796,From MOVES5,2032,ON
T_HDV_T_DSL_N,2025,0.92227212,From MOVES5,2033,ON
T_HDV_T_DSL_N,2025,0.894603956,From MOVES5,2034,ON
T_HDV_T_DSL_N,2025,0.867765838,From MOVES5,2035,ON
T_HDV_T_DSL_N,2025,0.833055204,From MOVES5,2036,ON
T_HDV_T_DSL_N,2025,0.799732996,From MOVES5,2037,ON
T_HDV_T_DSL_N,2025,0.759746346,From MOVES5,2038,ON
T_HDV_T_DSL_N,2025,0.721759029,From MOVES5,2039,ON
T_HDV_T_DSL_N,2025,0.685671077,From MOVES5,2040,ON
T_HDV_T_DSL_N,2025,0.644530813,From MOVES5,2041,ON
T_HDV_T_DSL_N,2025,0.605858964,From MOVES5,2042,ON
T_HDV_T_DSL_N,2025,0.563448837,From MOVES5,2043,ON
T_HDV_T_DSL_N,2025,0.524007418,From MOVES5,2044,ON
T_HDV_T_DSL_N,2025,0.482086825,From MOVES5,2045,ON
T_HDV_T_DSL_N,2025,0.443519879,From MOVES5,2046,ON
T_HDV_T_DSL_N,2025,0.408038288,From MOVES5,2047,ON
T_HDV_T_DSL_N,2025,0.371314842,From MOVES5,2048,ON
T_HDV_T_DSL_N,2025,0.337896507,From MOVES5,2049,ON
T_HDV_T_DSL_N,2025,0.307485821,From MOVES5,2050,ON
T_HDV_T_DSL_N,2025,0.276737239,From MOVES5,2051,ON
T_HDV_T_DSL_N,2025,0.249063515,From MOVES5,2052,ON
T_HDV_T_DSL_N,2025,0.224157163,From MOVES5,2053,ON
T_HDV_T_DSL_N,2025,0.199499876,From MOVES5,2054,ON
T_HDV_T_DSL_N,2025,0.177554889,From MOVES5,2055,ON
T_HDV_T_DSL_N,2025,0.158023851,From MOVES5,2056,ON
T_HDV_T_DSL_N,2025,0.139060989,From MOVES5,2057,ON
T_HDV_T_DSL_N,2025,0.122373671,From MOVES5,2058,ON
T_HDV_T_DSL_N,2025,0.10768883,From MOVES5,2059,ON
T_HDV_T_DSL_N,2025,0.093689282,From MOVES5,2060,ON
T_HDV_T_DSL_N,2025,0.081509675,From MOVES5,2061,ON
T_HDV_T_DSL_N,2025,0.070913418,From MOVES5,2062,ON
T_HDV_T_DSL_N,2025,0.060985539,From MOVES5,2063,ON
T_HDV_T_DSL_N,2025,0.052447564,From MOVES5,2064,ON
T_HDV_T_DSL_N,2025,0.045104905,From MOVES5,2065,ON
T_HDV_T_DSL_N,2025,0.038339169,From MOVES5,2066,ON
T_HDV_T_DSL_N,2025,0,From MOVES5,2067,ON
T_HDV_T_DSL_N,2030,1,From MOVES5,2030,ON
T_HDV_T_DSL_N,2030,1,From MOVES5,2031,ON
T_HDV_T_DSL_N,2030,1,From MOVES5,2032,ON
T_HDV_T_DSL_N,2030,1,From MOVES5,2033,ON
T_HDV_T_DSL_N,2030,1,From MOVES5,2034,ON
T_HDV_T_DSL_N,2030,0.99,From MOVES5,2035,ON
T_HDV_T_DSL_N,2030,0.9702,From MOVES5,2036,ON
T_HDV_T_DSL_N,2030,0.950796,From MOVES5,2037,ON
T_HDV_T_DSL_N,2030,0.92227212,From MOVES5,2038,ON
T_HDV_T_DSL_N,2030,0.894603956,From MOVES5,2039,ON
T_HDV_T_DSL_N,2030,0.867765838,From MOVES5,2040,ON
T_HDV_T_DSL_N,2030,0.833055204,From MOVES5,2041,ON
T_HDV_T_DSL_N,2030,0.799732996,From MOVES5,2042,ON
T_HDV_T_DSL_N,2030,0.759746346,From MOVES5,2043,ON
T_HDV_T_DSL_N,2030,0.721759029,From MOVES5,2044,ON
T_HDV_T_DSL_N,2030,0.685671077,From MOVES5,2045,ON
T_HDV_T_DSL_N,2030,0.644530813,From MOVES5,2046,ON
T_HDV_T_DSL_N,2030,0.605858964,From MOVES5,2047,ON
T_HDV_T_DSL_N,2030,0.563448837,From MOVES5,2048,ON
T_HDV_T_DSL_N,2030,0.524007418,From MOVES5,2049,ON
T_HDV_T_DSL_N,2030,0.482086825,From MOVES5,2050,ON
T_HDV_T_DSL_N,2030,0.443519879,From MOVES5,2051,ON
T_HDV_T_DSL_N,2030,0.408038288,From MOVES5,2052,ON
T_HDV_T_DSL_N,2030,0.371314842,From MOVES5,2053,ON
T_HDV_T_DSL_N,2030,0.337896507,From MOVES5,2054,ON
T_HDV_T_DSL_N,2030,0.307485821,From MOVES5,2055,ON
T_HDV_T_DSL_N,2030,0.276737239,From MOVES5,2056,ON
T_HDV_T_DSL_N,2030,0.249063515,From MOVES5,2057,ON
T_HDV_T_DSL_N,2030,0.224157163,From MOVES5,2058,ON
T_HDV_T_DSL_N,2030,0.199499876,From MOVES5,2059,ON
T_HDV_T_DSL_N,2030,0.177554889,From MOVES5,2060,ON
T_HDV_T_DSL_N,2030,0.158023851,From MOVES5,2061,ON
T_HDV_T_DSL_N,2030,0.139060989,From MOVES5,2062,ON
T_HDV_T_DSL_N,2030,0.122373671,From MOVES5,2063,ON
T_HDV_T_DSL_N,2030,0.10768883,From MOVES5,2064,ON
T_HDV_T_DSL_N,2030,0.093689282,From MOVES5,2065,ON
T_HDV_T_DSL_N,2030,0.081509675,From MOVES5,2066,ON
T_HDV_T_DSL_N,2030,0.070913418,From MOVES5,2067,ON
T_HDV_T_DSL_N,2030,0.060985539,From MOVES5,2068,ON
T_HDV_T_DSL_N,2030,0.052447564,From MOVES5,2069,ON
T_HDV_T_DSL_N,2030,0.045104905,From MOVES5,2070,ON
T_HDV_T_DSL_N,2030,0.038339169,From MOVES5,2071,ON
T_HDV_T_DSL_N,2030,0,From MOVES5,2072,ON
T_HDV_T_DSL_N,2035,1,From MOVES5,2035,ON
T_HDV_T_DSL_N,2035,1,From MOVES5,2036,ON
T_HDV_T_DSL_N,2035,1,From MOVES5,2037,ON
T_HDV_T_DSL_N,2035,1,From MOVES5,2038,ON
T_HDV_T_DSL_N,2035,1,From MOVES5,2039,ON
T_HDV_T_DSL_N,2035,0.99,From MOVES5,2040,ON
T_HDV_T_DSL_N,2035,0.9702,From MOVES5,2041,ON
T_HDV_T_DSL_N,2035,0.950796,From MOVES5,2042,ON
T_HDV_T_DSL_N,2035,0.92227212,From MOVES5,2043,ON
T_HDV_T_DSL_N,2035,0.894603956,From MOVES5,2044,ON
T_HDV_T_DSL_N,2035,0.867765838,From MOVES5,2045,ON
T_HDV_T_DSL_N,2035,0.833055204,From MOVES5,2046,ON
T_HDV_T_DSL_N,2035,0.799732996,From MOVES5,2047,ON
T_HDV_T_DSL_N,2035,0.759746346,From MOVES5,2048,ON
T_HDV_T_DSL_N,2035,0.721759029,From MOVES5,2049,ON
T_HDV_T_DSL_N,2035,0.685671077,From MOVES5,2050,ON
T_HDV_T_DSL_N,2035,0.644530813,From MOVES5,2051,ON
T_HDV_T_DSL_N,2035,0.605858964,From MOVES5,2052,ON
T_HDV_T_DSL_N,2035,0.563448837,From MOVES5,2053,ON
T_HDV_T_DSL_N,2035,0.524007418,From MOVES5,2054,ON
T_HDV_T_DSL_N,2035,0.482086825,From MOVES5,2055,ON
T_HDV_T_DSL_N,2035,0.443519879,From MOVES5,2056,ON
T_HDV_T_DSL_N,2035,0.408038288,From MOVES5,2057,ON
T_HDV_T_DSL_N,2035,0.371314842,From MOVES5,2058,ON
T_HDV_T_DSL_N,2035,0.337896507,From MOVES5,2059,ON
T_HDV_T_DSL_N,2035,0.307485821,From MOVES5,2060,ON
T_HDV_T_DSL_N,2035,0.276737239,From MOVES5,2061,ON
T_HDV_T_DSL_N,2035,0.249063515,From MOVES5,2062,ON
T_HDV_T_DSL_N,2035,0.224157163,From MOVES5,2063,ON
T_HDV_T_DSL_N,2035,0.199499876,From MOVES5,2064,ON
T_HDV_T_DSL_N,2035,0.177554889,From MOVES5,2065,ON
T_HDV_T_DSL_N,2035,0.158023851,From MOVES5,2066,ON
T_HDV_T_DSL_N,2035,0.139060989,From MOVES5,2067,ON
T_HDV_T_DSL_N,2035,0.122373671,From MOVES5,2068,ON
T_HDV_T_DSL_N,2035,0.10768883,From MOVES5,2069,ON
T_HDV_T_DSL_N,2035,0.093689282,From MOVES5,2070,ON
T_HDV_T_DSL_N,2035,0.081509675,From MOVES5,2071,ON
T_HDV_T_DSL_N,2035,0.070913418,From MOVES5,2072,ON
T_HDV_T_DSL_N,2035,0.060985539,From MOVES5,2073,ON
T_HDV_T_DSL_N,2035,0.052447564,From MOVES5,2074,ON
T_HDV_T_DSL_N,2035,0.045104905,From MOVES5,2075,ON
T_HDV_T_DSL_N,2035,0.038339169,From MOVES5,2076,ON
T_HDV_T_DSL_N,2035,0,From MOVES5,2077,ON
T_HDV_T_DSL_N,2040,1,From MOVES5,2040,ON
T_HDV_T_DSL_N,2040,1,From MOVES5,2041,ON
T_HDV_T_DSL_N,2040,1,From MOVES5,2042,ON
T_HDV_T_DSL_N,2040,1,From MOVES5,2043,ON
T_HDV_T_DSL_N,2040,1,From MOVES5,2044,ON
T_HDV_T_DSL_N,2040,0.99,From MOVES5,2045,ON
T_HDV_T_DSL_N,2040,0.9702,From MOVES5,2046,ON
T_HDV_T_DSL_N,2040,0.950796,From MOVES5,2047,ON
T_HDV_T_DSL_N,2040,0.92227212,From MOVES5,2048,ON
T_HDV_T_DSL_N,2040,0.894603956,From MOVES5,2049,ON
T_HDV_T_DSL_N,2040,0.867765838,From MOVES5,2050,ON
T_HDV_T_DSL_N,2040,0.833055204,From MOVES5,2051,ON
T_HDV_T_DSL_N,2040,0.799732996,From MOVES5,2052,ON
T_HDV_T_DSL_N,2040,0.759746346,From MOVES5,2053,ON
T_HDV_T_DSL_N,2040,0.721759029,From MOVES5,2054,ON
T_HDV_T_DSL_N,2040,0.685671077,From MOVES5,2055,ON
T_HDV_T_DSL_N,2040,0.644530813,From MOVES5,2056,ON
T_HDV_T_DSL_N,2040,0.605858964,From MOVES5,2057,ON
T_HDV_T_DSL_N,2040,0.563448837,From MOVES5,2058,ON
T_HDV_T_DSL_N,2040,0.524007418,From MOVES5,2059,ON
T_HDV_T_DSL_N,2040,0.482086825,From MOVES5,2060,ON
T_HDV_T_DSL_N,2040,0.443519879,From MOVES5,2061,ON
T_HDV_T_DSL_N,2040,0.408038288,From MOVES5,2062,ON
T_HDV_T_DSL_N,2040,0.371314842,From MOVES5,2063,ON
T_HDV_T_DSL_N,2040,0.337896507,From MOVES5,2064,ON
T_HDV_T_DSL_N,2040,0.307485821,From MOVES5,2065,ON
T_HDV_T_DSL_N,2040,0.276737239,From MOVES5,2066,ON
T_HDV_T_DSL_N,2040,0.249063515,From MOVES5,2067,ON
T_HDV_T_DSL_N,2040,0.224157163,From MOVES5,2068,ON
T_HDV_T_DSL_N,2040,0.199499876,From MOVES5,2069,ON
T_HDV_T_DSL_N,2040,0.177554889,From MOVES5,2070,ON
T_HDV_T_DSL_N,2040,0.158023851,From MOVES5,2071,ON
T_HDV_T_DSL_N,2040,0.139060989,From MOVES5,2072,ON
T_HDV_T_DSL_N,2040,0.122373671,From MOVES5,2073,ON
T_HDV_T_DSL_N,2040,0.10768883,From MOVES5,2074,ON
T_HDV_T_DSL_N,2040,0.093689282,From MOVES5,2075,ON
T_HDV_T_DSL_N,2040,0.081509675,From MOVES5,2076,ON
T_HDV_T_DSL_N,2040,0.070913418,From MOVES5,2077,ON
T_HDV_T_DSL_N,2040,0.060985539,From MOVES5,2078,ON
T_HDV_T_DSL_N,2040,0.052447564,From MOVES5,2079,ON
T_HDV_T_DSL_N,2040,0.045104905,From MOVES5,2080,ON
T_HDV_T_DSL_N,2040,0.038339169,From MOVES5,2081,ON
T_HDV_T_DSL_N,2040,0,From MOVES5,2082,ON
T_HDV_T_DSL_N,2045,1,From MOVES5,2045,ON
T_HDV_T_DSL_N,2045,1,From MOVES5,2046,ON
T_HDV_T_DSL_N,2045,1,From MOVES5,2047,ON
T_HDV_T_DSL_N,2045,1,From MOVES5,2048,ON
T_HDV_T_DSL_N,2045,1,From MOVES5,2049,ON
T_HDV_T_DSL_N,2045,0.99,From MOVES5,2050,ON
T_HDV_T_DSL_N,2045,0.9702,From MOVES5,2051,ON
T_HDV_T_DSL_N,2045,0.950796,From MOVES5,2052,ON
T_HDV_T_DSL_N,2045,0.92227212,From MOVES5,2053,ON
T_HDV_T_DSL_N,2045,0.894603956,From MOVES5,2054,ON
T_HDV_T_DSL_N,2045,0.867765838,From MOVES5,2055,ON
T_HDV_T_DSL_N,2045,0.833055204,From MOVES5,2056,ON
T_HDV_T_DSL_N,2045,0.799732996,From MOVES5,2057,ON
T_HDV_T_DSL_N,2045,0.759746346,From MOVES5,2058,ON
T_HDV_T_DSL_N,2045,0.721759029,From MOVES5,2059,ON
T_HDV_T_DSL_N,2045,0.685671077,From MOVES5,2060,ON
T_HDV_T_DSL_N,2045,0.644530813,From MOVES5,2061,ON
T_HDV_T_DSL_N,2045,0.605858964,From MOVES5,2062,ON
T_HDV_T_DSL_N,2045,0.563448837,From MOVES5,2063,ON
T_HDV_T_DSL_N,2045,0.524007418,From MOVES5,2064,ON
T_HDV_T_DSL_N,2045,0.482086825,From MOVES5,2065,ON
T_HDV_T_DSL_N,2045,0.443519879,From MOVES5,2066,ON
T_HDV_T_DSL_N,2045,0.408038288,From MOVES5,2067,ON
T_HDV_T_DSL_N,2045,0.371314842,From MOVES5,2068,ON
T_HDV_T_DSL_N,2045,0.337896507,From MOVES5,2069,ON
T_HDV_T_DSL_N,2045,0.307485821,From MOVES5,2070,ON
T_HDV_T_DSL_N,2045,0.276737239,From MOVES5,2071,ON
T_HDV_T_DSL_N,2045,0.249063515,From MOVES5,2072,ON
T_HDV_T_DSL_N,2045,0.224157163,From MOVES5,2073,ON
T_HDV_T_DSL_N,2045,0.199499876,From MOVES5,2074,ON
T_HDV_T_DSL_N,2045,0.177554889,From MOVES5,2075,ON
T_HDV_T_DSL_N,2045,0.158023851,From MOVES5,2076,ON
T_HDV_T_DSL_N,2045,0.139060989,From MOVES5,2077,ON
T_HDV_T_DSL_N,2045,0.122373671,From MOVES5,2078,ON
T_HDV_T_DSL_N,2045,0.10768883,From MOVES5,2079,ON
T_HDV_T_DSL_N,2045,0.093689282,From MOVES5,2080,ON
T_HDV_T_DSL_N,2045,0.081509675,From MOVES5,2081,ON
T_HDV_T_DSL_N,2045,0.070913418,From MOVES5,2082,ON
T_HDV_T_DSL_N,2045,0.060985539,From MOVES5,2083,ON
T_HDV_T_DSL_N,2045,0.052447564,From MOVES5,2084,ON
T_HDV_T_DSL_N,2045,0.045104905,From MOVES5,2085,ON
T_HDV_T_DSL_N,2045,0.038339169,From MOVES5,2086,ON
T_HDV_T_DSL_N,2045,0,From MOVES5,2087,ON
T_HDV_T_DSL_N,2050,1,From MOVES5,2050,ON
T_HDV_T_DSL_N,2050,1,From MOVES5,2051,ON
T_HDV_T_DSL_N,2050,1,From MOVES5,2052,ON
T_HDV_T_DSL_N,2050,1,From MOVES5,2053,ON
T_HDV_T_DSL_N,2050,1,From MOVES5,2054,ON
T_HDV_T_DSL_N,2050,0.99,From MOVES5,2055,ON
T_HDV_T_DSL_N,2050,0.9702,From MOVES5,2056,ON
T_HDV_T_DSL_N,2050,0.950796,From MOVES5,2057,ON
T_HDV_T_DSL_N,2050,0.92227212,From MOVES5,2058,ON
T_HDV_T_DSL_N,2050,0.894603956,From MOVES5,2059,ON
T_HDV_T_DSL_N,2050,0.867765838,From MOVES5,2060,ON
T_HDV_T_DSL_N,2050,0.833055204,From MOVES5,2061,ON
T_HDV_T_DSL_N,2050,0.799732996,From MOVES5,2062,ON
T_HDV_T_DSL_N,2050,0.759746346,From MOVES5,2063,ON
T_HDV_T_DSL_N,2050,0.721759029,From MOVES5,2064,ON
T_HDV_T_DSL_N,2050,0.685671077,From MOVES5,2065,ON
T_HDV_T_DSL_N,2050,0.644530813,From MOVES5,2066,ON
T_HDV_T_DSL_N,2050,0.605858964,From MOVES5,2067,ON
T_HDV_T_DSL_N,2050,0.563448837,From MOVES5,2068,ON
T_HDV_T_DSL_N,2050,0.524007418,From MOVES5,2069,ON
T_HDV_T_DSL_N,2050,0.482086825,From MOVES5,2070,ON
T_HDV_T_DSL_N,2050,0.443519879,From MOVES5,2071,ON
T_HDV_T_DSL_N,2050,0.408038288,From MOVES5,2072,ON
T_HDV_T_DSL_N,2050,0.371314842,From MOVES5,2073,ON
T_HDV_T_DSL_N,2050,0.337896507,From MOVES5,2074,ON
T_HDV_T_DSL_N,2050,0.307485821,From MOVES5,2075,ON
T_HDV_T_DSL_N,2050,0.276737239,From MOVES5,2076,ON
T_HDV_T_DSL_N,2050,0.249063515,From MOVES5,2077,ON
T_HDV_T_DSL_N,2050,0.224157163,From MOVES5,2078,ON
T_HDV_T_DSL_N,2050,0.199499876,From MOVES5,2079,ON
T_HDV_T_DSL_N,2050,0.177554889,From MOVES5,2080,ON
T_HDV_T_DSL_N,2050,0.158023851,From MOVES5,2081,ON
T_HDV_T_DSL_N,2050,0.139060989,From MOVES5,2082,ON
T_HDV_T_DSL_N,2050,0.122373671,From MOVES5,2083,ON
T_HDV_T_DSL_N,2050,0.10768883,From MOVES5,2084,ON
T_HDV_T_DSL_N,2050,0.093689282,From MOVES5,2085,ON
T_HDV_T_DSL_N,2050,0.081509675,From MOVES5,2086,ON
T_HDV_T_DSL_N,2050,0.070913418,From MOVES5,2087,ON
T_HDV_T_DSL_N,2050,0.060985539,From MOVES5,2088,ON
T_HDV_T_DSL_N,2050,0.052447564,From MOVES5,2089,ON
T_HDV_T_DSL_N,2050,0.045104905,From MOVES5,2090,ON
T_HDV_T_DSL_N,2050,0.038339169,From MOVES5,2091,ON
T_HDV_T_DSL_N,2050,0,From MOVES5,2092,ON
T_HDV_T_DSL_PHEV_N,2025,1,From MOVES5,2025,ON
T_HDV_T_DSL_PHEV_N,2025,1,From MOVES5,2026,ON
T_HDV_T_DSL_PHEV_N,2025,1,From MOVES5,2027,ON
T_HDV_T_DSL_PHEV_N,2025,1,From MOVES5,2028,ON
T_HDV_T_DSL_PHEV_N,2025,1,From MOVES5,2029,ON
T_HDV_T_DSL_PHEV_N,2025,0.99,From MOVES5,2030,ON
T_HDV_T_DSL_PHEV_N,2025,0.9702,From MOVES5,2031,ON
T_HDV_T_DSL_PHEV_N,2025,0.950796,From MOVES5,2032,ON
T_HDV_T_DSL_PHEV_N,2025,0.92227212,From MOVES5,2033,ON
T_HDV_T_DSL_PHEV_N,2025,0.894603956,From MOVES5,2034,ON
T_HDV_T_DSL_PHEV_N,2025,0.867765838,From MOVES5,2035,ON
T_HDV_T_DSL_PHEV_N,2025,0.833055204,From MOVES5,2036,ON
T_HDV_T_DSL_PHEV_N,2025,0.799732996,From MOVES5,2037,ON
T_HDV_T_DSL_PHEV_N,2025,0.759746346,From MOVES5,2038,ON
T_HDV_T_DSL_PHEV_N,2025,0.721759029,From MOVES5,2039,ON
T_HDV_T_DSL_PHEV_N,2025,0.685671077,From MOVES5,2040,ON
T_HDV_T_DSL_PHEV_N,2025,0.644530813,From MOVES5,2041,ON
T_HDV_T_DSL_PHEV_N,2025,0.605858964,From MOVES5,2042,ON
T_HDV_T_DSL_PHEV_N,2025,0.563448837,From MOVES5,2043,ON
T_HDV_T_DSL_PHEV_N,2025,0.524007418,From MOVES5,2044,ON
T_HDV_T_DSL_PHEV_N,2025,0.482086825,From MOVES5,2045,ON
T_HDV_T_DSL_PHEV_N,2025,0.443519879,From MOVES5,2046,ON
T_HDV_T_DSL_PHEV_N,2025,0.408038288,From MOVES5,2047,ON
T_HDV_T_DSL_PHEV_N,2025,0.371314842,From MOVES5,2048,ON
T_HDV_T_DSL_PHEV_N,2025,0.337896507,From MOVES5,2049,ON
T_HDV_T_DSL_PHEV_N,2025,0.307485821,From MOVES5,2050,ON
T_HDV_T_DSL_PHEV_N,2025,0.276737239,From MOVES5,2051,ON
T_HDV_T_DSL_PHEV_N,2025,0.249063515,From MOVES5,2052,ON
T_HDV_T_DSL_PHEV_N,2025,0.224157163,From MOVES5,2053,ON
T_HDV_T_DSL_PHEV_N,2025,0.199499876,From MOVES5,2054,ON
T_HDV_T_DSL_PHEV_N,2025,0.177554889,From MOVES5,2055,ON
T_HDV_T_DSL_PHEV_N,2025,0.158023851,From MOVES5,2056,ON
T_HDV_T_DSL_PHEV_N,2025,0.139060989,From MOVES5,2057,ON
T_HDV_T_DSL_PHEV_N,2025,0.122373671,From MOVES5,2058,ON
T_HDV_T_DSL_PHEV_N,2025,0.10768883,From MOVES5,2059,ON
T_HDV_T_DSL_PHEV_N,2025,0.093689282,From MOVES5,2060,ON
T_HDV_T_DSL_PHEV_N,2025,0.081509675,From MOVES5,2061,ON
T_HDV_T_DSL_PHEV_N,2025,0.070913418,From MOVES5,2062,ON
T_HDV_T_DSL_PHEV_N,2025,0.060985539,From MOVES5,2063,ON
T_HDV_T_DSL_PHEV_N,2025,0.052447564,From MOVES5,2064,ON
T_HDV_T_DSL_PHEV_N,2025,0.045104905,From MOVES5,2065,ON
T_HDV_T_DSL_PHEV_N,2025,0.038339169,From MOVES5,2066,ON
T_HDV_T_DSL_PHEV_N,2025,0,From MOVES5,2067,ON
T_HDV_T_DSL_PHEV_N,2030,1,From MOVES5,2030,ON
T_HDV_T_DSL_PHEV_N,2030,1,From MOVES5,2031,ON
T_HDV_T_DSL_PHEV_N,2030,1,From MOVES5,2032,ON
T_HDV_T_DSL_PHEV_N,2030,1,From MOVES5,2033,ON
T_HDV_T_DSL_PHEV_N,2030,1,From MOVES5,2034,ON
T_HDV_T_DSL_PHEV_N,2030,0.99,From MOVES5,2035,ON
T_HDV_T_DSL_PHEV_N,2030,0.9702,From MOVES5,2036,ON
T_HDV_T_DSL_PHEV_N,2030,0.950796,From MOVES5,2037,ON
T_HDV_T_DSL_PHEV_N,2030,0.92227212,From MOVES5,2038,ON
T_HDV_T_DSL_PHEV_N,2030,0.894603956,From MOVES5,2039,ON
T_HDV_T_DSL_PHEV_N,2030,0.867765838,From MOVES5,2040,ON
T_HDV_T_DSL_PHEV_N,2030,0.833055204,From MOVES5,2041,ON
T_HDV_T_DSL_PHEV_N,2030,0.799732996,From MOVES5,2042,ON
T_HDV_T_DSL_PHEV_N,2030,0.759746346,From MOVES5,2043,ON
T_HDV_T_DSL_PHEV_N,2030,0.721759029,From MOVES5,2044,ON
T_HDV_T_DSL_PHEV_N,2030,0.685671077,From MOVES5,2045,ON
T_HDV_T_DSL_PHEV_N,2030,0.644530813,From MOVES5,2046,ON
T_HDV_T_DSL_PHEV_N,2030,0.605858964,From MOVES5,2047,ON
T_HDV_T_DSL_PHEV_N,2030,0.563448837,From MOVES5,2048,ON
T_HDV_T_DSL_PHEV_N,2030,0.524007418,From MOVES5,2049,ON
T_HDV_T_DSL_PHEV_N,2030,0.482086825,From MOVES5,2050,ON
T_HDV_T_DSL_PHEV_N,2030,0.443519879,From MOVES5,2051,ON
T_HDV_T_DSL_PHEV_N,2030,0.408038288,From MOVES5,2052,ON
T_HDV_T_DSL_PHEV_N,2030,0.371314842,From MOVES5,2053,ON
T_HDV_T_DSL_PHEV_N,2030,0.337896507,From MOVES5,2054,ON
T_HDV_T_DSL_PHEV_N,2030,0.307485821,From MOVES5,2055,ON
T_HDV_T_DSL_PHEV_N,2030,0.276737239,From MOVES5,2056,ON
T_HDV_T_DSL_PHEV_N,2030,0.249063515,From MOVES5,2057,ON
T_HDV_T_DSL_PHEV_N,2030,0.224157163,From MOVES5,2058,ON
T_HDV_T_DSL_PHEV_N,2030,0.199499876,From MOVES5,2059,ON
T_HDV_T_DSL_PHEV_N,2030,0.177554889,From MOVES5,2060,ON
T_HDV_T_DSL_PHEV_N,2030,0.158023851,From MOVES5,2061,ON
T_HDV_T_DSL_PHEV_N,2030,0.139060989,From MOVES5,2062,ON
T_HDV_T_DSL_PHEV_N,2030,0.122373671,From MOVES5,2063,ON
T_HDV_T_DSL_PHEV_N,2030,0.10768883,From MOVES5,2064,ON
T_HDV_T_DSL_PHEV_N,2030,0.093689282,From MOVES5,2065,ON
T_HDV_T_DSL_PHEV_N,2030,0.081509675,From MOVES5,2066,ON
T_HDV_T_DSL_PHEV_N,2030,0.070913418,From MOVES5,2067,ON
T_HDV_T_DSL_PHEV_N,2030,0.060985539,From MOVES5,2068,ON
T_HDV_T_DSL_PHEV_N,2030,0.052447564,From MOVES5,2069,ON
T_HDV_T_DSL_PHEV_N,2030,0.045104905,From MOVES5,2070,ON
T_HDV_T_DSL_PHEV_N,2030,0.038339169,From MOVES5,2071,ON
T_HDV_T_DSL_PHEV_N,2030,0,From MOVES5,2072,ON
T_HDV_T_DSL_PHEV_N,2035,1,From MOVES5,2035,ON
T_HDV_T_DSL_PHEV_N,2035,1,From MOVES5,2036,ON
T_HDV_T_DSL_PHEV_N,2035,1,From MOVES5,2037,ON
T_HDV_T_DSL_PHEV_N,2035,1,From MOVES5,2038,ON
T_HDV_T_DSL_PHEV_N,2035,1,From MOVES5,2039,ON
T_HDV_T_DSL_PHEV_N,2035,0.99,From MOVES5,2040,ON
T_HDV_T_DSL_PHEV_N,2035,0.9702,From MOVES5,2041,ON
T_HDV_T_DSL_PHEV_N,2035,0.950796,From MOVES5,2042,ON
T_HDV_T_DSL_PHEV_N,2035,0.92227212,From MOVES5,2043,ON
T_HDV_T_DSL_PHEV_N,2035,0.894603956,From MOVES5,2044,ON
T_HDV_T_DSL_PHEV_N,2035,0.867765838,From MOVES5,2045,ON
T_HDV_T_DSL_PHEV_N,2035,0.833055204,From MOVES5,2046,ON
T_HDV_T_DSL_PHEV_N,2035,0.799732996,From MOVES5,2047,ON
T_HDV_T_DSL_PHEV_N,2035,0.759746346,From MOVES5,2048,ON
T_HDV_T_DSL_PHEV_N,2035,0.721759029,From MOVES5,2049,ON
T_HDV_T_DSL_PHEV_N,2035,0.685671077,From MOVES5,2050,ON
T_HDV_T_DSL_PHEV_N,2035,0.644530813,From MOVES5,2051,ON
T_HDV_T_DSL_PHEV_N,2035,0.605858964,From MOVES5,2052,ON
T_HDV_T_DSL_PHEV_N,2035,0.563448837,From MOVES5,2053,ON
T_HDV_T_DSL_PHEV_N,2035,0.524007418,From MOVES5,2054,ON
T_HDV_T_DSL_PHEV_N,2035,0.482086825,From MOVES5,2055,ON
T_HDV_T_DSL_PHEV_N,2035,0.443519879,From MOVES5,2056,ON
T_HDV_T_DSL_PHEV_N,2035,0.408038288,From MOVES5,2057,ON
T_HDV_T_DSL_PHEV_N,2035,0.371314842,From MOVES5,2058,ON
T_HDV_T_DSL_PHEV_N,2035,0.337896507,From MOVES5,2059,ON
T_HDV_T_DSL_PHEV_N,2035,0.307485821,From MOVES5,2060,ON
T_HDV_T_DSL_PHEV_N,2035,0.276737239,From MOVES5,2061,ON
T_HDV_T_DSL_PHEV_N,2035,0.249063515,From MOVES5,2062,ON
T_HDV_T_DSL_PHEV_N,2035,0.224157163,From MOVES5,2063,ON
T_HDV_T_DSL_PHEV_N,2035,0.199499876,From MOVES5,2064,ON
T_HDV_T_DSL_PHEV_N,2035,0.177554889,From MOVES5,2065,ON
T_HDV_T_DSL_PHEV_N,2035,0.158023851,From MOVES5,2066,ON
T_HDV_T_DSL_PHEV_N,2035,0.139060989,From MOVES5,2067,ON
T_HDV_T_DSL_PHEV_N,2035,0.122373671,From MOVES5,2068,ON
T_HDV_T_DSL_PHEV_N,2035,0.10768883,From MOVES5,2069,ON
T_HDV_T_DSL_PHEV_N,2035,0.093689282,From MOVES5,2070,ON
T_HDV_T_DSL_PHEV_N,2035,0.081509675,From MOVES5,2071,ON
T_HDV_T_DSL_PHEV_N,2035,0.070913418,From MOVES5,2072,ON
T_HDV_T_DSL_PHEV_N,2035,0.060985539,From MOVES5,2073,ON
T_HDV_T_DSL_PHEV_N,2035,0.052447564,From MOVES5,2074,ON
T_HDV_T_DSL_PHEV_N,2035,0.045104905,From MOVES5,2075,ON
T_HDV_T_DSL_PHEV_N,2035,0.038339169,From MOVES5,2076,ON
T_HDV_T_DSL_PHEV_N,2035,0,From MOVES5,2077,ON
T_HDV_T_DSL_PHEV_N,2040,1,From MOVES5,2040,ON
T_HDV_T_DSL_PHEV_N,2040,1,From MOVES5,2041,ON
T_HDV_T_DSL_PHEV_N,2040,1,From MOVES5,2042,ON
T_HDV_T_DSL_PHEV_N,2040,1,From MOVES5,2043,ON
T_HDV_T_DSL_PHEV_N,2040,1,From MOVES5,2044,ON
T_HDV_T_DSL_PHEV_N,2040,0.99,From MOVES5,2045,ON
T_HDV_T_DSL_PHEV_N,2040,0.9702,From MOVES5,2046,ON
T_HDV_T_DSL_PHEV_N,2040,0.950796,From MOVES5,2047,ON
T_HDV_T_DSL_PHEV_N,2040,0.92227212,From MOVES5,2048,ON
T_HDV_T_DSL_PHEV_N,2040,0.894603956,From MOVES5,2049,ON
T_HDV_T_DSL_PHEV_N,2040,0.867765838,From MOVES5,2050,ON
T_HDV_T_DSL_PHEV_N,2040,0.833055204,From MOVES5,2051,ON
T_HDV_T_DSL_PHEV_N,2040,0.799732996,From MOVES5,2052,ON
T_HDV_T_DSL_PHEV_N,2040,0.759746346,From MOVES5,2053,ON
T_HDV_T_DSL_PHEV_N,2040,0.721759029,From MOVES5,2054,ON
T_HDV_T_DSL_PHEV_N,2040,0.685671077,From MOVES5,2055,ON
T_HDV_T_DSL_PHEV_N,2040,0.644530813,From MOVES5,2056,ON
T_HDV_T_DSL_PHEV_N,2040,0.605858964,From MOVES5,2057,ON
T_HDV_T_DSL_PHEV_N,2040,0.563448837,From MOVES5,2058,ON
T_HDV_T_DSL_PHEV_N,2040,0.524007418,From MOVES5,2059,ON
T_HDV_T_DSL_PHEV_N,2040,0.482086825,From MOVES5,2060,ON
T_HDV_T_DSL_PHEV_N,2040,0.443519879,From MOVES5,2061,ON
T_HDV_T_DSL_PHEV_N,2040,0.408038288,From MOVES5,2062,ON
T_HDV_T_DSL_PHEV_N,2040,0.371314842,From MOVES5,2063,ON
T_HDV_T_DSL_PHEV_N,2040,0.337896507,From MOVES5,2064,ON
T_HDV_T_DSL_PHEV_N,2040,0.307485821,From MOVES5,2065,ON
T_HDV_T_DSL_PHEV_N,2040,0.276737239,From MOVES5,2066,ON
T_HDV_T_DSL_PHEV_N,2040,0.249063515,From MOVES5,2067,ON
T_HDV_T_DSL_PHEV_N,2040,0.224157163,From MOVES5,2068,ON
T_HDV_T_DSL_PHEV_N,2040,0.199499876,From MOVES5,2069,ON
T_HDV_T_DSL_PHEV_N,2040,0.177554889,From MOVES5,2070,ON
T_HDV_T_DSL_PHEV_N,2040,0.158023851,From MOVES5,2071,ON
T_HDV_T_DSL_PHEV_N,2040,0.139060989,From MOVES5,2072,ON
T_HDV_T_DSL_PHEV_N,2040,0.122373671,From MOVES5,2073,ON
T_HDV_T_DSL_PHEV_N,2040,0.10768883,From MOVES5,2074,ON
T_HDV_T_DSL_PHEV_N,2040,0.093689282,From MOVES5,2075,ON
T_HDV_T_DSL_PHEV_N,2040,0.081509675,From MOVES5,2076,ON
T_HDV_T_DSL_PHEV_N,2040,0.070913418,From MOVES5,2077,ON
T_HDV_T_DSL_PHEV_N,2040,0.060985539,From MOVES5,2078,ON
T_HDV_T_DSL_PHEV_N,2040,0.052447564,From MOVES5,2079,ON
T_HDV_T_DSL_PHEV_N,2040,0.045104905,From MOVES5,2080,ON
T_HDV_T_DSL_PHEV_N,2040,0.038339169,From MOVES5,2081,ON
T_HDV_T_DSL_PHEV_N,2040,0,From MOVES5,2082,ON
T_HDV_T_DSL_PHEV_N,2045,1,From MOVES5,2045,ON
T_HDV_T_DSL_PHEV_N,2045,1,From MOVES5,2046,ON
T_HDV_T_DSL_PHEV_N,2045,1,From MOVES5,2047,ON
T_HDV_T_DSL_PHEV_N,2045,1,From MOVES5,2048,ON
T_HDV_T_DSL_PHEV_N,2045,1,From MOVES5,2049,ON
T_HDV_T_DSL_PHEV_N,2045,0.99,From MOVES5,2050,ON
T_HDV_T_DSL_PHEV_N,2045,0.9702,From MOVES5,2051,ON
T_HDV_T_DSL_PHEV_N,2045,0.950796,From MOVES5,2052,ON
T_HDV_T_DSL_PHEV_N,2045,0.92227212,From MOVES5,2053,ON
T_HDV_T_DSL_PHEV_N,2045,0.894603956,From MOVES5,2054,ON
T_HDV_T_DSL_PHEV_N,2045,0.867765838,From MOVES5,2055,ON
T_HDV_T_DSL_PHEV_N,2045,0.833055204,From MOVES5,2056,ON
T_HDV_T_DSL_PHEV_N,2045,0.799732996,From MOVES5,2057,ON
T_HDV_T_DSL_PHEV_N,2045,0.759746346,From MOVES5,2058,ON
T_HDV_T_DSL_PHEV_N,2045,0.721759029,From MOVES5,2059,ON
T_HDV_T_DSL_PHEV_N,2045,0.685671077,From MOVES5,2060,ON
T_HDV_T_DSL_PHEV_N,2045,0.644530813,From MOVES5,2061,ON
T_HDV_T_DSL_PHEV_N,2045,0.605858964,From MOVES5,2062,ON
T_HDV_T_DSL_PHEV_N,2045,0.563448837,From MOVES5,2063,ON
T_HDV_T_DSL_PHEV_N,2045,0.524007418,From MOVES5,2064,ON
T_HDV_T_DSL_PHEV_N,2045,0.482086825,From MOVES5,2065,ON
T_HDV_T_DSL_PHEV_N,2045,0.443519879,From MOVES5,2066,ON
T_HDV_T_DSL_PHEV_N,2045,0.408038288,From MOVES5,2067,ON
T_HDV_T_DSL_PHEV_N,2045,0.371314842,From MOVES5,2068,ON
T_HDV_T_DSL_PHEV_N,2045,0.337896507,From MOVES5,2069,ON
T_HDV_T_DSL_PHEV_N,2045,0.307485821,From MOVES5,2070,ON
T_HDV_T_DSL_PHEV_N,2045,0.276737239,From MOVES5,2071,ON
T_HDV_T_DSL_PHEV_N,2045,0.249063515,From MOVES5,2072,ON
T_HDV_T_DSL_PHEV_N,2045,0.224157163,From MOVES5,2073,ON
T_HDV_T_DSL_PHEV_N,2045,0.199499876,From MOVES5,2074,ON
T_HDV_T_DSL_PHEV_N,2045,0.177554889,From MOVES5,2075,ON
T_HDV_T_DSL_PHEV_N,2045,0.158023851,From MOVES5,2076,ON
T_HDV_T_DSL_PHEV_N,2045,0.139060989,From MOVES5,2077,ON
T_HDV_T_DSL_PHEV_N,2045,0.122373671,From MOVES5,2078,ON
T_HDV_T_DSL_PHEV_N,2045,0.10768883,From MOVES5,2079,ON
T_HDV_T_DSL_PHEV_N,2045,0.093689282,From MOVES5,2080,ON
T_HDV_T_DSL_PHEV_N,2045,0.081509675,From MOVES5,2081,ON
T_HDV_T_DSL_PHEV_N,2045,0.070913418,From MOVES5,2082,ON
T_HDV_T_DSL_PHEV_N,2045,0.060985539,From MOVES5,2083,ON
T_HDV_T_DSL_PHEV_N,2045,0.052447564,From MOVES5,2084,ON
T_HDV_T_DSL_PHEV_N,2045,0.045104905,From MOVES5,2085,ON
T_HDV_T_DSL_PHEV_N,2045,0.038339169,From MOVES5,2086,ON
T_HDV_T_DSL_PHEV_N,2045,0,From MOVES5,2087,ON
T_HDV_T_DSL_PHEV_N,2050,1,From MOVES5,2050,ON
T_HDV_T_DSL_PHEV_N,2050,1,From MOVES5,2051,ON
T_HDV_T_DSL_PHEV_N,2050,1,From MOVES5,2052,ON
T_HDV_T_DSL_PHEV_N,2050,1,From MOVES5,2053,ON
T_HDV_T_DSL_PHEV_N,2050,1,From MOVES5,2054,ON
T_HDV_T_DSL_PHEV_N,2050,0.99,From MOVES5,2055,ON
T_HDV_T_DSL_PHEV_N,2050,0.9702,From MOVES5,2056,ON
T_HDV_T_DSL_PHEV_N,2050,0.950796,From MOVES5,2057,ON
T_HDV_T_DSL_PHEV_N,2050,0.92227212,From MOVES5,2058,ON
T_HDV_T_DSL_PHEV_N,2050,0.894603956,From MOVES5,2059,ON
T_HDV_T_DSL_PHEV_N,2050,0.867765838,From MOVES5,2060,ON
T_HDV_T_DSL_PHEV_N,2050,0.833055204,From MOVES5,2061,ON
T_HDV_T_DSL_PHEV_N,2050,0.799732996,From MOVES5,2062,ON
T_HDV_T_DSL_PHEV_N,2050,0.759746346,From MOVES5,2063,ON
T_HDV_T_DSL_PHEV_N,2050,0.721759029,From MOVES5,2064,ON
T_HDV_T_DSL_PHEV_N,2050,0.685671077,From MOVES5,2065,ON
T_HDV_T_DSL_PHEV_N,2050,0.644530813,From MOVES5,2066,ON
T_HDV_T_DSL_PHEV_N,2050,0.605858964,From MOVES5,2067,ON
T_HDV_T_DSL_PHEV_N,2050,0.563448837,From MOVES5,2068,ON
T_HDV_T_DSL_PHEV_N,2050,0.524007418,From MOVES5,2069,ON
T_HDV_T_DSL_PHEV_N,2050,0.482086825,From MOVES5,2070,ON
T_HDV_T_DSL_PHEV_N,2050,0.443519879,From MOVES5,2071,ON
T_HDV_T_DSL_PHEV_N,2050,0.408038288,From MOVES5,2072,ON
T_HDV_T_DSL_PHEV_N,2050,0.371314842,From MOVES5,2073,ON
T_HDV_T_DSL_PHEV_N,2050,0.337896507,From MOVES5,2074,ON
T_HDV_T_DSL_PHEV_N,2050,0.307485821,From MOVES5,2075,ON
T_HDV_T_DSL_PHEV_N,2050,0.276737239,From MOVES5,2076,ON
T_HDV_T_DSL_PHEV_N,2050,0.249063515,From MOVES5,2077,ON
T_HDV_T_DSL_PHEV_N,2050,0.224157163,From MOVES5,2078,ON
T_HDV_T_DSL_PHEV_N,2050,0.199499876,From MOVES5,2079,ON
T_HDV_T_DSL_PHEV_N,2050,0.177554889,From MOVES5,2080,ON
T_HDV_T_DSL_PHEV_N,2050,0.158023851,From MOVES5,2081,ON
T_HDV_T_DSL_PHEV_N,2050,0.139060989,From MOVES5,2082,ON
T_HDV_T_DSL_PHEV_N,2050,0.122373671,From MOVES5,2083,ON
T_HDV_T_DSL_PHEV_N,2050,0.10768883,From MOVES5,2084,ON
T_HDV_T_DSL_PHEV_N,2050,0.093689282,From MOVES5,2085,ON
T_HDV_T_DSL_PHEV_N,2050,0.081509675,From MOVES5,2086,ON
T_HDV_T_DSL_PHEV_N,2050,0.070913418,From MOVES5,2087,ON
T_HDV_T_DSL_PHEV_N,2050,0.060985539,From MOVES5,2088,ON
T_HDV_T_DSL_PHEV_N,2050,0.052447564,From MOVES5,2089,ON
T_HDV_T_DSL_PHEV_N,2050,0.045104905,From MOVES5,2090,ON
T_HDV_T_DSL_PHEV_N,2050,0.038339169,From MOVES5,2091,ON
T_HDV_T_DSL_PHEV_N,2050,0,From MOVES5,2092,ON
T_HDV_T_FCEV_N,2025,1,From MOVES5,2025,ON
T_HDV_T_FCEV_N,2025,1,From MOVES5,2026,ON
T_HDV_T_FCEV_N,2025,1,From MOVES5,2027,ON
T_HDV_T_FCEV_N,2025,1,From MOVES5,2028,ON
T_HDV_T_FCEV_N,2025,1,From MOVES5,2029,ON
T_HDV_T_FCEV_N,2025,0.99,From MOVES5,2030,ON
T_HDV_T_FCEV_N,2025,0.9702,From MOVES5,2031,ON
T_HDV_T_FCEV_N,2025,0.950796,From MOVES5,2032,ON
T_HDV_T_FCEV_N,2025,0.92227212,From MOVES5,2033,ON
T_HDV_T_FCEV_N,2025,0.894603956,From MOVES5,2034,ON
T_HDV_T_FCEV_N,2025,0.867765838,From MOVES5,2035,ON
T_HDV_T_FCEV_N,2025,0.833055204,From MOVES5,2036,ON
T_HDV_T_FCEV_N,2025,0.799732996,From MOVES5,2037,ON
T_HDV_T_FCEV_N,2025,0.759746346,From MOVES5,2038,ON
T_HDV_T_FCEV_N,2025,0.721759029,From MOVES5,2039,ON
T_HDV_T_FCEV_N,2025,0.685671077,From MOVES5,2040,ON
T_HDV_T_FCEV_N,2025,0.644530813,From MOVES5,2041,ON
T_HDV_T_FCEV_N,2025,0.605858964,From MOVES5,2042,ON
T_HDV_T_FCEV_N,2025,0.563448837,From MOVES5,2043,ON
T_HDV_T_FCEV_N,2025,0.524007418,From MOVES5,2044,ON
T_HDV_T_FCEV_N,2025,0.482086825,From MOVES5,2045,ON
T_HDV_T_FCEV_N,2025,0.443519879,From MOVES5,2046,ON
T_HDV_T_FCEV_N,2025,0.408038288,From MOVES5,2047,ON
T_HDV_T_FCEV_N,2025,0.371314842,From MOVES5,2048,ON
T_HDV_T_FCEV_N,2025,0.337896507,From MOVES5,2049,ON
T_HDV_T_FCEV_N,2025,0.307485821,From MOVES5,2050,ON
T_HDV_T_FCEV_N,2025,0.276737239,From MOVES5,2051,ON
T_HDV_T_FCEV_N,2025,0.249063515,From MOVES5,2052,ON
T_HDV_T_FCEV_N,2025,0.224157163,From MOVES5,2053,ON
T_HDV_T_FCEV_N,2025,0.199499876,From MOVES5,2054,ON
T_HDV_T_FCEV_N,2025,0.177554889,From MOVES5,2055,ON
T_HDV_T_FCEV_N,2025,0.158023851,From MOVES5,2056,ON
T_HDV_T_FCEV_N,2025,0.139060989,From MOVES5,2057,ON
T_HDV_T_FCEV_N,2025,0.122373671,From MOVES5,2058,ON
T_HDV_T_FCEV_N,2025,0.10768883,From MOVES5,2059,ON
T_HDV_T_FCEV_N,2025,0.093689282,From MOVES5,2060,ON
T_HDV_T_FCEV_N,2025,0.081509675,From MOVES5,2061,ON
T_HDV_T_FCEV_N,2025,0.070913418,From MOVES5,2062,ON
T_HDV_T_FCEV_N,2025,0.060985539,From MOVES5,2063,ON
T_HDV_T_FCEV_N,2025,0.052447564,From MOVES5,2064,ON
T_HDV_T_FCEV_N,2025,0.045104905,From MOVES5,2065,ON
T_HDV_T_FCEV_N,2025,0.038339169,From MOVES5,2066,ON
T_HDV_T_FCEV_N,2025,0,From MOVES5,2067,ON
T_HDV_T_FCEV_N,2030,1,From MOVES5,2030,ON
T_HDV_T_FCEV_N,2030,1,From MOVES5,2031,ON
T_HDV_T_FCEV_N,2030,1,From MOVES5,2032,ON
T_HDV_T_FCEV_N,2030,1,From MOVES5,2033,ON
T_HDV_T_FCEV_N,2030,1,From MOVES5,2034,ON
T_HDV_T_FCEV_N,2030,0.99,From MOVES5,2035,ON
T_HDV_T_FCEV_N,2030,0.9702,From MOVES5,2036,ON
T_HDV_T_FCEV_N,2030,0.950796,From MOVES5,2037,ON
T_HDV_T_FCEV_N,2030,0.92227212,From MOVES5,2038,ON
T_HDV_T_FCEV_N,2030,0.894603956,From MOVES5,2039,ON
T_HDV_T_FCEV_N,2030,0.867765838,From MOVES5,2040,ON
T_HDV_T_FCEV_N,2030,0.833055204,From MOVES5,2041,ON
T_HDV_T_FCEV_N,2030,0.799732996,From MOVES5,2042,ON
T_HDV_T_FCEV_N,2030,0.759746346,From MOVES5,2043,ON
T_HDV_T_FCEV_N,2030,0.721759029,From MOVES5,2044,ON
T_HDV_T_FCEV_N,2030,0.685671077,From MOVES5,2045,ON
T_HDV_T_FCEV_N,2030,0.644530813,From MOVES5,2046,ON
T_HDV_T_FCEV_N,2030,0.605858964,From MOVES5,2047,ON
T_HDV_T_FCEV_N,2030,0.563448837,From MOVES5,2048,ON
T_HDV_T_FCEV_N,2030,0.524007418,From MOVES5,2049,ON
T_HDV_T_FCEV_N,2030,0.482086825,From MOVES5,2050,ON
T_HDV_T_FCEV_N,2030,0.443519879,From MOVES5,2051,ON
T_HDV_T_FCEV_N,2030,0.408038288,From MOVES5,2052,ON
T_HDV_T_FCEV_N,2030,0.371314842,From MOVES5,2053,ON
T_HDV_T_FCEV_N,2030,0.337896507,From MOVES5,2054,ON
T_HDV_T_FCEV_N,2030,0.307485821,From MOVES5,2055,ON
T_HDV_T_FCEV_N,2030,0.276737239,From MOVES5,2056,ON
T_HDV_T_FCEV_N,2030,0.249063515,From MOVES5,2057,ON
T_HDV_T_FCEV_N,2030,0.224157163,From MOVES5,2058,ON
T_HDV_T_FCEV_N,2030,0.199499876,From MOVES5,2059,ON
T_HDV_T_FCEV_N,2030,0.177554889,From MOVES5,2060,ON
T_HDV_T_FCEV_N,2030,0.158023851,From MOVES5,2061,ON
T_HDV_T_FCEV_N,2030,0.139060989,From MOVES5,2062,ON
T_HDV_T_FCEV_N,2030,0.122373671,From MOVES5,2063,ON
T_HDV_T_FCEV_N,2030,0.10768883,From MOVES5,2064,ON
T_HDV_T_FCEV_N,2030,0.093689282,From MOVES5,2065,ON
T_HDV_T_FCEV_N,2030,0.081509675,From MOVES5,2066,ON
T_HDV_T_FCEV_N,2030,0.070913418,From MOVES5,2067,ON
T_HDV_T_FCEV_N,2030,0.060985539,From MOVES5,2068,ON
T_HDV_T_FCEV_N,2030,0.052447564,From MOVES5,2069,ON
T_HDV_T_FCEV_N,2030,0.045104905,From MOVES5,2070,ON
T_HDV_T_FCEV_N,2030,0.038339169,From MOVES5,2071,ON
T_HDV_T_FCEV_N,2030,0,From MOVES5,2072,ON
T_HDV_T_FCEV_N,2035,1,From MOVES5,2035,ON
T_HDV_T_FCEV_N,2035,1,From MOVES5,2036,ON
T_HDV_T_FCEV_N,2035,1,From MOVES5,2037,ON
T_HDV_T_FCEV_N,2035,1,From MOVES5,2038,ON
T_HDV_T_FCEV_N,2035,1,From MOVES5,2039,ON
T_HDV_T_FCEV_N,2035,0.99,From MOVES5,2040,ON
T_HDV_T_FCEV_N,2035,0.9702,From MOVES5,2041,ON
T_HDV_T_FCEV_N,2035,0.950796,From MOVES5,2042,ON
T_HDV_T_FCEV_N,2035,0.92227212,From MOVES5,2043,ON
T_HDV_T_FCEV_N,2035,0.894603956,From MOVES5,2044,ON
T_HDV_T_FCEV_N,2035,0.867765838,From MOVES5,2045,ON
T_HDV_T_FCEV_N,2035,0.833055204,From MOVES5,2046,ON
T_HDV_T_FCEV_N,2035,0.799732996,From MOVES5,2047,ON
T_HDV_T_FCEV_N,2035,0.759746346,From MOVES5,2048,ON
T_HDV_T_FCEV_N,2035,0.721759029,From MOVES5,2049,ON
T_HDV_T_FCEV_N,2035,0.685671077,From MOVES5,2050,ON
T_HDV_T_FCEV_N,2035,0.644530813,From MOVES5,2051,ON
T_HDV_T_FCEV_N,2035,0.605858964,From MOVES5,2052,ON
T_HDV_T_FCEV_N,2035,0.563448837,From MOVES5,2053,ON
T_HDV_T_FCEV_N,2035,0.524007418,From MOVES5,2054,ON
T_HDV_T_FCEV_N,2035,0.482086825,From MOVES5,2055,ON
T_HDV_T_FCEV_N,2035,0.443519879,From MOVES5,2056,ON
T_HDV_T_FCEV_N,2035,0.408038288,From MOVES5,2057,ON
T_HDV_T_FCEV_N,2035,0.371314842,From MOVES5,2058,ON
T_HDV_T_FCEV_N,2035,0.337896507,From MOVES5,2059,ON
T_HDV_T_FCEV_N,2035,0.307485821,From MOVES5,2060,ON
T_HDV_T_FCEV_N,2035,0.276737239,From MOVES5,2061,ON
T_HDV_T_FCEV_N,2035,0.249063515,From MOVES5,2062,ON
T_HDV_T_FCEV_N,2035,0.224157163,From MOVES5,2063,ON
T_HDV_T_FCEV_N,2035,0.199499876,From MOVES5,2064,ON
T_HDV_T_FCEV_N,2035,0.177554889,From MOVES5,2065,ON
T_HDV_T_FCEV_N,2035,0.158023851,From MOVES5,2066,ON
T_HDV_T_FCEV_N,2035,0.139060989,From MOVES5,2067,ON
T_HDV_T_FCEV_N,2035,0.122373671,From MOVES5,2068,ON
T_HDV_T_FCEV_N,2035,0.10768883,From MOVES5,2069,ON
T_HDV_T_FCEV_N,2035,0.093689282,From MOVES5,2070,ON
T_HDV_T_FCEV_N,2035,0.081509675,From MOVES5,2071,ON
T_HDV_T_FCEV_N,2035,0.070913418,From MOVES5,2072,ON
T_HDV_T_FCEV_N,2035,0.060985539,From MOVES5,2073,ON
T_HDV_T_FCEV_N,2035,0.052447564,From MOVES5,2074,ON
T_HDV_T_FCEV_N,2035,0.045104905,From MOVES5,2075,ON
T_HDV_T_FCEV_N,2035,0.038339169,From MOVES5,2076,ON
T_HDV_T_FCEV_N,2035,0,From MOVES5,2077,ON
T_HDV_T_FCEV_N,2040,1,From MOVES5,2040,ON
T_HDV_T_FCEV_N,2040,1,From MOVES5,2041,ON
T_HDV_T_FCEV_N,2040,1,From MOVES5,2042,ON
T_HDV_T_FCEV_N,2040,1,From MOVES5,2043,ON
T_HDV_T_FCEV_N,2040,1,From MOVES5,2044,ON
T_HDV_T_FCEV_N,2040,0.99,From MOVES5,2045,ON
T_HDV_T_FCEV_N,2040,0.9702,From MOVES5,2046,ON
T_HDV_T_FCEV_N,2040,0.950796,From MOVES5,2047,ON
T_HDV_T_FCEV_N,2040,0.92227212,From MOVES5,2048,ON
T_HDV_T_FCEV_N,2040,0.894603956,From MOVES5,2049,ON
T_HDV_T_FCEV_N,2040,0.867765838,From MOVES5,2050,ON
T_HDV_T_FCEV_N,2040,0.833055204,From MOVES5,2051,ON
T_HDV_T_FCEV_N,2040,0.799732996,From MOVES5,2052,ON
T_HDV_T_FCEV_N,2040,0.759746346,From MOVES5,2053,ON
T_HDV_T_FCEV_N,2040,0.721759029,From MOVES5,2054,ON
T_HDV_T_FCEV_N,2040,0.685671077,From MOVES5,2055,ON
T_HDV_T_FCEV_N,2040,0.644530813,From MOVES5,2056,ON
T_HDV_T_FCEV_N,2040,0.605858964,From MOVES5,2057,ON
T_HDV_T_FCEV_N,2040,0.563448837,From MOVES5,2058,ON
T_HDV_T_FCEV_N,2040,0.524007418,From MOVES5,2059,ON
T_HDV_T_FCEV_N,2040,0.482086825,From MOVES5,2060,ON
T_HDV_T_FCEV_N,2040,0.443519879,From MOVES5,2061,ON
T_HDV_T_FCEV_N,2040,0.408038288,From MOVES5,2062,ON
T_HDV_T_FCEV_N,2040,0.371314842,From MOVES5,2063,ON
T_HDV_T_FCEV_N,2040,0.337896507,From MOVES5,2064,ON
T_HDV_T_FCEV_N,2040,0.307485821,From MOVES5,2065,ON
T_HDV_T_FCEV_N,2040,0.276737239,From MOVES5,2066,ON
T_HDV_T_FCEV_N,2040,0.249063515,From MOVES5,2067,ON
T_HDV_T_FCEV_N,2040,0.224157163,From MOVES5,2068,ON
T_HDV_T_FCEV_N,2040,0.199499876,From MOVES5,2069,ON
T_HDV_T_FCEV_N,2040,0.177554889,From MOVES5,2070,ON
T_HDV_T_FCEV_N,2040,0.158023851,From MOVES5,2071,ON
T_HDV_T_FCEV_N,2040,0.139060989,From MOVES5,2072,ON
T_HDV_T_FCEV_N,2040,0.122373671,From MOVES5,2073,ON
T_HDV_T_FCEV_N,2040,0.10768883,From MOVES5,2074,ON
T_HDV_T_FCEV_N,2040,0.093689282,From MOVES5,2075,ON
T_HDV_T_FCEV_N,2040,0.081509675,From MOVES5,2076,ON
T_HDV_T_FCEV_N,2040,0.070913418,From MOVES5,2077,ON
T_HDV_T_FCEV_N,2040,0.060985539,From MOVES5,2078,ON
T_HDV_T_FCEV_N,2040,0.052447564,From MOVES5,2079,ON
T_HDV_T_FCEV_N,2040,0.045104905,From MOVES5,2080,ON
T_HDV_T_FCEV_N,2040,0.038339169,From MOVES5,2081,ON
T_HDV_T_FCEV_N,2040,0,From MOVES5,2082,ON
T_HDV_T_FCEV_N,2045,1,From MOVES5,2045,ON
T_HDV_T_FCEV_N,2045,1,From MOVES5,2046,ON
T_HDV_T_FCEV_N,2045,1,From MOVES5,2047,ON
T_HDV_T_FCEV_N,2045,1,From MOVES5,2048,ON
T_HDV_T_FCEV_N,2045,1,From MOVES5,2049,ON
T_HDV_T_FCEV_N,2045,0.99,From MOVES5,2050,ON
T_HDV_T_FCEV_N,2045,0.9702,From MOVES5,2051,ON
T_HDV_T_FCEV_N,2045,0.950796,From MOVES5,2052,ON
T_HDV_T_FCEV_N,2045,0.92227212,From MOVES5,2053,ON
T_HDV_T_FCEV_N,2045,0.894603956,From MOVES5,2054,ON
T_HDV_T_FCEV_N,2045,0.867765838,From MOVES5,2055,ON
T_HDV_T_FCEV_N,2045,0.833055204,From MOVES5,2056,ON
T_HDV_T_FCEV_N,2045,0.799732996,From MOVES5,2057,ON
T_HDV_T_FCEV_N,2045,0.759746346,From MOVES5,2058,ON
T_HDV_T_FCEV_N,2045,0.721759029,From MOVES5,2059,ON
T_HDV_T_FCEV_N,2045,0.685671077,From MOVES5,2060,ON
T_HDV_T_FCEV_N,2045,0.644530813,From MOVES5,2061,ON
T_HDV_T_FCEV_N,2045,0.605858964,From MOVES5,2062,ON
T_HDV_T_FCEV_N,2045,0.563448837,From MOVES5,2063,ON
T_HDV_T_FCEV_N,2045,0.524007418,From MOVES5,2064,ON
T_HDV_T_FCEV_N,2045,0.482086825,From MOVES5,2065,ON
T_HDV_T_FCEV_N,2045,0.443519879,From MOVES5,2066,ON
T_HDV_T_FCEV_N,2045,0.408038288,From MOVES5,2067,ON
T_HDV_T_FCEV_N,2045,0.371314842,From MOVES5,2068,ON
T_HDV_T_FCEV_N,2045,0.337896507,From MOVES5,2069,ON
T_HDV_T_FCEV_N,2045,0.307485821,From MOVES5,2070,ON
T_HDV_T_FCEV_N,2045,0.276737239,From MOVES5,2071,ON
T_HDV_T_FCEV_N,2045,0.249063515,From MOVES5,2072,ON
T_HDV_T_FCEV_N,2045,0.224157163,From MOVES5,2073,ON
T_HDV_T_FCEV_N,2045,0.199499876,From MOVES5,2074,ON
T_HDV_T_FCEV_N,2045,0.177554889,From MOVES5,2075,ON
T_HDV_T_FCEV_N,2045,0.158023851,From MOVES5,2076,ON
T_HDV_T_FCEV_N,2045,0.139060989,From MOVES5,2077,ON
T_HDV_T_FCEV_N,2045,0.122373671,From MOVES5,2078,ON
T_HDV_T_FCEV_N,2045,0.10768883,From MOVES5,2079,ON
T_HDV_T_FCEV_N,2045,0.093689282,From MOVES5,2080,ON
T_HDV_T_FCEV_N,2045,0.081509675,From MOVES5,2081,ON
T_HDV_T_FCEV_N,2045,0.070913418,From MOVES5,2082,ON
T_HDV_T_FCEV_N,2045,0.060985539,From MOVES5,2083,ON
T_HDV_T_FCEV_N,2045,0.052447564,From MOVES5,2084,ON
T_HDV_T_FCEV_N,2045,0.045104905,From MOVES5,2085,ON
T_HDV_T_FCEV_N,2045,0.038339169,From MOVES5,2086,ON
T_HDV_T_FCEV_N,2045,0,From MOVES5,2087,ON
T_HDV_T_FCEV_N,2050,1,From MOVES5,2050,ON
T_HDV_T_FCEV_N,2050,1,From MOVES5,2051,ON
T_HDV_T_FCEV_N,2050,1,From MOVES5,2052,ON
T_HDV_T_FCEV_N,2050,1,From MOVES5,2053,ON
T_HDV_T_FCEV_N,2050,1,From MOVES5,2054,ON
T_HDV_T_FCEV_N,2050,0.99,From MOVES5,2055,ON
T_HDV_T_FCEV_N,2050,0.9702,From MOVES5,2056,ON
T_HDV_T_FCEV_N,2050,0.950796,From MOVES5,2057,ON
T_HDV_T_FCEV_N,2050,0.92227212,From MOVES5,2058,ON
T_HDV_T_FCEV_N,2050,0.894603956,From MOVES5,2059,ON
T_HDV_T_FCEV_N,2050,0.867765838,From MOVES5,2060,ON
T_HDV_T_FCEV_N,2050,0.833055204,From MOVES5,2061,ON
T_HDV_T_FCEV_N,2050,0.799732996,From MOVES5,2062,ON
T_HDV_T_FCEV_N,2050,0.759746346,From MOVES5,2063,ON
T_HDV_T_FCEV_N,2050,0.721759029,From MOVES5,2064,ON
T_HDV_T_FCEV_N,2050,0.685671077,From MOVES5,2065,ON
T_HDV_T_FCEV_N,2050,0.644530813,From MOVES5,2066,ON
T_HDV_T_FCEV_N,2050,0.605858964,From MOVES5,2067,ON
T_HDV_T_FCEV_N,2050,0.563448837,From MOVES5,2068,ON
T_HDV_T_FCEV_N,2050,0.524007418,From MOVES5,2069,ON
T_HDV_T_FCEV_N,2050,0.482086825,From MOVES5,2070,ON
T_HDV_T_FCEV_N,2050,0.443519879,From MOVES5,2071,ON
T_HDV_T_FCEV_N,2050,0.408038288,From MOVES5,2072,ON
T_HDV_T_FCEV_N,2050,0.371314842,From MOVES5,2073,ON
T_HDV_T_FCEV_N,2050,0.337896507,From MOVES5,2074,ON
T_HDV_T_FCEV_N,2050,0.307485821,From MOVES5,2075,ON
T_HDV_T_FCEV_N,2050,0.276737239,From MOVES5,2076,ON
T_HDV_T_FCEV_N,2050,0.249063515,From MOVES5,2077,ON
T_HDV_T_FCEV_N,2050,0.224157163,From MOVES5,2078,ON
T_HDV_T_FCEV_N,2050,0.199499876,From MOVES5,2079,ON
T_HDV_T_FCEV_N,2050,0.177554889,From MOVES5,2080,ON
T_HDV_T_FCEV_N,2050,0.158023851,From MOVES5,2081,ON
T_HDV_T_FCEV_N,2050,0.139060989,From MOVES5,2082,ON
T_HDV_T_FCEV_N,2050,0.122373671,From MOVES5,2083,ON
T_HDV_T_FCEV_N,2050,0.10768883,From MOVES5,2084,ON
T_HDV_T_FCEV_N,2050,0.093689282,From MOVES5,2085,ON
T_HDV_T_FCEV_N,2050,0.081509675,From MOVES5,2086,ON
T_HDV_T_FCEV_N,2050,0.070913418,From MOVES5,2087,ON
T_HDV_T_FCEV_N,2050,0.060985539,From MOVES5,2088,ON
T_HDV_T_FCEV_N,2050,0.052447564,From MOVES5,2089,ON
T_HDV_T_FCEV_N,2050,0.045104905,From MOVES5,2090,ON
T_HDV_T_FCEV_N,2050,0.038339169,From MOVES5,2091,ON
T_HDV_T_FCEV_N,2050,0,From MOVES5,2092,ON
T_HDV_T_FCHEV_N,2025,1,From MOVES5,2025,ON
T_HDV_T_FCHEV_N,2025,1,From MOVES5,2026,ON
T_HDV_T_FCHEV_N,2025,1,From MOVES5,2027,ON
T_HDV_T_FCHEV_N,2025,1,From MOVES5,2028,ON
T_HDV_T_FCHEV_N,2025,1,From MOVES5,2029,ON
T_HDV_T_FCHEV_N,2025,0.99,From MOVES5,2030,ON
T_HDV_T_FCHEV_N,2025,0.9702,From MOVES5,2031,ON
T_HDV_T_FCHEV_N,2025,0.950796,From MOVES5,2032,ON
T_HDV_T_FCHEV_N,2025,0.92227212,From MOVES5,2033,ON
T_HDV_T_FCHEV_N,2025,0.894603956,From MOVES5,2034,ON
T_HDV_T_FCHEV_N,2025,0.867765838,From MOVES5,2035,ON
T_HDV_T_FCHEV_N,2025,0.833055204,From MOVES5,2036,ON
T_HDV_T_FCHEV_N,2025,0.799732996,From MOVES5,2037,ON
T_HDV_T_FCHEV_N,2025,0.759746346,From MOVES5,2038,ON
T_HDV_T_FCHEV_N,2025,0.721759029,From MOVES5,2039,ON
T_HDV_T_FCHEV_N,2025,0.685671077,From MOVES5,2040,ON
T_HDV_T_FCHEV_N,2025,0.644530813,From MOVES5,2041,ON
T_HDV_T_FCHEV_N,2025,0.605858964,From MOVES5,2042,ON
T_HDV_T_FCHEV_N,2025,0.563448837,From MOVES5,2043,ON
T_HDV_T_FCHEV_N,2025,0.524007418,From MOVES5,2044,ON
T_HDV_T_FCHEV_N,2025,0.482086825,From MOVES5,2045,ON
T_HDV_T_FCHEV_N,2025,0.443519879,From MOVES5,2046,ON
T_HDV_T_FCHEV_N,2025,0.408038288,From MOVES5,2047,ON
T_HDV_T_FCHEV_N,2025,0.371314842,From MOVES5,2048,ON
T_HDV_T_FCHEV_N,2025,0.337896507,From MOVES5,2049,ON
T_HDV_T_FCHEV_N,2025,0.307485821,From MOVES5,2050,ON
T_HDV_T_FCHEV_N,2025,0.276737239,From MOVES5,2051,ON
T_HDV_T_FCHEV_N,2025,0.249063515,From MOVES5,2052,ON
T_HDV_T_FCHEV_N,2025,0.224157163,From MOVES5,2053,ON
T_HDV_T_FCHEV_N,2025,0.199499876,From MOVES5,2054,ON
T_HDV_T_FCHEV_N,2025,0.177554889,From MOVES5,2055,ON
T_HDV_T_FCHEV_N,2025,0.158023851,From MOVES5,2056,ON
T_HDV_T_FCHEV_N,2025,0.139060989,From MOVES5,2057,ON
T_HDV_T_FCHEV_N,2025,0.122373671,From MOVES5,2058,ON
T_HDV_T_FCHEV_N,2025,0.10768883,From MOVES5,2059,ON
T_HDV_T_FCHEV_N,2025,0.093689282,From MOVES5,2060,ON
T_HDV_T_FCHEV_N,2025,0.081509675,From MOVES5,2061,ON
T_HDV_T_FCHEV_N,2025,0.070913418,From MOVES5,2062,ON
T_HDV_T_FCHEV_N,2025,0.060985539,From MOVES5,2063,ON
T_HDV_T_FCHEV_N,2025,0.052447564,From MOVES5,2064,ON
T_HDV_T_FCHEV_N,2025,0.045104905,From MOVES5,2065,ON
T_HDV_T_FCHEV_N,2025,0.038339169,From MOVES5,2066,ON
T_HDV_T_FCHEV_N,2025,0,From MOVES5,2067,ON
T_HDV_T_FCHEV_N,2030,1,From MOVES5,2030,ON
T_HDV_T_FCHEV_N,2030,1,From MOVES5,2031,ON
T_HDV_T_FCHEV_N,2030,1,From MOVES5,2032,ON
T_HDV_T_FCHEV_N,2030,1,From MOVES5,2033,ON
T_HDV_T_FCHEV_N,2030,1,From MOVES5,2034,ON
T_HDV_T_FCHEV_N,2030,0.99,From MOVES5,2035,ON
T_HDV_T_FCHEV_N,2030,0.9702,From MOVES5,2036,ON
T_HDV_T_FCHEV_N,2030,0.950796,From MOVES5,2037,ON
T_HDV_T_FCHEV_N,2030,0.92227212,From MOVES5,2038,ON
T_HDV_T_FCHEV_N,2030,0.894603956,From MOVES5,2039,ON
T_HDV_T_FCHEV_N,2030,0.867765838,From MOVES5,2040,ON
T_HDV_T_FCHEV_N,2030,0.833055204,From MOVES5,2041,ON
T_HDV_T_FCHEV_N,2030,0.799732996,From MOVES5,2042,ON
T_HDV_T_FCHEV_N,2030,0.759746346,From MOVES5,2043,ON
T_HDV_T_FCHEV_N,2030,0.721759029,From MOVES5,2044,ON
T_HDV_T_FCHEV_N,2030,0.685671077,From MOVES5,2045,ON
T_HDV_T_FCHEV_N,2030,0.644530813,From MOVES5,2046,ON
T_HDV_T_FCHEV_N,2030,0.605858964,From MOVES5,2047,ON
T_HDV_T_FCHEV_N,2030,0.563448837,From MOVES5,2048,ON
T_HDV_T_FCHEV_N,2030,0.524007418,From MOVES5,2049,ON
T_HDV_T_FCHEV_N,2030,0.482086825,From MOVES5,2050,ON
T_HDV_T_FCHEV_N,2030,0.443519879,From MOVES5,2051,ON
T_HDV_T_FCHEV_N,2030,0.408038288,From MOVES5,2052,ON
T_HDV_T_FCHEV_N,2030,0.371314842,From MOVES5,2053,ON
T_HDV_T_FCHEV_N,2030,0.337896507,From MOVES5,2054,ON
T_HDV_T_FCHEV_N,2030,0.307485821,From MOVES5,2055,ON
T_HDV_T_FCHEV_N,2030,0.276737239,From MOVES5,2056,ON
T_HDV_T_FCHEV_N,2030,0.249063515,From MOVES5,2057,ON
T_HDV_T_FCHEV_N,2030,0.224157163,From MOVES5,2058,ON
T_HDV_T_FCHEV_N,2030,0.199499876,From MOVES5,2059,ON
T_HDV_T_FCHEV_N,2030,0.177554889,From MOVES5,2060,ON
T_HDV_T_FCHEV_N,2030,0.158023851,From MOVES5,2061,ON
T_HDV_T_FCHEV_N,2030,0.139060989,From MOVES5,2062,ON
T_HDV_T_FCHEV_N,2030,0.122373671,From MOVES5,2063,ON
T_HDV_T_FCHEV_N,2030,0.10768883,From MOVES5,2064,ON
T_HDV_T_FCHEV_N,2030,0.093689282,From MOVES5,2065,ON
T_HDV_T_FCHEV_N,2030,0.081509675,From MOVES5,2066,ON
T_HDV_T_FCHEV_N,2030,0.070913418,From MOVES5,2067,ON
T_HDV_T_FCHEV_N,2030,0.060985539,From MOVES5,2068,ON
T_HDV_T_FCHEV_N,2030,0.052447564,From MOVES5,2069,ON
T_HDV_T_FCHEV_N,2030,0.045104905,From MOVES5,2070,ON
T_HDV_T_FCHEV_N,2030,0.038339169,From MOVES5,2071,ON
T_HDV_T_FCHEV_N,2030,0,From MOVES5,2072,ON
T_HDV_T_FCHEV_N,2035,1,From MOVES5,2035,ON
T_HDV_T_FCHEV_N,2035,1,From MOVES5,2036,ON
T_HDV_T_FCHEV_N,2035,1,From MOVES5,2037,ON
T_HDV_T_FCHEV_N,2035,1,From MOVES5,2038,ON
T_HDV_T_FCHEV_N,2035,1,From MOVES5,2039,ON
T_HDV_T_FCHEV_N,2035,0.99,From MOVES5,2040,ON
T_HDV_T_FCHEV_N,2035,0.9702,From MOVES5,2041,ON
T_HDV_T_FCHEV_N,2035,0.950796,From MOVES5,2042,ON
T_HDV_T_FCHEV_N,2035,0.92227212,From MOVES5,2043,ON
T_HDV_T_FCHEV_N,2035,0.894603956,From MOVES5,2044,ON
T_HDV_T_FCHEV_N,2035,0.867765838,From MOVES5,2045,ON
T_HDV_T_FCHEV_N,2035,0.833055204,From MOVES5,2046,ON
T_HDV_T_FCHEV_N,2035,0.799732996,From MOVES5,2047,ON
T_HDV_T_FCHEV_N,2035,0.759746346,From MOVES5,2048,ON
T_HDV_T_FCHEV_N,2035,0.721759029,From MOVES5,2049,ON
T_HDV_T_FCHEV_N,2035,0.685671077,From MOVES5,2050,ON
T_HDV_T_FCHEV_N,2035,0.644530813,From MOVES5,2051,ON
T_HDV_T_FCHEV_N,2035,0.605858964,From MOVES5,2052,ON
T_HDV_T_FCHEV_N,2035,0.563448837,From MOVES5,2053,ON
T_HDV_T_FCHEV_N,2035,0.524007418,From MOVES5,2054,ON
T_HDV_T_FCHEV_N,2035,0.482086825,From MOVES5,2055,ON
T_HDV_T_FCHEV_N,2035,0.443519879,From MOVES5,2056,ON
T_HDV_T_FCHEV_N,2035,0.408038288,From MOVES5,2057,ON
T_HDV_T_FCHEV_N,2035,0.371314842,From MOVES5,2058,ON
T_HDV_T_FCHEV_N,2035,0.337896507,From MOVES5,2059,ON
T_HDV_T_FCHEV_N,2035,0.307485821,From MOVES5,2060,ON
T_HDV_T_FCHEV_N,2035,0.276737239,From MOVES5,2061,ON
T_HDV_T_FCHEV_N,2035,0.249063515,From MOVES5,2062,ON
T_HDV_T_FCHEV_N,2035,0.224157163,From MOVES5,2063,ON
T_HDV_T_FCHEV_N,2035,0.199499876,From MOVES5,2064,ON
T_HDV_T_FCHEV_N,2035,0.177554889,From MOVES5,2065,ON
T_HDV_T_FCHEV_N,2035,0.158023851,From MOVES5,2066,ON
T_HDV_T_FCHEV_N,2035,0.139060989,From MOVES5,2067,ON
T_HDV_T_FCHEV_N,2035,0.122373671,From MOVES5,2068,ON
T_HDV_T_FCHEV_N,2035,0.10768883,From MOVES5,2069,ON
T_HDV_T_FCHEV_N,2035,0.093689282,From MOVES5,2070,ON
T_HDV_T_FCHEV_N,2035,0.081509675,From MOVES5,2071,ON
T_HDV_T_FCHEV_N,2035,0.070913418,From MOVES5,2072,ON
T_HDV_T_FCHEV_N,2035,0.060985539,From MOVES5,2073,ON
T_HDV_T_FCHEV_N,2035,0.052447564,From MOVES5,2074,ON
T_HDV_T_FCHEV_N,2035,0.045104905,From MOVES5,2075,ON
T_HDV_T_FCHEV_N,2035,0.038339169,From MOVES5,2076,ON
T_HDV_T_FCHEV_N,2035,0,From MOVES5,2077,ON
T_HDV_T_FCHEV_N,2040,1,From MOVES5,2040,ON
T_HDV_T_FCHEV_N,2040,1,From MOVES5,2041,ON
T_HDV_T_FCHEV_N,2040,1,From MOVES5,2042,ON
T_HDV_T_FCHEV_N,2040,1,From MOVES5,2043,ON
T_HDV_T_FCHEV_N,2040,1,From MOVES5,2044,ON
T_HDV_T_FCHEV_N,2040,0.99,From MOVES5,2045,ON
T_HDV_T_FCHEV_N,2040,0.9702,From MOVES5,2046,ON
T_HDV_T_FCHEV_N,2040,0.950796,From MOVES5,2047,ON
T_HDV_T_FCHEV_N,2040,0.92227212,From MOVES5,2048,ON
T_HDV_T_FCHEV_N,2040,0.894603956,From MOVES5,2049,ON
T_HDV_T_FCHEV_N,2040,0.867765838,From MOVES5,2050,ON
T_HDV_T_FCHEV_N,2040,0.833055204,From MOVES5,2051,ON
T_HDV_T_FCHEV_N,2040,0.799732996,From MOVES5,2052,ON
T_HDV_T_FCHEV_N,2040,0.759746346,From MOVES5,2053,ON
T_HDV_T_FCHEV_N,2040,0.721759029,From MOVES5,2054,ON
T_HDV_T_FCHEV_N,2040,0.685671077,From MOVES5,2055,ON
T_HDV_T_FCHEV_N,2040,0.644530813,From MOVES5,2056,ON
T_HDV_T_FCHEV_N,2040,0.605858964,From MOVES5,2057,ON
T_HDV_T_FCHEV_N,2040,0.563448837,From MOVES5,2058,ON
T_HDV_T_FCHEV_N,2040,0.524007418,From MOVES5,2059,ON
T_HDV_T_FCHEV_N,2040,0.482086825,From MOVES5,2060,ON
T_HDV_T_FCHEV_N,2040,0.443519879,From MOVES5,2061,ON
T_HDV_T_FCHEV_N,2040,0.408038288,From MOVES5,2062,ON
T_HDV_T_FCHEV_N,2040,0.371314842,From MOVES5,2063,ON
T_HDV_T_FCHEV_N,2040,0.337896507,From MOVES5,2064,ON
T_HDV_T_FCHEV_N,2040,0.307485821,From MOVES5,2065,ON
T_HDV_T_FCHEV_N,2040,0.276737239,From MOVES5,2066,ON
T_HDV_T_FCHEV_N,2040,0.249063515,From MOVES5,2067,ON
T_HDV_T_FCHEV_N,2040,0.224157163,From MOVES5,2068,ON
T_HDV_T_FCHEV_N,2040,0.199499876,From MOVES5,2069,ON
T_HDV_T_FCHEV_N,2040,0.177554889,From MOVES5,2070,ON
T_HDV_T_FCHEV_N,2040,0.158023851,From MOVES5,2071,ON
T_HDV_T_FCHEV_N,2040,0.139060989,From MOVES5,2072,ON
T_HDV_T_FCHEV_N,2040,0.122373671,From MOVES5,2073,ON
T_HDV_T_FCHEV_N,2040,0.10768883,From MOVES5,2074,ON
T_HDV_T_FCHEV_N,2040,0.093689282,From MOVES5,2075,ON
T_HDV_T_FCHEV_N,2040,0.081509675,From MOVES5,2076,ON
T_HDV_T_FCHEV_N,2040,0.070913418,From MOVES5,2077,ON
T_HDV_T_FCHEV_N,2040,0.060985539,From MOVES5,2078,ON
T_HDV_T_FCHEV_N,2040,0.052447564,From MOVES5,2079,ON
T_HDV_T_FCHEV_N,2040,0.045104905,From MOVES5,2080,ON
T_HDV_T_FCHEV_N,2040,0.038339169,From MOVES5,2081,ON
T_HDV_T_FCHEV_N,2040,0,From MOVES5,2082,ON
T_HDV_T_FCHEV_N,2045,1,From MOVES5,2045,ON
T_HDV_T_FCHEV_N,2045,1,From MOVES5,2046,ON
T_HDV_T_FCHEV_N,2045,1,From MOVES5,2047,ON
T_HDV_T_FCHEV_N,2045,1,From MOVES5,2048,ON
T_HDV_T_FCHEV_N,2045,1,From MOVES5,2049,ON
T_HDV_T_FCHEV_N,2045,0.99,From MOVES5,2050,ON
T_HDV_T_FCHEV_N,2045,0.9702,From MOVES5,2051,ON
T_HDV_T_FCHEV_N,2045,0.950796,From MOVES5,2052,ON
T_HDV_T_FCHEV_N,2045,0.92227212,From MOVES5,2053,ON
T_HDV_T_FCHEV_N,2045,0.894603956,From MOVES5,2054,ON
T_HDV_T_FCHEV_N,2045,0.867765838,From MOVES5,2055,ON
T_HDV_T_FCHEV_N,2045,0.833055204,From MOVES5,2056,ON
T_HDV_T_FCHEV_N,2045,0.799732996,From MOVES5,2057,ON
T_HDV_T_FCHEV_N,2045,0.759746346,From MOVES5,2058,ON
T_HDV_T_FCHEV_N,2045,0.721759029,From MOVES5,2059,ON
T_HDV_T_FCHEV_N,2045,0.685671077,From MOVES5,2060,ON
T_HDV_T_FCHEV_N,2045,0.644530813,From MOVES5,2061,ON
T_HDV_T_FCHEV_N,2045,0.605858964,From MOVES5,2062,ON
T_HDV_T_FCHEV_N,2045,0.563448837,From MOVES5,2063,ON
T_HDV_T_FCHEV_N,2045,0.524007418,From MOVES5,2064,ON
T_HDV_T_FCHEV_N,2045,0.482086825,From MOVES5,2065,ON
T_HDV_T_FCHEV_N,2045,0.443519879,From MOVES5,2066,ON
T_HDV_T_FCHEV_N,2045,0.408038288,From MOVES5,2067,ON
T_HDV_T_FCHEV_N,2045,0.371314842,From MOVES5,2068,ON
T_HDV_T_FCHEV_N,2045,0.337896507,From MOVES5,2069,ON
T_HDV_T_FCHEV_N,2045,0.307485821,From MOVES5,2070,ON
T_HDV_T_FCHEV_N,2045,0.276737239,From MOVES5,2071,ON
T_HDV_T_FCHEV_N,2045,0.249063515,From MOVES5,2072,ON
T_HDV_T_FCHEV_N,2045,0.224157163,From MOVES5,2073,ON
T_HDV_T_FCHEV_N,2045,0.199499876,From MOVES5,2074,ON
T_HDV_T_FCHEV_N,2045,0.177554889,From MOVES5,2075,ON
T_HDV_T_FCHEV_N,2045,0.158023851,From MOVES5,2076,ON
T_HDV_T_FCHEV_N,2045,0.139060989,From MOVES5,2077,ON
T_HDV_T_FCHEV_N,2045,0.122373671,From MOVES5,2078,ON
T_HDV_T_FCHEV_N,2045,0.10768883,From MOVES5,2079,ON
T_HDV_T_FCHEV_N,2045,0.093689282,From MOVES5,2080,ON
T_HDV_T_FCHEV_N,2045,0.081509675,From MOVES5,2081,ON
T_HDV_T_FCHEV_N,2045,0.070913418,From MOVES5,2082,ON
T_HDV_T_FCHEV_N,2045,0.060985539,From MOVES5,2083,ON
T_HDV_T_FCHEV_N,2045,0.052447564,From MOVES5,2084,ON
T_HDV_T_FCHEV_N,2045,0.045104905,From MOVES5,2085,ON
T_HDV_T_FCHEV_N,2045,0.038339169,From MOVES5,2086,ON
T_HDV_T_FCHEV_N,2045,0,From MOVES5,2087,ON
T_HDV_T_FCHEV_N,2050,1,From MOVES5,2050,ON
T_HDV_T_FCHEV_N,2050,1,From MOVES5,2051,ON
T_HDV_T_FCHEV_N,2050,1,From MOVES5,2052,ON
T_HDV_T_FCHEV_N,2050,1,From MOVES5,2053,ON
T_HDV_T_FCHEV_N,2050,1,From MOVES5,2054,ON
T_HDV_T_FCHEV_N,2050,0.99,From MOVES5,2055,ON
T_HDV_T_FCHEV_N,2050,0.9702,From MOVES5,2056,ON
T_HDV_T_FCHEV_N,2050,0.950796,From MOVES5,2057,ON
T_HDV_T_FCHEV_N,2050,0.92227212,From MOVES5,2058,ON
T_HDV_T_FCHEV_N,2050,0.894603956,From MOVES5,2059,ON
T_HDV_T_FCHEV_N,2050,0.867765838,From MOVES5,2060,ON
T_HDV_T_FCHEV_N,2050,0.833055204,From MOVES5,2061,ON
T_HDV_T_FCHEV_N,2050,0.799732996,From MOVES5,2062,ON
T_HDV_T_FCHEV_N,2050,0.759746346,From MOVES5,2063,ON
T_HDV_T_FCHEV_N,2050,0.721759029,From MOVES5,2064,ON
T_HDV_T_FCHEV_N,2050,0.685671077,From MOVES5,2065,ON
T_HDV_T_FCHEV_N,2050,0.644530813,From MOVES5,2066,ON
T_HDV_T_FCHEV_N,2050,0.605858964,From MOVES5,2067,ON
T_HDV_T_FCHEV_N,2050,0.563448837,From MOVES5,2068,ON
T_HDV_T_FCHEV_N,2050,0.524007418,From MOVES5,2069,ON
T_HDV_T_FCHEV_N,2050,0.482086825,From MOVES5,2070,ON
T_HDV_T_FCHEV_N,2050,0.443519879,From MOVES5,2071,ON
T_HDV_T_FCHEV_N,2050,0.408038288,From MOVES5,2072,ON
T_HDV_T_FCHEV_N,2050,0.371314842,From MOVES5,2073,ON
T_HDV_T_FCHEV_N,2050,0.337896507,From MOVES5,2074,ON
T_HDV_T_FCHEV_N,2050,0.307485821,From MOVES5,2075,ON
T_HDV_T_FCHEV_N,2050,0.276737239,From MOVES5,2076,ON
T_HDV_T_FCHEV_N,2050,0.249063515,From MOVES5,2077,ON
T_HDV_T_FCHEV_N,2050,0.224157163,From MOVES5,2078,ON
T_HDV_T_FCHEV_N,2050,0.199499876,From MOVES5,2079,ON
T_HDV_T_FCHEV_N,2050,0.177554889,From MOVES5,2080,ON
T_HDV_T_FCHEV_N,2050,0.158023851,From MOVES5,2081,ON
T_HDV_T_FCHEV_N,2050,0.139060989,From MOVES5,2082,ON
T_HDV_T_FCHEV_N,2050,0.122373671,From MOVES5,2083,ON
T_HDV_T_FCHEV_N,2050,0.10768883,From MOVES5,2084,ON
T_HDV_T_FCHEV_N,2050,0.093689282,From MOVES5,2085,ON
T_HDV_T_FCHEV_N,2050,0.081509675,From MOVES5,2086,ON
T_HDV_T_FCHEV_N,2050,0.070913418,From MOVES5,2087,ON
T_HDV_T_FCHEV_N,2050,0.060985539,From MOVES5,2088,ON
T_HDV_T_FCHEV_N,2050,0.052447564,From MOVES5,2089,ON
T_HDV_T_FCHEV_N,2050,0.045104905,From MOVES5,2090,ON
T_HDV_T_FCHEV_N,2050,0.038339169,From MOVES5,2091,ON
T_HDV_T_FCHEV_N,2050,0,From MOVES5,2092,ON