region,period,tech,output_comm,operator,factor
AB,2025,T_HDV_T_BEV_N,T_D_tkm_hdv_t,le,0.20341542987692296
AB,2025,T_HDV_T_DSL_EX,T_D_tkm_hdv_t,le,0.20341542987692296
AB,2025,T_HDV_T_DSL_HEV_N,T_D_tkm_hdv_t,le,0.20341542987692296
AB,2025,T_HDV_T_DSL_N,T_D_tkm_hdv_t,le,0.20341542987692296
AB,2025,T_HDV_T_DSL_PHEV_N,T_D_tkm_hdv_t,le,0.20341542987692296
AB,2025,T_HDV_T_FCEV_N,T_D_tkm_hdv_t,le,0.20341542987692296
AB,2025,T_HDV_T_FCHEV_N,T_D_tkm_hdv_t,le,0.20341542987692296
AB,2025,T_LDV_LTF_BEV150_N,T_D_tkm_ldv_t,le,0.03151138247127415
AB,2025,T_LDV_LTF_BEV200_N,T_D_tkm_ldv_t,le,0.03151138247127415
AB,2025,T_LDV_LTF_BEV300_N,T_D_tkm_ldv_t,le,0.03151138247127415
AB,2025,T_LDV_LTF_BEV400_N,T_D_tkm_ldv_t,le,0.03151138247127415
AB,2025,T_LDV_LTF_CNG_N,T_D_tkm_ldv_t,le,0.03151138247127415
AB,2025,T_LDV_LTF_DSL_EX,T_D_tkm_ldv_t,le,0.03151138247127415
AB,2025,T_LDV_LTF_DSL_N,T_D_tkm_ldv_t,le,0.03151138247127415
AB,2025,T_LDV_LTF_FCEV400_N,T_D_tkm_ldv_t,le,0.03151138247127415
AB,2025,T_LDV_LTF_GSL_EX,T_D_tkm_ldv_t,le,0.03151138247127415
AB,2025,T_LDV_LTF_GSL_HEV_EX,T_D_tkm_ldv_t,le,0.03151138247127415
AB,2025,T_LDV_LTF_GSL_HEV_N,T_D_tkm_ldv_t,le,0.03151138247127415
AB,2025,T_LDV_LTF_GSL_N,T_D_tkm_ldv_t,le,0.03151138247127415
AB,2025,T_LDV_LTF_GSL_PHEV35_EX,T_D_tkm_ldv_t,le,0.03151138247127415
AB,2025,T_LDV_LTF_GSL_PHEV35_N,T_D_tkm_ldv_t,le,0.03151138247127415
AB,2025,T_LDV_LTF_GSL_PHEV50_N,T_D_tkm_ldv_t,le,0.03151138247127415
AB,2025,T_LDV_LTP_BEV150_N,T_D_pkm_ldv_t,le,0.016864930413194312
AB,2025,T_LDV_LTP_BEV200_N,T_D_pkm_ldv_t,le,0.016864930413194312
AB,2025,T_LDV_LTP_BEV300_EX,T_D_pkm_ldv_t,le,0.016864930413194312
AB,2025,T_LDV_LTP_BEV300_N,T_D_pkm_ldv_t,le,0.016864930413194312
AB,2025,T_LDV_LTP_BEV400_N,T_D_pkm_ldv_t,le,0.016864930413194312
AB,2025,T_LDV_LTP_CNG_N,T_D_pkm_ldv_t,le,0.016864930413194312
AB,2025,T_LDV_LTP_DSL_EX,T_D_pkm_ldv_t,le,0.016864930413194312
AB,2025,T_LDV_LTP_DSL_N,T_D_pkm_ldv_t,le,0.016864930413194312
AB,2025,T_LDV_LTP_FCEV400_N,T_D_pkm_ldv_t,le,0.016864930413194312
AB,2025,T_LDV_LTP_GSL_EX,T_D_pkm_ldv_t,le,0.016864930413194312
AB,2025,T_LDV_LTP_GSL_HEV_EX,T_D_pkm_ldv_t,le,0.016864930413194312
AB,2025,T_LDV_LTP_GSL_HEV_N,T_D_pkm_ldv_t,le,0.016864930413194312
AB,2025,T_LDV_LTP_GSL_N,T_D_pkm_ldv_t,le,0.016864930413194312
AB,2025,T_LDV_LTP_GSL_PHEV35_EX,T_D_pkm_ldv_t,le,0.016864930413194312
AB,2025,T_LDV_LTP_GSL_PHEV35_N,T_D_pkm_ldv_t,le,0.016864930413194312
AB,2025,T_LDV_LTP_GSL_PHEV50_N,T_D_pkm_ldv_t,le,0.016864930413194312
AB,2030,T_HDV_T_BEV_N,T_D_tkm_hdv_t,le,0.20341542987692296
AB,2030,T_HDV_T_DSL_EX,T_D_tkm_hdv_t,le,0.20341542987692296
AB,2030,T_HDV_T_DSL_HEV_N,T_D_tkm_hdv_t,le,0.20341542987692296
AB,2030,T_HDV_T_DSL_N,T_D_tkm_hdv_t,le,0.20341542987692296
AB,2030,T_HDV_T_DSL_PHEV_N,T_D_tkm_hdv_t,le,0.20341542987692296
AB,2030,T_HDV_T_FCEV_N,T_D_tkm_hdv_t,le,0.20341542987692296
AB,2030,T_HDV_T_FCHEV_N,T_D_tkm_hdv_t,le,0.20341542987692296
AB,2030,T_LDV_LTF_BEV150_N,T_D_tkm_ldv_t,le,0.03151138247127415
AB,2030,T_LDV_LTF_BEV200_N,T_D_tkm_ldv_t,le,0.03151138247127415
AB,2030,T_LDV_LTF_BEV300_N,T_D_tkm_ldv_t,le,0.03151138247127415
AB,2030,T_LDV_LTF_BEV400_N,T_D_tkm_ldv_t,le,0.03151138247127415
AB,2030,T_LDV_LTF_CNG_N,T_D_tkm_ldv_t,le,0.03151138247127415
AB,2030,T_LDV_LTF_DSL_EX,T_D_tkm_ldv_t,le,0.03151138247127415
AB,2030,T_LDV_LTF_DSL_N,T_D_tkm_ldv_t,le,0.03151138247127415
AB,2030,T_LDV_LTF_FCEV400_N,T_D_tkm_ldv_t,le,0.03151138247127415
AB,2030,T_LDV_LTF_GSL_EX,T_D_tkm_ldv_t,le,0.03151138247127415
AB,2030,T_LDV_LTF_GSL_HEV_EX,T_D_tkm_ldv_t,le,0.03151138247127415
AB,2030,T_LDV_LTF_GSL_HEV_N,T_D_tkm_ldv_t,le,0.03151138247127415
AB,2030,T_LDV_LTF_GSL_N,T_D_tkm_ldv_t,le,0.03151138247127415
AB,2030,T_LDV_LTF_GSL_PHEV35_EX,T_D_tkm_ldv_t,le,0.03151138247127415
AB,2030,T_LDV_LTF_GSL_PHEV35_N,T_D_tkm_ldv_t,le,0.03151138247127415
AB,2030,T_LDV_LTF_GSL_PHEV50_N,T_D_tkm_ldv_t,le,0.03151138247127415
AB,2030,T_LDV_LTP_BEV150_N,T_D_pkm_ldv_t,le,0.016864930413194312
AB,2030,T_LDV_LTP_BEV200_N,T_D_pkm_ldv_t,le,0.016864930413194312
AB,2030,T_LDV_LTP_BEV300_EX,T_D_pkm_ldv_t,le,0.016864930413194312
AB,2030,T_LDV_LTP_BEV300_N,T_D_pkm_ldv_t,le,0.016864930413194312
AB,2030,T_LDV_LTP_BEV400_N,T_D_pkm_ldv_t,le,0.016864930413194312
AB,2030,T_LDV_LTP_CNG_N,T_D_pkm_ldv_t,le,0.016864930413194312
AB,2030,T_LDV_LTP_DSL_EX,T_D_pkm_ldv_t,le,0.016864930413194312
AB,2030,T_LDV_LTP_DSL_N,T_D_pkm_ldv_t,le,0.016864930413194312
AB,2030,T_LDV_LTP_FCEV400_N,T_D_pkm_ldv_t,le,0.016864930413194312
AB,2030,T_LDV_LTP_GSL_EX,T_D_pkm_ldv_t,le,0.016864930413194312
AB,2030,T_LDV_LTP_GSL_HEV_EX,T_D_pkm_ldv_t,le,0.016864930413194312
AB,2030,T_LDV_LTP_GSL_HEV_N,T_D_pkm_ldv_t,le,0.016864930413194312
AB,2030,T_LDV_LTP_GSL_N,T_D_pkm_ldv_t,le,0.016864930413194312
AB,2030,T_LDV_LTP_GSL_PHEV35_EX,T_D_pkm_ldv_t,le,0.016864930413194312
AB,2030,T_LDV_LTP_GSL_PHEV35_N,T_D_pkm_ldv_t,le,0.016864930413194312
AB,2030,T_LDV_LTP_GSL_PHEV50_N,T_D_pkm_ldv_t,le,0.016864930413194312
AB,2035,T_HDV_T_BEV_N,T_D_tkm_hdv_t,le,0.20341542987692296
AB,2035,T_HDV_T_DSL_EX,T_D_tkm_hdv_t,le,0.20341542987692296
AB,2035,T_HDV_T_DSL_HEV_N,T_D_tkm_hdv_t,le,0.20341542987692296
AB,2035,T_HDV_T_DSL_N,T_D_tkm_hdv_t,le,0.20341542987692296
AB,2035,T_HDV_T_DSL_PHEV_N,T_D_tkm_hdv_t,le,0.20341542987692296
AB,2035,T_HDV_T_FCEV_N,T_D_tkm_hdv_t,le,0.20341542987692296
AB,2035,T_HDV_T_FCHEV_N,T_D_tkm_hdv_t,le,0.20341542987692296
AB,2035,T_LDV_LTF_BEV150_N,T_D_tkm_ldv_t,le,0.03151138247127415
AB,2035,T_LDV_LTF_BEV200_N,T_D_tkm_ldv_t,le,0.03151138247127415
AB,2035,T_LDV_LTF_BEV300_N,T_D_tkm_ldv_t,le,0.03151138247127415
AB,2035,T_LDV_LTF_BEV400_N,T_D_tkm_ldv_t,le,0.03151138247127415
AB,2035,T_LDV_LTF_CNG_N,T_D_tkm_ldv_t,le,0.03151138247127415
AB,2035,T_LDV_LTF_DSL_EX,T_D_tkm_ldv_t,le,0.03151138247127415
AB,2035,T_LDV_LTF_DSL_N,T_D_tkm_ldv_t,le,0.03151138247127415
AB,2035,T_LDV_LTF_FCEV400_N,T_D_tkm_ldv_t,le,0.03151138247127415
AB,2035,T_LDV_LTF_GSL_EX,T_D_tkm_ldv_t,le,0.03151138247127415
AB,2035,T_LDV_LTF_GSL_HEV_EX,T_D_tkm_ldv_t,le,0.03151138247127415
AB,2035,T_LDV_LTF_GSL_HEV_N,T_D_tkm_ldv_t,le,0.03151138247127415
AB,2035,T_LDV_LTF_GSL_N,T_D_tkm_ldv_t,le,0.03151138247127415
AB,2035,T_LDV_LTF_GSL_PHEV35_EX,T_D_tkm_ldv_t,le,0.03151138247127415
AB,2035,T_LDV_LTF_GSL_PHEV35_N,T_D_tkm_ldv_t,le,0.03151138247127415
AB,2035,T_LDV_LTF_GSL_PHEV50_N,T_D_tkm_ldv_t,le,0.03151138247127415
AB,2035,T_LDV_LTP_BEV150_N,T_D_pkm_ldv_t,le,0.016864930413194312
AB,2035,T_LDV_LTP_BEV200_N,T_D_pkm_ldv_t,le,0.016864930413194312
AB,2035,T_LDV_LTP_BEV300_EX,T_D_pkm_ldv_t,le,0.016864930413194312
AB,2035,T_LDV_LTP_BEV300_N,T_D_pkm_ldv_t,le,0.016864930413194312
AB,2035,T_LDV_LTP_BEV400_N,T_D_pkm_ldv_t,le,0.016864930413194312
AB,2035,T_LDV_LTP_CNG_N,T_D_pkm_ldv_t,le,0.016864930413194312
AB,2035,T_LDV_LTP_DSL_EX,T_D_pkm_ldv_t,le,0.016864930413194312
AB,2035,T_LDV_LTP_DSL_N,T_D_pkm_ldv_t,le,0.016864930413194312
AB,2035,T_LDV_LTP_FCEV400_N,T_D_pkm_ldv_t,le,0.016864930413194312
AB,2035,T_LDV_LTP_GSL_EX,T_D_pkm_ldv_t,le,0.016864930413194312
AB,2035,T_LDV_LTP_GSL_HEV_EX,T_D_pkm_ldv_t,le,0.016864930413194312
AB,2035,T_LDV_LTP_GSL_HEV_N,T_D_pkm_ldv_t,le,0.016864930413194312
AB,2035,T_LDV_LTP_GSL_N,T_D_pkm_ldv_t,le,0.016864930413194312
AB,2035,T_LDV_LTP_GSL_PHEV35_EX,T_D_pkm_ldv_t,le,0.016864930413194312
AB,2035,T_LDV_LTP_GSL_PHEV35_N,T_D_pkm_ldv_t,le,0.016864930413194312
AB,2035,T_LDV_LTP_GSL_PHEV50_N,T_D_pkm_ldv_t,le,0.016864930413194312
AB,2040,T_HDV_T_BEV_N,T_D_tkm_hdv_t,le,0.20341542987692296
AB,2040,T_HDV_T_DSL_HEV_N,T_D_tkm_hdv_t,le,0.20341542987692296
AB,2040,T_HDV_T_DSL_N,T_D_tkm_hdv_t,le,0.20341542987692296
AB,2040,T_HDV_T_DSL_PHEV_N,T_D_tkm_hdv_t,le,0.20341542987692296
AB,2040,T_HDV_T_FCEV_N,T_D_tkm_hdv_t,le,0.20341542987692296
AB,2040,T_HDV_T_FCHEV_N,T_D_tkm_hdv_t,le,0.20341542987692296
AB,2040,T_LDV_LTF_BEV150_N,T_D_tkm_ldv_t,le,0.03151138247127415
AB,2040,T_LDV_LTF_BEV200_N,T_D_tkm_ldv_t,le,0.03151138247127415
AB,2040,T_LDV_LTF_BEV300_N,T_D_tkm_ldv_t,le,0.03151138247127415
AB,2040,T_LDV_LTF_BEV400_N,T_D_tkm_ldv_t,le,0.03151138247127415
AB,2040,T_LDV_LTF_CNG_N,T_D_tkm_ldv_t,le,0.03151138247127415
AB,2040,T_LDV_LTF_DSL_N,T_D_tkm_ldv_t,le,0.03151138247127415
AB,2040,T_LDV_LTF_FCEV400_N,T_D_tkm_ldv_t,le,0.03151138247127415
AB,2040,T_LDV_LTF_GSL_HEV_N,T_D_tkm_ldv_t,le,0.03151138247127415
AB,2040,T_LDV_LTF_GSL_N,T_D_tkm_ldv_t,le,0.03151138247127415
AB,2040,T_LDV_LTF_GSL_PHEV35_N,T_D_tkm_ldv_t,le,0.03151138247127415
AB,2040,T_LDV_LTF_GSL_PHEV50_N,T_D_tkm_ldv_t,le,0.03151138247127415
AB,2040,T_LDV_LTP_BEV150_N,T_D_pkm_ldv_t,le,0.016864930413194312
AB,2040,T_LDV_LTP_BEV200_N,T_D_pkm_ldv_t,le,0.016864930413194312
AB,2040,T_LDV_LTP_BEV300_N,T_D_pkm_ldv_t,le,0.016864930413194312
AB,2040,T_LDV_LTP_BEV400_N,T_D_pkm_ldv_t,le,0.016864930413194312
AB,2040,T_LDV_LTP_CNG_N,T_D_pkm_ldv_t,le,0.016864930413194312
AB,2040,T_LDV_LTP_DSL_N,T_D_pkm_ldv_t,le,0.016864930413194312
AB,2040,T_LDV_LTP_FCEV400_N,T_D_pkm_ldv_t,le,0.016864930413194312
AB,2040,T_LDV_LTP_GSL_HEV_N,T_D_pkm_ldv_t,le,0.016864930413194312
AB,2040,T_LDV_LTP_GSL_N,T_D_pkm_ldv_t,le,0.016864930413194312
AB,2040,T_LDV_LTP_GSL_PHEV35_N,T_D_pkm_ldv_t,le,0.016864930413194312
AB,2040,T_LDV_LTP_GSL_PHEV50_N,T_D_pkm_ldv_t,le,0.016864930413194312
AB,2045,T_HDV_T_BEV_N,T_D_tkm_hdv_t,le,0.20341542987692296
AB,2045,T_HDV_T_DSL_HEV_N,T_D_tkm_hdv_t,le,0.20341542987692296
AB,2045,T_HDV_T_DSL_N,T_D_tkm_hdv_t,le,0.20341542987692296
AB,2045,T_HDV_T_DSL_PHEV_N,T_D_tkm_hdv_t,le,0.20341542987692296
AB,2045,T_HDV_T_FCEV_N,T_D_tkm_hdv_t,le,0.20341542987692296
AB,2045,T_HDV_T_FCHEV_N,T_D_tkm_hdv_t,le,0.20341542987692296
AB,2045,T_LDV_LTF_BEV150_N,T_D_tkm_ldv_t,le,0.03151138247127415
AB,2045,T_LDV_LTF_BEV200_N,T_D_tkm_ldv_t,le,0.03151138247127415
AB,2045,T_LDV_LTF_BEV300_N,T_D_tkm_ldv_t,le,0.03151138247127415
AB,2045,T_LDV_LTF_BEV400_N,T_D_tkm_ldv_t,le,0.03151138247127415
AB,2045,T_LDV_LTF_CNG_N,T_D_tkm_ldv_t,le,0.03151138247127415
AB,2045,T_LDV_LTF_DSL_N,T_D_tkm_ldv_t,le,0.03151138247127415
AB,2045,T_LDV_LTF_FCEV400_N,T_D_tkm_ldv_t,le,0.03151138247127415
AB,2045,T_LDV_LTF_GSL_HEV_N,T_D_tkm_ldv_t,le,0.03151138247127415
AB,2045,T_LDV_LTF_GSL_N,T_D_tkm_ldv_t,le,0.03151138247127415
AB,2045,T_LDV_LTF_GSL_PHEV35_N,T_D_tkm_ldv_t,le,0.03151138247127415
AB,2045,T_LDV_LTF_GSL_PHEV50_N,T_D_tkm_ldv_t,le,0.03151138247127415
AB,2045,T_LDV_LTP_BEV150_N,T_D_pkm_ldv_t,le,0.016864930413194312
AB,2045,T_LDV_LTP_BEV200_N,T_D_pkm_ldv_t,le,0.016864930413194312
AB,2045,T_LDV_LTP_BEV300_N,T_D_pkm_ldv_t,le,0.016864930413194312
AB,2045,T_LDV_LTP_BEV400_N,T_D_pkm_ldv_t,le,0.016864930413194312
AB,2045,T_LDV_LTP_CNG_N,T_D_pkm_ldv_t,le,0.016864930413194312
AB,2045,T_LDV_LTP_DSL_N,T_D_pkm_ldv_t,le,0.016864930413194312
AB,2045,T_LDV_LTP_FCEV400_N,T_D_pkm_ldv_t,le,0.016864930413194312
AB,2045,T_LDV_LTP_GSL_HEV_N,T_D_pkm_ldv_t,le,0.016864930413194312
AB,2045,T_LDV_LTP_GSL_N,T_D_pkm_ldv_t,le,0.016864930413194312
AB,2045,T_LDV_LTP_GSL_PHEV35_N,T_D_pkm_ldv_t,le,0.016864930413194312
AB,2045,T_LDV_LTP_GSL_PHEV50_N,T_D_pkm_ldv_t,le,0.016864930413194312
AB,2050,T_HDV_T_BEV_N,T_D_tkm_hdv_t,le,0.20341542987692296
AB,2050,T_HDV_T_DSL_HEV_N,T_D_tkm_hdv_t,le,0.20341542987692296
AB,2050,T_HDV_T_DSL_N,T_D_tkm_hdv_t,le,0.20341542987692296
AB,2050,T_HDV_T_DSL_PHEV_N,T_D_tkm_hdv_t,le,0.20341542987692296
AB,2050,T_HDV_T_FCEV_N,T_D_tkm_hdv_t,le,0.20341542987692296
AB,2050,T_HDV_T_FCHEV_N,T_D_tkm_hdv_t,le,0.20341542987692296
AB,2050,T_LDV_LTF_BEV150_N,T_D_tkm_ldv_t,le,0.03151138247127415
AB,2050,T_LDV_LTF_BEV200_N,T_D_tkm_ldv_t,le,0.03151138247127415
AB,2050,T_LDV_LTF_BEV300_N,T_D_tkm_ldv_t,le,0.03151138247127415
AB,2050,T_LDV_LTF_BEV400_N,T_D_tkm_ldv_t,le,0.03151138247127415
AB,2050,T_LDV_LTF_CNG_N,T_D_tkm_ldv_t,le,0.03151138247127415
AB,2050,T_LDV_LTF_DSL_N,T_D_tkm_ldv_t,le,0.03151138247127415
AB,2050,T_LDV_LTF_FCEV400_N,T_D_tkm_ldv_t,le,0.03151138247127415
AB,2050,T_LDV_LTF_GSL_HEV_N,T_D_tkm_ldv_t,le,0.03151138247127415
AB,2050,T_LDV_LTF_GSL_N,T_D_tkm_ldv_t,le,0.03151138247127415
AB,2050,T_LDV_LTF_GSL_PHEV35_N,T_D_tkm_ldv_t,le,0.03151138247127415
AB,2050,T_LDV_LTF_GSL_PHEV50_N,T_D_tkm_ldv_t,le,0.03151138247127415
AB,2050,T_LDV_LTP_BEV150_N,T_D_pkm_ldv_t,le,0.016864930413194312
AB,2050,T_LDV_LTP_BEV200_N,T_D_pkm_ldv_t,le,0.016864930413194312
AB,2050,T_LDV_LTP_BEV300_N,T_D_pkm_ldv_t,le,0.016864930413194312
AB,2050,T_LDV_LTP_BEV400_N,T_D_pkm_ldv_t,le,0.016864930413194312
AB,2050,T_LDV_LTP_CNG_N,T_D_pkm_ldv_t,le,0.016864930413194312
AB,2050,T_LDV_LTP_DSL_N,T_D_pkm_ldv_t,le,0.016864930413194312
AB,2050,T_LDV_LTP_FCEV400_N,T_D_pkm_ldv_t,le,0.016864930413194312
AB,2050,T_LDV_LTP_GSL_HEV_N,T_D_pkm_ldv_t,le,0.016864930413194312
AB,2050,T_LDV_LTP_GSL_N,T_D_pkm_ldv_t,le,0.016864930413194312
AB,2050,T_LDV_LTP_GSL_PHEV35_N,T_D_pkm_ldv_t,le,0.016864930413194312
AB,2050,T_LDV_LTP_GSL_PHEV50_N,T_D_pkm_ldv_t,le,0.016864930413194312
BC,2025,T_HDV_T_BEV_N,T_D_tkm_hdv_t,le,0.13046499027999675
BC,2025,T_HDV_T_DSL_EX,T_D_tkm_hdv_t,le,0.13046499027999675
BC,2025,T_HDV_T_DSL_HEV_N,T_D_tkm_hdv_t,le,0.13046499027999675
BC,2025,T_HDV_T_DSL_N,T_D_tkm_hdv_t,le,0.13046499027999675
BC,2025,T_HDV_T_DSL_PHEV_N,T_D_tkm_hdv_t,le,0.13046499027999675
BC,2025,T_HDV_T_FCEV_N,T_D_tkm_hdv_t,le,0.13046499027999675
BC,2025,T_HDV_T_FCHEV_N,T_D_tkm_hdv_t,le,0.13046499027999675
BC,2025,T_LDV_LTF_BEV150_N,T_D_tkm_ldv_t,le,0.025659909574513716
BC,2025,T_LDV_LTF_BEV200_N,T_D_tkm_ldv_t,le,0.025659909574513716
BC,2025,T_LDV_LTF_BEV300_N,T_D_tkm_ldv_t,le,0.025659909574513716
BC,2025,T_LDV_LTF_BEV400_N,T_D_tkm_ldv_t,le,0.025659909574513716
BC,2025,T_LDV_LTF_CNG_N,T_D_tkm_ldv_t,le,0.025659909574513716
BC,2025,T_LDV_LTF_DSL_EX,T_D_tkm_ldv_t,le,0.025659909574513716
BC,2025,T_LDV_LTF_DSL_N,T_D_tkm_ldv_t,le,0.025659909574513716
BC,2025,T_LDV_LTF_FCEV400_N,T_D_tkm_ldv_t,le,0.025659909574513716
BC,2025,T_LDV_LTF_GSL_EX,T_D_tkm_ldv_t,le,0.025659909574513716
BC,2025,T_LDV_LTF_GSL_HEV_EX,T_D_tkm_ldv_t,le,0.025659909574513716
BC,2025,T_LDV_LTF_GSL_HEV_N,T_D_tkm_ldv_t,le,0.025659909574513716
BC,2025,T_LDV_LTF_GSL_N,T_D_tkm_ldv_t,le,0.025659909574513716
BC,2025,T_LDV_LTF_GSL_PHEV35_EX,T_D_tkm_ldv_t,le,0.025659909574513716
BC,2025,T_LDV_LTF_GSL_PHEV35_N,T_D_tkm_ldv_t,le,0.025659909574513716
BC,2025,T_LDV_LTF_GSL_PHEV50_N,T_D_tkm_ldv_t,le,0.025659909574513716
BC,2025,T_LDV_LTP_BEV150_N,T_D_pkm_ldv_t,le,0.015346296515087161
BC,2025,T_LDV_LTP_BEV200_N,T_D_pkm_ldv_t,le,0.015346296515087161
BC,2025,T_LDV_LTP_BEV300_EX,T_D_pkm_ldv_t,le,0.015346296515087161
BC,2025,T_LDV_LTP_BEV300_N,T_D_pkm_ldv_t,le,0.015346296515087161
BC,2025,T_LDV_LTP_BEV400_N,T_D_pkm_ldv_t,le,0.015346296515087161
BC,2025,T_LDV_LTP_CNG_N,T_D_pkm_ldv_t,le,0.015346296515087161
BC,2025,T_LDV_LTP_DSL_EX,T_D_pkm_ldv_t,le,0.015346296515087161
BC,2025,T_LDV_LTP_DSL_N,T_D_pkm_ldv_t,le,0.015346296515087161
BC,2025,T_LDV_LTP_FCEV400_N,T_D_pkm_ldv_t,le,0.015346296515087161
BC,2025,T_LDV_LTP_GSL_EX,T_D_pkm_ldv_t,le,0.015346296515087161
BC,2025,T_LDV_LTP_GSL_HEV_EX,T_D_pkm_ldv_t,le,0.015346296515087161
BC,2025,T_LDV_LTP_GSL_HEV_N,T_D_pkm_ldv_t,le,0.015346296515087161
BC,2025,T_LDV_LTP_GSL_N,T_D_pkm_ldv_t,le,0.015346296515087161
BC,2025,T_LDV_LTP_GSL_PHEV35_EX,T_D_pkm_ldv_t,le,0.015346296515087161
BC,2025,T_LDV_LTP_GSL_PHEV35_N,T_D_pkm_ldv_t,le,0.015346296515087161
BC,2025,T_LDV_LTP_GSL_PHEV50_N,T_D_pkm_ldv_t,le,0.015346296515087161
BC,2030,T_HDV_T_BEV_N,T_D_tkm_hdv_t,le,0.13046499027999675
BC,2030,T_HDV_T_DSL_EX,T_D_tkm_hdv_t,le,0.13046499027999675
BC,2030,T_HDV_T_DSL_HEV_N,T_D_tkm_hdv_t,le,0.13046499027999675
BC,2030,T_HDV_T_DSL_N,T_D_tkm_hdv_t,le,0.13046499027999675
BC,2030,T_HDV_T_DSL_PHEV_N,T_D_tkm_hdv_t,le,0.13046499027999675
BC,2030,T_HDV_T_FCEV_N,T_D_tkm_hdv_t,le,0.13046499027999675
BC,2030,T_HDV_T_FCHEV_N,T_D_tkm_hdv_t,le,0.13046499027999675
BC,2030,T_LDV_LTF_BEV150_N,T_D_tkm_ldv_t,le,0.025659909574513716
BC,2030,T_LDV_LTF_BEV200_N,T_D_tkm_ldv_t,le,0.025659909574513716
BC,2030,T_LDV_LTF_BEV300_N,T_D_tkm_ldv_t,le,0.025659909574513716
BC,2030,T_LDV_LTF_BEV400_N,T_D_tkm_ldv_t,le,0.025659909574513716
BC,2030,T_LDV_LTF_CNG_N,T_D_tkm_ldv_t,le,0.025659909574513716
BC,2030,T_LDV_LTF_DSL_EX,T_D_tkm_ldv_t,le,0.025659909574513716
BC,2030,T_LDV_LTF_DSL_N,T_D_tkm_ldv_t,le,0.025659909574513716
BC,2030,T_LDV_LTF_FCEV400_N,T_D_tkm_ldv_t,le,0.025659909574513716
BC,2030,T_LDV_LTF_GSL_EX,T_D_tkm_ldv_t,le,0.025659909574513716
BC,2030,T_LDV_LTF_GSL_HEV_EX,T_D_tkm_ldv_t,le,0.025659909574513716
BC,2030,T_LDV_LTF_GSL_HEV_N,T_D_tkm_ldv_t,le,0.025659909574513716
BC,2030,T_LDV_LTF_GSL_N,T_D_tkm_ldv_t,le,0.025659909574513716
BC,2030,T_LDV_LTF_GSL_PHEV35_EX,T_D_tkm_ldv_t,le,0.025659909574513716
BC,2030,T_LDV_LTF_GSL_PHEV35_N,T_D_tkm_ldv_t,le,0.025659909574513716
BC,2030,T_LDV_LTF_GSL_PHEV50_N,T_D_tkm_ldv_t,le,0.025659909574513716
BC,2030,T_LDV_LTP_BEV150_N,T_D_pkm_ldv_t,le,0.015346296515087161
BC,2030,T_LDV_LTP_BEV200_N,T_D_pkm_ldv_t,le,0.015346296515087161
BC,2030,T_LDV_LTP_BEV300_EX,T_D_pkm_ldv_t,le,0.015346296515087161
BC,2030,T_LDV_LTP_BEV300_N,T_D_pkm_ldv_t,le,0.015346296515087161
BC,2030,T_LDV_LTP_BEV400_N,T_D_pkm_ldv_t,le,0.015346296515087161
BC,2030,T_LDV_LTP_CNG_N,T_D_pkm_ldv_t,le,0.015346296515087161
BC,2030,T_LDV_LTP_DSL_EX,T_D_pkm_ldv_t,le,0.015346296515087161
BC,2030,T_LDV_LTP_DSL_N,T_D_pkm_ldv_t,le,0.015346296515087161
BC,2030,T_LDV_LTP_FCEV400_N,T_D_pkm_ldv_t,le,0.015346296515087161
BC,2030,T_LDV_LTP_GSL_EX,T_D_pkm_ldv_t,le,0.015346296515087161
BC,2030,T_LDV_LTP_GSL_HEV_EX,T_D_pkm_ldv_t,le,0.015346296515087161
BC,2030,T_LDV_LTP_GSL_HEV_N,T_D_pkm_ldv_t,le,0.015346296515087161
BC,2030,T_LDV_LTP_GSL_N,T_D_pkm_ldv_t,le,0.015346296515087161
BC,2030,T_LDV_LTP_GSL_PHEV35_EX,T_D_pkm_ldv_t,le,0.015346296515087161
BC,2030,T_LDV_LTP_GSL_PHEV35_N,T_D_pkm_ldv_t,le,0.015346296515087161
BC,2030,T_LDV_LTP_GSL_PHEV50_N,T_D_pkm_ldv_t,le,0.015346296515087161
BC,2035,T_HDV_T_BEV_N,T_D_tkm_hdv_t,le,0.13046499027999675
BC,2035,T_HDV_T_DSL_EX,T_D_tkm_hdv_t,le,0.13046499027999675
BC,2035,T_HDV_T_DSL_HEV_N,T_D_tkm_hdv_t,le,0.13046499027999675
BC,2035,T_HDV_T_DSL_N,T_D_tkm_hdv_t,le,0.13046499027999675
BC,2035,T_HDV_T_DSL_PHEV_N,T_D_tkm_hdv_t,le,0.13046499027999675
BC,2035,T_HDV_T_FCEV_N,T_D_tkm_hdv_t,le,0.13046499027999675
BC,2035,T_HDV_T_FCHEV_N,T_D_tkm_hdv_t,le,0.13046499027999675
BC,2035,T_LDV_LTF_BEV150_N,T_D_tkm_ldv_t,le,0.025659909574513716
BC,2035,T_LDV_LTF_BEV200_N,T_D_tkm_ldv_t,le,0.025659909574513716
BC,2035,T_LDV_LTF_BEV300_N,T_D_tkm_ldv_t,le,0.025659909574513716
BC,2035,T_LDV_LTF_BEV400_N,T_D_tkm_ldv_t,le,0.025659909574513716
BC,2035,T_LDV_LTF_CNG_N,T_D_tkm_ldv_t,le,0.025659909574513716
BC,2035,T_LDV_LTF_DSL_EX,T_D_tkm_ldv_t,le,0.025659909574513716
BC,2035,T_LDV_LTF_DSL_N,T_D_tkm_ldv_t,le,0.025659909574513716
BC,2035,T_LDV_LTF_FCEV400_N,T_D_tkm_ldv_t,le,0.025659909574513716
BC,2035,T_LDV_LTF_GSL_EX,T_D_tkm_ldv_t,le,0.025659909574513716
BC,2035,T_LDV_LTF_GSL_HEV_N,T_D_tkm_ldv_t,le,0.025659909574513716
BC,2035,T_LDV_LTF_GSL_N,T_D_tkm_ldv_t,le,0.025659909574513716
BC,2035,T_LDV_LTF_GSL_PHEV35_EX,T_D_tkm_ldv_t,le,0.025659909574513716
BC,2035,T_LDV_LTF_GSL_PHEV35_N,T_D_tkm_ldv_t,le,0.025659909574513716
BC,2035,T_LDV_LTF_GSL_PHEV50_N,T_D_tkm_ldv_t,le,0.025659909574513716
BC,2035,T_LDV_LTP_BEV150_N,T_D_pkm_ldv_t,le,0.015346296515087161
BC,2035,T_LDV_LTP_BEV200_N,T_D_pkm_ldv_t,le,0.015346296515087161
BC,2035,T_LDV_LTP_BEV300_EX,T_D_pkm_ldv_t,le,0.015346296515087161
BC,2035,T_LDV_LTP_BEV300_N,T_D_pkm_ldv_t,le,0.015346296515087161
BC,2035,T_LDV_LTP_BEV400_N,T_D_pkm_ldv_t,le,0.015346296515087161
BC,2035,T_LDV_LTP_CNG_N,T_D_pkm_ldv_t,le,0.015346296515087161
BC,2035,T_LDV_LTP_DSL_EX,T_D_pkm_ldv_t,le,0.015346296515087161
BC,2035,T_LDV_LTP_DSL_N,T_D_pkm_ldv_t,le,0.015346296515087161
BC,2035,T_LDV_LTP_FCEV400_N,T_D_pkm_ldv_t,le,0.015346296515087161
BC,2035,T_LDV_LTP_GSL_EX,T_D_pkm_ldv_t,le,0.015346296515087161
BC,2035,T_LDV_LTP_GSL_HEV_EX,T_D_pkm_ldv_t,le,0.015346296515087161
BC,2035,T_LDV_LTP_GSL_HEV_N,T_D_pkm_ldv_t,le,0.015346296515087161
BC,2035,T_LDV_LTP_GSL_N,T_D_pkm_ldv_t,le,0.015346296515087161
BC,2035,T_LDV_LTP_GSL_PHEV35_EX,T_D_pkm_ldv_t,le,0.015346296515087161
BC,2035,T_LDV_LTP_GSL_PHEV35_N,T_D_pkm_ldv_t,le,0.015346296515087161
BC,2035,T_LDV_LTP_GSL_PHEV50_N,T_D_pkm_ldv_t,le,0.015346296515087161
BC,2040,T_HDV_T_BEV_N,T_D_tkm_hdv_t,le,0.13046499027999675
BC,2040,T_HDV_T_DSL_HEV_N,T_D_tkm_hdv_t,le,0.13046499027999675
BC,2040,T_HDV_T_DSL_N,T_D_tkm_hdv_t,le,0.13046499027999675
BC,2040,T_HDV_T_DSL_PHEV_N,T_D_tkm_hdv_t,le,0.13046499027999675
BC,2040,T_HDV_T_FCEV_N,T_D_tkm_hdv_t,le,0.13046499027999675
BC,2040,T_HDV_T_FCHEV_N,T_D_tkm_hdv_t,le,0.13046499027999675
BC,2040,T_LDV_LTF_BEV150_N,T_D_tkm_ldv_t,le,0.025659909574513716
BC,2040,T_LDV_LTF_BEV200_N,T_D_tkm_ldv_t,le,0.025659909574513716
BC,2040,T_LDV_LTF_BEV300_N,T_D_tkm_ldv_t,le,0.025659909574513716
BC,2040,T_LDV_LTF_BEV400_N,T_D_tkm_ldv_t,le,0.025659909574513716
BC,2040,T_LDV_LTF_CNG_N,T_D_tkm_ldv_t,le,0.025659909574513716
BC,2040,T_LDV_LTF_DSL_N,T_D_tkm_ldv_t,le,0.025659909574513716
BC,2040,T_LDV_LTF_FCEV400_N,T_D_tkm_ldv_t,le,0.025659909574513716
BC,2040,T_LDV_LTF_GSL_HEV_N,T_D_tkm_ldv_t,le,0.025659909574513716
BC,2040,T_LDV_LTF_GSL_N,T_D_tkm_ldv_t,le,0.025659909574513716
BC,2040,T_LDV_LTF_GSL_PHEV35_N,T_D_tkm_ldv_t,le,0.025659909574513716
BC,2040,T_LDV_LTF_GSL_PHEV50_N,T_D_tkm_ldv_t,le,0.025659909574513716
BC,2040,T_LDV_LTP_BEV150_N,T_D_pkm_ldv_t,le,0.015346296515087161
BC,2040,T_LDV_LTP_BEV200_N,T_D_pkm_ldv_t,le,0.015346296515087161
BC,2040,T_LDV_LTP_BEV300_N,T_D_pkm_ldv_t,le,0.015346296515087161
BC,2040,T_LDV_LTP_BEV400_N,T_D_pkm_ldv_t,le,0.015346296515087161
BC,2040,T_LDV_LTP_CNG_N,T_D_pkm_ldv_t,le,0.015346296515087161
BC,2040,T_LDV_LTP_DSL_N,T_D_pkm_ldv_t,le,0.015346296515087161
BC,2040,T_LDV_LTP_FCEV400_N,T_D_pkm_ldv_t,le,0.015346296515087161
BC,2040,T_LDV_LTP_GSL_HEV_N,T_D_pkm_ldv_t,le,0.015346296515087161
BC,2040,T_LDV_LTP_GSL_N,T_D_pkm_ldv_t,le,0.015346296515087161
BC,2040,T_LDV_LTP_GSL_PHEV35_N,T_D_pkm_ldv_t,le,0.015346296515087161
BC,2040,T_LDV_LTP_GSL_PHEV50_N,T_D_pkm_ldv_t,le,0.015346296515087161
BC,2045,T_HDV_T_BEV_N,T_D_tkm_hdv_t,le,0.13046499027999675
BC,2045,T_HDV_T_DSL_HEV_N,T_D_tkm_hdv_t,le,0.13046499027999675
BC,2045,T_HDV_T_DSL_N,T_D_tkm_hdv_t,le,0.13046499027999675
BC,2045,T_HDV_T_DSL_PHEV_N,T_D_tkm_hdv_t,le,0.13046499027999675
BC,2045,T_HDV_T_FCEV_N,T_D_tkm_hdv_t,le,0.13046499027999675
BC,2045,T_HDV_T_FCHEV_N,T_D_tkm_hdv_t,le,0.13046499027999675
BC,2045,T_LDV_LTF_BEV150_N,T_D_tkm_ldv_t,le,0.025659909574513716
BC,2045,T_LDV_LTF_BEV200_N,T_D_tkm_ldv_t,le,0.025659909574513716
BC,2045,T_LDV_LTF_BEV300_N,T_D_tkm_ldv_t,le,0.025659909574513716
BC,2045,T_LDV_LTF_BEV400_N,T_D_tkm_ldv_t,le,0.025659909574513716
BC,2045,T_LDV_LTF_CNG_N,T_D_tkm_ldv_t,le,0.025659909574513716
BC,2045,T_LDV_LTF_DSL_N,T_D_tkm_ldv_t,le,0.025659909574513716
BC,2045,T_LDV_LTF_FCEV400_N,T_D_tkm_ldv_t,le,0.025659909574513716
BC,2045,T_LDV_LTF_GSL_HEV_N,T_D_tkm_ldv_t,le,0.025659909574513716
BC,2045,T_LDV_LTF_GSL_N,T_D_tkm_ldv_t,le,0.025659909574513716
BC,2045,T_LDV_LTF_GSL_PHEV35_N,T_D_tkm_ldv_t,le,0.025659909574513716
BC,2045,T_LDV_LTF_GSL_PHEV50_N,T_D_tkm_ldv_t,le,0.025659909574513716
BC,2045,T_LDV_LTP_BEV150_N,T_D_pkm_ldv_t,le,0.015346296515087161
BC,2045,T_LDV_LTP_BEV200_N,T_D_pkm_ldv_t,le,0.015346296515087161
BC,2045,T_LDV_LTP_BEV300_N,T_D_pkm_ldv_t,le,0.015346296515087161
BC,2045,T_LDV_LTP_BEV400_N,T_D_pkm_ldv_t,le,0.015346296515087161
BC,2045,T_LDV_LTP_CNG_N,T_D_pkm_ldv_t,le,0.015346296515087161
BC,2045,T_LDV_LTP_DSL_N,T_D_pkm_ldv_t,le,0.015346296515087161
BC,2045,T_LDV_LTP_FCEV400_N,T_D_pkm_ldv_t,le,0.015346296515087161
BC,2045,T_LDV_LTP_GSL_HEV_N,T_D_pkm_ldv_t,le,0.015346296515087161
BC,2045,T_LDV_LTP_GSL_N,T_D_pkm_ldv_t,le,0.015346296515087161
BC,2045,T_LDV_LTP_GSL_PHEV35_N,T_D_pkm_ldv_t,le,0.015346296515087161
BC,2045,T_LDV_LTP_GSL_PHEV50_N,T_D_pkm_ldv_t,le,0.015346296515087161
BC,2050,T_HDV_T_BEV_N,T_D_tkm_hdv_t,le,0.13046499027999675
BC,2050,T_HDV_T_DSL_HEV_N,T_D_tkm_hdv_t,le,0.13046499027999675
BC,2050,T_HDV_T_DSL_N,T_D_tkm_hdv_t,le,0.13046499027999675
BC,2050,T_HDV_T_DSL_PHEV_N,T_D_tkm_hdv_t,le,0.13046499027999675
BC,2050,T_HDV_T_FCEV_N,T_D_tkm_hdv_t,le,0.13046499027999675
BC,2050,T_HDV_T_FCHEV_N,T_D_tkm_hdv_t,le,0.13046499027999675
BC,2050,T_LDV_LTF_BEV150_N,T_D_tkm_ldv_t,le,0.025659909574513716
BC,2050,T_LDV_LTF_BEV200_N,T_D_tkm_ldv_t,le,0.025659909574513716
BC,2050,T_LDV_LTF_BEV300_N,T_D_tkm_ldv_t,le,0.025659909574513716
BC,2050,T_LDV_LTF_BEV400_N,T_D_tkm_ldv_t,le,0.025659909574513716
BC,2050,T_LDV_LTF_CNG_N,T_D_tkm_ldv_t,le,0.025659909574513716
BC,2050,T_LDV_LTF_DSL_N,T_D_tkm_ldv_t,le,0.025659909574513716
BC,2050,T_LDV_LTF_FCEV400_N,T_D_tkm_ldv_t,le,0.025659909574513716
BC,2050,T_LDV_LTF_GSL_HEV_N,T_D_tkm_ldv_t,le,0.025659909574513716
BC,2050,T_LDV_LTF_GSL_N,T_D_tkm_ldv_t,le,0.025659909574513716
BC,2050,T_LDV_LTF_GSL_PHEV35_N,T_D_tkm_ldv_t,le,0.025659909574513716
BC,2050,T_LDV_LTF_GSL_PHEV50_N,T_D_tkm_ldv_t,le,0.025659909574513716
BC,2050,T_LDV_LTP_BEV150_N,T_D_pkm_ldv_t,le,0.015346296515087161
BC,2050,T_LDV_LTP_BEV200_N,T_D_pkm_ldv_t,le,0.015346296515087161
BC,2050,T_LDV_LTP_BEV300_N,T_D_pkm_ldv_t,le,0.015346296515087161
BC,2050,T_LDV_LTP_BEV400_N,T_D_pkm_ldv_t,le,0.015346296515087161
BC,2050,T_LDV_LTP_CNG_N,T_D_pkm_ldv_t,le,0.015346296515087161
BC,2050,T_LDV_LTP_DSL_N,T_D_pkm_ldv_t,le,0.015346296515087161
BC,2050,T_LDV_LTP_FCEV400_N,T_D_pkm_ldv_t,le,0.015346296515087161
BC,2050,T_LDV_LTP_GSL_HEV_N,T_D_pkm_ldv_t,le,0.015346296515087161
BC,2050,T_LDV_LTP_GSL_N,T_D_pkm_ldv_t,le,0.015346296515087161
BC,2050,T_LDV_LTP_GSL_PHEV35_N,T_D_pkm_ldv_t,le,0.015346296515087161
BC,2050,T_LDV_LTP_GSL_PHEV50_N,T_D_pkm_ldv_t,le,0.015346296515087161
MB,2025,T_HDV_T_BEV_N,T_D_tkm_hdv_t,le,0.16254216700326815
MB,2025,T_HDV_T_DSL_EX,T_D_tkm_hdv_t,le,0.16254216700326815
MB,2025,T_HDV_T_DSL_HEV_N,T_D_tkm_hdv_t,le,0.16254216700326815
MB,2025,T_HDV_T_DSL_N,T_D_tkm_hdv_t,le,0.16254216700326815
MB,2025,T_HDV_T_DSL_PHEV_N,T_D_tkm_hdv_t,le,0.16254216700326815
MB,2025,T_HDV_T_FCEV_N,T_D_tkm_hdv_t,le,0.16254216700326815
MB,2025,T_HDV_T_FCHEV_N,T_D_tkm_hdv_t,le,0.16254216700326815
MB,2025,T_MDV_T_BEV_N,T_D_tkm_mdv_t,le,0.02272787959296464
MB,2025,T_MDV_T_DSL_EX,T_D_tkm_mdv_t,le,0.02272787959296464
MB,2025,T_MDV_T_DSL_HEV_N,T_D_tkm_mdv_t,le,0.02272787959296464
MB,2025,T_MDV_T_DSL_N,T_D_tkm_mdv_t,le,0.02272787959296464
MB,2025,T_MDV_T_DSL_PHEV_N,T_D_tkm_mdv_t,le,0.02272787959296464
MB,2025,T_MDV_T_FCEV_N,T_D_tkm_mdv_t,le,0.02272787959296464
MB,2025,T_MDV_T_FCHEV_N,T_D_tkm_mdv_t,le,0.02272787959296464
MB,2025,T_MDV_T_GSL_EX,T_D_tkm_mdv_t,le,0.02272787959296464
MB,2025,T_MDV_T_GSL_N,T_D_tkm_mdv_t,le,0.02272787959296464
MB,2030,T_HDV_T_BEV_N,T_D_tkm_hdv_t,le,0.16254216700326815
MB,2030,T_HDV_T_DSL_EX,T_D_tkm_hdv_t,le,0.16254216700326815
MB,2030,T_HDV_T_DSL_HEV_N,T_D_tkm_hdv_t,le,0.16254216700326815
MB,2030,T_HDV_T_DSL_N,T_D_tkm_hdv_t,le,0.16254216700326815
MB,2030,T_HDV_T_DSL_PHEV_N,T_D_tkm_hdv_t,le,0.16254216700326815
MB,2030,T_HDV_T_FCEV_N,T_D_tkm_hdv_t,le,0.16254216700326815
MB,2030,T_HDV_T_FCHEV_N,T_D_tkm_hdv_t,le,0.16254216700326815
MB,2030,T_MDV_T_BEV_N,T_D_tkm_mdv_t,le,0.02272787959296464
MB,2030,T_MDV_T_DSL_EX,T_D_tkm_mdv_t,le,0.02272787959296464
MB,2030,T_MDV_T_DSL_HEV_N,T_D_tkm_mdv_t,le,0.02272787959296464
MB,2030,T_MDV_T_DSL_N,T_D_tkm_mdv_t,le,0.02272787959296464
MB,2030,T_MDV_T_DSL_PHEV_N,T_D_tkm_mdv_t,le,0.02272787959296464
MB,2030,T_MDV_T_FCEV_N,T_D_tkm_mdv_t,le,0.02272787959296464
MB,2030,T_MDV_T_FCHEV_N,T_D_tkm_mdv_t,le,0.02272787959296464
MB,2030,T_MDV_T_GSL_EX,T_D_tkm_mdv_t,le,0.02272787959296464
MB,2030,T_MDV_T_GSL_N,T_D_tkm_mdv_t,le,0.02272787959296464
MB,2035,T_HDV_T_BEV_N,T_D_tkm_hdv_t,le,0.16254216700326815
MB,2035,T_HDV_T_DSL_EX,T_D_tkm_hdv_t,le,0.16254216700326815
MB,2035,T_HDV_T_DSL_HEV_N,T_D_tkm_hdv_t,le,0.16254216700326815
MB,2035,T_HDV_T_DSL_N,T_D_tkm_hdv_t,le,0.16254216700326815
MB,2035,T_HDV_T_DSL_PHEV_N,T_D_tkm_hdv_t,le,0.16254216700326815
MB,2035,T_HDV_T_FCEV_N,T_D_tkm_hdv_t,le,0.16254216700326815
MB,2035,T_HDV_T_FCHEV_N,T_D_tkm_hdv_t,le,0.16254216700326815
MB,2035,T_MDV_T_BEV_N,T_D_tkm_mdv_t,le,0.02272787959296464
MB,2035,T_MDV_T_DSL_EX,T_D_tkm_mdv_t,le,0.02272787959296464
MB,2035,T_MDV_T_DSL_HEV_N,T_D_tkm_mdv_t,le,0.02272787959296464
MB,2035,T_MDV_T_DSL_N,T_D_tkm_mdv_t,le,0.02272787959296464
MB,2035,T_MDV_T_DSL_PHEV_N,T_D_tkm_mdv_t,le,0.02272787959296464
MB,2035,T_MDV_T_FCEV_N,T_D_tkm_mdv_t,le,0.02272787959296464
MB,2035,T_MDV_T_FCHEV_N,T_D_tkm_mdv_t,le,0.02272787959296464
MB,2035,T_MDV_T_GSL_EX,T_D_tkm_mdv_t,le,0.02272787959296464
MB,2035,T_MDV_T_GSL_N,T_D_tkm_mdv_t,le,0.02272787959296464
MB,2040,T_HDV_T_BEV_N,T_D_tkm_hdv_t,le,0.16254216700326815
MB,2040,T_HDV_T_DSL_HEV_N,T_D_tkm_hdv_t,le,0.16254216700326815
MB,2040,T_HDV_T_DSL_N,T_D_tkm_hdv_t,le,0.16254216700326815
MB,2040,T_HDV_T_DSL_PHEV_N,T_D_tkm_hdv_t,le,0.16254216700326815
MB,2040,T_HDV_T_FCEV_N,T_D_tkm_hdv_t,le,0.16254216700326815
MB,2040,T_HDV_T_FCHEV_N,T_D_tkm_hdv_t,le,0.16254216700326815
MB,2040,T_MDV_T_BEV_N,T_D_tkm_mdv_t,le,0.02272787959296464
MB,2040,T_MDV_T_DSL_HEV_N,T_D_tkm_mdv_t,le,0.02272787959296464
MB,2040,T_MDV_T_DSL_N,T_D_tkm_mdv_t,le,0.02272787959296464
MB,2040,T_MDV_T_DSL_PHEV_N,T_D_tkm_mdv_t,le,0.02272787959296464
MB,2040,T_MDV_T_FCEV_N,T_D_tkm_mdv_t,le,0.02272787959296464
MB,2040,T_MDV_T_FCHEV_N,T_D_tkm_mdv_t,le,0.02272787959296464
MB,2040,T_MDV_T_GSL_N,T_D_tkm_mdv_t,le,0.02272787959296464
MB,2045,T_HDV_T_BEV_N,T_D_tkm_hdv_t,le,0.16254216700326815
MB,2045,T_HDV_T_DSL_HEV_N,T_D_tkm_hdv_t,le,0.16254216700326815
MB,2045,T_HDV_T_DSL_N,T_D_tkm_hdv_t,le,0.16254216700326815
MB,2045,T_HDV_T_DSL_PHEV_N,T_D_tkm_hdv_t,le,0.16254216700326815
MB,2045,T_HDV_T_FCEV_N,T_D_tkm_hdv_t,le,0.16254216700326815
MB,2045,T_HDV_T_FCHEV_N,T_D_tkm_hdv_t,le,0.16254216700326815
MB,2045,T_MDV_T_BEV_N,T_D_tkm_mdv_t,le,0.02272787959296464
MB,2045,T_MDV_T_DSL_HEV_N,T_D_tkm_mdv_t,le,0.02272787959296464
MB,2045,T_MDV_T_DSL_N,T_D_tkm_mdv_t,le,0.02272787959296464
MB,2045,T_MDV_T_DSL_PHEV_N,T_D_tkm_mdv_t,le,0.02272787959296464
MB,2045,T_MDV_T_FCEV_N,T_D_tkm_mdv_t,le,0.02272787959296464
MB,2045,T_MDV_T_FCHEV_N,T_D_tkm_mdv_t,le,0.02272787959296464
MB,2045,T_MDV_T_GSL_N,T_D_tkm_mdv_t,le,0.02272787959296464
MB,2050,T_HDV_T_BEV_N,T_D_tkm_hdv_t,le,0.16254216700326815
MB,2050,T_HDV_T_DSL_HEV_N,T_D_tkm_hdv_t,le,0.16254216700326815
MB,2050,T_HDV_T_DSL_N,T_D_tkm_hdv_t,le,0.16254216700326815
MB,2050,T_HDV_T_DSL_PHEV_N,T_D_tkm_hdv_t,le,0.16254216700326815
MB,2050,T_HDV_T_FCEV_N,T_D_tkm_hdv_t,le,0.16254216700326815
MB,2050,T_HDV_T_FCHEV_N,T_D_tkm_hdv_t,le,0.16254216700326815
MB,2050,T_MDV_T_BEV_N,T_D_tkm_mdv_t,le,0.02272787959296464
MB,2050,T_MDV_T_DSL_HEV_N,T_D_tkm_mdv_t,le,0.02272787959296464
MB,2050,T_MDV_T_DSL_N,T_D_tkm_mdv_t,le,0.02272787959296464
MB,2050,T_MDV_T_DSL_PHEV_N,T_D_tkm_mdv_t,le,0.02272787959296464
MB,2050,T_MDV_T_FCEV_N,T_D_tkm_mdv_t,le,0.02272787959296464
MB,2050,T_MDV_T_FCHEV_N,T_D_tkm_mdv_t,le,0.02272787959296464
MB,2050,T_MDV_T_GSL_N,T_D_tkm_mdv_t,le,0.02272787959296464
NB,2025,T_LDV_C_BEV150_EX,T_D_pkm_ldv_c,le,0.0016551038649470788
NB,2025,T_LDV_C_BEV150_N,T_D_pkm_ldv_c,le,0.0016551038649470788
NB,2025,T_LDV_C_BEV200_N,T_D_pkm_ldv_c,le,0.0016551038649470788
NB,2025,T_LDV_C_BEV300_N,T_D_pkm_ldv_c,le,0.0016551038649470788
NB,2025,T_LDV_C_BEV400_N,T_D_pkm_ldv_c,le,0.0016551038649470788
NB,2025,T_LDV_C_CNG_N,T_D_pkm_ldv_c,le,0.0016551038649470788
NB,2025,T_LDV_C_DSL_EX,T_D_pkm_ldv_c,le,0.0016551038649470788
NB,2025,T_LDV_C_DSL_N,T_D_pkm_ldv_c,le,0.0016551038649470788
NB,2025,T_LDV_C_FCEV400_N,T_D_pkm_ldv_c,le,0.0016551038649470788
NB,2025,T_LDV_C_GSL_EX,T_D_pkm_ldv_c,le,0.0016551038649470788
NB,2025,T_LDV_C_GSL_HEV_EX,T_D_pkm_ldv_c,le,0.0016551038649470788
NB,2025,T_LDV_C_GSL_HEV_N,T_D_pkm_ldv_c,le,0.0016551038649470788
NB,2025,T_LDV_C_GSL_N,T_D_pkm_ldv_c,le,0.0016551038649470788
NB,2025,T_LDV_C_GSL_PHEV35_EX,T_D_pkm_ldv_c,le,0.0016551038649470788
NB,2025,T_LDV_C_GSL_PHEV35_N,T_D_pkm_ldv_c,le,0.0016551038649470788
NB,2025,T_LDV_C_GSL_PHEV50_N,T_D_pkm_ldv_c,le,0.0016551038649470788
NB,2025,T_LDV_LTP_BEV150_N,T_D_pkm_ldv_t,le,0.010060979698869087
NB,2025,T_LDV_LTP_BEV200_N,T_D_pkm_ldv_t,le,0.010060979698869087
NB,2025,T_LDV_LTP_BEV300_EX,T_D_pkm_ldv_t,le,0.010060979698869087
NB,2025,T_LDV_LTP_BEV300_N,T_D_pkm_ldv_t,le,0.010060979698869087
NB,2025,T_LDV_LTP_BEV400_N,T_D_pkm_ldv_t,le,0.010060979698869087
NB,2025,T_LDV_LTP_CNG_N,T_D_pkm_ldv_t,le,0.010060979698869087
NB,2025,T_LDV_LTP_DSL_EX,T_D_pkm_ldv_t,le,0.010060979698869087
NB,2025,T_LDV_LTP_DSL_N,T_D_pkm_ldv_t,le,0.010060979698869087
NB,2025,T_LDV_LTP_FCEV400_N,T_D_pkm_ldv_t,le,0.010060979698869087
NB,2025,T_LDV_LTP_GSL_EX,T_D_pkm_ldv_t,le,0.010060979698869087
NB,2025,T_LDV_LTP_GSL_HEV_EX,T_D_pkm_ldv_t,le,0.010060979698869087
NB,2025,T_LDV_LTP_GSL_HEV_N,T_D_pkm_ldv_t,le,0.010060979698869087
NB,2025,T_LDV_LTP_GSL_N,T_D_pkm_ldv_t,le,0.010060979698869087
NB,2025,T_LDV_LTP_GSL_PHEV35_EX,T_D_pkm_ldv_t,le,0.010060979698869087
NB,2025,T_LDV_LTP_GSL_PHEV35_N,T_D_pkm_ldv_t,le,0.010060979698869087
NB,2025,T_LDV_LTP_GSL_PHEV50_N,T_D_pkm_ldv_t,le,0.010060979698869087
NB,2030,T_LDV_C_BEV150_EX,T_D_pkm_ldv_c,le,0.0016551038649470788
NB,2030,T_LDV_C_BEV150_N,T_D_pkm_ldv_c,le,0.0016551038649470788
NB,2030,T_LDV_C_BEV200_N,T_D_pkm_ldv_c,le,0.0016551038649470788
NB,2030,T_LDV_C_BEV300_N,T_D_pkm_ldv_c,le,0.0016551038649470788
NB,2030,T_LDV_C_BEV400_N,T_D_pkm_ldv_c,le,0.0016551038649470788
NB,2030,T_LDV_C_CNG_N,T_D_pkm_ldv_c,le,0.0016551038649470788
NB,2030,T_LDV_C_DSL_EX,T_D_pkm_ldv_c,le,0.0016551038649470788
NB,2030,T_LDV_C_DSL_N,T_D_pkm_ldv_c,le,0.0016551038649470788
NB,2030,T_LDV_C_FCEV400_N,T_D_pkm_ldv_c,le,0.0016551038649470788
NB,2030,T_LDV_C_GSL_EX,T_D_pkm_ldv_c,le,0.0016551038649470788
NB,2030,T_LDV_C_GSL_HEV_EX,T_D_pkm_ldv_c,le,0.0016551038649470788
NB,2030,T_LDV_C_GSL_HEV_N,T_D_pkm_ldv_c,le,0.0016551038649470788
NB,2030,T_LDV_C_GSL_N,T_D_pkm_ldv_c,le,0.0016551038649470788
NB,2030,T_LDV_C_GSL_PHEV35_EX,T_D_pkm_ldv_c,le,0.0016551038649470788
NB,2030,T_LDV_C_GSL_PHEV35_N,T_D_pkm_ldv_c,le,0.0016551038649470788
NB,2030,T_LDV_C_GSL_PHEV50_N,T_D_pkm_ldv_c,le,0.0016551038649470788
NB,2030,T_LDV_LTP_BEV150_N,T_D_pkm_ldv_t,le,0.010060979698869087
NB,2030,T_LDV_LTP_BEV200_N,T_D_pkm_ldv_t,le,0.010060979698869087
NB,2030,T_LDV_LTP_BEV300_EX,T_D_pkm_ldv_t,le,0.010060979698869087
NB,2030,T_LDV_LTP_BEV300_N,T_D_pkm_ldv_t,le,0.010060979698869087
NB,2030,T_LDV_LTP_BEV400_N,T_D_pkm_ldv_t,le,0.010060979698869087
NB,2030,T_LDV_LTP_CNG_N,T_D_pkm_ldv_t,le,0.010060979698869087
NB,2030,T_LDV_LTP_DSL_EX,T_D_pkm_ldv_t,le,0.010060979698869087
NB,2030,T_LDV_LTP_DSL_N,T_D_pkm_ldv_t,le,0.010060979698869087
NB,2030,T_LDV_LTP_FCEV400_N,T_D_pkm_ldv_t,le,0.010060979698869087
NB,2030,T_LDV_LTP_GSL_EX,T_D_pkm_ldv_t,le,0.010060979698869087
NB,2030,T_LDV_LTP_GSL_HEV_EX,T_D_pkm_ldv_t,le,0.010060979698869087
NB,2030,T_LDV_LTP_GSL_HEV_N,T_D_pkm_ldv_t,le,0.010060979698869087
NB,2030,T_LDV_LTP_GSL_N,T_D_pkm_ldv_t,le,0.010060979698869087
NB,2030,T_LDV_LTP_GSL_PHEV35_EX,T_D_pkm_ldv_t,le,0.010060979698869087
NB,2030,T_LDV_LTP_GSL_PHEV35_N,T_D_pkm_ldv_t,le,0.010060979698869087
NB,2030,T_LDV_LTP_GSL_PHEV50_N,T_D_pkm_ldv_t,le,0.010060979698869087
NB,2035,T_LDV_C_BEV150_N,T_D_pkm_ldv_c,le,0.0016551038649470788
NB,2035,T_LDV_C_BEV200_N,T_D_pkm_ldv_c,le,0.0016551038649470788
NB,2035,T_LDV_C_BEV300_N,T_D_pkm_ldv_c,le,0.0016551038649470788
NB,2035,T_LDV_C_BEV400_N,T_D_pkm_ldv_c,le,0.0016551038649470788
NB,2035,T_LDV_C_CNG_N,T_D_pkm_ldv_c,le,0.0016551038649470788
NB,2035,T_LDV_C_DSL_N,T_D_pkm_ldv_c,le,0.0016551038649470788
NB,2035,T_LDV_C_FCEV400_N,T_D_pkm_ldv_c,le,0.0016551038649470788
NB,2035,T_LDV_C_GSL_HEV_N,T_D_pkm_ldv_c,le,0.0016551038649470788
NB,2035,T_LDV_C_GSL_N,T_D_pkm_ldv_c,le,0.0016551038649470788
NB,2035,T_LDV_C_GSL_PHEV35_N,T_D_pkm_ldv_c,le,0.0016551038649470788
NB,2035,T_LDV_C_GSL_PHEV50_N,T_D_pkm_ldv_c,le,0.0016551038649470788
NB,2035,T_LDV_LTP_BEV150_N,T_D_pkm_ldv_t,le,0.010060979698869087
NB,2035,T_LDV_LTP_BEV200_N,T_D_pkm_ldv_t,le,0.010060979698869087
NB,2035,T_LDV_LTP_BEV300_EX,T_D_pkm_ldv_t,le,0.010060979698869087
NB,2035,T_LDV_LTP_BEV300_N,T_D_pkm_ldv_t,le,0.010060979698869087
NB,2035,T_LDV_LTP_BEV400_N,T_D_pkm_ldv_t,le,0.010060979698869087
NB,2035,T_LDV_LTP_CNG_N,T_D_pkm_ldv_t,le,0.010060979698869087
NB,2035,T_LDV_LTP_DSL_EX,T_D_pkm_ldv_t,le,0.010060979698869087
NB,2035,T_LDV_LTP_DSL_N,T_D_pkm_ldv_t,le,0.010060979698869087
NB,2035,T_LDV_LTP_FCEV400_N,T_D_pkm_ldv_t,le,0.010060979698869087
NB,2035,T_LDV_LTP_GSL_EX,T_D_pkm_ldv_t,le,0.010060979698869087
NB,2035,T_LDV_LTP_GSL_HEV_EX,T_D_pkm_ldv_t,le,0.010060979698869087
NB,2035,T_LDV_LTP_GSL_HEV_N,T_D_pkm_ldv_t,le,0.010060979698869087
NB,2035,T_LDV_LTP_GSL_N,T_D_pkm_ldv_t,le,0.010060979698869087
NB,2035,T_LDV_LTP_GSL_PHEV35_EX,T_D_pkm_ldv_t,le,0.010060979698869087
NB,2035,T_LDV_LTP_GSL_PHEV35_N,T_D_pkm_ldv_t,le,0.010060979698869087
NB,2035,T_LDV_LTP_GSL_PHEV50_N,T_D_pkm_ldv_t,le,0.010060979698869087
NB,2040,T_LDV_C_BEV150_N,T_D_pkm_ldv_c,le,0.0016551038649470788
NB,2040,T_LDV_C_BEV200_N,T_D_pkm_ldv_c,le,0.0016551038649470788
NB,2040,T_LDV_C_BEV300_N,T_D_pkm_ldv_c,le,0.0016551038649470788
NB,2040,T_LDV_C_BEV400_N,T_D_pkm_ldv_c,le,0.0016551038649470788
NB,2040,T_LDV_C_CNG_N,T_D_pkm_ldv_c,le,0.0016551038649470788
NB,2040,T_LDV_C_DSL_N,T_D_pkm_ldv_c,le,0.0016551038649470788
NB,2040,T_LDV_C_FCEV400_N,T_D_pkm_ldv_c,le,0.0016551038649470788
NB,2040,T_LDV_C_GSL_HEV_N,T_D_pkm_ldv_c,le,0.0016551038649470788
NB,2040,T_LDV_C_GSL_N,T_D_pkm_ldv_c,le,0.0016551038649470788
NB,2040,T_LDV_C_GSL_PHEV35_N,T_D_pkm_ldv_c,le,0.0016551038649470788
NB,2040,T_LDV_C_GSL_PHEV50_N,T_D_pkm_ldv_c,le,0.0016551038649470788
NB,2040,T_LDV_LTP_BEV150_N,T_D_pkm_ldv_t,le,0.010060979698869087
NB,2040,T_LDV_LTP_BEV200_N,T_D_pkm_ldv_t,le,0.010060979698869087
NB,2040,T_LDV_LTP_BEV300_N,T_D_pkm_ldv_t,le,0.010060979698869087
NB,2040,T_LDV_LTP_BEV400_N,T_D_pkm_ldv_t,le,0.010060979698869087
NB,2040,T_LDV_LTP_CNG_N,T_D_pkm_ldv_t,le,0.010060979698869087
NB,2040,T_LDV_LTP_DSL_N,T_D_pkm_ldv_t,le,0.010060979698869087
NB,2040,T_LDV_LTP_FCEV400_N,T_D_pkm_ldv_t,le,0.010060979698869087
NB,2040,T_LDV_LTP_GSL_HEV_N,T_D_pkm_ldv_t,le,0.010060979698869087
NB,2040,T_LDV_LTP_GSL_N,T_D_pkm_ldv_t,le,0.010060979698869087
NB,2040,T_LDV_LTP_GSL_PHEV35_N,T_D_pkm_ldv_t,le,0.010060979698869087
NB,2040,T_LDV_LTP_GSL_PHEV50_N,T_D_pkm_ldv_t,le,0.010060979698869087
NB,2045,T_LDV_C_BEV150_N,T_D_pkm_ldv_c,le,0.0016551038649470788
NB,2045,T_LDV_C_BEV200_N,T_D_pkm_ldv_c,le,0.0016551038649470788
NB,2045,T_LDV_C_BEV300_N,T_D_pkm_ldv_c,le,0.0016551038649470788
NB,2045,T_LDV_C_BEV400_N,T_D_pkm_ldv_c,le,0.0016551038649470788
NB,2045,T_LDV_C_CNG_N,T_D_pkm_ldv_c,le,0.0016551038649470788
NB,2045,T_LDV_C_DSL_N,T_D_pkm_ldv_c,le,0.0016551038649470788
NB,2045,T_LDV_C_FCEV400_N,T_D_pkm_ldv_c,le,0.0016551038649470788
NB,2045,T_LDV_C_GSL_HEV_N,T_D_pkm_ldv_c,le,0.0016551038649470788
NB,2045,T_LDV_C_GSL_N,T_D_pkm_ldv_c,le,0.0016551038649470788
NB,2045,T_LDV_C_GSL_PHEV35_N,T_D_pkm_ldv_c,le,0.0016551038649470788
NB,2045,T_LDV_C_GSL_PHEV50_N,T_D_pkm_ldv_c,le,0.0016551038649470788
NB,2045,T_LDV_LTP_BEV150_N,T_D_pkm_ldv_t,le,0.010060979698869087
NB,2045,T_LDV_LTP_BEV200_N,T_D_pkm_ldv_t,le,0.010060979698869087
NB,2045,T_LDV_LTP_BEV300_N,T_D_pkm_ldv_t,le,0.010060979698869087
NB,2045,T_LDV_LTP_BEV400_N,T_D_pkm_ldv_t,le,0.010060979698869087
NB,2045,T_LDV_LTP_CNG_N,T_D_pkm_ldv_t,le,0.010060979698869087
NB,2045,T_LDV_LTP_DSL_N,T_D_pkm_ldv_t,le,0.010060979698869087
NB,2045,T_LDV_LTP_FCEV400_N,T_D_pkm_ldv_t,le,0.010060979698869087
NB,2045,T_LDV_LTP_GSL_HEV_N,T_D_pkm_ldv_t,le,0.010060979698869087
NB,2045,T_LDV_LTP_GSL_N,T_D_pkm_ldv_t,le,0.010060979698869087
NB,2045,T_LDV_LTP_GSL_PHEV35_N,T_D_pkm_ldv_t,le,0.010060979698869087
NB,2045,T_LDV_LTP_GSL_PHEV50_N,T_D_pkm_ldv_t,le,0.010060979698869087
NB,2050,T_LDV_C_BEV150_N,T_D_pkm_ldv_c,le,0.0016551038649470788
NB,2050,T_LDV_C_BEV200_N,T_D_pkm_ldv_c,le,0.0016551038649470788
NB,2050,T_LDV_C_BEV300_N,T_D_pkm_ldv_c,le,0.0016551038649470788
NB,2050,T_LDV_C_BEV400_N,T_D_pkm_ldv_c,le,0.0016551038649470788
NB,2050,T_LDV_C_CNG_N,T_D_pkm_ldv_c,le,0.0016551038649470788
NB,2050,T_LDV_C_DSL_N,T_D_pkm_ldv_c,le,0.0016551038649470788
NB,2050,T_LDV_C_FCEV400_N,T_D_pkm_ldv_c,le,0.0016551038649470788
NB,2050,T_LDV_C_GSL_HEV_N,T_D_pkm_ldv_c,le,0.0016551038649470788
NB,2050,T_LDV_C_GSL_N,T_D_pkm_ldv_c,le,0.0016551038649470788
NB,2050,T_LDV_C_GSL_PHEV35_N,T_D_pkm_ldv_c,le,0.0016551038649470788
NB,2050,T_LDV_C_GSL_PHEV50_N,T_D_pkm_ldv_c,le,0.0016551038649470788
NB,2050,T_LDV_LTP_BEV150_N,T_D_pkm_ldv_t,le,0.010060979698869087
NB,2050,T_LDV_LTP_BEV200_N,T_D_pkm_ldv_t,le,0.010060979698869087
NB,2050,T_LDV_LTP_BEV300_N,T_D_pkm_ldv_t,le,0.010060979698869087
NB,2050,T_LDV_LTP_BEV400_N,T_D_pkm_ldv_t,le,0.010060979698869087
NB,2050,T_LDV_LTP_CNG_N,T_D_pkm_ldv_t,le,0.010060979698869087
NB,2050,T_LDV_LTP_DSL_N,T_D_pkm_ldv_t,le,0.010060979698869087
NB,2050,T_LDV_LTP_FCEV400_N,T_D_pkm_ldv_t,le,0.010060979698869087
NB,2050,T_LDV_LTP_GSL_HEV_N,T_D_pkm_ldv_t,le,0.010060979698869087
NB,2050,T_LDV_LTP_GSL_N,T_D_pkm_ldv_t,le,0.010060979698869087
NB,2050,T_LDV_LTP_GSL_PHEV35_N,T_D_pkm_ldv_t,le,0.010060979698869087
NB,2050,T_LDV_LTP_GSL_PHEV50_N,T_D_pkm_ldv_t,le,0.010060979698869087
NLLAB,2025,T_LDV_LTP_BEV150_N,T_D_pkm_ldv_t,le,0.00580616407457883
NLLAB,2025,T_LDV_LTP_BEV200_N,T_D_pkm_ldv_t,le,0.00580616407457883
NLLAB,2025,T_LDV_LTP_BEV300_EX,T_D_pkm_ldv_t,le,0.00580616407457883
NLLAB,2025,T_LDV_LTP_BEV300_N,T_D_pkm_ldv_t,le,0.00580616407457883
NLLAB,2025,T_LDV_LTP_BEV400_N,T_D_pkm_ldv_t,le,0.00580616407457883
NLLAB,2025,T_LDV_LTP_CNG_N,T_D_pkm_ldv_t,le,0.00580616407457883
NLLAB,2025,T_LDV_LTP_DSL_EX,T_D_pkm_ldv_t,le,0.00580616407457883
NLLAB,2025,T_LDV_LTP_DSL_N,T_D_pkm_ldv_t,le,0.00580616407457883
NLLAB,2025,T_LDV_LTP_FCEV400_N,T_D_pkm_ldv_t,le,0.00580616407457883
NLLAB,2025,T_LDV_LTP_GSL_EX,T_D_pkm_ldv_t,le,0.00580616407457883
NLLAB,2025,T_LDV_LTP_GSL_HEV_EX,T_D_pkm_ldv_t,le,0.00580616407457883
NLLAB,2025,T_LDV_LTP_GSL_HEV_N,T_D_pkm_ldv_t,le,0.00580616407457883
NLLAB,2025,T_LDV_LTP_GSL_N,T_D_pkm_ldv_t,le,0.00580616407457883
NLLAB,2025,T_LDV_LTP_GSL_PHEV35_EX,T_D_pkm_ldv_t,le,0.00580616407457883
NLLAB,2025,T_LDV_LTP_GSL_PHEV35_N,T_D_pkm_ldv_t,le,0.00580616407457883
NLLAB,2025,T_LDV_LTP_GSL_PHEV50_N,T_D_pkm_ldv_t,le,0.00580616407457883
NLLAB,2030,T_LDV_LTP_BEV150_N,T_D_pkm_ldv_t,le,0.00580616407457883
NLLAB,2030,T_LDV_LTP_BEV200_N,T_D_pkm_ldv_t,le,0.00580616407457883
NLLAB,2030,T_LDV_LTP_BEV300_EX,T_D_pkm_ldv_t,le,0.00580616407457883
NLLAB,2030,T_LDV_LTP_BEV300_N,T_D_pkm_ldv_t,le,0.00580616407457883
NLLAB,2030,T_LDV_LTP_BEV400_N,T_D_pkm_ldv_t,le,0.00580616407457883
NLLAB,2030,T_LDV_LTP_CNG_N,T_D_pkm_ldv_t,le,0.00580616407457883
NLLAB,2030,T_LDV_LTP_DSL_EX,T_D_pkm_ldv_t,le,0.00580616407457883
NLLAB,2030,T_LDV_LTP_DSL_N,T_D_pkm_ldv_t,le,0.00580616407457883
NLLAB,2030,T_LDV_LTP_FCEV400_N,T_D_pkm_ldv_t,le,0.00580616407457883
NLLAB,2030,T_LDV_LTP_GSL_EX,T_D_pkm_ldv_t,le,0.00580616407457883
NLLAB,2030,T_LDV_LTP_GSL_HEV_EX,T_D_pkm_ldv_t,le,0.00580616407457883
NLLAB,2030,T_LDV_LTP_GSL_HEV_N,T_D_pkm_ldv_t,le,0.00580616407457883
NLLAB,2030,T_LDV_LTP_GSL_N,T_D_pkm_ldv_t,le,0.00580616407457883
NLLAB,2030,T_LDV_LTP_GSL_PHEV35_EX,T_D_pkm_ldv_t,le,0.00580616407457883
NLLAB,2030,T_LDV_LTP_GSL_PHEV35_N,T_D_pkm_ldv_t,le,0.00580616407457883
NLLAB,2030,T_LDV_LTP_GSL_PHEV50_N,T_D_pkm_ldv_t,le,0.00580616407457883
NLLAB,2035,T_LDV_LTP_BEV150_N,T_D_pkm_ldv_t,le,0.00580616407457883
NLLAB,2035,T_LDV_LTP_BEV200_N,T_D_pkm_ldv_t,le,0.00580616407457883
NLLAB,2035,T_LDV_LTP_BEV300_EX,T_D_pkm_ldv_t,le,0.00580616407457883
NLLAB,2035,T_LDV_LTP_BEV300_N,T_D_pkm_ldv_t,le,0.00580616407457883
NLLAB,2035,T_LDV_LTP_BEV400_N,T_D_pkm_ldv_t,le,0.00580616407457883
NLLAB,2035,T_LDV_LTP_CNG_N,T_D_pkm_ldv_t,le,0.00580616407457883
NLLAB,2035,T_LDV_LTP_DSL_EX,T_D_pkm_ldv_t,le,0.00580616407457883
NLLAB,2035,T_LDV_LTP_DSL_N,T_D_pkm_ldv_t,le,0.00580616407457883
NLLAB,2035,T_LDV_LTP_FCEV400_N,T_D_pkm_ldv_t,le,0.00580616407457883
NLLAB,2035,T_LDV_LTP_GSL_EX,T_D_pkm_ldv_t,le,0.00580616407457883
NLLAB,2035,T_LDV_LTP_GSL_HEV_EX,T_D_pkm_ldv_t,le,0.00580616407457883
NLLAB,2035,T_LDV_LTP_GSL_HEV_N,T_D_pkm_ldv_t,le,0.00580616407457883
NLLAB,2035,T_LDV_LTP_GSL_N,T_D_pkm_ldv_t,le,0.00580616407457883
NLLAB,2035,T_LDV_LTP_GSL_PHEV35_EX,T_D_pkm_ldv_t,le,0.00580616407457883
NLLAB,2035,T_LDV_LTP_GSL_PHEV35_N,T_D_pkm_ldv_t,le,0.00580616407457883
NLLAB,2035,T_LDV_LTP_GSL_PHEV50_N,T_D_pkm_ldv_t,le,0.00580616407457883
NLLAB,2040,T_LDV_LTP_BEV150_N,T_D_pkm_ldv_t,le,0.00580616407457883
NLLAB,2040,T_LDV_LTP_BEV200_N,T_D_pkm_ldv_t,le,0.00580616407457883
NLLAB,2040,T_LDV_LTP_BEV300_N,T_D_pkm_ldv_t,le,0.00580616407457883
NLLAB,2040,T_LDV_LTP_BEV400_N,T_D_pkm_ldv_t,le,0.00580616407457883
NLLAB,2040,T_LDV_LTP_CNG_N,T_D_pkm_ldv_t,le,0.00580616407457883
NLLAB,2040,T_LDV_LTP_DSL_N,T_D_pkm_ldv_t,le,0.00580616407457883
NLLAB,2040,T_LDV_LTP_FCEV400_N,T_D_pkm_ldv_t,le,0.00580616407457883
NLLAB,2040,T_LDV_LTP_GSL_HEV_N,T_D_pkm_ldv_t,le,0.00580616407457883
NLLAB,2040,T_LDV_LTP_GSL_N,T_D_pkm_ldv_t,le,0.00580616407457883
NLLAB,2040,T_LDV_LTP_GSL_PHEV35_N,T_D_pkm_ldv_t,le,0.00580616407457883
NLLAB,2040,T_LDV_LTP_GSL_PHEV50_N,T_D_pkm_ldv_t,le,0.00580616407457883
NLLAB,2045,T_LDV_LTP_BEV150_N,T_D_pkm_ldv_t,le,0.00580616407457883
NLLAB,2045,T_LDV_LTP_BEV200_N,T_D_pkm_ldv_t,le,0.00580616407457883
NLLAB,2045,T_LDV_LTP_BEV300_N,T_D_pkm_ldv_t,le,0.00580616407457883
NLLAB,2045,T_LDV_LTP_BEV400_N,T_D_pkm_ldv_t,le,0.00580616407457883
NLLAB,2045,T_LDV_LTP_CNG_N,T_D_pkm_ldv_t,le,0.00580616407457883
NLLAB,2045,T_LDV_LTP_DSL_N,T_D_pkm_ldv_t,le,0.00580616407457883
NLLAB,2045,T_LDV_LTP_FCEV400_N,T_D_pkm_ldv_t,le,0.00580616407457883
NLLAB,2045,T_LDV_LTP_GSL_HEV_N,T_D_pkm_ldv_t,le,0.00580616407457883
NLLAB,2045,T_LDV_LTP_GSL_N,T_D_pkm_ldv_t,le,0.00580616407457883
NLLAB,2045,T_LDV_LTP_GSL_PHEV35_N,T_D_pkm_ldv_t,le,0.00580616407457883
NLLAB,2045,T_LDV_LTP_GSL_PHEV50_N,T_D_pkm_ldv_t,le,0.00580616407457883
NLLAB,2050,T_LDV_LTP_BEV150_N,T_D_pkm_ldv_t,le,0.00580616407457883
NLLAB,2050,T_LDV_LTP_BEV200_N,T_D_pkm_ldv_t,le,0.00580616407457883
NLLAB,2050,T_LDV_LTP_BEV300_N,T_D_pkm_ldv_t,le,0.00580616407457883
NLLAB,2050,T_LDV_LTP_BEV400_N,T_D_pkm_ldv_t,le,0.00580616407457883
NLLAB,2050,T_LDV_LTP_CNG_N,T_D_pkm_ldv_t,le,0.00580616407457883
NLLAB,2050,T_LDV_LTP_DSL_N,T_D_pkm_ldv_t,le,0.00580616407457883
NLLAB,2050,T_LDV_LTP_FCEV400_N,T_D_pkm_ldv_t,le,0.00580616407457883
NLLAB,2050,T_LDV_LTP_GSL_HEV_N,T_D_pkm_ldv_t,le,0.00580616407457883
NLLAB,2050,T_LDV_LTP_GSL_N,T_D_pkm_ldv_t,le,0.00580616407457883
NLLAB,2050,T_LDV_LTP_GSL_PHEV35_N,T_D_pkm_ldv_t,le,0.00580616407457883
NLLAB,2050,T_LDV_LTP_GSL_PHEV50_N,T_D_pkm_ldv_t,le,0.00580616407457883
NS,2025,T_LDV_C_BEV150_EX,T_D_pkm_ldv_c,le,0.006239459580015358
NS,2025,T_LDV_C_BEV150_N,T_D_pkm_ldv_c,le,0.006239459580015358
NS,2025,T_LDV_C_BEV200_N,T_D_pkm_ldv_c,le,0.006239459580015358
NS,2025,T_LDV_C_BEV300_N,T_D_pkm_ldv_c,le,0.006239459580015358
NS,2025,T_LDV_C_BEV400_N,T_D_pkm_ldv_c,le,0.006239459580015358
NS,2025,T_LDV_C_CNG_N,T_D_pkm_ldv_c,le,0.006239459580015358
NS,2025,T_LDV_C_DSL_EX,T_D_pkm_ldv_c,le,0.006239459580015358
NS,2025,T_LDV_C_DSL_N,T_D_pkm_ldv_c,le,0.006239459580015358
NS,2025,T_LDV_C_FCEV400_N,T_D_pkm_ldv_c,le,0.006239459580015358
NS,2025,T_LDV_C_GSL_EX,T_D_pkm_ldv_c,le,0.006239459580015358
NS,2025,T_LDV_C_GSL_HEV_EX,T_D_pkm_ldv_c,le,0.006239459580015358
NS,2025,T_LDV_C_GSL_HEV_N,T_D_pkm_ldv_c,le,0.006239459580015358
NS,2025,T_LDV_C_GSL_N,T_D_pkm_ldv_c,le,0.006239459580015358
NS,2025,T_LDV_C_GSL_PHEV35_EX,T_D_pkm_ldv_c,le,0.006239459580015358
NS,2025,T_LDV_C_GSL_PHEV35_N,T_D_pkm_ldv_c,le,0.006239459580015358
NS,2025,T_LDV_C_GSL_PHEV50_N,T_D_pkm_ldv_c,le,0.006239459580015358
NS,2025,T_LDV_LTP_BEV150_N,T_D_pkm_ldv_t,le,0.012468644597661881
NS,2025,T_LDV_LTP_BEV200_N,T_D_pkm_ldv_t,le,0.012468644597661881
NS,2025,T_LDV_LTP_BEV300_EX,T_D_pkm_ldv_t,le,0.012468644597661881
NS,2025,T_LDV_LTP_BEV300_N,T_D_pkm_ldv_t,le,0.012468644597661881
NS,2025,T_LDV_LTP_BEV400_N,T_D_pkm_ldv_t,le,0.012468644597661881
NS,2025,T_LDV_LTP_CNG_N,T_D_pkm_ldv_t,le,0.012468644597661881
NS,2025,T_LDV_LTP_DSL_EX,T_D_pkm_ldv_t,le,0.012468644597661881
NS,2025,T_LDV_LTP_DSL_N,T_D_pkm_ldv_t,le,0.012468644597661881
NS,2025,T_LDV_LTP_FCEV400_N,T_D_pkm_ldv_t,le,0.012468644597661881
NS,2025,T_LDV_LTP_GSL_EX,T_D_pkm_ldv_t,le,0.012468644597661881
NS,2025,T_LDV_LTP_GSL_HEV_EX,T_D_pkm_ldv_t,le,0.012468644597661881
NS,2025,T_LDV_LTP_GSL_HEV_N,T_D_pkm_ldv_t,le,0.012468644597661881
NS,2025,T_LDV_LTP_GSL_N,T_D_pkm_ldv_t,le,0.012468644597661881
NS,2025,T_LDV_LTP_GSL_PHEV35_EX,T_D_pkm_ldv_t,le,0.012468644597661881
NS,2025,T_LDV_LTP_GSL_PHEV35_N,T_D_pkm_ldv_t,le,0.012468644597661881
NS,2025,T_LDV_LTP_GSL_PHEV50_N,T_D_pkm_ldv_t,le,0.012468644597661881
NS,2030,T_LDV_C_BEV150_EX,T_D_pkm_ldv_c,le,0.006239459580015358
NS,2030,T_LDV_C_BEV150_N,T_D_pkm_ldv_c,le,0.006239459580015358
NS,2030,T_LDV_C_BEV200_N,T_D_pkm_ldv_c,le,0.006239459580015358
NS,2030,T_LDV_C_BEV300_N,T_D_pkm_ldv_c,le,0.006239459580015358
NS,2030,T_LDV_C_BEV400_N,T_D_pkm_ldv_c,le,0.006239459580015358
NS,2030,T_LDV_C_CNG_N,T_D_pkm_ldv_c,le,0.006239459580015358
NS,2030,T_LDV_C_DSL_EX,T_D_pkm_ldv_c,le,0.006239459580015358
NS,2030,T_LDV_C_DSL_N,T_D_pkm_ldv_c,le,0.006239459580015358
NS,2030,T_LDV_C_FCEV400_N,T_D_pkm_ldv_c,le,0.006239459580015358
NS,2030,T_LDV_C_GSL_EX,T_D_pkm_ldv_c,le,0.006239459580015358
NS,2030,T_LDV_C_GSL_HEV_EX,T_D_pkm_ldv_c,le,0.006239459580015358
NS,2030,T_LDV_C_GSL_HEV_N,T_D_pkm_ldv_c,le,0.006239459580015358
NS,2030,T_LDV_C_GSL_N,T_D_pkm_ldv_c,le,0.006239459580015358
NS,2030,T_LDV_C_GSL_PHEV35_EX,T_D_pkm_ldv_c,le,0.006239459580015358
NS,2030,T_LDV_C_GSL_PHEV35_N,T_D_pkm_ldv_c,le,0.006239459580015358
NS,2030,T_LDV_C_GSL_PHEV50_N,T_D_pkm_ldv_c,le,0.006239459580015358
NS,2030,T_LDV_LTP_BEV150_N,T_D_pkm_ldv_t,le,0.012468644597661881
NS,2030,T_LDV_LTP_BEV200_N,T_D_pkm_ldv_t,le,0.012468644597661881
NS,2030,T_LDV_LTP_BEV300_EX,T_D_pkm_ldv_t,le,0.012468644597661881
NS,2030,T_LDV_LTP_BEV300_N,T_D_pkm_ldv_t,le,0.012468644597661881
NS,2030,T_LDV_LTP_BEV400_N,T_D_pkm_ldv_t,le,0.012468644597661881
NS,2030,T_LDV_LTP_CNG_N,T_D_pkm_ldv_t,le,0.012468644597661881
NS,2030,T_LDV_LTP_DSL_EX,T_D_pkm_ldv_t,le,0.012468644597661881
NS,2030,T_LDV_LTP_DSL_N,T_D_pkm_ldv_t,le,0.012468644597661881
NS,2030,T_LDV_LTP_FCEV400_N,T_D_pkm_ldv_t,le,0.012468644597661881
NS,2030,T_LDV_LTP_GSL_EX,T_D_pkm_ldv_t,le,0.012468644597661881
NS,2030,T_LDV_LTP_GSL_HEV_EX,T_D_pkm_ldv_t,le,0.012468644597661881
NS,2030,T_LDV_LTP_GSL_HEV_N,T_D_pkm_ldv_t,le,0.012468644597661881
NS,2030,T_LDV_LTP_GSL_N,T_D_pkm_ldv_t,le,0.012468644597661881
NS,2030,T_LDV_LTP_GSL_PHEV35_EX,T_D_pkm_ldv_t,le,0.012468644597661881
NS,2030,T_LDV_LTP_GSL_PHEV35_N,T_D_pkm_ldv_t,le,0.012468644597661881
NS,2030,T_LDV_LTP_GSL_PHEV50_N,T_D_pkm_ldv_t,le,0.012468644597661881
NS,2035,T_LDV_C_BEV150_N,T_D_pkm_ldv_c,le,0.006239459580015358
NS,2035,T_LDV_C_BEV200_N,T_D_pkm_ldv_c,le,0.006239459580015358
NS,2035,T_LDV_C_BEV300_N,T_D_pkm_ldv_c,le,0.006239459580015358
NS,2035,T_LDV_C_BEV400_N,T_D_pkm_ldv_c,le,0.006239459580015358
NS,2035,T_LDV_C_CNG_N,T_D_pkm_ldv_c,le,0.006239459580015358
NS,2035,T_LDV_C_DSL_N,T_D_pkm_ldv_c,le,0.006239459580015358
NS,2035,T_LDV_C_FCEV400_N,T_D_pkm_ldv_c,le,0.006239459580015358
NS,2035,T_LDV_C_GSL_HEV_N,T_D_pkm_ldv_c,le,0.006239459580015358
NS,2035,T_LDV_C_GSL_N,T_D_pkm_ldv_c,le,0.006239459580015358
NS,2035,T_LDV_C_GSL_PHEV35_N,T_D_pkm_ldv_c,le,0.006239459580015358
NS,2035,T_LDV_C_GSL_PHEV50_N,T_D_pkm_ldv_c,le,0.006239459580015358
NS,2035,T_LDV_LTP_BEV150_N,T_D_pkm_ldv_t,le,0.012468644597661881
NS,2035,T_LDV_LTP_BEV200_N,T_D_pkm_ldv_t,le,0.012468644597661881
NS,2035,T_LDV_LTP_BEV300_EX,T_D_pkm_ldv_t,le,0.012468644597661881
NS,2035,T_LDV_LTP_BEV300_N,T_D_pkm_ldv_t,le,0.012468644597661881
NS,2035,T_LDV_LTP_BEV400_N,T_D_pkm_ldv_t,le,0.012468644597661881
NS,2035,T_LDV_LTP_CNG_N,T_D_pkm_ldv_t,le,0.012468644597661881
NS,2035,T_LDV_LTP_DSL_EX,T_D_pkm_ldv_t,le,0.012468644597661881
NS,2035,T_LDV_LTP_DSL_N,T_D_pkm_ldv_t,le,0.012468644597661881
NS,2035,T_LDV_LTP_FCEV400_N,T_D_pkm_ldv_t,le,0.012468644597661881
NS,2035,T_LDV_LTP_GSL_EX,T_D_pkm_ldv_t,le,0.012468644597661881
NS,2035,T_LDV_LTP_GSL_HEV_EX,T_D_pkm_ldv_t,le,0.012468644597661881
NS,2035,T_LDV_LTP_GSL_HEV_N,T_D_pkm_ldv_t,le,0.012468644597661881
NS,2035,T_LDV_LTP_GSL_N,T_D_pkm_ldv_t,le,0.012468644597661881
NS,2035,T_LDV_LTP_GSL_PHEV35_EX,T_D_pkm_ldv_t,le,0.012468644597661881
NS,2035,T_LDV_LTP_GSL_PHEV35_N,T_D_pkm_ldv_t,le,0.012468644597661881
NS,2035,T_LDV_LTP_GSL_PHEV50_N,T_D_pkm_ldv_t,le,0.012468644597661881
NS,2040,T_LDV_C_BEV150_N,T_D_pkm_ldv_c,le,0.006239459580015358
NS,2040,T_LDV_C_BEV200_N,T_D_pkm_ldv_c,le,0.006239459580015358
NS,2040,T_LDV_C_BEV300_N,T_D_pkm_ldv_c,le,0.006239459580015358
NS,2040,T_LDV_C_BEV400_N,T_D_pkm_ldv_c,le,0.006239459580015358
NS,2040,T_LDV_C_CNG_N,T_D_pkm_ldv_c,le,0.006239459580015358
NS,2040,T_LDV_C_DSL_N,T_D_pkm_ldv_c,le,0.006239459580015358
NS,2040,T_LDV_C_FCEV400_N,T_D_pkm_ldv_c,le,0.006239459580015358
NS,2040,T_LDV_C_GSL_HEV_N,T_D_pkm_ldv_c,le,0.006239459580015358
NS,2040,T_LDV_C_GSL_N,T_D_pkm_ldv_c,le,0.006239459580015358
NS,2040,T_LDV_C_GSL_PHEV35_N,T_D_pkm_ldv_c,le,0.006239459580015358
NS,2040,T_LDV_C_GSL_PHEV50_N,T_D_pkm_ldv_c,le,0.006239459580015358
NS,2040,T_LDV_LTP_BEV150_N,T_D_pkm_ldv_t,le,0.012468644597661881
NS,2040,T_LDV_LTP_BEV200_N,T_D_pkm_ldv_t,le,0.012468644597661881
NS,2040,T_LDV_LTP_BEV300_N,T_D_pkm_ldv_t,le,0.012468644597661881
NS,2040,T_LDV_LTP_BEV400_N,T_D_pkm_ldv_t,le,0.012468644597661881
NS,2040,T_LDV_LTP_CNG_N,T_D_pkm_ldv_t,le,0.012468644597661881
NS,2040,T_LDV_LTP_DSL_N,T_D_pkm_ldv_t,le,0.012468644597661881
NS,2040,T_LDV_LTP_FCEV400_N,T_D_pkm_ldv_t,le,0.012468644597661881
NS,2040,T_LDV_LTP_GSL_HEV_N,T_D_pkm_ldv_t,le,0.012468644597661881
NS,2040,T_LDV_LTP_GSL_N,T_D_pkm_ldv_t,le,0.012468644597661881
NS,2040,T_LDV_LTP_GSL_PHEV35_N,T_D_pkm_ldv_t,le,0.012468644597661881
NS,2040,T_LDV_LTP_GSL_PHEV50_N,T_D_pkm_ldv_t,le,0.012468644597661881
NS,2045,T_LDV_C_BEV150_N,T_D_pkm_ldv_c,le,0.006239459580015358
NS,2045,T_LDV_C_BEV200_N,T_D_pkm_ldv_c,le,0.006239459580015358
NS,2045,T_LDV_C_BEV300_N,T_D_pkm_ldv_c,le,0.006239459580015358
NS,2045,T_LDV_C_BEV400_N,T_D_pkm_ldv_c,le,0.006239459580015358
NS,2045,T_LDV_C_CNG_N,T_D_pkm_ldv_c,le,0.006239459580015358
NS,2045,T_LDV_C_DSL_N,T_D_pkm_ldv_c,le,0.006239459580015358
NS,2045,T_LDV_C_FCEV400_N,T_D_pkm_ldv_c,le,0.006239459580015358
NS,2045,T_LDV_C_GSL_HEV_N,T_D_pkm_ldv_c,le,0.006239459580015358
NS,2045,T_LDV_C_GSL_N,T_D_pkm_ldv_c,le,0.006239459580015358
NS,2045,T_LDV_C_GSL_PHEV35_N,T_D_pkm_ldv_c,le,0.006239459580015358
NS,2045,T_LDV_C_GSL_PHEV50_N,T_D_pkm_ldv_c,le,0.006239459580015358
NS,2045,T_LDV_LTP_BEV150_N,T_D_pkm_ldv_t,le,0.012468644597661881
NS,2045,T_LDV_LTP_BEV200_N,T_D_pkm_ldv_t,le,0.012468644597661881
NS,2045,T_LDV_LTP_BEV300_N,T_D_pkm_ldv_t,le,0.012468644597661881
NS,2045,T_LDV_LTP_BEV400_N,T_D_pkm_ldv_t,le,0.012468644597661881
NS,2045,T_LDV_LTP_CNG_N,T_D_pkm_ldv_t,le,0.012468644597661881
NS,2045,T_LDV_LTP_DSL_N,T_D_pkm_ldv_t,le,0.012468644597661881
NS,2045,T_LDV_LTP_FCEV400_N,T_D_pkm_ldv_t,le,0.012468644597661881
NS,2045,T_LDV_LTP_GSL_HEV_N,T_D_pkm_ldv_t,le,0.012468644597661881
NS,2045,T_LDV_LTP_GSL_N,T_D_pkm_ldv_t,le,0.012468644597661881
NS,2045,T_LDV_LTP_GSL_PHEV35_N,T_D_pkm_ldv_t,le,0.012468644597661881
NS,2045,T_LDV_LTP_GSL_PHEV50_N,T_D_pkm_ldv_t,le,0.012468644597661881
NS,2050,T_LDV_C_BEV150_N,T_D_pkm_ldv_c,le,0.006239459580015358
NS,2050,T_LDV_C_BEV200_N,T_D_pkm_ldv_c,le,0.006239459580015358
NS,2050,T_LDV_C_BEV300_N,T_D_pkm_ldv_c,le,0.006239459580015358
NS,2050,T_LDV_C_BEV400_N,T_D_pkm_ldv_c,le,0.006239459580015358
NS,2050,T_LDV_C_CNG_N,T_D_pkm_ldv_c,le,0.006239459580015358
NS,2050,T_LDV_C_DSL_N,T_D_pkm_ldv_c,le,0.006239459580015358
NS,2050,T_LDV_C_FCEV400_N,T_D_pkm_ldv_c,le,0.006239459580015358
NS,2050,T_LDV_C_GSL_HEV_N,T_D_pkm_ldv_c,le,0.006239459580015358
NS,2050,T_LDV_C_GSL_N,T_D_pkm_ldv_c,le,0.006239459580015358
NS,2050,T_LDV_C_GSL_PHEV35_N,T_D_pkm_ldv_c,le,0.006239459580015358
NS,2050,T_LDV_C_GSL_PHEV50_N,T_D_pkm_ldv_c,le,0.006239459580015358
NS,2050,T_LDV_LTP_BEV150_N,T_D_pkm_ldv_t,le,0.012468644597661881
NS,2050,T_LDV_LTP_BEV200_N,T_D_pkm_ldv_t,le,0.012468644597661881
NS,2050,T_LDV_LTP_BEV300_N,T_D_pkm_ldv_t,le,0.012468644597661881
NS,2050,T_LDV_LTP_BEV400_N,T_D_pkm_ldv_t,le,0.012468644597661881
NS,2050,T_LDV_LTP_CNG_N,T_D_pkm_ldv_t,le,0.012468644597661881
NS,2050,T_LDV_LTP_DSL_N,T_D_pkm_ldv_t,le,0.012468644597661881
NS,2050,T_LDV_LTP_FCEV400_N,T_D_pkm_ldv_t,le,0.012468644597661881
NS,2050,T_LDV_LTP_GSL_HEV_N,T_D_pkm_ldv_t,le,0.012468644597661881
NS,2050,T_LDV_LTP_GSL_N,T_D_pkm_ldv_t,le,0.012468644597661881
NS,2050,T_LDV_LTP_GSL_PHEV35_N,T_D_pkm_ldv_t,le,0.012468644597661881
NS,2050,T_LDV_LTP_GSL_PHEV50_N,T_D_pkm_ldv_t,le,0.012468644597661881
ON,2025,T_MDV_T_GSL_EX,T_D_tkm_mdv_t,le,0.035205472083260636
ON,2025,T_MDV_T_GSL_N,T_D_tkm_mdv_t,le,0.035205472083260636
ON,2030,T_MDV_T_GSL_EX,T_D_tkm_mdv_t,le,0.035205472083260636
ON,2030,T_MDV_T_GSL_N,T_D_tkm_mdv_t,le,0.035205472083260636
ON,2035,T_MDV_T_GSL_EX,T_D_tkm_mdv_t,le,0.035205472083260636
ON,2035,T_MDV_T_GSL_N,T_D_tkm_mdv_t,le,0.035205472083260636
ON,2040,T_MDV_T_GSL_N,T_D_tkm_mdv_t,le,0.035205472083260636
ON,2045,T_MDV_T_GSL_N,T_D_tkm_mdv_t,le,0.035205472083260636
ON,2050,T_MDV_T_GSL_N,T_D_tkm_mdv_t,le,0.035205472083260636
QC,2025,T_MDV_T_GSL_EX,T_D_tkm_mdv_t,le,0.03834987483386422
QC,2025,T_MDV_T_GSL_N,T_D_tkm_mdv_t,le,0.03834987483386422
QC,2030,T_LDV_LTP_BEV150_N,T_D_pkm_ldv_t,le,0.0175240503761257
QC,2030,T_LDV_LTP_BEV200_N,T_D_pkm_ldv_t,le,0.0175240503761257
QC,2030,T_LDV_LTP_BEV300_EX,T_D_pkm_ldv_t,le,0.0175240503761257
QC,2030,T_LDV_LTP_BEV300_N,T_D_pkm_ldv_t,le,0.0175240503761257
QC,2030,T_LDV_LTP_BEV400_N,T_D_pkm_ldv_t,le,0.0175240503761257
QC,2030,T_LDV_LTP_CNG_N,T_D_pkm_ldv_t,le,0.0175240503761257
QC,2030,T_LDV_LTP_DSL_EX,T_D_pkm_ldv_t,le,0.0175240503761257
QC,2030,T_LDV_LTP_DSL_N,T_D_pkm_ldv_t,le,0.0175240503761257
QC,2030,T_LDV_LTP_FCEV400_N,T_D_pkm_ldv_t,le,0.0175240503761257
QC,2030,T_LDV_LTP_GSL_EX,T_D_pkm_ldv_t,le,0.0175240503761257
QC,2030,T_LDV_LTP_GSL_HEV_EX,T_D_pkm_ldv_t,le,0.0175240503761257
QC,2030,T_LDV_LTP_GSL_HEV_N,T_D_pkm_ldv_t,le,0.0175240503761257
QC,2030,T_LDV_LTP_GSL_N,T_D_pkm_ldv_t,le,0.0175240503761257
QC,2030,T_LDV_LTP_GSL_PHEV35_EX,T_D_pkm_ldv_t,le,0.0175240503761257
QC,2030,T_LDV_LTP_GSL_PHEV35_N,T_D_pkm_ldv_t,le,0.0175240503761257
QC,2030,T_LDV_LTP_GSL_PHEV50_N,T_D_pkm_ldv_t,le,0.0175240503761257
QC,2030,T_MDV_T_GSL_EX,T_D_tkm_mdv_t,le,0.03834987483386422
QC,2030,T_MDV_T_GSL_N,T_D_tkm_mdv_t,le,0.03834987483386422
QC,2035,T_LDV_LTP_BEV150_N,T_D_pkm_ldv_t,le,0.0175240503761257
QC,2035,T_LDV_LTP_BEV200_N,T_D_pkm_ldv_t,le,0.0175240503761257
QC,2035,T_LDV_LTP_BEV300_EX,T_D_pkm_ldv_t,le,0.0175240503761257
QC,2035,T_LDV_LTP_BEV300_N,T_D_pkm_ldv_t,le,0.0175240503761257
QC,2035,T_LDV_LTP_BEV400_N,T_D_pkm_ldv_t,le,0.0175240503761257
QC,2035,T_LDV_LTP_CNG_N,T_D_pkm_ldv_t,le,0.0175240503761257
QC,2035,T_LDV_LTP_DSL_EX,T_D_pkm_ldv_t,le,0.0175240503761257
QC,2035,T_LDV_LTP_DSL_N,T_D_pkm_ldv_t,le,0.0175240503761257
QC,2035,T_LDV_LTP_FCEV400_N,T_D_pkm_ldv_t,le,0.0175240503761257
QC,2035,T_LDV_LTP_GSL_EX,T_D_pkm_ldv_t,le,0.0175240503761257
QC,2035,T_LDV_LTP_GSL_HEV_EX,T_D_pkm_ldv_t,le,0.0175240503761257
QC,2035,T_LDV_LTP_GSL_HEV_N,T_D_pkm_ldv_t,le,0.0175240503761257
QC,2035,T_LDV_LTP_GSL_N,T_D_pkm_ldv_t,le,0.0175240503761257
QC,2035,T_LDV_LTP_GSL_PHEV35_EX,T_D_pkm_ldv_t,le,0.0175240503761257
QC,2035,T_LDV_LTP_GSL_PHEV35_N,T_D_pkm_ldv_t,le,0.0175240503761257
QC,2035,T_LDV_LTP_GSL_PHEV50_N,T_D_pkm_ldv_t,le,0.0175240503761257
QC,2035,T_MDV_T_GSL_EX,T_D_tkm_mdv_t,le,0.03834987483386422
QC,2035,T_MDV_T_GSL_N,T_D_tkm_mdv_t,le,0.03834987483386422
QC,2040,T_LDV_LTP_BEV150_N,T_D_pkm_ldv_t,le,0.0175240503761257
QC,2040,T_LDV_LTP_BEV200_N,T_D_pkm_ldv_t,le,0.0175240503761257
QC,2040,T_LDV_LTP_BEV300_N,T_D_pkm_ldv_t,le,0.0175240503761257
QC,2040,T_LDV_LTP_BEV400_N,T_D_pkm_ldv_t,le,0.0175240503761257
QC,2040,T_LDV_LTP_CNG_N,T_D_pkm_ldv_t,le,0.0175240503761257
QC,2040,T_LDV_LTP_DSL_N,T_D_pkm_ldv_t,le,0.0175240503761257
QC,2040,T_LDV_LTP_FCEV400_N,T_D_pkm_ldv_t,le,0.0175240503761257
QC,2040,T_LDV_LTP_GSL_HEV_N,T_D_pkm_ldv_t,le,0.0175240503761257
QC,2040,T_LDV_LTP_GSL_N,T_D_pkm_ldv_t,le,0.0175240503761257
QC,2040,T_LDV_LTP_GSL_PHEV35_N,T_D_pkm_ldv_t,le,0.0175240503761257
QC,2040,T_LDV_LTP_GSL_PHEV50_N,T_D_pkm_ldv_t,le,0.0175240503761257
QC,2040,T_MDV_T_GSL_N,T_D_tkm_mdv_t,le,0.03834987483386422
QC,2045,T_LDV_LTP_BEV150_N,T_D_pkm_ldv_t,le,0.0175240503761257
QC,2045,T_LDV_LTP_BEV200_N,T_D_pkm_ldv_t,le,0.0175240503761257
QC,2045,T_LDV_LTP_BEV300_N,T_D_pkm_ldv_t,le,0.0175240503761257
QC,2045,T_LDV_LTP_BEV400_N,T_D_pkm_ldv_t,le,0.0175240503761257
QC,2045,T_LDV_LTP_CNG_N,T_D_pkm_ldv_t,le,0.0175240503761257
QC,2045,T_LDV_LTP_DSL_N,T_D_pkm_ldv_t,le,0.0175240503761257
QC,2045,T_LDV_LTP_FCEV400_N,T_D_pkm_ldv_t,le,0.0175240503761257
QC,2045,T_LDV_LTP_GSL_HEV_N,T_D_pkm_ldv_t,le,0.0175240503761257
QC,2045,T_LDV_LTP_GSL_N,T_D_pkm_ldv_t,le,0.0175240503761257
QC,2045,T_LDV_LTP_GSL_PHEV35_N,T_D_pkm_ldv_t,le,0.0175240503761257
QC,2045,T_LDV_LTP_GSL_PHEV50_N,T_D_pkm_ldv_t,le,0.0175240503761257
QC,2045,T_MDV_T_GSL_N,T_D_tkm_mdv_t,le,0.03834987483386422
QC,2050,T_LDV_LTP_BEV150_N,T_D_pkm_ldv_t,le,0.0175240503761257
QC,2050,T_LDV_LTP_BEV200_N,T_D_pkm_ldv_t,le,0.0175240503761257
QC,2050,T_LDV_LTP_BEV300_N,T_D_pkm_ldv_t,le,0.0175240503761257
QC,2050,T_LDV_LTP_BEV400_N,T_D_pkm_ldv_t,le,0.0175240503761257
QC,2050,T_LDV_LTP_CNG_N,T_D_pkm_ldv_t,le,0.0175240503761257
QC,2050,T_LDV_LTP_DSL_N,T_D_pkm_ldv_t,le,0.0175240503761257
QC,2050,T_LDV_LTP_FCEV400_N,T_D_pkm_ldv_t,le,0.0175240503761257
QC,2050,T_LDV_LTP_GSL_HEV_N,T_D_pkm_ldv_t,le,0.0175240503761257
QC,2050,T_LDV_LTP_GSL_N,T_D_pkm_ldv_t,le,0.0175240503761257
QC,2050,T_LDV_LTP_GSL_PHEV35_N,T_D_pkm_ldv_t,le,0.0175240503761257
QC,2050,T_LDV_LTP_GSL_PHEV50_N,T_D_pkm_ldv_t,le,0.0175240503761257
QC,2050,T_MDV_T_GSL_N,T_D_tkm_mdv_t,le,0.03834987483386422
SK,2025,T_MDV_T_GSL_EX,T_D_tkm_mdv_t,le,0.037993542880950734
SK,2025,T_MDV_T_GSL_N,T_D_tkm_mdv_t,le,0.037993542880950734
SK,2030,T_MDV_T_GSL_EX,T_D_tkm_mdv_t,le,0.037993542880950734
SK,2030,T_MDV_T_GSL_N,T_D_tkm_mdv_t,le,0.037993542880950734
SK,2035,T_MDV_T_GSL_EX,T_D_tkm_mdv_t,le,0.037993542880950734
SK,2035,T_MDV_T_GSL_N,T_D_tkm_mdv_t,le,0.037993542880950734
SK,2040,T_MDV_T_GSL_N,T_D_tkm_mdv_t,le,0.037993542880950734
SK,2045,T_MDV_T_GSL_N,T_D_tkm_mdv_t,le,0.037993542880950734
SK,2050,T_MDV_T_GSL_N,T_D_tkm_mdv_t,le,0.037993542880950734
AB,2025,T_HDV_T_BEV_N,T_D_tkm_hdv_t,ge,0.1934927259804877
AB,2025,T_HDV_T_DSL_EX,T_D_tkm_hdv_t,ge,0.1934927259804877
AB,2025,T_HDV_T_DSL_HEV_N,T_D_tkm_hdv_t,ge,0.1934927259804877
AB,2025,T_HDV_T_DSL_N,T_D_tkm_hdv_t,ge,0.1934927259804877
AB,2025,T_HDV_T_DSL_PHEV_N,T_D_tkm_hdv_t,ge,0.1934927259804877
AB,2025,T_HDV_T_FCEV_N,T_D_tkm_hdv_t,ge,0.1934927259804877
AB,2025,T_HDV_T_FCHEV_N,T_D_tkm_hdv_t,ge,0.1934927259804877
AB,2025,T_LDV_LTF_BEV150_N,T_D_tkm_ldv_t,ge,0.029974241862919315
AB,2025,T_LDV_LTF_BEV200_N,T_D_tkm_ldv_t,ge,0.029974241862919315
AB,2025,T_LDV_LTF_BEV300_N,T_D_tkm_ldv_t,ge,0.029974241862919315
AB,2025,T_LDV_LTF_BEV400_N,T_D_tkm_ldv_t,ge,0.029974241862919315
AB,2025,T_LDV_LTF_CNG_N,T_D_tkm_ldv_t,ge,0.029974241862919315
AB,2025,T_LDV_LTF_DSL_EX,T_D_tkm_ldv_t,ge,0.029974241862919315
AB,2025,T_LDV_LTF_DSL_N,T_D_tkm_ldv_t,ge,0.029974241862919315
AB,2025,T_LDV_LTF_FCEV400_N,T_D_tkm_ldv_t,ge,0.029974241862919315
AB,2025,T_LDV_LTF_GSL_EX,T_D_tkm_ldv_t,ge,0.029974241862919315
AB,2025,T_LDV_LTF_GSL_HEV_EX,T_D_tkm_ldv_t,ge,0.029974241862919315
AB,2025,T_LDV_LTF_GSL_HEV_N,T_D_tkm_ldv_t,ge,0.029974241862919315
AB,2025,T_LDV_LTF_GSL_N,T_D_tkm_ldv_t,ge,0.029974241862919315
AB,2025,T_LDV_LTF_GSL_PHEV35_EX,T_D_tkm_ldv_t,ge,0.029974241862919315
AB,2025,T_LDV_LTF_GSL_PHEV35_N,T_D_tkm_ldv_t,ge,0.029974241862919315
AB,2025,T_LDV_LTF_GSL_PHEV50_N,T_D_tkm_ldv_t,ge,0.029974241862919315
AB,2025,T_LDV_LTP_BEV150_N,T_D_pkm_ldv_t,ge,0.01604225088084337
AB,2025,T_LDV_LTP_BEV200_N,T_D_pkm_ldv_t,ge,0.01604225088084337
AB,2025,T_LDV_LTP_BEV300_EX,T_D_pkm_ldv_t,ge,0.01604225088084337
AB,2025,T_LDV_LTP_BEV300_N,T_D_pkm_ldv_t,ge,0.01604225088084337
AB,2025,T_LDV_LTP_BEV400_N,T_D_pkm_ldv_t,ge,0.01604225088084337
AB,2025,T_LDV_LTP_CNG_N,T_D_pkm_ldv_t,ge,0.01604225088084337
AB,2025,T_LDV_LTP_DSL_EX,T_D_pkm_ldv_t,ge,0.01604225088084337
AB,2025,T_LDV_LTP_DSL_N,T_D_pkm_ldv_t,ge,0.01604225088084337
AB,2025,T_LDV_LTP_FCEV400_N,T_D_pkm_ldv_t,ge,0.01604225088084337
AB,2025,T_LDV_LTP_GSL_EX,T_D_pkm_ldv_t,ge,0.01604225088084337
AB,2025,T_LDV_LTP_GSL_HEV_EX,T_D_pkm_ldv_t,ge,0.01604225088084337
AB,2025,T_LDV_LTP_GSL_HEV_N,T_D_pkm_ldv_t,ge,0.01604225088084337
AB,2025,T_LDV_LTP_GSL_N,T_D_pkm_ldv_t,ge,0.01604225088084337
AB,2025,T_LDV_LTP_GSL_PHEV35_EX,T_D_pkm_ldv_t,ge,0.01604225088084337
AB,2025,T_LDV_LTP_GSL_PHEV35_N,T_D_pkm_ldv_t,ge,0.01604225088084337
AB,2025,T_LDV_LTP_GSL_PHEV50_N,T_D_pkm_ldv_t,ge,0.01604225088084337
AB,2030,T_HDV_T_BEV_N,T_D_tkm_hdv_t,ge,0.1934927259804877
AB,2030,T_HDV_T_DSL_EX,T_D_tkm_hdv_t,ge,0.1934927259804877
AB,2030,T_HDV_T_DSL_HEV_N,T_D_tkm_hdv_t,ge,0.1934927259804877
AB,2030,T_HDV_T_DSL_N,T_D_tkm_hdv_t,ge,0.1934927259804877
AB,2030,T_HDV_T_DSL_PHEV_N,T_D_tkm_hdv_t,ge,0.1934927259804877
AB,2030,T_HDV_T_FCEV_N,T_D_tkm_hdv_t,ge,0.1934927259804877
AB,2030,T_HDV_T_FCHEV_N,T_D_tkm_hdv_t,ge,0.1934927259804877
AB,2030,T_LDV_LTF_BEV150_N,T_D_tkm_ldv_t,ge,0.029974241862919315
AB,2030,T_LDV_LTF_BEV200_N,T_D_tkm_ldv_t,ge,0.029974241862919315
AB,2030,T_LDV_LTF_BEV300_N,T_D_tkm_ldv_t,ge,0.029974241862919315
AB,2030,T_LDV_LTF_BEV400_N,T_D_tkm_ldv_t,ge,0.029974241862919315
AB,2030,T_LDV_LTF_CNG_N,T_D_tkm_ldv_t,ge,0.029974241862919315
AB,2030,T_LDV_LTF_DSL_EX,T_D_tkm_ldv_t,ge,0.029974241862919315
AB,2030,T_LDV_LTF_DSL_N,T_D_tkm_ldv_t,ge,0.029974241862919315
AB,2030,T_LDV_LTF_FCEV400_N,T_D_tkm_ldv_t,ge,0.029974241862919315
AB,2030,T_LDV_LTF_GSL_EX,T_D_tkm_ldv_t,ge,0.029974241862919315
AB,2030,T_LDV_LTF_GSL_HEV_EX,T_D_tkm_ldv_t,ge,0.029974241862919315
AB,2030,T_LDV_LTF_GSL_HEV_N,T_D_tkm_ldv_t,ge,0.029974241862919315
AB,2030,T_LDV_LTF_GSL_N,T_D_tkm_ldv_t,ge,0.029974241862919315
AB,2030,T_LDV_LTF_GSL_PHEV35_EX,T_D_tkm_ldv_t,ge,0.029974241862919315
AB,2030,T_LDV_LTF_GSL_PHEV35_N,T_D_tkm_ldv_t,ge,0.029974241862919315
AB,2030,T_LDV_LTF_GSL_PHEV50_N,T_D_tkm_ldv_t,ge,0.029974241862919315
AB,2030,T_LDV_LTP_BEV150_N,T_D_pkm_ldv_t,ge,0.01604225088084337
AB,2030,T_LDV_LTP_BEV200_N,T_D_pkm_ldv_t,ge,0.01604225088084337
AB,2030,T_LDV_LTP_BEV300_EX,T_D_pkm_ldv_t,ge,0.01604225088084337
AB,2030,T_LDV_LTP_BEV300_N,T_D_pkm_ldv_t,ge,0.01604225088084337
AB,2030,T_LDV_LTP_BEV400_N,T_D_pkm_ldv_t,ge,0.01604225088084337
AB,2030,T_LDV_LTP_CNG_N,T_D_pkm_ldv_t,ge,0.01604225088084337
AB,2030,T_LDV_LTP_DSL_EX,T_D_pkm_ldv_t,ge,0.01604225088084337
AB,2030,T_LDV_LTP_DSL_N,T_D_pkm_ldv_t,ge,0.01604225088084337
AB,2030,T_LDV_LTP_FCEV400_N,T_D_pkm_ldv_t,ge,0.01604225088084337
AB,2030,T_LDV_LTP_GSL_EX,T_D_pkm_ldv_t,ge,0.01604225088084337
AB,2030,T_LDV_LTP_GSL_HEV_EX,T_D_pkm_ldv_t,ge,0.01604225088084337
AB,2030,T_LDV_LTP_GSL_HEV_N,T_D_pkm_ldv_t,ge,0.01604225088084337
AB,2030,T_LDV_LTP_GSL_N,T_D_pkm_ldv_t,ge,0.01604225088084337
AB,2030,T_LDV_LTP_GSL_PHEV35_EX,T_D_pkm_ldv_t,ge,0.01604225088084337
AB,2030,T_LDV_LTP_GSL_PHEV35_N,T_D_pkm_ldv_t,ge,0.01604225088084337
AB,2030,T_LDV_LTP_GSL_PHEV50_N,T_D_pkm_ldv_t,ge,0.01604225088084337
AB,2035,T_HDV_T_BEV_N,T_D_tkm_hdv_t,ge,0.1934927259804877
AB,2035,T_HDV_T_DSL_EX,T_D_tkm_hdv_t,ge,0.1934927259804877
AB,2035,T_HDV_T_DSL_HEV_N,T_D_tkm_hdv_t,ge,0.1934927259804877
AB,2035,T_HDV_T_DSL_N,T_D_tkm_hdv_t,ge,0.1934927259804877
AB,2035,T_HDV_T_DSL_PHEV_N,T_D_tkm_hdv_t,ge,0.1934927259804877
AB,2035,T_HDV_T_FCEV_N,T_D_tkm_hdv_t,ge,0.1934927259804877
AB,2035,T_HDV_T_FCHEV_N,T_D_tkm_hdv_t,ge,0.1934927259804877
AB,2035,T_LDV_LTF_BEV150_N,T_D_tkm_ldv_t,ge,0.029974241862919315
AB,2035,T_LDV_LTF_BEV200_N,T_D_tkm_ldv_t,ge,0.029974241862919315
AB,2035,T_LDV_LTF_BEV300_N,T_D_tkm_ldv_t,ge,0.029974241862919315
AB,2035,T_LDV_LTF_BEV400_N,T_D_tkm_ldv_t,ge,0.029974241862919315
AB,2035,T_LDV_LTF_CNG_N,T_D_tkm_ldv_t,ge,0.029974241862919315
AB,2035,T_LDV_LTF_DSL_EX,T_D_tkm_ldv_t,ge,0.029974241862919315
AB,2035,T_LDV_LTF_DSL_N,T_D_tkm_ldv_t,ge,0.029974241862919315
AB,2035,T_LDV_LTF_FCEV400_N,T_D_tkm_ldv_t,ge,0.029974241862919315
AB,2035,T_LDV_LTF_GSL_EX,T_D_tkm_ldv_t,ge,0.029974241862919315
AB,2035,T_LDV_LTF_GSL_HEV_EX,T_D_tkm_ldv_t,ge,0.029974241862919315
AB,2035,T_LDV_LTF_GSL_HEV_N,T_D_tkm_ldv_t,ge,0.029974241862919315
AB,2035,T_LDV_LTF_GSL_N,T_D_tkm_ldv_t,ge,0.029974241862919315
AB,2035,T_LDV_LTF_GSL_PHEV35_EX,T_D_tkm_ldv_t,ge,0.029974241862919315
AB,2035,T_LDV_LTF_GSL_PHEV35_N,T_D_tkm_ldv_t,ge,0.029974241862919315
AB,2035,T_LDV_LTF_GSL_PHEV50_N,T_D_tkm_ldv_t,ge,0.029974241862919315
AB,2035,T_LDV_LTP_BEV150_N,T_D_pkm_ldv_t,ge,0.01604225088084337
AB,2035,T_LDV_LTP_BEV200_N,T_D_pkm_ldv_t,ge,0.01604225088084337
AB,2035,T_LDV_LTP_BEV300_EX,T_D_pkm_ldv_t,ge,0.01604225088084337
AB,2035,T_LDV_LTP_BEV300_N,T_D_pkm_ldv_t,ge,0.01604225088084337
AB,2035,T_LDV_LTP_BEV400_N,T_D_pkm_ldv_t,ge,0.01604225088084337
AB,2035,T_LDV_LTP_CNG_N,T_D_pkm_ldv_t,ge,0.01604225088084337
AB,2035,T_LDV_LTP_DSL_EX,T_D_pkm_ldv_t,ge,0.01604225088084337
AB,2035,T_LDV_LTP_DSL_N,T_D_pkm_ldv_t,ge,0.01604225088084337
AB,2035,T_LDV_LTP_FCEV400_N,T_D_pkm_ldv_t,ge,0.01604225088084337
AB,2035,T_LDV_LTP_GSL_EX,T_D_pkm_ldv_t,ge,0.01604225088084337
AB,2035,T_LDV_LTP_GSL_HEV_EX,T_D_pkm_ldv_t,ge,0.01604225088084337
AB,2035,T_LDV_LTP_GSL_HEV_N,T_D_pkm_ldv_t,ge,0.01604225088084337
AB,2035,T_LDV_LTP_GSL_N,T_D_pkm_ldv_t,ge,0.01604225088084337
AB,2035,T_LDV_LTP_GSL_PHEV35_EX,T_D_pkm_ldv_t,ge,0.01604225088084337
AB,2035,T_LDV_LTP_GSL_PHEV35_N,T_D_pkm_ldv_t,ge,0.01604225088084337
AB,2035,T_LDV_LTP_GSL_PHEV50_N,T_D_pkm_ldv_t,ge,0.01604225088084337
AB,2040,T_HDV_T_BEV_N,T_D_tkm_hdv_t,ge,0.1934927259804877
AB,2040,T_HDV_T_DSL_HEV_N,T_D_tkm_hdv_t,ge,0.1934927259804877
AB,2040,T_HDV_T_DSL_N,T_D_tkm_hdv_t,ge,0.1934927259804877
AB,2040,T_HDV_T_DSL_PHEV_N,T_D_tkm_hdv_t,ge,0.1934927259804877
AB,2040,T_HDV_T_FCEV_N,T_D_tkm_hdv_t,ge,0.1934927259804877
AB,2040,T_HDV_T_FCHEV_N,T_D_tkm_hdv_t,ge,0.1934927259804877
AB,2040,T_LDV_LTF_BEV150_N,T_D_tkm_ldv_t,ge,0.029974241862919315
AB,2040,T_LDV_LTF_BEV200_N,T_D_tkm_ldv_t,ge,0.029974241862919315
AB,2040,T_LDV_LTF_BEV300_N,T_D_tkm_ldv_t,ge,0.029974241862919315
AB,2040,T_LDV_LTF_BEV400_N,T_D_tkm_ldv_t,ge,0.029974241862919315
AB,2040,T_LDV_LTF_CNG_N,T_D_tkm_ldv_t,ge,0.029974241862919315
AB,2040,T_LDV_LTF_DSL_N,T_D_tkm_ldv_t,ge,0.029974241862919315
AB,2040,T_LDV_LTF_FCEV400_N,T_D_tkm_ldv_t,ge,0.029974241862919315
AB,2040,T_LDV_LTF_GSL_HEV_N,T_D_tkm_ldv_t,ge,0.029974241862919315
AB,2040,T_LDV_LTF_GSL_N,T_D_tkm_ldv_t,ge,0.029974241862919315
AB,2040,T_LDV_LTF_GSL_PHEV35_N,T_D_tkm_ldv_t,ge,0.029974241862919315
AB,2040,T_LDV_LTF_GSL_PHEV50_N,T_D_tkm_ldv_t,ge,0.029974241862919315
AB,2040,T_LDV_LTP_BEV150_N,T_D_pkm_ldv_t,ge,0.01604225088084337
AB,2040,T_LDV_LTP_BEV200_N,T_D_pkm_ldv_t,ge,0.01604225088084337
AB,2040,T_LDV_LTP_BEV300_N,T_D_pkm_ldv_t,ge,0.01604225088084337
AB,2040,T_LDV_LTP_BEV400_N,T_D_pkm_ldv_t,ge,0.01604225088084337
AB,2040,T_LDV_LTP_CNG_N,T_D_pkm_ldv_t,ge,0.01604225088084337
AB,2040,T_LDV_LTP_DSL_N,T_D_pkm_ldv_t,ge,0.01604225088084337
AB,2040,T_LDV_LTP_FCEV400_N,T_D_pkm_ldv_t,ge,0.01604225088084337
AB,2040,T_LDV_LTP_GSL_HEV_N,T_D_pkm_ldv_t,ge,0.01604225088084337
AB,2040,T_LDV_LTP_GSL_N,T_D_pkm_ldv_t,ge,0.01604225088084337
AB,2040,T_LDV_LTP_GSL_PHEV35_N,T_D_pkm_ldv_t,ge,0.01604225088084337
AB,2040,T_LDV_LTP_GSL_PHEV50_N,T_D_pkm_ldv_t,ge,0.01604225088084337
AB,2045,T_HDV_T_BEV_N,T_D_tkm_hdv_t,ge,0.1934927259804877
AB,2045,T_HDV_T_DSL_HEV_N,T_D_tkm_hdv_t,ge,0.1934927259804877
AB,2045,T_HDV_T_DSL_N,T_D_tkm_hdv_t,ge,0.1934927259804877
AB,2045,T_HDV_T_DSL_PHEV_N,T_D_tkm_hdv_t,ge,0.1934927259804877
AB,2045,T_HDV_T_FCEV_N,T_D_tkm_hdv_t,ge,0.1934927259804877
AB,2045,T_HDV_T_FCHEV_N,T_D_tkm_hdv_t,ge,0.1934927259804877
AB,2045,T_LDV_LTF_BEV150_N,T_D_tkm_ldv_t,ge,0.029974241862919315
AB,2045,T_LDV_LTF_BEV200_N,T_D_tkm_ldv_t,ge,0.029974241862919315
AB,2045,T_LDV_LTF_BEV300_N,T_D_tkm_ldv_t,ge,0.029974241862919315
AB,2045,T_LDV_LTF_BEV400_N,T_D_tkm_ldv_t,ge,0.029974241862919315
AB,2045,T_LDV_LTF_CNG_N,T_D_tkm_ldv_t,ge,0.029974241862919315
AB,2045,T_LDV_LTF_DSL_N,T_D_tkm_ldv_t,ge,0.029974241862919315
AB,2045,T_LDV_LTF_FCEV400_N,T_D_tkm_ldv_t,ge,0.029974241862919315
AB,2045,T_LDV_LTF_GSL_HEV_N,T_D_tkm_ldv_t,ge,0.029974241862919315
AB,2045,T_LDV_LTF_GSL_N,T_D_tkm_ldv_t,ge,0.029974241862919315
AB,2045,T_LDV_LTF_GSL_PHEV35_N,T_D_tkm_ldv_t,ge,0.029974241862919315
AB,2045,T_LDV_LTF_GSL_PHEV50_N,T_D_tkm_ldv_t,ge,0.029974241862919315
AB,2045,T_LDV_LTP_BEV150_N,T_D_pkm_ldv_t,ge,0.01604225088084337
AB,2045,T_LDV_LTP_BEV200_N,T_D_pkm_ldv_t,ge,0.01604225088084337
AB,2045,T_LDV_LTP_BEV300_N,T_D_pkm_ldv_t,ge,0.01604225088084337
AB,2045,T_LDV_LTP_BEV400_N,T_D_pkm_ldv_t,ge,0.01604225088084337
AB,2045,T_LDV_LTP_CNG_N,T_D_pkm_ldv_t,ge,0.01604225088084337
AB,2045,T_LDV_LTP_DSL_N,T_D_pkm_ldv_t,ge,0.01604225088084337
AB,2045,T_LDV_LTP_FCEV400_N,T_D_pkm_ldv_t,ge,0.01604225088084337
AB,2045,T_LDV_LTP_GSL_HEV_N,T_D_pkm_ldv_t,ge,0.01604225088084337
AB,2045,T_LDV_LTP_GSL_N,T_D_pkm_ldv_t,ge,0.01604225088084337
AB,2045,T_LDV_LTP_GSL_PHEV35_N,T_D_pkm_ldv_t,ge,0.01604225088084337
AB,2045,T_LDV_LTP_GSL_PHEV50_N,T_D_pkm_ldv_t,ge,0.01604225088084337
AB,2050,T_HDV_T_BEV_N,T_D_tkm_hdv_t,ge,0.1934927259804877
AB,2050,T_HDV_T_DSL_HEV_N,T_D_tkm_hdv_t,ge,0.1934927259804877
AB,2050,T_HDV_T_DSL_N,T_D_tkm_hdv_t,ge,0.1934927259804877
AB,2050,T_HDV_T_DSL_PHEV_N,T_D_tkm_hdv_t,ge,0.1934927259804877
AB,2050,T_HDV_T_FCEV_N,T_D_tkm_hdv_t,ge,0.1934927259804877
AB,2050,T_HDV_T_FCHEV_N,T_D_tkm_hdv_t,ge,0.1934927259804877
AB,2050,T_LDV_LTF_BEV150_N,T_D_tkm_ldv_t,ge,0.029974241862919315
AB,2050,T_LDV_LTF_BEV200_N,T_D_tkm_ldv_t,ge,0.029974241862919315
AB,2050,T_LDV_LTF_BEV300_N,T_D_tkm_ldv_t,ge,0.029974241862919315
AB,2050,T_LDV_LTF_BEV400_N,T_D_tkm_ldv_t,ge,0.029974241862919315
AB,2050,T_LDV_LTF_CNG_N,T_D_tkm_ldv_t,ge,0.029974241862919315
AB,2050,T_LDV_LTF_DSL_N,T_D_tkm_ldv_t,ge,0.029974241862919315
AB,2050,T_LDV_LTF_FCEV400_N,T_D_tkm_ldv_t,ge,0.029974241862919315
AB,2050,T_LDV_LTF_GSL_HEV_N,T_D_tkm_ldv_t,ge,0.029974241862919315
AB,2050,T_LDV_LTF_GSL_N,T_D_tkm_ldv_t,ge,0.029974241862919315
AB,2050,T_LDV_LTF_GSL_PHEV35_N,T_D_tkm_ldv_t,ge,0.029974241862919315
AB,2050,T_LDV_LTF_GSL_PHEV50_N,T_D_tkm_ldv_t,ge,0.029974241862919315
AB,2050,T_LDV_LTP_BEV150_N,T_D_pkm_ldv_t,ge,0.01604225088084337
AB,2050,T_LDV_LTP_BEV200_N,T_D_pkm_ldv_t,ge,0.01604225088084337
AB,2050,T_LDV_LTP_BEV300_N,T_D_pkm_ldv_t,ge,0.01604225088084337
AB,2050,T_LDV_LTP_BEV400_N,T_D_pkm_ldv_t,ge,0.01604225088084337
AB,2050,T_LDV_LTP_CNG_N,T_D_pkm_ldv_t,ge,0.01604225088084337
AB,2050,T_LDV_LTP_DSL_N,T_D_pkm_ldv_t,ge,0.01604225088084337
AB,2050,T_LDV_LTP_FCEV400_N,T_D_pkm_ldv_t,ge,0.01604225088084337
AB,2050,T_LDV_LTP_GSL_HEV_N,T_D_pkm_ldv_t,ge,0.01604225088084337
AB,2050,T_LDV_LTP_GSL_N,T_D_pkm_ldv_t,ge,0.01604225088084337
AB,2050,T_LDV_LTP_GSL_PHEV35_N,T_D_pkm_ldv_t,ge,0.01604225088084337
AB,2050,T_LDV_LTP_GSL_PHEV50_N,T_D_pkm_ldv_t,ge,0.01604225088084337
BC,2025,T_HDV_T_BEV_N,T_D_tkm_hdv_t,ge,0.12410084441267985
BC,2025,T_HDV_T_DSL_EX,T_D_tkm_hdv_t,ge,0.12410084441267985
BC,2025,T_HDV_T_DSL_HEV_N,T_D_tkm_hdv_t,ge,0.12410084441267985
BC,2025,T_HDV_T_DSL_N,T_D_tkm_hdv_t,ge,0.12410084441267985
BC,2025,T_HDV_T_DSL_PHEV_N,T_D_tkm_hdv_t,ge,0.12410084441267985
BC,2025,T_HDV_T_FCEV_N,T_D_tkm_hdv_t,ge,0.12410084441267985
BC,2025,T_HDV_T_FCHEV_N,T_D_tkm_hdv_t,ge,0.12410084441267985
BC,2025,T_LDV_LTF_BEV150_N,T_D_tkm_ldv_t,ge,0.024408206668439878
BC,2025,T_LDV_LTF_BEV200_N,T_D_tkm_ldv_t,ge,0.024408206668439878
BC,2025,T_LDV_LTF_BEV300_N,T_D_tkm_ldv_t,ge,0.024408206668439878
BC,2025,T_LDV_LTF_BEV400_N,T_D_tkm_ldv_t,ge,0.024408206668439878
BC,2025,T_LDV_LTF_CNG_N,T_D_tkm_ldv_t,ge,0.024408206668439878
BC,2025,T_LDV_LTF_DSL_EX,T_D_tkm_ldv_t,ge,0.024408206668439878
BC,2025,T_LDV_LTF_DSL_N,T_D_tkm_ldv_t,ge,0.024408206668439878
BC,2025,T_LDV_LTF_FCEV400_N,T_D_tkm_ldv_t,ge,0.024408206668439878
BC,2025,T_LDV_LTF_GSL_EX,T_D_tkm_ldv_t,ge,0.024408206668439878
BC,2025,T_LDV_LTF_GSL_HEV_EX,T_D_tkm_ldv_t,ge,0.024408206668439878
BC,2025,T_LDV_LTF_GSL_HEV_N,T_D_tkm_ldv_t,ge,0.024408206668439878
BC,2025,T_LDV_LTF_GSL_N,T_D_tkm_ldv_t,ge,0.024408206668439878
BC,2025,T_LDV_LTF_GSL_PHEV35_EX,T_D_tkm_ldv_t,ge,0.024408206668439878
BC,2025,T_LDV_LTF_GSL_PHEV35_N,T_D_tkm_ldv_t,ge,0.024408206668439878
BC,2025,T_LDV_LTF_GSL_PHEV50_N,T_D_tkm_ldv_t,ge,0.024408206668439878
BC,2025,T_LDV_LTP_BEV150_N,T_D_pkm_ldv_t,ge,0.01459769668508291
BC,2025,T_LDV_LTP_BEV200_N,T_D_pkm_ldv_t,ge,0.01459769668508291
BC,2025,T_LDV_LTP_BEV300_EX,T_D_pkm_ldv_t,ge,0.01459769668508291
BC,2025,T_LDV_LTP_BEV300_N,T_D_pkm_ldv_t,ge,0.01459769668508291
BC,2025,T_LDV_LTP_BEV400_N,T_D_pkm_ldv_t,ge,0.01459769668508291
BC,2025,T_LDV_LTP_CNG_N,T_D_pkm_ldv_t,ge,0.01459769668508291
BC,2025,T_LDV_LTP_DSL_EX,T_D_pkm_ldv_t,ge,0.01459769668508291
BC,2025,T_LDV_LTP_DSL_N,T_D_pkm_ldv_t,ge,0.01459769668508291
BC,2025,T_LDV_LTP_FCEV400_N,T_D_pkm_ldv_t,ge,0.01459769668508291
BC,2025,T_LDV_LTP_GSL_EX,T_D_pkm_ldv_t,ge,0.01459769668508291
BC,2025,T_LDV_LTP_GSL_HEV_EX,T_D_pkm_ldv_t,ge,0.01459769668508291
BC,2025,T_LDV_LTP_GSL_HEV_N,T_D_pkm_ldv_t,ge,0.01459769668508291
BC,2025,T_LDV_LTP_GSL_N,T_D_pkm_ldv_t,ge,0.01459769668508291
BC,2025,T_LDV_LTP_GSL_PHEV35_EX,T_D_pkm_ldv_t,ge,0.01459769668508291
BC,2025,T_LDV_LTP_GSL_PHEV35_N,T_D_pkm_ldv_t,ge,0.01459769668508291
BC,2025,T_LDV_LTP_GSL_PHEV50_N,T_D_pkm_ldv_t,ge,0.01459769668508291
BC,2030,T_HDV_T_BEV_N,T_D_tkm_hdv_t,ge,0.12410084441267985
BC,2030,T_HDV_T_DSL_EX,T_D_tkm_hdv_t,ge,0.12410084441267985
BC,2030,T_HDV_T_DSL_HEV_N,T_D_tkm_hdv_t,ge,0.12410084441267985
BC,2030,T_HDV_T_DSL_N,T_D_tkm_hdv_t,ge,0.12410084441267985
BC,2030,T_HDV_T_DSL_PHEV_N,T_D_tkm_hdv_t,ge,0.12410084441267985
BC,2030,T_HDV_T_FCEV_N,T_D_tkm_hdv_t,ge,0.12410084441267985
BC,2030,T_HDV_T_FCHEV_N,T_D_tkm_hdv_t,ge,0.12410084441267985
BC,2030,T_LDV_LTF_BEV150_N,T_D_tkm_ldv_t,ge,0.024408206668439878
BC,2030,T_LDV_LTF_BEV200_N,T_D_tkm_ldv_t,ge,0.024408206668439878
BC,2030,T_LDV_LTF_BEV300_N,T_D_tkm_ldv_t,ge,0.024408206668439878
BC,2030,T_LDV_LTF_BEV400_N,T_D_tkm_ldv_t,ge,0.024408206668439878
BC,2030,T_LDV_LTF_CNG_N,T_D_tkm_ldv_t,ge,0.024408206668439878
BC,2030,T_LDV_LTF_DSL_EX,T_D_tkm_ldv_t,ge,0.024408206668439878
BC,2030,T_LDV_LTF_DSL_N,T_D_tkm_ldv_t,ge,0.024408206668439878
BC,2030,T_LDV_LTF_FCEV400_N,T_D_tkm_ldv_t,ge,0.024408206668439878
BC,2030,T_LDV_LTF_GSL_EX,T_D_tkm_ldv_t,ge,0.024408206668439878
BC,2030,T_LDV_LTF_GSL_HEV_EX,T_D_tkm_ldv_t,ge,0.024408206668439878
BC,2030,T_LDV_LTF_GSL_HEV_N,T_D_tkm_ldv_t,ge,0.024408206668439878
BC,2030,T_LDV_LTF_GSL_N,T_D_tkm_ldv_t,ge,0.024408206668439878
BC,2030,T_LDV_LTF_GSL_PHEV35_EX,T_D_tkm_ldv_t,ge,0.024408206668439878
BC,2030,T_LDV_LTF_GSL_PHEV35_N,T_D_tkm_ldv_t,ge,0.024408206668439878
BC,2030,T_LDV_LTF_GSL_PHEV50_N,T_D_tkm_ldv_t,ge,0.024408206668439878
BC,2030,T_LDV_LTP_BEV150_N,T_D_pkm_ldv_t,ge,0.01459769668508291
BC,2030,T_LDV_LTP_BEV200_N,T_D_pkm_ldv_t,ge,0.01459769668508291
BC,2030,T_LDV_LTP_BEV300_EX,T_D_pkm_ldv_t,ge,0.01459769668508291
BC,2030,T_LDV_LTP_BEV300_N,T_D_pkm_ldv_t,ge,0.01459769668508291
BC,2030,T_LDV_LTP_BEV400_N,T_D_pkm_ldv_t,ge,0.01459769668508291
BC,2030,T_LDV_LTP_CNG_N,T_D_pkm_ldv_t,ge,0.01459769668508291
BC,2030,T_LDV_LTP_DSL_EX,T_D_pkm_ldv_t,ge,0.01459769668508291
BC,2030,T_LDV_LTP_DSL_N,T_D_pkm_ldv_t,ge,0.01459769668508291
BC,2030,T_LDV_LTP_FCEV400_N,T_D_pkm_ldv_t,ge,0.01459769668508291
BC,2030,T_LDV_LTP_GSL_EX,T_D_pkm_ldv_t,ge,0.01459769668508291
BC,2030,T_LDV_LTP_GSL_HEV_EX,T_D_pkm_ldv_t,ge,0.01459769668508291
BC,2030,T_LDV_LTP_GSL_HEV_N,T_D_pkm_ldv_t,ge,0.01459769668508291
BC,2030,T_LDV_LTP_GSL_N,T_D_pkm_ldv_t,ge,0.01459769668508291
BC,2030,T_LDV_LTP_GSL_PHEV35_EX,T_D_pkm_ldv_t,ge,0.01459769668508291
BC,2030,T_LDV_LTP_GSL_PHEV35_N,T_D_pkm_ldv_t,ge,0.01459769668508291
BC,2030,T_LDV_LTP_GSL_PHEV50_N,T_D_pkm_ldv_t,ge,0.01459769668508291
BC,2035,T_HDV_T_BEV_N,T_D_tkm_hdv_t,ge,0.12410084441267985
BC,2035,T_HDV_T_DSL_EX,T_D_tkm_hdv_t,ge,0.12410084441267985
BC,2035,T_HDV_T_DSL_HEV_N,T_D_tkm_hdv_t,ge,0.12410084441267985
BC,2035,T_HDV_T_DSL_N,T_D_tkm_hdv_t,ge,0.12410084441267985
BC,2035,T_HDV_T_DSL_PHEV_N,T_D_tkm_hdv_t,ge,0.12410084441267985
BC,2035,T_HDV_T_FCEV_N,T_D_tkm_hdv_t,ge,0.12410084441267985
BC,2035,T_HDV_T_FCHEV_N,T_D_tkm_hdv_t,ge,0.12410084441267985
BC,2035,T_LDV_LTF_BEV150_N,T_D_tkm_ldv_t,ge,0.024408206668439878
BC,2035,T_LDV_LTF_BEV200_N,T_D_tkm_ldv_t,ge,0.024408206668439878
BC,2035,T_LDV_LTF_BEV300_N,T_D_tkm_ldv_t,ge,0.024408206668439878
BC,2035,T_LDV_LTF_BEV400_N,T_D_tkm_ldv_t,ge,0.024408206668439878
BC,2035,T_LDV_LTF_CNG_N,T_D_tkm_ldv_t,ge,0.024408206668439878
BC,2035,T_LDV_LTF_DSL_EX,T_D_tkm_ldv_t,ge,0.024408206668439878
BC,2035,T_LDV_LTF_DSL_N,T_D_tkm_ldv_t,ge,0.024408206668439878
BC,2035,T_LDV_LTF_FCEV400_N,T_D_tkm_ldv_t,ge,0.024408206668439878
BC,2035,T_LDV_LTF_GSL_EX,T_D_tkm_ldv_t,ge,0.024408206668439878
BC,2035,T_LDV_LTF_GSL_HEV_N,T_D_tkm_ldv_t,ge,0.024408206668439878
BC,2035,T_LDV_LTF_GSL_N,T_D_tkm_ldv_t,ge,0.024408206668439878
BC,2035,T_LDV_LTF_GSL_PHEV35_EX,T_D_tkm_ldv_t,ge,0.024408206668439878
BC,2035,T_LDV_LTF_GSL_PHEV35_N,T_D_tkm_ldv_t,ge,0.024408206668439878
BC,2035,T_LDV_LTF_GSL_PHEV50_N,T_D_tkm_ldv_t,ge,0.024408206668439878
BC,2035,T_LDV_LTP_BEV150_N,T_D_pkm_ldv_t,ge,0.01459769668508291
BC,2035,T_LDV_LTP_BEV200_N,T_D_pkm_ldv_t,ge,0.01459769668508291
BC,2035,T_LDV_LTP_BEV300_EX,T_D_pkm_ldv_t,ge,0.01459769668508291
BC,2035,T_LDV_LTP_BEV300_N,T_D_pkm_ldv_t,ge,0.01459769668508291
BC,2035,T_LDV_LTP_BEV400_N,T_D_pkm_ldv_t,ge,0.01459769668508291
BC,2035,T_LDV_LTP_CNG_N,T_D_pkm_ldv_t,ge,0.01459769668508291
BC,2035,T_LDV_LTP_DSL_EX,T_D_pkm_ldv_t,ge,0.01459769668508291
BC,2035,T_LDV_LTP_DSL_N,T_D_pkm_ldv_t,ge,0.01459769668508291
BC,2035,T_LDV_LTP_FCEV400_N,T_D_pkm_ldv_t,ge,0.01459769668508291
BC,2035,T_LDV_LTP_GSL_EX,T_D_pkm_ldv_t,ge,0.01459769668508291
BC,2035,T_LDV_LTP_GSL_HEV_EX,T_D_pkm_ldv_t,ge,0.01459769668508291
BC,2035,T_LDV_LTP_GSL_HEV_N,T_D_pkm_ldv_t,ge,0.01459769668508291
BC,2035,T_LDV_LTP_GSL_N,T_D_pkm_ldv_t,ge,0.01459769668508291
BC,2035,T_LDV_LTP_GSL_PHEV35_EX,T_D_pkm_ldv_t,ge,0.01459769668508291
BC,2035,T_LDV_LTP_GSL_PHEV35_N,T_D_pkm_ldv_t,ge,0.01459769668508291
BC,2035,T_LDV_LTP_GSL_PHEV50_N,T_D_pkm_ldv_t,ge,0.01459769668508291
BC,2040,T_HDV_T_BEV_N,T_D_tkm_hdv_t,ge,0.12410084441267985
BC,2040,T_HDV_T_DSL_HEV_N,T_D_tkm_hdv_t,ge,0.12410084441267985
BC,2040,T_HDV_T_DSL_N,T_D_tkm_hdv_t,ge,0.12410084441267985
BC,2040,T_HDV_T_DSL_PHEV_N,T_D_tkm_hdv_t,ge,0.12410084441267985
BC,2040,T_HDV_T_FCEV_N,T_D_tkm_hdv_t,ge,0.12410084441267985
BC,2040,T_HDV_T_FCHEV_N,T_D_tkm_hdv_t,ge,0.12410084441267985
BC,2040,T_LDV_LTF_BEV150_N,T_D_tkm_ldv_t,ge,0.024408206668439878
BC,2040,T_LDV_LTF_BEV200_N,T_D_tkm_ldv_t,ge,0.024408206668439878
BC,2040,T_LDV_LTF_BEV300_N,T_D_tkm_ldv_t,ge,0.024408206668439878
BC,2040,T_LDV_LTF_BEV400_N,T_D_tkm_ldv_t,ge,0.024408206668439878
BC,2040,T_LDV_LTF_CNG_N,T_D_tkm_ldv_t,ge,0.024408206668439878
BC,2040,T_LDV_LTF_DSL_N,T_D_tkm_ldv_t,ge,0.024408206668439878
BC,2040,T_LDV_LTF_FCEV400_N,T_D_tkm_ldv_t,ge,0.024408206668439878
BC,2040,T_LDV_LTF_GSL_HEV_N,T_D_tkm_ldv_t,ge,0.024408206668439878
BC,2040,T_LDV_LTF_GSL_N,T_D_tkm_ldv_t,ge,0.024408206668439878
BC,2040,T_LDV_LTF_GSL_PHEV35_N,T_D_tkm_ldv_t,ge,0.024408206668439878
BC,2040,T_LDV_LTF_GSL_PHEV50_N,T_D_tkm_ldv_t,ge,0.024408206668439878
BC,2040,T_LDV_LTP_BEV150_N,T_D_pkm_ldv_t,ge,0.01459769668508291
BC,2040,T_LDV_LTP_BEV200_N,T_D_pkm_ldv_t,ge,0.01459769668508291
BC,2040,T_LDV_LTP_BEV300_N,T_D_pkm_ldv_t,ge,0.01459769668508291
BC,2040,T_LDV_LTP_BEV400_N,T_D_pkm_ldv_t,ge,0.01459769668508291
BC,2040,T_LDV_LTP_CNG_N,T_D_pkm_ldv_t,ge,0.01459769668508291
BC,2040,T_LDV_LTP_DSL_N,T_D_pkm_ldv_t,ge,0.01459769668508291
BC,2040,T_LDV_LTP_FCEV400_N,T_D_pkm_ldv_t,ge,0.01459769668508291
BC,2040,T_LDV_LTP_GSL_HEV_N,T_D_pkm_ldv_t,ge,0.01459769668508291
BC,2040,T_LDV_LTP_GSL_N,T_D_pkm_ldv_t,ge,0.01459769668508291
BC,2040,T_LDV_LTP_GSL_PHEV35_N,T_D_pkm_ldv_t,ge,0.01459769668508291
BC,2040,T_LDV_LTP_GSL_PHEV50_N,T_D_pkm_ldv_t,ge,0.01459769668508291
BC,2045,T_HDV_T_BEV_N,T_D_tkm_hdv_t,ge,0.12410084441267985
BC,2045,T_HDV_T_DSL_HEV_N,T_D_tkm_hdv_t,ge,0.12410084441267985
BC,2045,T_HDV_T_DSL_N,T_D_tkm_hdv_t,ge,0.12410084441267985
BC,2045,T_HDV_T_DSL_PHEV_N,T_D_tkm_hdv_t,ge,0.12410084441267985
BC,2045,T_HDV_T_FCEV_N,T_D_tkm_hdv_t,ge,0.12410084441267985
BC,2045,T_HDV_T_FCHEV_N,T_D_tkm_hdv_t,ge,0.12410084441267985
BC,2045,T_LDV_LTF_BEV150_N,T_D_tkm_ldv_t,ge,0.024408206668439878
BC,2045,T_LDV_LTF_BEV200_N,T_D_tkm_ldv_t,ge,0.024408206668439878
BC,2045,T_LDV_LTF_BEV300_N,T_D_tkm_ldv_t,ge,0.024408206668439878
BC,2045,T_LDV_LTF_BEV400_N,T_D_tkm_ldv_t,ge,0.024408206668439878
BC,2045,T_LDV_LTF_CNG_N,T_D_tkm_ldv_t,ge,0.024408206668439878
BC,2045,T_LDV_LTF_DSL_N,T_D_tkm_ldv_t,ge,0.024408206668439878
BC,2045,T_LDV_LTF_FCEV400_N,T_D_tkm_ldv_t,ge,0.024408206668439878
BC,2045,T_LDV_LTF_GSL_HEV_N,T_D_tkm_ldv_t,ge,0.024408206668439878
BC,2045,T_LDV_LTF_GSL_N,T_D_tkm_ldv_t,ge,0.024408206668439878
BC,2045,T_LDV_LTF_GSL_PHEV35_N,T_D_tkm_ldv_t,ge,0.024408206668439878
BC,2045,T_LDV_LTF_GSL_PHEV50_N,T_D_tkm_ldv_t,ge,0.024408206668439878
BC,2045,T_LDV_LTP_BEV150_N,T_D_pkm_ldv_t,ge,0.01459769668508291
BC,2045,T_LDV_LTP_BEV200_N,T_D_pkm_ldv_t,ge,0.01459769668508291
BC,2045,T_LDV_LTP_BEV300_N,T_D_pkm_ldv_t,ge,0.01459769668508291
BC,2045,T_LDV_LTP_BEV400_N,T_D_pkm_ldv_t,ge,0.01459769668508291
BC,2045,T_LDV_LTP_CNG_N,T_D_pkm_ldv_t,ge,0.01459769668508291
BC,2045,T_LDV_LTP_DSL_N,T_D_pkm_ldv_t,ge,0.01459769668508291
BC,2045,T_LDV_LTP_FCEV400_N,T_D_pkm_ldv_t,ge,0.01459769668508291
BC,2045,T_LDV_LTP_GSL_HEV_N,T_D_pkm_ldv_t,ge,0.01459769668508291
BC,2045,T_LDV_LTP_GSL_N,T_D_pkm_ldv_t,ge,0.01459769668508291
BC,2045,T_LDV_LTP_GSL_PHEV35_N,T_D_pkm_ldv_t,ge,0.01459769668508291
BC,2045,T_LDV_LTP_GSL_PHEV50_N,T_D_pkm_ldv_t,ge,0.01459769668508291
BC,2050,T_HDV_T_BEV_N,T_D_tkm_hdv_t,ge,0.12410084441267985
BC,2050,T_HDV_T_DSL_HEV_N,T_D_tkm_hdv_t,ge,0.12410084441267985
BC,2050,T_HDV_T_DSL_N,T_D_tkm_hdv_t,ge,0.12410084441267985
BC,2050,T_HDV_T_DSL_PHEV_N,T_D_tkm_hdv_t,ge,0.12410084441267985
BC,2050,T_HDV_T_FCEV_N,T_D_tkm_hdv_t,ge,0.12410084441267985
BC,2050,T_HDV_T_FCHEV_N,T_D_tkm_hdv_t,ge,0.12410084441267985
BC,2050,T_LDV_LTF_BEV150_N,T_D_tkm_ldv_t,ge,0.024408206668439878
BC,2050,T_LDV_LTF_BEV200_N,T_D_tkm_ldv_t,ge,0.024408206668439878
BC,2050,T_LDV_LTF_BEV300_N,T_D_tkm_ldv_t,ge,0.024408206668439878
BC,2050,T_LDV_LTF_BEV400_N,T_D_tkm_ldv_t,ge,0.024408206668439878
BC,2050,T_LDV_LTF_CNG_N,T_D_tkm_ldv_t,ge,0.024408206668439878
BC,2050,T_LDV_LTF_DSL_N,T_D_tkm_ldv_t,ge,0.024408206668439878
BC,2050,T_LDV_LTF_FCEV400_N,T_D_tkm_ldv_t,ge,0.024408206668439878
BC,2050,T_LDV_LTF_GSL_HEV_N,T_D_tkm_ldv_t,ge,0.024408206668439878
BC,2050,T_LDV_LTF_GSL_N,T_D_tkm_ldv_t,ge,0.024408206668439878
BC,2050,T_LDV_LTF_GSL_PHEV35_N,T_D_tkm_ldv_t,ge,0.024408206668439878
BC,2050,T_LDV_LTF_GSL_PHEV50_N,T_D_tkm_ldv_t,ge,0.024408206668439878
BC,2050,T_LDV_LTP_BEV150_N,T_D_pkm_ldv_t,ge,0.01459769668508291
BC,2050,T_LDV_LTP_BEV200_N,T_D_pkm_ldv_t,ge,0.01459769668508291
BC,2050,T_LDV_LTP_BEV300_N,T_D_pkm_ldv_t,ge,0.01459769668508291
BC,2050,T_LDV_LTP_BEV400_N,T_D_pkm_ldv_t,ge,0.01459769668508291
BC,2050,T_LDV_LTP_CNG_N,T_D_pkm_ldv_t,ge,0.01459769668508291
BC,2050,T_LDV_LTP_DSL_N,T_D_pkm_ldv_t,ge,0.01459769668508291
BC,2050,T_LDV_LTP_FCEV400_N,T_D_pkm_ldv_t,ge,0.01459769668508291
BC,2050,T_LDV_LTP_GSL_HEV_N,T_D_pkm_ldv_t,ge,0.01459769668508291
BC,2050,T_LDV_LTP_GSL_N,T_D_pkm_ldv_t,ge,0.01459769668508291
BC,2050,T_LDV_LTP_GSL_PHEV35_N,T_D_pkm_ldv_t,ge,0.01459769668508291
BC,2050,T_LDV_LTP_GSL_PHEV50_N,T_D_pkm_ldv_t,ge,0.01459769668508291
MB,2025,T_HDV_T_BEV_N,T_D_tkm_hdv_t,ge,0.15461328080798678
MB,2025,T_HDV_T_DSL_EX,T_D_tkm_hdv_t,ge,0.15461328080798678
MB,2025,T_HDV_T_DSL_HEV_N,T_D_tkm_hdv_t,ge,0.15461328080798678
MB,2025,T_HDV_T_DSL_N,T_D_tkm_hdv_t,ge,0.15461328080798678
MB,2025,T_HDV_T_DSL_PHEV_N,T_D_tkm_hdv_t,ge,0.15461328080798678
MB,2025,T_HDV_T_FCEV_N,T_D_tkm_hdv_t,ge,0.15461328080798678
MB,2025,T_HDV_T_FCHEV_N,T_D_tkm_hdv_t,ge,0.15461328080798678
MB,2025,T_MDV_T_BEV_N,T_D_tkm_mdv_t,ge,0.02161920253964929
MB,2025,T_MDV_T_DSL_EX,T_D_tkm_mdv_t,ge,0.02161920253964929
MB,2025,T_MDV_T_DSL_HEV_N,T_D_tkm_mdv_t,ge,0.02161920253964929
MB,2025,T_MDV_T_DSL_N,T_D_tkm_mdv_t,ge,0.02161920253964929
MB,2025,T_MDV_T_DSL_PHEV_N,T_D_tkm_mdv_t,ge,0.02161920253964929
MB,2025,T_MDV_T_FCEV_N,T_D_tkm_mdv_t,ge,0.02161920253964929
MB,2025,T_MDV_T_FCHEV_N,T_D_tkm_mdv_t,ge,0.02161920253964929
MB,2025,T_MDV_T_GSL_EX,T_D_tkm_mdv_t,ge,0.02161920253964929
MB,2025,T_MDV_T_GSL_N,T_D_tkm_mdv_t,ge,0.02161920253964929
MB,2030,T_HDV_T_BEV_N,T_D_tkm_hdv_t,ge,0.15461328080798678
MB,2030,T_HDV_T_DSL_EX,T_D_tkm_hdv_t,ge,0.15461328080798678
MB,2030,T_HDV_T_DSL_HEV_N,T_D_tkm_hdv_t,ge,0.15461328080798678
MB,2030,T_HDV_T_DSL_N,T_D_tkm_hdv_t,ge,0.15461328080798678
MB,2030,T_HDV_T_DSL_PHEV_N,T_D_tkm_hdv_t,ge,0.15461328080798678
MB,2030,T_HDV_T_FCEV_N,T_D_tkm_hdv_t,ge,0.15461328080798678
MB,2030,T_HDV_T_FCHEV_N,T_D_tkm_hdv_t,ge,0.15461328080798678
MB,2030,T_MDV_T_BEV_N,T_D_tkm_mdv_t,ge,0.02161920253964929
MB,2030,T_MDV_T_DSL_EX,T_D_tkm_mdv_t,ge,0.02161920253964929
MB,2030,T_MDV_T_DSL_HEV_N,T_D_tkm_mdv_t,ge,0.02161920253964929
MB,2030,T_MDV_T_DSL_N,T_D_tkm_mdv_t,ge,0.02161920253964929
MB,2030,T_MDV_T_DSL_PHEV_N,T_D_tkm_mdv_t,ge,0.02161920253964929
MB,2030,T_MDV_T_FCEV_N,T_D_tkm_mdv_t,ge,0.02161920253964929
MB,2030,T_MDV_T_FCHEV_N,T_D_tkm_mdv_t,ge,0.02161920253964929
MB,2030,T_MDV_T_GSL_EX,T_D_tkm_mdv_t,ge,0.02161920253964929
MB,2030,T_MDV_T_GSL_N,T_D_tkm_mdv_t,ge,0.02161920253964929
MB,2035,T_HDV_T_BEV_N,T_D_tkm_hdv_t,ge,0.15461328080798678
MB,2035,T_HDV_T_DSL_EX,T_D_tkm_hdv_t,ge,0.15461328080798678
MB,2035,T_HDV_T_DSL_HEV_N,T_D_tkm_hdv_t,ge,0.15461328080798678
MB,2035,T_HDV_T_DSL_N,T_D_tkm_hdv_t,ge,0.15461328080798678
MB,2035,T_HDV_T_DSL_PHEV_N,T_D_tkm_hdv_t,ge,0.15461328080798678
MB,2035,T_HDV_T_FCEV_N,T_D_tkm_hdv_t,ge,0.15461328080798678
MB,2035,T_HDV_T_FCHEV_N,T_D_tkm_hdv_t,ge,0.15461328080798678
MB,2035,T_MDV_T_BEV_N,T_D_tkm_mdv_t,ge,0.02161920253964929
MB,2035,T_MDV_T_DSL_EX,T_D_tkm_mdv_t,ge,0.02161920253964929
MB,2035,T_MDV_T_DSL_HEV_N,T_D_tkm_mdv_t,ge,0.02161920253964929
MB,2035,T_MDV_T_DSL_N,T_D_tkm_mdv_t,ge,0.02161920253964929
MB,2035,T_MDV_T_DSL_PHEV_N,T_D_tkm_mdv_t,ge,0.02161920253964929
MB,2035,T_MDV_T_FCEV_N,T_D_tkm_mdv_t,ge,0.02161920253964929
MB,2035,T_MDV_T_FCHEV_N,T_D_tkm_mdv_t,ge,0.02161920253964929
MB,2035,T_MDV_T_GSL_EX,T_D_tkm_mdv_t,ge,0.02161920253964929
MB,2035,T_MDV_T_GSL_N,T_D_tkm_mdv_t,ge,0.02161920253964929
MB,2040,T_HDV_T_BEV_N,T_D_tkm_hdv_t,ge,0.15461328080798678
MB,2040,T_HDV_T_DSL_HEV_N,T_D_tkm_hdv_t,ge,0.15461328080798678
MB,2040,T_HDV_T_DSL_N,T_D_tkm_hdv_t,ge,0.15461328080798678
MB,2040,T_HDV_T_DSL_PHEV_N,T_D_tkm_hdv_t,ge,0.15461328080798678
MB,2040,T_HDV_T_FCEV_N,T_D_tkm_hdv_t,ge,0.15461328080798678
MB,2040,T_HDV_T_FCHEV_N,T_D_tkm_hdv_t,ge,0.15461328080798678
MB,2040,T_MDV_T_BEV_N,T_D_tkm_mdv_t,ge,0.02161920253964929
MB,2040,T_MDV_T_DSL_HEV_N,T_D_tkm_mdv_t,ge,0.02161920253964929
MB,2040,T_MDV_T_DSL_N,T_D_tkm_mdv_t,ge,0.02161920253964929
MB,2040,T_MDV_T_DSL_PHEV_N,T_D_tkm_mdv_t,ge,0.02161920253964929
MB,2040,T_MDV_T_FCEV_N,T_D_tkm_mdv_t,ge,0.02161920253964929
MB,2040,T_MDV_T_FCHEV_N,T_D_tkm_mdv_t,ge,0.02161920253964929
MB,2040,T_MDV_T_GSL_N,T_D_tkm_mdv_t,ge,0.02161920253964929
MB,2045,T_HDV_T_BEV_N,T_D_tkm_hdv_t,ge,0.15461328080798678
MB,2045,T_HDV_T_DSL_HEV_N,T_D_tkm_hdv_t,ge,0.15461328080798678
MB,2045,T_HDV_T_DSL_N,T_D_tkm_hdv_t,ge,0.15461328080798678
MB,2045,T_HDV_T_DSL_PHEV_N,T_D_tkm_hdv_t,ge,0.15461328080798678
MB,2045,T_HDV_T_FCEV_N,T_D_tkm_hdv_t,ge,0.15461328080798678
MB,2045,T_HDV_T_FCHEV_N,T_D_tkm_hdv_t,ge,0.15461328080798678
MB,2045,T_MDV_T_BEV_N,T_D_tkm_mdv_t,ge,0.02161920253964929
MB,2045,T_MDV_T_DSL_HEV_N,T_D_tkm_mdv_t,ge,0.02161920253964929
MB,2045,T_MDV_T_DSL_N,T_D_tkm_mdv_t,ge,0.02161920253964929
MB,2045,T_MDV_T_DSL_PHEV_N,T_D_tkm_mdv_t,ge,0.02161920253964929
MB,2045,T_MDV_T_FCEV_N,T_D_tkm_mdv_t,ge,0.02161920253964929
MB,2045,T_MDV_T_FCHEV_N,T_D_tkm_mdv_t,ge,0.02161920253964929
MB,2045,T_MDV_T_GSL_N,T_D_tkm_mdv_t,ge,0.02161920253964929
MB,2050,T_HDV_T_BEV_N,T_D_tkm_hdv_t,ge,0.15461328080798678
MB,2050,T_HDV_T_DSL_HEV_N,T_D_tkm_hdv_t,ge,0.15461328080798678
MB,2050,T_HDV_T_DSL_N,T_D_tkm_hdv_t,ge,0.15461328080798678
MB,2050,T_HDV_T_DSL_PHEV_N,T_D_tkm_hdv_t,ge,0.15461328080798678
MB,2050,T_HDV_T_FCEV_N,T_D_tkm_hdv_t,ge,0.15461328080798678
MB,2050,T_HDV_T_FCHEV_N,T_D_tkm_hdv_t,ge,0.15461328080798678
MB,2050,T_MDV_T_BEV_N,T_D_tkm_mdv_t,ge,0.02161920253964929
MB,2050,T_MDV_T_DSL_HEV_N,T_D_tkm_mdv_t,ge,0.02161920253964929
MB,2050,T_MDV_T_DSL_N,T_D_tkm_mdv_t,ge,0.02161920253964929
MB,2050,T_MDV_T_DSL_PHEV_N,T_D_tkm_mdv_t,ge,0.02161920253964929
MB,2050,T_MDV_T_FCEV_N,T_D_tkm_mdv_t,ge,0.02161920253964929
MB,2050,T_MDV_T_FCHEV_N,T_D_tkm_mdv_t,ge,0.02161920253964929
MB,2050,T_MDV_T_GSL_N,T_D_tkm_mdv_t,ge,0.02161920253964929
NB,2025,T_LDV_C_BEV150_EX,T_D_pkm_ldv_c,ge,0.0015743670910472215
NB,2025,T_LDV_C_BEV150_N,T_D_pkm_ldv_c,ge,0.0015743670910472215
NB,2025,T_LDV_C_BEV200_N,T_D_pkm_ldv_c,ge,0.0015743670910472215
NB,2025,T_LDV_C_BEV300_N,T_D_pkm_ldv_c,ge,0.0015743670910472215
NB,2025,T_LDV_C_BEV400_N,T_D_pkm_ldv_c,ge,0.0015743670910472215
NB,2025,T_LDV_C_CNG_N,T_D_pkm_ldv_c,ge,0.0015743670910472215
NB,2025,T_LDV_C_DSL_EX,T_D_pkm_ldv_c,ge,0.0015743670910472215
NB,2025,T_LDV_C_DSL_N,T_D_pkm_ldv_c,ge,0.0015743670910472215
NB,2025,T_LDV_C_FCEV400_N,T_D_pkm_ldv_c,ge,0.0015743670910472215
NB,2025,T_LDV_C_GSL_EX,T_D_pkm_ldv_c,ge,0.0015743670910472215
NB,2025,T_LDV_C_GSL_HEV_EX,T_D_pkm_ldv_c,ge,0.0015743670910472215
NB,2025,T_LDV_C_GSL_HEV_N,T_D_pkm_ldv_c,ge,0.0015743670910472215
NB,2025,T_LDV_C_GSL_N,T_D_pkm_ldv_c,ge,0.0015743670910472215
NB,2025,T_LDV_C_GSL_PHEV35_EX,T_D_pkm_ldv_c,ge,0.0015743670910472215
NB,2025,T_LDV_C_GSL_PHEV35_N,T_D_pkm_ldv_c,ge,0.0015743670910472215
NB,2025,T_LDV_C_GSL_PHEV50_N,T_D_pkm_ldv_c,ge,0.0015743670910472215
NB,2025,T_LDV_LTP_BEV150_N,T_D_pkm_ldv_t,ge,0.009570200201363278
NB,2025,T_LDV_LTP_BEV200_N,T_D_pkm_ldv_t,ge,0.009570200201363278
NB,2025,T_LDV_LTP_BEV300_EX,T_D_pkm_ldv_t,ge,0.009570200201363278
NB,2025,T_LDV_LTP_BEV300_N,T_D_pkm_ldv_t,ge,0.009570200201363278
NB,2025,T_LDV_LTP_BEV400_N,T_D_pkm_ldv_t,ge,0.009570200201363278
NB,2025,T_LDV_LTP_CNG_N,T_D_pkm_ldv_t,ge,0.009570200201363278
NB,2025,T_LDV_LTP_DSL_EX,T_D_pkm_ldv_t,ge,0.009570200201363278
NB,2025,T_LDV_LTP_DSL_N,T_D_pkm_ldv_t,ge,0.009570200201363278
NB,2025,T_LDV_LTP_FCEV400_N,T_D_pkm_ldv_t,ge,0.009570200201363278
NB,2025,T_LDV_LTP_GSL_EX,T_D_pkm_ldv_t,ge,0.009570200201363278
NB,2025,T_LDV_LTP_GSL_HEV_EX,T_D_pkm_ldv_t,ge,0.009570200201363278
NB,2025,T_LDV_LTP_GSL_HEV_N,T_D_pkm_ldv_t,ge,0.009570200201363278
NB,2025,T_LDV_LTP_GSL_N,T_D_pkm_ldv_t,ge,0.009570200201363278
NB,2025,T_LDV_LTP_GSL_PHEV35_EX,T_D_pkm_ldv_t,ge,0.009570200201363278
NB,2025,T_LDV_LTP_GSL_PHEV35_N,T_D_pkm_ldv_t,ge,0.009570200201363278
NB,2025,T_LDV_LTP_GSL_PHEV50_N,T_D_pkm_ldv_t,ge,0.009570200201363278
NB,2030,T_LDV_C_BEV150_EX,T_D_pkm_ldv_c,ge,0.0015743670910472215
NB,2030,T_LDV_C_BEV150_N,T_D_pkm_ldv_c,ge,0.0015743670910472215
NB,2030,T_LDV_C_BEV200_N,T_D_pkm_ldv_c,ge,0.0015743670910472215
NB,2030,T_LDV_C_BEV300_N,T_D_pkm_ldv_c,ge,0.0015743670910472215
NB,2030,T_LDV_C_BEV400_N,T_D_pkm_ldv_c,ge,0.0015743670910472215
NB,2030,T_LDV_C_CNG_N,T_D_pkm_ldv_c,ge,0.0015743670910472215
NB,2030,T_LDV_C_DSL_EX,T_D_pkm_ldv_c,ge,0.0015743670910472215
NB,2030,T_LDV_C_DSL_N,T_D_pkm_ldv_c,ge,0.0015743670910472215
NB,2030,T_LDV_C_FCEV400_N,T_D_pkm_ldv_c,ge,0.0015743670910472215
NB,2030,T_LDV_C_GSL_EX,T_D_pkm_ldv_c,ge,0.0015743670910472215
NB,2030,T_LDV_C_GSL_HEV_EX,T_D_pkm_ldv_c,ge,0.0015743670910472215
NB,2030,T_LDV_C_GSL_HEV_N,T_D_pkm_ldv_c,ge,0.0015743670910472215
NB,2030,T_LDV_C_GSL_N,T_D_pkm_ldv_c,ge,0.0015743670910472215
NB,2030,T_LDV_C_GSL_PHEV35_EX,T_D_pkm_ldv_c,ge,0.0015743670910472215
NB,2030,T_LDV_C_GSL_PHEV35_N,T_D_pkm_ldv_c,ge,0.0015743670910472215
NB,2030,T_LDV_C_GSL_PHEV50_N,T_D_pkm_ldv_c,ge,0.0015743670910472215
NB,2030,T_LDV_LTP_BEV150_N,T_D_pkm_ldv_t,ge,0.009570200201363278
NB,2030,T_LDV_LTP_BEV200_N,T_D_pkm_ldv_t,ge,0.009570200201363278
NB,2030,T_LDV_LTP_BEV300_EX,T_D_pkm_ldv_t,ge,0.009570200201363278
NB,2030,T_LDV_LTP_BEV300_N,T_D_pkm_ldv_t,ge,0.009570200201363278
NB,2030,T_LDV_LTP_BEV400_N,T_D_pkm_ldv_t,ge,0.009570200201363278
NB,2030,T_LDV_LTP_CNG_N,T_D_pkm_ldv_t,ge,0.009570200201363278
NB,2030,T_LDV_LTP_DSL_EX,T_D_pkm_ldv_t,ge,0.009570200201363278
NB,2030,T_LDV_LTP_DSL_N,T_D_pkm_ldv_t,ge,0.009570200201363278
NB,2030,T_LDV_LTP_FCEV400_N,T_D_pkm_ldv_t,ge,0.009570200201363278
NB,2030,T_LDV_LTP_GSL_EX,T_D_pkm_ldv_t,ge,0.009570200201363278
NB,2030,T_LDV_LTP_GSL_HEV_EX,T_D_pkm_ldv_t,ge,0.009570200201363278
NB,2030,T_LDV_LTP_GSL_HEV_N,T_D_pkm_ldv_t,ge,0.009570200201363278
NB,2030,T_LDV_LTP_GSL_N,T_D_pkm_ldv_t,ge,0.009570200201363278
NB,2030,T_LDV_LTP_GSL_PHEV35_EX,T_D_pkm_ldv_t,ge,0.009570200201363278
NB,2030,T_LDV_LTP_GSL_PHEV35_N,T_D_pkm_ldv_t,ge,0.009570200201363278
NB,2030,T_LDV_LTP_GSL_PHEV50_N,T_D_pkm_ldv_t,ge,0.009570200201363278
NB,2035,T_LDV_C_BEV150_N,T_D_pkm_ldv_c,ge,0.0015743670910472215
NB,2035,T_LDV_C_BEV200_N,T_D_pkm_ldv_c,ge,0.0015743670910472215
NB,2035,T_LDV_C_BEV300_N,T_D_pkm_ldv_c,ge,0.0015743670910472215
NB,2035,T_LDV_C_BEV400_N,T_D_pkm_ldv_c,ge,0.0015743670910472215
NB,2035,T_LDV_C_CNG_N,T_D_pkm_ldv_c,ge,0.0015743670910472215
NB,2035,T_LDV_C_DSL_N,T_D_pkm_ldv_c,ge,0.0015743670910472215
NB,2035,T_LDV_C_FCEV400_N,T_D_pkm_ldv_c,ge,0.0015743670910472215
NB,2035,T_LDV_C_GSL_HEV_N,T_D_pkm_ldv_c,ge,0.0015743670910472215
NB,2035,T_LDV_C_GSL_N,T_D_pkm_ldv_c,ge,0.0015743670910472215
NB,2035,T_LDV_C_GSL_PHEV35_N,T_D_pkm_ldv_c,ge,0.0015743670910472215
NB,2035,T_LDV_C_GSL_PHEV50_N,T_D_pkm_ldv_c,ge,0.0015743670910472215
NB,2035,T_LDV_LTP_BEV150_N,T_D_pkm_ldv_t,ge,0.009570200201363278
NB,2035,T_LDV_LTP_BEV200_N,T_D_pkm_ldv_t,ge,0.009570200201363278
NB,2035,T_LDV_LTP_BEV300_EX,T_D_pkm_ldv_t,ge,0.009570200201363278
NB,2035,T_LDV_LTP_BEV300_N,T_D_pkm_ldv_t,ge,0.009570200201363278
NB,2035,T_LDV_LTP_BEV400_N,T_D_pkm_ldv_t,ge,0.009570200201363278
NB,2035,T_LDV_LTP_CNG_N,T_D_pkm_ldv_t,ge,0.009570200201363278
NB,2035,T_LDV_LTP_DSL_EX,T_D_pkm_ldv_t,ge,0.009570200201363278
NB,2035,T_LDV_LTP_DSL_N,T_D_pkm_ldv_t,ge,0.009570200201363278
NB,2035,T_LDV_LTP_FCEV400_N,T_D_pkm_ldv_t,ge,0.009570200201363278
NB,2035,T_LDV_LTP_GSL_EX,T_D_pkm_ldv_t,ge,0.009570200201363278
NB,2035,T_LDV_LTP_GSL_HEV_EX,T_D_pkm_ldv_t,ge,0.009570200201363278
NB,2035,T_LDV_LTP_GSL_HEV_N,T_D_pkm_ldv_t,ge,0.009570200201363278
NB,2035,T_LDV_LTP_GSL_N,T_D_pkm_ldv_t,ge,0.009570200201363278
NB,2035,T_LDV_LTP_GSL_PHEV35_EX,T_D_pkm_ldv_t,ge,0.009570200201363278
NB,2035,T_LDV_LTP_GSL_PHEV35_N,T_D_pkm_ldv_t,ge,0.009570200201363278
NB,2035,T_LDV_LTP_GSL_PHEV50_N,T_D_pkm_ldv_t,ge,0.009570200201363278
NB,2040,T_LDV_C_BEV150_N,T_D_pkm_ldv_c,ge,0.0015743670910472215
NB,2040,T_LDV_C_BEV200_N,T_D_pkm_ldv_c,ge,0.0015743670910472215
NB,2040,T_LDV_C_BEV300_N,T_D_pkm_ldv_c,ge,0.0015743670910472215
NB,2040,T_LDV_C_BEV400_N,T_D_pkm_ldv_c,ge,0.0015743670910472215
NB,2040,T_LDV_C_CNG_N,T_D_pkm_ldv_c,ge,0.0015743670910472215
NB,2040,T_LDV_C_DSL_N,T_D_pkm_ldv_c,ge,0.0015743670910472215
NB,2040,T_LDV_C_FCEV400_N,T_D_pkm_ldv_c,ge,0.0015743670910472215
NB,2040,T_LDV_C_GSL_HEV_N,T_D_pkm_ldv_c,ge,0.0015743670910472215
NB,2040,T_LDV_C_GSL_N,T_D_pkm_ldv_c,ge,0.0015743670910472215
NB,2040,T_LDV_C_GSL_PHEV35_N,T_D_pkm_ldv_c,ge,0.0015743670910472215
NB,2040,T_LDV_C_GSL_PHEV50_N,T_D_pkm_ldv_c,ge,0.0015743670910472215
NB,2040,T_LDV_LTP_BEV150_N,T_D_pkm_ldv_t,ge,0.009570200201363278
NB,2040,T_LDV_LTP_BEV200_N,T_D_pkm_ldv_t,ge,0.009570200201363278
NB,2040,T_LDV_LTP_BEV300_N,T_D_pkm_ldv_t,ge,0.009570200201363278
NB,2040,T_LDV_LTP_BEV400_N,T_D_pkm_ldv_t,ge,0.009570200201363278
NB,2040,T_LDV_LTP_CNG_N,T_D_pkm_ldv_t,ge,0.009570200201363278
NB,2040,T_LDV_LTP_DSL_N,T_D_pkm_ldv_t,ge,0.009570200201363278
NB,2040,T_LDV_LTP_FCEV400_N,T_D_pkm_ldv_t,ge,0.009570200201363278
NB,2040,T_LDV_LTP_GSL_HEV_N,T_D_pkm_ldv_t,ge,0.009570200201363278
NB,2040,T_LDV_LTP_GSL_N,T_D_pkm_ldv_t,ge,0.009570200201363278
NB,2040,T_LDV_LTP_GSL_PHEV35_N,T_D_pkm_ldv_t,ge,0.009570200201363278
NB,2040,T_LDV_LTP_GSL_PHEV50_N,T_D_pkm_ldv_t,ge,0.009570200201363278
NB,2045,T_LDV_C_BEV150_N,T_D_pkm_ldv_c,ge,0.0015743670910472215
NB,2045,T_LDV_C_BEV200_N,T_D_pkm_ldv_c,ge,0.0015743670910472215
NB,2045,T_LDV_C_BEV300_N,T_D_pkm_ldv_c,ge,0.0015743670910472215
NB,2045,T_LDV_C_BEV400_N,T_D_pkm_ldv_c,ge,0.0015743670910472215
NB,2045,T_LDV_C_CNG_N,T_D_pkm_ldv_c,ge,0.0015743670910472215
NB,2045,T_LDV_C_DSL_N,T_D_pkm_ldv_c,ge,0.0015743670910472215
NB,2045,T_LDV_C_FCEV400_N,T_D_pkm_ldv_c,ge,0.0015743670910472215
NB,2045,T_LDV_C_GSL_HEV_N,T_D_pkm_ldv_c,ge,0.0015743670910472215
NB,2045,T_LDV_C_GSL_N,T_D_pkm_ldv_c,ge,0.0015743670910472215
NB,2045,T_LDV_C_GSL_PHEV35_N,T_D_pkm_ldv_c,ge,0.0015743670910472215
NB,2045,T_LDV_C_GSL_PHEV50_N,T_D_pkm_ldv_c,ge,0.0015743670910472215
NB,2045,T_LDV_LTP_BEV150_N,T_D_pkm_ldv_t,ge,0.009570200201363278
NB,2045,T_LDV_LTP_BEV200_N,T_D_pkm_ldv_t,ge,0.009570200201363278
NB,2045,T_LDV_LTP_BEV300_N,T_D_pkm_ldv_t,ge,0.009570200201363278
NB,2045,T_LDV_LTP_BEV400_N,T_D_pkm_ldv_t,ge,0.009570200201363278
NB,2045,T_LDV_LTP_CNG_N,T_D_pkm_ldv_t,ge,0.009570200201363278
NB,2045,T_LDV_LTP_DSL_N,T_D_pkm_ldv_t,ge,0.009570200201363278
NB,2045,T_LDV_LTP_FCEV400_N,T_D_pkm_ldv_t,ge,0.009570200201363278
NB,2045,T_LDV_LTP_GSL_HEV_N,T_D_pkm_ldv_t,ge,0.009570200201363278
NB,2045,T_LDV_LTP_GSL_N,T_D_pkm_ldv_t,ge,0.009570200201363278
NB,2045,T_LDV_LTP_GSL_PHEV35_N,T_D_pkm_ldv_t,ge,0.009570200201363278
NB,2045,T_LDV_LTP_GSL_PHEV50_N,T_D_pkm_ldv_t,ge,0.009570200201363278
NB,2050,T_LDV_C_BEV150_N,T_D_pkm_ldv_c,ge,0.0015743670910472215
NB,2050,T_LDV_C_BEV200_N,T_D_pkm_ldv_c,ge,0.0015743670910472215
NB,2050,T_LDV_C_BEV300_N,T_D_pkm_ldv_c,ge,0.0015743670910472215
NB,2050,T_LDV_C_BEV400_N,T_D_pkm_ldv_c,ge,0.0015743670910472215
NB,2050,T_LDV_C_CNG_N,T_D_pkm_ldv_c,ge,0.0015743670910472215
NB,2050,T_LDV_C_DSL_N,T_D_pkm_ldv_c,ge,0.0015743670910472215
NB,2050,T_LDV_C_FCEV400_N,T_D_pkm_ldv_c,ge,0.0015743670910472215
NB,2050,T_LDV_C_GSL_HEV_N,T_D_pkm_ldv_c,ge,0.0015743670910472215
NB,2050,T_LDV_C_GSL_N,T_D_pkm_ldv_c,ge,0.0015743670910472215
NB,2050,T_LDV_C_GSL_PHEV35_N,T_D_pkm_ldv_c,ge,0.0015743670910472215
NB,2050,T_LDV_C_GSL_PHEV50_N,T_D_pkm_ldv_c,ge,0.0015743670910472215
NB,2050,T_LDV_LTP_BEV150_N,T_D_pkm_ldv_t,ge,0.009570200201363278
NB,2050,T_LDV_LTP_BEV200_N,T_D_pkm_ldv_t,ge,0.009570200201363278
NB,2050,T_LDV_LTP_BEV300_N,T_D_pkm_ldv_t,ge,0.009570200201363278
NB,2050,T_LDV_LTP_BEV400_N,T_D_pkm_ldv_t,ge,0.009570200201363278
NB,2050,T_LDV_LTP_CNG_N,T_D_pkm_ldv_t,ge,0.009570200201363278
NB,2050,T_LDV_LTP_DSL_N,T_D_pkm_ldv_t,ge,0.009570200201363278
NB,2050,T_LDV_LTP_FCEV400_N,T_D_pkm_ldv_t,ge,0.009570200201363278
NB,2050,T_LDV_LTP_GSL_HEV_N,T_D_pkm_ldv_t,ge,0.009570200201363278
NB,2050,T_LDV_LTP_GSL_N,T_D_pkm_ldv_t,ge,0.009570200201363278
NB,2050,T_LDV_LTP_GSL_PHEV35_N,T_D_pkm_ldv_t,ge,0.009570200201363278
NB,2050,T_LDV_LTP_GSL_PHEV50_N,T_D_pkm_ldv_t,ge,0.009570200201363278
NLLAB,2025,T_LDV_LTP_BEV150_N,T_D_pkm_ldv_t,ge,0.005522936558745716
NLLAB,2025,T_LDV_LTP_BEV200_N,T_D_pkm_ldv_t,ge,0.005522936558745716
NLLAB,2025,T_LDV_LTP_BEV300_EX,T_D_pkm_ldv_t,ge,0.005522936558745716
NLLAB,2025,T_LDV_LTP_BEV300_N,T_D_pkm_ldv_t,ge,0.005522936558745716
NLLAB,2025,T_LDV_LTP_BEV400_N,T_D_pkm_ldv_t,ge,0.005522936558745716
NLLAB,2025,T_LDV_LTP_CNG_N,T_D_pkm_ldv_t,ge,0.005522936558745716
NLLAB,2025,T_LDV_LTP_DSL_EX,T_D_pkm_ldv_t,ge,0.005522936558745716
NLLAB,2025,T_LDV_LTP_DSL_N,T_D_pkm_ldv_t,ge,0.005522936558745716
NLLAB,2025,T_LDV_LTP_FCEV400_N,T_D_pkm_ldv_t,ge,0.005522936558745716
NLLAB,2025,T_LDV_LTP_GSL_EX,T_D_pkm_ldv_t,ge,0.005522936558745716
NLLAB,2025,T_LDV_LTP_GSL_HEV_EX,T_D_pkm_ldv_t,ge,0.005522936558745716
NLLAB,2025,T_LDV_LTP_GSL_HEV_N,T_D_pkm_ldv_t,ge,0.005522936558745716
NLLAB,2025,T_LDV_LTP_GSL_N,T_D_pkm_ldv_t,ge,0.005522936558745716
NLLAB,2025,T_LDV_LTP_GSL_PHEV35_EX,T_D_pkm_ldv_t,ge,0.005522936558745716
NLLAB,2025,T_LDV_LTP_GSL_PHEV35_N,T_D_pkm_ldv_t,ge,0.005522936558745716
NLLAB,2025,T_LDV_LTP_GSL_PHEV50_N,T_D_pkm_ldv_t,ge,0.005522936558745716
NLLAB,2030,T_LDV_LTP_BEV150_N,T_D_pkm_ldv_t,ge,0.005522936558745716
NLLAB,2030,T_LDV_LTP_BEV200_N,T_D_pkm_ldv_t,ge,0.005522936558745716
NLLAB,2030,T_LDV_LTP_BEV300_EX,T_D_pkm_ldv_t,ge,0.005522936558745716
NLLAB,2030,T_LDV_LTP_BEV300_N,T_D_pkm_ldv_t,ge,0.005522936558745716
NLLAB,2030,T_LDV_LTP_BEV400_N,T_D_pkm_ldv_t,ge,0.005522936558745716
NLLAB,2030,T_LDV_LTP_CNG_N,T_D_pkm_ldv_t,ge,0.005522936558745716
NLLAB,2030,T_LDV_LTP_DSL_EX,T_D_pkm_ldv_t,ge,0.005522936558745716
NLLAB,2030,T_LDV_LTP_DSL_N,T_D_pkm_ldv_t,ge,0.005522936558745716
NLLAB,2030,T_LDV_LTP_FCEV400_N,T_D_pkm_ldv_t,ge,0.005522936558745716
NLLAB,2030,T_LDV_LTP_GSL_EX,T_D_pkm_ldv_t,ge,0.005522936558745716
NLLAB,2030,T_LDV_LTP_GSL_HEV_EX,T_D_pkm_ldv_t,ge,0.005522936558745716
NLLAB,2030,T_LDV_LTP_GSL_HEV_N,T_D_pkm_ldv_t,ge,0.005522936558745716
NLLAB,2030,T_LDV_LTP_GSL_N,T_D_pkm_ldv_t,ge,0.005522936558745716
NLLAB,2030,T_LDV_LTP_GSL_PHEV35_EX,T_D_pkm_ldv_t,ge,0.005522936558745716
NLLAB,2030,T_LDV_LTP_GSL_PHEV35_N,T_D_pkm_ldv_t,ge,0.005522936558745716
NLLAB,2030,T_LDV_LTP_GSL_PHEV50_N,T_D_pkm_ldv_t,ge,0.005522936558745716
NLLAB,2035,T_LDV_LTP_BEV150_N,T_D_pkm_ldv_t,ge,0.005522936558745716
NLLAB,2035,T_LDV_LTP_BEV200_N,T_D_pkm_ldv_t,ge,0.005522936558745716
NLLAB,2035,T_LDV_LTP_BEV300_EX,T_D_pkm_ldv_t,ge,0.005522936558745716
NLLAB,2035,T_LDV_LTP_BEV300_N,T_D_pkm_ldv_t,ge,0.005522936558745716
NLLAB,2035,T_LDV_LTP_BEV400_N,T_D_pkm_ldv_t,ge,0.005522936558745716
NLLAB,2035,T_LDV_LTP_CNG_N,T_D_pkm_ldv_t,ge,0.005522936558745716
NLLAB,2035,T_LDV_LTP_DSL_EX,T_D_pkm_ldv_t,ge,0.005522936558745716
NLLAB,2035,T_LDV_LTP_DSL_N,T_D_pkm_ldv_t,ge,0.005522936558745716
NLLAB,2035,T_LDV_LTP_FCEV400_N,T_D_pkm_ldv_t,ge,0.005522936558745716
NLLAB,2035,T_LDV_LTP_GSL_EX,T_D_pkm_ldv_t,ge,0.005522936558745716
NLLAB,2035,T_LDV_LTP_GSL_HEV_EX,T_D_pkm_ldv_t,ge,0.005522936558745716
NLLAB,2035,T_LDV_LTP_GSL_HEV_N,T_D_pkm_ldv_t,ge,0.005522936558745716
NLLAB,2035,T_LDV_LTP_GSL_N,T_D_pkm_ldv_t,ge,0.005522936558745716
NLLAB,2035,T_LDV_LTP_GSL_PHEV35_EX,T_D_pkm_ldv_t,ge,0.005522936558745716
NLLAB,2035,T_LDV_LTP_GSL_PHEV35_N,T_D_pkm_ldv_t,ge,0.005522936558745716
NLLAB,2035,T_LDV_LTP_GSL_PHEV50_N,T_D_pkm_ldv_t,ge,0.005522936558745716
NLLAB,2040,T_LDV_LTP_BEV150_N,T_D_pkm_ldv_t,ge,0.005522936558745716
NLLAB,2040,T_LDV_LTP_BEV200_N,T_D_pkm_ldv_t,ge,0.005522936558745716
NLLAB,2040,T_LDV_LTP_BEV300_N,T_D_pkm_ldv_t,ge,0.005522936558745716
NLLAB,2040,T_LDV_LTP_BEV400_N,T_D_pkm_ldv_t,ge,0.005522936558745716
NLLAB,2040,T_LDV_LTP_CNG_N,T_D_pkm_ldv_t,ge,0.005522936558745716
NLLAB,2040,T_LDV_LTP_DSL_N,T_D_pkm_ldv_t,ge,0.005522936558745716
NLLAB,2040,T_LDV_LTP_FCEV400_N,T_D_pkm_ldv_t,ge,0.005522936558745716
NLLAB,2040,T_LDV_LTP_GSL_HEV_N,T_D_pkm_ldv_t,ge,0.005522936558745716
NLLAB,2040,T_LDV_LTP_GSL_N,T_D_pkm_ldv_t,ge,0.005522936558745716
NLLAB,2040,T_LDV_LTP_GSL_PHEV35_N,T_D_pkm_ldv_t,ge,0.005522936558745716
NLLAB,2040,T_LDV_LTP_GSL_PHEV50_N,T_D_pkm_ldv_t,ge,0.005522936558745716
NLLAB,2045,T_LDV_LTP_BEV150_N,T_D_pkm_ldv_t,ge,0.005522936558745716
NLLAB,2045,T_LDV_LTP_BEV200_N,T_D_pkm_ldv_t,ge,0.005522936558745716
NLLAB,2045,T_LDV_LTP_BEV300_N,T_D_pkm_ldv_t,ge,0.005522936558745716
NLLAB,2045,T_LDV_LTP_BEV400_N,T_D_pkm_ldv_t,ge,0.005522936558745716
NLLAB,2045,T_LDV_LTP_CNG_N,T_D_pkm_ldv_t,ge,0.005522936558745716
NLLAB,2045,T_LDV_LTP_DSL_N,T_D_pkm_ldv_t,ge,0.005522936558745716
NLLAB,2045,T_LDV_LTP_FCEV400_N,T_D_pkm_ldv_t,ge,0.005522936558745716
NLLAB,2045,T_LDV_LTP_GSL_HEV_N,T_D_pkm_ldv_t,ge,0.005522936558745716
NLLAB,2045,T_LDV_LTP_GSL_N,T_D_pkm_ldv_t,ge,0.005522936558745716
NLLAB,2045,T_LDV_LTP_GSL_PHEV35_N,T_D_pkm_ldv_t,ge,0.005522936558745716
NLLAB,2045,T_LDV_LTP_GSL_PHEV50_N,T_D_pkm_ldv_t,ge,0.005522936558745716
NLLAB,2050,T_LDV_LTP_BEV150_N,T_D_pkm_ldv_t,ge,0.005522936558745716
NLLAB,2050,T_LDV_LTP_BEV200_N,T_D_pkm_ldv_t,ge,0.005522936558745716
NLLAB,2050,T_LDV_LTP_BEV300_N,T_D_pkm_ldv_t,ge,0.005522936558745716
NLLAB,2050,T_LDV_LTP_BEV400_N,T_D_pkm_ldv_t,ge,0.005522936558745716
NLLAB,2050,T_LDV_LTP_CNG_N,T_D_pkm_ldv_t,ge,0.005522936558745716
NLLAB,2050,T_LDV_LTP_DSL_N,T_D_pkm_ldv_t,ge,0.005522936558745716
NLLAB,2050,T_LDV_LTP_FCEV400_N,T_D_pkm_ldv_t,ge,0.005522936558745716
NLLAB,2050,T_LDV_LTP_GSL_HEV_N,T_D_pkm_ldv_t,ge,0.005522936558745716
NLLAB,2050,T_LDV_LTP_GSL_N,T_D_pkm_ldv_t,ge,0.005522936558745716
NLLAB,2050,T_LDV_LTP_GSL_PHEV35_N,T_D_pkm_ldv_t,ge,0.005522936558745716
NLLAB,2050,T_LDV_LTP_GSL_PHEV50_N,T_D_pkm_ldv_t,ge,0.005522936558745716
NS,2025,T_LDV_C_BEV150_EX,T_D_pkm_ldv_c,ge,0.00593509569806339
NS,2025,T_LDV_C_BEV150_N,T_D_pkm_ldv_c,ge,0.00593509569806339
NS,2025,T_LDV_C_BEV200_N,T_D_pkm_ldv_c,ge,0.00593509569806339
NS,2025,T_LDV_C_BEV300_N,T_D_pkm_ldv_c,ge,0.00593509569806339
NS,2025,T_LDV_C_BEV400_N,T_D_pkm_ldv_c,ge,0.00593509569806339
NS,2025,T_LDV_C_CNG_N,T_D_pkm_ldv_c,ge,0.00593509569806339
NS,2025,T_LDV_C_DSL_EX,T_D_pkm_ldv_c,ge,0.00593509569806339
NS,2025,T_LDV_C_DSL_N,T_D_pkm_ldv_c,ge,0.00593509569806339
NS,2025,T_LDV_C_FCEV400_N,T_D_pkm_ldv_c,ge,0.00593509569806339
NS,2025,T_LDV_C_GSL_EX,T_D_pkm_ldv_c,ge,0.00593509569806339
NS,2025,T_LDV_C_GSL_HEV_EX,T_D_pkm_ldv_c,ge,0.00593509569806339
NS,2025,T_LDV_C_GSL_HEV_N,T_D_pkm_ldv_c,ge,0.00593509569806339
NS,2025,T_LDV_C_GSL_N,T_D_pkm_ldv_c,ge,0.00593509569806339
NS,2025,T_LDV_C_GSL_PHEV35_EX,T_D_pkm_ldv_c,ge,0.00593509569806339
NS,2025,T_LDV_C_GSL_PHEV35_N,T_D_pkm_ldv_c,ge,0.00593509569806339
NS,2025,T_LDV_C_GSL_PHEV50_N,T_D_pkm_ldv_c,ge,0.00593509569806339
NS,2025,T_LDV_LTP_BEV150_N,T_D_pkm_ldv_t,ge,0.011860418031922278
NS,2025,T_LDV_LTP_BEV200_N,T_D_pkm_ldv_t,ge,0.011860418031922278
NS,2025,T_LDV_LTP_BEV300_EX,T_D_pkm_ldv_t,ge,0.011860418031922278
NS,2025,T_LDV_LTP_BEV300_N,T_D_pkm_ldv_t,ge,0.011860418031922278
NS,2025,T_LDV_LTP_BEV400_N,T_D_pkm_ldv_t,ge,0.011860418031922278
NS,2025,T_LDV_LTP_CNG_N,T_D_pkm_ldv_t,ge,0.011860418031922278
NS,2025,T_LDV_LTP_DSL_EX,T_D_pkm_ldv_t,ge,0.011860418031922278
NS,2025,T_LDV_LTP_DSL_N,T_D_pkm_ldv_t,ge,0.011860418031922278
NS,2025,T_LDV_LTP_FCEV400_N,T_D_pkm_ldv_t,ge,0.011860418031922278
NS,2025,T_LDV_LTP_GSL_EX,T_D_pkm_ldv_t,ge,0.011860418031922278
NS,2025,T_LDV_LTP_GSL_HEV_EX,T_D_pkm_ldv_t,ge,0.011860418031922278
NS,2025,T_LDV_LTP_GSL_HEV_N,T_D_pkm_ldv_t,ge,0.011860418031922278
NS,2025,T_LDV_LTP_GSL_N,T_D_pkm_ldv_t,ge,0.011860418031922278
NS,2025,T_LDV_LTP_GSL_PHEV35_EX,T_D_pkm_ldv_t,ge,0.011860418031922278
NS,2025,T_LDV_LTP_GSL_PHEV35_N,T_D_pkm_ldv_t,ge,0.011860418031922278
NS,2025,T_LDV_LTP_GSL_PHEV50_N,T_D_pkm_ldv_t,ge,0.011860418031922278
NS,2030,T_LDV_C_BEV150_EX,T_D_pkm_ldv_c,ge,0.00593509569806339
NS,2030,T_LDV_C_BEV150_N,T_D_pkm_ldv_c,ge,0.00593509569806339
NS,2030,T_LDV_C_BEV200_N,T_D_pkm_ldv_c,ge,0.00593509569806339
NS,2030,T_LDV_C_BEV300_N,T_D_pkm_ldv_c,ge,0.00593509569806339
NS,2030,T_LDV_C_BEV400_N,T_D_pkm_ldv_c,ge,0.00593509569806339
NS,2030,T_LDV_C_CNG_N,T_D_pkm_ldv_c,ge,0.00593509569806339
NS,2030,T_LDV_C_DSL_EX,T_D_pkm_ldv_c,ge,0.00593509569806339
NS,2030,T_LDV_C_DSL_N,T_D_pkm_ldv_c,ge,0.00593509569806339
NS,2030,T_LDV_C_FCEV400_N,T_D_pkm_ldv_c,ge,0.00593509569806339
NS,2030,T_LDV_C_GSL_EX,T_D_pkm_ldv_c,ge,0.00593509569806339
NS,2030,T_LDV_C_GSL_HEV_EX,T_D_pkm_ldv_c,ge,0.00593509569806339
NS,2030,T_LDV_C_GSL_HEV_N,T_D_pkm_ldv_c,ge,0.00593509569806339
NS,2030,T_LDV_C_GSL_N,T_D_pkm_ldv_c,ge,0.00593509569806339
NS,2030,T_LDV_C_GSL_PHEV35_EX,T_D_pkm_ldv_c,ge,0.00593509569806339
NS,2030,T_LDV_C_GSL_PHEV35_N,T_D_pkm_ldv_c,ge,0.00593509569806339
NS,2030,T_LDV_C_GSL_PHEV50_N,T_D_pkm_ldv_c,ge,0.00593509569806339
NS,2030,T_LDV_LTP_BEV150_N,T_D_pkm_ldv_t,ge,0.011860418031922278
NS,2030,T_LDV_LTP_BEV200_N,T_D_pkm_ldv_t,ge,0.011860418031922278
NS,2030,T_LDV_LTP_BEV300_EX,T_D_pkm_ldv_t,ge,0.011860418031922278
NS,2030,T_LDV_LTP_BEV300_N,T_D_pkm_ldv_t,ge,0.011860418031922278
NS,2030,T_LDV_LTP_BEV400_N,T_D_pkm_ldv_t,ge,0.011860418031922278
NS,2030,T_LDV_LTP_CNG_N,T_D_pkm_ldv_t,ge,0.011860418031922278
NS,2030,T_LDV_LTP_DSL_EX,T_D_pkm_ldv_t,ge,0.011860418031922278
NS,2030,T_LDV_LTP_DSL_N,T_D_pkm_ldv_t,ge,0.011860418031922278
NS,2030,T_LDV_LTP_FCEV400_N,T_D_pkm_ldv_t,ge,0.011860418031922278
NS,2030,T_LDV_LTP_GSL_EX,T_D_pkm_ldv_t,ge,0.011860418031922278
NS,2030,T_LDV_LTP_GSL_HEV_EX,T_D_pkm_ldv_t,ge,0.011860418031922278
NS,2030,T_LDV_LTP_GSL_HEV_N,T_D_pkm_ldv_t,ge,0.011860418031922278
NS,2030,T_LDV_LTP_GSL_N,T_D_pkm_ldv_t,ge,0.011860418031922278
NS,2030,T_LDV_LTP_GSL_PHEV35_EX,T_D_pkm_ldv_t,ge,0.011860418031922278
NS,2030,T_LDV_LTP_GSL_PHEV35_N,T_D_pkm_ldv_t,ge,0.011860418031922278
NS,2030,T_LDV_LTP_GSL_PHEV50_N,T_D_pkm_ldv_t,ge,0.011860418031922278
NS,2035,T_LDV_C_BEV150_N,T_D_pkm_ldv_c,ge,0.00593509569806339
NS,2035,T_LDV_C_BEV200_N,T_D_pkm_ldv_c,ge,0.00593509569806339
NS,2035,T_LDV_C_BEV300_N,T_D_pkm_ldv_c,ge,0.00593509569806339
NS,2035,T_LDV_C_BEV400_N,T_D_pkm_ldv_c,ge,0.00593509569806339
NS,2035,T_LDV_C_CNG_N,T_D_pkm_ldv_c,ge,0.00593509569806339
NS,2035,T_LDV_C_DSL_N,T_D_pkm_ldv_c,ge,0.00593509569806339
NS,2035,T_LDV_C_FCEV400_N,T_D_pkm_ldv_c,ge,0.00593509569806339
NS,2035,T_LDV_C_GSL_HEV_N,T_D_pkm_ldv_c,ge,0.00593509569806339
NS,2035,T_LDV_C_GSL_N,T_D_pkm_ldv_c,ge,0.00593509569806339
NS,2035,T_LDV_C_GSL_PHEV35_N,T_D_pkm_ldv_c,ge,0.00593509569806339
NS,2035,T_LDV_C_GSL_PHEV50_N,T_D_pkm_ldv_c,ge,0.00593509569806339
NS,2035,T_LDV_LTP_BEV150_N,T_D_pkm_ldv_t,ge,0.011860418031922278
NS,2035,T_LDV_LTP_BEV200_N,T_D_pkm_ldv_t,ge,0.011860418031922278
NS,2035,T_LDV_LTP_BEV300_EX,T_D_pkm_ldv_t,ge,0.011860418031922278
NS,2035,T_LDV_LTP_BEV300_N,T_D_pkm_ldv_t,ge,0.011860418031922278
NS,2035,T_LDV_LTP_BEV400_N,T_D_pkm_ldv_t,ge,0.011860418031922278
NS,2035,T_LDV_LTP_CNG_N,T_D_pkm_ldv_t,ge,0.011860418031922278
NS,2035,T_LDV_LTP_DSL_EX,T_D_pkm_ldv_t,ge,0.011860418031922278
NS,2035,T_LDV_LTP_DSL_N,T_D_pkm_ldv_t,ge,0.011860418031922278
NS,2035,T_LDV_LTP_FCEV400_N,T_D_pkm_ldv_t,ge,0.011860418031922278
NS,2035,T_LDV_LTP_GSL_EX,T_D_pkm_ldv_t,ge,0.011860418031922278
NS,2035,T_LDV_LTP_GSL_HEV_EX,T_D_pkm_ldv_t,ge,0.011860418031922278
NS,2035,T_LDV_LTP_GSL_HEV_N,T_D_pkm_ldv_t,ge,0.011860418031922278
NS,2035,T_LDV_LTP_GSL_N,T_D_pkm_ldv_t,ge,0.011860418031922278
NS,2035,T_LDV_LTP_GSL_PHEV35_EX,T_D_pkm_ldv_t,ge,0.011860418031922278
NS,2035,T_LDV_LTP_GSL_PHEV35_N,T_D_pkm_ldv_t,ge,0.011860418031922278
NS,2035,T_LDV_LTP_GSL_PHEV50_N,T_D_pkm_ldv_t,ge,0.011860418031922278
NS,2040,T_LDV_C_BEV150_N,T_D_pkm_ldv_c,ge,0.00593509569806339
NS,2040,T_LDV_C_BEV200_N,T_D_pkm_ldv_c,ge,0.00593509569806339
NS,2040,T_LDV_C_BEV300_N,T_D_pkm_ldv_c,ge,0.00593509569806339
NS,2040,T_LDV_C_BEV400_N,T_D_pkm_ldv_c,ge,0.00593509569806339
NS,2040,T_LDV_C_CNG_N,T_D_pkm_ldv_c,ge,0.00593509569806339
NS,2040,T_LDV_C_DSL_N,T_D_pkm_ldv_c,ge,0.00593509569806339
NS,2040,T_LDV_C_FCEV400_N,T_D_pkm_ldv_c,ge,0.00593509569806339
NS,2040,T_LDV_C_GSL_HEV_N,T_D_pkm_ldv_c,ge,0.00593509569806339
NS,2040,T_LDV_C_GSL_N,T_D_pkm_ldv_c,ge,0.00593509569806339
NS,2040,T_LDV_C_GSL_PHEV35_N,T_D_pkm_ldv_c,ge,0.00593509569806339
NS,2040,T_LDV_C_GSL_PHEV50_N,T_D_pkm_ldv_c,ge,0.00593509569806339
NS,2040,T_LDV_LTP_BEV150_N,T_D_pkm_ldv_t,ge,0.011860418031922278
NS,2040,T_LDV_LTP_BEV200_N,T_D_pkm_ldv_t,ge,0.011860418031922278
NS,2040,T_LDV_LTP_BEV300_N,T_D_pkm_ldv_t,ge,0.011860418031922278
NS,2040,T_LDV_LTP_BEV400_N,T_D_pkm_ldv_t,ge,0.011860418031922278
NS,2040,T_LDV_LTP_CNG_N,T_D_pkm_ldv_t,ge,0.011860418031922278
NS,2040,T_LDV_LTP_DSL_N,T_D_pkm_ldv_t,ge,0.011860418031922278
NS,2040,T_LDV_LTP_FCEV400_N,T_D_pkm_ldv_t,ge,0.011860418031922278
NS,2040,T_LDV_LTP_GSL_HEV_N,T_D_pkm_ldv_t,ge,0.011860418031922278
NS,2040,T_LDV_LTP_GSL_N,T_D_pkm_ldv_t,ge,0.011860418031922278
NS,2040,T_LDV_LTP_GSL_PHEV35_N,T_D_pkm_ldv_t,ge,0.011860418031922278
NS,2040,T_LDV_LTP_GSL_PHEV50_N,T_D_pkm_ldv_t,ge,0.011860418031922278
NS,2045,T_LDV_C_BEV150_N,T_D_pkm_ldv_c,ge,0.00593509569806339
NS,2045,T_LDV_C_BEV200_N,T_D_pkm_ldv_c,ge,0.00593509569806339
NS,2045,T_LDV_C_BEV300_N,T_D_pkm_ldv_c,ge,0.00593509569806339
NS,2045,T_LDV_C_BEV400_N,T_D_pkm_ldv_c,ge,0.00593509569806339
NS,2045,T_LDV_C_CNG_N,T_D_pkm_ldv_c,ge,0.00593509569806339
NS,2045,T_LDV_C_DSL_N,T_D_pkm_ldv_c,ge,0.00593509569806339
NS,2045,T_LDV_C_FCEV400_N,T_D_pkm_ldv_c,ge,0.00593509569806339
NS,2045,T_LDV_C_GSL_HEV_N,T_D_pkm_ldv_c,ge,0.00593509569806339
NS,2045,T_LDV_C_GSL_N,T_D_pkm_ldv_c,ge,0.00593509569806339
NS,2045,T_LDV_C_GSL_PHEV35_N,T_D_pkm_ldv_c,ge,0.00593509569806339
NS,2045,T_LDV_C_GSL_PHEV50_N,T_D_pkm_ldv_c,ge,0.00593509569806339
NS,2045,T_LDV_LTP_BEV150_N,T_D_pkm_ldv_t,ge,0.011860418031922278
NS,2045,T_LDV_LTP_BEV200_N,T_D_pkm_ldv_t,ge,0.011860418031922278
NS,2045,T_LDV_LTP_BEV300_N,T_D_pkm_ldv_t,ge,0.011860418031922278
NS,2045,T_LDV_LTP_BEV400_N,T_D_pkm_ldv_t,ge,0.011860418031922278
NS,2045,T_LDV_LTP_CNG_N,T_D_pkm_ldv_t,ge,0.011860418031922278
NS,2045,T_LDV_LTP_DSL_N,T_D_pkm_ldv_t,ge,0.011860418031922278
NS,2045,T_LDV_LTP_FCEV400_N,T_D_pkm_ldv_t,ge,0.011860418031922278
NS,2045,T_LDV_LTP_GSL_HEV_N,T_D_pkm_ldv_t,ge,0.011860418031922278
NS,2045,T_LDV_LTP_GSL_N,T_D_pkm_ldv_t,ge,0.011860418031922278
NS,2045,T_LDV_LTP_GSL_PHEV35_N,T_D_pkm_ldv_t,ge,0.011860418031922278
NS,2045,T_LDV_LTP_GSL_PHEV50_N,T_D_pkm_ldv_t,ge,0.011860418031922278
NS,2050,T_LDV_C_BEV150_N,T_D_pkm_ldv_c,ge,0.00593509569806339
NS,2050,T_LDV_C_BEV200_N,T_D_pkm_ldv_c,ge,0.00593509569806339
NS,2050,T_LDV_C_BEV300_N,T_D_pkm_ldv_c,ge,0.00593509569806339
NS,2050,T_LDV_C_BEV400_N,T_D_pkm_ldv_c,ge,0.00593509569806339
NS,2050,T_LDV_C_CNG_N,T_D_pkm_ldv_c,ge,0.00593509569806339
NS,2050,T_LDV_C_DSL_N,T_D_pkm_ldv_c,ge,0.00593509569806339
NS,2050,T_LDV_C_FCEV400_N,T_D_pkm_ldv_c,ge,0.00593509569806339
NS,2050,T_LDV_C_GSL_HEV_N,T_D_pkm_ldv_c,ge,0.00593509569806339
NS,2050,T_LDV_C_GSL_N,T_D_pkm_ldv_c,ge,0.00593509569806339
NS,2050,T_LDV_C_GSL_PHEV35_N,T_D_pkm_ldv_c,ge,0.00593509569806339
NS,2050,T_LDV_C_GSL_PHEV50_N,T_D_pkm_ldv_c,ge,0.00593509569806339
NS,2050,T_LDV_LTP_BEV150_N,T_D_pkm_ldv_t,ge,0.011860418031922278
NS,2050,T_LDV_LTP_BEV200_N,T_D_pkm_ldv_t,ge,0.011860418031922278
NS,2050,T_LDV_LTP_BEV300_N,T_D_pkm_ldv_t,ge,0.011860418031922278
NS,2050,T_LDV_LTP_BEV400_N,T_D_pkm_ldv_t,ge,0.011860418031922278
NS,2050,T_LDV_LTP_CNG_N,T_D_pkm_ldv_t,ge,0.011860418031922278
NS,2050,T_LDV_LTP_DSL_N,T_D_pkm_ldv_t,ge,0.011860418031922278
NS,2050,T_LDV_LTP_FCEV400_N,T_D_pkm_ldv_t,ge,0.011860418031922278
NS,2050,T_LDV_LTP_GSL_HEV_N,T_D_pkm_ldv_t,ge,0.011860418031922278
NS,2050,T_LDV_LTP_GSL_N,T_D_pkm_ldv_t,ge,0.011860418031922278
NS,2050,T_LDV_LTP_GSL_PHEV35_N,T_D_pkm_ldv_t,ge,0.011860418031922278
NS,2050,T_LDV_LTP_GSL_PHEV50_N,T_D_pkm_ldv_t,ge,0.011860418031922278
ON,2025,T_MDV_T_GSL_EX,T_D_tkm_mdv_t,ge,0.03348813198163817
ON,2025,T_MDV_T_GSL_N,T_D_tkm_mdv_t,ge,0.03348813198163817
ON,2030,T_MDV_T_GSL_EX,T_D_tkm_mdv_t,ge,0.03348813198163817
ON,2030,T_MDV_T_GSL_N,T_D_tkm_mdv_t,ge,0.03348813198163817
ON,2035,T_MDV_T_GSL_EX,T_D_tkm_mdv_t,ge,0.03348813198163817
ON,2035,T_MDV_T_GSL_N,T_D_tkm_mdv_t,ge,0.03348813198163817
ON,2040,T_MDV_T_GSL_N,T_D_tkm_mdv_t,ge,0.03348813198163817
ON,2045,T_MDV_T_GSL_N,T_D_tkm_mdv_t,ge,0.03348813198163817
ON,2050,T_MDV_T_GSL_N,T_D_tkm_mdv_t,ge,0.03348813198163817
QC,2025,T_MDV_T_GSL_EX,T_D_tkm_mdv_t,ge,0.03647914923221231
QC,2025,T_MDV_T_GSL_N,T_D_tkm_mdv_t,ge,0.03647914923221231
QC,2030,T_LDV_LTP_BEV150_N,T_D_pkm_ldv_t,ge,0.016669218650461032
QC,2030,T_LDV_LTP_BEV200_N,T_D_pkm_ldv_t,ge,0.016669218650461032
QC,2030,T_LDV_LTP_BEV300_EX,T_D_pkm_ldv_t,ge,0.016669218650461032
QC,2030,T_LDV_LTP_BEV300_N,T_D_pkm_ldv_t,ge,0.016669218650461032
QC,2030,T_LDV_LTP_BEV400_N,T_D_pkm_ldv_t,ge,0.016669218650461032
QC,2030,T_LDV_LTP_CNG_N,T_D_pkm_ldv_t,ge,0.016669218650461032
QC,2030,T_LDV_LTP_DSL_EX,T_D_pkm_ldv_t,ge,0.016669218650461032
QC,2030,T_LDV_LTP_DSL_N,T_D_pkm_ldv_t,ge,0.016669218650461032
QC,2030,T_LDV_LTP_FCEV400_N,T_D_pkm_ldv_t,ge,0.016669218650461032
QC,2030,T_LDV_LTP_GSL_EX,T_D_pkm_ldv_t,ge,0.016669218650461032
QC,2030,T_LDV_LTP_GSL_HEV_EX,T_D_pkm_ldv_t,ge,0.016669218650461032
QC,2030,T_LDV_LTP_GSL_HEV_N,T_D_pkm_ldv_t,ge,0.016669218650461032
QC,2030,T_LDV_LTP_GSL_N,T_D_pkm_ldv_t,ge,0.016669218650461032
QC,2030,T_LDV_LTP_GSL_PHEV35_EX,T_D_pkm_ldv_t,ge,0.016669218650461032
QC,2030,T_LDV_LTP_GSL_PHEV35_N,T_D_pkm_ldv_t,ge,0.016669218650461032
QC,2030,T_LDV_LTP_GSL_PHEV50_N,T_D_pkm_ldv_t,ge,0.016669218650461032
QC,2030,T_MDV_T_GSL_EX,T_D_tkm_mdv_t,ge,0.03647914923221231
QC,2030,T_MDV_T_GSL_N,T_D_tkm_mdv_t,ge,0.03647914923221231
QC,2035,T_LDV_LTP_BEV150_N,T_D_pkm_ldv_t,ge,0.016669218650461032
QC,2035,T_LDV_LTP_BEV200_N,T_D_pkm_ldv_t,ge,0.016669218650461032
QC,2035,T_LDV_LTP_BEV300_EX,T_D_pkm_ldv_t,ge,0.016669218650461032
QC,2035,T_LDV_LTP_BEV300_N,T_D_pkm_ldv_t,ge,0.016669218650461032
QC,2035,T_LDV_LTP_BEV400_N,T_D_pkm_ldv_t,ge,0.016669218650461032
QC,2035,T_LDV_LTP_CNG_N,T_D_pkm_ldv_t,ge,0.016669218650461032
QC,2035,T_LDV_LTP_DSL_EX,T_D_pkm_ldv_t,ge,0.016669218650461032
QC,2035,T_LDV_LTP_DSL_N,T_D_pkm_ldv_t,ge,0.016669218650461032
QC,2035,T_LDV_LTP_FCEV400_N,T_D_pkm_ldv_t,ge,0.016669218650461032
QC,2035,T_LDV_LTP_GSL_EX,T_D_pkm_ldv_t,ge,0.016669218650461032
QC,2035,T_LDV_LTP_GSL_HEV_EX,T_D_pkm_ldv_t,ge,0.016669218650461032
QC,2035,T_LDV_LTP_GSL_HEV_N,T_D_pkm_ldv_t,ge,0.016669218650461032
QC,2035,T_LDV_LTP_GSL_N,T_D_pkm_ldv_t,ge,0.016669218650461032
QC,2035,T_LDV_LTP_GSL_PHEV35_EX,T_D_pkm_ldv_t,ge,0.016669218650461032
QC,2035,T_LDV_LTP_GSL_PHEV35_N,T_D_pkm_ldv_t,ge,0.016669218650461032
QC,2035,T_LDV_LTP_GSL_PHEV50_N,T_D_pkm_ldv_t,ge,0.016669218650461032
QC,2035,T_MDV_T_GSL_EX,T_D_tkm_mdv_t,ge,0.03647914923221231
QC,2035,T_MDV_T_GSL_N,T_D_tkm_mdv_t,ge,0.03647914923221231
QC,2040,T_LDV_LTP_BEV150_N,T_D_pkm_ldv_t,ge,0.016669218650461032
QC,2040,T_LDV_LTP_BEV200_N,T_D_pkm_ldv_t,ge,0.016669218650461032
QC,2040,T_LDV_LTP_BEV300_N,T_D_pkm_ldv_t,ge,0.016669218650461032
QC,2040,T_LDV_LTP_BEV400_N,T_D_pkm_ldv_t,ge,0.016669218650461032
QC,2040,T_LDV_LTP_CNG_N,T_D_pkm_ldv_t,ge,0.016669218650461032
QC,2040,T_LDV_LTP_DSL_N,T_D_pkm_ldv_t,ge,0.016669218650461032
QC,2040,T_LDV_LTP_FCEV400_N,T_D_pkm_ldv_t,ge,0.016669218650461032
QC,2040,T_LDV_LTP_GSL_HEV_N,T_D_pkm_ldv_t,ge,0.016669218650461032
QC,2040,T_LDV_LTP_GSL_N,T_D_pkm_ldv_t,ge,0.016669218650461032
QC,2040,T_LDV_LTP_GSL_PHEV35_N,T_D_pkm_ldv_t,ge,0.016669218650461032
QC,2040,T_LDV_LTP_GSL_PHEV50_N,T_D_pkm_ldv_t,ge,0.016669218650461032
QC,2040,T_MDV_T_GSL_N,T_D_tkm_mdv_t,ge,0.03647914923221231
QC,2045,T_LDV_LTP_BEV150_N,T_D_pkm_ldv_t,ge,0.016669218650461032
QC,2045,T_LDV_LTP_BEV200_N,T_D_pkm_ldv_t,ge,0.016669218650461032
QC,2045,T_LDV_LTP_BEV300_N,T_D_pkm_ldv_t,ge,0.016669218650461032
QC,2045,T_LDV_LTP_BEV400_N,T_D_pkm_ldv_t,ge,0.016669218650461032
QC,2045,T_LDV_LTP_CNG_N,T_D_pkm_ldv_t,ge,0.016669218650461032
QC,2045,T_LDV_LTP_DSL_N,T_D_pkm_ldv_t,ge,0.016669218650461032
QC,2045,T_LDV_LTP_FCEV400_N,T_D_pkm_ldv_t,ge,0.016669218650461032
QC,2045,T_LDV_LTP_GSL_HEV_N,T_D_pkm_ldv_t,ge,0.016669218650461032
QC,2045,T_LDV_LTP_GSL_N,T_D_pkm_ldv_t,ge,0.016669218650461032
QC,2045,T_LDV_LTP_GSL_PHEV35_N,T_D_pkm_ldv_t,ge,0.016669218650461032
QC,2045,T_LDV_LTP_GSL_PHEV50_N,T_D_pkm_ldv_t,ge,0.016669218650461032
QC,2045,T_MDV_T_GSL_N,T_D_tkm_mdv_t,ge,0.03647914923221231
QC,2050,T_LDV_LTP_BEV150_N,T_D_pkm_ldv_t,ge,0.016669218650461032
QC,2050,T_LDV_LTP_BEV200_N,T_D_pkm_ldv_t,ge,0.016669218650461032
QC,2050,T_LDV_LTP_BEV300_N,T_D_pkm_ldv_t,ge,0.016669218650461032
QC,2050,T_LDV_LTP_BEV400_N,T_D_pkm_ldv_t,ge,0.016669218650461032
QC,2050,T_LDV_LTP_CNG_N,T_D_pkm_ldv_t,ge,0.016669218650461032
QC,2050,T_LDV_LTP_DSL_N,T_D_pkm_ldv_t,ge,0.016669218650461032
QC,2050,T_LDV_LTP_FCEV400_N,T_D_pkm_ldv_t,ge,0.016669218650461032
QC,2050,T_LDV_LTP_GSL_HEV_N,T_D_pkm_ldv_t,ge,0.016669218650461032
QC,2050,T_LDV_LTP_GSL_N,T_D_pkm_ldv_t,ge,0.016669218650461032
QC,2050,T_LDV_LTP_GSL_PHEV35_N,T_D_pkm_ldv_t,ge,0.016669218650461032
QC,2050,T_LDV_LTP_GSL_PHEV50_N,T_D_pkm_ldv_t,ge,0.016669218650461032
QC,2050,T_MDV_T_GSL_N,T_D_tkm_mdv_t,ge,0.03647914923221231
SK,2025,T_MDV_T_GSL_EX,T_D_tkm_mdv_t,ge,0.036140199325782406
SK,2025,T_MDV_T_GSL_N,T_D_tkm_mdv_t,ge,0.036140199325782406
SK,2030,T_MDV_T_GSL_EX,T_D_tkm_mdv_t,ge,0.036140199325782406
SK,2030,T_MDV_T_GSL_N,T_D_tkm_mdv_t,ge,0.036140199325782406
SK,2035,T_MDV_T_GSL_EX,T_D_tkm_mdv_t,ge,0.036140199325782406
SK,2035,T_MDV_T_GSL_N,T_D_tkm_mdv_t,ge,0.036140199325782406
SK,2040,T_MDV_T_GSL_N,T_D_tkm_mdv_t,ge,0.036140199325782406
SK,2045,T_MDV_T_GSL_N,T_D_tkm_mdv_t,ge,0.036140199325782406
SK,2050,T_MDV_T_GSL_N,T_D_tkm_mdv_t,ge,0.036140199325782406
AB,2025,T_LDV_C_BEV150_EX,T_D_pkm_ldv_c,le,0.018861811
AB,2025,T_LDV_C_BEV150_N,T_D_pkm_ldv_c,le,0.018861811
AB,2025,T_LDV_C_BEV200_N,T_D_pkm_ldv_c,le,0.018861811
AB,2025,T_LDV_C_BEV300_N,T_D_pkm_ldv_c,le,0.018861811
AB,2025,T_LDV_C_BEV400_N,T_D_pkm_ldv_c,le,0.018861811
AB,2025,T_LDV_C_CNG_N,T_D_pkm_ldv_c,le,0.018861811
AB,2025,T_LDV_C_DSL_EX,T_D_pkm_ldv_c,le,0.018861811
AB,2025,T_LDV_C_DSL_N,T_D_pkm_ldv_c,le,0.018861811
AB,2025,T_LDV_C_FCEV400_N,T_D_pkm_ldv_c,le,0.018861811
AB,2025,T_LDV_C_GSL_EX,T_D_pkm_ldv_c,le,0.018861811
AB,2025,T_LDV_C_GSL_HEV_EX,T_D_pkm_ldv_c,le,0.018861811
AB,2025,T_LDV_C_GSL_HEV_N,T_D_pkm_ldv_c,le,0.018861811
AB,2025,T_LDV_C_GSL_N,T_D_pkm_ldv_c,le,0.018861811
AB,2025,T_LDV_C_GSL_PHEV35_EX,T_D_pkm_ldv_c,le,0.018861811
AB,2025,T_LDV_C_GSL_PHEV35_N,T_D_pkm_ldv_c,le,0.018861811
AB,2025,T_LDV_C_GSL_PHEV50_N,T_D_pkm_ldv_c,le,0.018861811
AB,2025,T_MDV_T_BEV_N,T_D_tkm_mdv_t,le,0.026242254
AB,2025,T_MDV_T_DSL_EX,T_D_tkm_mdv_t,le,0.026242254
AB,2025,T_MDV_T_DSL_HEV_N,T_D_tkm_mdv_t,le,0.026242254
AB,2025,T_MDV_T_DSL_N,T_D_tkm_mdv_t,le,0.026242254
AB,2025,T_MDV_T_DSL_PHEV_N,T_D_tkm_mdv_t,le,0.026242254
AB,2025,T_MDV_T_FCEV_N,T_D_tkm_mdv_t,le,0.026242254
AB,2025,T_MDV_T_FCHEV_N,T_D_tkm_mdv_t,le,0.026242254
AB,2025,T_MDV_T_GSL_EX,T_D_tkm_mdv_t,le,0.039363381
AB,2025,T_MDV_T_GSL_N,T_D_tkm_mdv_t,le,0.039363381
AB,2030,T_LDV_C_BEV150_EX,T_D_pkm_ldv_c,le,0.021028602
AB,2030,T_LDV_C_BEV150_N,T_D_pkm_ldv_c,le,0.021028602
AB,2030,T_LDV_C_BEV200_N,T_D_pkm_ldv_c,le,0.021028602
AB,2030,T_LDV_C_BEV300_N,T_D_pkm_ldv_c,le,0.021028602
AB,2030,T_LDV_C_BEV400_N,T_D_pkm_ldv_c,le,0.021028602
AB,2030,T_LDV_C_CNG_N,T_D_pkm_ldv_c,le,0.021028602
AB,2030,T_LDV_C_DSL_EX,T_D_pkm_ldv_c,le,0.021028602
AB,2030,T_LDV_C_DSL_N,T_D_pkm_ldv_c,le,0.021028602
AB,2030,T_LDV_C_FCEV400_N,T_D_pkm_ldv_c,le,0.021028602
AB,2030,T_LDV_C_GSL_EX,T_D_pkm_ldv_c,le,0.021028602
AB,2030,T_LDV_C_GSL_HEV_EX,T_D_pkm_ldv_c,le,0.021028602
AB,2030,T_LDV_C_GSL_HEV_N,T_D_pkm_ldv_c,le,0.021028602
AB,2030,T_LDV_C_GSL_N,T_D_pkm_ldv_c,le,0.021028602
AB,2030,T_LDV_C_GSL_PHEV35_EX,T_D_pkm_ldv_c,le,0.021028602
AB,2030,T_LDV_C_GSL_PHEV35_N,T_D_pkm_ldv_c,le,0.021028602
AB,2030,T_LDV_C_GSL_PHEV50_N,T_D_pkm_ldv_c,le,0.021028602
AB,2030,T_MDV_T_BEV_N,T_D_tkm_mdv_t,le,0.027680639
AB,2030,T_MDV_T_DSL_EX,T_D_tkm_mdv_t,le,0.027680639
AB,2030,T_MDV_T_DSL_HEV_N,T_D_tkm_mdv_t,le,0.027680639
AB,2030,T_MDV_T_DSL_N,T_D_tkm_mdv_t,le,0.027680639
AB,2030,T_MDV_T_DSL_PHEV_N,T_D_tkm_mdv_t,le,0.027680639
AB,2030,T_MDV_T_FCEV_N,T_D_tkm_mdv_t,le,0.027680639
AB,2030,T_MDV_T_FCHEV_N,T_D_tkm_mdv_t,le,0.027680639
AB,2030,T_MDV_T_GSL_EX,T_D_tkm_mdv_t,le,0.041520959
AB,2030,T_MDV_T_GSL_N,T_D_tkm_mdv_t,le,0.041520959
AB,2035,T_LDV_C_BEV150_N,T_D_pkm_ldv_c,le,0.021028602
AB,2035,T_LDV_C_BEV200_N,T_D_pkm_ldv_c,le,0.021028602
AB,2035,T_LDV_C_BEV300_N,T_D_pkm_ldv_c,le,0.021028602
AB,2035,T_LDV_C_BEV400_N,T_D_pkm_ldv_c,le,0.021028602
AB,2035,T_LDV_C_CNG_N,T_D_pkm_ldv_c,le,0.021028602
AB,2035,T_LDV_C_DSL_N,T_D_pkm_ldv_c,le,0.021028602
AB,2035,T_LDV_C_FCEV400_N,T_D_pkm_ldv_c,le,0.021028602
AB,2035,T_LDV_C_GSL_HEV_N,T_D_pkm_ldv_c,le,0.021028602
AB,2035,T_LDV_C_GSL_N,T_D_pkm_ldv_c,le,0.021028602
AB,2035,T_LDV_C_GSL_PHEV35_N,T_D_pkm_ldv_c,le,0.021028602
AB,2035,T_LDV_C_GSL_PHEV50_N,T_D_pkm_ldv_c,le,0.021028602
AB,2035,T_MDV_T_BEV_N,T_D_tkm_mdv_t,le,0.027680639
AB,2035,T_MDV_T_DSL_EX,T_D_tkm_mdv_t,le,0.027680639
AB,2035,T_MDV_T_DSL_HEV_N,T_D_tkm_mdv_t,le,0.027680639
AB,2035,T_MDV_T_DSL_N,T_D_tkm_mdv_t,le,0.027680639
AB,2035,T_MDV_T_DSL_PHEV_N,T_D_tkm_mdv_t,le,0.027680639
AB,2035,T_MDV_T_FCEV_N,T_D_tkm_mdv_t,le,0.027680639
AB,2035,T_MDV_T_FCHEV_N,T_D_tkm_mdv_t,le,0.027680639
AB,2035,T_MDV_T_GSL_EX,T_D_tkm_mdv_t,le,0.041520959
AB,2035,T_MDV_T_GSL_N,T_D_tkm_mdv_t,le,0.041520959
AB,2040,T_LDV_C_BEV150_N,T_D_pkm_ldv_c,le,0.021028602
AB,2040,T_LDV_C_BEV200_N,T_D_pkm_ldv_c,le,0.021028602
AB,2040,T_LDV_C_BEV300_N,T_D_pkm_ldv_c,le,0.021028602
AB,2040,T_LDV_C_BEV400_N,T_D_pkm_ldv_c,le,0.021028602
AB,2040,T_LDV_C_CNG_N,T_D_pkm_ldv_c,le,0.021028602
AB,2040,T_LDV_C_DSL_N,T_D_pkm_ldv_c,le,0.021028602
AB,2040,T_LDV_C_FCEV400_N,T_D_pkm_ldv_c,le,0.021028602
AB,2040,T_LDV_C_GSL_HEV_N,T_D_pkm_ldv_c,le,0.021028602
AB,2040,T_LDV_C_GSL_N,T_D_pkm_ldv_c,le,0.021028602
AB,2040,T_LDV_C_GSL_PHEV35_N,T_D_pkm_ldv_c,le,0.021028602
AB,2040,T_LDV_C_GSL_PHEV50_N,T_D_pkm_ldv_c,le,0.021028602
AB,2040,T_MDV_T_BEV_N,T_D_tkm_mdv_t,le,0.027680639
AB,2040,T_MDV_T_DSL_HEV_N,T_D_tkm_mdv_t,le,0.027680639
AB,2040,T_MDV_T_DSL_N,T_D_tkm_mdv_t,le,0.027680639
AB,2040,T_MDV_T_DSL_PHEV_N,T_D_tkm_mdv_t,le,0.027680639
AB,2040,T_MDV_T_FCEV_N,T_D_tkm_mdv_t,le,0.027680639
AB,2040,T_MDV_T_FCHEV_N,T_D_tkm_mdv_t,le,0.027680639
AB,2040,T_MDV_T_GSL_N,T_D_tkm_mdv_t,le,0.041520959
AB,2045,T_LDV_C_BEV150_N,T_D_pkm_ldv_c,le,0.021028602
AB,2045,T_LDV_C_BEV200_N,T_D_pkm_ldv_c,le,0.021028602
AB,2045,T_LDV_C_BEV300_N,T_D_pkm_ldv_c,le,0.021028602
AB,2045,T_LDV_C_BEV400_N,T_D_pkm_ldv_c,le,0.021028602
AB,2045,T_LDV_C_CNG_N,T_D_pkm_ldv_c,le,0.021028602
AB,2045,T_LDV_C_DSL_N,T_D_pkm_ldv_c,le,0.021028602
AB,2045,T_LDV_C_FCEV400_N,T_D_pkm_ldv_c,le,0.021028602
AB,2045,T_LDV_C_GSL_HEV_N,T_D_pkm_ldv_c,le,0.021028602
AB,2045,T_LDV_C_GSL_N,T_D_pkm_ldv_c,le,0.021028602
AB,2045,T_LDV_C_GSL_PHEV35_N,T_D_pkm_ldv_c,le,0.021028602
AB,2045,T_LDV_C_GSL_PHEV50_N,T_D_pkm_ldv_c,le,0.021028602
AB,2045,T_MDV_T_BEV_N,T_D_tkm_mdv_t,le,0.027680639
AB,2045,T_MDV_T_DSL_HEV_N,T_D_tkm_mdv_t,le,0.027680639
AB,2045,T_MDV_T_DSL_N,T_D_tkm_mdv_t,le,0.027680639
AB,2045,T_MDV_T_DSL_PHEV_N,T_D_tkm_mdv_t,le,0.027680639
AB,2045,T_MDV_T_FCEV_N,T_D_tkm_mdv_t,le,0.027680639
AB,2045,T_MDV_T_FCHEV_N,T_D_tkm_mdv_t,le,0.027680639
AB,2045,T_MDV_T_GSL_N,T_D_tkm_mdv_t,le,0.041520959
AB,2050,T_LDV_C_BEV150_N,T_D_pkm_ldv_c,le,0.021028602
AB,2050,T_LDV_C_BEV200_N,T_D_pkm_ldv_c,le,0.021028602
AB,2050,T_LDV_C_BEV300_N,T_D_pkm_ldv_c,le,0.021028602
AB,2050,T_LDV_C_BEV400_N,T_D_pkm_ldv_c,le,0.021028602
AB,2050,T_LDV_C_CNG_N,T_D_pkm_ldv_c,le,0.021028602
AB,2050,T_LDV_C_DSL_N,T_D_pkm_ldv_c,le,0.021028602
AB,2050,T_LDV_C_FCEV400_N,T_D_pkm_ldv_c,le,0.021028602
AB,2050,T_LDV_C_GSL_HEV_N,T_D_pkm_ldv_c,le,0.021028602
AB,2050,T_LDV_C_GSL_N,T_D_pkm_ldv_c,le,0.021028602
AB,2050,T_LDV_C_GSL_PHEV35_N,T_D_pkm_ldv_c,le,0.021028602
AB,2050,T_LDV_C_GSL_PHEV50_N,T_D_pkm_ldv_c,le,0.021028602
AB,2050,T_MDV_T_BEV_N,T_D_tkm_mdv_t,le,0.027680639
AB,2050,T_MDV_T_DSL_HEV_N,T_D_tkm_mdv_t,le,0.027680639
AB,2050,T_MDV_T_DSL_N,T_D_tkm_mdv_t,le,0.027680639
AB,2050,T_MDV_T_DSL_PHEV_N,T_D_tkm_mdv_t,le,0.027680639
AB,2050,T_MDV_T_FCEV_N,T_D_tkm_mdv_t,le,0.027680639
AB,2050,T_MDV_T_FCHEV_N,T_D_tkm_mdv_t,le,0.027680639
AB,2050,T_MDV_T_GSL_N,T_D_tkm_mdv_t,le,0.041520959
BC,2025,T_LDV_C_BEV150_EX,T_D_pkm_ldv_c,le,0.018861811
BC,2025,T_LDV_C_BEV150_N,T_D_pkm_ldv_c,le,0.018861811
BC,2025,T_LDV_C_BEV200_N,T_D_pkm_ldv_c,le,0.018861811
BC,2025,T_LDV_C_BEV300_N,T_D_pkm_ldv_c,le,0.018861811
BC,2025,T_LDV_C_BEV400_N,T_D_pkm_ldv_c,le,0.018861811
BC,2025,T_LDV_C_CNG_N,T_D_pkm_ldv_c,le,0.018861811
BC,2025,T_LDV_C_DSL_EX,T_D_pkm_ldv_c,le,0.018861811
BC,2025,T_LDV_C_DSL_N,T_D_pkm_ldv_c,le,0.018861811
BC,2025,T_LDV_C_FCEV400_N,T_D_pkm_ldv_c,le,0.018861811
BC,2025,T_LDV_C_GSL_EX,T_D_pkm_ldv_c,le,0.018861811
BC,2025,T_LDV_C_GSL_HEV_EX,T_D_pkm_ldv_c,le,0.018861811
BC,2025,T_LDV_C_GSL_HEV_N,T_D_pkm_ldv_c,le,0.018861811
BC,2025,T_LDV_C_GSL_N,T_D_pkm_ldv_c,le,0.018861811
BC,2025,T_LDV_C_GSL_PHEV35_EX,T_D_pkm_ldv_c,le,0.018861811
BC,2025,T_LDV_C_GSL_PHEV35_N,T_D_pkm_ldv_c,le,0.018861811
BC,2025,T_LDV_C_GSL_PHEV50_N,T_D_pkm_ldv_c,le,0.018861811
BC,2025,T_MDV_T_BEV_N,T_D_tkm_mdv_t,le,0.026242254
BC,2025,T_MDV_T_DSL_EX,T_D_tkm_mdv_t,le,0.026242254
BC,2025,T_MDV_T_DSL_HEV_N,T_D_tkm_mdv_t,le,0.026242254
BC,2025,T_MDV_T_DSL_N,T_D_tkm_mdv_t,le,0.026242254
BC,2025,T_MDV_T_DSL_PHEV_N,T_D_tkm_mdv_t,le,0.026242254
BC,2025,T_MDV_T_FCEV_N,T_D_tkm_mdv_t,le,0.026242254
BC,2025,T_MDV_T_FCHEV_N,T_D_tkm_mdv_t,le,0.026242254
BC,2025,T_MDV_T_GSL_EX,T_D_tkm_mdv_t,le,0.039363381
BC,2025,T_MDV_T_GSL_N,T_D_tkm_mdv_t,le,0.039363381
BC,2030,T_LDV_C_BEV150_EX,T_D_pkm_ldv_c,le,0.021028602
BC,2030,T_LDV_C_BEV150_N,T_D_pkm_ldv_c,le,0.021028602
BC,2030,T_LDV_C_BEV200_N,T_D_pkm_ldv_c,le,0.021028602
BC,2030,T_LDV_C_BEV300_N,T_D_pkm_ldv_c,le,0.021028602
BC,2030,T_LDV_C_BEV400_N,T_D_pkm_ldv_c,le,0.021028602
BC,2030,T_LDV_C_CNG_N,T_D_pkm_ldv_c,le,0.021028602
BC,2030,T_LDV_C_DSL_EX,T_D_pkm_ldv_c,le,0.021028602
BC,2030,T_LDV_C_DSL_N,T_D_pkm_ldv_c,le,0.021028602
BC,2030,T_LDV_C_FCEV400_N,T_D_pkm_ldv_c,le,0.021028602
BC,2030,T_LDV_C_GSL_EX,T_D_pkm_ldv_c,le,0.021028602
BC,2030,T_LDV_C_GSL_HEV_EX,T_D_pkm_ldv_c,le,0.021028602
BC,2030,T_LDV_C_GSL_HEV_N,T_D_pkm_ldv_c,le,0.021028602
BC,2030,T_LDV_C_GSL_N,T_D_pkm_ldv_c,le,0.021028602
BC,2030,T_LDV_C_GSL_PHEV35_EX,T_D_pkm_ldv_c,le,0.021028602
BC,2030,T_LDV_C_GSL_PHEV35_N,T_D_pkm_ldv_c,le,0.021028602
BC,2030,T_LDV_C_GSL_PHEV50_N,T_D_pkm_ldv_c,le,0.021028602
BC,2030,T_MDV_T_BEV_N,T_D_tkm_mdv_t,le,0.027680639
BC,2030,T_MDV_T_DSL_EX,T_D_tkm_mdv_t,le,0.027680639
BC,2030,T_MDV_T_DSL_HEV_N,T_D_tkm_mdv_t,le,0.027680639
BC,2030,T_MDV_T_DSL_N,T_D_tkm_mdv_t,le,0.027680639
BC,2030,T_MDV_T_DSL_PHEV_N,T_D_tkm_mdv_t,le,0.027680639
BC,2030,T_MDV_T_FCEV_N,T_D_tkm_mdv_t,le,0.027680639
BC,2030,T_MDV_T_FCHEV_N,T_D_tkm_mdv_t,le,0.027680639
BC,2030,T_MDV_T_GSL_EX,T_D_tkm_mdv_t,le,0.041520959
BC,2030,T_MDV_T_GSL_N,T_D_tkm_mdv_t,le,0.041520959
BC,2035,T_LDV_C_BEV150_N,T_D_pkm_ldv_c,le,0.021028602
BC,2035,T_LDV_C_BEV200_N,T_D_pkm_ldv_c,le,0.021028602
BC,2035,T_LDV_C_BEV300_N,T_D_pkm_ldv_c,le,0.021028602
BC,2035,T_LDV_C_BEV400_N,T_D_pkm_ldv_c,le,0.021028602
BC,2035,T_LDV_C_CNG_N,T_D_pkm_ldv_c,le,0.021028602
BC,2035,T_LDV_C_DSL_N,T_D_pkm_ldv_c,le,0.021028602
BC,2035,T_LDV_C_FCEV400_N,T_D_pkm_ldv_c,le,0.021028602
BC,2035,T_LDV_C_GSL_HEV_N,T_D_pkm_ldv_c,le,0.021028602
BC,2035,T_LDV_C_GSL_N,T_D_pkm_ldv_c,le,0.021028602
BC,2035,T_LDV_C_GSL_PHEV35_N,T_D_pkm_ldv_c,le,0.021028602
BC,2035,T_LDV_C_GSL_PHEV50_N,T_D_pkm_ldv_c,le,0.021028602
BC,2035,T_MDV_T_BEV_N,T_D_tkm_mdv_t,le,0.027680639
BC,2035,T_MDV_T_DSL_EX,T_D_tkm_mdv_t,le,0.027680639
BC,2035,T_MDV_T_DSL_HEV_N,T_D_tkm_mdv_t,le,0.027680639
BC,2035,T_MDV_T_DSL_N,T_D_tkm_mdv_t,le,0.027680639
BC,2035,T_MDV_T_DSL_PHEV_N,T_D_tkm_mdv_t,le,0.027680639
BC,2035,T_MDV_T_FCEV_N,T_D_tkm_mdv_t,le,0.027680639
BC,2035,T_MDV_T_FCHEV_N,T_D_tkm_mdv_t,le,0.027680639
BC,2035,T_MDV_T_GSL_EX,T_D_tkm_mdv_t,le,0.041520959
BC,2035,T_MDV_T_GSL_N,T_D_tkm_mdv_t,le,0.041520959
BC,2040,T_LDV_C_BEV150_N,T_D_pkm_ldv_c,le,0.021028602
BC,2040,T_LDV_C_BEV200_N,T_D_pkm_ldv_c,le,0.021028602
BC,2040,T_LDV_C_BEV300_N,T_D_pkm_ldv_c,le,0.021028602
BC,2040,T_LDV_C_BEV400_N,T_D_pkm_ldv_c,le,0.021028602
BC,2040,T_LDV_C_CNG_N,T_D_pkm_ldv_c,le,0.021028602
BC,2040,T_LDV_C_DSL_N,T_D_pkm_ldv_c,le,0.021028602
BC,2040,T_LDV_C_FCEV400_N,T_D_pkm_ldv_c,le,0.021028602
BC,2040,T_LDV_C_GSL_HEV_N,T_D_pkm_ldv_c,le,0.021028602
BC,2040,T_LDV_C_GSL_N,T_D_pkm_ldv_c,le,0.021028602
BC,2040,T_LDV_C_GSL_PHEV35_N,T_D_pkm_ldv_c,le,0.021028602
BC,2040,T_LDV_C_GSL_PHEV50_N,T_D_pkm_ldv_c,le,0.021028602
BC,2040,T_MDV_T_BEV_N,T_D_tkm_mdv_t,le,0.027680639
BC,2040,T_MDV_T_DSL_HEV_N,T_D_tkm_mdv_t,le,0.027680639
BC,2040,T_MDV_T_DSL_N,T_D_tkm_mdv_t,le,0.027680639
BC,2040,T_MDV_T_DSL_PHEV_N,T_D_tkm_mdv_t,le,0.027680639
BC,2040,T_MDV_T_FCEV_N,T_D_tkm_mdv_t,le,0.027680639
BC,2040,T_MDV_T_FCHEV_N,T_D_tkm_mdv_t,le,0.027680639
BC,2040,T_MDV_T_GSL_N,T_D_tkm_mdv_t,le,0.041520959
BC,2045,T_LDV_C_BEV150_N,T_D_pkm_ldv_c,le,0.021028602
BC,2045,T_LDV_C_BEV200_N,T_D_pkm_ldv_c,le,0.021028602
BC,2045,T_LDV_C_BEV300_N,T_D_pkm_ldv_c,le,0.021028602
BC,2045,T_LDV_C_BEV400_N,T_D_pkm_ldv_c,le,0.021028602
BC,2045,T_LDV_C_CNG_N,T_D_pkm_ldv_c,le,0.021028602
BC,2045,T_LDV_C_DSL_N,T_D_pkm_ldv_c,le,0.021028602
BC,2045,T_LDV_C_FCEV400_N,T_D_pkm_ldv_c,le,0.021028602
BC,2045,T_LDV_C_GSL_HEV_N,T_D_pkm_ldv_c,le,0.021028602
BC,2045,T_LDV_C_GSL_N,T_D_pkm_ldv_c,le,0.021028602
BC,2045,T_LDV_C_GSL_PHEV35_N,T_D_pkm_ldv_c,le,0.021028602
BC,2045,T_LDV_C_GSL_PHEV50_N,T_D_pkm_ldv_c,le,0.021028602
BC,2045,T_MDV_T_BEV_N,T_D_tkm_mdv_t,le,0.027680639
BC,2045,T_MDV_T_DSL_HEV_N,T_D_tkm_mdv_t,le,0.027680639
BC,2045,T_MDV_T_DSL_N,T_D_tkm_mdv_t,le,0.027680639
BC,2045,T_MDV_T_DSL_PHEV_N,T_D_tkm_mdv_t,le,0.027680639
BC,2045,T_MDV_T_FCEV_N,T_D_tkm_mdv_t,le,0.027680639
BC,2045,T_MDV_T_FCHEV_N,T_D_tkm_mdv_t,le,0.027680639
BC,2045,T_MDV_T_GSL_N,T_D_tkm_mdv_t,le,0.041520959
BC,2050,T_LDV_C_BEV150_N,T_D_pkm_ldv_c,le,0.021028602
BC,2050,T_LDV_C_BEV200_N,T_D_pkm_ldv_c,le,0.021028602
BC,2050,T_LDV_C_BEV300_N,T_D_pkm_ldv_c,le,0.021028602
BC,2050,T_LDV_C_BEV400_N,T_D_pkm_ldv_c,le,0.021028602
BC,2050,T_LDV_C_CNG_N,T_D_pkm_ldv_c,le,0.021028602
BC,2050,T_LDV_C_DSL_N,T_D_pkm_ldv_c,le,0.021028602
BC,2050,T_LDV_C_FCEV400_N,T_D_pkm_ldv_c,le,0.021028602
BC,2050,T_LDV_C_GSL_HEV_N,T_D_pkm_ldv_c,le,0.021028602
BC,2050,T_LDV_C_GSL_N,T_D_pkm_ldv_c,le,0.021028602
BC,2050,T_LDV_C_GSL_PHEV35_N,T_D_pkm_ldv_c,le,0.021028602
BC,2050,T_LDV_C_GSL_PHEV50_N,T_D_pkm_ldv_c,le,0.021028602
BC,2050,T_MDV_T_BEV_N,T_D_tkm_mdv_t,le,0.027680639
BC,2050,T_MDV_T_DSL_HEV_N,T_D_tkm_mdv_t,le,0.027680639
BC,2050,T_MDV_T_DSL_N,T_D_tkm_mdv_t,le,0.027680639
BC,2050,T_MDV_T_DSL_PHEV_N,T_D_tkm_mdv_t,le,0.027680639
BC,2050,T_MDV_T_FCEV_N,T_D_tkm_mdv_t,le,0.027680639
BC,2050,T_MDV_T_FCHEV_N,T_D_tkm_mdv_t,le,0.027680639
BC,2050,T_MDV_T_GSL_N,T_D_tkm_mdv_t,le,0.041520959
MB,2025,T_LDV_C_BEV150_EX,T_D_pkm_ldv_c,le,0.018861811
MB,2025,T_LDV_C_BEV150_N,T_D_pkm_ldv_c,le,0.018861811
MB,2025,T_LDV_C_BEV200_N,T_D_pkm_ldv_c,le,0.018861811
MB,2025,T_LDV_C_BEV300_N,T_D_pkm_ldv_c,le,0.018861811
MB,2025,T_LDV_C_BEV400_N,T_D_pkm_ldv_c,le,0.018861811
MB,2025,T_LDV_C_CNG_N,T_D_pkm_ldv_c,le,0.018861811
MB,2025,T_LDV_C_DSL_EX,T_D_pkm_ldv_c,le,0.018861811
MB,2025,T_LDV_C_DSL_N,T_D_pkm_ldv_c,le,0.018861811
MB,2025,T_LDV_C_FCEV400_N,T_D_pkm_ldv_c,le,0.018861811
MB,2025,T_LDV_C_GSL_EX,T_D_pkm_ldv_c,le,0.018861811
MB,2025,T_LDV_C_GSL_HEV_EX,T_D_pkm_ldv_c,le,0.018861811
MB,2025,T_LDV_C_GSL_HEV_N,T_D_pkm_ldv_c,le,0.018861811
MB,2025,T_LDV_C_GSL_N,T_D_pkm_ldv_c,le,0.018861811
MB,2025,T_LDV_C_GSL_PHEV35_EX,T_D_pkm_ldv_c,le,0.018861811
MB,2025,T_LDV_C_GSL_PHEV35_N,T_D_pkm_ldv_c,le,0.018861811
MB,2025,T_LDV_C_GSL_PHEV50_N,T_D_pkm_ldv_c,le,0.018861811
MB,2025,T_LDV_LTF_BEV150_N,T_D_tkm_ldv_t,le,0.033234262
MB,2025,T_LDV_LTF_BEV200_N,T_D_tkm_ldv_t,le,0.033234262
MB,2025,T_LDV_LTF_BEV300_N,T_D_tkm_ldv_t,le,0.033234262
MB,2025,T_LDV_LTF_BEV400_N,T_D_tkm_ldv_t,le,0.033234262
MB,2025,T_LDV_LTF_CNG_N,T_D_tkm_ldv_t,le,0.033234262
MB,2025,T_LDV_LTF_DSL_EX,T_D_tkm_ldv_t,le,0.033234262
MB,2025,T_LDV_LTF_DSL_N,T_D_tkm_ldv_t,le,0.033234262
MB,2025,T_LDV_LTF_FCEV400_N,T_D_tkm_ldv_t,le,0.033234262
MB,2025,T_LDV_LTF_GSL_EX,T_D_tkm_ldv_t,le,0.033234262
MB,2025,T_LDV_LTF_GSL_HEV_N,T_D_tkm_ldv_t,le,0.033234262
MB,2025,T_LDV_LTF_GSL_N,T_D_tkm_ldv_t,le,0.033234262
MB,2025,T_LDV_LTF_GSL_PHEV35_EX,T_D_tkm_ldv_t,le,0.033234262
MB,2025,T_LDV_LTF_GSL_PHEV35_N,T_D_tkm_ldv_t,le,0.033234262
MB,2025,T_LDV_LTF_GSL_PHEV50_N,T_D_tkm_ldv_t,le,0.033234262
MB,2025,T_LDV_LTP_BEV150_N,T_D_pkm_ldv_t,le,0.017073488
MB,2025,T_LDV_LTP_BEV200_N,T_D_pkm_ldv_t,le,0.017073488
MB,2025,T_LDV_LTP_BEV300_EX,T_D_pkm_ldv_t,le,0.017073488
MB,2025,T_LDV_LTP_BEV300_N,T_D_pkm_ldv_t,le,0.017073488
MB,2025,T_LDV_LTP_BEV400_N,T_D_pkm_ldv_t,le,0.017073488
MB,2025,T_LDV_LTP_CNG_N,T_D_pkm_ldv_t,le,0.017073488
MB,2025,T_LDV_LTP_DSL_EX,T_D_pkm_ldv_t,le,0.017073488
MB,2025,T_LDV_LTP_DSL_N,T_D_pkm_ldv_t,le,0.017073488
MB,2025,T_LDV_LTP_FCEV400_N,T_D_pkm_ldv_t,le,0.017073488
MB,2025,T_LDV_LTP_GSL_EX,T_D_pkm_ldv_t,le,0.017073488
MB,2025,T_LDV_LTP_GSL_HEV_EX,T_D_pkm_ldv_t,le,0.017073488
MB,2025,T_LDV_LTP_GSL_HEV_N,T_D_pkm_ldv_t,le,0.017073488
MB,2025,T_LDV_LTP_GSL_N,T_D_pkm_ldv_t,le,0.017073488
MB,2025,T_LDV_LTP_GSL_PHEV35_EX,T_D_pkm_ldv_t,le,0.017073488
MB,2025,T_LDV_LTP_GSL_PHEV35_N,T_D_pkm_ldv_t,le,0.017073488
MB,2025,T_LDV_LTP_GSL_PHEV50_N,T_D_pkm_ldv_t,le,0.017073488
MB,2030,T_LDV_C_BEV150_EX,T_D_pkm_ldv_c,le,0.021028602
MB,2030,T_LDV_C_BEV150_N,T_D_pkm_ldv_c,le,0.021028602
MB,2030,T_LDV_C_BEV200_N,T_D_pkm_ldv_c,le,0.021028602
MB,2030,T_LDV_C_BEV300_N,T_D_pkm_ldv_c,le,0.021028602
MB,2030,T_LDV_C_BEV400_N,T_D_pkm_ldv_c,le,0.021028602
MB,2030,T_LDV_C_CNG_N,T_D_pkm_ldv_c,le,0.021028602
MB,2030,T_LDV_C_DSL_EX,T_D_pkm_ldv_c,le,0.021028602
MB,2030,T_LDV_C_DSL_N,T_D_pkm_ldv_c,le,0.021028602
MB,2030,T_LDV_C_FCEV400_N,T_D_pkm_ldv_c,le,0.021028602
MB,2030,T_LDV_C_GSL_EX,T_D_pkm_ldv_c,le,0.021028602
MB,2030,T_LDV_C_GSL_HEV_EX,T_D_pkm_ldv_c,le,0.021028602
MB,2030,T_LDV_C_GSL_HEV_N,T_D_pkm_ldv_c,le,0.021028602
MB,2030,T_LDV_C_GSL_N,T_D_pkm_ldv_c,le,0.021028602
MB,2030,T_LDV_C_GSL_PHEV35_EX,T_D_pkm_ldv_c,le,0.021028602
MB,2030,T_LDV_C_GSL_PHEV35_N,T_D_pkm_ldv_c,le,0.021028602
MB,2030,T_LDV_C_GSL_PHEV50_N,T_D_pkm_ldv_c,le,0.021028602
MB,2030,T_LDV_LTF_BEV150_N,T_D_tkm_ldv_t,le,0.036457652
MB,2030,T_LDV_LTF_BEV200_N,T_D_tkm_ldv_t,le,0.036457652
MB,2030,T_LDV_LTF_BEV300_N,T_D_tkm_ldv_t,le,0.036457652
MB,2030,T_LDV_LTF_BEV400_N,T_D_tkm_ldv_t,le,0.036457652
MB,2030,T_LDV_LTF_CNG_N,T_D_tkm_ldv_t,le,0.036457652
MB,2030,T_LDV_LTF_DSL_EX,T_D_tkm_ldv_t,le,0.036457652
MB,2030,T_LDV_LTF_DSL_N,T_D_tkm_ldv_t,le,0.036457652
MB,2030,T_LDV_LTF_FCEV400_N,T_D_tkm_ldv_t,le,0.036457652
MB,2030,T_LDV_LTF_GSL_EX,T_D_tkm_ldv_t,le,0.036457652
MB,2030,T_LDV_LTF_GSL_HEV_N,T_D_tkm_ldv_t,le,0.036457652
MB,2030,T_LDV_LTF_GSL_N,T_D_tkm_ldv_t,le,0.036457652
MB,2030,T_LDV_LTF_GSL_PHEV35_EX,T_D_tkm_ldv_t,le,0.036457652
MB,2030,T_LDV_LTF_GSL_PHEV35_N,T_D_tkm_ldv_t,le,0.036457652
MB,2030,T_LDV_LTF_GSL_PHEV50_N,T_D_tkm_ldv_t,le,0.036457652
MB,2030,T_LDV_LTP_BEV150_N,T_D_pkm_ldv_t,le,0.018757299
MB,2030,T_LDV_LTP_BEV200_N,T_D_pkm_ldv_t,le,0.018757299
MB,2030,T_LDV_LTP_BEV300_EX,T_D_pkm_ldv_t,le,0.018757299
MB,2030,T_LDV_LTP_BEV300_N,T_D_pkm_ldv_t,le,0.018757299
MB,2030,T_LDV_LTP_BEV400_N,T_D_pkm_ldv_t,le,0.018757299
MB,2030,T_LDV_LTP_CNG_N,T_D_pkm_ldv_t,le,0.018757299
MB,2030,T_LDV_LTP_DSL_EX,T_D_pkm_ldv_t,le,0.018757299
MB,2030,T_LDV_LTP_DSL_N,T_D_pkm_ldv_t,le,0.018757299
MB,2030,T_LDV_LTP_FCEV400_N,T_D_pkm_ldv_t,le,0.018757299
MB,2030,T_LDV_LTP_GSL_EX,T_D_pkm_ldv_t,le,0.018757299
MB,2030,T_LDV_LTP_GSL_HEV_EX,T_D_pkm_ldv_t,le,0.018757299
MB,2030,T_LDV_LTP_GSL_HEV_N,T_D_pkm_ldv_t,le,0.018757299
MB,2030,T_LDV_LTP_GSL_N,T_D_pkm_ldv_t,le,0.018757299
MB,2030,T_LDV_LTP_GSL_PHEV35_EX,T_D_pkm_ldv_t,le,0.018757299
MB,2030,T_LDV_LTP_GSL_PHEV35_N,T_D_pkm_ldv_t,le,0.018757299
MB,2030,T_LDV_LTP_GSL_PHEV50_N,T_D_pkm_ldv_t,le,0.018757299
MB,2035,T_LDV_C_BEV150_N,T_D_pkm_ldv_c,le,0.021028602
MB,2035,T_LDV_C_BEV200_N,T_D_pkm_ldv_c,le,0.021028602
MB,2035,T_LDV_C_BEV300_N,T_D_pkm_ldv_c,le,0.021028602
MB,2035,T_LDV_C_BEV400_N,T_D_pkm_ldv_c,le,0.021028602
MB,2035,T_LDV_C_CNG_N,T_D_pkm_ldv_c,le,0.021028602
MB,2035,T_LDV_C_DSL_N,T_D_pkm_ldv_c,le,0.021028602
MB,2035,T_LDV_C_FCEV400_N,T_D_pkm_ldv_c,le,0.021028602
MB,2035,T_LDV_C_GSL_HEV_N,T_D_pkm_ldv_c,le,0.021028602
MB,2035,T_LDV_C_GSL_N,T_D_pkm_ldv_c,le,0.021028602
MB,2035,T_LDV_C_GSL_PHEV35_N,T_D_pkm_ldv_c,le,0.021028602
MB,2035,T_LDV_C_GSL_PHEV50_N,T_D_pkm_ldv_c,le,0.021028602
MB,2035,T_LDV_LTF_BEV150_N,T_D_tkm_ldv_t,le,0.036457652
MB,2035,T_LDV_LTF_BEV200_N,T_D_tkm_ldv_t,le,0.036457652
MB,2035,T_LDV_LTF_BEV300_N,T_D_tkm_ldv_t,le,0.036457652
MB,2035,T_LDV_LTF_BEV400_N,T_D_tkm_ldv_t,le,0.036457652
MB,2035,T_LDV_LTF_CNG_N,T_D_tkm_ldv_t,le,0.036457652
MB,2035,T_LDV_LTF_DSL_EX,T_D_tkm_ldv_t,le,0.036457652
MB,2035,T_LDV_LTF_DSL_N,T_D_tkm_ldv_t,le,0.036457652
MB,2035,T_LDV_LTF_FCEV400_N,T_D_tkm_ldv_t,le,0.036457652
MB,2035,T_LDV_LTF_GSL_EX,T_D_tkm_ldv_t,le,0.036457652
MB,2035,T_LDV_LTF_GSL_HEV_N,T_D_tkm_ldv_t,le,0.036457652
MB,2035,T_LDV_LTF_GSL_N,T_D_tkm_ldv_t,le,0.036457652
MB,2035,T_LDV_LTF_GSL_PHEV35_EX,T_D_tkm_ldv_t,le,0.036457652
MB,2035,T_LDV_LTF_GSL_PHEV35_N,T_D_tkm_ldv_t,le,0.036457652
MB,2035,T_LDV_LTF_GSL_PHEV50_N,T_D_tkm_ldv_t,le,0.036457652
MB,2035,T_LDV_LTP_BEV150_N,T_D_pkm_ldv_t,le,0.018757299
MB,2035,T_LDV_LTP_BEV200_N,T_D_pkm_ldv_t,le,0.018757299
MB,2035,T_LDV_LTP_BEV300_EX,T_D_pkm_ldv_t,le,0.018757299
MB,2035,T_LDV_LTP_BEV300_N,T_D_pkm_ldv_t,le,0.018757299
MB,2035,T_LDV_LTP_BEV400_N,T_D_pkm_ldv_t,le,0.018757299
MB,2035,T_LDV_LTP_CNG_N,T_D_pkm_ldv_t,le,0.018757299
MB,2035,T_LDV_LTP_DSL_EX,T_D_pkm_ldv_t,le,0.018757299
MB,2035,T_LDV_LTP_DSL_N,T_D_pkm_ldv_t,le,0.018757299
MB,2035,T_LDV_LTP_FCEV400_N,T_D_pkm_ldv_t,le,0.018757299
MB,2035,T_LDV_LTP_GSL_EX,T_D_pkm_ldv_t,le,0.018757299
MB,2035,T_LDV_LTP_GSL_HEV_EX,T_D_pkm_ldv_t,le,0.018757299
MB,2035,T_LDV_LTP_GSL_HEV_N,T_D_pkm_ldv_t,le,0.018757299
MB,2035,T_LDV_LTP_GSL_N,T_D_pkm_ldv_t,le,0.018757299
MB,2035,T_LDV_LTP_GSL_PHEV35_EX,T_D_pkm_ldv_t,le,0.018757299
MB,2035,T_LDV_LTP_GSL_PHEV35_N,T_D_pkm_ldv_t,le,0.018757299
MB,2035,T_LDV_LTP_GSL_PHEV50_N,T_D_pkm_ldv_t,le,0.018757299
MB,2040,T_LDV_C_BEV150_N,T_D_pkm_ldv_c,le,0.021028602
MB,2040,T_LDV_C_BEV200_N,T_D_pkm_ldv_c,le,0.021028602
MB,2040,T_LDV_C_BEV300_N,T_D_pkm_ldv_c,le,0.021028602
MB,2040,T_LDV_C_BEV400_N,T_D_pkm_ldv_c,le,0.021028602
MB,2040,T_LDV_C_CNG_N,T_D_pkm_ldv_c,le,0.021028602
MB,2040,T_LDV_C_DSL_N,T_D_pkm_ldv_c,le,0.021028602
MB,2040,T_LDV_C_FCEV400_N,T_D_pkm_ldv_c,le,0.021028602
MB,2040,T_LDV_C_GSL_HEV_N,T_D_pkm_ldv_c,le,0.021028602
MB,2040,T_LDV_C_GSL_N,T_D_pkm_ldv_c,le,0.021028602
MB,2040,T_LDV_C_GSL_PHEV35_N,T_D_pkm_ldv_c,le,0.021028602
MB,2040,T_LDV_C_GSL_PHEV50_N,T_D_pkm_ldv_c,le,0.021028602
MB,2040,T_LDV_LTF_BEV150_N,T_D_tkm_ldv_t,le,0.036457652
MB,2040,T_LDV_LTF_BEV200_N,T_D_tkm_ldv_t,le,0.036457652
MB,2040,T_LDV_LTF_BEV300_N,T_D_tkm_ldv_t,le,0.036457652
MB,2040,T_LDV_LTF_BEV400_N,T_D_tkm_ldv_t,le,0.036457652
MB,2040,T_LDV_LTF_CNG_N,T_D_tkm_ldv_t,le,0.036457652
MB,2040,T_LDV_LTF_DSL_N,T_D_tkm_ldv_t,le,0.036457652
MB,2040,T_LDV_LTF_FCEV400_N,T_D_tkm_ldv_t,le,0.036457652
MB,2040,T_LDV_LTF_GSL_HEV_N,T_D_tkm_ldv_t,le,0.036457652
MB,2040,T_LDV_LTF_GSL_N,T_D_tkm_ldv_t,le,0.036457652
MB,2040,T_LDV_LTF_GSL_PHEV35_N,T_D_tkm_ldv_t,le,0.036457652
MB,2040,T_LDV_LTF_GSL_PHEV50_N,T_D_tkm_ldv_t,le,0.036457652
MB,2040,T_LDV_LTP_BEV150_N,T_D_pkm_ldv_t,le,0.018757299
MB,2040,T_LDV_LTP_BEV200_N,T_D_pkm_ldv_t,le,0.018757299
MB,2040,T_LDV_LTP_BEV300_N,T_D_pkm_ldv_t,le,0.018757299
MB,2040,T_LDV_LTP_BEV400_N,T_D_pkm_ldv_t,le,0.018757299
MB,2040,T_LDV_LTP_CNG_N,T_D_pkm_ldv_t,le,0.018757299
MB,2040,T_LDV_LTP_DSL_N,T_D_pkm_ldv_t,le,0.018757299
MB,2040,T_LDV_LTP_FCEV400_N,T_D_pkm_ldv_t,le,0.018757299
MB,2040,T_LDV_LTP_GSL_HEV_N,T_D_pkm_ldv_t,le,0.018757299
MB,2040,T_LDV_LTP_GSL_N,T_D_pkm_ldv_t,le,0.018757299
MB,2040,T_LDV_LTP_GSL_PHEV35_N,T_D_pkm_ldv_t,le,0.018757299
MB,2040,T_LDV_LTP_GSL_PHEV50_N,T_D_pkm_ldv_t,le,0.018757299
MB,2045,T_LDV_C_BEV150_N,T_D_pkm_ldv_c,le,0.021028602
MB,2045,T_LDV_C_BEV200_N,T_D_pkm_ldv_c,le,0.021028602
MB,2045,T_LDV_C_BEV300_N,T_D_pkm_ldv_c,le,0.021028602
MB,2045,T_LDV_C_BEV400_N,T_D_pkm_ldv_c,le,0.021028602
MB,2045,T_LDV_C_CNG_N,T_D_pkm_ldv_c,le,0.021028602
MB,2045,T_LDV_C_DSL_N,T_D_pkm_ldv_c,le,0.021028602
MB,2045,T_LDV_C_FCEV400_N,T_D_pkm_ldv_c,le,0.021028602
MB,2045,T_LDV_C_GSL_HEV_N,T_D_pkm_ldv_c,le,0.021028602
MB,2045,T_LDV_C_GSL_N,T_D_pkm_ldv_c,le,0.021028602
MB,2045,T_LDV_C_GSL_PHEV35_N,T_D_pkm_ldv_c,le,0.021028602
MB,2045,T_LDV_C_GSL_PHEV50_N,T_D_pkm_ldv_c,le,0.021028602
MB,2045,T_LDV_LTF_BEV150_N,T_D_tkm_ldv_t,le,0.036457652
MB,2045,T_LDV_LTF_BEV200_N,T_D_tkm_ldv_t,le,0.036457652
MB,2045,T_LDV_LTF_BEV300_N,T_D_tkm_ldv_t,le,0.036457652
MB,2045,T_LDV_LTF_BEV400_N,T_D_tkm_ldv_t,le,0.036457652
MB,2045,T_LDV_LTF_CNG_N,T_D_tkm_ldv_t,le,0.036457652
MB,2045,T_LDV_LTF_DSL_N,T_D_tkm_ldv_t,le,0.036457652
MB,2045,T_LDV_LTF_FCEV400_N,T_D_tkm_ldv_t,le,0.036457652
MB,2045,T_LDV_LTF_GSL_HEV_N,T_D_tkm_ldv_t,le,0.036457652
MB,2045,T_LDV_LTF_GSL_N,T_D_tkm_ldv_t,le,0.036457652
MB,2045,T_LDV_LTF_GSL_PHEV35_N,T_D_tkm_ldv_t,le,0.036457652
MB,2045,T_LDV_LTF_GSL_PHEV50_N,T_D_tkm_ldv_t,le,0.036457652
MB,2045,T_LDV_LTP_BEV150_N,T_D_pkm_ldv_t,le,0.018757299
MB,2045,T_LDV_LTP_BEV200_N,T_D_pkm_ldv_t,le,0.018757299
MB,2045,T_LDV_LTP_BEV300_N,T_D_pkm_ldv_t,le,0.018757299
MB,2045,T_LDV_LTP_BEV400_N,T_D_pkm_ldv_t,le,0.018757299
MB,2045,T_LDV_LTP_CNG_N,T_D_pkm_ldv_t,le,0.018757299
MB,2045,T_LDV_LTP_DSL_N,T_D_pkm_ldv_t,le,0.018757299
MB,2045,T_LDV_LTP_FCEV400_N,T_D_pkm_ldv_t,le,0.018757299
MB,2045,T_LDV_LTP_GSL_HEV_N,T_D_pkm_ldv_t,le,0.018757299
MB,2045,T_LDV_LTP_GSL_N,T_D_pkm_ldv_t,le,0.018757299
MB,2045,T_LDV_LTP_GSL_PHEV35_N,T_D_pkm_ldv_t,le,0.018757299
MB,2045,T_LDV_LTP_GSL_PHEV50_N,T_D_pkm_ldv_t,le,0.018757299
MB,2050,T_LDV_C_BEV150_N,T_D_pkm_ldv_c,le,0.021028602
MB,2050,T_LDV_C_BEV200_N,T_D_pkm_ldv_c,le,0.021028602
MB,2050,T_LDV_C_BEV300_N,T_D_pkm_ldv_c,le,0.021028602
MB,2050,T_LDV_C_BEV400_N,T_D_pkm_ldv_c,le,0.021028602
MB,2050,T_LDV_C_CNG_N,T_D_pkm_ldv_c,le,0.021028602
MB,2050,T_LDV_C_DSL_N,T_D_pkm_ldv_c,le,0.021028602
MB,2050,T_LDV_C_FCEV400_N,T_D_pkm_ldv_c,le,0.021028602
MB,2050,T_LDV_C_GSL_HEV_N,T_D_pkm_ldv_c,le,0.021028602
MB,2050,T_LDV_C_GSL_N,T_D_pkm_ldv_c,le,0.021028602
MB,2050,T_LDV_C_GSL_PHEV35_N,T_D_pkm_ldv_c,le,0.021028602
MB,2050,T_LDV_C_GSL_PHEV50_N,T_D_pkm_ldv_c,le,0.021028602
MB,2050,T_LDV_LTF_BEV150_N,T_D_tkm_ldv_t,le,0.036457652
MB,2050,T_LDV_LTF_BEV200_N,T_D_tkm_ldv_t,le,0.036457652
MB,2050,T_LDV_LTF_BEV300_N,T_D_tkm_ldv_t,le,0.036457652
MB,2050,T_LDV_LTF_BEV400_N,T_D_tkm_ldv_t,le,0.036457652
MB,2050,T_LDV_LTF_CNG_N,T_D_tkm_ldv_t,le,0.036457652
MB,2050,T_LDV_LTF_DSL_N,T_D_tkm_ldv_t,le,0.036457652
MB,2050,T_LDV_LTF_FCEV400_N,T_D_tkm_ldv_t,le,0.036457652
MB,2050,T_LDV_LTF_GSL_HEV_N,T_D_tkm_ldv_t,le,0.036457652
MB,2050,T_LDV_LTF_GSL_N,T_D_tkm_ldv_t,le,0.036457652
MB,2050,T_LDV_LTF_GSL_PHEV35_N,T_D_tkm_ldv_t,le,0.036457652
MB,2050,T_LDV_LTF_GSL_PHEV50_N,T_D_tkm_ldv_t,le,0.036457652
MB,2050,T_LDV_LTP_BEV150_N,T_D_pkm_ldv_t,le,0.018757299
MB,2050,T_LDV_LTP_BEV200_N,T_D_pkm_ldv_t,le,0.018757299
MB,2050,T_LDV_LTP_BEV300_N,T_D_pkm_ldv_t,le,0.018757299
MB,2050,T_LDV_LTP_BEV400_N,T_D_pkm_ldv_t,le,0.018757299
MB,2050,T_LDV_LTP_CNG_N,T_D_pkm_ldv_t,le,0.018757299
MB,2050,T_LDV_LTP_DSL_N,T_D_pkm_ldv_t,le,0.018757299
MB,2050,T_LDV_LTP_FCEV400_N,T_D_pkm_ldv_t,le,0.018757299
MB,2050,T_LDV_LTP_GSL_HEV_N,T_D_pkm_ldv_t,le,0.018757299
MB,2050,T_LDV_LTP_GSL_N,T_D_pkm_ldv_t,le,0.018757299
MB,2050,T_LDV_LTP_GSL_PHEV35_N,T_D_pkm_ldv_t,le,0.018757299
MB,2050,T_LDV_LTP_GSL_PHEV50_N,T_D_pkm_ldv_t,le,0.018757299
NB,2025,T_HDV_T_BEV_N,T_D_tkm_hdv_t,le,0.207244942
NB,2025,T_HDV_T_DSL_EX,T_D_tkm_hdv_t,le,0.207244942
NB,2025,T_HDV_T_DSL_HEV_N,T_D_tkm_hdv_t,le,0.207244942
NB,2025,T_HDV_T_DSL_N,T_D_tkm_hdv_t,le,0.207244942
NB,2025,T_HDV_T_DSL_PHEV_N,T_D_tkm_hdv_t,le,0.207244942
NB,2025,T_HDV_T_FCEV_N,T_D_tkm_hdv_t,le,0.207244942
NB,2025,T_HDV_T_FCHEV_N,T_D_tkm_hdv_t,le,0.207244942
NB,2025,T_LDV_LTF_BEV150_N,T_D_tkm_ldv_t,le,0.033234262
NB,2025,T_LDV_LTF_BEV200_N,T_D_tkm_ldv_t,le,0.033234262
NB,2025,T_LDV_LTF_BEV300_N,T_D_tkm_ldv_t,le,0.033234262
NB,2025,T_LDV_LTF_BEV400_N,T_D_tkm_ldv_t,le,0.033234262
NB,2025,T_LDV_LTF_CNG_N,T_D_tkm_ldv_t,le,0.033234262
NB,2025,T_LDV_LTF_DSL_EX,T_D_tkm_ldv_t,le,0.033234262
NB,2025,T_LDV_LTF_DSL_N,T_D_tkm_ldv_t,le,0.033234262
NB,2025,T_LDV_LTF_FCEV400_N,T_D_tkm_ldv_t,le,0.033234262
NB,2025,T_LDV_LTF_GSL_EX,T_D_tkm_ldv_t,le,0.033234262
NB,2025,T_LDV_LTF_GSL_HEV_EX,T_D_tkm_ldv_t,le,0.033234262
NB,2025,T_LDV_LTF_GSL_HEV_N,T_D_tkm_ldv_t,le,0.033234262
NB,2025,T_LDV_LTF_GSL_N,T_D_tkm_ldv_t,le,0.033234262
NB,2025,T_LDV_LTF_GSL_PHEV35_EX,T_D_tkm_ldv_t,le,0.033234262
NB,2025,T_LDV_LTF_GSL_PHEV35_N,T_D_tkm_ldv_t,le,0.033234262
NB,2025,T_LDV_LTF_GSL_PHEV50_N,T_D_tkm_ldv_t,le,0.033234262
NB,2025,T_MDV_T_BEV_N,T_D_tkm_mdv_t,le,0.026242254
NB,2025,T_MDV_T_DSL_EX,T_D_tkm_mdv_t,le,0.026242254
NB,2025,T_MDV_T_DSL_HEV_N,T_D_tkm_mdv_t,le,0.026242254
NB,2025,T_MDV_T_DSL_N,T_D_tkm_mdv_t,le,0.026242254
NB,2025,T_MDV_T_DSL_PHEV_N,T_D_tkm_mdv_t,le,0.026242254
NB,2025,T_MDV_T_FCEV_N,T_D_tkm_mdv_t,le,0.026242254
NB,2025,T_MDV_T_FCHEV_N,T_D_tkm_mdv_t,le,0.026242254
NB,2025,T_MDV_T_GSL_EX,T_D_tkm_mdv_t,le,0.039363381
NB,2025,T_MDV_T_GSL_N,T_D_tkm_mdv_t,le,0.039363381
NB,2030,T_HDV_T_BEV_N,T_D_tkm_hdv_t,le,0.22340348
NB,2030,T_HDV_T_DSL_EX,T_D_tkm_hdv_t,le,0.22340348
NB,2030,T_HDV_T_DSL_HEV_N,T_D_tkm_hdv_t,le,0.22340348
NB,2030,T_HDV_T_DSL_N,T_D_tkm_hdv_t,le,0.22340348
NB,2030,T_HDV_T_DSL_PHEV_N,T_D_tkm_hdv_t,le,0.22340348
NB,2030,T_HDV_T_FCEV_N,T_D_tkm_hdv_t,le,0.22340348
NB,2030,T_HDV_T_FCHEV_N,T_D_tkm_hdv_t,le,0.22340348
NB,2030,T_LDV_LTF_BEV150_N,T_D_tkm_ldv_t,le,0.036457652
NB,2030,T_LDV_LTF_BEV200_N,T_D_tkm_ldv_t,le,0.036457652
NB,2030,T_LDV_LTF_BEV300_N,T_D_tkm_ldv_t,le,0.036457652
NB,2030,T_LDV_LTF_BEV400_N,T_D_tkm_ldv_t,le,0.036457652
NB,2030,T_LDV_LTF_CNG_N,T_D_tkm_ldv_t,le,0.036457652
NB,2030,T_LDV_LTF_DSL_EX,T_D_tkm_ldv_t,le,0.036457652
NB,2030,T_LDV_LTF_DSL_N,T_D_tkm_ldv_t,le,0.036457652
NB,2030,T_LDV_LTF_FCEV400_N,T_D_tkm_ldv_t,le,0.036457652
NB,2030,T_LDV_LTF_GSL_EX,T_D_tkm_ldv_t,le,0.036457652
NB,2030,T_LDV_LTF_GSL_HEV_EX,T_D_tkm_ldv_t,le,0.036457652
NB,2030,T_LDV_LTF_GSL_HEV_N,T_D_tkm_ldv_t,le,0.036457652
NB,2030,T_LDV_LTF_GSL_N,T_D_tkm_ldv_t,le,0.036457652
NB,2030,T_LDV_LTF_GSL_PHEV35_EX,T_D_tkm_ldv_t,le,0.036457652
NB,2030,T_LDV_LTF_GSL_PHEV35_N,T_D_tkm_ldv_t,le,0.036457652
NB,2030,T_LDV_LTF_GSL_PHEV50_N,T_D_tkm_ldv_t,le,0.036457652
NB,2030,T_MDV_T_BEV_N,T_D_tkm_mdv_t,le,0.027680639
NB,2030,T_MDV_T_DSL_EX,T_D_tkm_mdv_t,le,0.027680639
NB,2030,T_MDV_T_DSL_HEV_N,T_D_tkm_mdv_t,le,0.027680639
NB,2030,T_MDV_T_DSL_N,T_D_tkm_mdv_t,le,0.027680639
NB,2030,T_MDV_T_DSL_PHEV_N,T_D_tkm_mdv_t,le,0.027680639
NB,2030,T_MDV_T_FCEV_N,T_D_tkm_mdv_t,le,0.027680639
NB,2030,T_MDV_T_FCHEV_N,T_D_tkm_mdv_t,le,0.027680639
NB,2030,T_MDV_T_GSL_EX,T_D_tkm_mdv_t,le,0.041520959
NB,2030,T_MDV_T_GSL_N,T_D_tkm_mdv_t,le,0.041520959
NB,2035,T_HDV_T_BEV_N,T_D_tkm_hdv_t,le,0.22340348
NB,2035,T_HDV_T_DSL_EX,T_D_tkm_hdv_t,le,0.22340348
NB,2035,T_HDV_T_DSL_HEV_N,T_D_tkm_hdv_t,le,0.22340348
NB,2035,T_HDV_T_DSL_N,T_D_tkm_hdv_t,le,0.22340348
NB,2035,T_HDV_T_DSL_PHEV_N,T_D_tkm_hdv_t,le,0.22340348
NB,2035,T_HDV_T_FCEV_N,T_D_tkm_hdv_t,le,0.22340348
NB,2035,T_HDV_T_FCHEV_N,T_D_tkm_hdv_t,le,0.22340348
NB,2035,T_LDV_LTF_BEV150_N,T_D_tkm_ldv_t,le,0.036457652
NB,2035,T_LDV_LTF_BEV200_N,T_D_tkm_ldv_t,le,0.036457652
NB,2035,T_LDV_LTF_BEV300_N,T_D_tkm_ldv_t,le,0.036457652
NB,2035,T_LDV_LTF_BEV400_N,T_D_tkm_ldv_t,le,0.036457652
NB,2035,T_LDV_LTF_CNG_N,T_D_tkm_ldv_t,le,0.036457652
NB,2035,T_LDV_LTF_DSL_EX,T_D_tkm_ldv_t,le,0.036457652
NB,2035,T_LDV_LTF_DSL_N,T_D_tkm_ldv_t,le,0.036457652
NB,2035,T_LDV_LTF_FCEV400_N,T_D_tkm_ldv_t,le,0.036457652
NB,2035,T_LDV_LTF_GSL_EX,T_D_tkm_ldv_t,le,0.036457652
NB,2035,T_LDV_LTF_GSL_HEV_N,T_D_tkm_ldv_t,le,0.036457652
NB,2035,T_LDV_LTF_GSL_N,T_D_tkm_ldv_t,le,0.036457652
NB,2035,T_LDV_LTF_GSL_PHEV35_EX,T_D_tkm_ldv_t,le,0.036457652
NB,2035,T_LDV_LTF_GSL_PHEV35_N,T_D_tkm_ldv_t,le,0.036457652
NB,2035,T_LDV_LTF_GSL_PHEV50_N,T_D_tkm_ldv_t,le,0.036457652
NB,2035,T_MDV_T_BEV_N,T_D_tkm_mdv_t,le,0.027680639
NB,2035,T_MDV_T_DSL_EX,T_D_tkm_mdv_t,le,0.027680639
NB,2035,T_MDV_T_DSL_HEV_N,T_D_tkm_mdv_t,le,0.027680639
NB,2035,T_MDV_T_DSL_N,T_D_tkm_mdv_t,le,0.027680639
NB,2035,T_MDV_T_DSL_PHEV_N,T_D_tkm_mdv_t,le,0.027680639
NB,2035,T_MDV_T_FCEV_N,T_D_tkm_mdv_t,le,0.027680639
NB,2035,T_MDV_T_FCHEV_N,T_D_tkm_mdv_t,le,0.027680639
NB,2035,T_MDV_T_GSL_EX,T_D_tkm_mdv_t,le,0.041520959
NB,2035,T_MDV_T_GSL_N,T_D_tkm_mdv_t,le,0.041520959
NB,2040,T_HDV_T_BEV_N,T_D_tkm_hdv_t,le,0.22340348
NB,2040,T_HDV_T_DSL_HEV_N,T_D_tkm_hdv_t,le,0.22340348
NB,2040,T_HDV_T_DSL_N,T_D_tkm_hdv_t,le,0.22340348
NB,2040,T_HDV_T_DSL_PHEV_N,T_D_tkm_hdv_t,le,0.22340348
NB,2040,T_HDV_T_FCEV_N,T_D_tkm_hdv_t,le,0.22340348
NB,2040,T_HDV_T_FCHEV_N,T_D_tkm_hdv_t,le,0.22340348
NB,2040,T_LDV_LTF_BEV150_N,T_D_tkm_ldv_t,le,0.036457652
NB,2040,T_LDV_LTF_BEV200_N,T_D_tkm_ldv_t,le,0.036457652
NB,2040,T_LDV_LTF_BEV300_N,T_D_tkm_ldv_t,le,0.036457652
NB,2040,T_LDV_LTF_BEV400_N,T_D_tkm_ldv_t,le,0.036457652
NB,2040,T_LDV_LTF_CNG_N,T_D_tkm_ldv_t,le,0.036457652
NB,2040,T_LDV_LTF_DSL_N,T_D_tkm_ldv_t,le,0.036457652
NB,2040,T_LDV_LTF_FCEV400_N,T_D_tkm_ldv_t,le,0.036457652
NB,2040,T_LDV_LTF_GSL_HEV_N,T_D_tkm_ldv_t,le,0.036457652
NB,2040,T_LDV_LTF_GSL_N,T_D_tkm_ldv_t,le,0.036457652
NB,2040,T_LDV_LTF_GSL_PHEV35_N,T_D_tkm_ldv_t,le,0.036457652
NB,2040,T_LDV_LTF_GSL_PHEV50_N,T_D_tkm_ldv_t,le,0.036457652
NB,2040,T_MDV_T_BEV_N,T_D_tkm_mdv_t,le,0.027680639
NB,2040,T_MDV_T_DSL_HEV_N,T_D_tkm_mdv_t,le,0.027680639
NB,2040,T_MDV_T_DSL_N,T_D_tkm_mdv_t,le,0.027680639
NB,2040,T_MDV_T_DSL_PHEV_N,T_D_tkm_mdv_t,le,0.027680639
NB,2040,T_MDV_T_FCEV_N,T_D_tkm_mdv_t,le,0.027680639
NB,2040,T_MDV_T_FCHEV_N,T_D_tkm_mdv_t,le,0.027680639
NB,2040,T_MDV_T_GSL_N,T_D_tkm_mdv_t,le,0.041520959
NB,2045,T_HDV_T_BEV_N,T_D_tkm_hdv_t,le,0.22340348
NB,2045,T_HDV_T_DSL_HEV_N,T_D_tkm_hdv_t,le,0.22340348
NB,2045,T_HDV_T_DSL_N,T_D_tkm_hdv_t,le,0.22340348
NB,2045,T_HDV_T_DSL_PHEV_N,T_D_tkm_hdv_t,le,0.22340348
NB,2045,T_HDV_T_FCEV_N,T_D_tkm_hdv_t,le,0.22340348
NB,2045,T_HDV_T_FCHEV_N,T_D_tkm_hdv_t,le,0.22340348
NB,2045,T_LDV_LTF_BEV150_N,T_D_tkm_ldv_t,le,0.036457652
NB,2045,T_LDV_LTF_BEV200_N,T_D_tkm_ldv_t,le,0.036457652
NB,2045,T_LDV_LTF_BEV300_N,T_D_tkm_ldv_t,le,0.036457652
NB,2045,T_LDV_LTF_BEV400_N,T_D_tkm_ldv_t,le,0.036457652
NB,2045,T_LDV_LTF_CNG_N,T_D_tkm_ldv_t,le,0.036457652
NB,2045,T_LDV_LTF_DSL_N,T_D_tkm_ldv_t,le,0.036457652
NB,2045,T_LDV_LTF_FCEV400_N,T_D_tkm_ldv_t,le,0.036457652
NB,2045,T_LDV_LTF_GSL_HEV_N,T_D_tkm_ldv_t,le,0.036457652
NB,2045,T_LDV_LTF_GSL_N,T_D_tkm_ldv_t,le,0.036457652
NB,2045,T_LDV_LTF_GSL_PHEV35_N,T_D_tkm_ldv_t,le,0.036457652
NB,2045,T_LDV_LTF_GSL_PHEV50_N,T_D_tkm_ldv_t,le,0.036457652
NB,2045,T_MDV_T_BEV_N,T_D_tkm_mdv_t,le,0.027680639
NB,2045,T_MDV_T_DSL_HEV_N,T_D_tkm_mdv_t,le,0.027680639
NB,2045,T_MDV_T_DSL_N,T_D_tkm_mdv_t,le,0.027680639
NB,2045,T_MDV_T_DSL_PHEV_N,T_D_tkm_mdv_t,le,0.027680639
NB,2045,T_MDV_T_FCEV_N,T_D_tkm_mdv_t,le,0.027680639
NB,2045,T_MDV_T_FCHEV_N,T_D_tkm_mdv_t,le,0.027680639
NB,2045,T_MDV_T_GSL_N,T_D_tkm_mdv_t,le,0.041520959
NB,2050,T_HDV_T_BEV_N,T_D_tkm_hdv_t,le,0.22340348
NB,2050,T_HDV_T_DSL_HEV_N,T_D_tkm_hdv_t,le,0.22340348
NB,2050,T_HDV_T_DSL_N,T_D_tkm_hdv_t,le,0.22340348
NB,2050,T_HDV_T_DSL_PHEV_N,T_D_tkm_hdv_t,le,0.22340348
NB,2050,T_HDV_T_FCEV_N,T_D_tkm_hdv_t,le,0.22340348
NB,2050,T_HDV_T_FCHEV_N,T_D_tkm_hdv_t,le,0.22340348
NB,2050,T_LDV_LTF_BEV150_N,T_D_tkm_ldv_t,le,0.036457652
NB,2050,T_LDV_LTF_BEV200_N,T_D_tkm_ldv_t,le,0.036457652
NB,2050,T_LDV_LTF_BEV300_N,T_D_tkm_ldv_t,le,0.036457652
NB,2050,T_LDV_LTF_BEV400_N,T_D_tkm_ldv_t,le,0.036457652
NB,2050,T_LDV_LTF_CNG_N,T_D_tkm_ldv_t,le,0.036457652
NB,2050,T_LDV_LTF_DSL_N,T_D_tkm_ldv_t,le,0.036457652
NB,2050,T_LDV_LTF_FCEV400_N,T_D_tkm_ldv_t,le,0.036457652
NB,2050,T_LDV_LTF_GSL_HEV_N,T_D_tkm_ldv_t,le,0.036457652
NB,2050,T_LDV_LTF_GSL_N,T_D_tkm_ldv_t,le,0.036457652
NB,2050,T_LDV_LTF_GSL_PHEV35_N,T_D_tkm_ldv_t,le,0.036457652
NB,2050,T_LDV_LTF_GSL_PHEV50_N,T_D_tkm_ldv_t,le,0.036457652
NB,2050,T_MDV_T_BEV_N,T_D_tkm_mdv_t,le,0.027680639
NB,2050,T_MDV_T_DSL_HEV_N,T_D_tkm_mdv_t,le,0.027680639
NB,2050,T_MDV_T_DSL_N,T_D_tkm_mdv_t,le,0.027680639
NB,2050,T_MDV_T_DSL_PHEV_N,T_D_tkm_mdv_t,le,0.027680639
NB,2050,T_MDV_T_FCEV_N,T_D_tkm_mdv_t,le,0.027680639
NB,2050,T_MDV_T_FCHEV_N,T_D_tkm_mdv_t,le,0.027680639
NB,2050,T_MDV_T_GSL_N,T_D_tkm_mdv_t,le,0.041520959
NLLAB,2025,T_HDV_T_BEV_N,T_D_tkm_hdv_t,le,0.207244942
NLLAB,2025,T_HDV_T_DSL_EX,T_D_tkm_hdv_t,le,0.207244942
NLLAB,2025,T_HDV_T_DSL_HEV_N,T_D_tkm_hdv_t,le,0.207244942
NLLAB,2025,T_HDV_T_DSL_N,T_D_tkm_hdv_t,le,0.207244942
NLLAB,2025,T_HDV_T_DSL_PHEV_N,T_D_tkm_hdv_t,le,0.207244942
NLLAB,2025,T_HDV_T_FCEV_N,T_D_tkm_hdv_t,le,0.207244942
NLLAB,2025,T_HDV_T_FCHEV_N,T_D_tkm_hdv_t,le,0.207244942
NLLAB,2025,T_LDV_C_BEV150_EX,T_D_pkm_ldv_c,le,0.018861811
NLLAB,2025,T_LDV_C_BEV150_N,T_D_pkm_ldv_c,le,0.018861811
NLLAB,2025,T_LDV_C_BEV200_N,T_D_pkm_ldv_c,le,0.018861811
NLLAB,2025,T_LDV_C_BEV300_N,T_D_pkm_ldv_c,le,0.018861811
NLLAB,2025,T_LDV_C_BEV400_N,T_D_pkm_ldv_c,le,0.018861811
NLLAB,2025,T_LDV_C_CNG_N,T_D_pkm_ldv_c,le,0.018861811
NLLAB,2025,T_LDV_C_DSL_EX,T_D_pkm_ldv_c,le,0.018861811
NLLAB,2025,T_LDV_C_DSL_N,T_D_pkm_ldv_c,le,0.018861811
NLLAB,2025,T_LDV_C_FCEV400_N,T_D_pkm_ldv_c,le,0.018861811
NLLAB,2025,T_LDV_C_GSL_EX,T_D_pkm_ldv_c,le,0.018861811
NLLAB,2025,T_LDV_C_GSL_HEV_EX,T_D_pkm_ldv_c,le,0.018861811
NLLAB,2025,T_LDV_C_GSL_HEV_N,T_D_pkm_ldv_c,le,0.018861811
NLLAB,2025,T_LDV_C_GSL_N,T_D_pkm_ldv_c,le,0.018861811
NLLAB,2025,T_LDV_C_GSL_PHEV35_EX,T_D_pkm_ldv_c,le,0.018861811
NLLAB,2025,T_LDV_C_GSL_PHEV35_N,T_D_pkm_ldv_c,le,0.018861811
NLLAB,2025,T_LDV_C_GSL_PHEV50_N,T_D_pkm_ldv_c,le,0.018861811
NLLAB,2025,T_LDV_LTF_BEV150_N,T_D_tkm_ldv_t,le,0.033234262
NLLAB,2025,T_LDV_LTF_BEV200_N,T_D_tkm_ldv_t,le,0.033234262
NLLAB,2025,T_LDV_LTF_BEV300_N,T_D_tkm_ldv_t,le,0.033234262
NLLAB,2025,T_LDV_LTF_BEV400_N,T_D_tkm_ldv_t,le,0.033234262
NLLAB,2025,T_LDV_LTF_CNG_N,T_D_tkm_ldv_t,le,0.033234262
NLLAB,2025,T_LDV_LTF_DSL_EX,T_D_tkm_ldv_t,le,0.033234262
NLLAB,2025,T_LDV_LTF_DSL_N,T_D_tkm_ldv_t,le,0.033234262
NLLAB,2025,T_LDV_LTF_FCEV400_N,T_D_tkm_ldv_t,le,0.033234262
NLLAB,2025,T_LDV_LTF_GSL_EX,T_D_tkm_ldv_t,le,0.033234262
NLLAB,2025,T_LDV_LTF_GSL_HEV_EX,T_D_tkm_ldv_t,le,0.033234262
NLLAB,2025,T_LDV_LTF_GSL_HEV_N,T_D_tkm_ldv_t,le,0.033234262
NLLAB,2025,T_LDV_LTF_GSL_N,T_D_tkm_ldv_t,le,0.033234262
NLLAB,2025,T_LDV_LTF_GSL_PHEV35_EX,T_D_tkm_ldv_t,le,0.033234262
NLLAB,2025,T_LDV_LTF_GSL_PHEV35_N,T_D_tkm_ldv_t,le,0.033234262
NLLAB,2025,T_LDV_LTF_GSL_PHEV50_N,T_D_tkm_ldv_t,le,0.033234262
NLLAB,2025,T_MDV_T_BEV_N,T_D_tkm_mdv_t,le,0.026242254
NLLAB,2025,T_MDV_T_DSL_EX,T_D_tkm_mdv_t,le,0.026242254
NLLAB,2025,T_MDV_T_DSL_HEV_N,T_D_tkm_mdv_t,le,0.026242254
NLLAB,2025,T_MDV_T_DSL_N,T_D_tkm_mdv_t,le,0.026242254
NLLAB,2025,T_MDV_T_DSL_PHEV_N,T_D_tkm_mdv_t,le,0.026242254
NLLAB,2025,T_MDV_T_FCEV_N,T_D_tkm_mdv_t,le,0.026242254
NLLAB,2025,T_MDV_T_FCHEV_N,T_D_tkm_mdv_t,le,0.026242254
NLLAB,2025,T_MDV_T_GSL_EX,T_D_tkm_mdv_t,le,0.039363381
NLLAB,2025,T_MDV_T_GSL_N,T_D_tkm_mdv_t,le,0.039363381
NLLAB,2030,T_HDV_T_BEV_N,T_D_tkm_hdv_t,le,0.22340348
NLLAB,2030,T_HDV_T_DSL_EX,T_D_tkm_hdv_t,le,0.22340348
NLLAB,2030,T_HDV_T_DSL_HEV_N,T_D_tkm_hdv_t,le,0.22340348
NLLAB,2030,T_HDV_T_DSL_N,T_D_tkm_hdv_t,le,0.22340348
NLLAB,2030,T_HDV_T_DSL_PHEV_N,T_D_tkm_hdv_t,le,0.22340348
NLLAB,2030,T_HDV_T_FCEV_N,T_D_tkm_hdv_t,le,0.22340348
NLLAB,2030,T_HDV_T_FCHEV_N,T_D_tkm_hdv_t,le,0.22340348
NLLAB,2030,T_LDV_C_BEV150_EX,T_D_pkm_ldv_c,le,0.021028602
NLLAB,2030,T_LDV_C_BEV150_N,T_D_pkm_ldv_c,le,0.021028602
NLLAB,2030,T_LDV_C_BEV200_N,T_D_pkm_ldv_c,le,0.021028602
NLLAB,2030,T_LDV_C_BEV300_N,T_D_pkm_ldv_c,le,0.021028602
NLLAB,2030,T_LDV_C_BEV400_N,T_D_pkm_ldv_c,le,0.021028602
NLLAB,2030,T_LDV_C_CNG_N,T_D_pkm_ldv_c,le,0.021028602
NLLAB,2030,T_LDV_C_DSL_EX,T_D_pkm_ldv_c,le,0.021028602
NLLAB,2030,T_LDV_C_DSL_N,T_D_pkm_ldv_c,le,0.021028602
NLLAB,2030,T_LDV_C_FCEV400_N,T_D_pkm_ldv_c,le,0.021028602
NLLAB,2030,T_LDV_C_GSL_EX,T_D_pkm_ldv_c,le,0.021028602
NLLAB,2030,T_LDV_C_GSL_HEV_EX,T_D_pkm_ldv_c,le,0.021028602
NLLAB,2030,T_LDV_C_GSL_HEV_N,T_D_pkm_ldv_c,le,0.021028602
NLLAB,2030,T_LDV_C_GSL_N,T_D_pkm_ldv_c,le,0.021028602
NLLAB,2030,T_LDV_C_GSL_PHEV35_EX,T_D_pkm_ldv_c,le,0.021028602
NLLAB,2030,T_LDV_C_GSL_PHEV35_N,T_D_pkm_ldv_c,le,0.021028602
NLLAB,2030,T_LDV_C_GSL_PHEV50_N,T_D_pkm_ldv_c,le,0.021028602
NLLAB,2030,T_LDV_LTF_BEV150_N,T_D_tkm_ldv_t,le,0.036457652
NLLAB,2030,T_LDV_LTF_BEV200_N,T_D_tkm_ldv_t,le,0.036457652
NLLAB,2030,T_LDV_LTF_BEV300_N,T_D_tkm_ldv_t,le,0.036457652
NLLAB,2030,T_LDV_LTF_BEV400_N,T_D_tkm_ldv_t,le,0.036457652
NLLAB,2030,T_LDV_LTF_CNG_N,T_D_tkm_ldv_t,le,0.036457652
NLLAB,2030,T_LDV_LTF_DSL_EX,T_D_tkm_ldv_t,le,0.036457652
NLLAB,2030,T_LDV_LTF_DSL_N,T_D_tkm_ldv_t,le,0.036457652
NLLAB,2030,T_LDV_LTF_FCEV400_N,T_D_tkm_ldv_t,le,0.036457652
NLLAB,2030,T_LDV_LTF_GSL_EX,T_D_tkm_ldv_t,le,0.036457652
NLLAB,2030,T_LDV_LTF_GSL_HEV_EX,T_D_tkm_ldv_t,le,0.036457652
NLLAB,2030,T_LDV_LTF_GSL_HEV_N,T_D_tkm_ldv_t,le,0.036457652
NLLAB,2030,T_LDV_LTF_GSL_N,T_D_tkm_ldv_t,le,0.036457652
NLLAB,2030,T_LDV_LTF_GSL_PHEV35_EX,T_D_tkm_ldv_t,le,0.036457652
NLLAB,2030,T_LDV_LTF_GSL_PHEV35_N,T_D_tkm_ldv_t,le,0.036457652
NLLAB,2030,T_LDV_LTF_GSL_PHEV50_N,T_D_tkm_ldv_t,le,0.036457652
NLLAB,2030,T_MDV_T_BEV_N,T_D_tkm_mdv_t,le,0.027680639
NLLAB,2030,T_MDV_T_DSL_EX,T_D_tkm_mdv_t,le,0.027680639
NLLAB,2030,T_MDV_T_DSL_HEV_N,T_D_tkm_mdv_t,le,0.027680639
NLLAB,2030,T_MDV_T_DSL_N,T_D_tkm_mdv_t,le,0.027680639
NLLAB,2030,T_MDV_T_DSL_PHEV_N,T_D_tkm_mdv_t,le,0.027680639
NLLAB,2030,T_MDV_T_FCEV_N,T_D_tkm_mdv_t,le,0.027680639
NLLAB,2030,T_MDV_T_FCHEV_N,T_D_tkm_mdv_t,le,0.027680639
NLLAB,2030,T_MDV_T_GSL_EX,T_D_tkm_mdv_t,le,0.041520959
NLLAB,2030,T_MDV_T_GSL_N,T_D_tkm_mdv_t,le,0.041520959
NLLAB,2035,T_HDV_T_BEV_N,T_D_tkm_hdv_t,le,0.22340348
NLLAB,2035,T_HDV_T_DSL_EX,T_D_tkm_hdv_t,le,0.22340348
NLLAB,2035,T_HDV_T_DSL_HEV_N,T_D_tkm_hdv_t,le,0.22340348
NLLAB,2035,T_HDV_T_DSL_N,T_D_tkm_hdv_t,le,0.22340348
NLLAB,2035,T_HDV_T_DSL_PHEV_N,T_D_tkm_hdv_t,le,0.22340348
NLLAB,2035,T_HDV_T_FCEV_N,T_D_tkm_hdv_t,le,0.22340348
NLLAB,2035,T_HDV_T_FCHEV_N,T_D_tkm_hdv_t,le,0.22340348
NLLAB,2035,T_LDV_C_BEV150_N,T_D_pkm_ldv_c,le,0.021028602
NLLAB,2035,T_LDV_C_BEV200_N,T_D_pkm_ldv_c,le,0.021028602
NLLAB,2035,T_LDV_C_BEV300_N,T_D_pkm_ldv_c,le,0.021028602
NLLAB,2035,T_LDV_C_BEV400_N,T_D_pkm_ldv_c,le,0.021028602
NLLAB,2035,T_LDV_C_CNG_N,T_D_pkm_ldv_c,le,0.021028602
NLLAB,2035,T_LDV_C_DSL_N,T_D_pkm_ldv_c,le,0.021028602
NLLAB,2035,T_LDV_C_FCEV400_N,T_D_pkm_ldv_c,le,0.021028602
NLLAB,2035,T_LDV_C_GSL_HEV_N,T_D_pkm_ldv_c,le,0.021028602
NLLAB,2035,T_LDV_C_GSL_N,T_D_pkm_ldv_c,le,0.021028602
NLLAB,2035,T_LDV_C_GSL_PHEV35_N,T_D_pkm_ldv_c,le,0.021028602
NLLAB,2035,T_LDV_C_GSL_PHEV50_N,T_D_pkm_ldv_c,le,0.021028602
NLLAB,2035,T_LDV_LTF_BEV150_N,T_D_tkm_ldv_t,le,0.036457652
NLLAB,2035,T_LDV_LTF_BEV200_N,T_D_tkm_ldv_t,le,0.036457652
NLLAB,2035,T_LDV_LTF_BEV300_N,T_D_tkm_ldv_t,le,0.036457652
NLLAB,2035,T_LDV_LTF_BEV400_N,T_D_tkm_ldv_t,le,0.036457652
NLLAB,2035,T_LDV_LTF_CNG_N,T_D_tkm_ldv_t,le,0.036457652
NLLAB,2035,T_LDV_LTF_DSL_EX,T_D_tkm_ldv_t,le,0.036457652
NLLAB,2035,T_LDV_LTF_DSL_N,T_D_tkm_ldv_t,le,0.036457652
NLLAB,2035,T_LDV_LTF_FCEV400_N,T_D_tkm_ldv_t,le,0.036457652
NLLAB,2035,T_LDV_LTF_GSL_EX,T_D_tkm_ldv_t,le,0.036457652
NLLAB,2035,T_LDV_LTF_GSL_HEV_N,T_D_tkm_ldv_t,le,0.036457652
NLLAB,2035,T_LDV_LTF_GSL_N,T_D_tkm_ldv_t,le,0.036457652
NLLAB,2035,T_LDV_LTF_GSL_PHEV35_EX,T_D_tkm_ldv_t,le,0.036457652
NLLAB,2035,T_LDV_LTF_GSL_PHEV35_N,T_D_tkm_ldv_t,le,0.036457652
NLLAB,2035,T_LDV_LTF_GSL_PHEV50_N,T_D_tkm_ldv_t,le,0.036457652
NLLAB,2035,T_MDV_T_BEV_N,T_D_tkm_mdv_t,le,0.027680639
NLLAB,2035,T_MDV_T_DSL_EX,T_D_tkm_mdv_t,le,0.027680639
NLLAB,2035,T_MDV_T_DSL_HEV_N,T_D_tkm_mdv_t,le,0.027680639
NLLAB,2035,T_MDV_T_DSL_N,T_D_tkm_mdv_t,le,0.027680639
NLLAB,2035,T_MDV_T_DSL_PHEV_N,T_D_tkm_mdv_t,le,0.027680639
NLLAB,2035,T_MDV_T_FCEV_N,T_D_tkm_mdv_t,le,0.027680639
NLLAB,2035,T_MDV_T_FCHEV_N,T_D_tkm_mdv_t,le,0.027680639
NLLAB,2035,T_MDV_T_GSL_EX,T_D_tkm_mdv_t,le,0.041520959
NLLAB,2035,T_MDV_T_GSL_N,T_D_tkm_mdv_t,le,0.041520959
NLLAB,2040,T_HDV_T_BEV_N,T_D_tkm_hdv_t,le,0.22340348
NLLAB,2040,T_HDV_T_DSL_HEV_N,T_D_tkm_hdv_t,le,0.22340348
NLLAB,2040,T_HDV_T_DSL_N,T_D_tkm_hdv_t,le,0.22340348
NLLAB,2040,T_HDV_T_DSL_PHEV_N,T_D_tkm_hdv_t,le,0.22340348
NLLAB,2040,T_HDV_T_FCEV_N,T_D_tkm_hdv_t,le,0.22340348
NLLAB,2040,T_HDV_T_FCHEV_N,T_D_tkm_hdv_t,le,0.22340348
NLLAB,2040,T_LDV_C_BEV150_N,T_D_pkm_ldv_c,le,0.021028602
NLLAB,2040,T_LDV_C_BEV200_N,T_D_pkm_ldv_c,le,0.021028602
NLLAB,2040,T_LDV_C_BEV300_N,T_D_pkm_ldv_c,le,0.021028602
NLLAB,2040,T_LDV_C_BEV400_N,T_D_pkm_ldv_c,le,0.021028602
NLLAB,2040,T_LDV_C_CNG_N,T_D_pkm_ldv_c,le,0.021028602
NLLAB,2040,T_LDV_C_DSL_N,T_D_pkm_ldv_c,le,0.021028602
NLLAB,2040,T_LDV_C_FCEV400_N,T_D_pkm_ldv_c,le,0.021028602
NLLAB,2040,T_LDV_C_GSL_HEV_N,T_D_pkm_ldv_c,le,0.021028602
NLLAB,2040,T_LDV_C_GSL_N,T_D_pkm_ldv_c,le,0.021028602
NLLAB,2040,T_LDV_C_GSL_PHEV35_N,T_D_pkm_ldv_c,le,0.021028602
NLLAB,2040,T_LDV_C_GSL_PHEV50_N,T_D_pkm_ldv_c,le,0.021028602
NLLAB,2040,T_LDV_LTF_BEV150_N,T_D_tkm_ldv_t,le,0.036457652
NLLAB,2040,T_LDV_LTF_BEV200_N,T_D_tkm_ldv_t,le,0.036457652
NLLAB,2040,T_LDV_LTF_BEV300_N,T_D_tkm_ldv_t,le,0.036457652
NLLAB,2040,T_LDV_LTF_BEV400_N,T_D_tkm_ldv_t,le,0.036457652
NLLAB,2040,T_LDV_LTF_CNG_N,T_D_tkm_ldv_t,le,0.036457652
NLLAB,2040,T_LDV_LTF_DSL_N,T_D_tkm_ldv_t,le,0.036457652
NLLAB,2040,T_LDV_LTF_FCEV400_N,T_D_tkm_ldv_t,le,0.036457652
NLLAB,2040,T_LDV_LTF_GSL_HEV_N,T_D_tkm_ldv_t,le,0.036457652
NLLAB,2040,T_LDV_LTF_GSL_N,T_D_tkm_ldv_t,le,0.036457652
NLLAB,2040,T_LDV_LTF_GSL_PHEV35_N,T_D_tkm_ldv_t,le,0.036457652
NLLAB,2040,T_LDV_LTF_GSL_PHEV50_N,T_D_tkm_ldv_t,le,0.036457652
NLLAB,2040,T_MDV_T_BEV_N,T_D_tkm_mdv_t,le,0.027680639
NLLAB,2040,T_MDV_T_DSL_HEV_N,T_D_tkm_mdv_t,le,0.027680639
NLLAB,2040,T_MDV_T_DSL_N,T_D_tkm_mdv_t,le,0.027680639
NLLAB,2040,T_MDV_T_DSL_PHEV_N,T_D_tkm_mdv_t,le,0.027680639
NLLAB,2040,T_MDV_T_FCEV_N,T_D_tkm_mdv_t,le,0.027680639
NLLAB,2040,T_MDV_T_FCHEV_N,T_D_tkm_mdv_t,le,0.027680639
NLLAB,2040,T_MDV_T_GSL_N,T_D_tkm_mdv_t,le,0.041520959
NLLAB,2045,T_HDV_T_BEV_N,T_D_tkm_hdv_t,le,0.22340348
NLLAB,2045,T_HDV_T_DSL_HEV_N,T_D_tkm_hdv_t,le,0.22340348
NLLAB,2045,T_HDV_T_DSL_N,T_D_tkm_hdv_t,le,0.22340348
NLLAB,2045,T_HDV_T_DSL_PHEV_N,T_D_tkm_hdv_t,le,0.22340348
NLLAB,2045,T_HDV_T_FCEV_N,T_D_tkm_hdv_t,le,0.22340348
NLLAB,2045,T_HDV_T_FCHEV_N,T_D_tkm_hdv_t,le,0.22340348
NLLAB,2045,T_LDV_C_BEV150_N,T_D_pkm_ldv_c,le,0.021028602
NLLAB,2045,T_LDV_C_BEV200_N,T_D_pkm_ldv_c,le,0.021028602
NLLAB,2045,T_LDV_C_BEV300_N,T_D_pkm_ldv_c,le,0.021028602
NLLAB,2045,T_LDV_C_BEV400_N,T_D_pkm_ldv_c,le,0.021028602
NLLAB,2045,T_LDV_C_CNG_N,T_D_pkm_ldv_c,le,0.021028602
NLLAB,2045,T_LDV_C_DSL_N,T_D_pkm_ldv_c,le,0.021028602
NLLAB,2045,T_LDV_C_FCEV400_N,T_D_pkm_ldv_c,le,0.021028602
NLLAB,2045,T_LDV_C_GSL_HEV_N,T_D_pkm_ldv_c,le,0.021028602
NLLAB,2045,T_LDV_C_GSL_N,T_D_pkm_ldv_c,le,0.021028602
NLLAB,2045,T_LDV_C_GSL_PHEV35_N,T_D_pkm_ldv_c,le,0.021028602
NLLAB,2045,T_LDV_C_GSL_PHEV50_N,T_D_pkm_ldv_c,le,0.021028602
NLLAB,2045,T_LDV_LTF_BEV150_N,T_D_tkm_ldv_t,le,0.036457652
NLLAB,2045,T_LDV_LTF_BEV200_N,T_D_tkm_ldv_t,le,0.036457652
NLLAB,2045,T_LDV_LTF_BEV300_N,T_D_tkm_ldv_t,le,0.036457652
NLLAB,2045,T_LDV_LTF_BEV400_N,T_D_tkm_ldv_t,le,0.036457652
NLLAB,2045,T_LDV_LTF_CNG_N,T_D_tkm_ldv_t,le,0.036457652
NLLAB,2045,T_LDV_LTF_DSL_N,T_D_tkm_ldv_t,le,0.036457652
NLLAB,2045,T_LDV_LTF_FCEV400_N,T_D_tkm_ldv_t,le,0.036457652
NLLAB,2045,T_LDV_LTF_GSL_HEV_N,T_D_tkm_ldv_t,le,0.036457652
NLLAB,2045,T_LDV_LTF_GSL_N,T_D_tkm_ldv_t,le,0.036457652
NLLAB,2045,T_LDV_LTF_GSL_PHEV35_N,T_D_tkm_ldv_t,le,0.036457652
NLLAB,2045,T_LDV_LTF_GSL_PHEV50_N,T_D_tkm_ldv_t,le,0.036457652
NLLAB,2045,T_MDV_T_BEV_N,T_D_tkm_mdv_t,le,0.027680639
NLLAB,2045,T_MDV_T_DSL_HEV_N,T_D_tkm_mdv_t,le,0.027680639
NLLAB,2045,T_MDV_T_DSL_N,T_D_tkm_mdv_t,le,0.027680639
NLLAB,2045,T_MDV_T_DSL_PHEV_N,T_D_tkm_mdv_t,le,0.027680639
NLLAB,2045,T_MDV_T_FCEV_N,T_D_tkm_mdv_t,le,0.027680639
NLLAB,2045,T_MDV_T_FCHEV_N,T_D_tkm_mdv_t,le,0.027680639
NLLAB,2045,T_MDV_T_GSL_N,T_D_tkm_mdv_t,le,0.041520959
NLLAB,2050,T_HDV_T_BEV_N,T_D_tkm_hdv_t,le,0.22340348
NLLAB,2050,T_HDV_T_DSL_HEV_N,T_D_tkm_hdv_t,le,0.22340348
NLLAB,2050,T_HDV_T_DSL_N,T_D_tkm_hdv_t,le,0.22340348
NLLAB,2050,T_HDV_T_DSL_PHEV_N,T_D_tkm_hdv_t,le,0.22340348
NLLAB,2050,T_HDV_T_FCEV_N,T_D_tkm_hdv_t,le,0.22340348
NLLAB,2050,T_HDV_T_FCHEV_N,T_D_tkm_hdv_t,le,0.22340348
NLLAB,2050,T_LDV_C_BEV150_N,T_D_pkm_ldv_c,le,0.021028602
NLLAB,2050,T_LDV_C_BEV200_N,T_D_pkm_ldv_c,le,0.021028602
NLLAB,2050,T_LDV_C_BEV300_N,T_D_pkm_ldv_c,le,0.021028602
NLLAB,2050,T_LDV_C_BEV400_N,T_D_pkm_ldv_c,le,0.021028602
NLLAB,2050,T_LDV_C_CNG_N,T_D_pkm_ldv_c,le,0.021028602
NLLAB,2050,T_LDV_C_DSL_N,T_D_pkm_ldv_c,le,0.021028602
NLLAB,2050,T_LDV_C_FCEV400_N,T_D_pkm_ldv_c,le,0.021028602
NLLAB,2050,T_LDV_C_GSL_HEV_N,T_D_pkm_ldv_c,le,0.021028602
NLLAB,2050,T_LDV_C_GSL_N,T_D_pkm_ldv_c,le,0.021028602
NLLAB,2050,T_LDV_C_GSL_PHEV35_N,T_D_pkm_ldv_c,le,0.021028602
NLLAB,2050,T_LDV_C_GSL_PHEV50_N,T_D_pkm_ldv_c,le,0.021028602
NLLAB,2050,T_LDV_LTF_BEV150_N,T_D_tkm_ldv_t,le,0.036457652
NLLAB,2050,T_LDV_LTF_BEV200_N,T_D_tkm_ldv_t,le,0.036457652
NLLAB,2050,T_LDV_LTF_BEV300_N,T_D_tkm_ldv_t,le,0.036457652
NLLAB,2050,T_LDV_LTF_BEV400_N,T_D_tkm_ldv_t,le,0.036457652
NLLAB,2050,T_LDV_LTF_CNG_N,T_D_tkm_ldv_t,le,0.036457652
NLLAB,2050,T_LDV_LTF_DSL_N,T_D_tkm_ldv_t,le,0.036457652
NLLAB,2050,T_LDV_LTF_FCEV400_N,T_D_tkm_ldv_t,le,0.036457652
NLLAB,2050,T_LDV_LTF_GSL_HEV_N,T_D_tkm_ldv_t,le,0.036457652
NLLAB,2050,T_LDV_LTF_GSL_N,T_D_tkm_ldv_t,le,0.036457652
NLLAB,2050,T_LDV_LTF_GSL_PHEV35_N,T_D_tkm_ldv_t,le,0.036457652
NLLAB,2050,T_LDV_LTF_GSL_PHEV50_N,T_D_tkm_ldv_t,le,0.036457652
NLLAB,2050,T_MDV_T_BEV_N,T_D_tkm_mdv_t,le,0.027680639
NLLAB,2050,T_MDV_T_DSL_HEV_N,T_D_tkm_mdv_t,le,0.027680639
NLLAB,2050,T_MDV_T_DSL_N,T_D_tkm_mdv_t,le,0.027680639
NLLAB,2050,T_MDV_T_DSL_PHEV_N,T_D_tkm_mdv_t,le,0.027680639
NLLAB,2050,T_MDV_T_FCEV_N,T_D_tkm_mdv_t,le,0.027680639
NLLAB,2050,T_MDV_T_FCHEV_N,T_D_tkm_mdv_t,le,0.027680639
NLLAB,2050,T_MDV_T_GSL_N,T_D_tkm_mdv_t,le,0.041520959
NS,2025,T_HDV_T_BEV_N,T_D_tkm_hdv_t,le,0.207244942
NS,2025,T_HDV_T_DSL_EX,T_D_tkm_hdv_t,le,0.207244942
NS,2025,T_HDV_T_DSL_HEV_N,T_D_tkm_hdv_t,le,0.207244942
NS,2025,T_HDV_T_DSL_N,T_D_tkm_hdv_t,le,0.207244942
NS,2025,T_HDV_T_DSL_PHEV_N,T_D_tkm_hdv_t,le,0.207244942
NS,2025,T_HDV_T_FCEV_N,T_D_tkm_hdv_t,le,0.207244942
NS,2025,T_HDV_T_FCHEV_N,T_D_tkm_hdv_t,le,0.207244942
NS,2025,T_LDV_LTF_BEV150_N,T_D_tkm_ldv_t,le,0.033234262
NS,2025,T_LDV_LTF_BEV200_N,T_D_tkm_ldv_t,le,0.033234262
NS,2025,T_LDV_LTF_BEV300_N,T_D_tkm_ldv_t,le,0.033234262
NS,2025,T_LDV_LTF_BEV400_N,T_D_tkm_ldv_t,le,0.033234262
NS,2025,T_LDV_LTF_CNG_N,T_D_tkm_ldv_t,le,0.033234262
NS,2025,T_LDV_LTF_DSL_EX,T_D_tkm_ldv_t,le,0.033234262
NS,2025,T_LDV_LTF_DSL_N,T_D_tkm_ldv_t,le,0.033234262
NS,2025,T_LDV_LTF_FCEV400_N,T_D_tkm_ldv_t,le,0.033234262
NS,2025,T_LDV_LTF_GSL_EX,T_D_tkm_ldv_t,le,0.033234262
NS,2025,T_LDV_LTF_GSL_HEV_EX,T_D_tkm_ldv_t,le,0.033234262
NS,2025,T_LDV_LTF_GSL_HEV_N,T_D_tkm_ldv_t,le,0.033234262
NS,2025,T_LDV_LTF_GSL_N,T_D_tkm_ldv_t,le,0.033234262
NS,2025,T_LDV_LTF_GSL_PHEV35_EX,T_D_tkm_ldv_t,le,0.033234262
NS,2025,T_LDV_LTF_GSL_PHEV35_N,T_D_tkm_ldv_t,le,0.033234262
NS,2025,T_LDV_LTF_GSL_PHEV50_N,T_D_tkm_ldv_t,le,0.033234262
NS,2025,T_MDV_T_BEV_N,T_D_tkm_mdv_t,le,0.026242254
NS,2025,T_MDV_T_DSL_EX,T_D_tkm_mdv_t,le,0.026242254
NS,2025,T_MDV_T_DSL_HEV_N,T_D_tkm_mdv_t,le,0.026242254
NS,2025,T_MDV_T_DSL_N,T_D_tkm_mdv_t,le,0.026242254
NS,2025,T_MDV_T_DSL_PHEV_N,T_D_tkm_mdv_t,le,0.026242254
NS,2025,T_MDV_T_FCEV_N,T_D_tkm_mdv_t,le,0.026242254
NS,2025,T_MDV_T_FCHEV_N,T_D_tkm_mdv_t,le,0.026242254
NS,2025,T_MDV_T_GSL_EX,T_D_tkm_mdv_t,le,0.039363381
NS,2025,T_MDV_T_GSL_N,T_D_tkm_mdv_t,le,0.039363381
NS,2030,T_HDV_T_BEV_N,T_D_tkm_hdv_t,le,0.22340348
NS,2030,T_HDV_T_DSL_EX,T_D_tkm_hdv_t,le,0.22340348
NS,2030,T_HDV_T_DSL_HEV_N,T_D_tkm_hdv_t,le,0.22340348
NS,2030,T_HDV_T_DSL_N,T_D_tkm_hdv_t,le,0.22340348
NS,2030,T_HDV_T_DSL_PHEV_N,T_D_tkm_hdv_t,le,0.22340348
NS,2030,T_HDV_T_FCEV_N,T_D_tkm_hdv_t,le,0.22340348
NS,2030,T_HDV_T_FCHEV_N,T_D_tkm_hdv_t,le,0.22340348
NS,2030,T_LDV_LTF_BEV150_N,T_D_tkm_ldv_t,le,0.036457652
NS,2030,T_LDV_LTF_BEV200_N,T_D_tkm_ldv_t,le,0.036457652
NS,2030,T_LDV_LTF_BEV300_N,T_D_tkm_ldv_t,le,0.036457652
NS,2030,T_LDV_LTF_BEV400_N,T_D_tkm_ldv_t,le,0.036457652
NS,2030,T_LDV_LTF_CNG_N,T_D_tkm_ldv_t,le,0.036457652
NS,2030,T_LDV_LTF_DSL_EX,T_D_tkm_ldv_t,le,0.036457652
NS,2030,T_LDV_LTF_DSL_N,T_D_tkm_ldv_t,le,0.036457652
NS,2030,T_LDV_LTF_FCEV400_N,T_D_tkm_ldv_t,le,0.036457652
NS,2030,T_LDV_LTF_GSL_EX,T_D_tkm_ldv_t,le,0.036457652
NS,2030,T_LDV_LTF_GSL_HEV_EX,T_D_tkm_ldv_t,le,0.036457652
NS,2030,T_LDV_LTF_GSL_HEV_N,T_D_tkm_ldv_t,le,0.036457652
NS,2030,T_LDV_LTF_GSL_N,T_D_tkm_ldv_t,le,0.036457652
NS,2030,T_LDV_LTF_GSL_PHEV35_EX,T_D_tkm_ldv_t,le,0.036457652
NS,2030,T_LDV_LTF_GSL_PHEV35_N,T_D_tkm_ldv_t,le,0.036457652
NS,2030,T_LDV_LTF_GSL_PHEV50_N,T_D_tkm_ldv_t,le,0.036457652
NS,2030,T_MDV_T_BEV_N,T_D_tkm_mdv_t,le,0.027680639
NS,2030,T_MDV_T_DSL_EX,T_D_tkm_mdv_t,le,0.027680639
NS,2030,T_MDV_T_DSL_HEV_N,T_D_tkm_mdv_t,le,0.027680639
NS,2030,T_MDV_T_DSL_N,T_D_tkm_mdv_t,le,0.027680639
NS,2030,T_MDV_T_DSL_PHEV_N,T_D_tkm_mdv_t,le,0.027680639
NS,2030,T_MDV_T_FCEV_N,T_D_tkm_mdv_t,le,0.027680639
NS,2030,T_MDV_T_FCHEV_N,T_D_tkm_mdv_t,le,0.027680639
NS,2030,T_MDV_T_GSL_EX,T_D_tkm_mdv_t,le,0.041520959
NS,2030,T_MDV_T_GSL_N,T_D_tkm_mdv_t,le,0.041520959
NS,2035,T_HDV_T_BEV_N,T_D_tkm_hdv_t,le,0.22340348
NS,2035,T_HDV_T_DSL_EX,T_D_tkm_hdv_t,le,0.22340348
NS,2035,T_HDV_T_DSL_HEV_N,T_D_tkm_hdv_t,le,0.22340348
NS,2035,T_HDV_T_DSL_N,T_D_tkm_hdv_t,le,0.22340348
NS,2035,T_HDV_T_DSL_PHEV_N,T_D_tkm_hdv_t,le,0.22340348
NS,2035,T_HDV_T_FCEV_N,T_D_tkm_hdv_t,le,0.22340348
NS,2035,T_HDV_T_FCHEV_N,T_D_tkm_hdv_t,le,0.22340348
NS,2035,T_LDV_LTF_BEV150_N,T_D_tkm_ldv_t,le,0.036457652
NS,2035,T_LDV_LTF_BEV200_N,T_D_tkm_ldv_t,le,0.036457652
NS,2035,T_LDV_LTF_BEV300_N,T_D_tkm_ldv_t,le,0.036457652
NS,2035,T_LDV_LTF_BEV400_N,T_D_tkm_ldv_t,le,0.036457652
NS,2035,T_LDV_LTF_CNG_N,T_D_tkm_ldv_t,le,0.036457652
NS,2035,T_LDV_LTF_DSL_EX,T_D_tkm_ldv_t,le,0.036457652
NS,2035,T_LDV_LTF_DSL_N,T_D_tkm_ldv_t,le,0.036457652
NS,2035,T_LDV_LTF_FCEV400_N,T_D_tkm_ldv_t,le,0.036457652
NS,2035,T_LDV_LTF_GSL_EX,T_D_tkm_ldv_t,le,0.036457652
NS,2035,T_LDV_LTF_GSL_HEV_N,T_D_tkm_ldv_t,le,0.036457652
NS,2035,T_LDV_LTF_GSL_N,T_D_tkm_ldv_t,le,0.036457652
NS,2035,T_LDV_LTF_GSL_PHEV35_EX,T_D_tkm_ldv_t,le,0.036457652
NS,2035,T_LDV_LTF_GSL_PHEV35_N,T_D_tkm_ldv_t,le,0.036457652
NS,2035,T_LDV_LTF_GSL_PHEV50_N,T_D_tkm_ldv_t,le,0.036457652
NS,2035,T_MDV_T_BEV_N,T_D_tkm_mdv_t,le,0.027680639
NS,2035,T_MDV_T_DSL_EX,T_D_tkm_mdv_t,le,0.027680639
NS,2035,T_MDV_T_DSL_HEV_N,T_D_tkm_mdv_t,le,0.027680639
NS,2035,T_MDV_T_DSL_N,T_D_tkm_mdv_t,le,0.027680639
NS,2035,T_MDV_T_DSL_PHEV_N,T_D_tkm_mdv_t,le,0.027680639
NS,2035,T_MDV_T_FCEV_N,T_D_tkm_mdv_t,le,0.027680639
NS,2035,T_MDV_T_FCHEV_N,T_D_tkm_mdv_t,le,0.027680639
NS,2035,T_MDV_T_GSL_EX,T_D_tkm_mdv_t,le,0.041520959
NS,2035,T_MDV_T_GSL_N,T_D_tkm_mdv_t,le,0.041520959
NS,2040,T_HDV_T_BEV_N,T_D_tkm_hdv_t,le,0.22340348
NS,2040,T_HDV_T_DSL_HEV_N,T_D_tkm_hdv_t,le,0.22340348
NS,2040,T_HDV_T_DSL_N,T_D_tkm_hdv_t,le,0.22340348
NS,2040,T_HDV_T_DSL_PHEV_N,T_D_tkm_hdv_t,le,0.22340348
NS,2040,T_HDV_T_FCEV_N,T_D_tkm_hdv_t,le,0.22340348
NS,2040,T_HDV_T_FCHEV_N,T_D_tkm_hdv_t,le,0.22340348
NS,2040,T_LDV_LTF_BEV150_N,T_D_tkm_ldv_t,le,0.036457652
NS,2040,T_LDV_LTF_BEV200_N,T_D_tkm_ldv_t,le,0.036457652
NS,2040,T_LDV_LTF_BEV300_N,T_D_tkm_ldv_t,le,0.036457652
NS,2040,T_LDV_LTF_BEV400_N,T_D_tkm_ldv_t,le,0.036457652
NS,2040,T_LDV_LTF_CNG_N,T_D_tkm_ldv_t,le,0.036457652
NS,2040,T_LDV_LTF_DSL_N,T_D_tkm_ldv_t,le,0.036457652
NS,2040,T_LDV_LTF_FCEV400_N,T_D_tkm_ldv_t,le,0.036457652
NS,2040,T_LDV_LTF_GSL_HEV_N,T_D_tkm_ldv_t,le,0.036457652
NS,2040,T_LDV_LTF_GSL_N,T_D_tkm_ldv_t,le,0.036457652
NS,2040,T_LDV_LTF_GSL_PHEV35_N,T_D_tkm_ldv_t,le,0.036457652
NS,2040,T_LDV_LTF_GSL_PHEV50_N,T_D_tkm_ldv_t,le,0.036457652
NS,2040,T_MDV_T_BEV_N,T_D_tkm_mdv_t,le,0.027680639
NS,2040,T_MDV_T_DSL_HEV_N,T_D_tkm_mdv_t,le,0.027680639
NS,2040,T_MDV_T_DSL_N,T_D_tkm_mdv_t,le,0.027680639
NS,2040,T_MDV_T_DSL_PHEV_N,T_D_tkm_mdv_t,le,0.027680639
NS,2040,T_MDV_T_FCEV_N,T_D_tkm_mdv_t,le,0.027680639
NS,2040,T_MDV_T_FCHEV_N,T_D_tkm_mdv_t,le,0.027680639
NS,2040,T_MDV_T_GSL_N,T_D_tkm_mdv_t,le,0.041520959
NS,2045,T_HDV_T_BEV_N,T_D_tkm_hdv_t,le,0.22340348
NS,2045,T_HDV_T_DSL_HEV_N,T_D_tkm_hdv_t,le,0.22340348
NS,2045,T_HDV_T_DSL_N,T_D_tkm_hdv_t,le,0.22340348
NS,2045,T_HDV_T_DSL_PHEV_N,T_D_tkm_hdv_t,le,0.22340348
NS,2045,T_HDV_T_FCEV_N,T_D_tkm_hdv_t,le,0.22340348
NS,2045,T_HDV_T_FCHEV_N,T_D_tkm_hdv_t,le,0.22340348
NS,2045,T_LDV_LTF_BEV150_N,T_D_tkm_ldv_t,le,0.036457652
NS,2045,T_LDV_LTF_BEV200_N,T_D_tkm_ldv_t,le,0.036457652
NS,2045,T_LDV_LTF_BEV300_N,T_D_tkm_ldv_t,le,0.036457652
NS,2045,T_LDV_LTF_BEV400_N,T_D_tkm_ldv_t,le,0.036457652
NS,2045,T_LDV_LTF_CNG_N,T_D_tkm_ldv_t,le,0.036457652
NS,2045,T_LDV_LTF_DSL_N,T_D_tkm_ldv_t,le,0.036457652
NS,2045,T_LDV_LTF_FCEV400_N,T_D_tkm_ldv_t,le,0.036457652
NS,2045,T_LDV_LTF_GSL_HEV_N,T_D_tkm_ldv_t,le,0.036457652
NS,2045,T_LDV_LTF_GSL_N,T_D_tkm_ldv_t,le,0.036457652
NS,2045,T_LDV_LTF_GSL_PHEV35_N,T_D_tkm_ldv_t,le,0.036457652
NS,2045,T_LDV_LTF_GSL_PHEV50_N,T_D_tkm_ldv_t,le,0.036457652
NS,2045,T_MDV_T_BEV_N,T_D_tkm_mdv_t,le,0.027680639
NS,2045,T_MDV_T_DSL_HEV_N,T_D_tkm_mdv_t,le,0.027680639
NS,2045,T_MDV_T_DSL_N,T_D_tkm_mdv_t,le,0.027680639
NS,2045,T_MDV_T_DSL_PHEV_N,T_D_tkm_mdv_t,le,0.027680639
NS,2045,T_MDV_T_FCEV_N,T_D_tkm_mdv_t,le,0.027680639
NS,2045,T_MDV_T_FCHEV_N,T_D_tkm_mdv_t,le,0.027680639
NS,2045,T_MDV_T_GSL_N,T_D_tkm_mdv_t,le,0.041520959
NS,2050,T_HDV_T_BEV_N,T_D_tkm_hdv_t,le,0.22340348
NS,2050,T_HDV_T_DSL_HEV_N,T_D_tkm_hdv_t,le,0.22340348
NS,2050,T_HDV_T_DSL_N,T_D_tkm_hdv_t,le,0.22340348
NS,2050,T_HDV_T_DSL_PHEV_N,T_D_tkm_hdv_t,le,0.22340348
NS,2050,T_HDV_T_FCEV_N,T_D_tkm_hdv_t,le,0.22340348
NS,2050,T_HDV_T_FCHEV_N,T_D_tkm_hdv_t,le,0.22340348
NS,2050,T_LDV_LTF_BEV150_N,T_D_tkm_ldv_t,le,0.036457652
NS,2050,T_LDV_LTF_BEV200_N,T_D_tkm_ldv_t,le,0.036457652
NS,2050,T_LDV_LTF_BEV300_N,T_D_tkm_ldv_t,le,0.036457652
NS,2050,T_LDV_LTF_BEV400_N,T_D_tkm_ldv_t,le,0.036457652
NS,2050,T_LDV_LTF_CNG_N,T_D_tkm_ldv_t,le,0.036457652
NS,2050,T_LDV_LTF_DSL_N,T_D_tkm_ldv_t,le,0.036457652
NS,2050,T_LDV_LTF_FCEV400_N,T_D_tkm_ldv_t,le,0.036457652
NS,2050,T_LDV_LTF_GSL_HEV_N,T_D_tkm_ldv_t,le,0.036457652
NS,2050,T_LDV_LTF_GSL_N,T_D_tkm_ldv_t,le,0.036457652
NS,2050,T_LDV_LTF_GSL_PHEV35_N,T_D_tkm_ldv_t,le,0.036457652
NS,2050,T_LDV_LTF_GSL_PHEV50_N,T_D_tkm_ldv_t,le,0.036457652
NS,2050,T_MDV_T_BEV_N,T_D_tkm_mdv_t,le,0.027680639
NS,2050,T_MDV_T_DSL_HEV_N,T_D_tkm_mdv_t,le,0.027680639
NS,2050,T_MDV_T_DSL_N,T_D_tkm_mdv_t,le,0.027680639
NS,2050,T_MDV_T_DSL_PHEV_N,T_D_tkm_mdv_t,le,0.027680639
NS,2050,T_MDV_T_FCEV_N,T_D_tkm_mdv_t,le,0.027680639
NS,2050,T_MDV_T_FCHEV_N,T_D_tkm_mdv_t,le,0.027680639
NS,2050,T_MDV_T_GSL_N,T_D_tkm_mdv_t,le,0.041520959
ON,2025,T_HDV_T_BEV_N,T_D_tkm_hdv_t,le,0.207244942
ON,2025,T_HDV_T_DSL_EX,T_D_tkm_hdv_t,le,0.207244942
ON,2025,T_HDV_T_DSL_HEV_N,T_D_tkm_hdv_t,le,0.207244942
ON,2025,T_HDV_T_DSL_N,T_D_tkm_hdv_t,le,0.207244942
ON,2025,T_HDV_T_DSL_PHEV_N,T_D_tkm_hdv_t,le,0.207244942
ON,2025,T_HDV_T_FCEV_N,T_D_tkm_hdv_t,le,0.207244942
ON,2025,T_HDV_T_FCHEV_N,T_D_tkm_hdv_t,le,0.207244942
ON,2025,T_LDV_C_BEV150_EX,T_D_pkm_ldv_c,le,0.018861811
ON,2025,T_LDV_C_BEV150_N,T_D_pkm_ldv_c,le,0.018861811
ON,2025,T_LDV_C_BEV200_N,T_D_pkm_ldv_c,le,0.018861811
ON,2025,T_LDV_C_BEV300_N,T_D_pkm_ldv_c,le,0.018861811
ON,2025,T_LDV_C_BEV400_N,T_D_pkm_ldv_c,le,0.018861811
ON,2025,T_LDV_C_CNG_N,T_D_pkm_ldv_c,le,0.018861811
ON,2025,T_LDV_C_DSL_EX,T_D_pkm_ldv_c,le,0.018861811
ON,2025,T_LDV_C_DSL_N,T_D_pkm_ldv_c,le,0.018861811
ON,2025,T_LDV_C_FCEV400_N,T_D_pkm_ldv_c,le,0.018861811
ON,2025,T_LDV_C_GSL_EX,T_D_pkm_ldv_c,le,0.018861811
ON,2025,T_LDV_C_GSL_HEV_EX,T_D_pkm_ldv_c,le,0.018861811
ON,2025,T_LDV_C_GSL_HEV_N,T_D_pkm_ldv_c,le,0.018861811
ON,2025,T_LDV_C_GSL_N,T_D_pkm_ldv_c,le,0.018861811
ON,2025,T_LDV_C_GSL_PHEV35_EX,T_D_pkm_ldv_c,le,0.018861811
ON,2025,T_LDV_C_GSL_PHEV35_N,T_D_pkm_ldv_c,le,0.018861811
ON,2025,T_LDV_C_GSL_PHEV50_N,T_D_pkm_ldv_c,le,0.018861811
ON,2025,T_LDV_LTF_BEV150_N,T_D_tkm_ldv_t,le,0.033234262
ON,2025,T_LDV_LTF_BEV200_N,T_D_tkm_ldv_t,le,0.033234262
ON,2025,T_LDV_LTF_BEV300_N,T_D_tkm_ldv_t,le,0.033234262
ON,2025,T_LDV_LTF_BEV400_N,T_D_tkm_ldv_t,le,0.033234262
ON,2025,T_LDV_LTF_CNG_N,T_D_tkm_ldv_t,le,0.033234262
ON,2025,T_LDV_LTF_DSL_EX,T_D_tkm_ldv_t,le,0.033234262
ON,2025,T_LDV_LTF_DSL_N,T_D_tkm_ldv_t,le,0.033234262
ON,2025,T_LDV_LTF_FCEV400_N,T_D_tkm_ldv_t,le,0.033234262
ON,2025,T_LDV_LTF_GSL_EX,T_D_tkm_ldv_t,le,0.033234262
ON,2025,T_LDV_LTF_GSL_HEV_EX,T_D_tkm_ldv_t,le,0.033234262
ON,2025,T_LDV_LTF_GSL_HEV_N,T_D_tkm_ldv_t,le,0.033234262
ON,2025,T_LDV_LTF_GSL_N,T_D_tkm_ldv_t,le,0.033234262
ON,2025,T_LDV_LTF_GSL_PHEV35_EX,T_D_tkm_ldv_t,le,0.033234262
ON,2025,T_LDV_LTF_GSL_PHEV35_N,T_D_tkm_ldv_t,le,0.033234262
ON,2025,T_LDV_LTF_GSL_PHEV50_N,T_D_tkm_ldv_t,le,0.033234262
ON,2025,T_LDV_LTP_BEV150_N,T_D_pkm_ldv_t,le,0.017073488
ON,2025,T_LDV_LTP_BEV200_N,T_D_pkm_ldv_t,le,0.017073488
ON,2025,T_LDV_LTP_BEV300_EX,T_D_pkm_ldv_t,le,0.017073488
ON,2025,T_LDV_LTP_BEV300_N,T_D_pkm_ldv_t,le,0.017073488
ON,2025,T_LDV_LTP_BEV400_N,T_D_pkm_ldv_t,le,0.017073488
ON,2025,T_LDV_LTP_CNG_N,T_D_pkm_ldv_t,le,0.017073488
ON,2025,T_LDV_LTP_DSL_EX,T_D_pkm_ldv_t,le,0.017073488
ON,2025,T_LDV_LTP_DSL_N,T_D_pkm_ldv_t,le,0.017073488
ON,2025,T_LDV_LTP_FCEV400_N,T_D_pkm_ldv_t,le,0.017073488
ON,2025,T_LDV_LTP_GSL_EX,T_D_pkm_ldv_t,le,0.017073488
ON,2025,T_LDV_LTP_GSL_HEV_EX,T_D_pkm_ldv_t,le,0.017073488
ON,2025,T_LDV_LTP_GSL_HEV_N,T_D_pkm_ldv_t,le,0.017073488
ON,2025,T_LDV_LTP_GSL_N,T_D_pkm_ldv_t,le,0.017073488
ON,2025,T_LDV_LTP_GSL_PHEV35_EX,T_D_pkm_ldv_t,le,0.017073488
ON,2025,T_LDV_LTP_GSL_PHEV35_N,T_D_pkm_ldv_t,le,0.017073488
ON,2025,T_LDV_LTP_GSL_PHEV50_N,T_D_pkm_ldv_t,le,0.017073488
ON,2025,T_MDV_T_BEV_N,T_D_tkm_mdv_t,le,0.026242254
ON,2025,T_MDV_T_DSL_EX,T_D_tkm_mdv_t,le,0.026242254
ON,2025,T_MDV_T_DSL_HEV_N,T_D_tkm_mdv_t,le,0.026242254
ON,2025,T_MDV_T_DSL_N,T_D_tkm_mdv_t,le,0.026242254
ON,2025,T_MDV_T_DSL_PHEV_N,T_D_tkm_mdv_t,le,0.026242254
ON,2025,T_MDV_T_FCEV_N,T_D_tkm_mdv_t,le,0.026242254
ON,2025,T_MDV_T_FCHEV_N,T_D_tkm_mdv_t,le,0.026242254
ON,2030,T_HDV_T_BEV_N,T_D_tkm_hdv_t,le,0.22340348
ON,2030,T_HDV_T_DSL_EX,T_D_tkm_hdv_t,le,0.22340348
ON,2030,T_HDV_T_DSL_HEV_N,T_D_tkm_hdv_t,le,0.22340348
ON,2030,T_HDV_T_DSL_N,T_D_tkm_hdv_t,le,0.22340348
ON,2030,T_HDV_T_DSL_PHEV_N,T_D_tkm_hdv_t,le,0.22340348
ON,2030,T_HDV_T_FCEV_N,T_D_tkm_hdv_t,le,0.22340348
ON,2030,T_HDV_T_FCHEV_N,T_D_tkm_hdv_t,le,0.22340348
ON,2030,T_LDV_C_BEV150_EX,T_D_pkm_ldv_c,le,0.021028602
ON,2030,T_LDV_C_BEV150_N,T_D_pkm_ldv_c,le,0.021028602
ON,2030,T_LDV_C_BEV200_N,T_D_pkm_ldv_c,le,0.021028602
ON,2030,T_LDV_C_BEV300_N,T_D_pkm_ldv_c,le,0.021028602
ON,2030,T_LDV_C_BEV400_N,T_D_pkm_ldv_c,le,0.021028602
ON,2030,T_LDV_C_CNG_N,T_D_pkm_ldv_c,le,0.021028602
ON,2030,T_LDV_C_DSL_EX,T_D_pkm_ldv_c,le,0.021028602
ON,2030,T_LDV_C_DSL_N,T_D_pkm_ldv_c,le,0.021028602
ON,2030,T_LDV_C_FCEV400_N,T_D_pkm_ldv_c,le,0.021028602
ON,2030,T_LDV_C_GSL_EX,T_D_pkm_ldv_c,le,0.021028602
ON,2030,T_LDV_C_GSL_HEV_EX,T_D_pkm_ldv_c,le,0.021028602
ON,2030,T_LDV_C_GSL_HEV_N,T_D_pkm_ldv_c,le,0.021028602
ON,2030,T_LDV_C_GSL_N,T_D_pkm_ldv_c,le,0.021028602
ON,2030,T_LDV_C_GSL_PHEV35_EX,T_D_pkm_ldv_c,le,0.021028602
ON,2030,T_LDV_C_GSL_PHEV35_N,T_D_pkm_ldv_c,le,0.021028602
ON,2030,T_LDV_C_GSL_PHEV50_N,T_D_pkm_ldv_c,le,0.021028602
ON,2030,T_LDV_LTF_BEV150_N,T_D_tkm_ldv_t,le,0.036457652
ON,2030,T_LDV_LTF_BEV200_N,T_D_tkm_ldv_t,le,0.036457652
ON,2030,T_LDV_LTF_BEV300_N,T_D_tkm_ldv_t,le,0.036457652
ON,2030,T_LDV_LTF_BEV400_N,T_D_tkm_ldv_t,le,0.036457652
ON,2030,T_LDV_LTF_CNG_N,T_D_tkm_ldv_t,le,0.036457652
ON,2030,T_LDV_LTF_DSL_EX,T_D_tkm_ldv_t,le,0.036457652
ON,2030,T_LDV_LTF_DSL_N,T_D_tkm_ldv_t,le,0.036457652
ON,2030,T_LDV_LTF_FCEV400_N,T_D_tkm_ldv_t,le,0.036457652
ON,2030,T_LDV_LTF_GSL_EX,T_D_tkm_ldv_t,le,0.036457652
ON,2030,T_LDV_LTF_GSL_HEV_EX,T_D_tkm_ldv_t,le,0.036457652
ON,2030,T_LDV_LTF_GSL_HEV_N,T_D_tkm_ldv_t,le,0.036457652
ON,2030,T_LDV_LTF_GSL_N,T_D_tkm_ldv_t,le,0.036457652
ON,2030,T_LDV_LTF_GSL_PHEV35_EX,T_D_tkm_ldv_t,le,0.036457652
ON,2030,T_LDV_LTF_GSL_PHEV35_N,T_D_tkm_ldv_t,le,0.036457652
ON,2030,T_LDV_LTF_GSL_PHEV50_N,T_D_tkm_ldv_t,le,0.036457652
ON,2030,T_LDV_LTP_BEV150_N,T_D_pkm_ldv_t,le,0.018757299
ON,2030,T_LDV_LTP_BEV200_N,T_D_pkm_ldv_t,le,0.018757299
ON,2030,T_LDV_LTP_BEV300_EX,T_D_pkm_ldv_t,le,0.018757299
ON,2030,T_LDV_LTP_BEV300_N,T_D_pkm_ldv_t,le,0.018757299
ON,2030,T_LDV_LTP_BEV400_N,T_D_pkm_ldv_t,le,0.018757299
ON,2030,T_LDV_LTP_CNG_N,T_D_pkm_ldv_t,le,0.018757299
ON,2030,T_LDV_LTP_DSL_EX,T_D_pkm_ldv_t,le,0.018757299
ON,2030,T_LDV_LTP_DSL_N,T_D_pkm_ldv_t,le,0.018757299
ON,2030,T_LDV_LTP_FCEV400_N,T_D_pkm_ldv_t,le,0.018757299
ON,2030,T_LDV_LTP_GSL_EX,T_D_pkm_ldv_t,le,0.018757299
ON,2030,T_LDV_LTP_GSL_HEV_EX,T_D_pkm_ldv_t,le,0.018757299
ON,2030,T_LDV_LTP_GSL_HEV_N,T_D_pkm_ldv_t,le,0.018757299
ON,2030,T_LDV_LTP_GSL_N,T_D_pkm_ldv_t,le,0.018757299
ON,2030,T_LDV_LTP_GSL_PHEV35_EX,T_D_pkm_ldv_t,le,0.018757299
ON,2030,T_LDV_LTP_GSL_PHEV35_N,T_D_pkm_ldv_t,le,0.018757299
ON,2030,T_LDV_LTP_GSL_PHEV50_N,T_D_pkm_ldv_t,le,0.018757299
ON,2030,T_MDV_T_BEV_N,T_D_tkm_mdv_t,le,0.027680639
ON,2030,T_MDV_T_DSL_EX,T_D_tkm_mdv_t,le,0.027680639
ON,2030,T_MDV_T_DSL_HEV_N,T_D_tkm_mdv_t,le,0.027680639
ON,2030,T_MDV_T_DSL_N,T_D_tkm_mdv_t,le,0.027680639
ON,2030,T_MDV_T_DSL_PHEV_N,T_D_tkm_mdv_t,le,0.027680639
ON,2030,T_MDV_T_FCEV_N,T_D_tkm_mdv_t,le,0.027680639
ON,2030,T_MDV_T_FCHEV_N,T_D_tkm_mdv_t,le,0.027680639
ON,2035,T_HDV_T_BEV_N,T_D_tkm_hdv_t,le,0.22340348
ON,2035,T_HDV_T_DSL_EX,T_D_tkm_hdv_t,le,0.22340348
ON,2035,T_HDV_T_DSL_HEV_N,T_D_tkm_hdv_t,le,0.22340348
ON,2035,T_HDV_T_DSL_N,T_D_tkm_hdv_t,le,0.22340348
ON,2035,T_HDV_T_DSL_PHEV_N,T_D_tkm_hdv_t,le,0.22340348
ON,2035,T_HDV_T_FCEV_N,T_D_tkm_hdv_t,le,0.22340348
ON,2035,T_HDV_T_FCHEV_N,T_D_tkm_hdv_t,le,0.22340348
ON,2035,T_LDV_C_BEV150_N,T_D_pkm_ldv_c,le,0.021028602
ON,2035,T_LDV_C_BEV200_N,T_D_pkm_ldv_c,le,0.021028602
ON,2035,T_LDV_C_BEV300_N,T_D_pkm_ldv_c,le,0.021028602
ON,2035,T_LDV_C_BEV400_N,T_D_pkm_ldv_c,le,0.021028602
ON,2035,T_LDV_C_CNG_N,T_D_pkm_ldv_c,le,0.021028602
ON,2035,T_LDV_C_DSL_N,T_D_pkm_ldv_c,le,0.021028602
ON,2035,T_LDV_C_FCEV400_N,T_D_pkm_ldv_c,le,0.021028602
ON,2035,T_LDV_C_GSL_HEV_N,T_D_pkm_ldv_c,le,0.021028602
ON,2035,T_LDV_C_GSL_N,T_D_pkm_ldv_c,le,0.021028602
ON,2035,T_LDV_C_GSL_PHEV35_N,T_D_pkm_ldv_c,le,0.021028602
ON,2035,T_LDV_C_GSL_PHEV50_N,T_D_pkm_ldv_c,le,0.021028602
ON,2035,T_LDV_LTF_BEV150_N,T_D_tkm_ldv_t,le,0.036457652
ON,2035,T_LDV_LTF_BEV200_N,T_D_tkm_ldv_t,le,0.036457652
ON,2035,T_LDV_LTF_BEV300_N,T_D_tkm_ldv_t,le,0.036457652
ON,2035,T_LDV_LTF_BEV400_N,T_D_tkm_ldv_t,le,0.036457652
ON,2035,T_LDV_LTF_CNG_N,T_D_tkm_ldv_t,le,0.036457652
ON,2035,T_LDV_LTF_DSL_EX,T_D_tkm_ldv_t,le,0.036457652
ON,2035,T_LDV_LTF_DSL_N,T_D_tkm_ldv_t,le,0.036457652
ON,2035,T_LDV_LTF_FCEV400_N,T_D_tkm_ldv_t,le,0.036457652
ON,2035,T_LDV_LTF_GSL_EX,T_D_tkm_ldv_t,le,0.036457652
ON,2035,T_LDV_LTF_GSL_HEV_EX,T_D_tkm_ldv_t,le,0.036457652
ON,2035,T_LDV_LTF_GSL_HEV_N,T_D_tkm_ldv_t,le,0.036457652
ON,2035,T_LDV_LTF_GSL_N,T_D_tkm_ldv_t,le,0.036457652
ON,2035,T_LDV_LTF_GSL_PHEV35_EX,T_D_tkm_ldv_t,le,0.036457652
ON,2035,T_LDV_LTF_GSL_PHEV35_N,T_D_tkm_ldv_t,le,0.036457652
ON,2035,T_LDV_LTF_GSL_PHEV50_N,T_D_tkm_ldv_t,le,0.036457652
ON,2035,T_LDV_LTP_BEV150_N,T_D_pkm_ldv_t,le,0.018757299
ON,2035,T_LDV_LTP_BEV200_N,T_D_pkm_ldv_t,le,0.018757299
ON,2035,T_LDV_LTP_BEV300_EX,T_D_pkm_ldv_t,le,0.018757299
ON,2035,T_LDV_LTP_BEV300_N,T_D_pkm_ldv_t,le,0.018757299
ON,2035,T_LDV_LTP_BEV400_N,T_D_pkm_ldv_t,le,0.018757299
ON,2035,T_LDV_LTP_CNG_N,T_D_pkm_ldv_t,le,0.018757299
ON,2035,T_LDV_LTP_DSL_EX,T_D_pkm_ldv_t,le,0.018757299
ON,2035,T_LDV_LTP_DSL_N,T_D_pkm_ldv_t,le,0.018757299
ON,2035,T_LDV_LTP_FCEV400_N,T_D_pkm_ldv_t,le,0.018757299
ON,2035,T_LDV_LTP_GSL_EX,T_D_pkm_ldv_t,le,0.018757299
ON,2035,T_LDV_LTP_GSL_HEV_EX,T_D_pkm_ldv_t,le,0.018757299
ON,2035,T_LDV_LTP_GSL_HEV_N,T_D_pkm_ldv_t,le,0.018757299
ON,2035,T_LDV_LTP_GSL_N,T_D_pkm_ldv_t,le,0.018757299
ON,2035,T_LDV_LTP_GSL_PHEV35_EX,T_D_pkm_ldv_t,le,0.018757299
ON,2035,T_LDV_LTP_GSL_PHEV35_N,T_D_pkm_ldv_t,le,0.018757299
ON,2035,T_LDV_LTP_GSL_PHEV50_N,T_D_pkm_ldv_t,le,0.018757299
ON,2035,T_MDV_T_BEV_N,T_D_tkm_mdv_t,le,0.027680639
ON,2035,T_MDV_T_DSL_EX,T_D_tkm_mdv_t,le,0.027680639
ON,2035,T_MDV_T_DSL_HEV_N,T_D_tkm_mdv_t,le,0.027680639
ON,2035,T_MDV_T_DSL_N,T_D_tkm_mdv_t,le,0.027680639
ON,2035,T_MDV_T_DSL_PHEV_N,T_D_tkm_mdv_t,le,0.027680639
ON,2035,T_MDV_T_FCEV_N,T_D_tkm_mdv_t,le,0.027680639
ON,2035,T_MDV_T_FCHEV_N,T_D_tkm_mdv_t,le,0.027680639
ON,2040,T_HDV_T_BEV_N,T_D_tkm_hdv_t,le,0.22340348
ON,2040,T_HDV_T_DSL_HEV_N,T_D_tkm_hdv_t,le,0.22340348
ON,2040,T_HDV_T_DSL_N,T_D_tkm_hdv_t,le,0.22340348
ON,2040,T_HDV_T_DSL_PHEV_N,T_D_tkm_hdv_t,le,0.22340348
ON,2040,T_HDV_T_FCEV_N,T_D_tkm_hdv_t,le,0.22340348
ON,2040,T_HDV_T_FCHEV_N,T_D_tkm_hdv_t,le,0.22340348
ON,2040,T_LDV_C_BEV150_N,T_D_pkm_ldv_c,le,0.021028602
ON,2040,T_LDV_C_BEV200_N,T_D_pkm_ldv_c,le,0.021028602
ON,2040,T_LDV_C_BEV300_N,T_D_pkm_ldv_c,le,0.021028602
ON,2040,T_LDV_C_BEV400_N,T_D_pkm_ldv_c,le,0.021028602
ON,2040,T_LDV_C_CNG_N,T_D_pkm_ldv_c,le,0.021028602
ON,2040,T_LDV_C_DSL_N,T_D_pkm_ldv_c,le,0.021028602
ON,2040,T_LDV_C_FCEV400_N,T_D_pkm_ldv_c,le,0.021028602
ON,2040,T_LDV_C_GSL_HEV_N,T_D_pkm_ldv_c,le,0.021028602
ON,2040,T_LDV_C_GSL_N,T_D_pkm_ldv_c,le,0.021028602
ON,2040,T_LDV_C_GSL_PHEV35_N,T_D_pkm_ldv_c,le,0.021028602
ON,2040,T_LDV_C_GSL_PHEV50_N,T_D_pkm_ldv_c,le,0.021028602
ON,2040,T_LDV_LTF_BEV150_N,T_D_tkm_ldv_t,le,0.036457652
ON,2040,T_LDV_LTF_BEV200_N,T_D_tkm_ldv_t,le,0.036457652
ON,2040,T_LDV_LTF_BEV300_N,T_D_tkm_ldv_t,le,0.036457652
ON,2040,T_LDV_LTF_BEV400_N,T_D_tkm_ldv_t,le,0.036457652
ON,2040,T_LDV_LTF_CNG_N,T_D_tkm_ldv_t,le,0.036457652
ON,2040,T_LDV_LTF_DSL_N,T_D_tkm_ldv_t,le,0.036457652
ON,2040,T_LDV_LTF_FCEV400_N,T_D_tkm_ldv_t,le,0.036457652
ON,2040,T_LDV_LTF_GSL_HEV_N,T_D_tkm_ldv_t,le,0.036457652
ON,2040,T_LDV_LTF_GSL_N,T_D_tkm_ldv_t,le,0.036457652
ON,2040,T_LDV_LTF_GSL_PHEV35_N,T_D_tkm_ldv_t,le,0.036457652
ON,2040,T_LDV_LTF_GSL_PHEV50_N,T_D_tkm_ldv_t,le,0.036457652
ON,2040,T_LDV_LTP_BEV150_N,T_D_pkm_ldv_t,le,0.018757299
ON,2040,T_LDV_LTP_BEV200_N,T_D_pkm_ldv_t,le,0.018757299
ON,2040,T_LDV_LTP_BEV300_N,T_D_pkm_ldv_t,le,0.018757299
ON,2040,T_LDV_LTP_BEV400_N,T_D_pkm_ldv_t,le,0.018757299
ON,2040,T_LDV_LTP_CNG_N,T_D_pkm_ldv_t,le,0.018757299
ON,2040,T_LDV_LTP_DSL_N,T_D_pkm_ldv_t,le,0.018757299
ON,2040,T_LDV_LTP_FCEV400_N,T_D_pkm_ldv_t,le,0.018757299
ON,2040,T_LDV_LTP_GSL_HEV_N,T_D_pkm_ldv_t,le,0.018757299
ON,2040,T_LDV_LTP_GSL_N,T_D_pkm_ldv_t,le,0.018757299
ON,2040,T_LDV_LTP_GSL_PHEV35_N,T_D_pkm_ldv_t,le,0.018757299
ON,2040,T_LDV_LTP_GSL_PHEV50_N,T_D_pkm_ldv_t,le,0.018757299
ON,2040,T_MDV_T_BEV_N,T_D_tkm_mdv_t,le,0.027680639
ON,2040,T_MDV_T_DSL_HEV_N,T_D_tkm_mdv_t,le,0.027680639
ON,2040,T_MDV_T_DSL_N,T_D_tkm_mdv_t,le,0.027680639
ON,2040,T_MDV_T_DSL_PHEV_N,T_D_tkm_mdv_t,le,0.027680639
ON,2040,T_MDV_T_FCEV_N,T_D_tkm_mdv_t,le,0.027680639
ON,2040,T_MDV_T_FCHEV_N,T_D_tkm_mdv_t,le,0.027680639
ON,2045,T_HDV_T_BEV_N,T_D_tkm_hdv_t,le,0.22340348
ON,2045,T_HDV_T_DSL_HEV_N,T_D_tkm_hdv_t,le,0.22340348
ON,2045,T_HDV_T_DSL_N,T_D_tkm_hdv_t,le,0.22340348
ON,2045,T_HDV_T_DSL_PHEV_N,T_D_tkm_hdv_t,le,0.22340348
ON,2045,T_HDV_T_FCEV_N,T_D_tkm_hdv_t,le,0.22340348
ON,2045,T_HDV_T_FCHEV_N,T_D_tkm_hdv_t,le,0.22340348
ON,2045,T_LDV_C_BEV150_N,T_D_pkm_ldv_c,le,0.021028602
ON,2045,T_LDV_C_BEV200_N,T_D_pkm_ldv_c,le,0.021028602
ON,2045,T_LDV_C_BEV300_N,T_D_pkm_ldv_c,le,0.021028602
ON,2045,T_LDV_C_BEV400_N,T_D_pkm_ldv_c,le,0.021028602
ON,2045,T_LDV_C_CNG_N,T_D_pkm_ldv_c,le,0.021028602
ON,2045,T_LDV_C_DSL_N,T_D_pkm_ldv_c,le,0.021028602
ON,2045,T_LDV_C_FCEV400_N,T_D_pkm_ldv_c,le,0.021028602
ON,2045,T_LDV_C_GSL_HEV_N,T_D_pkm_ldv_c,le,0.021028602
ON,2045,T_LDV_C_GSL_N,T_D_pkm_ldv_c,le,0.021028602
ON,2045,T_LDV_C_GSL_PHEV35_N,T_D_pkm_ldv_c,le,0.021028602
ON,2045,T_LDV_C_GSL_PHEV50_N,T_D_pkm_ldv_c,le,0.021028602
ON,2045,T_LDV_LTF_BEV150_N,T_D_tkm_ldv_t,le,0.036457652
ON,2045,T_LDV_LTF_BEV200_N,T_D_tkm_ldv_t,le,0.036457652
ON,2045,T_LDV_LTF_BEV300_N,T_D_tkm_ldv_t,le,0.036457652
ON,2045,T_LDV_LTF_BEV400_N,T_D_tkm_ldv_t,le,0.036457652
ON,2045,T_LDV_LTF_CNG_N,T_D_tkm_ldv_t,le,0.036457652
ON,2045,T_LDV_LTF_DSL_N,T_D_tkm_ldv_t,le,0.036457652
ON,2045,T_LDV_LTF_FCEV400_N,T_D_tkm_ldv_t,le,0.036457652
ON,2045,T_LDV_LTF_GSL_HEV_N,T_D_tkm_ldv_t,le,0.036457652
ON,2045,T_LDV_LTF_GSL_N,T_D_tkm_ldv_t,le,0.036457652
ON,2045,T_LDV_LTF_GSL_PHEV35_N,T_D_tkm_ldv_t,le,0.036457652
ON,2045,T_LDV_LTF_GSL_PHEV50_N,T_D_tkm_ldv_t,le,0.036457652
ON,2045,T_LDV_LTP_BEV150_N,T_D_pkm_ldv_t,le,0.018757299
ON,2045,T_LDV_LTP_BEV200_N,T_D_pkm_ldv_t,le,0.018757299
ON,2045,T_LDV_LTP_BEV300_N,T_D_pkm_ldv_t,le,0.018757299
ON,2045,T_LDV_LTP_BEV400_N,T_D_pkm_ldv_t,le,0.018757299
ON,2045,T_LDV_LTP_CNG_N,T_D_pkm_ldv_t,le,0.018757299
ON,2045,T_LDV_LTP_DSL_N,T_D_pkm_ldv_t,le,0.018757299
ON,2045,T_LDV_LTP_FCEV400_N,T_D_pkm_ldv_t,le,0.018757299
ON,2045,T_LDV_LTP_GSL_HEV_N,T_D_pkm_ldv_t,le,0.018757299
ON,2045,T_LDV_LTP_GSL_N,T_D_pkm_ldv_t,le,0.018757299
ON,2045,T_LDV_LTP_GSL_PHEV35_N,T_D_pkm_ldv_t,le,0.018757299
ON,2045,T_LDV_LTP_GSL_PHEV50_N,T_D_pkm_ldv_t,le,0.018757299
ON,2045,T_MDV_T_BEV_N,T_D_tkm_mdv_t,le,0.027680639
ON,2045,T_MDV_T_DSL_HEV_N,T_D_tkm_mdv_t,le,0.027680639
ON,2045,T_MDV_T_DSL_N,T_D_tkm_mdv_t,le,0.027680639
ON,2045,T_MDV_T_DSL_PHEV_N,T_D_tkm_mdv_t,le,0.027680639
ON,2045,T_MDV_T_FCEV_N,T_D_tkm_mdv_t,le,0.027680639
ON,2045,T_MDV_T_FCHEV_N,T_D_tkm_mdv_t,le,0.027680639
ON,2050,T_HDV_T_BEV_N,T_D_tkm_hdv_t,le,0.22340348
ON,2050,T_HDV_T_DSL_HEV_N,T_D_tkm_hdv_t,le,0.22340348
ON,2050,T_HDV_T_DSL_N,T_D_tkm_hdv_t,le,0.22340348
ON,2050,T_HDV_T_DSL_PHEV_N,T_D_tkm_hdv_t,le,0.22340348
ON,2050,T_HDV_T_FCEV_N,T_D_tkm_hdv_t,le,0.22340348
ON,2050,T_HDV_T_FCHEV_N,T_D_tkm_hdv_t,le,0.22340348
ON,2050,T_LDV_C_BEV150_N,T_D_pkm_ldv_c,le,0.021028602
ON,2050,T_LDV_C_BEV200_N,T_D_pkm_ldv_c,le,0.021028602
ON,2050,T_LDV_C_BEV300_N,T_D_pkm_ldv_c,le,0.021028602
ON,2050,T_LDV_C_BEV400_N,T_D_pkm_ldv_c,le,0.021028602
ON,2050,T_LDV_C_CNG_N,T_D_pkm_ldv_c,le,0.021028602
ON,2050,T_LDV_C_DSL_N,T_D_pkm_ldv_c,le,0.021028602
ON,2050,T_LDV_C_FCEV400_N,T_D_pkm_ldv_c,le,0.021028602
ON,2050,T_LDV_C_GSL_HEV_N,T_D_pkm_ldv_c,le,0.021028602
ON,2050,T_LDV_C_GSL_N,T_D_pkm_ldv_c,le,0.021028602
ON,2050,T_LDV_C_GSL_PHEV35_N,T_D_pkm_ldv_c,le,0.021028602
ON,2050,T_LDV_C_GSL_PHEV50_N,T_D_pkm_ldv_c,le,0.021028602
ON,2050,T_LDV_LTF_BEV150_N,T_D_tkm_ldv_t,le,0.036457652
ON,2050,T_LDV_LTF_BEV200_N,T_D_tkm_ldv_t,le,0.036457652
ON,2050,T_LDV_LTF_BEV300_N,T_D_tkm_ldv_t,le,0.036457652
ON,2050,T_LDV_LTF_BEV400_N,T_D_tkm_ldv_t,le,0.036457652
ON,2050,T_LDV_LTF_CNG_N,T_D_tkm_ldv_t,le,0.036457652
ON,2050,T_LDV_LTF_DSL_N,T_D_tkm_ldv_t,le,0.036457652
ON,2050,T_LDV_LTF_FCEV400_N,T_D_tkm_ldv_t,le,0.036457652
ON,2050,T_LDV_LTF_GSL_HEV_N,T_D_tkm_ldv_t,le,0.036457652
ON,2050,T_LDV_LTF_GSL_N,T_D_tkm_ldv_t,le,0.036457652
ON,2050,T_LDV_LTF_GSL_PHEV35_N,T_D_tkm_ldv_t,le,0.036457652
ON,2050,T_LDV_LTF_GSL_PHEV50_N,T_D_tkm_ldv_t,le,0.036457652
ON,2050,T_LDV_LTP_BEV150_N,T_D_pkm_ldv_t,le,0.018757299
ON,2050,T_LDV_LTP_BEV200_N,T_D_pkm_ldv_t,le,0.018757299
ON,2050,T_LDV_LTP_BEV300_N,T_D_pkm_ldv_t,le,0.018757299
ON,2050,T_LDV_LTP_BEV400_N,T_D_pkm_ldv_t,le,0.018757299
ON,2050,T_LDV_LTP_CNG_N,T_D_pkm_ldv_t,le,0.018757299
ON,2050,T_LDV_LTP_DSL_N,T_D_pkm_ldv_t,le,0.018757299
ON,2050,T_LDV_LTP_FCEV400_N,T_D_pkm_ldv_t,le,0.018757299
ON,2050,T_LDV_LTP_GSL_HEV_N,T_D_pkm_ldv_t,le,0.018757299
ON,2050,T_LDV_LTP_GSL_N,T_D_pkm_ldv_t,le,0.018757299
ON,2050,T_LDV_LTP_GSL_PHEV35_N,T_D_pkm_ldv_t,le,0.018757299
ON,2050,T_LDV_LTP_GSL_PHEV50_N,T_D_pkm_ldv_t,le,0.018757299
ON,2050,T_MDV_T_BEV_N,T_D_tkm_mdv_t,le,0.027680639
ON,2050,T_MDV_T_DSL_HEV_N,T_D_tkm_mdv_t,le,0.027680639
ON,2050,T_MDV_T_DSL_N,T_D_tkm_mdv_t,le,0.027680639
ON,2050,T_MDV_T_DSL_PHEV_N,T_D_tkm_mdv_t,le,0.027680639
ON,2050,T_MDV_T_FCEV_N,T_D_tkm_mdv_t,le,0.027680639
ON,2050,T_MDV_T_FCHEV_N,T_D_tkm_mdv_t,le,0.027680639
PEI,2025,T_HDV_T_BEV_N,T_D_tkm_hdv_t,le,0.207244942
PEI,2025,T_HDV_T_DSL_EX,T_D_tkm_hdv_t,le,0.207244942
PEI,2025,T_HDV_T_DSL_HEV_N,T_D_tkm_hdv_t,le,0.207244942
PEI,2025,T_HDV_T_DSL_N,T_D_tkm_hdv_t,le,0.207244942
PEI,2025,T_HDV_T_DSL_PHEV_N,T_D_tkm_hdv_t,le,0.207244942
PEI,2025,T_HDV_T_FCEV_N,T_D_tkm_hdv_t,le,0.207244942
PEI,2025,T_HDV_T_FCHEV_N,T_D_tkm_hdv_t,le,0.207244942
PEI,2025,T_LDV_C_BEV150_EX,T_D_pkm_ldv_c,le,0.018861811
PEI,2025,T_LDV_C_BEV150_N,T_D_pkm_ldv_c,le,0.018861811
PEI,2025,T_LDV_C_BEV200_N,T_D_pkm_ldv_c,le,0.018861811
PEI,2025,T_LDV_C_BEV300_N,T_D_pkm_ldv_c,le,0.018861811
PEI,2025,T_LDV_C_BEV400_N,T_D_pkm_ldv_c,le,0.018861811
PEI,2025,T_LDV_C_CNG_N,T_D_pkm_ldv_c,le,0.018861811
PEI,2025,T_LDV_C_DSL_EX,T_D_pkm_ldv_c,le,0.018861811
PEI,2025,T_LDV_C_DSL_N,T_D_pkm_ldv_c,le,0.018861811
PEI,2025,T_LDV_C_FCEV400_N,T_D_pkm_ldv_c,le,0.018861811
PEI,2025,T_LDV_C_GSL_EX,T_D_pkm_ldv_c,le,0.018861811
PEI,2025,T_LDV_C_GSL_HEV_EX,T_D_pkm_ldv_c,le,0.018861811
PEI,2025,T_LDV_C_GSL_HEV_N,T_D_pkm_ldv_c,le,0.018861811
PEI,2025,T_LDV_C_GSL_N,T_D_pkm_ldv_c,le,0.018861811
PEI,2025,T_LDV_C_GSL_PHEV35_EX,T_D_pkm_ldv_c,le,0.018861811
PEI,2025,T_LDV_C_GSL_PHEV35_N,T_D_pkm_ldv_c,le,0.018861811
PEI,2025,T_LDV_C_GSL_PHEV50_N,T_D_pkm_ldv_c,le,0.018861811
PEI,2025,T_LDV_LTF_BEV150_N,T_D_tkm_ldv_t,le,0.033234262
PEI,2025,T_LDV_LTF_BEV200_N,T_D_tkm_ldv_t,le,0.033234262
PEI,2025,T_LDV_LTF_BEV300_N,T_D_tkm_ldv_t,le,0.033234262
PEI,2025,T_LDV_LTF_BEV400_N,T_D_tkm_ldv_t,le,0.033234262
PEI,2025,T_LDV_LTF_CNG_N,T_D_tkm_ldv_t,le,0.033234262
PEI,2025,T_LDV_LTF_DSL_EX,T_D_tkm_ldv_t,le,0.033234262
PEI,2025,T_LDV_LTF_DSL_N,T_D_tkm_ldv_t,le,0.033234262
PEI,2025,T_LDV_LTF_FCEV400_N,T_D_tkm_ldv_t,le,0.033234262
PEI,2025,T_LDV_LTF_GSL_EX,T_D_tkm_ldv_t,le,0.033234262
PEI,2025,T_LDV_LTF_GSL_HEV_EX,T_D_tkm_ldv_t,le,0.033234262
PEI,2025,T_LDV_LTF_GSL_HEV_N,T_D_tkm_ldv_t,le,0.033234262
PEI,2025,T_LDV_LTF_GSL_N,T_D_tkm_ldv_t,le,0.033234262
PEI,2025,T_LDV_LTF_GSL_PHEV35_EX,T_D_tkm_ldv_t,le,0.033234262
PEI,2025,T_LDV_LTF_GSL_PHEV35_N,T_D_tkm_ldv_t,le,0.033234262
PEI,2025,T_LDV_LTF_GSL_PHEV50_N,T_D_tkm_ldv_t,le,0.033234262
PEI,2025,T_LDV_LTP_BEV150_N,T_D_pkm_ldv_t,le,0.017073488
PEI,2025,T_LDV_LTP_BEV200_N,T_D_pkm_ldv_t,le,0.017073488
PEI,2025,T_LDV_LTP_BEV300_EX,T_D_pkm_ldv_t,le,0.017073488
PEI,2025,T_LDV_LTP_BEV300_N,T_D_pkm_ldv_t,le,0.017073488
PEI,2025,T_LDV_LTP_BEV400_N,T_D_pkm_ldv_t,le,0.017073488
PEI,2025,T_LDV_LTP_CNG_N,T_D_pkm_ldv_t,le,0.017073488
PEI,2025,T_LDV_LTP_DSL_EX,T_D_pkm_ldv_t,le,0.017073488
PEI,2025,T_LDV_LTP_DSL_N,T_D_pkm_ldv_t,le,0.017073488
PEI,2025,T_LDV_LTP_FCEV400_N,T_D_pkm_ldv_t,le,0.017073488
PEI,2025,T_LDV_LTP_GSL_EX,T_D_pkm_ldv_t,le,0.017073488
PEI,2025,T_LDV_LTP_GSL_HEV_EX,T_D_pkm_ldv_t,le,0.017073488
PEI,2025,T_LDV_LTP_GSL_HEV_N,T_D_pkm_ldv_t,le,0.017073488
PEI,2025,T_LDV_LTP_GSL_N,T_D_pkm_ldv_t,le,0.017073488
PEI,2025,T_LDV_LTP_GSL_PHEV35_EX,T_D_pkm_ldv_t,le,0.017073488
PEI,2025,T_LDV_LTP_GSL_PHEV35_N,T_D_pkm_ldv_t,le,0.017073488
PEI,2025,T_LDV_LTP_GSL_PHEV50_N,T_D_pkm_ldv_t,le,0.017073488
PEI,2025,T_MDV_T_BEV_N,T_D_tkm_mdv_t,le,0.026242254
PEI,2025,T_MDV_T_DSL_EX,T_D_tkm_mdv_t,le,0.026242254
PEI,2025,T_MDV_T_DSL_HEV_N,T_D_tkm_mdv_t,le,0.026242254
PEI,2025,T_MDV_T_DSL_N,T_D_tkm_mdv_t,le,0.026242254
PEI,2025,T_MDV_T_DSL_PHEV_N,T_D_tkm_mdv_t,le,0.026242254
PEI,2025,T_MDV_T_FCEV_N,T_D_tkm_mdv_t,le,0.026242254
PEI,2025,T_MDV_T_FCHEV_N,T_D_tkm_mdv_t,le,0.026242254
PEI,2025,T_MDV_T_GSL_EX,T_D_tkm_mdv_t,le,0.039363381
PEI,2025,T_MDV_T_GSL_N,T_D_tkm_mdv_t,le,0.039363381
PEI,2030,T_HDV_T_BEV_N,T_D_tkm_hdv_t,le,0.22340348
PEI,2030,T_HDV_T_DSL_EX,T_D_tkm_hdv_t,le,0.22340348
PEI,2030,T_HDV_T_DSL_HEV_N,T_D_tkm_hdv_t,le,0.22340348
PEI,2030,T_HDV_T_DSL_N,T_D_tkm_hdv_t,le,0.22340348
PEI,2030,T_HDV_T_DSL_PHEV_N,T_D_tkm_hdv_t,le,0.22340348
PEI,2030,T_HDV_T_FCEV_N,T_D_tkm_hdv_t,le,0.22340348
PEI,2030,T_HDV_T_FCHEV_N,T_D_tkm_hdv_t,le,0.22340348
PEI,2030,T_LDV_C_BEV150_EX,T_D_pkm_ldv_c,le,0.021028602
PEI,2030,T_LDV_C_BEV150_N,T_D_pkm_ldv_c,le,0.021028602
PEI,2030,T_LDV_C_BEV200_N,T_D_pkm_ldv_c,le,0.021028602
PEI,2030,T_LDV_C_BEV300_N,T_D_pkm_ldv_c,le,0.021028602
PEI,2030,T_LDV_C_BEV400_N,T_D_pkm_ldv_c,le,0.021028602
PEI,2030,T_LDV_C_CNG_N,T_D_pkm_ldv_c,le,0.021028602
PEI,2030,T_LDV_C_DSL_EX,T_D_pkm_ldv_c,le,0.021028602
PEI,2030,T_LDV_C_DSL_N,T_D_pkm_ldv_c,le,0.021028602
PEI,2030,T_LDV_C_FCEV400_N,T_D_pkm_ldv_c,le,0.021028602
PEI,2030,T_LDV_C_GSL_EX,T_D_pkm_ldv_c,le,0.021028602
PEI,2030,T_LDV_C_GSL_HEV_EX,T_D_pkm_ldv_c,le,0.021028602
PEI,2030,T_LDV_C_GSL_HEV_N,T_D_pkm_ldv_c,le,0.021028602
PEI,2030,T_LDV_C_GSL_N,T_D_pkm_ldv_c,le,0.021028602
PEI,2030,T_LDV_C_GSL_PHEV35_EX,T_D_pkm_ldv_c,le,0.021028602
PEI,2030,T_LDV_C_GSL_PHEV35_N,T_D_pkm_ldv_c,le,0.021028602
PEI,2030,T_LDV_C_GSL_PHEV50_N,T_D_pkm_ldv_c,le,0.021028602
PEI,2030,T_LDV_LTF_BEV150_N,T_D_tkm_ldv_t,le,0.036457652
PEI,2030,T_LDV_LTF_BEV200_N,T_D_tkm_ldv_t,le,0.036457652
PEI,2030,T_LDV_LTF_BEV300_N,T_D_tkm_ldv_t,le,0.036457652
PEI,2030,T_LDV_LTF_BEV400_N,T_D_tkm_ldv_t,le,0.036457652
PEI,2030,T_LDV_LTF_CNG_N,T_D_tkm_ldv_t,le,0.036457652
PEI,2030,T_LDV_LTF_DSL_EX,T_D_tkm_ldv_t,le,0.036457652
PEI,2030,T_LDV_LTF_DSL_N,T_D_tkm_ldv_t,le,0.036457652
PEI,2030,T_LDV_LTF_FCEV400_N,T_D_tkm_ldv_t,le,0.036457652
PEI,2030,T_LDV_LTF_GSL_EX,T_D_tkm_ldv_t,le,0.036457652
PEI,2030,T_LDV_LTF_GSL_HEV_EX,T_D_tkm_ldv_t,le,0.036457652
PEI,2030,T_LDV_LTF_GSL_HEV_N,T_D_tkm_ldv_t,le,0.036457652
PEI,2030,T_LDV_LTF_GSL_N,T_D_tkm_ldv_t,le,0.036457652
PEI,2030,T_LDV_LTF_GSL_PHEV35_EX,T_D_tkm_ldv_t,le,0.036457652
PEI,2030,T_LDV_LTF_GSL_PHEV35_N,T_D_tkm_ldv_t,le,0.036457652
PEI,2030,T_LDV_LTF_GSL_PHEV50_N,T_D_tkm_ldv_t,le,0.036457652
PEI,2030,T_LDV_LTP_BEV150_N,T_D_pkm_ldv_t,le,0.018757299
PEI,2030,T_LDV_LTP_BEV200_N,T_D_pkm_ldv_t,le,0.018757299
PEI,2030,T_LDV_LTP_BEV300_EX,T_D_pkm_ldv_t,le,0.018757299
PEI,2030,T_LDV_LTP_BEV300_N,T_D_pkm_ldv_t,le,0.018757299
PEI,2030,T_LDV_LTP_BEV400_N,T_D_pkm_ldv_t,le,0.018757299
PEI,2030,T_LDV_LTP_CNG_N,T_D_pkm_ldv_t,le,0.018757299
PEI,2030,T_LDV_LTP_DSL_EX,T_D_pkm_ldv_t,le,0.018757299
PEI,2030,T_LDV_LTP_DSL_N,T_D_pkm_ldv_t,le,0.018757299
PEI,2030,T_LDV_LTP_FCEV400_N,T_D_pkm_ldv_t,le,0.018757299
PEI,2030,T_LDV_LTP_GSL_EX,T_D_pkm_ldv_t,le,0.018757299
PEI,2030,T_LDV_LTP_GSL_HEV_EX,T_D_pkm_ldv_t,le,0.018757299
PEI,2030,T_LDV_LTP_GSL_HEV_N,T_D_pkm_ldv_t,le,0.018757299
PEI,2030,T_LDV_LTP_GSL_N,T_D_pkm_ldv_t,le,0.018757299
PEI,2030,T_LDV_LTP_GSL_PHEV35_EX,T_D_pkm_ldv_t,le,0.018757299
PEI,2030,T_LDV_LTP_GSL_PHEV35_N,T_D_pkm_ldv_t,le,0.018757299
PEI,2030,T_LDV_LTP_GSL_PHEV50_N,T_D_pkm_ldv_t,le,0.018757299
PEI,2030,T_MDV_T_BEV_N,T_D_tkm_mdv_t,le,0.027680639
PEI,2030,T_MDV_T_DSL_EX,T_D_tkm_mdv_t,le,0.027680639
PEI,2030,T_MDV_T_DSL_HEV_N,T_D_tkm_mdv_t,le,0.027680639
PEI,2030,T_MDV_T_DSL_N,T_D_tkm_mdv_t,le,0.027680639
PEI,2030,T_MDV_T_DSL_PHEV_N,T_D_tkm_mdv_t,le,0.027680639
PEI,2030,T_MDV_T_FCEV_N,T_D_tkm_mdv_t,le,0.027680639
PEI,2030,T_MDV_T_FCHEV_N,T_D_tkm_mdv_t,le,0.027680639
PEI,2030,T_MDV_T_GSL_EX,T_D_tkm_mdv_t,le,0.041520959
PEI,2030,T_MDV_T_GSL_N,T_D_tkm_mdv_t,le,0.041520959
PEI,2035,T_HDV_T_BEV_N,T_D_tkm_hdv_t,le,0.22340348
PEI,2035,T_HDV_T_DSL_EX,T_D_tkm_hdv_t,le,0.22340348
PEI,2035,T_HDV_T_DSL_HEV_N,T_D_tkm_hdv_t,le,0.22340348
PEI,2035,T_HDV_T_DSL_N,T_D_tkm_hdv_t,le,0.22340348
PEI,2035,T_HDV_T_DSL_PHEV_N,T_D_tkm_hdv_t,le,0.22340348
PEI,2035,T_HDV_T_FCEV_N,T_D_tkm_hdv_t,le,0.22340348
PEI,2035,T_HDV_T_FCHEV_N,T_D_tkm_hdv_t,le,0.22340348
PEI,2035,T_LDV_C_BEV150_N,T_D_pkm_ldv_c,le,0.021028602
PEI,2035,T_LDV_C_BEV200_N,T_D_pkm_ldv_c,le,0.021028602
PEI,2035,T_LDV_C_BEV300_N,T_D_pkm_ldv_c,le,0.021028602
PEI,2035,T_LDV_C_BEV400_N,T_D_pkm_ldv_c,le,0.021028602
PEI,2035,T_LDV_C_CNG_N,T_D_pkm_ldv_c,le,0.021028602
PEI,2035,T_LDV_C_DSL_N,T_D_pkm_ldv_c,le,0.021028602
PEI,2035,T_LDV_C_FCEV400_N,T_D_pkm_ldv_c,le,0.021028602
PEI,2035,T_LDV_C_GSL_HEV_N,T_D_pkm_ldv_c,le,0.021028602
PEI,2035,T_LDV_C_GSL_N,T_D_pkm_ldv_c,le,0.021028602
PEI,2035,T_LDV_C_GSL_PHEV35_N,T_D_pkm_ldv_c,le,0.021028602
PEI,2035,T_LDV_C_GSL_PHEV50_N,T_D_pkm_ldv_c,le,0.021028602
PEI,2035,T_LDV_LTF_BEV150_N,T_D_tkm_ldv_t,le,0.036457652
PEI,2035,T_LDV_LTF_BEV200_N,T_D_tkm_ldv_t,le,0.036457652
PEI,2035,T_LDV_LTF_BEV300_N,T_D_tkm_ldv_t,le,0.036457652
PEI,2035,T_LDV_LTF_BEV400_N,T_D_tkm_ldv_t,le,0.036457652
PEI,2035,T_LDV_LTF_CNG_N,T_D_tkm_ldv_t,le,0.036457652
PEI,2035,T_LDV_LTF_DSL_EX,T_D_tkm_ldv_t,le,0.036457652
PEI,2035,T_LDV_LTF_DSL_N,T_D_tkm_ldv_t,le,0.036457652
PEI,2035,T_LDV_LTF_FCEV400_N,T_D_tkm_ldv_t,le,0.036457652
PEI,2035,T_LDV_LTF_GSL_EX,T_D_tkm_ldv_t,le,0.036457652
PEI,2035,T_LDV_LTF_GSL_HEV_N,T_D_tkm_ldv_t,le,0.036457652
PEI,2035,T_LDV_LTF_GSL_N,T_D_tkm_ldv_t,le,0.036457652
PEI,2035,T_LDV_LTF_GSL_PHEV35_EX,T_D_tkm_ldv_t,le,0.036457652
PEI,2035,T_LDV_LTF_GSL_PHEV35_N,T_D_tkm_ldv_t,le,0.036457652
PEI,2035,T_LDV_LTF_GSL_PHEV50_N,T_D_tkm_ldv_t,le,0.036457652
PEI,2035,T_LDV_LTP_BEV150_N,T_D_pkm_ldv_t,le,0.018757299
PEI,2035,T_LDV_LTP_BEV200_N,T_D_pkm_ldv_t,le,0.018757299
PEI,2035,T_LDV_LTP_BEV300_EX,T_D_pkm_ldv_t,le,0.018757299
PEI,2035,T_LDV_LTP_BEV300_N,T_D_pkm_ldv_t,le,0.018757299
PEI,2035,T_LDV_LTP_BEV400_N,T_D_pkm_ldv_t,le,0.018757299
PEI,2035,T_LDV_LTP_CNG_N,T_D_pkm_ldv_t,le,0.018757299
PEI,2035,T_LDV_LTP_DSL_EX,T_D_pkm_ldv_t,le,0.018757299
PEI,2035,T_LDV_LTP_DSL_N,T_D_pkm_ldv_t,le,0.018757299
PEI,2035,T_LDV_LTP_FCEV400_N,T_D_pkm_ldv_t,le,0.018757299
PEI,2035,T_LDV_LTP_GSL_EX,T_D_pkm_ldv_t,le,0.018757299
PEI,2035,T_LDV_LTP_GSL_HEV_EX,T_D_pkm_ldv_t,le,0.018757299
PEI,2035,T_LDV_LTP_GSL_HEV_N,T_D_pkm_ldv_t,le,0.018757299
PEI,2035,T_LDV_LTP_GSL_N,T_D_pkm_ldv_t,le,0.018757299
PEI,2035,T_LDV_LTP_GSL_PHEV35_EX,T_D_pkm_ldv_t,le,0.018757299
PEI,2035,T_LDV_LTP_GSL_PHEV35_N,T_D_pkm_ldv_t,le,0.018757299
PEI,2035,T_LDV_LTP_GSL_PHEV50_N,T_D_pkm_ldv_t,le,0.018757299
PEI,2035,T_MDV_T_BEV_N,T_D_tkm_mdv_t,le,0.027680639
PEI,2035,T_MDV_T_DSL_EX,T_D_tkm_mdv_t,le,0.027680639
PEI,2035,T_MDV_T_DSL_HEV_N,T_D_tkm_mdv_t,le,0.027680639
PEI,2035,T_MDV_T_DSL_N,T_D_tkm_mdv_t,le,0.027680639
PEI,2035,T_MDV_T_DSL_PHEV_N,T_D_tkm_mdv_t,le,0.027680639
PEI,2035,T_MDV_T_FCEV_N,T_D_tkm_mdv_t,le,0.027680639
PEI,2035,T_MDV_T_FCHEV_N,T_D_tkm_mdv_t,le,0.027680639
PEI,2035,T_MDV_T_GSL_EX,T_D_tkm_mdv_t,le,0.041520959
PEI,2035,T_MDV_T_GSL_N,T_D_tkm_mdv_t,le,0.041520959
PEI,2040,T_HDV_T_BEV_N,T_D_tkm_hdv_t,le,0.22340348
PEI,2040,T_HDV_T_DSL_HEV_N,T_D_tkm_hdv_t,le,0.22340348
PEI,2040,T_HDV_T_DSL_N,T_D_tkm_hdv_t,le,0.22340348
PEI,2040,T_HDV_T_DSL_PHEV_N,T_D_tkm_hdv_t,le,0.22340348
PEI,2040,T_HDV_T_FCEV_N,T_D_tkm_hdv_t,le,0.22340348
PEI,2040,T_HDV_T_FCHEV_N,T_D_tkm_hdv_t,le,0.22340348
PEI,2040,T_LDV_C_BEV150_N,T_D_pkm_ldv_c,le,0.021028602
PEI,2040,T_LDV_C_BEV200_N,T_D_pkm_ldv_c,le,0.021028602
PEI,2040,T_LDV_C_BEV300_N,T_D_pkm_ldv_c,le,0.021028602
PEI,2040,T_LDV_C_BEV400_N,T_D_pkm_ldv_c,le,0.021028602
PEI,2040,T_LDV_C_CNG_N,T_D_pkm_ldv_c,le,0.021028602
PEI,2040,T_LDV_C_DSL_N,T_D_pkm_ldv_c,le,0.021028602
PEI,2040,T_LDV_C_FCEV400_N,T_D_pkm_ldv_c,le,0.021028602
PEI,2040,T_LDV_C_GSL_HEV_N,T_D_pkm_ldv_c,le,0.021028602
PEI,2040,T_LDV_C_GSL_N,T_D_pkm_ldv_c,le,0.021028602
PEI,2040,T_LDV_C_GSL_PHEV35_N,T_D_pkm_ldv_c,le,0.021028602
PEI,2040,T_LDV_C_GSL_PHEV50_N,T_D_pkm_ldv_c,le,0.021028602
PEI,2040,T_LDV_LTF_BEV150_N,T_D_tkm_ldv_t,le,0.036457652
PEI,2040,T_LDV_LTF_BEV200_N,T_D_tkm_ldv_t,le,0.036457652
PEI,2040,T_LDV_LTF_BEV300_N,T_D_tkm_ldv_t,le,0.036457652
PEI,2040,T_LDV_LTF_BEV400_N,T_D_tkm_ldv_t,le,0.036457652
PEI,2040,T_LDV_LTF_CNG_N,T_D_tkm_ldv_t,le,0.036457652
PEI,2040,T_LDV_LTF_DSL_N,T_D_tkm_ldv_t,le,0.036457652
PEI,2040,T_LDV_LTF_FCEV400_N,T_D_tkm_ldv_t,le,0.036457652
PEI,2040,T_LDV_LTF_GSL_HEV_N,T_D_tkm_ldv_t,le,0.036457652
PEI,2040,T_LDV_LTF_GSL_N,T_D_tkm_ldv_t,le,0.036457652
PEI,2040,T_LDV_LTF_GSL_PHEV35_N,T_D_tkm_ldv_t,le,0.036457652
PEI,2040,T_LDV_LTF_GSL_PHEV50_N,T_D_tkm_ldv_t,le,0.036457652
PEI,2040,T_LDV_LTP_BEV150_N,T_D_pkm_ldv_t,le,0.018757299
PEI,2040,T_LDV_LTP_BEV200_N,T_D_pkm_ldv_t,le,0.018757299
PEI,2040,T_LDV_LTP_BEV300_N,T_D_pkm_ldv_t,le,0.018757299
PEI,2040,T_LDV_LTP_BEV400_N,T_D_pkm_ldv_t,le,0.018757299
PEI,2040,T_LDV_LTP_CNG_N,T_D_pkm_ldv_t,le,0.018757299
PEI,2040,T_LDV_LTP_DSL_N,T_D_pkm_ldv_t,le,0.018757299
PEI,2040,T_LDV_LTP_FCEV400_N,T_D_pkm_ldv_t,le,0.018757299
PEI,2040,T_LDV_LTP_GSL_HEV_N,T_D_pkm_ldv_t,le,0.018757299
PEI,2040,T_LDV_LTP_GSL_N,T_D_pkm_ldv_t,le,0.018757299
PEI,2040,T_LDV_LTP_GSL_PHEV35_N,T_D_pkm_ldv_t,le,0.018757299
PEI,2040,T_LDV_LTP_GSL_PHEV50_N,T_D_pkm_ldv_t,le,0.018757299
PEI,2040,T_MDV_T_BEV_N,T_D_tkm_mdv_t,le,0.027680639
PEI,2040,T_MDV_T_DSL_HEV_N,T_D_tkm_mdv_t,le,0.027680639
PEI,2040,T_MDV_T_DSL_N,T_D_tkm_mdv_t,le,0.027680639
PEI,2040,T_MDV_T_DSL_PHEV_N,T_D_tkm_mdv_t,le,0.027680639
PEI,2040,T_MDV_T_FCEV_N,T_D_tkm_mdv_t,le,0.027680639
PEI,2040,T_MDV_T_FCHEV_N,T_D_tkm_mdv_t,le,0.027680639
PEI,2040,T_MDV_T_GSL_N,T_D_tkm_mdv_t,le,0.041520959
PEI,2045,T_HDV_T_BEV_N,T_D_tkm_hdv_t,le,0.22340348
PEI,2045,T_HDV_T_DSL_HEV_N,T_D_tkm_hdv_t,le,0.22340348
PEI,2045,T_HDV_T_DSL_N,T_D_tkm_hdv_t,le,0.22340348
PEI,2045,T_HDV_T_DSL_PHEV_N,T_D_tkm_hdv_t,le,0.22340348
PEI,2045,T_HDV_T_FCEV_N,T_D_tkm_hdv_t,le,0.22340348
PEI,2045,T_HDV_T_FCHEV_N,T_D_tkm_hdv_t,le,0.22340348
PEI,2045,T_LDV_C_BEV150_N,T_D_pkm_ldv_c,le,0.021028602
PEI,2045,T_LDV_C_BEV200_N,T_D_pkm_ldv_c,le,0.021028602
PEI,2045,T_LDV_C_BEV300_N,T_D_pkm_ldv_c,le,0.021028602
PEI,2045,T_LDV_C_BEV400_N,T_D_pkm_ldv_c,le,0.021028602
PEI,2045,T_LDV_C_CNG_N,T_D_pkm_ldv_c,le,0.021028602
PEI,2045,T_LDV_C_DSL_N,T_D_pkm_ldv_c,le,0.021028602
PEI,2045,T_LDV_C_FCEV400_N,T_D_pkm_ldv_c,le,0.021028602
PEI,2045,T_LDV_C_GSL_HEV_N,T_D_pkm_ldv_c,le,0.021028602
PEI,2045,T_LDV_C_GSL_N,T_D_pkm_ldv_c,le,0.021028602
PEI,2045,T_LDV_C_GSL_PHEV35_N,T_D_pkm_ldv_c,le,0.021028602
PEI,2045,T_LDV_C_GSL_PHEV50_N,T_D_pkm_ldv_c,le,0.021028602
PEI,2045,T_LDV_LTF_BEV150_N,T_D_tkm_ldv_t,le,0.036457652
PEI,2045,T_LDV_LTF_BEV200_N,T_D_tkm_ldv_t,le,0.036457652
PEI,2045,T_LDV_LTF_BEV300_N,T_D_tkm_ldv_t,le,0.036457652
PEI,2045,T_LDV_LTF_BEV400_N,T_D_tkm_ldv_t,le,0.036457652
PEI,2045,T_LDV_LTF_CNG_N,T_D_tkm_ldv_t,le,0.036457652
PEI,2045,T_LDV_LTF_DSL_N,T_D_tkm_ldv_t,le,0.036457652
PEI,2045,T_LDV_LTF_FCEV400_N,T_D_tkm_ldv_t,le,0.036457652
PEI,2045,T_LDV_LTF_GSL_HEV_N,T_D_tkm_ldv_t,le,0.036457652
PEI,2045,T_LDV_LTF_GSL_N,T_D_tkm_ldv_t,le,0.036457652
PEI,2045,T_LDV_LTF_GSL_PHEV35_N,T_D_tkm_ldv_t,le,0.036457652
PEI,2045,T_LDV_LTF_GSL_PHEV50_N,T_D_tkm_ldv_t,le,0.036457652
PEI,2045,T_LDV_LTP_BEV150_N,T_D_pkm_ldv_t,le,0.018757299
PEI,2045,T_LDV_LTP_BEV200_N,T_D_pkm_ldv_t,le,0.018757299
PEI,2045,T_LDV_LTP_BEV300_N,T_D_pkm_ldv_t,le,0.018757299
PEI,2045,T_LDV_LTP_BEV400_N,T_D_pkm_ldv_t,le,0.018757299
PEI,2045,T_LDV_LTP_CNG_N,T_D_pkm_ldv_t,le,0.018757299
PEI,2045,T_LDV_LTP_DSL_N,T_D_pkm_ldv_t,le,0.018757299
PEI,2045,T_LDV_LTP_FCEV400_N,T_D_pkm_ldv_t,le,0.018757299
PEI,2045,T_LDV_LTP_GSL_HEV_N,T_D_pkm_ldv_t,le,0.018757299
PEI,2045,T_LDV_LTP_GSL_N,T_D_pkm_ldv_t,le,0.018757299
PEI,2045,T_LDV_LTP_GSL_PHEV35_N,T_D_pkm_ldv_t,le,0.018757299
PEI,2045,T_LDV_LTP_GSL_PHEV50_N,T_D_pkm_ldv_t,le,0.018757299
PEI,2045,T_MDV_T_BEV_N,T_D_tkm_mdv_t,le,0.027680639
PEI,2045,T_MDV_T_DSL_HEV_N,T_D_tkm_mdv_t,le,0.027680639
PEI,2045,T_MDV_T_DSL_N,T_D_tkm_mdv_t,le,0.027680639
PEI,2045,T_MDV_T_DSL_PHEV_N,T_D_tkm_mdv_t,le,0.027680639
PEI,2045,T_MDV_T_FCEV_N,T_D_tkm_mdv_t,le,0.027680639
PEI,2045,T_MDV_T_FCHEV_N,T_D_tkm_mdv_t,le,0.027680639
PEI,2045,T_MDV_T_GSL_N,T_D_tkm_mdv_t,le,0.041520959
PEI,2050,T_HDV_T_BEV_N,T_D_tkm_hdv_t,le,0.22340348
PEI,2050,T_HDV_T_DSL_HEV_N,T_D_tkm_hdv_t,le,0.22340348
PEI,2050,T_HDV_T_DSL_N,T_D_tkm_hdv_t,le,0.22340348
PEI,2050,T_HDV_T_DSL_PHEV_N,T_D_tkm_hdv_t,le,0.22340348
PEI,2050,T_HDV_T_FCEV_N,T_D_tkm_hdv_t,le,0.22340348
PEI,2050,T_HDV_T_FCHEV_N,T_D_tkm_hdv_t,le,0.22340348
PEI,2050,T_LDV_C_BEV150_N,T_D_pkm_ldv_c,le,0.021028602
PEI,2050,T_LDV_C_BEV200_N,T_D_pkm_ldv_c,le,0.021028602
PEI,2050,T_LDV_C_BEV300_N,T_D_pkm_ldv_c,le,0.021028602
PEI,2050,T_LDV_C_BEV400_N,T_D_pkm_ldv_c,le,0.021028602
PEI,2050,T_LDV_C_CNG_N,T_D_pkm_ldv_c,le,0.021028602
PEI,2050,T_LDV_C_DSL_N,T_D_pkm_ldv_c,le,0.021028602
PEI,2050,T_LDV_C_FCEV400_N,T_D_pkm_ldv_c,le,0.021028602
PEI,2050,T_LDV_C_GSL_HEV_N,T_D_pkm_ldv_c,le,0.021028602
PEI,2050,T_LDV_C_GSL_N,T_D_pkm_ldv_c,le,0.021028602
PEI,2050,T_LDV_C_GSL_PHEV35_N,T_D_pkm_ldv_c,le,0.021028602
PEI,2050,T_LDV_C_GSL_PHEV50_N,T_D_pkm_ldv_c,le,0.021028602
PEI,2050,T_LDV_LTF_BEV150_N,T_D_tkm_ldv_t,le,0.036457652
PEI,2050,T_LDV_LTF_BEV200_N,T_D_tkm_ldv_t,le,0.036457652
PEI,2050,T_LDV_LTF_BEV300_N,T_D_tkm_ldv_t,le,0.036457652
PEI,2050,T_LDV_LTF_BEV400_N,T_D_tkm_ldv_t,le,0.036457652
PEI,2050,T_LDV_LTF_CNG_N,T_D_tkm_ldv_t,le,0.036457652
PEI,2050,T_LDV_LTF_DSL_N,T_D_tkm_ldv_t,le,0.036457652
PEI,2050,T_LDV_LTF_FCEV400_N,T_D_tkm_ldv_t,le,0.036457652
PEI,2050,T_LDV_LTF_GSL_HEV_N,T_D_tkm_ldv_t,le,0.036457652
PEI,2050,T_LDV_LTF_GSL_N,T_D_tkm_ldv_t,le,0.036457652
PEI,2050,T_LDV_LTF_GSL_PHEV35_N,T_D_tkm_ldv_t,le,0.036457652
PEI,2050,T_LDV_LTF_GSL_PHEV50_N,T_D_tkm_ldv_t,le,0.036457652
PEI,2050,T_LDV_LTP_BEV150_N,T_D_pkm_ldv_t,le,0.018757299
PEI,2050,T_LDV_LTP_BEV200_N,T_D_pkm_ldv_t,le,0.018757299
PEI,2050,T_LDV_LTP_BEV300_N,T_D_pkm_ldv_t,le,0.018757299
PEI,2050,T_LDV_LTP_BEV400_N,T_D_pkm_ldv_t,le,0.018757299
PEI,2050,T_LDV_LTP_CNG_N,T_D_pkm_ldv_t,le,0.018757299
PEI,2050,T_LDV_LTP_DSL_N,T_D_pkm_ldv_t,le,0.018757299
PEI,2050,T_LDV_LTP_FCEV400_N,T_D_pkm_ldv_t,le,0.018757299
PEI,2050,T_LDV_LTP_GSL_HEV_N,T_D_pkm_ldv_t,le,0.018757299
PEI,2050,T_LDV_LTP_GSL_N,T_D_pkm_ldv_t,le,0.018757299
PEI,2050,T_LDV_LTP_GSL_PHEV35_N,T_D_pkm_ldv_t,le,0.018757299
PEI,2050,T_LDV_LTP_GSL_PHEV50_N,T_D_pkm_ldv_t,le,0.018757299
PEI,2050,T_MDV_T_BEV_N,T_D_tkm_mdv_t,le,0.027680639
PEI,2050,T_MDV_T_DSL_HEV_N,T_D_tkm_mdv_t,le,0.027680639
PEI,2050,T_MDV_T_DSL_N,T_D_tkm_mdv_t,le,0.027680639
PEI,2050,T_MDV_T_DSL_PHEV_N,T_D_tkm_mdv_t,le,0.027680639
PEI,2050,T_MDV_T_FCEV_N,T_D_tkm_mdv_t,le,0.027680639
PEI,2050,T_MDV_T_FCHEV_N,T_D_tkm_mdv_t,le,0.027680639
PEI,2050,T_MDV_T_GSL_N,T_D_tkm_mdv_t,le,0.041520959
QC,2025,T_HDV_T_BEV_N,T_D_tkm_hdv_t,le,0.207244942
QC,2025,T_HDV_T_DSL_EX,T_D_tkm_hdv_t,le,0.207244942
QC,2025,T_HDV_T_DSL_HEV_N,T_D_tkm_hdv_t,le,0.207244942
QC,2025,T_HDV_T_DSL_N,T_D_tkm_hdv_t,le,0.207244942
QC,2025,T_HDV_T_DSL_PHEV_N,T_D_tkm_hdv_t,le,0.207244942
QC,2025,T_HDV_T_FCEV_N,T_D_tkm_hdv_t,le,0.207244942
QC,2025,T_HDV_T_FCHEV_N,T_D_tkm_hdv_t,le,0.207244942
QC,2025,T_LDV_C_BEV150_EX,T_D_pkm_ldv_c,le,0.018861811
QC,2025,T_LDV_C_BEV150_N,T_D_pkm_ldv_c,le,0.018861811
QC,2025,T_LDV_C_BEV200_N,T_D_pkm_ldv_c,le,0.018861811
QC,2025,T_LDV_C_BEV300_N,T_D_pkm_ldv_c,le,0.018861811
QC,2025,T_LDV_C_BEV400_N,T_D_pkm_ldv_c,le,0.018861811
QC,2025,T_LDV_C_CNG_N,T_D_pkm_ldv_c,le,0.018861811
QC,2025,T_LDV_C_DSL_EX,T_D_pkm_ldv_c,le,0.018861811
QC,2025,T_LDV_C_DSL_N,T_D_pkm_ldv_c,le,0.018861811
QC,2025,T_LDV_C_FCEV400_N,T_D_pkm_ldv_c,le,0.018861811
QC,2025,T_LDV_C_GSL_EX,T_D_pkm_ldv_c,le,0.018861811
QC,2025,T_LDV_C_GSL_HEV_EX,T_D_pkm_ldv_c,le,0.018861811
QC,2025,T_LDV_C_GSL_HEV_N,T_D_pkm_ldv_c,le,0.018861811
QC,2025,T_LDV_C_GSL_N,T_D_pkm_ldv_c,le,0.018861811
QC,2025,T_LDV_C_GSL_PHEV35_EX,T_D_pkm_ldv_c,le,0.018861811
QC,2025,T_LDV_C_GSL_PHEV35_N,T_D_pkm_ldv_c,le,0.018861811
QC,2025,T_LDV_C_GSL_PHEV50_N,T_D_pkm_ldv_c,le,0.018861811
QC,2025,T_LDV_LTF_BEV150_N,T_D_tkm_ldv_t,le,0.033234262
QC,2025,T_LDV_LTF_BEV200_N,T_D_tkm_ldv_t,le,0.033234262
QC,2025,T_LDV_LTF_BEV300_N,T_D_tkm_ldv_t,le,0.033234262
QC,2025,T_LDV_LTF_BEV400_N,T_D_tkm_ldv_t,le,0.033234262
QC,2025,T_LDV_LTF_CNG_N,T_D_tkm_ldv_t,le,0.033234262
QC,2025,T_LDV_LTF_DSL_EX,T_D_tkm_ldv_t,le,0.033234262
QC,2025,T_LDV_LTF_DSL_N,T_D_tkm_ldv_t,le,0.033234262
QC,2025,T_LDV_LTF_FCEV400_N,T_D_tkm_ldv_t,le,0.033234262
QC,2025,T_LDV_LTF_GSL_EX,T_D_tkm_ldv_t,le,0.033234262
QC,2025,T_LDV_LTF_GSL_HEV_EX,T_D_tkm_ldv_t,le,0.033234262
QC,2025,T_LDV_LTF_GSL_HEV_N,T_D_tkm_ldv_t,le,0.033234262
QC,2025,T_LDV_LTF_GSL_N,T_D_tkm_ldv_t,le,0.033234262
QC,2025,T_LDV_LTF_GSL_PHEV35_EX,T_D_tkm_ldv_t,le,0.033234262
QC,2025,T_LDV_LTF_GSL_PHEV35_N,T_D_tkm_ldv_t,le,0.033234262
QC,2025,T_LDV_LTF_GSL_PHEV50_N,T_D_tkm_ldv_t,le,0.033234262
QC,2025,T_LDV_LTP_BEV150_N,T_D_pkm_ldv_t,le,0.017073488
QC,2025,T_LDV_LTP_BEV200_N,T_D_pkm_ldv_t,le,0.017073488
QC,2025,T_LDV_LTP_BEV300_EX,T_D_pkm_ldv_t,le,0.017073488
QC,2025,T_LDV_LTP_BEV300_N,T_D_pkm_ldv_t,le,0.017073488
QC,2025,T_LDV_LTP_BEV400_N,T_D_pkm_ldv_t,le,0.017073488
QC,2025,T_LDV_LTP_CNG_N,T_D_pkm_ldv_t,le,0.017073488
QC,2025,T_LDV_LTP_DSL_EX,T_D_pkm_ldv_t,le,0.017073488
QC,2025,T_LDV_LTP_DSL_N,T_D_pkm_ldv_t,le,0.017073488
QC,2025,T_LDV_LTP_FCEV400_N,T_D_pkm_ldv_t,le,0.017073488
QC,2025,T_LDV_LTP_GSL_EX,T_D_pkm_ldv_t,le,0.017073488
QC,2025,T_LDV_LTP_GSL_HEV_EX,T_D_pkm_ldv_t,le,0.017073488
QC,2025,T_LDV_LTP_GSL_HEV_N,T_D_pkm_ldv_t,le,0.017073488
QC,2025,T_LDV_LTP_GSL_N,T_D_pkm_ldv_t,le,0.017073488
QC,2025,T_LDV_LTP_GSL_PHEV35_EX,T_D_pkm_ldv_t,le,0.017073488
QC,2025,T_LDV_LTP_GSL_PHEV35_N,T_D_pkm_ldv_t,le,0.017073488
QC,2025,T_LDV_LTP_GSL_PHEV50_N,T_D_pkm_ldv_t,le,0.017073488
QC,2025,T_MDV_T_BEV_N,T_D_tkm_mdv_t,le,0.026242254
QC,2025,T_MDV_T_DSL_EX,T_D_tkm_mdv_t,le,0.026242254
QC,2025,T_MDV_T_DSL_HEV_N,T_D_tkm_mdv_t,le,0.026242254
QC,2025,T_MDV_T_DSL_N,T_D_tkm_mdv_t,le,0.026242254
QC,2025,T_MDV_T_DSL_PHEV_N,T_D_tkm_mdv_t,le,0.026242254
QC,2025,T_MDV_T_FCEV_N,T_D_tkm_mdv_t,le,0.026242254
QC,2025,T_MDV_T_FCHEV_N,T_D_tkm_mdv_t,le,0.026242254
QC,2030,T_HDV_T_BEV_N,T_D_tkm_hdv_t,le,0.22340348
QC,2030,T_HDV_T_DSL_EX,T_D_tkm_hdv_t,le,0.22340348
QC,2030,T_HDV_T_DSL_HEV_N,T_D_tkm_hdv_t,le,0.22340348
QC,2030,T_HDV_T_DSL_N,T_D_tkm_hdv_t,le,0.22340348
QC,2030,T_HDV_T_DSL_PHEV_N,T_D_tkm_hdv_t,le,0.22340348
QC,2030,T_HDV_T_FCEV_N,T_D_tkm_hdv_t,le,0.22340348
QC,2030,T_HDV_T_FCHEV_N,T_D_tkm_hdv_t,le,0.22340348
QC,2030,T_LDV_C_BEV150_EX,T_D_pkm_ldv_c,le,0.021028602
QC,2030,T_LDV_C_BEV150_N,T_D_pkm_ldv_c,le,0.021028602
QC,2030,T_LDV_C_BEV200_N,T_D_pkm_ldv_c,le,0.021028602
QC,2030,T_LDV_C_BEV300_N,T_D_pkm_ldv_c,le,0.021028602
QC,2030,T_LDV_C_BEV400_N,T_D_pkm_ldv_c,le,0.021028602
QC,2030,T_LDV_C_CNG_N,T_D_pkm_ldv_c,le,0.021028602
QC,2030,T_LDV_C_DSL_EX,T_D_pkm_ldv_c,le,0.021028602
QC,2030,T_LDV_C_DSL_N,T_D_pkm_ldv_c,le,0.021028602
QC,2030,T_LDV_C_FCEV400_N,T_D_pkm_ldv_c,le,0.021028602
QC,2030,T_LDV_C_GSL_EX,T_D_pkm_ldv_c,le,0.021028602
QC,2030,T_LDV_C_GSL_HEV_EX,T_D_pkm_ldv_c,le,0.021028602
QC,2030,T_LDV_C_GSL_HEV_N,T_D_pkm_ldv_c,le,0.021028602
QC,2030,T_LDV_C_GSL_N,T_D_pkm_ldv_c,le,0.021028602
QC,2030,T_LDV_C_GSL_PHEV35_EX,T_D_pkm_ldv_c,le,0.021028602
QC,2030,T_LDV_C_GSL_PHEV35_N,T_D_pkm_ldv_c,le,0.021028602
QC,2030,T_LDV_C_GSL_PHEV50_N,T_D_pkm_ldv_c,le,0.021028602
QC,2030,T_LDV_LTF_BEV150_N,T_D_tkm_ldv_t,le,0.036457652
QC,2030,T_LDV_LTF_BEV200_N,T_D_tkm_ldv_t,le,0.036457652
QC,2030,T_LDV_LTF_BEV300_N,T_D_tkm_ldv_t,le,0.036457652
QC,2030,T_LDV_LTF_BEV400_N,T_D_tkm_ldv_t,le,0.036457652
QC,2030,T_LDV_LTF_CNG_N,T_D_tkm_ldv_t,le,0.036457652
QC,2030,T_LDV_LTF_DSL_EX,T_D_tkm_ldv_t,le,0.036457652
QC,2030,T_LDV_LTF_DSL_N,T_D_tkm_ldv_t,le,0.036457652
QC,2030,T_LDV_LTF_FCEV400_N,T_D_tkm_ldv_t,le,0.036457652
QC,2030,T_LDV_LTF_GSL_EX,T_D_tkm_ldv_t,le,0.036457652
QC,2030,T_LDV_LTF_GSL_HEV_EX,T_D_tkm_ldv_t,le,0.036457652
QC,2030,T_LDV_LTF_GSL_HEV_N,T_D_tkm_ldv_t,le,0.036457652
QC,2030,T_LDV_LTF_GSL_N,T_D_tkm_ldv_t,le,0.036457652
QC,2030,T_LDV_LTF_GSL_PHEV35_EX,T_D_tkm_ldv_t,le,0.036457652
QC,2030,T_LDV_LTF_GSL_PHEV35_N,T_D_tkm_ldv_t,le,0.036457652
QC,2030,T_LDV_LTF_GSL_PHEV50_N,T_D_tkm_ldv_t,le,0.036457652
QC,2030,T_MDV_T_BEV_N,T_D_tkm_mdv_t,le,0.027680639
QC,2030,T_MDV_T_DSL_EX,T_D_tkm_mdv_t,le,0.027680639
QC,2030,T_MDV_T_DSL_HEV_N,T_D_tkm_mdv_t,le,0.027680639
QC,2030,T_MDV_T_DSL_N,T_D_tkm_mdv_t,le,0.027680639
QC,2030,T_MDV_T_DSL_PHEV_N,T_D_tkm_mdv_t,le,0.027680639
QC,2030,T_MDV_T_FCEV_N,T_D_tkm_mdv_t,le,0.027680639
QC,2030,T_MDV_T_FCHEV_N,T_D_tkm_mdv_t,le,0.027680639
QC,2035,T_HDV_T_BEV_N,T_D_tkm_hdv_t,le,0.22340348
QC,2035,T_HDV_T_DSL_EX,T_D_tkm_hdv_t,le,0.22340348
QC,2035,T_HDV_T_DSL_HEV_N,T_D_tkm_hdv_t,le,0.22340348
QC,2035,T_HDV_T_DSL_N,T_D_tkm_hdv_t,le,0.22340348
QC,2035,T_HDV_T_DSL_PHEV_N,T_D_tkm_hdv_t,le,0.22340348
QC,2035,T_HDV_T_FCEV_N,T_D_tkm_hdv_t,le,0.22340348
QC,2035,T_HDV_T_FCHEV_N,T_D_tkm_hdv_t,le,0.22340348
QC,2035,T_LDV_C_BEV150_N,T_D_pkm_ldv_c,le,0.021028602
QC,2035,T_LDV_C_BEV200_N,T_D_pkm_ldv_c,le,0.021028602
QC,2035,T_LDV_C_BEV300_N,T_D_pkm_ldv_c,le,0.021028602
QC,2035,T_LDV_C_BEV400_N,T_D_pkm_ldv_c,le,0.021028602
QC,2035,T_LDV_C_CNG_N,T_D_pkm_ldv_c,le,0.021028602
QC,2035,T_LDV_C_DSL_N,T_D_pkm_ldv_c,le,0.021028602
QC,2035,T_LDV_C_FCEV400_N,T_D_pkm_ldv_c,le,0.021028602
QC,2035,T_LDV_C_GSL_HEV_N,T_D_pkm_ldv_c,le,0.021028602
QC,2035,T_LDV_C_GSL_N,T_D_pkm_ldv_c,le,0.021028602
QC,2035,T_LDV_C_GSL_PHEV35_N,T_D_pkm_ldv_c,le,0.021028602
QC,2035,T_LDV_C_GSL_PHEV50_N,T_D_pkm_ldv_c,le,0.021028602
QC,2035,T_LDV_LTF_BEV150_N,T_D_tkm_ldv_t,le,0.036457652
QC,2035,T_LDV_LTF_BEV200_N,T_D_tkm_ldv_t,le,0.036457652
QC,2035,T_LDV_LTF_BEV300_N,T_D_tkm_ldv_t,le,0.036457652
QC,2035,T_LDV_LTF_BEV400_N,T_D_tkm_ldv_t,le,0.036457652
QC,2035,T_LDV_LTF_CNG_N,T_D_tkm_ldv_t,le,0.036457652
QC,2035,T_LDV_LTF_DSL_EX,T_D_tkm_ldv_t,le,0.036457652
QC,2035,T_LDV_LTF_DSL_N,T_D_tkm_ldv_t,le,0.036457652
QC,2035,T_LDV_LTF_FCEV400_N,T_D_tkm_ldv_t,le,0.036457652
QC,2035,T_LDV_LTF_GSL_EX,T_D_tkm_ldv_t,le,0.036457652
QC,2035,T_LDV_LTF_GSL_HEV_EX,T_D_tkm_ldv_t,le,0.036457652
QC,2035,T_LDV_LTF_GSL_HEV_N,T_D_tkm_ldv_t,le,0.036457652
QC,2035,T_LDV_LTF_GSL_N,T_D_tkm_ldv_t,le,0.036457652
QC,2035,T_LDV_LTF_GSL_PHEV35_EX,T_D_tkm_ldv_t,le,0.036457652
QC,2035,T_LDV_LTF_GSL_PHEV35_N,T_D_tkm_ldv_t,le,0.036457652
QC,2035,T_LDV_LTF_GSL_PHEV50_N,T_D_tkm_ldv_t,le,0.036457652
QC,2035,T_MDV_T_BEV_N,T_D_tkm_mdv_t,le,0.027680639
QC,2035,T_MDV_T_DSL_EX,T_D_tkm_mdv_t,le,0.027680639
QC,2035,T_MDV_T_DSL_HEV_N,T_D_tkm_mdv_t,le,0.027680639
QC,2035,T_MDV_T_DSL_N,T_D_tkm_mdv_t,le,0.027680639
QC,2035,T_MDV_T_DSL_PHEV_N,T_D_tkm_mdv_t,le,0.027680639
QC,2035,T_MDV_T_FCEV_N,T_D_tkm_mdv_t,le,0.027680639
QC,2035,T_MDV_T_FCHEV_N,T_D_tkm_mdv_t,le,0.027680639
QC,2040,T_HDV_T_BEV_N,T_D_tkm_hdv_t,le,0.22340348
QC,2040,T_HDV_T_DSL_HEV_N,T_D_tkm_hdv_t,le,0.22340348
QC,2040,T_HDV_T_DSL_N,T_D_tkm_hdv_t,le,0.22340348
QC,2040,T_HDV_T_DSL_PHEV_N,T_D_tkm_hdv_t,le,0.22340348
QC,2040,T_HDV_T_FCEV_N,T_D_tkm_hdv_t,le,0.22340348
QC,2040,T_HDV_T_FCHEV_N,T_D_tkm_hdv_t,le,0.22340348
QC,2040,T_LDV_C_BEV150_N,T_D_pkm_ldv_c,le,0.021028602
QC,2040,T_LDV_C_BEV200_N,T_D_pkm_ldv_c,le,0.021028602
QC,2040,T_LDV_C_BEV300_N,T_D_pkm_ldv_c,le,0.021028602
QC,2040,T_LDV_C_BEV400_N,T_D_pkm_ldv_c,le,0.021028602
QC,2040,T_LDV_C_CNG_N,T_D_pkm_ldv_c,le,0.021028602
QC,2040,T_LDV_C_DSL_N,T_D_pkm_ldv_c,le,0.021028602
QC,2040,T_LDV_C_FCEV400_N,T_D_pkm_ldv_c,le,0.021028602
QC,2040,T_LDV_C_GSL_HEV_N,T_D_pkm_ldv_c,le,0.021028602
QC,2040,T_LDV_C_GSL_N,T_D_pkm_ldv_c,le,0.021028602
QC,2040,T_LDV_C_GSL_PHEV35_N,T_D_pkm_ldv_c,le,0.021028602
QC,2040,T_LDV_C_GSL_PHEV50_N,T_D_pkm_ldv_c,le,0.021028602
QC,2040,T_LDV_LTF_BEV150_N,T_D_tkm_ldv_t,le,0.036457652
QC,2040,T_LDV_LTF_BEV200_N,T_D_tkm_ldv_t,le,0.036457652
QC,2040,T_LDV_LTF_BEV300_N,T_D_tkm_ldv_t,le,0.036457652
QC,2040,T_LDV_LTF_BEV400_N,T_D_tkm_ldv_t,le,0.036457652
QC,2040,T_LDV_LTF_CNG_N,T_D_tkm_ldv_t,le,0.036457652
QC,2040,T_LDV_LTF_DSL_N,T_D_tkm_ldv_t,le,0.036457652
QC,2040,T_LDV_LTF_FCEV400_N,T_D_tkm_ldv_t,le,0.036457652
QC,2040,T_LDV_LTF_GSL_HEV_N,T_D_tkm_ldv_t,le,0.036457652
QC,2040,T_LDV_LTF_GSL_N,T_D_tkm_ldv_t,le,0.036457652
QC,2040,T_LDV_LTF_GSL_PHEV35_N,T_D_tkm_ldv_t,le,0.036457652
QC,2040,T_LDV_LTF_GSL_PHEV50_N,T_D_tkm_ldv_t,le,0.036457652
QC,2040,T_MDV_T_BEV_N,T_D_tkm_mdv_t,le,0.027680639
QC,2040,T_MDV_T_DSL_HEV_N,T_D_tkm_mdv_t,le,0.027680639
QC,2040,T_MDV_T_DSL_N,T_D_tkm_mdv_t,le,0.027680639
QC,2040,T_MDV_T_DSL_PHEV_N,T_D_tkm_mdv_t,le,0.027680639
QC,2040,T_MDV_T_FCEV_N,T_D_tkm_mdv_t,le,0.027680639
QC,2040,T_MDV_T_FCHEV_N,T_D_tkm_mdv_t,le,0.027680639
QC,2045,T_HDV_T_BEV_N,T_D_tkm_hdv_t,le,0.22340348
QC,2045,T_HDV_T_DSL_HEV_N,T_D_tkm_hdv_t,le,0.22340348
QC,2045,T_HDV_T_DSL_N,T_D_tkm_hdv_t,le,0.22340348
QC,2045,T_HDV_T_DSL_PHEV_N,T_D_tkm_hdv_t,le,0.22340348
QC,2045,T_HDV_T_FCEV_N,T_D_tkm_hdv_t,le,0.22340348
QC,2045,T_HDV_T_FCHEV_N,T_D_tkm_hdv_t,le,0.22340348
QC,2045,T_LDV_C_BEV150_N,T_D_pkm_ldv_c,le,0.021028602
QC,2045,T_LDV_C_BEV200_N,T_D_pkm_ldv_c,le,0.021028602
QC,2045,T_LDV_C_BEV300_N,T_D_pkm_ldv_c,le,0.021028602
QC,2045,T_LDV_C_BEV400_N,T_D_pkm_ldv_c,le,0.021028602
QC,2045,T_LDV_C_CNG_N,T_D_pkm_ldv_c,le,0.021028602
QC,2045,T_LDV_C_DSL_N,T_D_pkm_ldv_c,le,0.021028602
QC,2045,T_LDV_C_FCEV400_N,T_D_pkm_ldv_c,le,0.021028602
QC,2045,T_LDV_C_GSL_HEV_N,T_D_pkm_ldv_c,le,0.021028602
QC,2045,T_LDV_C_GSL_N,T_D_pkm_ldv_c,le,0.021028602
QC,2045,T_LDV_C_GSL_PHEV35_N,T_D_pkm_ldv_c,le,0.021028602
QC,2045,T_LDV_C_GSL_PHEV50_N,T_D_pkm_ldv_c,le,0.021028602
QC,2045,T_LDV_LTF_BEV150_N,T_D_tkm_ldv_t,le,0.036457652
QC,2045,T_LDV_LTF_BEV200_N,T_D_tkm_ldv_t,le,0.036457652
QC,2045,T_LDV_LTF_BEV300_N,T_D_tkm_ldv_t,le,0.036457652
QC,2045,T_LDV_LTF_BEV400_N,T_D_tkm_ldv_t,le,0.036457652
QC,2045,T_LDV_LTF_CNG_N,T_D_tkm_ldv_t,le,0.036457652
QC,2045,T_LDV_LTF_DSL_N,T_D_tkm_ldv_t,le,0.036457652
QC,2045,T_LDV_LTF_FCEV400_N,T_D_tkm_ldv_t,le,0.036457652
QC,2045,T_LDV_LTF_GSL_HEV_N,T_D_tkm_ldv_t,le,0.036457652
QC,2045,T_LDV_LTF_GSL_N,T_D_tkm_ldv_t,le,0.036457652
QC,2045,T_LDV_LTF_GSL_PHEV35_N,T_D_tkm_ldv_t,le,0.036457652
QC,2045,T_LDV_LTF_GSL_PHEV50_N,T_D_tkm_ldv_t,le,0.036457652
QC,2045,T_MDV_T_BEV_N,T_D_tkm_mdv_t,le,0.027680639
QC,2045,T_MDV_T_DSL_HEV_N,T_D_tkm_mdv_t,le,0.027680639
QC,2045,T_MDV_T_DSL_N,T_D_tkm_mdv_t,le,0.027680639
QC,2045,T_MDV_T_DSL_PHEV_N,T_D_tkm_mdv_t,le,0.027680639
QC,2045,T_MDV_T_FCEV_N,T_D_tkm_mdv_t,le,0.027680639
QC,2045,T_MDV_T_FCHEV_N,T_D_tkm_mdv_t,le,0.027680639
QC,2050,T_HDV_T_BEV_N,T_D_tkm_hdv_t,le,0.22340348
QC,2050,T_HDV_T_DSL_HEV_N,T_D_tkm_hdv_t,le,0.22340348
QC,2050,T_HDV_T_DSL_N,T_D_tkm_hdv_t,le,0.22340348
QC,2050,T_HDV_T_DSL_PHEV_N,T_D_tkm_hdv_t,le,0.22340348
QC,2050,T_HDV_T_FCEV_N,T_D_tkm_hdv_t,le,0.22340348
QC,2050,T_HDV_T_FCHEV_N,T_D_tkm_hdv_t,le,0.22340348
QC,2050,T_LDV_C_BEV150_N,T_D_pkm_ldv_c,le,0.021028602
QC,2050,T_LDV_C_BEV200_N,T_D_pkm_ldv_c,le,0.021028602
QC,2050,T_LDV_C_BEV300_N,T_D_pkm_ldv_c,le,0.021028602
QC,2050,T_LDV_C_BEV400_N,T_D_pkm_ldv_c,le,0.021028602
QC,2050,T_LDV_C_CNG_N,T_D_pkm_ldv_c,le,0.021028602
QC,2050,T_LDV_C_DSL_N,T_D_pkm_ldv_c,le,0.021028602
QC,2050,T_LDV_C_FCEV400_N,T_D_pkm_ldv_c,le,0.021028602
QC,2050,T_LDV_C_GSL_HEV_N,T_D_pkm_ldv_c,le,0.021028602
QC,2050,T_LDV_C_GSL_N,T_D_pkm_ldv_c,le,0.021028602
QC,2050,T_LDV_C_GSL_PHEV35_N,T_D_pkm_ldv_c,le,0.021028602
QC,2050,T_LDV_C_GSL_PHEV50_N,T_D_pkm_ldv_c,le,0.021028602
QC,2050,T_LDV_LTF_BEV150_N,T_D_tkm_ldv_t,le,0.036457652
QC,2050,T_LDV_LTF_BEV200_N,T_D_tkm_ldv_t,le,0.036457652
QC,2050,T_LDV_LTF_BEV300_N,T_D_tkm_ldv_t,le,0.036457652
QC,2050,T_LDV_LTF_BEV400_N,T_D_tkm_ldv_t,le,0.036457652
QC,2050,T_LDV_LTF_CNG_N,T_D_tkm_ldv_t,le,0.036457652
QC,2050,T_LDV_LTF_DSL_N,T_D_tkm_ldv_t,le,0.036457652
QC,2050,T_LDV_LTF_FCEV400_N,T_D_tkm_ldv_t,le,0.036457652
QC,2050,T_LDV_LTF_GSL_HEV_N,T_D_tkm_ldv_t,le,0.036457652
QC,2050,T_LDV_LTF_GSL_N,T_D_tkm_ldv_t,le,0.036457652
QC,2050,T_LDV_LTF_GSL_PHEV35_N,T_D_tkm_ldv_t,le,0.036457652
QC,2050,T_LDV_LTF_GSL_PHEV50_N,T_D_tkm_ldv_t,le,0.036457652
QC,2050,T_MDV_T_BEV_N,T_D_tkm_mdv_t,le,0.027680639
QC,2050,T_MDV_T_DSL_HEV_N,T_D_tkm_mdv_t,le,0.027680639
QC,2050,T_MDV_T_DSL_N,T_D_tkm_mdv_t,le,0.027680639
QC,2050,T_MDV_T_DSL_PHEV_N,T_D_tkm_mdv_t,le,0.027680639
QC,2050,T_MDV_T_FCEV_N,T_D_tkm_mdv_t,le,0.027680639
QC,2050,T_MDV_T_FCHEV_N,T_D_tkm_mdv_t,le,0.027680639
SK,2025,T_HDV_T_BEV_N,T_D_tkm_hdv_t,le,0.207244942
SK,2025,T_HDV_T_DSL_EX,T_D_tkm_hdv_t,le,0.207244942
SK,2025,T_HDV_T_DSL_HEV_N,T_D_tkm_hdv_t,le,0.207244942
SK,2025,T_HDV_T_DSL_N,T_D_tkm_hdv_t,le,0.207244942
SK,2025,T_HDV_T_DSL_PHEV_N,T_D_tkm_hdv_t,le,0.207244942
SK,2025,T_HDV_T_FCEV_N,T_D_tkm_hdv_t,le,0.207244942
SK,2025,T_HDV_T_FCHEV_N,T_D_tkm_hdv_t,le,0.207244942
SK,2025,T_LDV_C_BEV150_EX,T_D_pkm_ldv_c,le,0.018861811
SK,2025,T_LDV_C_BEV150_N,T_D_pkm_ldv_c,le,0.018861811
SK,2025,T_LDV_C_BEV200_N,T_D_pkm_ldv_c,le,0.018861811
SK,2025,T_LDV_C_BEV300_N,T_D_pkm_ldv_c,le,0.018861811
SK,2025,T_LDV_C_BEV400_N,T_D_pkm_ldv_c,le,0.018861811
SK,2025,T_LDV_C_CNG_N,T_D_pkm_ldv_c,le,0.018861811
SK,2025,T_LDV_C_DSL_EX,T_D_pkm_ldv_c,le,0.018861811
SK,2025,T_LDV_C_DSL_N,T_D_pkm_ldv_c,le,0.018861811
SK,2025,T_LDV_C_FCEV400_N,T_D_pkm_ldv_c,le,0.018861811
SK,2025,T_LDV_C_GSL_EX,T_D_pkm_ldv_c,le,0.018861811
SK,2025,T_LDV_C_GSL_HEV_EX,T_D_pkm_ldv_c,le,0.018861811
SK,2025,T_LDV_C_GSL_HEV_N,T_D_pkm_ldv_c,le,0.018861811
SK,2025,T_LDV_C_GSL_N,T_D_pkm_ldv_c,le,0.018861811
SK,2025,T_LDV_C_GSL_PHEV35_EX,T_D_pkm_ldv_c,le,0.018861811
SK,2025,T_LDV_C_GSL_PHEV35_N,T_D_pkm_ldv_c,le,0.018861811
SK,2025,T_LDV_C_GSL_PHEV50_N,T_D_pkm_ldv_c,le,0.018861811
SK,2025,T_LDV_LTF_BEV150_N,T_D_tkm_ldv_t,le,0.033234262
SK,2025,T_LDV_LTF_BEV200_N,T_D_tkm_ldv_t,le,0.033234262
SK,2025,T_LDV_LTF_BEV300_N,T_D_tkm_ldv_t,le,0.033234262
SK,2025,T_LDV_LTF_BEV400_N,T_D_tkm_ldv_t,le,0.033234262
SK,2025,T_LDV_LTF_CNG_N,T_D_tkm_ldv_t,le,0.033234262
SK,2025,T_LDV_LTF_DSL_EX,T_D_tkm_ldv_t,le,0.033234262
SK,2025,T_LDV_LTF_DSL_N,T_D_tkm_ldv_t,le,0.033234262
SK,2025,T_LDV_LTF_FCEV400_N,T_D_tkm_ldv_t,le,0.033234262
SK,2025,T_LDV_LTF_GSL_EX,T_D_tkm_ldv_t,le,0.033234262
SK,2025,T_LDV_LTF_GSL_HEV_EX,T_D_tkm_ldv_t,le,0.033234262
SK,2025,T_LDV_LTF_GSL_HEV_N,T_D_tkm_ldv_t,le,0.033234262
SK,2025,T_LDV_LTF_GSL_N,T_D_tkm_ldv_t,le,0.033234262
SK,2025,T_LDV_LTF_GSL_PHEV35_EX,T_D_tkm_ldv_t,le,0.033234262
SK,2025,T_LDV_LTF_GSL_PHEV35_N,T_D_tkm_ldv_t,le,0.033234262
SK,2025,T_LDV_LTF_GSL_PHEV50_N,T_D_tkm_ldv_t,le,0.033234262
SK,2025,T_LDV_LTP_BEV150_N,T_D_pkm_ldv_t,le,0.017073488
SK,2025,T_LDV_LTP_BEV200_N,T_D_pkm_ldv_t,le,0.017073488
SK,2025,T_LDV_LTP_BEV300_EX,T_D_pkm_ldv_t,le,0.017073488
SK,2025,T_LDV_LTP_BEV300_N,T_D_pkm_ldv_t,le,0.017073488
SK,2025,T_LDV_LTP_BEV400_N,T_D_pkm_ldv_t,le,0.017073488
SK,2025,T_LDV_LTP_CNG_N,T_D_pkm_ldv_t,le,0.017073488
SK,2025,T_LDV_LTP_DSL_EX,T_D_pkm_ldv_t,le,0.017073488
SK,2025,T_LDV_LTP_DSL_N,T_D_pkm_ldv_t,le,0.017073488
SK,2025,T_LDV_LTP_FCEV400_N,T_D_pkm_ldv_t,le,0.017073488
SK,2025,T_LDV_LTP_GSL_EX,T_D_pkm_ldv_t,le,0.017073488
SK,2025,T_LDV_LTP_GSL_HEV_EX,T_D_pkm_ldv_t,le,0.017073488
SK,2025,T_LDV_LTP_GSL_HEV_N,T_D_pkm_ldv_t,le,0.017073488
SK,2025,T_LDV_LTP_GSL_N,T_D_pkm_ldv_t,le,0.017073488
SK,2025,T_LDV_LTP_GSL_PHEV35_EX,T_D_pkm_ldv_t,le,0.017073488
SK,2025,T_LDV_LTP_GSL_PHEV35_N,T_D_pkm_ldv_t,le,0.017073488
SK,2025,T_LDV_LTP_GSL_PHEV50_N,T_D_pkm_ldv_t,le,0.017073488
SK,2025,T_MDV_T_BEV_N,T_D_tkm_mdv_t,le,0.026242254
SK,2025,T_MDV_T_DSL_EX,T_D_tkm_mdv_t,le,0.026242254
SK,2025,T_MDV_T_DSL_HEV_N,T_D_tkm_mdv_t,le,0.026242254
SK,2025,T_MDV_T_DSL_N,T_D_tkm_mdv_t,le,0.026242254
SK,2025,T_MDV_T_DSL_PHEV_N,T_D_tkm_mdv_t,le,0.026242254
SK,2025,T_MDV_T_FCEV_N,T_D_tkm_mdv_t,le,0.026242254
SK,2025,T_MDV_T_FCHEV_N,T_D_tkm_mdv_t,le,0.026242254
SK,2030,T_HDV_T_BEV_N,T_D_tkm_hdv_t,le,0.22340348
SK,2030,T_HDV_T_DSL_EX,T_D_tkm_hdv_t,le,0.22340348
SK,2030,T_HDV_T_DSL_HEV_N,T_D_tkm_hdv_t,le,0.22340348
SK,2030,T_HDV_T_DSL_N,T_D_tkm_hdv_t,le,0.22340348
SK,2030,T_HDV_T_DSL_PHEV_N,T_D_tkm_hdv_t,le,0.22340348
SK,2030,T_HDV_T_FCEV_N,T_D_tkm_hdv_t,le,0.22340348
SK,2030,T_HDV_T_FCHEV_N,T_D_tkm_hdv_t,le,0.22340348
SK,2030,T_LDV_C_BEV150_EX,T_D_pkm_ldv_c,le,0.021028602
SK,2030,T_LDV_C_BEV150_N,T_D_pkm_ldv_c,le,0.021028602
SK,2030,T_LDV_C_BEV200_N,T_D_pkm_ldv_c,le,0.021028602
SK,2030,T_LDV_C_BEV300_N,T_D_pkm_ldv_c,le,0.021028602
SK,2030,T_LDV_C_BEV400_N,T_D_pkm_ldv_c,le,0.021028602
SK,2030,T_LDV_C_CNG_N,T_D_pkm_ldv_c,le,0.021028602
SK,2030,T_LDV_C_DSL_EX,T_D_pkm_ldv_c,le,0.021028602
SK,2030,T_LDV_C_DSL_N,T_D_pkm_ldv_c,le,0.021028602
SK,2030,T_LDV_C_FCEV400_N,T_D_pkm_ldv_c,le,0.021028602
SK,2030,T_LDV_C_GSL_EX,T_D_pkm_ldv_c,le,0.021028602
SK,2030,T_LDV_C_GSL_HEV_EX,T_D_pkm_ldv_c,le,0.021028602
SK,2030,T_LDV_C_GSL_HEV_N,T_D_pkm_ldv_c,le,0.021028602
SK,2030,T_LDV_C_GSL_N,T_D_pkm_ldv_c,le,0.021028602
SK,2030,T_LDV_C_GSL_PHEV35_EX,T_D_pkm_ldv_c,le,0.021028602
SK,2030,T_LDV_C_GSL_PHEV35_N,T_D_pkm_ldv_c,le,0.021028602
SK,2030,T_LDV_C_GSL_PHEV50_N,T_D_pkm_ldv_c,le,0.021028602
SK,2030,T_LDV_LTF_BEV150_N,T_D_tkm_ldv_t,le,0.036457652
SK,2030,T_LDV_LTF_BEV200_N,T_D_tkm_ldv_t,le,0.036457652
SK,2030,T_LDV_LTF_BEV300_N,T_D_tkm_ldv_t,le,0.036457652
SK,2030,T_LDV_LTF_BEV400_N,T_D_tkm_ldv_t,le,0.036457652
SK,2030,T_LDV_LTF_CNG_N,T_D_tkm_ldv_t,le,0.036457652
SK,2030,T_LDV_LTF_DSL_EX,T_D_tkm_ldv_t,le,0.036457652
SK,2030,T_LDV_LTF_DSL_N,T_D_tkm_ldv_t,le,0.036457652
SK,2030,T_LDV_LTF_FCEV400_N,T_D_tkm_ldv_t,le,0.036457652
SK,2030,T_LDV_LTF_GSL_EX,T_D_tkm_ldv_t,le,0.036457652
SK,2030,T_LDV_LTF_GSL_HEV_EX,T_D_tkm_ldv_t,le,0.036457652
SK,2030,T_LDV_LTF_GSL_HEV_N,T_D_tkm_ldv_t,le,0.036457652
SK,2030,T_LDV_LTF_GSL_N,T_D_tkm_ldv_t,le,0.036457652
SK,2030,T_LDV_LTF_GSL_PHEV35_EX,T_D_tkm_ldv_t,le,0.036457652
SK,2030,T_LDV_LTF_GSL_PHEV35_N,T_D_tkm_ldv_t,le,0.036457652
SK,2030,T_LDV_LTF_GSL_PHEV50_N,T_D_tkm_ldv_t,le,0.036457652
SK,2030,T_LDV_LTP_BEV150_N,T_D_pkm_ldv_t,le,0.018757299
SK,2030,T_LDV_LTP_BEV200_N,T_D_pkm_ldv_t,le,0.018757299
SK,2030,T_LDV_LTP_BEV300_EX,T_D_pkm_ldv_t,le,0.018757299
SK,2030,T_LDV_LTP_BEV300_N,T_D_pkm_ldv_t,le,0.018757299
SK,2030,T_LDV_LTP_BEV400_N,T_D_pkm_ldv_t,le,0.018757299
SK,2030,T_LDV_LTP_CNG_N,T_D_pkm_ldv_t,le,0.018757299
SK,2030,T_LDV_LTP_DSL_EX,T_D_pkm_ldv_t,le,0.018757299
SK,2030,T_LDV_LTP_DSL_N,T_D_pkm_ldv_t,le,0.018757299
SK,2030,T_LDV_LTP_FCEV400_N,T_D_pkm_ldv_t,le,0.018757299
SK,2030,T_LDV_LTP_GSL_EX,T_D_pkm_ldv_t,le,0.018757299
SK,2030,T_LDV_LTP_GSL_HEV_EX,T_D_pkm_ldv_t,le,0.018757299
SK,2030,T_LDV_LTP_GSL_HEV_N,T_D_pkm_ldv_t,le,0.018757299
SK,2030,T_LDV_LTP_GSL_N,T_D_pkm_ldv_t,le,0.018757299
SK,2030,T_LDV_LTP_GSL_PHEV35_EX,T_D_pkm_ldv_t,le,0.018757299
SK,2030,T_LDV_LTP_GSL_PHEV35_N,T_D_pkm_ldv_t,le,0.018757299
SK,2030,T_LDV_LTP_GSL_PHEV50_N,T_D_pkm_ldv_t,le,0.018757299
SK,2030,T_MDV_T_BEV_N,T_D_tkm_mdv_t,le,0.027680639
SK,2030,T_MDV_T_DSL_EX,T_D_tkm_mdv_t,le,0.027680639
SK,2030,T_MDV_T_DSL_HEV_N,T_D_tkm_mdv_t,le,0.027680639
SK,2030,T_MDV_T_DSL_N,T_D_tkm_mdv_t,le,0.027680639
SK,2030,T_MDV_T_DSL_PHEV_N,T_D_tkm_mdv_t,le,0.027680639
SK,2030,T_MDV_T_FCEV_N,T_D_tkm_mdv_t,le,0.027680639
SK,2030,T_MDV_T_FCHEV_N,T_D_tkm_mdv_t,le,0.027680639
SK,2035,T_HDV_T_BEV_N,T_D_tkm_hdv_t,le,0.22340348
SK,2035,T_HDV_T_DSL_EX,T_D_tkm_hdv_t,le,0.22340348
SK,2035,T_HDV_T_DSL_HEV_N,T_D_tkm_hdv_t,le,0.22340348
SK,2035,T_HDV_T_DSL_N,T_D_tkm_hdv_t,le,0.22340348
SK,2035,T_HDV_T_DSL_PHEV_N,T_D_tkm_hdv_t,le,0.22340348
SK,2035,T_HDV_T_FCEV_N,T_D_tkm_hdv_t,le,0.22340348
SK,2035,T_HDV_T_FCHEV_N,T_D_tkm_hdv_t,le,0.22340348
SK,2035,T_LDV_C_BEV150_N,T_D_pkm_ldv_c,le,0.021028602
SK,2035,T_LDV_C_BEV200_N,T_D_pkm_ldv_c,le,0.021028602
SK,2035,T_LDV_C_BEV300_N,T_D_pkm_ldv_c,le,0.021028602
SK,2035,T_LDV_C_BEV400_N,T_D_pkm_ldv_c,le,0.021028602
SK,2035,T_LDV_C_CNG_N,T_D_pkm_ldv_c,le,0.021028602
SK,2035,T_LDV_C_DSL_N,T_D_pkm_ldv_c,le,0.021028602
SK,2035,T_LDV_C_FCEV400_N,T_D_pkm_ldv_c,le,0.021028602
SK,2035,T_LDV_C_GSL_HEV_N,T_D_pkm_ldv_c,le,0.021028602
SK,2035,T_LDV_C_GSL_N,T_D_pkm_ldv_c,le,0.021028602
SK,2035,T_LDV_C_GSL_PHEV35_N,T_D_pkm_ldv_c,le,0.021028602
SK,2035,T_LDV_C_GSL_PHEV50_N,T_D_pkm_ldv_c,le,0.021028602
SK,2035,T_LDV_LTF_BEV150_N,T_D_tkm_ldv_t,le,0.036457652
SK,2035,T_LDV_LTF_BEV200_N,T_D_tkm_ldv_t,le,0.036457652
SK,2035,T_LDV_LTF_BEV300_N,T_D_tkm_ldv_t,le,0.036457652
SK,2035,T_LDV_LTF_BEV400_N,T_D_tkm_ldv_t,le,0.036457652
SK,2035,T_LDV_LTF_CNG_N,T_D_tkm_ldv_t,le,0.036457652
SK,2035,T_LDV_LTF_DSL_EX,T_D_tkm_ldv_t,le,0.036457652
SK,2035,T_LDV_LTF_DSL_N,T_D_tkm_ldv_t,le,0.036457652
SK,2035,T_LDV_LTF_FCEV400_N,T_D_tkm_ldv_t,le,0.036457652
SK,2035,T_LDV_LTF_GSL_EX,T_D_tkm_ldv_t,le,0.036457652
SK,2035,T_LDV_LTF_GSL_HEV_N,T_D_tkm_ldv_t,le,0.036457652
SK,2035,T_LDV_LTF_GSL_N,T_D_tkm_ldv_t,le,0.036457652
SK,2035,T_LDV_LTF_GSL_PHEV35_EX,T_D_tkm_ldv_t,le,0.036457652
SK,2035,T_LDV_LTF_GSL_PHEV35_N,T_D_tkm_ldv_t,le,0.036457652
SK,2035,T_LDV_LTF_GSL_PHEV50_N,T_D_tkm_ldv_t,le,0.036457652
SK,2035,T_LDV_LTP_BEV150_N,T_D_pkm_ldv_t,le,0.018757299
SK,2035,T_LDV_LTP_BEV200_N,T_D_pkm_ldv_t,le,0.018757299
SK,2035,T_LDV_LTP_BEV300_EX,T_D_pkm_ldv_t,le,0.018757299
SK,2035,T_LDV_LTP_BEV300_N,T_D_pkm_ldv_t,le,0.018757299
SK,2035,T_LDV_LTP_BEV400_N,T_D_pkm_ldv_t,le,0.018757299
SK,2035,T_LDV_LTP_CNG_N,T_D_pkm_ldv_t,le,0.018757299
SK,2035,T_LDV_LTP_DSL_EX,T_D_pkm_ldv_t,le,0.018757299
SK,2035,T_LDV_LTP_DSL_N,T_D_pkm_ldv_t,le,0.018757299
SK,2035,T_LDV_LTP_FCEV400_N,T_D_pkm_ldv_t,le,0.018757299
SK,2035,T_LDV_LTP_GSL_EX,T_D_pkm_ldv_t,le,0.018757299
SK,2035,T_LDV_LTP_GSL_HEV_EX,T_D_pkm_ldv_t,le,0.018757299
SK,2035,T_LDV_LTP_GSL_HEV_N,T_D_pkm_ldv_t,le,0.018757299
SK,2035,T_LDV_LTP_GSL_N,T_D_pkm_ldv_t,le,0.018757299
SK,2035,T_LDV_LTP_GSL_PHEV35_EX,T_D_pkm_ldv_t,le,0.018757299
SK,2035,T_LDV_LTP_GSL_PHEV35_N,T_D_pkm_ldv_t,le,0.018757299
SK,2035,T_LDV_LTP_GSL_PHEV50_N,T_D_pkm_ldv_t,le,0.018757299
SK,2035,T_MDV_T_BEV_N,T_D_tkm_mdv_t,le,0.027680639
SK,2035,T_MDV_T_DSL_EX,T_D_tkm_mdv_t,le,0.027680639
SK,2035,T_MDV_T_DSL_HEV_N,T_D_tkm_mdv_t,le,0.027680639
SK,2035,T_MDV_T_DSL_N,T_D_tkm_mdv_t,le,0.027680639
SK,2035,T_MDV_T_DSL_PHEV_N,T_D_tkm_mdv_t,le,0.027680639
SK,2035,T_MDV_T_FCEV_N,T_D_tkm_mdv_t,le,0.027680639
SK,2035,T_MDV_T_FCHEV_N,T_D_tkm_mdv_t,le,0.027680639
SK,2040,T_HDV_T_BEV_N,T_D_tkm_hdv_t,le,0.22340348
SK,2040,T_HDV_T_DSL_HEV_N,T_D_tkm_hdv_t,le,0.22340348
SK,2040,T_HDV_T_DSL_N,T_D_tkm_hdv_t,le,0.22340348
SK,2040,T_HDV_T_DSL_PHEV_N,T_D_tkm_hdv_t,le,0.22340348
SK,2040,T_HDV_T_FCEV_N,T_D_tkm_hdv_t,le,0.22340348
SK,2040,T_HDV_T_FCHEV_N,T_D_tkm_hdv_t,le,0.22340348
SK,2040,T_LDV_C_BEV150_N,T_D_pkm_ldv_c,le,0.021028602
SK,2040,T_LDV_C_BEV200_N,T_D_pkm_ldv_c,le,0.021028602
SK,2040,T_LDV_C_BEV300_N,T_D_pkm_ldv_c,le,0.021028602
SK,2040,T_LDV_C_BEV400_N,T_D_pkm_ldv_c,le,0.021028602
SK,2040,T_LDV_C_CNG_N,T_D_pkm_ldv_c,le,0.021028602
SK,2040,T_LDV_C_DSL_N,T_D_pkm_ldv_c,le,0.021028602
SK,2040,T_LDV_C_FCEV400_N,T_D_pkm_ldv_c,le,0.021028602
SK,2040,T_LDV_C_GSL_HEV_N,T_D_pkm_ldv_c,le,0.021028602
SK,2040,T_LDV_C_GSL_N,T_D_pkm_ldv_c,le,0.021028602
SK,2040,T_LDV_C_GSL_PHEV35_N,T_D_pkm_ldv_c,le,0.021028602
SK,2040,T_LDV_C_GSL_PHEV50_N,T_D_pkm_ldv_c,le,0.021028602
SK,2040,T_LDV_LTF_BEV150_N,T_D_tkm_ldv_t,le,0.036457652
SK,2040,T_LDV_LTF_BEV200_N,T_D_tkm_ldv_t,le,0.036457652
SK,2040,T_LDV_LTF_BEV300_N,T_D_tkm_ldv_t,le,0.036457652
SK,2040,T_LDV_LTF_BEV400_N,T_D_tkm_ldv_t,le,0.036457652
SK,2040,T_LDV_LTF_CNG_N,T_D_tkm_ldv_t,le,0.036457652
SK,2040,T_LDV_LTF_DSL_N,T_D_tkm_ldv_t,le,0.036457652
SK,2040,T_LDV_LTF_FCEV400_N,T_D_tkm_ldv_t,le,0.036457652
SK,2040,T_LDV_LTF_GSL_HEV_N,T_D_tkm_ldv_t,le,0.036457652
SK,2040,T_LDV_LTF_GSL_N,T_D_tkm_ldv_t,le,0.036457652
SK,2040,T_LDV_LTF_GSL_PHEV35_N,T_D_tkm_ldv_t,le,0.036457652
SK,2040,T_LDV_LTF_GSL_PHEV50_N,T_D_tkm_ldv_t,le,0.036457652
SK,2040,T_LDV_LTP_BEV150_N,T_D_pkm_ldv_t,le,0.018757299
SK,2040,T_LDV_LTP_BEV200_N,T_D_pkm_ldv_t,le,0.018757299
SK,2040,T_LDV_LTP_BEV300_N,T_D_pkm_ldv_t,le,0.018757299
SK,2040,T_LDV_LTP_BEV400_N,T_D_pkm_ldv_t,le,0.018757299
SK,2040,T_LDV_LTP_CNG_N,T_D_pkm_ldv_t,le,0.018757299
SK,2040,T_LDV_LTP_DSL_N,T_D_pkm_ldv_t,le,0.018757299
SK,2040,T_LDV_LTP_FCEV400_N,T_D_pkm_ldv_t,le,0.018757299
SK,2040,T_LDV_LTP_GSL_HEV_N,T_D_pkm_ldv_t,le,0.018757299
SK,2040,T_LDV_LTP_GSL_N,T_D_pkm_ldv_t,le,0.018757299
SK,2040,T_LDV_LTP_GSL_PHEV35_N,T_D_pkm_ldv_t,le,0.018757299
SK,2040,T_LDV_LTP_GSL_PHEV50_N,T_D_pkm_ldv_t,le,0.018757299
SK,2040,T_MDV_T_BEV_N,T_D_tkm_mdv_t,le,0.027680639
SK,2040,T_MDV_T_DSL_HEV_N,T_D_tkm_mdv_t,le,0.027680639
SK,2040,T_MDV_T_DSL_N,T_D_tkm_mdv_t,le,0.027680639
SK,2040,T_MDV_T_DSL_PHEV_N,T_D_tkm_mdv_t,le,0.027680639
SK,2040,T_MDV_T_FCEV_N,T_D_tkm_mdv_t,le,0.027680639
SK,2040,T_MDV_T_FCHEV_N,T_D_tkm_mdv_t,le,0.027680639
SK,2045,T_HDV_T_BEV_N,T_D_tkm_hdv_t,le,0.22340348
SK,2045,T_HDV_T_DSL_HEV_N,T_D_tkm_hdv_t,le,0.22340348
SK,2045,T_HDV_T_DSL_N,T_D_tkm_hdv_t,le,0.22340348
SK,2045,T_HDV_T_DSL_PHEV_N,T_D_tkm_hdv_t,le,0.22340348
SK,2045,T_HDV_T_FCEV_N,T_D_tkm_hdv_t,le,0.22340348
SK,2045,T_HDV_T_FCHEV_N,T_D_tkm_hdv_t,le,0.22340348
SK,2045,T_LDV_C_BEV150_N,T_D_pkm_ldv_c,le,0.021028602
SK,2045,T_LDV_C_BEV200_N,T_D_pkm_ldv_c,le,0.021028602
SK,2045,T_LDV_C_BEV300_N,T_D_pkm_ldv_c,le,0.021028602
SK,2045,T_LDV_C_BEV400_N,T_D_pkm_ldv_c,le,0.021028602
SK,2045,T_LDV_C_CNG_N,T_D_pkm_ldv_c,le,0.021028602
SK,2045,T_LDV_C_DSL_N,T_D_pkm_ldv_c,le,0.021028602
SK,2045,T_LDV_C_FCEV400_N,T_D_pkm_ldv_c,le,0.021028602
SK,2045,T_LDV_C_GSL_HEV_N,T_D_pkm_ldv_c,le,0.021028602
SK,2045,T_LDV_C_GSL_N,T_D_pkm_ldv_c,le,0.021028602
SK,2045,T_LDV_C_GSL_PHEV35_N,T_D_pkm_ldv_c,le,0.021028602
SK,2045,T_LDV_C_GSL_PHEV50_N,T_D_pkm_ldv_c,le,0.021028602
SK,2045,T_LDV_LTF_BEV150_N,T_D_tkm_ldv_t,le,0.036457652
SK,2045,T_LDV_LTF_BEV200_N,T_D_tkm_ldv_t,le,0.036457652
SK,2045,T_LDV_LTF_BEV300_N,T_D_tkm_ldv_t,le,0.036457652
SK,2045,T_LDV_LTF_BEV400_N,T_D_tkm_ldv_t,le,0.036457652
SK,2045,T_LDV_LTF_CNG_N,T_D_tkm_ldv_t,le,0.036457652
SK,2045,T_LDV_LTF_DSL_N,T_D_tkm_ldv_t,le,0.036457652
SK,2045,T_LDV_LTF_FCEV400_N,T_D_tkm_ldv_t,le,0.036457652
SK,2045,T_LDV_LTF_GSL_HEV_N,T_D_tkm_ldv_t,le,0.036457652
SK,2045,T_LDV_LTF_GSL_N,T_D_tkm_ldv_t,le,0.036457652
SK,2045,T_LDV_LTF_GSL_PHEV35_N,T_D_tkm_ldv_t,le,0.036457652
SK,2045,T_LDV_LTF_GSL_PHEV50_N,T_D_tkm_ldv_t,le,0.036457652
SK,2045,T_LDV_LTP_BEV150_N,T_D_pkm_ldv_t,le,0.018757299
SK,2045,T_LDV_LTP_BEV200_N,T_D_pkm_ldv_t,le,0.018757299
SK,2045,T_LDV_LTP_BEV300_N,T_D_pkm_ldv_t,le,0.018757299
SK,2045,T_LDV_LTP_BEV400_N,T_D_pkm_ldv_t,le,0.018757299
SK,2045,T_LDV_LTP_CNG_N,T_D_pkm_ldv_t,le,0.018757299
SK,2045,T_LDV_LTP_DSL_N,T_D_pkm_ldv_t,le,0.018757299
SK,2045,T_LDV_LTP_FCEV400_N,T_D_pkm_ldv_t,le,0.018757299
SK,2045,T_LDV_LTP_GSL_HEV_N,T_D_pkm_ldv_t,le,0.018757299
SK,2045,T_LDV_LTP_GSL_N,T_D_pkm_ldv_t,le,0.018757299
SK,2045,T_LDV_LTP_GSL_PHEV35_N,T_D_pkm_ldv_t,le,0.018757299
SK,2045,T_LDV_LTP_GSL_PHEV50_N,T_D_pkm_ldv_t,le,0.018757299
SK,2045,T_MDV_T_BEV_N,T_D_tkm_mdv_t,le,0.027680639
SK,2045,T_MDV_T_DSL_HEV_N,T_D_tkm_mdv_t,le,0.027680639
SK,2045,T_MDV_T_DSL_N,T_D_tkm_mdv_t,le,0.027680639
SK,2045,T_MDV_T_DSL_PHEV_N,T_D_tkm_mdv_t,le,0.027680639
SK,2045,T_MDV_T_FCEV_N,T_D_tkm_mdv_t,le,0.027680639
SK,2045,T_MDV_T_FCHEV_N,T_D_tkm_mdv_t,le,0.027680639
SK,2050,T_HDV_T_BEV_N,T_D_tkm_hdv_t,le,0.22340348
SK,2050,T_HDV_T_DSL_HEV_N,T_D_tkm_hdv_t,le,0.22340348
SK,2050,T_HDV_T_DSL_N,T_D_tkm_hdv_t,le,0.22340348
SK,2050,T_HDV_T_DSL_PHEV_N,T_D_tkm_hdv_t,le,0.22340348
SK,2050,T_HDV_T_FCEV_N,T_D_tkm_hdv_t,le,0.22340348
SK,2050,T_HDV_T_FCHEV_N,T_D_tkm_hdv_t,le,0.22340348
SK,2050,T_LDV_C_BEV150_N,T_D_pkm_ldv_c,le,0.021028602
SK,2050,T_LDV_C_BEV200_N,T_D_pkm_ldv_c,le,0.021028602
SK,2050,T_LDV_C_BEV300_N,T_D_pkm_ldv_c,le,0.021028602
SK,2050,T_LDV_C_BEV400_N,T_D_pkm_ldv_c,le,0.021028602
SK,2050,T_LDV_C_CNG_N,T_D_pkm_ldv_c,le,0.021028602
SK,2050,T_LDV_C_DSL_N,T_D_pkm_ldv_c,le,0.021028602
SK,2050,T_LDV_C_FCEV400_N,T_D_pkm_ldv_c,le,0.021028602
SK,2050,T_LDV_C_GSL_HEV_N,T_D_pkm_ldv_c,le,0.021028602
SK,2050,T_LDV_C_GSL_N,T_D_pkm_ldv_c,le,0.021028602
SK,2050,T_LDV_C_GSL_PHEV35_N,T_D_pkm_ldv_c,le,0.021028602
SK,2050,T_LDV_C_GSL_PHEV50_N,T_D_pkm_ldv_c,le,0.021028602
SK,2050,T_LDV_LTF_BEV150_N,T_D_tkm_ldv_t,le,0.036457652
SK,2050,T_LDV_LTF_BEV200_N,T_D_tkm_ldv_t,le,0.036457652
SK,2050,T_LDV_LTF_BEV300_N,T_D_tkm_ldv_t,le,0.036457652
SK,2050,T_LDV_LTF_BEV400_N,T_D_tkm_ldv_t,le,0.036457652
SK,2050,T_LDV_LTF_CNG_N,T_D_tkm_ldv_t,le,0.036457652
SK,2050,T_LDV_LTF_DSL_N,T_D_tkm_ldv_t,le,0.036457652
SK,2050,T_LDV_LTF_FCEV400_N,T_D_tkm_ldv_t,le,0.036457652
SK,2050,T_LDV_LTF_GSL_HEV_N,T_D_tkm_ldv_t,le,0.036457652
SK,2050,T_LDV_LTF_GSL_N,T_D_tkm_ldv_t,le,0.036457652
SK,2050,T_LDV_LTF_GSL_PHEV35_N,T_D_tkm_ldv_t,le,0.036457652
SK,2050,T_LDV_LTF_GSL_PHEV50_N,T_D_tkm_ldv_t,le,0.036457652
SK,2050,T_LDV_LTP_BEV150_N,T_D_pkm_ldv_t,le,0.018757299
SK,2050,T_LDV_LTP_BEV200_N,T_D_pkm_ldv_t,le,0.018757299
SK,2050,T_LDV_LTP_BEV300_N,T_D_pkm_ldv_t,le,0.018757299
SK,2050,T_LDV_LTP_BEV400_N,T_D_pkm_ldv_t,le,0.018757299
SK,2050,T_LDV_LTP_CNG_N,T_D_pkm_ldv_t,le,0.018757299
SK,2050,T_LDV_LTP_DSL_N,T_D_pkm_ldv_t,le,0.018757299
SK,2050,T_LDV_LTP_FCEV400_N,T_D_pkm_ldv_t,le,0.018757299
SK,2050,T_LDV_LTP_GSL_HEV_N,T_D_pkm_ldv_t,le,0.018757299
SK,2050,T_LDV_LTP_GSL_N,T_D_pkm_ldv_t,le,0.018757299
SK,2050,T_LDV_LTP_GSL_PHEV35_N,T_D_pkm_ldv_t,le,0.018757299
SK,2050,T_LDV_LTP_GSL_PHEV50_N,T_D_pkm_ldv_t,le,0.018757299
SK,2050,T_MDV_T_BEV_N,T_D_tkm_mdv_t,le,0.027680639
SK,2050,T_MDV_T_DSL_HEV_N,T_D_tkm_mdv_t,le,0.027680639
SK,2050,T_MDV_T_DSL_N,T_D_tkm_mdv_t,le,0.027680639
SK,2050,T_MDV_T_DSL_PHEV_N,T_D_tkm_mdv_t,le,0.027680639
SK,2050,T_MDV_T_FCEV_N,T_D_tkm_mdv_t,le,0.027680639
SK,2050,T_MDV_T_FCHEV_N,T_D_tkm_mdv_t,le,0.027680639
AB,2025,T_LDV_C_BEV150_EX,T_D_pkm_ldv_c,ge,0.01791872
AB,2025,T_LDV_C_BEV150_N,T_D_pkm_ldv_c,ge,0.01791872
AB,2025,T_LDV_C_BEV200_N,T_D_pkm_ldv_c,ge,0.01791872
AB,2025,T_LDV_C_BEV300_N,T_D_pkm_ldv_c,ge,0.01791872
AB,2025,T_LDV_C_BEV400_N,T_D_pkm_ldv_c,ge,0.01791872
AB,2025,T_LDV_C_CNG_N,T_D_pkm_ldv_c,ge,0.01791872
AB,2025,T_LDV_C_DSL_EX,T_D_pkm_ldv_c,ge,0.01791872
AB,2025,T_LDV_C_DSL_N,T_D_pkm_ldv_c,ge,0.01791872
AB,2025,T_LDV_C_FCEV400_N,T_D_pkm_ldv_c,ge,0.01791872
AB,2025,T_LDV_C_GSL_EX,T_D_pkm_ldv_c,ge,0.01791872
AB,2025,T_LDV_C_GSL_HEV_EX,T_D_pkm_ldv_c,ge,0.01791872
AB,2025,T_LDV_C_GSL_HEV_N,T_D_pkm_ldv_c,ge,0.01791872
AB,2025,T_LDV_C_GSL_N,T_D_pkm_ldv_c,ge,0.01791872
AB,2025,T_LDV_C_GSL_PHEV35_EX,T_D_pkm_ldv_c,ge,0.01791872
AB,2025,T_LDV_C_GSL_PHEV35_N,T_D_pkm_ldv_c,ge,0.01791872
AB,2025,T_LDV_C_GSL_PHEV50_N,T_D_pkm_ldv_c,ge,0.01791872
AB,2025,T_MDV_T_BEV_N,T_D_tkm_mdv_t,ge,0.024930141
AB,2025,T_MDV_T_DSL_EX,T_D_tkm_mdv_t,ge,0.024930141
AB,2025,T_MDV_T_DSL_HEV_N,T_D_tkm_mdv_t,ge,0.024930141
AB,2025,T_MDV_T_DSL_N,T_D_tkm_mdv_t,ge,0.024930141
AB,2025,T_MDV_T_DSL_PHEV_N,T_D_tkm_mdv_t,ge,0.024930141
AB,2025,T_MDV_T_FCEV_N,T_D_tkm_mdv_t,ge,0.024930141
AB,2025,T_MDV_T_FCHEV_N,T_D_tkm_mdv_t,ge,0.024930141
AB,2025,T_MDV_T_GSL_EX,T_D_tkm_mdv_t,ge,0.037395212
AB,2025,T_MDV_T_GSL_N,T_D_tkm_mdv_t,ge,0.037395212
AB,2030,T_LDV_C_BEV150_EX,T_D_pkm_ldv_c,ge,0.019977172
AB,2030,T_LDV_C_BEV150_N,T_D_pkm_ldv_c,ge,0.019977172
AB,2030,T_LDV_C_BEV200_N,T_D_pkm_ldv_c,ge,0.019977172
AB,2030,T_LDV_C_BEV300_N,T_D_pkm_ldv_c,ge,0.019977172
AB,2030,T_LDV_C_BEV400_N,T_D_pkm_ldv_c,ge,0.019977172
AB,2030,T_LDV_C_CNG_N,T_D_pkm_ldv_c,ge,0.019977172
AB,2030,T_LDV_C_DSL_EX,T_D_pkm_ldv_c,ge,0.019977172
AB,2030,T_LDV_C_DSL_N,T_D_pkm_ldv_c,ge,0.019977172
AB,2030,T_LDV_C_FCEV400_N,T_D_pkm_ldv_c,ge,0.019977172
AB,2030,T_LDV_C_GSL_EX,T_D_pkm_ldv_c,ge,0.019977172
AB,2030,T_LDV_C_GSL_HEV_EX,T_D_pkm_ldv_c,ge,0.019977172
AB,2030,T_LDV_C_GSL_HEV_N,T_D_pkm_ldv_c,ge,0.019977172
AB,2030,T_LDV_C_GSL_N,T_D_pkm_ldv_c,ge,0.019977172
AB,2030,T_LDV_C_GSL_PHEV35_EX,T_D_pkm_ldv_c,ge,0.019977172
AB,2030,T_LDV_C_GSL_PHEV35_N,T_D_pkm_ldv_c,ge,0.019977172
AB,2030,T_LDV_C_GSL_PHEV50_N,T_D_pkm_ldv_c,ge,0.019977172
AB,2030,T_MDV_T_BEV_N,T_D_tkm_mdv_t,ge,0.026296607
AB,2030,T_MDV_T_DSL_EX,T_D_tkm_mdv_t,ge,0.026296607
AB,2030,T_MDV_T_DSL_HEV_N,T_D_tkm_mdv_t,ge,0.026296607
AB,2030,T_MDV_T_DSL_N,T_D_tkm_mdv_t,ge,0.026296607
AB,2030,T_MDV_T_DSL_PHEV_N,T_D_tkm_mdv_t,ge,0.026296607
AB,2030,T_MDV_T_FCEV_N,T_D_tkm_mdv_t,ge,0.026296607
AB,2030,T_MDV_T_FCHEV_N,T_D_tkm_mdv_t,ge,0.026296607
AB,2030,T_MDV_T_GSL_EX,T_D_tkm_mdv_t,ge,0.039444911
AB,2030,T_MDV_T_GSL_N,T_D_tkm_mdv_t,ge,0.039444911
AB,2035,T_LDV_C_BEV150_N,T_D_pkm_ldv_c,ge,0.019977172
AB,2035,T_LDV_C_BEV200_N,T_D_pkm_ldv_c,ge,0.019977172
AB,2035,T_LDV_C_BEV300_N,T_D_pkm_ldv_c,ge,0.019977172
AB,2035,T_LDV_C_BEV400_N,T_D_pkm_ldv_c,ge,0.019977172
AB,2035,T_LDV_C_CNG_N,T_D_pkm_ldv_c,ge,0.019977172
AB,2035,T_LDV_C_DSL_N,T_D_pkm_ldv_c,ge,0.019977172
AB,2035,T_LDV_C_FCEV400_N,T_D_pkm_ldv_c,ge,0.019977172
AB,2035,T_LDV_C_GSL_HEV_N,T_D_pkm_ldv_c,ge,0.019977172
AB,2035,T_LDV_C_GSL_N,T_D_pkm_ldv_c,ge,0.019977172
AB,2035,T_LDV_C_GSL_PHEV35_N,T_D_pkm_ldv_c,ge,0.019977172
AB,2035,T_LDV_C_GSL_PHEV50_N,T_D_pkm_ldv_c,ge,0.019977172
AB,2035,T_MDV_T_BEV_N,T_D_tkm_mdv_t,ge,0.026296607
AB,2035,T_MDV_T_DSL_EX,T_D_tkm_mdv_t,ge,0.026296607
AB,2035,T_MDV_T_DSL_HEV_N,T_D_tkm_mdv_t,ge,0.026296607
AB,2035,T_MDV_T_DSL_N,T_D_tkm_mdv_t,ge,0.026296607
AB,2035,T_MDV_T_DSL_PHEV_N,T_D_tkm_mdv_t,ge,0.026296607
AB,2035,T_MDV_T_FCEV_N,T_D_tkm_mdv_t,ge,0.026296607
AB,2035,T_MDV_T_FCHEV_N,T_D_tkm_mdv_t,ge,0.026296607
AB,2035,T_MDV_T_GSL_EX,T_D_tkm_mdv_t,ge,0.039444911
AB,2035,T_MDV_T_GSL_N,T_D_tkm_mdv_t,ge,0.039444911
AB,2040,T_LDV_C_BEV150_N,T_D_pkm_ldv_c,ge,0.019977172
AB,2040,T_LDV_C_BEV200_N,T_D_pkm_ldv_c,ge,0.019977172
AB,2040,T_LDV_C_BEV300_N,T_D_pkm_ldv_c,ge,0.019977172
AB,2040,T_LDV_C_BEV400_N,T_D_pkm_ldv_c,ge,0.019977172
AB,2040,T_LDV_C_CNG_N,T_D_pkm_ldv_c,ge,0.019977172
AB,2040,T_LDV_C_DSL_N,T_D_pkm_ldv_c,ge,0.019977172
AB,2040,T_LDV_C_FCEV400_N,T_D_pkm_ldv_c,ge,0.019977172
AB,2040,T_LDV_C_GSL_HEV_N,T_D_pkm_ldv_c,ge,0.019977172
AB,2040,T_LDV_C_GSL_N,T_D_pkm_ldv_c,ge,0.019977172
AB,2040,T_LDV_C_GSL_PHEV35_N,T_D_pkm_ldv_c,ge,0.019977172
AB,2040,T_LDV_C_GSL_PHEV50_N,T_D_pkm_ldv_c,ge,0.019977172
AB,2040,T_MDV_T_BEV_N,T_D_tkm_mdv_t,ge,0.026296607
AB,2040,T_MDV_T_DSL_HEV_N,T_D_tkm_mdv_t,ge,0.026296607
AB,2040,T_MDV_T_DSL_N,T_D_tkm_mdv_t,ge,0.026296607
AB,2040,T_MDV_T_DSL_PHEV_N,T_D_tkm_mdv_t,ge,0.026296607
AB,2040,T_MDV_T_FCEV_N,T_D_tkm_mdv_t,ge,0.026296607
AB,2040,T_MDV_T_FCHEV_N,T_D_tkm_mdv_t,ge,0.026296607
AB,2040,T_MDV_T_GSL_N,T_D_tkm_mdv_t,ge,0.039444911
AB,2045,T_LDV_C_BEV150_N,T_D_pkm_ldv_c,ge,0.019977172
AB,2045,T_LDV_C_BEV200_N,T_D_pkm_ldv_c,ge,0.019977172
AB,2045,T_LDV_C_BEV300_N,T_D_pkm_ldv_c,ge,0.019977172
AB,2045,T_LDV_C_BEV400_N,T_D_pkm_ldv_c,ge,0.019977172
AB,2045,T_LDV_C_CNG_N,T_D_pkm_ldv_c,ge,0.019977172
AB,2045,T_LDV_C_DSL_N,T_D_pkm_ldv_c,ge,0.019977172
AB,2045,T_LDV_C_FCEV400_N,T_D_pkm_ldv_c,ge,0.019977172
AB,2045,T_LDV_C_GSL_HEV_N,T_D_pkm_ldv_c,ge,0.019977172
AB,2045,T_LDV_C_GSL_N,T_D_pkm_ldv_c,ge,0.019977172
AB,2045,T_LDV_C_GSL_PHEV35_N,T_D_pkm_ldv_c,ge,0.019977172
AB,2045,T_LDV_C_GSL_PHEV50_N,T_D_pkm_ldv_c,ge,0.019977172
AB,2045,T_MDV_T_BEV_N,T_D_tkm_mdv_t,ge,0.026296607
AB,2045,T_MDV_T_DSL_HEV_N,T_D_tkm_mdv_t,ge,0.026296607
AB,2045,T_MDV_T_DSL_N,T_D_tkm_mdv_t,ge,0.026296607
AB,2045,T_MDV_T_DSL_PHEV_N,T_D_tkm_mdv_t,ge,0.026296607
AB,2045,T_MDV_T_FCEV_N,T_D_tkm_mdv_t,ge,0.026296607
AB,2045,T_MDV_T_FCHEV_N,T_D_tkm_mdv_t,ge,0.026296607
AB,2045,T_MDV_T_GSL_N,T_D_tkm_mdv_t,ge,0.039444911
AB,2050,T_LDV_C_BEV150_N,T_D_pkm_ldv_c,ge,0.019977172
AB,2050,T_LDV_C_BEV200_N,T_D_pkm_ldv_c,ge,0.019977172
AB,2050,T_LDV_C_BEV300_N,T_D_pkm_ldv_c,ge,0.019977172
AB,2050,T_LDV_C_BEV400_N,T_D_pkm_ldv_c,ge,0.019977172
AB,2050,T_LDV_C_CNG_N,T_D_pkm_ldv_c,ge,0.019977172
AB,2050,T_LDV_C_DSL_N,T_D_pkm_ldv_c,ge,0.019977172
AB,2050,T_LDV_C_FCEV400_N,T_D_pkm_ldv_c,ge,0.019977172
AB,2050,T_LDV_C_GSL_HEV_N,T_D_pkm_ldv_c,ge,0.019977172
AB,2050,T_LDV_C_GSL_N,T_D_pkm_ldv_c,ge,0.019977172
AB,2050,T_LDV_C_GSL_PHEV35_N,T_D_pkm_ldv_c,ge,0.019977172
AB,2050,T_LDV_C_GSL_PHEV50_N,T_D_pkm_ldv_c,ge,0.019977172
AB,2050,T_MDV_T_BEV_N,T_D_tkm_mdv_t,ge,0.026296607
AB,2050,T_MDV_T_DSL_HEV_N,T_D_tkm_mdv_t,ge,0.026296607
AB,2050,T_MDV_T_DSL_N,T_D_tkm_mdv_t,ge,0.026296607
AB,2050,T_MDV_T_DSL_PHEV_N,T_D_tkm_mdv_t,ge,0.026296607
AB,2050,T_MDV_T_FCEV_N,T_D_tkm_mdv_t,ge,0.026296607
AB,2050,T_MDV_T_FCHEV_N,T_D_tkm_mdv_t,ge,0.026296607
AB,2050,T_MDV_T_GSL_N,T_D_tkm_mdv_t,ge,0.039444911
BC,2025,T_LDV_C_BEV150_EX,T_D_pkm_ldv_c,ge,0.01791872
BC,2025,T_LDV_C_BEV150_N,T_D_pkm_ldv_c,ge,0.01791872
BC,2025,T_LDV_C_BEV200_N,T_D_pkm_ldv_c,ge,0.01791872
BC,2025,T_LDV_C_BEV300_N,T_D_pkm_ldv_c,ge,0.01791872
BC,2025,T_LDV_C_BEV400_N,T_D_pkm_ldv_c,ge,0.01791872
BC,2025,T_LDV_C_CNG_N,T_D_pkm_ldv_c,ge,0.01791872
BC,2025,T_LDV_C_DSL_EX,T_D_pkm_ldv_c,ge,0.01791872
BC,2025,T_LDV_C_DSL_N,T_D_pkm_ldv_c,ge,0.01791872
BC,2025,T_LDV_C_FCEV400_N,T_D_pkm_ldv_c,ge,0.01791872
BC,2025,T_LDV_C_GSL_EX,T_D_pkm_ldv_c,ge,0.01791872
BC,2025,T_LDV_C_GSL_HEV_EX,T_D_pkm_ldv_c,ge,0.01791872
BC,2025,T_LDV_C_GSL_HEV_N,T_D_pkm_ldv_c,ge,0.01791872
BC,2025,T_LDV_C_GSL_N,T_D_pkm_ldv_c,ge,0.01791872
BC,2025,T_LDV_C_GSL_PHEV35_EX,T_D_pkm_ldv_c,ge,0.01791872
BC,2025,T_LDV_C_GSL_PHEV35_N,T_D_pkm_ldv_c,ge,0.01791872
BC,2025,T_LDV_C_GSL_PHEV50_N,T_D_pkm_ldv_c,ge,0.01791872
BC,2025,T_MDV_T_BEV_N,T_D_tkm_mdv_t,ge,0.024930141
BC,2025,T_MDV_T_DSL_EX,T_D_tkm_mdv_t,ge,0.024930141
BC,2025,T_MDV_T_DSL_HEV_N,T_D_tkm_mdv_t,ge,0.024930141
BC,2025,T_MDV_T_DSL_N,T_D_tkm_mdv_t,ge,0.024930141
BC,2025,T_MDV_T_DSL_PHEV_N,T_D_tkm_mdv_t,ge,0.024930141
BC,2025,T_MDV_T_FCEV_N,T_D_tkm_mdv_t,ge,0.024930141
BC,2025,T_MDV_T_FCHEV_N,T_D_tkm_mdv_t,ge,0.024930141
BC,2025,T_MDV_T_GSL_EX,T_D_tkm_mdv_t,ge,0.037395212
BC,2025,T_MDV_T_GSL_N,T_D_tkm_mdv_t,ge,0.037395212
BC,2030,T_LDV_C_BEV150_EX,T_D_pkm_ldv_c,ge,0.019977172
BC,2030,T_LDV_C_BEV150_N,T_D_pkm_ldv_c,ge,0.019977172
BC,2030,T_LDV_C_BEV200_N,T_D_pkm_ldv_c,ge,0.019977172
BC,2030,T_LDV_C_BEV300_N,T_D_pkm_ldv_c,ge,0.019977172
BC,2030,T_LDV_C_BEV400_N,T_D_pkm_ldv_c,ge,0.019977172
BC,2030,T_LDV_C_CNG_N,T_D_pkm_ldv_c,ge,0.019977172
BC,2030,T_LDV_C_DSL_EX,T_D_pkm_ldv_c,ge,0.019977172
BC,2030,T_LDV_C_DSL_N,T_D_pkm_ldv_c,ge,0.019977172
BC,2030,T_LDV_C_FCEV400_N,T_D_pkm_ldv_c,ge,0.019977172
BC,2030,T_LDV_C_GSL_EX,T_D_pkm_ldv_c,ge,0.019977172
BC,2030,T_LDV_C_GSL_HEV_EX,T_D_pkm_ldv_c,ge,0.019977172
BC,2030,T_LDV_C_GSL_HEV_N,T_D_pkm_ldv_c,ge,0.019977172
BC,2030,T_LDV_C_GSL_N,T_D_pkm_ldv_c,ge,0.019977172
BC,2030,T_LDV_C_GSL_PHEV35_EX,T_D_pkm_ldv_c,ge,0.019977172
BC,2030,T_LDV_C_GSL_PHEV35_N,T_D_pkm_ldv_c,ge,0.019977172
BC,2030,T_LDV_C_GSL_PHEV50_N,T_D_pkm_ldv_c,ge,0.019977172
BC,2030,T_MDV_T_BEV_N,T_D_tkm_mdv_t,ge,0.026296607
BC,2030,T_MDV_T_DSL_EX,T_D_tkm_mdv_t,ge,0.026296607
BC,2030,T_MDV_T_DSL_HEV_N,T_D_tkm_mdv_t,ge,0.026296607
BC,2030,T_MDV_T_DSL_N,T_D_tkm_mdv_t,ge,0.026296607
BC,2030,T_MDV_T_DSL_PHEV_N,T_D_tkm_mdv_t,ge,0.026296607
BC,2030,T_MDV_T_FCEV_N,T_D_tkm_mdv_t,ge,0.026296607
BC,2030,T_MDV_T_FCHEV_N,T_D_tkm_mdv_t,ge,0.026296607
BC,2030,T_MDV_T_GSL_EX,T_D_tkm_mdv_t,ge,0.039444911
BC,2030,T_MDV_T_GSL_N,T_D_tkm_mdv_t,ge,0.039444911
BC,2035,T_LDV_C_BEV150_N,T_D_pkm_ldv_c,ge,0.019977172
BC,2035,T_LDV_C_BEV200_N,T_D_pkm_ldv_c,ge,0.019977172
BC,2035,T_LDV_C_BEV300_N,T_D_pkm_ldv_c,ge,0.019977172
BC,2035,T_LDV_C_BEV400_N,T_D_pkm_ldv_c,ge,0.019977172
BC,2035,T_LDV_C_CNG_N,T_D_pkm_ldv_c,ge,0.019977172
BC,2035,T_LDV_C_DSL_N,T_D_pkm_ldv_c,ge,0.019977172
BC,2035,T_LDV_C_FCEV400_N,T_D_pkm_ldv_c,ge,0.019977172
BC,2035,T_LDV_C_GSL_HEV_N,T_D_pkm_ldv_c,ge,0.019977172
BC,2035,T_LDV_C_GSL_N,T_D_pkm_ldv_c,ge,0.019977172
BC,2035,T_LDV_C_GSL_PHEV35_N,T_D_pkm_ldv_c,ge,0.019977172
BC,2035,T_LDV_C_GSL_PHEV50_N,T_D_pkm_ldv_c,ge,0.019977172
BC,2035,T_MDV_T_BEV_N,T_D_tkm_mdv_t,ge,0.026296607
BC,2035,T_MDV_T_DSL_EX,T_D_tkm_mdv_t,ge,0.026296607
BC,2035,T_MDV_T_DSL_HEV_N,T_D_tkm_mdv_t,ge,0.026296607
BC,2035,T_MDV_T_DSL_N,T_D_tkm_mdv_t,ge,0.026296607
BC,2035,T_MDV_T_DSL_PHEV_N,T_D_tkm_mdv_t,ge,0.026296607
BC,2035,T_MDV_T_FCEV_N,T_D_tkm_mdv_t,ge,0.026296607
BC,2035,T_MDV_T_FCHEV_N,T_D_tkm_mdv_t,ge,0.026296607
BC,2035,T_MDV_T_GSL_EX,T_D_tkm_mdv_t,ge,0.039444911
BC,2035,T_MDV_T_GSL_N,T_D_tkm_mdv_t,ge,0.039444911
BC,2040,T_LDV_C_BEV150_N,T_D_pkm_ldv_c,ge,0.019977172
BC,2040,T_LDV_C_BEV200_N,T_D_pkm_ldv_c,ge,0.019977172
BC,2040,T_LDV_C_BEV300_N,T_D_pkm_ldv_c,ge,0.019977172
BC,2040,T_LDV_C_BEV400_N,T_D_pkm_ldv_c,ge,0.019977172
BC,2040,T_LDV_C_CNG_N,T_D_pkm_ldv_c,ge,0.019977172
BC,2040,T_LDV_C_DSL_N,T_D_pkm_ldv_c,ge,0.019977172
BC,2040,T_LDV_C_FCEV400_N,T_D_pkm_ldv_c,ge,0.019977172
BC,2040,T_LDV_C_GSL_HEV_N,T_D_pkm_ldv_c,ge,0.019977172
BC,2040,T_LDV_C_GSL_N,T_D_pkm_ldv_c,ge,0.019977172
BC,2040,T_LDV_C_GSL_PHEV35_N,T_D_pkm_ldv_c,ge,0.019977172
BC,2040,T_LDV_C_GSL_PHEV50_N,T_D_pkm_ldv_c,ge,0.019977172
BC,2040,T_MDV_T_BEV_N,T_D_tkm_mdv_t,ge,0.026296607
BC,2040,T_MDV_T_DSL_HEV_N,T_D_tkm_mdv_t,ge,0.026296607
BC,2040,T_MDV_T_DSL_N,T_D_tkm_mdv_t,ge,0.026296607
BC,2040,T_MDV_T_DSL_PHEV_N,T_D_tkm_mdv_t,ge,0.026296607
BC,2040,T_MDV_T_FCEV_N,T_D_tkm_mdv_t,ge,0.026296607
BC,2040,T_MDV_T_FCHEV_N,T_D_tkm_mdv_t,ge,0.026296607
BC,2040,T_MDV_T_GSL_N,T_D_tkm_mdv_t,ge,0.039444911
BC,2045,T_LDV_C_BEV150_N,T_D_pkm_ldv_c,ge,0.019977172
BC,2045,T_LDV_C_BEV200_N,T_D_pkm_ldv_c,ge,0.019977172
BC,2045,T_LDV_C_BEV300_N,T_D_pkm_ldv_c,ge,0.019977172
BC,2045,T_LDV_C_BEV400_N,T_D_pkm_ldv_c,ge,0.019977172
BC,2045,T_LDV_C_CNG_N,T_D_pkm_ldv_c,ge,0.019977172
BC,2045,T_LDV_C_DSL_N,T_D_pkm_ldv_c,ge,0.019977172
BC,2045,T_LDV_C_FCEV400_N,T_D_pkm_ldv_c,ge,0.019977172
BC,2045,T_LDV_C_GSL_HEV_N,T_D_pkm_ldv_c,ge,0.019977172
BC,2045,T_LDV_C_GSL_N,T_D_pkm_ldv_c,ge,0.019977172
BC,2045,T_LDV_C_GSL_PHEV35_N,T_D_pkm_ldv_c,ge,0.019977172
BC,2045,T_LDV_C_GSL_PHEV50_N,T_D_pkm_ldv_c,ge,0.019977172
BC,2045,T_MDV_T_BEV_N,T_D_tkm_mdv_t,ge,0.026296607
BC,2045,T_MDV_T_DSL_HEV_N,T_D_tkm_mdv_t,ge,0.026296607
BC,2045,T_MDV_T_DSL_N,T_D_tkm_mdv_t,ge,0.026296607
BC,2045,T_MDV_T_DSL_PHEV_N,T_D_tkm_mdv_t,ge,0.026296607
BC,2045,T_MDV_T_FCEV_N,T_D_tkm_mdv_t,ge,0.026296607
BC,2045,T_MDV_T_FCHEV_N,T_D_tkm_mdv_t,ge,0.026296607
BC,2045,T_MDV_T_GSL_N,T_D_tkm_mdv_t,ge,0.039444911
BC,2050,T_LDV_C_BEV150_N,T_D_pkm_ldv_c,ge,0.019977172
BC,2050,T_LDV_C_BEV200_N,T_D_pkm_ldv_c,ge,0.019977172
BC,2050,T_LDV_C_BEV300_N,T_D_pkm_ldv_c,ge,0.019977172
BC,2050,T_LDV_C_BEV400_N,T_D_pkm_ldv_c,ge,0.019977172
BC,2050,T_LDV_C_CNG_N,T_D_pkm_ldv_c,ge,0.019977172
BC,2050,T_LDV_C_DSL_N,T_D_pkm_ldv_c,ge,0.019977172
BC,2050,T_LDV_C_FCEV400_N,T_D_pkm_ldv_c,ge,0.019977172
BC,2050,T_LDV_C_GSL_HEV_N,T_D_pkm_ldv_c,ge,0.019977172
BC,2050,T_LDV_C_GSL_N,T_D_pkm_ldv_c,ge,0.019977172
BC,2050,T_LDV_C_GSL_PHEV35_N,T_D_pkm_ldv_c,ge,0.019977172
BC,2050,T_LDV_C_GSL_PHEV50_N,T_D_pkm_ldv_c,ge,0.019977172
BC,2050,T_MDV_T_BEV_N,T_D_tkm_mdv_t,ge,0.026296607
BC,2050,T_MDV_T_DSL_HEV_N,T_D_tkm_mdv_t,ge,0.026296607
BC,2050,T_MDV_T_DSL_N,T_D_tkm_mdv_t,ge,0.026296607
BC,2050,T_MDV_T_DSL_PHEV_N,T_D_tkm_mdv_t,ge,0.026296607
BC,2050,T_MDV_T_FCEV_N,T_D_tkm_mdv_t,ge,0.026296607
BC,2050,T_MDV_T_FCHEV_N,T_D_tkm_mdv_t,ge,0.026296607
BC,2050,T_MDV_T_GSL_N,T_D_tkm_mdv_t,ge,0.039444911
MB,2025,T_LDV_C_BEV150_EX,T_D_pkm_ldv_c,ge,0.01791872
MB,2025,T_LDV_C_BEV150_N,T_D_pkm_ldv_c,ge,0.01791872
MB,2025,T_LDV_C_BEV200_N,T_D_pkm_ldv_c,ge,0.01791872
MB,2025,T_LDV_C_BEV300_N,T_D_pkm_ldv_c,ge,0.01791872
MB,2025,T_LDV_C_BEV400_N,T_D_pkm_ldv_c,ge,0.01791872
MB,2025,T_LDV_C_CNG_N,T_D_pkm_ldv_c,ge,0.01791872
MB,2025,T_LDV_C_DSL_EX,T_D_pkm_ldv_c,ge,0.01791872
MB,2025,T_LDV_C_DSL_N,T_D_pkm_ldv_c,ge,0.01791872
MB,2025,T_LDV_C_FCEV400_N,T_D_pkm_ldv_c,ge,0.01791872
MB,2025,T_LDV_C_GSL_EX,T_D_pkm_ldv_c,ge,0.01791872
MB,2025,T_LDV_C_GSL_HEV_EX,T_D_pkm_ldv_c,ge,0.01791872
MB,2025,T_LDV_C_GSL_HEV_N,T_D_pkm_ldv_c,ge,0.01791872
MB,2025,T_LDV_C_GSL_N,T_D_pkm_ldv_c,ge,0.01791872
MB,2025,T_LDV_C_GSL_PHEV35_EX,T_D_pkm_ldv_c,ge,0.01791872
MB,2025,T_LDV_C_GSL_PHEV35_N,T_D_pkm_ldv_c,ge,0.01791872
MB,2025,T_LDV_C_GSL_PHEV50_N,T_D_pkm_ldv_c,ge,0.01791872
MB,2025,T_LDV_LTF_BEV150_N,T_D_tkm_ldv_t,ge,0.031572549
MB,2025,T_LDV_LTF_BEV200_N,T_D_tkm_ldv_t,ge,0.031572549
MB,2025,T_LDV_LTF_BEV300_N,T_D_tkm_ldv_t,ge,0.031572549
MB,2025,T_LDV_LTF_BEV400_N,T_D_tkm_ldv_t,ge,0.031572549
MB,2025,T_LDV_LTF_CNG_N,T_D_tkm_ldv_t,ge,0.031572549
MB,2025,T_LDV_LTF_DSL_EX,T_D_tkm_ldv_t,ge,0.031572549
MB,2025,T_LDV_LTF_DSL_N,T_D_tkm_ldv_t,ge,0.031572549
MB,2025,T_LDV_LTF_FCEV400_N,T_D_tkm_ldv_t,ge,0.031572549
MB,2025,T_LDV_LTF_GSL_EX,T_D_tkm_ldv_t,ge,0.031572549
MB,2025,T_LDV_LTF_GSL_HEV_N,T_D_tkm_ldv_t,ge,0.031572549
MB,2025,T_LDV_LTF_GSL_N,T_D_tkm_ldv_t,ge,0.031572549
MB,2025,T_LDV_LTF_GSL_PHEV35_EX,T_D_tkm_ldv_t,ge,0.031572549
MB,2025,T_LDV_LTF_GSL_PHEV35_N,T_D_tkm_ldv_t,ge,0.031572549
MB,2025,T_LDV_LTF_GSL_PHEV50_N,T_D_tkm_ldv_t,ge,0.031572549
MB,2025,T_LDV_LTP_BEV150_N,T_D_pkm_ldv_t,ge,0.016219814
MB,2025,T_LDV_LTP_BEV200_N,T_D_pkm_ldv_t,ge,0.016219814
MB,2025,T_LDV_LTP_BEV300_EX,T_D_pkm_ldv_t,ge,0.016219814
MB,2025,T_LDV_LTP_BEV300_N,T_D_pkm_ldv_t,ge,0.016219814
MB,2025,T_LDV_LTP_BEV400_N,T_D_pkm_ldv_t,ge,0.016219814
MB,2025,T_LDV_LTP_CNG_N,T_D_pkm_ldv_t,ge,0.016219814
MB,2025,T_LDV_LTP_DSL_EX,T_D_pkm_ldv_t,ge,0.016219814
MB,2025,T_LDV_LTP_DSL_N,T_D_pkm_ldv_t,ge,0.016219814
MB,2025,T_LDV_LTP_FCEV400_N,T_D_pkm_ldv_t,ge,0.016219814
MB,2025,T_LDV_LTP_GSL_EX,T_D_pkm_ldv_t,ge,0.016219814
MB,2025,T_LDV_LTP_GSL_HEV_EX,T_D_pkm_ldv_t,ge,0.016219814
MB,2025,T_LDV_LTP_GSL_HEV_N,T_D_pkm_ldv_t,ge,0.016219814
MB,2025,T_LDV_LTP_GSL_N,T_D_pkm_ldv_t,ge,0.016219814
MB,2025,T_LDV_LTP_GSL_PHEV35_EX,T_D_pkm_ldv_t,ge,0.016219814
MB,2025,T_LDV_LTP_GSL_PHEV35_N,T_D_pkm_ldv_t,ge,0.016219814
MB,2025,T_LDV_LTP_GSL_PHEV50_N,T_D_pkm_ldv_t,ge,0.016219814
MB,2030,T_LDV_C_BEV150_EX,T_D_pkm_ldv_c,ge,0.019977172
MB,2030,T_LDV_C_BEV150_N,T_D_pkm_ldv_c,ge,0.019977172
MB,2030,T_LDV_C_BEV200_N,T_D_pkm_ldv_c,ge,0.019977172
MB,2030,T_LDV_C_BEV300_N,T_D_pkm_ldv_c,ge,0.019977172
MB,2030,T_LDV_C_BEV400_N,T_D_pkm_ldv_c,ge,0.019977172
MB,2030,T_LDV_C_CNG_N,T_D_pkm_ldv_c,ge,0.019977172
MB,2030,T_LDV_C_DSL_EX,T_D_pkm_ldv_c,ge,0.019977172
MB,2030,T_LDV_C_DSL_N,T_D_pkm_ldv_c,ge,0.019977172
MB,2030,T_LDV_C_FCEV400_N,T_D_pkm_ldv_c,ge,0.019977172
MB,2030,T_LDV_C_GSL_EX,T_D_pkm_ldv_c,ge,0.019977172
MB,2030,T_LDV_C_GSL_HEV_EX,T_D_pkm_ldv_c,ge,0.019977172
MB,2030,T_LDV_C_GSL_HEV_N,T_D_pkm_ldv_c,ge,0.019977172
MB,2030,T_LDV_C_GSL_N,T_D_pkm_ldv_c,ge,0.019977172
MB,2030,T_LDV_C_GSL_PHEV35_EX,T_D_pkm_ldv_c,ge,0.019977172
MB,2030,T_LDV_C_GSL_PHEV35_N,T_D_pkm_ldv_c,ge,0.019977172
MB,2030,T_LDV_C_GSL_PHEV50_N,T_D_pkm_ldv_c,ge,0.019977172
MB,2030,T_LDV_LTF_BEV150_N,T_D_tkm_ldv_t,ge,0.034634769
MB,2030,T_LDV_LTF_BEV200_N,T_D_tkm_ldv_t,ge,0.034634769
MB,2030,T_LDV_LTF_BEV300_N,T_D_tkm_ldv_t,ge,0.034634769
MB,2030,T_LDV_LTF_BEV400_N,T_D_tkm_ldv_t,ge,0.034634769
MB,2030,T_LDV_LTF_CNG_N,T_D_tkm_ldv_t,ge,0.034634769
MB,2030,T_LDV_LTF_DSL_EX,T_D_tkm_ldv_t,ge,0.034634769
MB,2030,T_LDV_LTF_DSL_N,T_D_tkm_ldv_t,ge,0.034634769
MB,2030,T_LDV_LTF_FCEV400_N,T_D_tkm_ldv_t,ge,0.034634769
MB,2030,T_LDV_LTF_GSL_EX,T_D_tkm_ldv_t,ge,0.034634769
MB,2030,T_LDV_LTF_GSL_HEV_N,T_D_tkm_ldv_t,ge,0.034634769
MB,2030,T_LDV_LTF_GSL_N,T_D_tkm_ldv_t,ge,0.034634769
MB,2030,T_LDV_LTF_GSL_PHEV35_EX,T_D_tkm_ldv_t,ge,0.034634769
MB,2030,T_LDV_LTF_GSL_PHEV35_N,T_D_tkm_ldv_t,ge,0.034634769
MB,2030,T_LDV_LTF_GSL_PHEV50_N,T_D_tkm_ldv_t,ge,0.034634769
MB,2030,T_LDV_LTP_BEV150_N,T_D_pkm_ldv_t,ge,0.017819434
MB,2030,T_LDV_LTP_BEV200_N,T_D_pkm_ldv_t,ge,0.017819434
MB,2030,T_LDV_LTP_BEV300_EX,T_D_pkm_ldv_t,ge,0.017819434
MB,2030,T_LDV_LTP_BEV300_N,T_D_pkm_ldv_t,ge,0.017819434
MB,2030,T_LDV_LTP_BEV400_N,T_D_pkm_ldv_t,ge,0.017819434
MB,2030,T_LDV_LTP_CNG_N,T_D_pkm_ldv_t,ge,0.017819434
MB,2030,T_LDV_LTP_DSL_EX,T_D_pkm_ldv_t,ge,0.017819434
MB,2030,T_LDV_LTP_DSL_N,T_D_pkm_ldv_t,ge,0.017819434
MB,2030,T_LDV_LTP_FCEV400_N,T_D_pkm_ldv_t,ge,0.017819434
MB,2030,T_LDV_LTP_GSL_EX,T_D_pkm_ldv_t,ge,0.017819434
MB,2030,T_LDV_LTP_GSL_HEV_EX,T_D_pkm_ldv_t,ge,0.017819434
MB,2030,T_LDV_LTP_GSL_HEV_N,T_D_pkm_ldv_t,ge,0.017819434
MB,2030,T_LDV_LTP_GSL_N,T_D_pkm_ldv_t,ge,0.017819434
MB,2030,T_LDV_LTP_GSL_PHEV35_EX,T_D_pkm_ldv_t,ge,0.017819434
MB,2030,T_LDV_LTP_GSL_PHEV35_N,T_D_pkm_ldv_t,ge,0.017819434
MB,2030,T_LDV_LTP_GSL_PHEV50_N,T_D_pkm_ldv_t,ge,0.017819434
MB,2035,T_LDV_C_BEV150_N,T_D_pkm_ldv_c,ge,0.019977172
MB,2035,T_LDV_C_BEV200_N,T_D_pkm_ldv_c,ge,0.019977172
MB,2035,T_LDV_C_BEV300_N,T_D_pkm_ldv_c,ge,0.019977172
MB,2035,T_LDV_C_BEV400_N,T_D_pkm_ldv_c,ge,0.019977172
MB,2035,T_LDV_C_CNG_N,T_D_pkm_ldv_c,ge,0.019977172
MB,2035,T_LDV_C_DSL_N,T_D_pkm_ldv_c,ge,0.019977172
MB,2035,T_LDV_C_FCEV400_N,T_D_pkm_ldv_c,ge,0.019977172
MB,2035,T_LDV_C_GSL_HEV_N,T_D_pkm_ldv_c,ge,0.019977172
MB,2035,T_LDV_C_GSL_N,T_D_pkm_ldv_c,ge,0.019977172
MB,2035,T_LDV_C_GSL_PHEV35_N,T_D_pkm_ldv_c,ge,0.019977172
MB,2035,T_LDV_C_GSL_PHEV50_N,T_D_pkm_ldv_c,ge,0.019977172
MB,2035,T_LDV_LTF_BEV150_N,T_D_tkm_ldv_t,ge,0.034634769
MB,2035,T_LDV_LTF_BEV200_N,T_D_tkm_ldv_t,ge,0.034634769
MB,2035,T_LDV_LTF_BEV300_N,T_D_tkm_ldv_t,ge,0.034634769
MB,2035,T_LDV_LTF_BEV400_N,T_D_tkm_ldv_t,ge,0.034634769
MB,2035,T_LDV_LTF_CNG_N,T_D_tkm_ldv_t,ge,0.034634769
MB,2035,T_LDV_LTF_DSL_EX,T_D_tkm_ldv_t,ge,0.034634769
MB,2035,T_LDV_LTF_DSL_N,T_D_tkm_ldv_t,ge,0.034634769
MB,2035,T_LDV_LTF_FCEV400_N,T_D_tkm_ldv_t,ge,0.034634769
MB,2035,T_LDV_LTF_GSL_EX,T_D_tkm_ldv_t,ge,0.034634769
MB,2035,T_LDV_LTF_GSL_HEV_N,T_D_tkm_ldv_t,ge,0.034634769
MB,2035,T_LDV_LTF_GSL_N,T_D_tkm_ldv_t,ge,0.034634769
MB,2035,T_LDV_LTF_GSL_PHEV35_EX,T_D_tkm_ldv_t,ge,0.034634769
MB,2035,T_LDV_LTF_GSL_PHEV35_N,T_D_tkm_ldv_t,ge,0.034634769
MB,2035,T_LDV_LTF_GSL_PHEV50_N,T_D_tkm_ldv_t,ge,0.034634769
MB,2035,T_LDV_LTP_BEV150_N,T_D_pkm_ldv_t,ge,0.017819434
MB,2035,T_LDV_LTP_BEV200_N,T_D_pkm_ldv_t,ge,0.017819434
MB,2035,T_LDV_LTP_BEV300_EX,T_D_pkm_ldv_t,ge,0.017819434
MB,2035,T_LDV_LTP_BEV300_N,T_D_pkm_ldv_t,ge,0.017819434
MB,2035,T_LDV_LTP_BEV400_N,T_D_pkm_ldv_t,ge,0.017819434
MB,2035,T_LDV_LTP_CNG_N,T_D_pkm_ldv_t,ge,0.017819434
MB,2035,T_LDV_LTP_DSL_EX,T_D_pkm_ldv_t,ge,0.017819434
MB,2035,T_LDV_LTP_DSL_N,T_D_pkm_ldv_t,ge,0.017819434
MB,2035,T_LDV_LTP_FCEV400_N,T_D_pkm_ldv_t,ge,0.017819434
MB,2035,T_LDV_LTP_GSL_EX,T_D_pkm_ldv_t,ge,0.017819434
MB,2035,T_LDV_LTP_GSL_HEV_EX,T_D_pkm_ldv_t,ge,0.017819434
MB,2035,T_LDV_LTP_GSL_HEV_N,T_D_pkm_ldv_t,ge,0.017819434
MB,2035,T_LDV_LTP_GSL_N,T_D_pkm_ldv_t,ge,0.017819434
MB,2035,T_LDV_LTP_GSL_PHEV35_EX,T_D_pkm_ldv_t,ge,0.017819434
MB,2035,T_LDV_LTP_GSL_PHEV35_N,T_D_pkm_ldv_t,ge,0.017819434
MB,2035,T_LDV_LTP_GSL_PHEV50_N,T_D_pkm_ldv_t,ge,0.017819434
MB,2040,T_LDV_C_BEV150_N,T_D_pkm_ldv_c,ge,0.019977172
MB,2040,T_LDV_C_BEV200_N,T_D_pkm_ldv_c,ge,0.019977172
MB,2040,T_LDV_C_BEV300_N,T_D_pkm_ldv_c,ge,0.019977172
MB,2040,T_LDV_C_BEV400_N,T_D_pkm_ldv_c,ge,0.019977172
MB,2040,T_LDV_C_CNG_N,T_D_pkm_ldv_c,ge,0.019977172
MB,2040,T_LDV_C_DSL_N,T_D_pkm_ldv_c,ge,0.019977172
MB,2040,T_LDV_C_FCEV400_N,T_D_pkm_ldv_c,ge,0.019977172
MB,2040,T_LDV_C_GSL_HEV_N,T_D_pkm_ldv_c,ge,0.019977172
MB,2040,T_LDV_C_GSL_N,T_D_pkm_ldv_c,ge,0.019977172
MB,2040,T_LDV_C_GSL_PHEV35_N,T_D_pkm_ldv_c,ge,0.019977172
MB,2040,T_LDV_C_GSL_PHEV50_N,T_D_pkm_ldv_c,ge,0.019977172
MB,2040,T_LDV_LTF_BEV150_N,T_D_tkm_ldv_t,ge,0.034634769
MB,2040,T_LDV_LTF_BEV200_N,T_D_tkm_ldv_t,ge,0.034634769
MB,2040,T_LDV_LTF_BEV300_N,T_D_tkm_ldv_t,ge,0.034634769
MB,2040,T_LDV_LTF_BEV400_N,T_D_tkm_ldv_t,ge,0.034634769
MB,2040,T_LDV_LTF_CNG_N,T_D_tkm_ldv_t,ge,0.034634769
MB,2040,T_LDV_LTF_DSL_N,T_D_tkm_ldv_t,ge,0.034634769
MB,2040,T_LDV_LTF_FCEV400_N,T_D_tkm_ldv_t,ge,0.034634769
MB,2040,T_LDV_LTF_GSL_HEV_N,T_D_tkm_ldv_t,ge,0.034634769
MB,2040,T_LDV_LTF_GSL_N,T_D_tkm_ldv_t,ge,0.034634769
MB,2040,T_LDV_LTF_GSL_PHEV35_N,T_D_tkm_ldv_t,ge,0.034634769
MB,2040,T_LDV_LTF_GSL_PHEV50_N,T_D_tkm_ldv_t,ge,0.034634769
MB,2040,T_LDV_LTP_BEV150_N,T_D_pkm_ldv_t,ge,0.017819434
MB,2040,T_LDV_LTP_BEV200_N,T_D_pkm_ldv_t,ge,0.017819434
MB,2040,T_LDV_LTP_BEV300_N,T_D_pkm_ldv_t,ge,0.017819434
MB,2040,T_LDV_LTP_BEV400_N,T_D_pkm_ldv_t,ge,0.017819434
MB,2040,T_LDV_LTP_CNG_N,T_D_pkm_ldv_t,ge,0.017819434
MB,2040,T_LDV_LTP_DSL_N,T_D_pkm_ldv_t,ge,0.017819434
MB,2040,T_LDV_LTP_FCEV400_N,T_D_pkm_ldv_t,ge,0.017819434
MB,2040,T_LDV_LTP_GSL_HEV_N,T_D_pkm_ldv_t,ge,0.017819434
MB,2040,T_LDV_LTP_GSL_N,T_D_pkm_ldv_t,ge,0.017819434
MB,2040,T_LDV_LTP_GSL_PHEV35_N,T_D_pkm_ldv_t,ge,0.017819434
MB,2040,T_LDV_LTP_GSL_PHEV50_N,T_D_pkm_ldv_t,ge,0.017819434
MB,2045,T_LDV_C_BEV150_N,T_D_pkm_ldv_c,ge,0.019977172
MB,2045,T_LDV_C_BEV200_N,T_D_pkm_ldv_c,ge,0.019977172
MB,2045,T_LDV_C_BEV300_N,T_D_pkm_ldv_c,ge,0.019977172
MB,2045,T_LDV_C_BEV400_N,T_D_pkm_ldv_c,ge,0.019977172
MB,2045,T_LDV_C_CNG_N,T_D_pkm_ldv_c,ge,0.019977172
MB,2045,T_LDV_C_DSL_N,T_D_pkm_ldv_c,ge,0.019977172
MB,2045,T_LDV_C_FCEV400_N,T_D_pkm_ldv_c,ge,0.019977172
MB,2045,T_LDV_C_GSL_HEV_N,T_D_pkm_ldv_c,ge,0.019977172
MB,2045,T_LDV_C_GSL_N,T_D_pkm_ldv_c,ge,0.019977172
MB,2045,T_LDV_C_GSL_PHEV35_N,T_D_pkm_ldv_c,ge,0.019977172
MB,2045,T_LDV_C_GSL_PHEV50_N,T_D_pkm_ldv_c,ge,0.019977172
MB,2045,T_LDV_LTF_BEV150_N,T_D_tkm_ldv_t,ge,0.034634769
MB,2045,T_LDV_LTF_BEV200_N,T_D_tkm_ldv_t,ge,0.034634769
MB,2045,T_LDV_LTF_BEV300_N,T_D_tkm_ldv_t,ge,0.034634769
MB,2045,T_LDV_LTF_BEV400_N,T_D_tkm_ldv_t,ge,0.034634769
MB,2045,T_LDV_LTF_CNG_N,T_D_tkm_ldv_t,ge,0.034634769
MB,2045,T_LDV_LTF_DSL_N,T_D_tkm_ldv_t,ge,0.034634769
MB,2045,T_LDV_LTF_FCEV400_N,T_D_tkm_ldv_t,ge,0.034634769
MB,2045,T_LDV_LTF_GSL_HEV_N,T_D_tkm_ldv_t,ge,0.034634769
MB,2045,T_LDV_LTF_GSL_N,T_D_tkm_ldv_t,ge,0.034634769
MB,2045,T_LDV_LTF_GSL_PHEV35_N,T_D_tkm_ldv_t,ge,0.034634769
MB,2045,T_LDV_LTF_GSL_PHEV50_N,T_D_tkm_ldv_t,ge,0.034634769
MB,2045,T_LDV_LTP_BEV150_N,T_D_pkm_ldv_t,ge,0.017819434
MB,2045,T_LDV_LTP_BEV200_N,T_D_pkm_ldv_t,ge,0.017819434
MB,2045,T_LDV_LTP_BEV300_N,T_D_pkm_ldv_t,ge,0.017819434
MB,2045,T_LDV_LTP_BEV400_N,T_D_pkm_ldv_t,ge,0.017819434
MB,2045,T_LDV_LTP_CNG_N,T_D_pkm_ldv_t,ge,0.017819434
MB,2045,T_LDV_LTP_DSL_N,T_D_pkm_ldv_t,ge,0.017819434
MB,2045,T_LDV_LTP_FCEV400_N,T_D_pkm_ldv_t,ge,0.017819434
MB,2045,T_LDV_LTP_GSL_HEV_N,T_D_pkm_ldv_t,ge,0.017819434
MB,2045,T_LDV_LTP_GSL_N,T_D_pkm_ldv_t,ge,0.017819434
MB,2045,T_LDV_LTP_GSL_PHEV35_N,T_D_pkm_ldv_t,ge,0.017819434
MB,2045,T_LDV_LTP_GSL_PHEV50_N,T_D_pkm_ldv_t,ge,0.017819434
MB,2050,T_LDV_C_BEV150_N,T_D_pkm_ldv_c,ge,0.019977172
MB,2050,T_LDV_C_BEV200_N,T_D_pkm_ldv_c,ge,0.019977172
MB,2050,T_LDV_C_BEV300_N,T_D_pkm_ldv_c,ge,0.019977172
MB,2050,T_LDV_C_BEV400_N,T_D_pkm_ldv_c,ge,0.019977172
MB,2050,T_LDV_C_CNG_N,T_D_pkm_ldv_c,ge,0.019977172
MB,2050,T_LDV_C_DSL_N,T_D_pkm_ldv_c,ge,0.019977172
MB,2050,T_LDV_C_FCEV400_N,T_D_pkm_ldv_c,ge,0.019977172
MB,2050,T_LDV_C_GSL_HEV_N,T_D_pkm_ldv_c,ge,0.019977172
MB,2050,T_LDV_C_GSL_N,T_D_pkm_ldv_c,ge,0.019977172
MB,2050,T_LDV_C_GSL_PHEV35_N,T_D_pkm_ldv_c,ge,0.019977172
MB,2050,T_LDV_C_GSL_PHEV50_N,T_D_pkm_ldv_c,ge,0.019977172
MB,2050,T_LDV_LTF_BEV150_N,T_D_tkm_ldv_t,ge,0.034634769
MB,2050,T_LDV_LTF_BEV200_N,T_D_tkm_ldv_t,ge,0.034634769
MB,2050,T_LDV_LTF_BEV300_N,T_D_tkm_ldv_t,ge,0.034634769
MB,2050,T_LDV_LTF_BEV400_N,T_D_tkm_ldv_t,ge,0.034634769
MB,2050,T_LDV_LTF_CNG_N,T_D_tkm_ldv_t,ge,0.034634769
MB,2050,T_LDV_LTF_DSL_N,T_D_tkm_ldv_t,ge,0.034634769
MB,2050,T_LDV_LTF_FCEV400_N,T_D_tkm_ldv_t,ge,0.034634769
MB,2050,T_LDV_LTF_GSL_HEV_N,T_D_tkm_ldv_t,ge,0.034634769
MB,2050,T_LDV_LTF_GSL_N,T_D_tkm_ldv_t,ge,0.034634769
MB,2050,T_LDV_LTF_GSL_PHEV35_N,T_D_tkm_ldv_t,ge,0.034634769
MB,2050,T_LDV_LTF_GSL_PHEV50_N,T_D_tkm_ldv_t,ge,0.034634769
MB,2050,T_LDV_LTP_BEV150_N,T_D_pkm_ldv_t,ge,0.017819434
MB,2050,T_LDV_LTP_BEV200_N,T_D_pkm_ldv_t,ge,0.017819434
MB,2050,T_LDV_LTP_BEV300_N,T_D_pkm_ldv_t,ge,0.017819434
MB,2050,T_LDV_LTP_BEV400_N,T_D_pkm_ldv_t,ge,0.017819434
MB,2050,T_LDV_LTP_CNG_N,T_D_pkm_ldv_t,ge,0.017819434
MB,2050,T_LDV_LTP_DSL_N,T_D_pkm_ldv_t,ge,0.017819434
MB,2050,T_LDV_LTP_FCEV400_N,T_D_pkm_ldv_t,ge,0.017819434
MB,2050,T_LDV_LTP_GSL_HEV_N,T_D_pkm_ldv_t,ge,0.017819434
MB,2050,T_LDV_LTP_GSL_N,T_D_pkm_ldv_t,ge,0.017819434
MB,2050,T_LDV_LTP_GSL_PHEV35_N,T_D_pkm_ldv_t,ge,0.017819434
MB,2050,T_LDV_LTP_GSL_PHEV50_N,T_D_pkm_ldv_t,ge,0.017819434
NB,2025,T_HDV_T_BEV_N,T_D_tkm_hdv_t,ge,0.196882695
NB,2025,T_HDV_T_DSL_EX,T_D_tkm_hdv_t,ge,0.196882695
NB,2025,T_HDV_T_DSL_HEV_N,T_D_tkm_hdv_t,ge,0.196882695
NB,2025,T_HDV_T_DSL_N,T_D_tkm_hdv_t,ge,0.196882695
NB,2025,T_HDV_T_DSL_PHEV_N,T_D_tkm_hdv_t,ge,0.196882695
NB,2025,T_HDV_T_FCEV_N,T_D_tkm_hdv_t,ge,0.196882695
NB,2025,T_HDV_T_FCHEV_N,T_D_tkm_hdv_t,ge,0.196882695
NB,2025,T_LDV_LTF_BEV150_N,T_D_tkm_ldv_t,ge,0.031572549
NB,2025,T_LDV_LTF_BEV200_N,T_D_tkm_ldv_t,ge,0.031572549
NB,2025,T_LDV_LTF_BEV300_N,T_D_tkm_ldv_t,ge,0.031572549
NB,2025,T_LDV_LTF_BEV400_N,T_D_tkm_ldv_t,ge,0.031572549
NB,2025,T_LDV_LTF_CNG_N,T_D_tkm_ldv_t,ge,0.031572549
NB,2025,T_LDV_LTF_DSL_EX,T_D_tkm_ldv_t,ge,0.031572549
NB,2025,T_LDV_LTF_DSL_N,T_D_tkm_ldv_t,ge,0.031572549
NB,2025,T_LDV_LTF_FCEV400_N,T_D_tkm_ldv_t,ge,0.031572549
NB,2025,T_LDV_LTF_GSL_EX,T_D_tkm_ldv_t,ge,0.031572549
NB,2025,T_LDV_LTF_GSL_HEV_EX,T_D_tkm_ldv_t,ge,0.031572549
NB,2025,T_LDV_LTF_GSL_HEV_N,T_D_tkm_ldv_t,ge,0.031572549
NB,2025,T_LDV_LTF_GSL_N,T_D_tkm_ldv_t,ge,0.031572549
NB,2025,T_LDV_LTF_GSL_PHEV35_EX,T_D_tkm_ldv_t,ge,0.031572549
NB,2025,T_LDV_LTF_GSL_PHEV35_N,T_D_tkm_ldv_t,ge,0.031572549
NB,2025,T_LDV_LTF_GSL_PHEV50_N,T_D_tkm_ldv_t,ge,0.031572549
NB,2025,T_MDV_T_BEV_N,T_D_tkm_mdv_t,ge,0.024930141
NB,2025,T_MDV_T_DSL_EX,T_D_tkm_mdv_t,ge,0.024930141
NB,2025,T_MDV_T_DSL_HEV_N,T_D_tkm_mdv_t,ge,0.024930141
NB,2025,T_MDV_T_DSL_N,T_D_tkm_mdv_t,ge,0.024930141
NB,2025,T_MDV_T_DSL_PHEV_N,T_D_tkm_mdv_t,ge,0.024930141
NB,2025,T_MDV_T_FCEV_N,T_D_tkm_mdv_t,ge,0.024930141
NB,2025,T_MDV_T_FCHEV_N,T_D_tkm_mdv_t,ge,0.024930141
NB,2025,T_MDV_T_GSL_EX,T_D_tkm_mdv_t,ge,0.037395212
NB,2025,T_MDV_T_GSL_N,T_D_tkm_mdv_t,ge,0.037395212
NB,2030,T_HDV_T_BEV_N,T_D_tkm_hdv_t,ge,0.212233306
NB,2030,T_HDV_T_DSL_EX,T_D_tkm_hdv_t,ge,0.212233306
NB,2030,T_HDV_T_DSL_HEV_N,T_D_tkm_hdv_t,ge,0.212233306
NB,2030,T_HDV_T_DSL_N,T_D_tkm_hdv_t,ge,0.212233306
NB,2030,T_HDV_T_DSL_PHEV_N,T_D_tkm_hdv_t,ge,0.212233306
NB,2030,T_HDV_T_FCEV_N,T_D_tkm_hdv_t,ge,0.212233306
NB,2030,T_HDV_T_FCHEV_N,T_D_tkm_hdv_t,ge,0.212233306
NB,2030,T_LDV_LTF_BEV150_N,T_D_tkm_ldv_t,ge,0.034634769
NB,2030,T_LDV_LTF_BEV200_N,T_D_tkm_ldv_t,ge,0.034634769
NB,2030,T_LDV_LTF_BEV300_N,T_D_tkm_ldv_t,ge,0.034634769
NB,2030,T_LDV_LTF_BEV400_N,T_D_tkm_ldv_t,ge,0.034634769
NB,2030,T_LDV_LTF_CNG_N,T_D_tkm_ldv_t,ge,0.034634769
NB,2030,T_LDV_LTF_DSL_EX,T_D_tkm_ldv_t,ge,0.034634769
NB,2030,T_LDV_LTF_DSL_N,T_D_tkm_ldv_t,ge,0.034634769
NB,2030,T_LDV_LTF_FCEV400_N,T_D_tkm_ldv_t,ge,0.034634769
NB,2030,T_LDV_LTF_GSL_EX,T_D_tkm_ldv_t,ge,0.034634769
NB,2030,T_LDV_LTF_GSL_HEV_EX,T_D_tkm_ldv_t,ge,0.034634769
NB,2030,T_LDV_LTF_GSL_HEV_N,T_D_tkm_ldv_t,ge,0.034634769
NB,2030,T_LDV_LTF_GSL_N,T_D_tkm_ldv_t,ge,0.034634769
NB,2030,T_LDV_LTF_GSL_PHEV35_EX,T_D_tkm_ldv_t,ge,0.034634769
NB,2030,T_LDV_LTF_GSL_PHEV35_N,T_D_tkm_ldv_t,ge,0.034634769
NB,2030,T_LDV_LTF_GSL_PHEV50_N,T_D_tkm_ldv_t,ge,0.034634769
NB,2030,T_MDV_T_BEV_N,T_D_tkm_mdv_t,ge,0.026296607
NB,2030,T_MDV_T_DSL_EX,T_D_tkm_mdv_t,ge,0.026296607
NB,2030,T_MDV_T_DSL_HEV_N,T_D_tkm_mdv_t,ge,0.026296607
NB,2030,T_MDV_T_DSL_N,T_D_tkm_mdv_t,ge,0.026296607
NB,2030,T_MDV_T_DSL_PHEV_N,T_D_tkm_mdv_t,ge,0.026296607
NB,2030,T_MDV_T_FCEV_N,T_D_tkm_mdv_t,ge,0.026296607
NB,2030,T_MDV_T_FCHEV_N,T_D_tkm_mdv_t,ge,0.026296607
NB,2030,T_MDV_T_GSL_EX,T_D_tkm_mdv_t,ge,0.039444911
NB,2030,T_MDV_T_GSL_N,T_D_tkm_mdv_t,ge,0.039444911
NB,2035,T_HDV_T_BEV_N,T_D_tkm_hdv_t,ge,0.212233306
NB,2035,T_HDV_T_DSL_EX,T_D_tkm_hdv_t,ge,0.212233306
NB,2035,T_HDV_T_DSL_HEV_N,T_D_tkm_hdv_t,ge,0.212233306
NB,2035,T_HDV_T_DSL_N,T_D_tkm_hdv_t,ge,0.212233306
NB,2035,T_HDV_T_DSL_PHEV_N,T_D_tkm_hdv_t,ge,0.212233306
NB,2035,T_HDV_T_FCEV_N,T_D_tkm_hdv_t,ge,0.212233306
NB,2035,T_HDV_T_FCHEV_N,T_D_tkm_hdv_t,ge,0.212233306
NB,2035,T_LDV_LTF_BEV150_N,T_D_tkm_ldv_t,ge,0.034634769
NB,2035,T_LDV_LTF_BEV200_N,T_D_tkm_ldv_t,ge,0.034634769
NB,2035,T_LDV_LTF_BEV300_N,T_D_tkm_ldv_t,ge,0.034634769
NB,2035,T_LDV_LTF_BEV400_N,T_D_tkm_ldv_t,ge,0.034634769
NB,2035,T_LDV_LTF_CNG_N,T_D_tkm_ldv_t,ge,0.034634769
NB,2035,T_LDV_LTF_DSL_EX,T_D_tkm_ldv_t,ge,0.034634769
NB,2035,T_LDV_LTF_DSL_N,T_D_tkm_ldv_t,ge,0.034634769
NB,2035,T_LDV_LTF_FCEV400_N,T_D_tkm_ldv_t,ge,0.034634769
NB,2035,T_LDV_LTF_GSL_EX,T_D_tkm_ldv_t,ge,0.034634769
NB,2035,T_LDV_LTF_GSL_HEV_N,T_D_tkm_ldv_t,ge,0.034634769
NB,2035,T_LDV_LTF_GSL_N,T_D_tkm_ldv_t,ge,0.034634769
NB,2035,T_LDV_LTF_GSL_PHEV35_EX,T_D_tkm_ldv_t,ge,0.034634769
NB,2035,T_LDV_LTF_GSL_PHEV35_N,T_D_tkm_ldv_t,ge,0.034634769
NB,2035,T_LDV_LTF_GSL_PHEV50_N,T_D_tkm_ldv_t,ge,0.034634769
NB,2035,T_MDV_T_BEV_N,T_D_tkm_mdv_t,ge,0.026296607
NB,2035,T_MDV_T_DSL_EX,T_D_tkm_mdv_t,ge,0.026296607
NB,2035,T_MDV_T_DSL_HEV_N,T_D_tkm_mdv_t,ge,0.026296607
NB,2035,T_MDV_T_DSL_N,T_D_tkm_mdv_t,ge,0.026296607
NB,2035,T_MDV_T_DSL_PHEV_N,T_D_tkm_mdv_t,ge,0.026296607
NB,2035,T_MDV_T_FCEV_N,T_D_tkm_mdv_t,ge,0.026296607
NB,2035,T_MDV_T_FCHEV_N,T_D_tkm_mdv_t,ge,0.026296607
NB,2035,T_MDV_T_GSL_EX,T_D_tkm_mdv_t,ge,0.039444911
NB,2035,T_MDV_T_GSL_N,T_D_tkm_mdv_t,ge,0.039444911
NB,2040,T_HDV_T_BEV_N,T_D_tkm_hdv_t,ge,0.212233306
NB,2040,T_HDV_T_DSL_HEV_N,T_D_tkm_hdv_t,ge,0.212233306
NB,2040,T_HDV_T_DSL_N,T_D_tkm_hdv_t,ge,0.212233306
NB,2040,T_HDV_T_DSL_PHEV_N,T_D_tkm_hdv_t,ge,0.212233306
NB,2040,T_HDV_T_FCEV_N,T_D_tkm_hdv_t,ge,0.212233306
NB,2040,T_HDV_T_FCHEV_N,T_D_tkm_hdv_t,ge,0.212233306
NB,2040,T_LDV_LTF_BEV150_N,T_D_tkm_ldv_t,ge,0.034634769
NB,2040,T_LDV_LTF_BEV200_N,T_D_tkm_ldv_t,ge,0.034634769
NB,2040,T_LDV_LTF_BEV300_N,T_D_tkm_ldv_t,ge,0.034634769
NB,2040,T_LDV_LTF_BEV400_N,T_D_tkm_ldv_t,ge,0.034634769
NB,2040,T_LDV_LTF_CNG_N,T_D_tkm_ldv_t,ge,0.034634769
NB,2040,T_LDV_LTF_DSL_N,T_D_tkm_ldv_t,ge,0.034634769
NB,2040,T_LDV_LTF_FCEV400_N,T_D_tkm_ldv_t,ge,0.034634769
NB,2040,T_LDV_LTF_GSL_HEV_N,T_D_tkm_ldv_t,ge,0.034634769
NB,2040,T_LDV_LTF_GSL_N,T_D_tkm_ldv_t,ge,0.034634769
NB,2040,T_LDV_LTF_GSL_PHEV35_N,T_D_tkm_ldv_t,ge,0.034634769
NB,2040,T_LDV_LTF_GSL_PHEV50_N,T_D_tkm_ldv_t,ge,0.034634769
NB,2040,T_MDV_T_BEV_N,T_D_tkm_mdv_t,ge,0.026296607
NB,2040,T_MDV_T_DSL_HEV_N,T_D_tkm_mdv_t,ge,0.026296607
NB,2040,T_MDV_T_DSL_N,T_D_tkm_mdv_t,ge,0.026296607
NB,2040,T_MDV_T_DSL_PHEV_N,T_D_tkm_mdv_t,ge,0.026296607
NB,2040,T_MDV_T_FCEV_N,T_D_tkm_mdv_t,ge,0.026296607
NB,2040,T_MDV_T_FCHEV_N,T_D_tkm_mdv_t,ge,0.026296607
NB,2040,T_MDV_T_GSL_N,T_D_tkm_mdv_t,ge,0.039444911
NB,2045,T_HDV_T_BEV_N,T_D_tkm_hdv_t,ge,0.212233306
NB,2045,T_HDV_T_DSL_HEV_N,T_D_tkm_hdv_t,ge,0.212233306
NB,2045,T_HDV_T_DSL_N,T_D_tkm_hdv_t,ge,0.212233306
NB,2045,T_HDV_T_DSL_PHEV_N,T_D_tkm_hdv_t,ge,0.212233306
NB,2045,T_HDV_T_FCEV_N,T_D_tkm_hdv_t,ge,0.212233306
NB,2045,T_HDV_T_FCHEV_N,T_D_tkm_hdv_t,ge,0.212233306
NB,2045,T_LDV_LTF_BEV150_N,T_D_tkm_ldv_t,ge,0.034634769
NB,2045,T_LDV_LTF_BEV200_N,T_D_tkm_ldv_t,ge,0.034634769
NB,2045,T_LDV_LTF_BEV300_N,T_D_tkm_ldv_t,ge,0.034634769
NB,2045,T_LDV_LTF_BEV400_N,T_D_tkm_ldv_t,ge,0.034634769
NB,2045,T_LDV_LTF_CNG_N,T_D_tkm_ldv_t,ge,0.034634769
NB,2045,T_LDV_LTF_DSL_N,T_D_tkm_ldv_t,ge,0.034634769
NB,2045,T_LDV_LTF_FCEV400_N,T_D_tkm_ldv_t,ge,0.034634769
NB,2045,T_LDV_LTF_GSL_HEV_N,T_D_tkm_ldv_t,ge,0.034634769
NB,2045,T_LDV_LTF_GSL_N,T_D_tkm_ldv_t,ge,0.034634769
NB,2045,T_LDV_LTF_GSL_PHEV35_N,T_D_tkm_ldv_t,ge,0.034634769
NB,2045,T_LDV_LTF_GSL_PHEV50_N,T_D_tkm_ldv_t,ge,0.034634769
NB,2045,T_MDV_T_BEV_N,T_D_tkm_mdv_t,ge,0.026296607
NB,2045,T_MDV_T_DSL_HEV_N,T_D_tkm_mdv_t,ge,0.026296607
NB,2045,T_MDV_T_DSL_N,T_D_tkm_mdv_t,ge,0.026296607
NB,2045,T_MDV_T_DSL_PHEV_N,T_D_tkm_mdv_t,ge,0.026296607
NB,2045,T_MDV_T_FCEV_N,T_D_tkm_mdv_t,ge,0.026296607
NB,2045,T_MDV_T_FCHEV_N,T_D_tkm_mdv_t,ge,0.026296607
NB,2045,T_MDV_T_GSL_N,T_D_tkm_mdv_t,ge,0.039444911
NB,2050,T_HDV_T_BEV_N,T_D_tkm_hdv_t,ge,0.212233306
NB,2050,T_HDV_T_DSL_HEV_N,T_D_tkm_hdv_t,ge,0.212233306
NB,2050,T_HDV_T_DSL_N,T_D_tkm_hdv_t,ge,0.212233306
NB,2050,T_HDV_T_DSL_PHEV_N,T_D_tkm_hdv_t,ge,0.212233306
NB,2050,T_HDV_T_FCEV_N,T_D_tkm_hdv_t,ge,0.212233306
NB,2050,T_HDV_T_FCHEV_N,T_D_tkm_hdv_t,ge,0.212233306
NB,2050,T_LDV_LTF_BEV150_N,T_D_tkm_ldv_t,ge,0.034634769
NB,2050,T_LDV_LTF_BEV200_N,T_D_tkm_ldv_t,ge,0.034634769
NB,2050,T_LDV_LTF_BEV300_N,T_D_tkm_ldv_t,ge,0.034634769
NB,2050,T_LDV_LTF_BEV400_N,T_D_tkm_ldv_t,ge,0.034634769
NB,2050,T_LDV_LTF_CNG_N,T_D_tkm_ldv_t,ge,0.034634769
NB,2050,T_LDV_LTF_DSL_N,T_D_tkm_ldv_t,ge,0.034634769
NB,2050,T_LDV_LTF_FCEV400_N,T_D_tkm_ldv_t,ge,0.034634769
NB,2050,T_LDV_LTF_GSL_HEV_N,T_D_tkm_ldv_t,ge,0.034634769
NB,2050,T_LDV_LTF_GSL_N,T_D_tkm_ldv_t,ge,0.034634769
NB,2050,T_LDV_LTF_GSL_PHEV35_N,T_D_tkm_ldv_t,ge,0.034634769
NB,2050,T_LDV_LTF_GSL_PHEV50_N,T_D_tkm_ldv_t,ge,0.034634769
NB,2050,T_MDV_T_BEV_N,T_D_tkm_mdv_t,ge,0.026296607
NB,2050,T_MDV_T_DSL_HEV_N,T_D_tkm_mdv_t,ge,0.026296607
NB,2050,T_MDV_T_DSL_N,T_D_tkm_mdv_t,ge,0.026296607
NB,2050,T_MDV_T_DSL_PHEV_N,T_D_tkm_mdv_t,ge,0.026296607
NB,2050,T_MDV_T_FCEV_N,T_D_tkm_mdv_t,ge,0.026296607
NB,2050,T_MDV_T_FCHEV_N,T_D_tkm_mdv_t,ge,0.026296607
NB,2050,T_MDV_T_GSL_N,T_D_tkm_mdv_t,ge,0.039444911
NLLAB,2025,T_HDV_T_BEV_N,T_D_tkm_hdv_t,ge,0.196882695
NLLAB,2025,T_HDV_T_DSL_EX,T_D_tkm_hdv_t,ge,0.196882695
NLLAB,2025,T_HDV_T_DSL_HEV_N,T_D_tkm_hdv_t,ge,0.196882695
NLLAB,2025,T_HDV_T_DSL_N,T_D_tkm_hdv_t,ge,0.196882695
NLLAB,2025,T_HDV_T_DSL_PHEV_N,T_D_tkm_hdv_t,ge,0.196882695
NLLAB,2025,T_HDV_T_FCEV_N,T_D_tkm_hdv_t,ge,0.196882695
NLLAB,2025,T_HDV_T_FCHEV_N,T_D_tkm_hdv_t,ge,0.196882695
NLLAB,2025,T_LDV_C_BEV150_EX,T_D_pkm_ldv_c,ge,0.01791872
NLLAB,2025,T_LDV_C_BEV150_N,T_D_pkm_ldv_c,ge,0.01791872
NLLAB,2025,T_LDV_C_BEV200_N,T_D_pkm_ldv_c,ge,0.01791872
NLLAB,2025,T_LDV_C_BEV300_N,T_D_pkm_ldv_c,ge,0.01791872
NLLAB,2025,T_LDV_C_BEV400_N,T_D_pkm_ldv_c,ge,0.01791872
NLLAB,2025,T_LDV_C_CNG_N,T_D_pkm_ldv_c,ge,0.01791872
NLLAB,2025,T_LDV_C_DSL_EX,T_D_pkm_ldv_c,ge,0.01791872
NLLAB,2025,T_LDV_C_DSL_N,T_D_pkm_ldv_c,ge,0.01791872
NLLAB,2025,T_LDV_C_FCEV400_N,T_D_pkm_ldv_c,ge,0.01791872
NLLAB,2025,T_LDV_C_GSL_EX,T_D_pkm_ldv_c,ge,0.01791872
NLLAB,2025,T_LDV_C_GSL_HEV_EX,T_D_pkm_ldv_c,ge,0.01791872
NLLAB,2025,T_LDV_C_GSL_HEV_N,T_D_pkm_ldv_c,ge,0.01791872
NLLAB,2025,T_LDV_C_GSL_N,T_D_pkm_ldv_c,ge,0.01791872
NLLAB,2025,T_LDV_C_GSL_PHEV35_EX,T_D_pkm_ldv_c,ge,0.01791872
NLLAB,2025,T_LDV_C_GSL_PHEV35_N,T_D_pkm_ldv_c,ge,0.01791872
NLLAB,2025,T_LDV_C_GSL_PHEV50_N,T_D_pkm_ldv_c,ge,0.01791872
NLLAB,2025,T_LDV_LTF_BEV150_N,T_D_tkm_ldv_t,ge,0.031572549
NLLAB,2025,T_LDV_LTF_BEV200_N,T_D_tkm_ldv_t,ge,0.031572549
NLLAB,2025,T_LDV_LTF_BEV300_N,T_D_tkm_ldv_t,ge,0.031572549
NLLAB,2025,T_LDV_LTF_BEV400_N,T_D_tkm_ldv_t,ge,0.031572549
NLLAB,2025,T_LDV_LTF_CNG_N,T_D_tkm_ldv_t,ge,0.031572549
NLLAB,2025,T_LDV_LTF_DSL_EX,T_D_tkm_ldv_t,ge,0.031572549
NLLAB,2025,T_LDV_LTF_DSL_N,T_D_tkm_ldv_t,ge,0.031572549
NLLAB,2025,T_LDV_LTF_FCEV400_N,T_D_tkm_ldv_t,ge,0.031572549
NLLAB,2025,T_LDV_LTF_GSL_EX,T_D_tkm_ldv_t,ge,0.031572549
NLLAB,2025,T_LDV_LTF_GSL_HEV_EX,T_D_tkm_ldv_t,ge,0.031572549
NLLAB,2025,T_LDV_LTF_GSL_HEV_N,T_D_tkm_ldv_t,ge,0.031572549
NLLAB,2025,T_LDV_LTF_GSL_N,T_D_tkm_ldv_t,ge,0.031572549
NLLAB,2025,T_LDV_LTF_GSL_PHEV35_EX,T_D_tkm_ldv_t,ge,0.031572549
NLLAB,2025,T_LDV_LTF_GSL_PHEV35_N,T_D_tkm_ldv_t,ge,0.031572549
NLLAB,2025,T_LDV_LTF_GSL_PHEV50_N,T_D_tkm_ldv_t,ge,0.031572549
NLLAB,2025,T_MDV_T_BEV_N,T_D_tkm_mdv_t,ge,0.024930141
NLLAB,2025,T_MDV_T_DSL_EX,T_D_tkm_mdv_t,ge,0.024930141
NLLAB,2025,T_MDV_T_DSL_HEV_N,T_D_tkm_mdv_t,ge,0.024930141
NLLAB,2025,T_MDV_T_DSL_N,T_D_tkm_mdv_t,ge,0.024930141
NLLAB,2025,T_MDV_T_DSL_PHEV_N,T_D_tkm_mdv_t,ge,0.024930141
NLLAB,2025,T_MDV_T_FCEV_N,T_D_tkm_mdv_t,ge,0.024930141
NLLAB,2025,T_MDV_T_FCHEV_N,T_D_tkm_mdv_t,ge,0.024930141
NLLAB,2025,T_MDV_T_GSL_EX,T_D_tkm_mdv_t,ge,0.037395212
NLLAB,2025,T_MDV_T_GSL_N,T_D_tkm_mdv_t,ge,0.037395212
NLLAB,2030,T_HDV_T_BEV_N,T_D_tkm_hdv_t,ge,0.212233306
NLLAB,2030,T_HDV_T_DSL_EX,T_D_tkm_hdv_t,ge,0.212233306
NLLAB,2030,T_HDV_T_DSL_HEV_N,T_D_tkm_hdv_t,ge,0.212233306
NLLAB,2030,T_HDV_T_DSL_N,T_D_tkm_hdv_t,ge,0.212233306
NLLAB,2030,T_HDV_T_DSL_PHEV_N,T_D_tkm_hdv_t,ge,0.212233306
NLLAB,2030,T_HDV_T_FCEV_N,T_D_tkm_hdv_t,ge,0.212233306
NLLAB,2030,T_HDV_T_FCHEV_N,T_D_tkm_hdv_t,ge,0.212233306
NLLAB,2030,T_LDV_C_BEV150_EX,T_D_pkm_ldv_c,ge,0.019977172
NLLAB,2030,T_LDV_C_BEV150_N,T_D_pkm_ldv_c,ge,0.019977172
NLLAB,2030,T_LDV_C_BEV200_N,T_D_pkm_ldv_c,ge,0.019977172
NLLAB,2030,T_LDV_C_BEV300_N,T_D_pkm_ldv_c,ge,0.019977172
NLLAB,2030,T_LDV_C_BEV400_N,T_D_pkm_ldv_c,ge,0.019977172
NLLAB,2030,T_LDV_C_CNG_N,T_D_pkm_ldv_c,ge,0.019977172
NLLAB,2030,T_LDV_C_DSL_EX,T_D_pkm_ldv_c,ge,0.019977172
NLLAB,2030,T_LDV_C_DSL_N,T_D_pkm_ldv_c,ge,0.019977172
NLLAB,2030,T_LDV_C_FCEV400_N,T_D_pkm_ldv_c,ge,0.019977172
NLLAB,2030,T_LDV_C_GSL_EX,T_D_pkm_ldv_c,ge,0.019977172
NLLAB,2030,T_LDV_C_GSL_HEV_EX,T_D_pkm_ldv_c,ge,0.019977172
NLLAB,2030,T_LDV_C_GSL_HEV_N,T_D_pkm_ldv_c,ge,0.019977172
NLLAB,2030,T_LDV_C_GSL_N,T_D_pkm_ldv_c,ge,0.019977172
NLLAB,2030,T_LDV_C_GSL_PHEV35_EX,T_D_pkm_ldv_c,ge,0.019977172
NLLAB,2030,T_LDV_C_GSL_PHEV35_N,T_D_pkm_ldv_c,ge,0.019977172
NLLAB,2030,T_LDV_C_GSL_PHEV50_N,T_D_pkm_ldv_c,ge,0.019977172
NLLAB,2030,T_LDV_LTF_BEV150_N,T_D_tkm_ldv_t,ge,0.034634769
NLLAB,2030,T_LDV_LTF_BEV200_N,T_D_tkm_ldv_t,ge,0.034634769
NLLAB,2030,T_LDV_LTF_BEV300_N,T_D_tkm_ldv_t,ge,0.034634769
NLLAB,2030,T_LDV_LTF_BEV400_N,T_D_tkm_ldv_t,ge,0.034634769
NLLAB,2030,T_LDV_LTF_CNG_N,T_D_tkm_ldv_t,ge,0.034634769
NLLAB,2030,T_LDV_LTF_DSL_EX,T_D_tkm_ldv_t,ge,0.034634769
NLLAB,2030,T_LDV_LTF_DSL_N,T_D_tkm_ldv_t,ge,0.034634769
NLLAB,2030,T_LDV_LTF_FCEV400_N,T_D_tkm_ldv_t,ge,0.034634769
NLLAB,2030,T_LDV_LTF_GSL_EX,T_D_tkm_ldv_t,ge,0.034634769
NLLAB,2030,T_LDV_LTF_GSL_HEV_EX,T_D_tkm_ldv_t,ge,0.034634769
NLLAB,2030,T_LDV_LTF_GSL_HEV_N,T_D_tkm_ldv_t,ge,0.034634769
NLLAB,2030,T_LDV_LTF_GSL_N,T_D_tkm_ldv_t,ge,0.034634769
NLLAB,2030,T_LDV_LTF_GSL_PHEV35_EX,T_D_tkm_ldv_t,ge,0.034634769
NLLAB,2030,T_LDV_LTF_GSL_PHEV35_N,T_D_tkm_ldv_t,ge,0.034634769
NLLAB,2030,T_LDV_LTF_GSL_PHEV50_N,T_D_tkm_ldv_t,ge,0.034634769
NLLAB,2030,T_MDV_T_BEV_N,T_D_tkm_mdv_t,ge,0.026296607
NLLAB,2030,T_MDV_T_DSL_EX,T_D_tkm_mdv_t,ge,0.026296607
NLLAB,2030,T_MDV_T_DSL_HEV_N,T_D_tkm_mdv_t,ge,0.026296607
NLLAB,2030,T_MDV_T_DSL_N,T_D_tkm_mdv_t,ge,0.026296607
NLLAB,2030,T_MDV_T_DSL_PHEV_N,T_D_tkm_mdv_t,ge,0.026296607
NLLAB,2030,T_MDV_T_FCEV_N,T_D_tkm_mdv_t,ge,0.026296607
NLLAB,2030,T_MDV_T_FCHEV_N,T_D_tkm_mdv_t,ge,0.026296607
NLLAB,2030,T_MDV_T_GSL_EX,T_D_tkm_mdv_t,ge,0.039444911
NLLAB,2030,T_MDV_T_GSL_N,T_D_tkm_mdv_t,ge,0.039444911
NLLAB,2035,T_HDV_T_BEV_N,T_D_tkm_hdv_t,ge,0.212233306
NLLAB,2035,T_HDV_T_DSL_EX,T_D_tkm_hdv_t,ge,0.212233306
NLLAB,2035,T_HDV_T_DSL_HEV_N,T_D_tkm_hdv_t,ge,0.212233306
NLLAB,2035,T_HDV_T_DSL_N,T_D_tkm_hdv_t,ge,0.212233306
NLLAB,2035,T_HDV_T_DSL_PHEV_N,T_D_tkm_hdv_t,ge,0.212233306
NLLAB,2035,T_HDV_T_FCEV_N,T_D_tkm_hdv_t,ge,0.212233306
NLLAB,2035,T_HDV_T_FCHEV_N,T_D_tkm_hdv_t,ge,0.212233306
NLLAB,2035,T_LDV_C_BEV150_N,T_D_pkm_ldv_c,ge,0.019977172
NLLAB,2035,T_LDV_C_BEV200_N,T_D_pkm_ldv_c,ge,0.019977172
NLLAB,2035,T_LDV_C_BEV300_N,T_D_pkm_ldv_c,ge,0.019977172
NLLAB,2035,T_LDV_C_BEV400_N,T_D_pkm_ldv_c,ge,0.019977172
NLLAB,2035,T_LDV_C_CNG_N,T_D_pkm_ldv_c,ge,0.019977172
NLLAB,2035,T_LDV_C_DSL_N,T_D_pkm_ldv_c,ge,0.019977172
NLLAB,2035,T_LDV_C_FCEV400_N,T_D_pkm_ldv_c,ge,0.019977172
NLLAB,2035,T_LDV_C_GSL_HEV_N,T_D_pkm_ldv_c,ge,0.019977172
NLLAB,2035,T_LDV_C_GSL_N,T_D_pkm_ldv_c,ge,0.019977172
NLLAB,2035,T_LDV_C_GSL_PHEV35_N,T_D_pkm_ldv_c,ge,0.019977172
NLLAB,2035,T_LDV_C_GSL_PHEV50_N,T_D_pkm_ldv_c,ge,0.019977172
NLLAB,2035,T_LDV_LTF_BEV150_N,T_D_tkm_ldv_t,ge,0.034634769
NLLAB,2035,T_LDV_LTF_BEV200_N,T_D_tkm_ldv_t,ge,0.034634769
NLLAB,2035,T_LDV_LTF_BEV300_N,T_D_tkm_ldv_t,ge,0.034634769
NLLAB,2035,T_LDV_LTF_BEV400_N,T_D_tkm_ldv_t,ge,0.034634769
NLLAB,2035,T_LDV_LTF_CNG_N,T_D_tkm_ldv_t,ge,0.034634769
NLLAB,2035,T_LDV_LTF_DSL_EX,T_D_tkm_ldv_t,ge,0.034634769
NLLAB,2035,T_LDV_LTF_DSL_N,T_D_tkm_ldv_t,ge,0.034634769
NLLAB,2035,T_LDV_LTF_FCEV400_N,T_D_tkm_ldv_t,ge,0.034634769
NLLAB,2035,T_LDV_LTF_GSL_EX,T_D_tkm_ldv_t,ge,0.034634769
NLLAB,2035,T_LDV_LTF_GSL_HEV_N,T_D_tkm_ldv_t,ge,0.034634769
NLLAB,2035,T_LDV_LTF_GSL_N,T_D_tkm_ldv_t,ge,0.034634769
NLLAB,2035,T_LDV_LTF_GSL_PHEV35_EX,T_D_tkm_ldv_t,ge,0.034634769
NLLAB,2035,T_LDV_LTF_GSL_PHEV35_N,T_D_tkm_ldv_t,ge,0.034634769
NLLAB,2035,T_LDV_LTF_GSL_PHEV50_N,T_D_tkm_ldv_t,ge,0.034634769
NLLAB,2035,T_MDV_T_BEV_N,T_D_tkm_mdv_t,ge,0.026296607
NLLAB,2035,T_MDV_T_DSL_EX,T_D_tkm_mdv_t,ge,0.026296607
NLLAB,2035,T_MDV_T_DSL_HEV_N,T_D_tkm_mdv_t,ge,0.026296607
NLLAB,2035,T_MDV_T_DSL_N,T_D_tkm_mdv_t,ge,0.026296607
NLLAB,2035,T_MDV_T_DSL_PHEV_N,T_D_tkm_mdv_t,ge,0.026296607
NLLAB,2035,T_MDV_T_FCEV_N,T_D_tkm_mdv_t,ge,0.026296607
NLLAB,2035,T_MDV_T_FCHEV_N,T_D_tkm_mdv_t,ge,0.026296607
NLLAB,2035,T_MDV_T_GSL_EX,T_D_tkm_mdv_t,ge,0.039444911
NLLAB,2035,T_MDV_T_GSL_N,T_D_tkm_mdv_t,ge,0.039444911
NLLAB,2040,T_HDV_T_BEV_N,T_D_tkm_hdv_t,ge,0.212233306
NLLAB,2040,T_HDV_T_DSL_HEV_N,T_D_tkm_hdv_t,ge,0.212233306
NLLAB,2040,T_HDV_T_DSL_N,T_D_tkm_hdv_t,ge,0.212233306
NLLAB,2040,T_HDV_T_DSL_PHEV_N,T_D_tkm_hdv_t,ge,0.212233306
NLLAB,2040,T_HDV_T_FCEV_N,T_D_tkm_hdv_t,ge,0.212233306
NLLAB,2040,T_HDV_T_FCHEV_N,T_D_tkm_hdv_t,ge,0.212233306
NLLAB,2040,T_LDV_C_BEV150_N,T_D_pkm_ldv_c,ge,0.019977172
NLLAB,2040,T_LDV_C_BEV200_N,T_D_pkm_ldv_c,ge,0.019977172
NLLAB,2040,T_LDV_C_BEV300_N,T_D_pkm_ldv_c,ge,0.019977172
NLLAB,2040,T_LDV_C_BEV400_N,T_D_pkm_ldv_c,ge,0.019977172
NLLAB,2040,T_LDV_C_CNG_N,T_D_pkm_ldv_c,ge,0.019977172
NLLAB,2040,T_LDV_C_DSL_N,T_D_pkm_ldv_c,ge,0.019977172
NLLAB,2040,T_LDV_C_FCEV400_N,T_D_pkm_ldv_c,ge,0.019977172
NLLAB,2040,T_LDV_C_GSL_HEV_N,T_D_pkm_ldv_c,ge,0.019977172
NLLAB,2040,T_LDV_C_GSL_N,T_D_pkm_ldv_c,ge,0.019977172
NLLAB,2040,T_LDV_C_GSL_PHEV35_N,T_D_pkm_ldv_c,ge,0.019977172
NLLAB,2040,T_LDV_C_GSL_PHEV50_N,T_D_pkm_ldv_c,ge,0.019977172
NLLAB,2040,T_LDV_LTF_BEV150_N,T_D_tkm_ldv_t,ge,0.034634769
NLLAB,2040,T_LDV_LTF_BEV200_N,T_D_tkm_ldv_t,ge,0.034634769
NLLAB,2040,T_LDV_LTF_BEV300_N,T_D_tkm_ldv_t,ge,0.034634769
NLLAB,2040,T_LDV_LTF_BEV400_N,T_D_tkm_ldv_t,ge,0.034634769
NLLAB,2040,T_LDV_LTF_CNG_N,T_D_tkm_ldv_t,ge,0.034634769
NLLAB,2040,T_LDV_LTF_DSL_N,T_D_tkm_ldv_t,ge,0.034634769
NLLAB,2040,T_LDV_LTF_FCEV400_N,T_D_tkm_ldv_t,ge,0.034634769
NLLAB,2040,T_LDV_LTF_GSL_HEV_N,T_D_tkm_ldv_t,ge,0.034634769
NLLAB,2040,T_LDV_LTF_GSL_N,T_D_tkm_ldv_t,ge,0.034634769
NLLAB,2040,T_LDV_LTF_GSL_PHEV35_N,T_D_tkm_ldv_t,ge,0.034634769
NLLAB,2040,T_LDV_LTF_GSL_PHEV50_N,T_D_tkm_ldv_t,ge,0.034634769
NLLAB,2040,T_MDV_T_BEV_N,T_D_tkm_mdv_t,ge,0.026296607
NLLAB,2040,T_MDV_T_DSL_HEV_N,T_D_tkm_mdv_t,ge,0.026296607
NLLAB,2040,T_MDV_T_DSL_N,T_D_tkm_mdv_t,ge,0.026296607
NLLAB,2040,T_MDV_T_DSL_PHEV_N,T_D_tkm_mdv_t,ge,0.026296607
NLLAB,2040,T_MDV_T_FCEV_N,T_D_tkm_mdv_t,ge,0.026296607
NLLAB,2040,T_MDV_T_FCHEV_N,T_D_tkm_mdv_t,ge,0.026296607
NLLAB,2040,T_MDV_T_GSL_N,T_D_tkm_mdv_t,ge,0.039444911
NLLAB,2045,T_HDV_T_BEV_N,T_D_tkm_hdv_t,ge,0.212233306
NLLAB,2045,T_HDV_T_DSL_HEV_N,T_D_tkm_hdv_t,ge,0.212233306
NLLAB,2045,T_HDV_T_DSL_N,T_D_tkm_hdv_t,ge,0.212233306
NLLAB,2045,T_HDV_T_DSL_PHEV_N,T_D_tkm_hdv_t,ge,0.212233306
NLLAB,2045,T_HDV_T_FCEV_N,T_D_tkm_hdv_t,ge,0.212233306
NLLAB,2045,T_HDV_T_FCHEV_N,T_D_tkm_hdv_t,ge,0.212233306
NLLAB,2045,T_LDV_C_BEV150_N,T_D_pkm_ldv_c,ge,0.019977172
NLLAB,2045,T_LDV_C_BEV200_N,T_D_pkm_ldv_c,ge,0.019977172
NLLAB,2045,T_LDV_C_BEV300_N,T_D_pkm_ldv_c,ge,0.019977172
NLLAB,2045,T_LDV_C_BEV400_N,T_D_pkm_ldv_c,ge,0.019977172
NLLAB,2045,T_LDV_C_CNG_N,T_D_pkm_ldv_c,ge,0.019977172
NLLAB,2045,T_LDV_C_DSL_N,T_D_pkm_ldv_c,ge,0.019977172
NLLAB,2045,T_LDV_C_FCEV400_N,T_D_pkm_ldv_c,ge,0.019977172
NLLAB,2045,T_LDV_C_GSL_HEV_N,T_D_pkm_ldv_c,ge,0.019977172
NLLAB,2045,T_LDV_C_GSL_N,T_D_pkm_ldv_c,ge,0.019977172
NLLAB,2045,T_LDV_C_GSL_PHEV35_N,T_D_pkm_ldv_c,ge,0.019977172
NLLAB,2045,T_LDV_C_GSL_PHEV50_N,T_D_pkm_ldv_c,ge,0.019977172
NLLAB,2045,T_LDV_LTF_BEV150_N,T_D_tkm_ldv_t,ge,0.034634769
NLLAB,2045,T_LDV_LTF_BEV200_N,T_D_tkm_ldv_t,ge,0.034634769
NLLAB,2045,T_LDV_LTF_BEV300_N,T_D_tkm_ldv_t,ge,0.034634769
NLLAB,2045,T_LDV_LTF_BEV400_N,T_D_tkm_ldv_t,ge,0.034634769
NLLAB,2045,T_LDV_LTF_CNG_N,T_D_tkm_ldv_t,ge,0.034634769
NLLAB,2045,T_LDV_LTF_DSL_N,T_D_tkm_ldv_t,ge,0.034634769
NLLAB,2045,T_LDV_LTF_FCEV400_N,T_D_tkm_ldv_t,ge,0.034634769
NLLAB,2045,T_LDV_LTF_GSL_HEV_N,T_D_tkm_ldv_t,ge,0.034634769
NLLAB,2045,T_LDV_LTF_GSL_N,T_D_tkm_ldv_t,ge,0.034634769
NLLAB,2045,T_LDV_LTF_GSL_PHEV35_N,T_D_tkm_ldv_t,ge,0.034634769
NLLAB,2045,T_LDV_LTF_GSL_PHEV50_N,T_D_tkm_ldv_t,ge,0.034634769
NLLAB,2045,T_MDV_T_BEV_N,T_D_tkm_mdv_t,ge,0.026296607
NLLAB,2045,T_MDV_T_DSL_HEV_N,T_D_tkm_mdv_t,ge,0.026296607
NLLAB,2045,T_MDV_T_DSL_N,T_D_tkm_mdv_t,ge,0.026296607
NLLAB,2045,T_MDV_T_DSL_PHEV_N,T_D_tkm_mdv_t,ge,0.026296607
NLLAB,2045,T_MDV_T_FCEV_N,T_D_tkm_mdv_t,ge,0.026296607
NLLAB,2045,T_MDV_T_FCHEV_N,T_D_tkm_mdv_t,ge,0.026296607
NLLAB,2045,T_MDV_T_GSL_N,T_D_tkm_mdv_t,ge,0.039444911
NLLAB,2050,T_HDV_T_BEV_N,T_D_tkm_hdv_t,ge,0.212233306
NLLAB,2050,T_HDV_T_DSL_HEV_N,T_D_tkm_hdv_t,ge,0.212233306
NLLAB,2050,T_HDV_T_DSL_N,T_D_tkm_hdv_t,ge,0.212233306
NLLAB,2050,T_HDV_T_DSL_PHEV_N,T_D_tkm_hdv_t,ge,0.212233306
NLLAB,2050,T_HDV_T_FCEV_N,T_D_tkm_hdv_t,ge,0.212233306
NLLAB,2050,T_HDV_T_FCHEV_N,T_D_tkm_hdv_t,ge,0.212233306
NLLAB,2050,T_LDV_C_BEV150_N,T_D_pkm_ldv_c,ge,0.019977172
NLLAB,2050,T_LDV_C_BEV200_N,T_D_pkm_ldv_c,ge,0.019977172
NLLAB,2050,T_LDV_C_BEV300_N,T_D_pkm_ldv_c,ge,0.019977172
NLLAB,2050,T_LDV_C_BEV400_N,T_D_pkm_ldv_c,ge,0.019977172
NLLAB,2050,T_LDV_C_CNG_N,T_D_pkm_ldv_c,ge,0.019977172
NLLAB,2050,T_LDV_C_DSL_N,T_D_pkm_ldv_c,ge,0.019977172
NLLAB,2050,T_LDV_C_FCEV400_N,T_D_pkm_ldv_c,ge,0.019977172
NLLAB,2050,T_LDV_C_GSL_HEV_N,T_D_pkm_ldv_c,ge,0.019977172
NLLAB,2050,T_LDV_C_GSL_N,T_D_pkm_ldv_c,ge,0.019977172
NLLAB,2050,T_LDV_C_GSL_PHEV35_N,T_D_pkm_ldv_c,ge,0.019977172
NLLAB,2050,T_LDV_C_GSL_PHEV50_N,T_D_pkm_ldv_c,ge,0.019977172
NLLAB,2050,T_LDV_LTF_BEV150_N,T_D_tkm_ldv_t,ge,0.034634769
NLLAB,2050,T_LDV_LTF_BEV200_N,T_D_tkm_ldv_t,ge,0.034634769
NLLAB,2050,T_LDV_LTF_BEV300_N,T_D_tkm_ldv_t,ge,0.034634769
NLLAB,2050,T_LDV_LTF_BEV400_N,T_D_tkm_ldv_t,ge,0.034634769
NLLAB,2050,T_LDV_LTF_CNG_N,T_D_tkm_ldv_t,ge,0.034634769
NLLAB,2050,T_LDV_LTF_DSL_N,T_D_tkm_ldv_t,ge,0.034634769
NLLAB,2050,T_LDV_LTF_FCEV400_N,T_D_tkm_ldv_t,ge,0.034634769
NLLAB,2050,T_LDV_LTF_GSL_HEV_N,T_D_tkm_ldv_t,ge,0.034634769
NLLAB,2050,T_LDV_LTF_GSL_N,T_D_tkm_ldv_t,ge,0.034634769
NLLAB,2050,T_LDV_LTF_GSL_PHEV35_N,T_D_tkm_ldv_t,ge,0.034634769
NLLAB,2050,T_LDV_LTF_GSL_PHEV50_N,T_D_tkm_ldv_t,ge,0.034634769
NLLAB,2050,T_MDV_T_BEV_N,T_D_tkm_mdv_t,ge,0.026296607
NLLAB,2050,T_MDV_T_DSL_HEV_N,T_D_tkm_mdv_t,ge,0.026296607
NLLAB,2050,T_MDV_T_DSL_N,T_D_tkm_mdv_t,ge,0.026296607
NLLAB,2050,T_MDV_T_DSL_PHEV_N,T_D_tkm_mdv_t,ge,0.026296607
NLLAB,2050,T_MDV_T_FCEV_N,T_D_tkm_mdv_t,ge,0.026296607
NLLAB,2050,T_MDV_T_FCHEV_N,T_D_tkm_mdv_t,ge,0.026296607
NLLAB,2050,T_MDV_T_GSL_N,T_D_tkm_mdv_t,ge,0.039444911
NS,2025,T_HDV_T_BEV_N,T_D_tkm_hdv_t,ge,0.196882695
NS,2025,T_HDV_T_DSL_EX,T_D_tkm_hdv_t,ge,0.196882695
NS,2025,T_HDV_T_DSL_HEV_N,T_D_tkm_hdv_t,ge,0.196882695
NS,2025,T_HDV_T_DSL_N,T_D_tkm_hdv_t,ge,0.196882695
NS,2025,T_HDV_T_DSL_PHEV_N,T_D_tkm_hdv_t,ge,0.196882695
NS,2025,T_HDV_T_FCEV_N,T_D_tkm_hdv_t,ge,0.196882695
NS,2025,T_HDV_T_FCHEV_N,T_D_tkm_hdv_t,ge,0.196882695
NS,2025,T_LDV_LTF_BEV150_N,T_D_tkm_ldv_t,ge,0.031572549
NS,2025,T_LDV_LTF_BEV200_N,T_D_tkm_ldv_t,ge,0.031572549
NS,2025,T_LDV_LTF_BEV300_N,T_D_tkm_ldv_t,ge,0.031572549
NS,2025,T_LDV_LTF_BEV400_N,T_D_tkm_ldv_t,ge,0.031572549
NS,2025,T_LDV_LTF_CNG_N,T_D_tkm_ldv_t,ge,0.031572549
NS,2025,T_LDV_LTF_DSL_EX,T_D_tkm_ldv_t,ge,0.031572549
NS,2025,T_LDV_LTF_DSL_N,T_D_tkm_ldv_t,ge,0.031572549
NS,2025,T_LDV_LTF_FCEV400_N,T_D_tkm_ldv_t,ge,0.031572549
NS,2025,T_LDV_LTF_GSL_EX,T_D_tkm_ldv_t,ge,0.031572549
NS,2025,T_LDV_LTF_GSL_HEV_EX,T_D_tkm_ldv_t,ge,0.031572549
NS,2025,T_LDV_LTF_GSL_HEV_N,T_D_tkm_ldv_t,ge,0.031572549
NS,2025,T_LDV_LTF_GSL_N,T_D_tkm_ldv_t,ge,0.031572549
NS,2025,T_LDV_LTF_GSL_PHEV35_EX,T_D_tkm_ldv_t,ge,0.031572549
NS,2025,T_LDV_LTF_GSL_PHEV35_N,T_D_tkm_ldv_t,ge,0.031572549
NS,2025,T_LDV_LTF_GSL_PHEV50_N,T_D_tkm_ldv_t,ge,0.031572549
NS,2025,T_MDV_T_BEV_N,T_D_tkm_mdv_t,ge,0.024930141
NS,2025,T_MDV_T_DSL_EX,T_D_tkm_mdv_t,ge,0.024930141
NS,2025,T_MDV_T_DSL_HEV_N,T_D_tkm_mdv_t,ge,0.024930141
NS,2025,T_MDV_T_DSL_N,T_D_tkm_mdv_t,ge,0.024930141
NS,2025,T_MDV_T_DSL_PHEV_N,T_D_tkm_mdv_t,ge,0.024930141
NS,2025,T_MDV_T_FCEV_N,T_D_tkm_mdv_t,ge,0.024930141
NS,2025,T_MDV_T_FCHEV_N,T_D_tkm_mdv_t,ge,0.024930141
NS,2025,T_MDV_T_GSL_EX,T_D_tkm_mdv_t,ge,0.037395212
NS,2025,T_MDV_T_GSL_N,T_D_tkm_mdv_t,ge,0.037395212
NS,2030,T_HDV_T_BEV_N,T_D_tkm_hdv_t,ge,0.212233306
NS,2030,T_HDV_T_DSL_EX,T_D_tkm_hdv_t,ge,0.212233306
NS,2030,T_HDV_T_DSL_HEV_N,T_D_tkm_hdv_t,ge,0.212233306
NS,2030,T_HDV_T_DSL_N,T_D_tkm_hdv_t,ge,0.212233306
NS,2030,T_HDV_T_DSL_PHEV_N,T_D_tkm_hdv_t,ge,0.212233306
NS,2030,T_HDV_T_FCEV_N,T_D_tkm_hdv_t,ge,0.212233306
NS,2030,T_HDV_T_FCHEV_N,T_D_tkm_hdv_t,ge,0.212233306
NS,2030,T_LDV_LTF_BEV150_N,T_D_tkm_ldv_t,ge,0.034634769
NS,2030,T_LDV_LTF_BEV200_N,T_D_tkm_ldv_t,ge,0.034634769
NS,2030,T_LDV_LTF_BEV300_N,T_D_tkm_ldv_t,ge,0.034634769
NS,2030,T_LDV_LTF_BEV400_N,T_D_tkm_ldv_t,ge,0.034634769
NS,2030,T_LDV_LTF_CNG_N,T_D_tkm_ldv_t,ge,0.034634769
NS,2030,T_LDV_LTF_DSL_EX,T_D_tkm_ldv_t,ge,0.034634769
NS,2030,T_LDV_LTF_DSL_N,T_D_tkm_ldv_t,ge,0.034634769
NS,2030,T_LDV_LTF_FCEV400_N,T_D_tkm_ldv_t,ge,0.034634769
NS,2030,T_LDV_LTF_GSL_EX,T_D_tkm_ldv_t,ge,0.034634769
NS,2030,T_LDV_LTF_GSL_HEV_EX,T_D_tkm_ldv_t,ge,0.034634769
NS,2030,T_LDV_LTF_GSL_HEV_N,T_D_tkm_ldv_t,ge,0.034634769
NS,2030,T_LDV_LTF_GSL_N,T_D_tkm_ldv_t,ge,0.034634769
NS,2030,T_LDV_LTF_GSL_PHEV35_EX,T_D_tkm_ldv_t,ge,0.034634769
NS,2030,T_LDV_LTF_GSL_PHEV35_N,T_D_tkm_ldv_t,ge,0.034634769
NS,2030,T_LDV_LTF_GSL_PHEV50_N,T_D_tkm_ldv_t,ge,0.034634769
NS,2030,T_MDV_T_BEV_N,T_D_tkm_mdv_t,ge,0.026296607
NS,2030,T_MDV_T_DSL_EX,T_D_tkm_mdv_t,ge,0.026296607
NS,2030,T_MDV_T_DSL_HEV_N,T_D_tkm_mdv_t,ge,0.026296607
NS,2030,T_MDV_T_DSL_N,T_D_tkm_mdv_t,ge,0.026296607
NS,2030,T_MDV_T_DSL_PHEV_N,T_D_tkm_mdv_t,ge,0.026296607
NS,2030,T_MDV_T_FCEV_N,T_D_tkm_mdv_t,ge,0.026296607
NS,2030,T_MDV_T_FCHEV_N,T_D_tkm_mdv_t,ge,0.026296607
NS,2030,T_MDV_T_GSL_EX,T_D_tkm_mdv_t,ge,0.039444911
NS,2030,T_MDV_T_GSL_N,T_D_tkm_mdv_t,ge,0.039444911
NS,2035,T_HDV_T_BEV_N,T_D_tkm_hdv_t,ge,0.212233306
NS,2035,T_HDV_T_DSL_EX,T_D_tkm_hdv_t,ge,0.212233306
NS,2035,T_HDV_T_DSL_HEV_N,T_D_tkm_hdv_t,ge,0.212233306
NS,2035,T_HDV_T_DSL_N,T_D_tkm_hdv_t,ge,0.212233306
NS,2035,T_HDV_T_DSL_PHEV_N,T_D_tkm_hdv_t,ge,0.212233306
NS,2035,T_HDV_T_FCEV_N,T_D_tkm_hdv_t,ge,0.212233306
NS,2035,T_HDV_T_FCHEV_N,T_D_tkm_hdv_t,ge,0.212233306
NS,2035,T_LDV_LTF_BEV150_N,T_D_tkm_ldv_t,ge,0.034634769
NS,2035,T_LDV_LTF_BEV200_N,T_D_tkm_ldv_t,ge,0.034634769
NS,2035,T_LDV_LTF_BEV300_N,T_D_tkm_ldv_t,ge,0.034634769
NS,2035,T_LDV_LTF_BEV400_N,T_D_tkm_ldv_t,ge,0.034634769
NS,2035,T_LDV_LTF_CNG_N,T_D_tkm_ldv_t,ge,0.034634769
NS,2035,T_LDV_LTF_DSL_EX,T_D_tkm_ldv_t,ge,0.034634769
NS,2035,T_LDV_LTF_DSL_N,T_D_tkm_ldv_t,ge,0.034634769
NS,2035,T_LDV_LTF_FCEV400_N,T_D_tkm_ldv_t,ge,0.034634769
NS,2035,T_LDV_LTF_GSL_EX,T_D_tkm_ldv_t,ge,0.034634769
NS,2035,T_LDV_LTF_GSL_HEV_N,T_D_tkm_ldv_t,ge,0.034634769
NS,2035,T_LDV_LTF_GSL_N,T_D_tkm_ldv_t,ge,0.034634769
NS,2035,T_LDV_LTF_GSL_PHEV35_EX,T_D_tkm_ldv_t,ge,0.034634769
NS,2035,T_LDV_LTF_GSL_PHEV35_N,T_D_tkm_ldv_t,ge,0.034634769
NS,2035,T_LDV_LTF_GSL_PHEV50_N,T_D_tkm_ldv_t,ge,0.034634769
NS,2035,T_MDV_T_BEV_N,T_D_tkm_mdv_t,ge,0.026296607
NS,2035,T_MDV_T_DSL_EX,T_D_tkm_mdv_t,ge,0.026296607
NS,2035,T_MDV_T_DSL_HEV_N,T_D_tkm_mdv_t,ge,0.026296607
NS,2035,T_MDV_T_DSL_N,T_D_tkm_mdv_t,ge,0.026296607
NS,2035,T_MDV_T_DSL_PHEV_N,T_D_tkm_mdv_t,ge,0.026296607
NS,2035,T_MDV_T_FCEV_N,T_D_tkm_mdv_t,ge,0.026296607
NS,2035,T_MDV_T_FCHEV_N,T_D_tkm_mdv_t,ge,0.026296607
NS,2035,T_MDV_T_GSL_EX,T_D_tkm_mdv_t,ge,0.039444911
NS,2035,T_MDV_T_GSL_N,T_D_tkm_mdv_t,ge,0.039444911
NS,2040,T_HDV_T_BEV_N,T_D_tkm_hdv_t,ge,0.212233306
NS,2040,T_HDV_T_DSL_HEV_N,T_D_tkm_hdv_t,ge,0.212233306
NS,2040,T_HDV_T_DSL_N,T_D_tkm_hdv_t,ge,0.212233306
NS,2040,T_HDV_T_DSL_PHEV_N,T_D_tkm_hdv_t,ge,0.212233306
NS,2040,T_HDV_T_FCEV_N,T_D_tkm_hdv_t,ge,0.212233306
NS,2040,T_HDV_T_FCHEV_N,T_D_tkm_hdv_t,ge,0.212233306
NS,2040,T_LDV_LTF_BEV150_N,T_D_tkm_ldv_t,ge,0.034634769
NS,2040,T_LDV_LTF_BEV200_N,T_D_tkm_ldv_t,ge,0.034634769
NS,2040,T_LDV_LTF_BEV300_N,T_D_tkm_ldv_t,ge,0.034634769
NS,2040,T_LDV_LTF_BEV400_N,T_D_tkm_ldv_t,ge,0.034634769
NS,2040,T_LDV_LTF_CNG_N,T_D_tkm_ldv_t,ge,0.034634769
NS,2040,T_LDV_LTF_DSL_N,T_D_tkm_ldv_t,ge,0.034634769
NS,2040,T_LDV_LTF_FCEV400_N,T_D_tkm_ldv_t,ge,0.034634769
NS,2040,T_LDV_LTF_GSL_HEV_N,T_D_tkm_ldv_t,ge,0.034634769
NS,2040,T_LDV_LTF_GSL_N,T_D_tkm_ldv_t,ge,0.034634769
NS,2040,T_LDV_LTF_GSL_PHEV35_N,T_D_tkm_ldv_t,ge,0.034634769
NS,2040,T_LDV_LTF_GSL_PHEV50_N,T_D_tkm_ldv_t,ge,0.034634769
NS,2040,T_MDV_T_BEV_N,T_D_tkm_mdv_t,ge,0.026296607
NS,2040,T_MDV_T_DSL_HEV_N,T_D_tkm_mdv_t,ge,0.026296607
NS,2040,T_MDV_T_DSL_N,T_D_tkm_mdv_t,ge,0.026296607
NS,2040,T_MDV_T_DSL_PHEV_N,T_D_tkm_mdv_t,ge,0.026296607
NS,2040,T_MDV_T_FCEV_N,T_D_tkm_mdv_t,ge,0.026296607
NS,2040,T_MDV_T_FCHEV_N,T_D_tkm_mdv_t,ge,0.026296607
NS,2040,T_MDV_T_GSL_N,T_D_tkm_mdv_t,ge,0.039444911
NS,2045,T_HDV_T_BEV_N,T_D_tkm_hdv_t,ge,0.212233306
NS,2045,T_HDV_T_DSL_HEV_N,T_D_tkm_hdv_t,ge,0.212233306
NS,2045,T_HDV_T_DSL_N,T_D_tkm_hdv_t,ge,0.212233306
NS,2045,T_HDV_T_DSL_PHEV_N,T_D_tkm_hdv_t,ge,0.212233306
NS,2045,T_HDV_T_FCEV_N,T_D_tkm_hdv_t,ge,0.212233306
NS,2045,T_HDV_T_FCHEV_N,T_D_tkm_hdv_t,ge,0.212233306
NS,2045,T_LDV_LTF_BEV150_N,T_D_tkm_ldv_t,ge,0.034634769
NS,2045,T_LDV_LTF_BEV200_N,T_D_tkm_ldv_t,ge,0.034634769
NS,2045,T_LDV_LTF_BEV300_N,T_D_tkm_ldv_t,ge,0.034634769
NS,2045,T_LDV_LTF_BEV400_N,T_D_tkm_ldv_t,ge,0.034634769
NS,2045,T_LDV_LTF_CNG_N,T_D_tkm_ldv_t,ge,0.034634769
NS,2045,T_LDV_LTF_DSL_N,T_D_tkm_ldv_t,ge,0.034634769
NS,2045,T_LDV_LTF_FCEV400_N,T_D_tkm_ldv_t,ge,0.034634769
NS,2045,T_LDV_LTF_GSL_HEV_N,T_D_tkm_ldv_t,ge,0.034634769
NS,2045,T_LDV_LTF_GSL_N,T_D_tkm_ldv_t,ge,0.034634769
NS,2045,T_LDV_LTF_GSL_PHEV35_N,T_D_tkm_ldv_t,ge,0.034634769
NS,2045,T_LDV_LTF_GSL_PHEV50_N,T_D_tkm_ldv_t,ge,0.034634769
NS,2045,T_MDV_T_BEV_N,T_D_tkm_mdv_t,ge,0.026296607
NS,2045,T_MDV_T_DSL_HEV_N,T_D_tkm_mdv_t,ge,0.026296607
NS,2045,T_MDV_T_DSL_N,T_D_tkm_mdv_t,ge,0.026296607
NS,2045,T_MDV_T_DSL_PHEV_N,T_D_tkm_mdv_t,ge,0.026296607
NS,2045,T_MDV_T_FCEV_N,T_D_tkm_mdv_t,ge,0.026296607
NS,2045,T_MDV_T_FCHEV_N,T_D_tkm_mdv_t,ge,0.026296607
NS,2045,T_MDV_T_GSL_N,T_D_tkm_mdv_t,ge,0.039444911
NS,2050,T_HDV_T_BEV_N,T_D_tkm_hdv_t,ge,0.212233306
NS,2050,T_HDV_T_DSL_HEV_N,T_D_tkm_hdv_t,ge,0.212233306
NS,2050,T_HDV_T_DSL_N,T_D_tkm_hdv_t,ge,0.212233306
NS,2050,T_HDV_T_DSL_PHEV_N,T_D_tkm_hdv_t,ge,0.212233306
NS,2050,T_HDV_T_FCEV_N,T_D_tkm_hdv_t,ge,0.212233306
NS,2050,T_HDV_T_FCHEV_N,T_D_tkm_hdv_t,ge,0.212233306
NS,2050,T_LDV_LTF_BEV150_N,T_D_tkm_ldv_t,ge,0.034634769
NS,2050,T_LDV_LTF_BEV200_N,T_D_tkm_ldv_t,ge,0.034634769
NS,2050,T_LDV_LTF_BEV300_N,T_D_tkm_ldv_t,ge,0.034634769
NS,2050,T_LDV_LTF_BEV400_N,T_D_tkm_ldv_t,ge,0.034634769
NS,2050,T_LDV_LTF_CNG_N,T_D_tkm_ldv_t,ge,0.034634769
NS,2050,T_LDV_LTF_DSL_N,T_D_tkm_ldv_t,ge,0.034634769
NS,2050,T_LDV_LTF_FCEV400_N,T_D_tkm_ldv_t,ge,0.034634769
NS,2050,T_LDV_LTF_GSL_HEV_N,T_D_tkm_ldv_t,ge,0.034634769
NS,2050,T_LDV_LTF_GSL_N,T_D_tkm_ldv_t,ge,0.034634769
NS,2050,T_LDV_LTF_GSL_PHEV35_N,T_D_tkm_ldv_t,ge,0.034634769
NS,2050,T_LDV_LTF_GSL_PHEV50_N,T_D_tkm_ldv_t,ge,0.034634769
NS,2050,T_MDV_T_BEV_N,T_D_tkm_mdv_t,ge,0.026296607
NS,2050,T_MDV_T_DSL_HEV_N,T_D_tkm_mdv_t,ge,0.026296607
NS,2050,T_MDV_T_DSL_N,T_D_tkm_mdv_t,ge,0.026296607
NS,2050,T_MDV_T_DSL_PHEV_N,T_D_tkm_mdv_t,ge,0.026296607
NS,2050,T_MDV_T_FCEV_N,T_D_tkm_mdv_t,ge,0.026296607
NS,2050,T_MDV_T_FCHEV_N,T_D_tkm_mdv_t,ge,0.026296607
NS,2050,T_MDV_T_GSL_N,T_D_tkm_mdv_t,ge,0.039444911
ON,2025,T_HDV_T_BEV_N,T_D_tkm_hdv_t,ge,0.196882695
ON,2025,T_HDV_T_DSL_EX,T_D_tkm_hdv_t,ge,0.196882695
ON,2025,T_HDV_T_DSL_HEV_N,T_D_tkm_hdv_t,ge,0.196882695
ON,2025,T_HDV_T_DSL_N,T_D_tkm_hdv_t,ge,0.196882695
ON,2025,T_HDV_T_DSL_PHEV_N,T_D_tkm_hdv_t,ge,0.196882695
ON,2025,T_HDV_T_FCEV_N,T_D_tkm_hdv_t,ge,0.196882695
ON,2025,T_HDV_T_FCHEV_N,T_D_tkm_hdv_t,ge,0.196882695
ON,2025,T_LDV_C_BEV150_EX,T_D_pkm_ldv_c,ge,0.01791872
ON,2025,T_LDV_C_BEV150_N,T_D_pkm_ldv_c,ge,0.01791872
ON,2025,T_LDV_C_BEV200_N,T_D_pkm_ldv_c,ge,0.01791872
ON,2025,T_LDV_C_BEV300_N,T_D_pkm_ldv_c,ge,0.01791872
ON,2025,T_LDV_C_BEV400_N,T_D_pkm_ldv_c,ge,0.01791872
ON,2025,T_LDV_C_CNG_N,T_D_pkm_ldv_c,ge,0.01791872
ON,2025,T_LDV_C_DSL_EX,T_D_pkm_ldv_c,ge,0.01791872
ON,2025,T_LDV_C_DSL_N,T_D_pkm_ldv_c,ge,0.01791872
ON,2025,T_LDV_C_FCEV400_N,T_D_pkm_ldv_c,ge,0.01791872
ON,2025,T_LDV_C_GSL_EX,T_D_pkm_ldv_c,ge,0.01791872
ON,2025,T_LDV_C_GSL_HEV_EX,T_D_pkm_ldv_c,ge,0.01791872
ON,2025,T_LDV_C_GSL_HEV_N,T_D_pkm_ldv_c,ge,0.01791872
ON,2025,T_LDV_C_GSL_N,T_D_pkm_ldv_c,ge,0.01791872
ON,2025,T_LDV_C_GSL_PHEV35_EX,T_D_pkm_ldv_c,ge,0.01791872
ON,2025,T_LDV_C_GSL_PHEV35_N,T_D_pkm_ldv_c,ge,0.01791872
ON,2025,T_LDV_C_GSL_PHEV50_N,T_D_pkm_ldv_c,ge,0.01791872
ON,2025,T_LDV_LTF_BEV150_N,T_D_tkm_ldv_t,ge,0.031572549
ON,2025,T_LDV_LTF_BEV200_N,T_D_tkm_ldv_t,ge,0.031572549
ON,2025,T_LDV_LTF_BEV300_N,T_D_tkm_ldv_t,ge,0.031572549
ON,2025,T_LDV_LTF_BEV400_N,T_D_tkm_ldv_t,ge,0.031572549
ON,2025,T_LDV_LTF_CNG_N,T_D_tkm_ldv_t,ge,0.031572549
ON,2025,T_LDV_LTF_DSL_EX,T_D_tkm_ldv_t,ge,0.031572549
ON,2025,T_LDV_LTF_DSL_N,T_D_tkm_ldv_t,ge,0.031572549
ON,2025,T_LDV_LTF_FCEV400_N,T_D_tkm_ldv_t,ge,0.031572549
ON,2025,T_LDV_LTF_GSL_EX,T_D_tkm_ldv_t,ge,0.031572549
ON,2025,T_LDV_LTF_GSL_HEV_EX,T_D_tkm_ldv_t,ge,0.031572549
ON,2025,T_LDV_LTF_GSL_HEV_N,T_D_tkm_ldv_t,ge,0.031572549
ON,2025,T_LDV_LTF_GSL_N,T_D_tkm_ldv_t,ge,0.031572549
ON,2025,T_LDV_LTF_GSL_PHEV35_EX,T_D_tkm_ldv_t,ge,0.031572549
ON,2025,T_LDV_LTF_GSL_PHEV35_N,T_D_tkm_ldv_t,ge,0.031572549
ON,2025,T_LDV_LTF_GSL_PHEV50_N,T_D_tkm_ldv_t,ge,0.031572549
ON,2025,T_LDV_LTP_BEV150_N,T_D_pkm_ldv_t,ge,0.016219814
ON,2025,T_LDV_LTP_BEV200_N,T_D_pkm_ldv_t,ge,0.016219814
ON,2025,T_LDV_LTP_BEV300_EX,T_D_pkm_ldv_t,ge,0.016219814
ON,2025,T_LDV_LTP_BEV300_N,T_D_pkm_ldv_t,ge,0.016219814
ON,2025,T_LDV_LTP_BEV400_N,T_D_pkm_ldv_t,ge,0.016219814
ON,2025,T_LDV_LTP_CNG_N,T_D_pkm_ldv_t,ge,0.016219814
ON,2025,T_LDV_LTP_DSL_EX,T_D_pkm_ldv_t,ge,0.016219814
ON,2025,T_LDV_LTP_DSL_N,T_D_pkm_ldv_t,ge,0.016219814
ON,2025,T_LDV_LTP_FCEV400_N,T_D_pkm_ldv_t,ge,0.016219814
ON,2025,T_LDV_LTP_GSL_EX,T_D_pkm_ldv_t,ge,0.016219814
ON,2025,T_LDV_LTP_GSL_HEV_EX,T_D_pkm_ldv_t,ge,0.016219814
ON,2025,T_LDV_LTP_GSL_HEV_N,T_D_pkm_ldv_t,ge,0.016219814
ON,2025,T_LDV_LTP_GSL_N,T_D_pkm_ldv_t,ge,0.016219814
ON,2025,T_LDV_LTP_GSL_PHEV35_EX,T_D_pkm_ldv_t,ge,0.016219814
ON,2025,T_LDV_LTP_GSL_PHEV35_N,T_D_pkm_ldv_t,ge,0.016219814
ON,2025,T_LDV_LTP_GSL_PHEV50_N,T_D_pkm_ldv_t,ge,0.016219814
ON,2025,T_MDV_T_BEV_N,T_D_tkm_mdv_t,ge,0.024930141
ON,2025,T_MDV_T_DSL_EX,T_D_tkm_mdv_t,ge,0.024930141
ON,2025,T_MDV_T_DSL_HEV_N,T_D_tkm_mdv_t,ge,0.024930141
ON,2025,T_MDV_T_DSL_N,T_D_tkm_mdv_t,ge,0.024930141
ON,2025,T_MDV_T_DSL_PHEV_N,T_D_tkm_mdv_t,ge,0.024930141
ON,2025,T_MDV_T_FCEV_N,T_D_tkm_mdv_t,ge,0.024930141
ON,2025,T_MDV_T_FCHEV_N,T_D_tkm_mdv_t,ge,0.024930141
ON,2030,T_HDV_T_BEV_N,T_D_tkm_hdv_t,ge,0.212233306
ON,2030,T_HDV_T_DSL_EX,T_D_tkm_hdv_t,ge,0.212233306
ON,2030,T_HDV_T_DSL_HEV_N,T_D_tkm_hdv_t,ge,0.212233306
ON,2030,T_HDV_T_DSL_N,T_D_tkm_hdv_t,ge,0.212233306
ON,2030,T_HDV_T_DSL_PHEV_N,T_D_tkm_hdv_t,ge,0.212233306
ON,2030,T_HDV_T_FCEV_N,T_D_tkm_hdv_t,ge,0.212233306
ON,2030,T_HDV_T_FCHEV_N,T_D_tkm_hdv_t,ge,0.212233306
ON,2030,T_LDV_C_BEV150_EX,T_D_pkm_ldv_c,ge,0.019977172
ON,2030,T_LDV_C_BEV150_N,T_D_pkm_ldv_c,ge,0.019977172
ON,2030,T_LDV_C_BEV200_N,T_D_pkm_ldv_c,ge,0.019977172
ON,2030,T_LDV_C_BEV300_N,T_D_pkm_ldv_c,ge,0.019977172
ON,2030,T_LDV_C_BEV400_N,T_D_pkm_ldv_c,ge,0.019977172
ON,2030,T_LDV_C_CNG_N,T_D_pkm_ldv_c,ge,0.019977172
ON,2030,T_LDV_C_DSL_EX,T_D_pkm_ldv_c,ge,0.019977172
ON,2030,T_LDV_C_DSL_N,T_D_pkm_ldv_c,ge,0.019977172
ON,2030,T_LDV_C_FCEV400_N,T_D_pkm_ldv_c,ge,0.019977172
ON,2030,T_LDV_C_GSL_EX,T_D_pkm_ldv_c,ge,0.019977172
ON,2030,T_LDV_C_GSL_HEV_EX,T_D_pkm_ldv_c,ge,0.019977172
ON,2030,T_LDV_C_GSL_HEV_N,T_D_pkm_ldv_c,ge,0.019977172
ON,2030,T_LDV_C_GSL_N,T_D_pkm_ldv_c,ge,0.019977172
ON,2030,T_LDV_C_GSL_PHEV35_EX,T_D_pkm_ldv_c,ge,0.019977172
ON,2030,T_LDV_C_GSL_PHEV35_N,T_D_pkm_ldv_c,ge,0.019977172
ON,2030,T_LDV_C_GSL_PHEV50_N,T_D_pkm_ldv_c,ge,0.019977172
ON,2030,T_LDV_LTF_BEV150_N,T_D_tkm_ldv_t,ge,0.034634769
ON,2030,T_LDV_LTF_BEV200_N,T_D_tkm_ldv_t,ge,0.034634769
ON,2030,T_LDV_LTF_BEV300_N,T_D_tkm_ldv_t,ge,0.034634769
ON,2030,T_LDV_LTF_BEV400_N,T_D_tkm_ldv_t,ge,0.034634769
ON,2030,T_LDV_LTF_CNG_N,T_D_tkm_ldv_t,ge,0.034634769
ON,2030,T_LDV_LTF_DSL_EX,T_D_tkm_ldv_t,ge,0.034634769
ON,2030,T_LDV_LTF_DSL_N,T_D_tkm_ldv_t,ge,0.034634769
ON,2030,T_LDV_LTF_FCEV400_N,T_D_tkm_ldv_t,ge,0.034634769
ON,2030,T_LDV_LTF_GSL_EX,T_D_tkm_ldv_t,ge,0.034634769
ON,2030,T_LDV_LTF_GSL_HEV_EX,T_D_tkm_ldv_t,ge,0.034634769
ON,2030,T_LDV_LTF_GSL_HEV_N,T_D_tkm_ldv_t,ge,0.034634769
ON,2030,T_LDV_LTF_GSL_N,T_D_tkm_ldv_t,ge,0.034634769
ON,2030,T_LDV_LTF_GSL_PHEV35_EX,T_D_tkm_ldv_t,ge,0.034634769
ON,2030,T_LDV_LTF_GSL_PHEV35_N,T_D_tkm_ldv_t,ge,0.034634769
ON,2030,T_LDV_LTF_GSL_PHEV50_N,T_D_tkm_ldv_t,ge,0.034634769
ON,2030,T_LDV_LTP_BEV150_N,T_D_pkm_ldv_t,ge,0.017819434
ON,2030,T_LDV_LTP_BEV200_N,T_D_pkm_ldv_t,ge,0.017819434
ON,2030,T_LDV_LTP_BEV300_EX,T_D_pkm_ldv_t,ge,0.017819434
ON,2030,T_LDV_LTP_BEV300_N,T_D_pkm_ldv_t,ge,0.017819434
ON,2030,T_LDV_LTP_BEV400_N,T_D_pkm_ldv_t,ge,0.017819434
ON,2030,T_LDV_LTP_CNG_N,T_D_pkm_ldv_t,ge,0.017819434
ON,2030,T_LDV_LTP_DSL_EX,T_D_pkm_ldv_t,ge,0.017819434
ON,2030,T_LDV_LTP_DSL_N,T_D_pkm_ldv_t,ge,0.017819434
ON,2030,T_LDV_LTP_FCEV400_N,T_D_pkm_ldv_t,ge,0.017819434
ON,2030,T_LDV_LTP_GSL_EX,T_D_pkm_ldv_t,ge,0.017819434
ON,2030,T_LDV_LTP_GSL_HEV_EX,T_D_pkm_ldv_t,ge,0.017819434
ON,2030,T_LDV_LTP_GSL_HEV_N,T_D_pkm_ldv_t,ge,0.017819434
ON,2030,T_LDV_LTP_GSL_N,T_D_pkm_ldv_t,ge,0.017819434
ON,2030,T_LDV_LTP_GSL_PHEV35_EX,T_D_pkm_ldv_t,ge,0.017819434
ON,2030,T_LDV_LTP_GSL_PHEV35_N,T_D_pkm_ldv_t,ge,0.017819434
ON,2030,T_LDV_LTP_GSL_PHEV50_N,T_D_pkm_ldv_t,ge,0.017819434
ON,2030,T_MDV_T_BEV_N,T_D_tkm_mdv_t,ge,0.026296607
ON,2030,T_MDV_T_DSL_EX,T_D_tkm_mdv_t,ge,0.026296607
ON,2030,T_MDV_T_DSL_HEV_N,T_D_tkm_mdv_t,ge,0.026296607
ON,2030,T_MDV_T_DSL_N,T_D_tkm_mdv_t,ge,0.026296607
ON,2030,T_MDV_T_DSL_PHEV_N,T_D_tkm_mdv_t,ge,0.026296607
ON,2030,T_MDV_T_FCEV_N,T_D_tkm_mdv_t,ge,0.026296607
ON,2030,T_MDV_T_FCHEV_N,T_D_tkm_mdv_t,ge,0.026296607
ON,2035,T_HDV_T_BEV_N,T_D_tkm_hdv_t,ge,0.212233306
ON,2035,T_HDV_T_DSL_EX,T_D_tkm_hdv_t,ge,0.212233306
ON,2035,T_HDV_T_DSL_HEV_N,T_D_tkm_hdv_t,ge,0.212233306
ON,2035,T_HDV_T_DSL_N,T_D_tkm_hdv_t,ge,0.212233306
ON,2035,T_HDV_T_DSL_PHEV_N,T_D_tkm_hdv_t,ge,0.212233306
ON,2035,T_HDV_T_FCEV_N,T_D_tkm_hdv_t,ge,0.212233306
ON,2035,T_HDV_T_FCHEV_N,T_D_tkm_hdv_t,ge,0.212233306
ON,2035,T_LDV_C_BEV150_N,T_D_pkm_ldv_c,ge,0.019977172
ON,2035,T_LDV_C_BEV200_N,T_D_pkm_ldv_c,ge,0.019977172
ON,2035,T_LDV_C_BEV300_N,T_D_pkm_ldv_c,ge,0.019977172
ON,2035,T_LDV_C_BEV400_N,T_D_pkm_ldv_c,ge,0.019977172
ON,2035,T_LDV_C_CNG_N,T_D_pkm_ldv_c,ge,0.019977172
ON,2035,T_LDV_C_DSL_N,T_D_pkm_ldv_c,ge,0.019977172
ON,2035,T_LDV_C_FCEV400_N,T_D_pkm_ldv_c,ge,0.019977172
ON,2035,T_LDV_C_GSL_HEV_N,T_D_pkm_ldv_c,ge,0.019977172
ON,2035,T_LDV_C_GSL_N,T_D_pkm_ldv_c,ge,0.019977172
ON,2035,T_LDV_C_GSL_PHEV35_N,T_D_pkm_ldv_c,ge,0.019977172
ON,2035,T_LDV_C_GSL_PHEV50_N,T_D_pkm_ldv_c,ge,0.019977172
ON,2035,T_LDV_LTF_BEV150_N,T_D_tkm_ldv_t,ge,0.034634769
ON,2035,T_LDV_LTF_BEV200_N,T_D_tkm_ldv_t,ge,0.034634769
ON,2035,T_LDV_LTF_BEV300_N,T_D_tkm_ldv_t,ge,0.034634769
ON,2035,T_LDV_LTF_BEV400_N,T_D_tkm_ldv_t,ge,0.034634769
ON,2035,T_LDV_LTF_CNG_N,T_D_tkm_ldv_t,ge,0.034634769
ON,2035,T_LDV_LTF_DSL_EX,T_D_tkm_ldv_t,ge,0.034634769
ON,2035,T_LDV_LTF_DSL_N,T_D_tkm_ldv_t,ge,0.034634769
ON,2035,T_LDV_LTF_FCEV400_N,T_D_tkm_ldv_t,ge,0.034634769
ON,2035,T_LDV_LTF_GSL_EX,T_D_tkm_ldv_t,ge,0.034634769
ON,2035,T_LDV_LTF_GSL_HEV_EX,T_D_tkm_ldv_t,ge,0.034634769
ON,2035,T_LDV_LTF_GSL_HEV_N,T_D_tkm_ldv_t,ge,0.034634769
ON,2035,T_LDV_LTF_GSL_N,T_D_tkm_ldv_t,ge,0.034634769
ON,2035,T_LDV_LTF_GSL_PHEV35_EX,T_D_tkm_ldv_t,ge,0.034634769
ON,2035,T_LDV_LTF_GSL_PHEV35_N,T_D_tkm_ldv_t,ge,0.034634769
ON,2035,T_LDV_LTF_GSL_PHEV50_N,T_D_tkm_ldv_t,ge,0.034634769
ON,2035,T_LDV_LTP_BEV150_N,T_D_pkm_ldv_t,ge,0.017819434
ON,2035,T_LDV_LTP_BEV200_N,T_D_pkm_ldv_t,ge,0.017819434
ON,2035,T_LDV_LTP_BEV300_EX,T_D_pkm_ldv_t,ge,0.017819434
ON,2035,T_LDV_LTP_BEV300_N,T_D_pkm_ldv_t,ge,0.017819434
ON,2035,T_LDV_LTP_BEV400_N,T_D_pkm_ldv_t,ge,0.017819434
ON,2035,T_LDV_LTP_CNG_N,T_D_pkm_ldv_t,ge,0.017819434
ON,2035,T_LDV_LTP_DSL_EX,T_D_pkm_ldv_t,ge,0.017819434
ON,2035,T_LDV_LTP_DSL_N,T_D_pkm_ldv_t,ge,0.017819434
ON,2035,T_LDV_LTP_FCEV400_N,T_D_pkm_ldv_t,ge,0.017819434
ON,2035,T_LDV_LTP_GSL_EX,T_D_pkm_ldv_t,ge,0.017819434
ON,2035,T_LDV_LTP_GSL_HEV_EX,T_D_pkm_ldv_t,ge,0.017819434
ON,2035,T_LDV_LTP_GSL_HEV_N,T_D_pkm_ldv_t,ge,0.017819434
ON,2035,T_LDV_LTP_GSL_N,T_D_pkm_ldv_t,ge,0.017819434
ON,2035,T_LDV_LTP_GSL_PHEV35_EX,T_D_pkm_ldv_t,ge,0.017819434
ON,2035,T_LDV_LTP_GSL_PHEV35_N,T_D_pkm_ldv_t,ge,0.017819434
ON,2035,T_LDV_LTP_GSL_PHEV50_N,T_D_pkm_ldv_t,ge,0.017819434
ON,2035,T_MDV_T_BEV_N,T_D_tkm_mdv_t,ge,0.026296607
ON,2035,T_MDV_T_DSL_EX,T_D_tkm_mdv_t,ge,0.026296607
ON,2035,T_MDV_T_DSL_HEV_N,T_D_tkm_mdv_t,ge,0.026296607
ON,2035,T_MDV_T_DSL_N,T_D_tkm_mdv_t,ge,0.026296607
ON,2035,T_MDV_T_DSL_PHEV_N,T_D_tkm_mdv_t,ge,0.026296607
ON,2035,T_MDV_T_FCEV_N,T_D_tkm_mdv_t,ge,0.026296607
ON,2035,T_MDV_T_FCHEV_N,T_D_tkm_mdv_t,ge,0.026296607
ON,2040,T_HDV_T_BEV_N,T_D_tkm_hdv_t,ge,0.212233306
ON,2040,T_HDV_T_DSL_HEV_N,T_D_tkm_hdv_t,ge,0.212233306
ON,2040,T_HDV_T_DSL_N,T_D_tkm_hdv_t,ge,0.212233306
ON,2040,T_HDV_T_DSL_PHEV_N,T_D_tkm_hdv_t,ge,0.212233306
ON,2040,T_HDV_T_FCEV_N,T_D_tkm_hdv_t,ge,0.212233306
ON,2040,T_HDV_T_FCHEV_N,T_D_tkm_hdv_t,ge,0.212233306
ON,2040,T_LDV_C_BEV150_N,T_D_pkm_ldv_c,ge,0.019977172
ON,2040,T_LDV_C_BEV200_N,T_D_pkm_ldv_c,ge,0.019977172
ON,2040,T_LDV_C_BEV300_N,T_D_pkm_ldv_c,ge,0.019977172
ON,2040,T_LDV_C_BEV400_N,T_D_pkm_ldv_c,ge,0.019977172
ON,2040,T_LDV_C_CNG_N,T_D_pkm_ldv_c,ge,0.019977172
ON,2040,T_LDV_C_DSL_N,T_D_pkm_ldv_c,ge,0.019977172
ON,2040,T_LDV_C_FCEV400_N,T_D_pkm_ldv_c,ge,0.019977172
ON,2040,T_LDV_C_GSL_HEV_N,T_D_pkm_ldv_c,ge,0.019977172
ON,2040,T_LDV_C_GSL_N,T_D_pkm_ldv_c,ge,0.019977172
ON,2040,T_LDV_C_GSL_PHEV35_N,T_D_pkm_ldv_c,ge,0.019977172
ON,2040,T_LDV_C_GSL_PHEV50_N,T_D_pkm_ldv_c,ge,0.019977172
ON,2040,T_LDV_LTF_BEV150_N,T_D_tkm_ldv_t,ge,0.034634769
ON,2040,T_LDV_LTF_BEV200_N,T_D_tkm_ldv_t,ge,0.034634769
ON,2040,T_LDV_LTF_BEV300_N,T_D_tkm_ldv_t,ge,0.034634769
ON,2040,T_LDV_LTF_BEV400_N,T_D_tkm_ldv_t,ge,0.034634769
ON,2040,T_LDV_LTF_CNG_N,T_D_tkm_ldv_t,ge,0.034634769
ON,2040,T_LDV_LTF_DSL_N,T_D_tkm_ldv_t,ge,0.034634769
ON,2040,T_LDV_LTF_FCEV400_N,T_D_tkm_ldv_t,ge,0.034634769
ON,2040,T_LDV_LTF_GSL_HEV_N,T_D_tkm_ldv_t,ge,0.034634769
ON,2040,T_LDV_LTF_GSL_N,T_D_tkm_ldv_t,ge,0.034634769
ON,2040,T_LDV_LTF_GSL_PHEV35_N,T_D_tkm_ldv_t,ge,0.034634769
ON,2040,T_LDV_LTF_GSL_PHEV50_N,T_D_tkm_ldv_t,ge,0.034634769
ON,2040,T_LDV_LTP_BEV150_N,T_D_pkm_ldv_t,ge,0.017819434
ON,2040,T_LDV_LTP_BEV200_N,T_D_pkm_ldv_t,ge,0.017819434
ON,2040,T_LDV_LTP_BEV300_N,T_D_pkm_ldv_t,ge,0.017819434
ON,2040,T_LDV_LTP_BEV400_N,T_D_pkm_ldv_t,ge,0.017819434
ON,2040,T_LDV_LTP_CNG_N,T_D_pkm_ldv_t,ge,0.017819434
ON,2040,T_LDV_LTP_DSL_N,T_D_pkm_ldv_t,ge,0.017819434
ON,2040,T_LDV_LTP_FCEV400_N,T_D_pkm_ldv_t,ge,0.017819434
ON,2040,T_LDV_LTP_GSL_HEV_N,T_D_pkm_ldv_t,ge,0.017819434
ON,2040,T_LDV_LTP_GSL_N,T_D_pkm_ldv_t,ge,0.017819434
ON,2040,T_LDV_LTP_GSL_PHEV35_N,T_D_pkm_ldv_t,ge,0.017819434
ON,2040,T_LDV_LTP_GSL_PHEV50_N,T_D_pkm_ldv_t,ge,0.017819434
ON,2040,T_MDV_T_BEV_N,T_D_tkm_mdv_t,ge,0.026296607
ON,2040,T_MDV_T_DSL_HEV_N,T_D_tkm_mdv_t,ge,0.026296607
ON,2040,T_MDV_T_DSL_N,T_D_tkm_mdv_t,ge,0.026296607
ON,2040,T_MDV_T_DSL_PHEV_N,T_D_tkm_mdv_t,ge,0.026296607
ON,2040,T_MDV_T_FCEV_N,T_D_tkm_mdv_t,ge,0.026296607
ON,2040,T_MDV_T_FCHEV_N,T_D_tkm_mdv_t,ge,0.026296607
ON,2045,T_HDV_T_BEV_N,T_D_tkm_hdv_t,ge,0.212233306
ON,2045,T_HDV_T_DSL_HEV_N,T_D_tkm_hdv_t,ge,0.212233306
ON,2045,T_HDV_T_DSL_N,T_D_tkm_hdv_t,ge,0.212233306
ON,2045,T_HDV_T_DSL_PHEV_N,T_D_tkm_hdv_t,ge,0.212233306
ON,2045,T_HDV_T_FCEV_N,T_D_tkm_hdv_t,ge,0.212233306
ON,2045,T_HDV_T_FCHEV_N,T_D_tkm_hdv_t,ge,0.212233306
ON,2045,T_LDV_C_BEV150_N,T_D_pkm_ldv_c,ge,0.019977172
ON,2045,T_LDV_C_BEV200_N,T_D_pkm_ldv_c,ge,0.019977172
ON,2045,T_LDV_C_BEV300_N,T_D_pkm_ldv_c,ge,0.019977172
ON,2045,T_LDV_C_BEV400_N,T_D_pkm_ldv_c,ge,0.019977172
ON,2045,T_LDV_C_CNG_N,T_D_pkm_ldv_c,ge,0.019977172
ON,2045,T_LDV_C_DSL_N,T_D_pkm_ldv_c,ge,0.019977172
ON,2045,T_LDV_C_FCEV400_N,T_D_pkm_ldv_c,ge,0.019977172
ON,2045,T_LDV_C_GSL_HEV_N,T_D_pkm_ldv_c,ge,0.019977172
ON,2045,T_LDV_C_GSL_N,T_D_pkm_ldv_c,ge,0.019977172
ON,2045,T_LDV_C_GSL_PHEV35_N,T_D_pkm_ldv_c,ge,0.019977172
ON,2045,T_LDV_C_GSL_PHEV50_N,T_D_pkm_ldv_c,ge,0.019977172
ON,2045,T_LDV_LTF_BEV150_N,T_D_tkm_ldv_t,ge,0.034634769
ON,2045,T_LDV_LTF_BEV200_N,T_D_tkm_ldv_t,ge,0.034634769
ON,2045,T_LDV_LTF_BEV300_N,T_D_tkm_ldv_t,ge,0.034634769
ON,2045,T_LDV_LTF_BEV400_N,T_D_tkm_ldv_t,ge,0.034634769
ON,2045,T_LDV_LTF_CNG_N,T_D_tkm_ldv_t,ge,0.034634769
ON,2045,T_LDV_LTF_DSL_N,T_D_tkm_ldv_t,ge,0.034634769
ON,2045,T_LDV_LTF_FCEV400_N,T_D_tkm_ldv_t,ge,0.034634769
ON,2045,T_LDV_LTF_GSL_HEV_N,T_D_tkm_ldv_t,ge,0.034634769
ON,2045,T_LDV_LTF_GSL_N,T_D_tkm_ldv_t,ge,0.034634769
ON,2045,T_LDV_LTF_GSL_PHEV35_N,T_D_tkm_ldv_t,ge,0.034634769
ON,2045,T_LDV_LTF_GSL_PHEV50_N,T_D_tkm_ldv_t,ge,0.034634769
ON,2045,T_LDV_LTP_BEV150_N,T_D_pkm_ldv_t,ge,0.017819434
ON,2045,T_LDV_LTP_BEV200_N,T_D_pkm_ldv_t,ge,0.017819434
ON,2045,T_LDV_LTP_BEV300_N,T_D_pkm_ldv_t,ge,0.017819434
ON,2045,T_LDV_LTP_BEV400_N,T_D_pkm_ldv_t,ge,0.017819434
ON,2045,T_LDV_LTP_CNG_N,T_D_pkm_ldv_t,ge,0.017819434
ON,2045,T_LDV_LTP_DSL_N,T_D_pkm_ldv_t,ge,0.017819434
ON,2045,T_LDV_LTP_FCEV400_N,T_D_pkm_ldv_t,ge,0.017819434
ON,2045,T_LDV_LTP_GSL_HEV_N,T_D_pkm_ldv_t,ge,0.017819434
ON,2045,T_LDV_LTP_GSL_N,T_D_pkm_ldv_t,ge,0.017819434
ON,2045,T_LDV_LTP_GSL_PHEV35_N,T_D_pkm_ldv_t,ge,0.017819434
ON,2045,T_LDV_LTP_GSL_PHEV50_N,T_D_pkm_ldv_t,ge,0.017819434
ON,2045,T_MDV_T_BEV_N,T_D_tkm_mdv_t,ge,0.026296607
ON,2045,T_MDV_T_DSL_HEV_N,T_D_tkm_mdv_t,ge,0.026296607
ON,2045,T_MDV_T_DSL_N,T_D_tkm_mdv_t,ge,0.026296607
ON,2045,T_MDV_T_DSL_PHEV_N,T_D_tkm_mdv_t,ge,0.026296607
ON,2045,T_MDV_T_FCEV_N,T_D_tkm_mdv_t,ge,0.026296607
ON,2045,T_MDV_T_FCHEV_N,T_D_tkm_mdv_t,ge,0.026296607
ON,2050,T_HDV_T_BEV_N,T_D_tkm_hdv_t,ge,0.212233306
ON,2050,T_HDV_T_DSL_HEV_N,T_D_tkm_hdv_t,ge,0.212233306
ON,2050,T_HDV_T_DSL_N,T_D_tkm_hdv_t,ge,0.212233306
ON,2050,T_HDV_T_DSL_PHEV_N,T_D_tkm_hdv_t,ge,0.212233306
ON,2050,T_HDV_T_FCEV_N,T_D_tkm_hdv_t,ge,0.212233306
ON,2050,T_HDV_T_FCHEV_N,T_D_tkm_hdv_t,ge,0.212233306
ON,2050,T_LDV_C_BEV150_N,T_D_pkm_ldv_c,ge,0.019977172
ON,2050,T_LDV_C_BEV200_N,T_D_pkm_ldv_c,ge,0.019977172
ON,2050,T_LDV_C_BEV300_N,T_D_pkm_ldv_c,ge,0.019977172
ON,2050,T_LDV_C_BEV400_N,T_D_pkm_ldv_c,ge,0.019977172
ON,2050,T_LDV_C_CNG_N,T_D_pkm_ldv_c,ge,0.019977172
ON,2050,T_LDV_C_DSL_N,T_D_pkm_ldv_c,ge,0.019977172
ON,2050,T_LDV_C_FCEV400_N,T_D_pkm_ldv_c,ge,0.019977172
ON,2050,T_LDV_C_GSL_HEV_N,T_D_pkm_ldv_c,ge,0.019977172
ON,2050,T_LDV_C_GSL_N,T_D_pkm_ldv_c,ge,0.019977172
ON,2050,T_LDV_C_GSL_PHEV35_N,T_D_pkm_ldv_c,ge,0.019977172
ON,2050,T_LDV_C_GSL_PHEV50_N,T_D_pkm_ldv_c,ge,0.019977172
ON,2050,T_LDV_LTF_BEV150_N,T_D_tkm_ldv_t,ge,0.034634769
ON,2050,T_LDV_LTF_BEV200_N,T_D_tkm_ldv_t,ge,0.034634769
ON,2050,T_LDV_LTF_BEV300_N,T_D_tkm_ldv_t,ge,0.034634769
ON,2050,T_LDV_LTF_BEV400_N,T_D_tkm_ldv_t,ge,0.034634769
ON,2050,T_LDV_LTF_CNG_N,T_D_tkm_ldv_t,ge,0.034634769
ON,2050,T_LDV_LTF_DSL_N,T_D_tkm_ldv_t,ge,0.034634769
ON,2050,T_LDV_LTF_FCEV400_N,T_D_tkm_ldv_t,ge,0.034634769
ON,2050,T_LDV_LTF_GSL_HEV_N,T_D_tkm_ldv_t,ge,0.034634769
ON,2050,T_LDV_LTF_GSL_N,T_D_tkm_ldv_t,ge,0.034634769
ON,2050,T_LDV_LTF_GSL_PHEV35_N,T_D_tkm_ldv_t,ge,0.034634769
ON,2050,T_LDV_LTF_GSL_PHEV50_N,T_D_tkm_ldv_t,ge,0.034634769
ON,2050,T_LDV_LTP_BEV150_N,T_D_pkm_ldv_t,ge,0.017819434
ON,2050,T_LDV_LTP_BEV200_N,T_D_pkm_ldv_t,ge,0.017819434
ON,2050,T_LDV_LTP_BEV300_N,T_D_pkm_ldv_t,ge,0.017819434
ON,2050,T_LDV_LTP_BEV400_N,T_D_pkm_ldv_t,ge,0.017819434
ON,2050,T_LDV_LTP_CNG_N,T_D_pkm_ldv_t,ge,0.017819434
ON,2050,T_LDV_LTP_DSL_N,T_D_pkm_ldv_t,ge,0.017819434
ON,2050,T_LDV_LTP_FCEV400_N,T_D_pkm_ldv_t,ge,0.017819434
ON,2050,T_LDV_LTP_GSL_HEV_N,T_D_pkm_ldv_t,ge,0.017819434
ON,2050,T_LDV_LTP_GSL_N,T_D_pkm_ldv_t,ge,0.017819434
ON,2050,T_LDV_LTP_GSL_PHEV35_N,T_D_pkm_ldv_t,ge,0.017819434
ON,2050,T_LDV_LTP_GSL_PHEV50_N,T_D_pkm_ldv_t,ge,0.017819434
ON,2050,T_MDV_T_BEV_N,T_D_tkm_mdv_t,ge,0.026296607
ON,2050,T_MDV_T_DSL_HEV_N,T_D_tkm_mdv_t,ge,0.026296607
ON,2050,T_MDV_T_DSL_N,T_D_tkm_mdv_t,ge,0.026296607
ON,2050,T_MDV_T_DSL_PHEV_N,T_D_tkm_mdv_t,ge,0.026296607
ON,2050,T_MDV_T_FCEV_N,T_D_tkm_mdv_t,ge,0.026296607
ON,2050,T_MDV_T_FCHEV_N,T_D_tkm_mdv_t,ge,0.026296607
PEI,2025,T_HDV_T_BEV_N,T_D_tkm_hdv_t,ge,0.196882695
PEI,2025,T_HDV_T_DSL_EX,T_D_tkm_hdv_t,ge,0.196882695
PEI,2025,T_HDV_T_DSL_HEV_N,T_D_tkm_hdv_t,ge,0.196882695
PEI,2025,T_HDV_T_DSL_N,T_D_tkm_hdv_t,ge,0.196882695
PEI,2025,T_HDV_T_DSL_PHEV_N,T_D_tkm_hdv_t,ge,0.196882695
PEI,2025,T_HDV_T_FCEV_N,T_D_tkm_hdv_t,ge,0.196882695
PEI,2025,T_HDV_T_FCHEV_N,T_D_tkm_hdv_t,ge,0.196882695
PEI,2025,T_LDV_C_BEV150_EX,T_D_pkm_ldv_c,ge,0.01791872
PEI,2025,T_LDV_C_BEV150_N,T_D_pkm_ldv_c,ge,0.01791872
PEI,2025,T_LDV_C_BEV200_N,T_D_pkm_ldv_c,ge,0.01791872
PEI,2025,T_LDV_C_BEV300_N,T_D_pkm_ldv_c,ge,0.01791872
PEI,2025,T_LDV_C_BEV400_N,T_D_pkm_ldv_c,ge,0.01791872
PEI,2025,T_LDV_C_CNG_N,T_D_pkm_ldv_c,ge,0.01791872
PEI,2025,T_LDV_C_DSL_EX,T_D_pkm_ldv_c,ge,0.01791872
PEI,2025,T_LDV_C_DSL_N,T_D_pkm_ldv_c,ge,0.01791872
PEI,2025,T_LDV_C_FCEV400_N,T_D_pkm_ldv_c,ge,0.01791872
PEI,2025,T_LDV_C_GSL_EX,T_D_pkm_ldv_c,ge,0.01791872
PEI,2025,T_LDV_C_GSL_HEV_EX,T_D_pkm_ldv_c,ge,0.01791872
PEI,2025,T_LDV_C_GSL_HEV_N,T_D_pkm_ldv_c,ge,0.01791872
PEI,2025,T_LDV_C_GSL_N,T_D_pkm_ldv_c,ge,0.01791872
PEI,2025,T_LDV_C_GSL_PHEV35_EX,T_D_pkm_ldv_c,ge,0.01791872
PEI,2025,T_LDV_C_GSL_PHEV35_N,T_D_pkm_ldv_c,ge,0.01791872
PEI,2025,T_LDV_C_GSL_PHEV50_N,T_D_pkm_ldv_c,ge,0.01791872
PEI,2025,T_LDV_LTF_BEV150_N,T_D_tkm_ldv_t,ge,0.031572549
PEI,2025,T_LDV_LTF_BEV200_N,T_D_tkm_ldv_t,ge,0.031572549
PEI,2025,T_LDV_LTF_BEV300_N,T_D_tkm_ldv_t,ge,0.031572549
PEI,2025,T_LDV_LTF_BEV400_N,T_D_tkm_ldv_t,ge,0.031572549
PEI,2025,T_LDV_LTF_CNG_N,T_D_tkm_ldv_t,ge,0.031572549
PEI,2025,T_LDV_LTF_DSL_EX,T_D_tkm_ldv_t,ge,0.031572549
PEI,2025,T_LDV_LTF_DSL_N,T_D_tkm_ldv_t,ge,0.031572549
PEI,2025,T_LDV_LTF_FCEV400_N,T_D_tkm_ldv_t,ge,0.031572549
PEI,2025,T_LDV_LTF_GSL_EX,T_D_tkm_ldv_t,ge,0.031572549
PEI,2025,T_LDV_LTF_GSL_HEV_EX,T_D_tkm_ldv_t,ge,0.031572549
PEI,2025,T_LDV_LTF_GSL_HEV_N,T_D_tkm_ldv_t,ge,0.031572549
PEI,2025,T_LDV_LTF_GSL_N,T_D_tkm_ldv_t,ge,0.031572549
PEI,2025,T_LDV_LTF_GSL_PHEV35_EX,T_D_tkm_ldv_t,ge,0.031572549
PEI,2025,T_LDV_LTF_GSL_PHEV35_N,T_D_tkm_ldv_t,ge,0.031572549
PEI,2025,T_LDV_LTF_GSL_PHEV50_N,T_D_tkm_ldv_t,ge,0.031572549
PEI,2025,T_LDV_LTP_BEV150_N,T_D_pkm_ldv_t,ge,0.016219814
PEI,2025,T_LDV_LTP_BEV200_N,T_D_pkm_ldv_t,ge,0.016219814
PEI,2025,T_LDV_LTP_BEV300_EX,T_D_pkm_ldv_t,ge,0.016219814
PEI,2025,T_LDV_LTP_BEV300_N,T_D_pkm_ldv_t,ge,0.016219814
PEI,2025,T_LDV_LTP_BEV400_N,T_D_pkm_ldv_t,ge,0.016219814
PEI,2025,T_LDV_LTP_CNG_N,T_D_pkm_ldv_t,ge,0.016219814
PEI,2025,T_LDV_LTP_DSL_EX,T_D_pkm_ldv_t,ge,0.016219814
PEI,2025,T_LDV_LTP_DSL_N,T_D_pkm_ldv_t,ge,0.016219814
PEI,2025,T_LDV_LTP_FCEV400_N,T_D_pkm_ldv_t,ge,0.016219814
PEI,2025,T_LDV_LTP_GSL_EX,T_D_pkm_ldv_t,ge,0.016219814
PEI,2025,T_LDV_LTP_GSL_HEV_EX,T_D_pkm_ldv_t,ge,0.016219814
PEI,2025,T_LDV_LTP_GSL_HEV_N,T_D_pkm_ldv_t,ge,0.016219814
PEI,2025,T_LDV_LTP_GSL_N,T_D_pkm_ldv_t,ge,0.016219814
PEI,2025,T_LDV_LTP_GSL_PHEV35_EX,T_D_pkm_ldv_t,ge,0.016219814
PEI,2025,T_LDV_LTP_GSL_PHEV35_N,T_D_pkm_ldv_t,ge,0.016219814
PEI,2025,T_LDV_LTP_GSL_PHEV50_N,T_D_pkm_ldv_t,ge,0.016219814
PEI,2025,T_MDV_T_BEV_N,T_D_tkm_mdv_t,ge,0.024930141
PEI,2025,T_MDV_T_DSL_EX,T_D_tkm_mdv_t,ge,0.024930141
PEI,2025,T_MDV_T_DSL_HEV_N,T_D_tkm_mdv_t,ge,0.024930141
PEI,2025,T_MDV_T_DSL_N,T_D_tkm_mdv_t,ge,0.024930141
PEI,2025,T_MDV_T_DSL_PHEV_N,T_D_tkm_mdv_t,ge,0.024930141
PEI,2025,T_MDV_T_FCEV_N,T_D_tkm_mdv_t,ge,0.024930141
PEI,2025,T_MDV_T_FCHEV_N,T_D_tkm_mdv_t,ge,0.024930141
PEI,2025,T_MDV_T_GSL_EX,T_D_tkm_mdv_t,ge,0.037395212
PEI,2025,T_MDV_T_GSL_N,T_D_tkm_mdv_t,ge,0.037395212
PEI,2030,T_HDV_T_BEV_N,T_D_tkm_hdv_t,ge,0.212233306
PEI,2030,T_HDV_T_DSL_EX,T_D_tkm_hdv_t,ge,0.212233306
PEI,2030,T_HDV_T_DSL_HEV_N,T_D_tkm_hdv_t,ge,0.212233306
PEI,2030,T_HDV_T_DSL_N,T_D_tkm_hdv_t,ge,0.212233306
PEI,2030,T_HDV_T_DSL_PHEV_N,T_D_tkm_hdv_t,ge,0.212233306
PEI,2030,T_HDV_T_FCEV_N,T_D_tkm_hdv_t,ge,0.212233306
PEI,2030,T_HDV_T_FCHEV_N,T_D_tkm_hdv_t,ge,0.212233306
PEI,2030,T_LDV_C_BEV150_EX,T_D_pkm_ldv_c,ge,0.019977172
PEI,2030,T_LDV_C_BEV150_N,T_D_pkm_ldv_c,ge,0.019977172
PEI,2030,T_LDV_C_BEV200_N,T_D_pkm_ldv_c,ge,0.019977172
PEI,2030,T_LDV_C_BEV300_N,T_D_pkm_ldv_c,ge,0.019977172
PEI,2030,T_LDV_C_BEV400_N,T_D_pkm_ldv_c,ge,0.019977172
PEI,2030,T_LDV_C_CNG_N,T_D_pkm_ldv_c,ge,0.019977172
PEI,2030,T_LDV_C_DSL_EX,T_D_pkm_ldv_c,ge,0.019977172
PEI,2030,T_LDV_C_DSL_N,T_D_pkm_ldv_c,ge,0.019977172
PEI,2030,T_LDV_C_FCEV400_N,T_D_pkm_ldv_c,ge,0.019977172
PEI,2030,T_LDV_C_GSL_EX,T_D_pkm_ldv_c,ge,0.019977172
PEI,2030,T_LDV_C_GSL_HEV_EX,T_D_pkm_ldv_c,ge,0.019977172
PEI,2030,T_LDV_C_GSL_HEV_N,T_D_pkm_ldv_c,ge,0.019977172
PEI,2030,T_LDV_C_GSL_N,T_D_pkm_ldv_c,ge,0.019977172
PEI,2030,T_LDV_C_GSL_PHEV35_EX,T_D_pkm_ldv_c,ge,0.019977172
PEI,2030,T_LDV_C_GSL_PHEV35_N,T_D_pkm_ldv_c,ge,0.019977172
PEI,2030,T_LDV_C_GSL_PHEV50_N,T_D_pkm_ldv_c,ge,0.019977172
PEI,2030,T_LDV_LTF_BEV150_N,T_D_tkm_ldv_t,ge,0.034634769
PEI,2030,T_LDV_LTF_BEV200_N,T_D_tkm_ldv_t,ge,0.034634769
PEI,2030,T_LDV_LTF_BEV300_N,T_D_tkm_ldv_t,ge,0.034634769
PEI,2030,T_LDV_LTF_BEV400_N,T_D_tkm_ldv_t,ge,0.034634769
PEI,2030,T_LDV_LTF_CNG_N,T_D_tkm_ldv_t,ge,0.034634769
PEI,2030,T_LDV_LTF_DSL_EX,T_D_tkm_ldv_t,ge,0.034634769
PEI,2030,T_LDV_LTF_DSL_N,T_D_tkm_ldv_t,ge,0.034634769
PEI,2030,T_LDV_LTF_FCEV400_N,T_D_tkm_ldv_t,ge,0.034634769
PEI,2030,T_LDV_LTF_GSL_EX,T_D_tkm_ldv_t,ge,0.034634769
PEI,2030,T_LDV_LTF_GSL_HEV_EX,T_D_tkm_ldv_t,ge,0.034634769
PEI,2030,T_LDV_LTF_GSL_HEV_N,T_D_tkm_ldv_t,ge,0.034634769
PEI,2030,T_LDV_LTF_GSL_N,T_D_tkm_ldv_t,ge,0.034634769
PEI,2030,T_LDV_LTF_GSL_PHEV35_EX,T_D_tkm_ldv_t,ge,0.034634769
PEI,2030,T_LDV_LTF_GSL_PHEV35_N,T_D_tkm_ldv_t,ge,0.034634769
PEI,2030,T_LDV_LTF_GSL_PHEV50_N,T_D_tkm_ldv_t,ge,0.034634769
PEI,2030,T_LDV_LTP_BEV150_N,T_D_pkm_ldv_t,ge,0.017819434
PEI,2030,T_LDV_LTP_BEV200_N,T_D_pkm_ldv_t,ge,0.017819434
PEI,2030,T_LDV_LTP_BEV300_EX,T_D_pkm_ldv_t,ge,0.017819434
PEI,2030,T_LDV_LTP_BEV300_N,T_D_pkm_ldv_t,ge,0.017819434
PEI,2030,T_LDV_LTP_BEV400_N,T_D_pkm_ldv_t,ge,0.017819434
PEI,2030,T_LDV_LTP_CNG_N,T_D_pkm_ldv_t,ge,0.017819434
PEI,2030,T_LDV_LTP_DSL_EX,T_D_pkm_ldv_t,ge,0.017819434
PEI,2030,T_LDV_LTP_DSL_N,T_D_pkm_ldv_t,ge,0.017819434
PEI,2030,T_LDV_LTP_FCEV400_N,T_D_pkm_ldv_t,ge,0.017819434
PEI,2030,T_LDV_LTP_GSL_EX,T_D_pkm_ldv_t,ge,0.017819434
PEI,2030,T_LDV_LTP_GSL_HEV_EX,T_D_pkm_ldv_t,ge,0.017819434
PEI,2030,T_LDV_LTP_GSL_HEV_N,T_D_pkm_ldv_t,ge,0.017819434
PEI,2030,T_LDV_LTP_GSL_N,T_D_pkm_ldv_t,ge,0.017819434
PEI,2030,T_LDV_LTP_GSL_PHEV35_EX,T_D_pkm_ldv_t,ge,0.017819434
PEI,2030,T_LDV_LTP_GSL_PHEV35_N,T_D_pkm_ldv_t,ge,0.017819434
PEI,2030,T_LDV_LTP_GSL_PHEV50_N,T_D_pkm_ldv_t,ge,0.017819434
PEI,2030,T_MDV_T_BEV_N,T_D_tkm_mdv_t,ge,0.026296607
PEI,2030,T_MDV_T_DSL_EX,T_D_tkm_mdv_t,ge,0.026296607
PEI,2030,T_MDV_T_DSL_HEV_N,T_D_tkm_mdv_t,ge,0.026296607
PEI,2030,T_MDV_T_DSL_N,T_D_tkm_mdv_t,ge,0.026296607
PEI,2030,T_MDV_T_DSL_PHEV_N,T_D_tkm_mdv_t,ge,0.026296607
PEI,2030,T_MDV_T_FCEV_N,T_D_tkm_mdv_t,ge,0.026296607
PEI,2030,T_MDV_T_FCHEV_N,T_D_tkm_mdv_t,ge,0.026296607
PEI,2030,T_MDV_T_GSL_EX,T_D_tkm_mdv_t,ge,0.039444911
PEI,2030,T_MDV_T_GSL_N,T_D_tkm_mdv_t,ge,0.039444911
PEI,2035,T_HDV_T_BEV_N,T_D_tkm_hdv_t,ge,0.212233306
PEI,2035,T_HDV_T_DSL_EX,T_D_tkm_hdv_t,ge,0.212233306
PEI,2035,T_HDV_T_DSL_HEV_N,T_D_tkm_hdv_t,ge,0.212233306
PEI,2035,T_HDV_T_DSL_N,T_D_tkm_hdv_t,ge,0.212233306
PEI,2035,T_HDV_T_DSL_PHEV_N,T_D_tkm_hdv_t,ge,0.212233306
PEI,2035,T_HDV_T_FCEV_N,T_D_tkm_hdv_t,ge,0.212233306
PEI,2035,T_HDV_T_FCHEV_N,T_D_tkm_hdv_t,ge,0.212233306
PEI,2035,T_LDV_C_BEV150_N,T_D_pkm_ldv_c,ge,0.019977172
PEI,2035,T_LDV_C_BEV200_N,T_D_pkm_ldv_c,ge,0.019977172
PEI,2035,T_LDV_C_BEV300_N,T_D_pkm_ldv_c,ge,0.019977172
PEI,2035,T_LDV_C_BEV400_N,T_D_pkm_ldv_c,ge,0.019977172
PEI,2035,T_LDV_C_CNG_N,T_D_pkm_ldv_c,ge,0.019977172
PEI,2035,T_LDV_C_DSL_N,T_D_pkm_ldv_c,ge,0.019977172
PEI,2035,T_LDV_C_FCEV400_N,T_D_pkm_ldv_c,ge,0.019977172
PEI,2035,T_LDV_C_GSL_HEV_N,T_D_pkm_ldv_c,ge,0.019977172
PEI,2035,T_LDV_C_GSL_N,T_D_pkm_ldv_c,ge,0.019977172
PEI,2035,T_LDV_C_GSL_PHEV35_N,T_D_pkm_ldv_c,ge,0.019977172
PEI,2035,T_LDV_C_GSL_PHEV50_N,T_D_pkm_ldv_c,ge,0.019977172
PEI,2035,T_LDV_LTF_BEV150_N,T_D_tkm_ldv_t,ge,0.034634769
PEI,2035,T_LDV_LTF_BEV200_N,T_D_tkm_ldv_t,ge,0.034634769
PEI,2035,T_LDV_LTF_BEV300_N,T_D_tkm_ldv_t,ge,0.034634769
PEI,2035,T_LDV_LTF_BEV400_N,T_D_tkm_ldv_t,ge,0.034634769
PEI,2035,T_LDV_LTF_CNG_N,T_D_tkm_ldv_t,ge,0.034634769
PEI,2035,T_LDV_LTF_DSL_EX,T_D_tkm_ldv_t,ge,0.034634769
PEI,2035,T_LDV_LTF_DSL_N,T_D_tkm_ldv_t,ge,0.034634769
PEI,2035,T_LDV_LTF_FCEV400_N,T_D_tkm_ldv_t,ge,0.034634769
PEI,2035,T_LDV_LTF_GSL_EX,T_D_tkm_ldv_t,ge,0.034634769
PEI,2035,T_LDV_LTF_GSL_HEV_N,T_D_tkm_ldv_t,ge,0.034634769
PEI,2035,T_LDV_LTF_GSL_N,T_D_tkm_ldv_t,ge,0.034634769
PEI,2035,T_LDV_LTF_GSL_PHEV35_EX,T_D_tkm_ldv_t,ge,0.034634769
PEI,2035,T_LDV_LTF_GSL_PHEV35_N,T_D_tkm_ldv_t,ge,0.034634769
PEI,2035,T_LDV_LTF_GSL_PHEV50_N,T_D_tkm_ldv_t,ge,0.034634769
PEI,2035,T_LDV_LTP_BEV150_N,T_D_pkm_ldv_t,ge,0.017819434
PEI,2035,T_LDV_LTP_BEV200_N,T_D_pkm_ldv_t,ge,0.017819434
PEI,2035,T_LDV_LTP_BEV300_EX,T_D_pkm_ldv_t,ge,0.017819434
PEI,2035,T_LDV_LTP_BEV300_N,T_D_pkm_ldv_t,ge,0.017819434
PEI,2035,T_LDV_LTP_BEV400_N,T_D_pkm_ldv_t,ge,0.017819434
PEI,2035,T_LDV_LTP_CNG_N,T_D_pkm_ldv_t,ge,0.017819434
PEI,2035,T_LDV_LTP_DSL_EX,T_D_pkm_ldv_t,ge,0.017819434
PEI,2035,T_LDV_LTP_DSL_N,T_D_pkm_ldv_t,ge,0.017819434
PEI,2035,T_LDV_LTP_FCEV400_N,T_D_pkm_ldv_t,ge,0.017819434
PEI,2035,T_LDV_LTP_GSL_EX,T_D_pkm_ldv_t,ge,0.017819434
PEI,2035,T_LDV_LTP_GSL_HEV_EX,T_D_pkm_ldv_t,ge,0.017819434
PEI,2035,T_LDV_LTP_GSL_HEV_N,T_D_pkm_ldv_t,ge,0.017819434
PEI,2035,T_LDV_LTP_GSL_N,T_D_pkm_ldv_t,ge,0.017819434
PEI,2035,T_LDV_LTP_GSL_PHEV35_EX,T_D_pkm_ldv_t,ge,0.017819434
PEI,2035,T_LDV_LTP_GSL_PHEV35_N,T_D_pkm_ldv_t,ge,0.017819434
PEI,2035,T_LDV_LTP_GSL_PHEV50_N,T_D_pkm_ldv_t,ge,0.017819434
PEI,2035,T_MDV_T_BEV_N,T_D_tkm_mdv_t,ge,0.026296607
PEI,2035,T_MDV_T_DSL_EX,T_D_tkm_mdv_t,ge,0.026296607
PEI,2035,T_MDV_T_DSL_HEV_N,T_D_tkm_mdv_t,ge,0.026296607
PEI,2035,T_MDV_T_DSL_N,T_D_tkm_mdv_t,ge,0.026296607
PEI,2035,T_MDV_T_DSL_PHEV_N,T_D_tkm_mdv_t,ge,0.026296607
PEI,2035,T_MDV_T_FCEV_N,T_D_tkm_mdv_t,ge,0.026296607
PEI,2035,T_MDV_T_FCHEV_N,T_D_tkm_mdv_t,ge,0.026296607
PEI,2035,T_MDV_T_GSL_EX,T_D_tkm_mdv_t,ge,0.039444911
PEI,2035,T_MDV_T_GSL_N,T_D_tkm_mdv_t,ge,0.039444911
PEI,2040,T_HDV_T_BEV_N,T_D_tkm_hdv_t,ge,0.212233306
PEI,2040,T_HDV_T_DSL_HEV_N,T_D_tkm_hdv_t,ge,0.212233306
PEI,2040,T_HDV_T_DSL_N,T_D_tkm_hdv_t,ge,0.212233306
PEI,2040,T_HDV_T_DSL_PHEV_N,T_D_tkm_hdv_t,ge,0.212233306
PEI,2040,T_HDV_T_FCEV_N,T_D_tkm_hdv_t,ge,0.212233306
PEI,2040,T_HDV_T_FCHEV_N,T_D_tkm_hdv_t,ge,0.212233306
PEI,2040,T_LDV_C_BEV150_N,T_D_pkm_ldv_c,ge,0.019977172
PEI,2040,T_LDV_C_BEV200_N,T_D_pkm_ldv_c,ge,0.019977172
PEI,2040,T_LDV_C_BEV300_N,T_D_pkm_ldv_c,ge,0.019977172
PEI,2040,T_LDV_C_BEV400_N,T_D_pkm_ldv_c,ge,0.019977172
PEI,2040,T_LDV_C_CNG_N,T_D_pkm_ldv_c,ge,0.019977172
PEI,2040,T_LDV_C_DSL_N,T_D_pkm_ldv_c,ge,0.019977172
PEI,2040,T_LDV_C_FCEV400_N,T_D_pkm_ldv_c,ge,0.019977172
PEI,2040,T_LDV_C_GSL_HEV_N,T_D_pkm_ldv_c,ge,0.019977172
PEI,2040,T_LDV_C_GSL_N,T_D_pkm_ldv_c,ge,0.019977172
PEI,2040,T_LDV_C_GSL_PHEV35_N,T_D_pkm_ldv_c,ge,0.019977172
PEI,2040,T_LDV_C_GSL_PHEV50_N,T_D_pkm_ldv_c,ge,0.019977172
PEI,2040,T_LDV_LTF_BEV150_N,T_D_tkm_ldv_t,ge,0.034634769
PEI,2040,T_LDV_LTF_BEV200_N,T_D_tkm_ldv_t,ge,0.034634769
PEI,2040,T_LDV_LTF_BEV300_N,T_D_tkm_ldv_t,ge,0.034634769
PEI,2040,T_LDV_LTF_BEV400_N,T_D_tkm_ldv_t,ge,0.034634769
PEI,2040,T_LDV_LTF_CNG_N,T_D_tkm_ldv_t,ge,0.034634769
PEI,2040,T_LDV_LTF_DSL_N,T_D_tkm_ldv_t,ge,0.034634769
PEI,2040,T_LDV_LTF_FCEV400_N,T_D_tkm_ldv_t,ge,0.034634769
PEI,2040,T_LDV_LTF_GSL_HEV_N,T_D_tkm_ldv_t,ge,0.034634769
PEI,2040,T_LDV_LTF_GSL_N,T_D_tkm_ldv_t,ge,0.034634769
PEI,2040,T_LDV_LTF_GSL_PHEV35_N,T_D_tkm_ldv_t,ge,0.034634769
PEI,2040,T_LDV_LTF_GSL_PHEV50_N,T_D_tkm_ldv_t,ge,0.034634769
PEI,2040,T_LDV_LTP_BEV150_N,T_D_pkm_ldv_t,ge,0.017819434
PEI,2040,T_LDV_LTP_BEV200_N,T_D_pkm_ldv_t,ge,0.017819434
PEI,2040,T_LDV_LTP_BEV300_N,T_D_pkm_ldv_t,ge,0.017819434
PEI,2040,T_LDV_LTP_BEV400_N,T_D_pkm_ldv_t,ge,0.017819434
PEI,2040,T_LDV_LTP_CNG_N,T_D_pkm_ldv_t,ge,0.017819434
PEI,2040,T_LDV_LTP_DSL_N,T_D_pkm_ldv_t,ge,0.017819434
PEI,2040,T_LDV_LTP_FCEV400_N,T_D_pkm_ldv_t,ge,0.017819434
PEI,2040,T_LDV_LTP_GSL_HEV_N,T_D_pkm_ldv_t,ge,0.017819434
PEI,2040,T_LDV_LTP_GSL_N,T_D_pkm_ldv_t,ge,0.017819434
PEI,2040,T_LDV_LTP_GSL_PHEV35_N,T_D_pkm_ldv_t,ge,0.017819434
PEI,2040,T_LDV_LTP_GSL_PHEV50_N,T_D_pkm_ldv_t,ge,0.017819434
PEI,2040,T_MDV_T_BEV_N,T_D_tkm_mdv_t,ge,0.026296607
PEI,2040,T_MDV_T_DSL_HEV_N,T_D_tkm_mdv_t,ge,0.026296607
PEI,2040,T_MDV_T_DSL_N,T_D_tkm_mdv_t,ge,0.026296607
PEI,2040,T_MDV_T_DSL_PHEV_N,T_D_tkm_mdv_t,ge,0.026296607
PEI,2040,T_MDV_T_FCEV_N,T_D_tkm_mdv_t,ge,0.026296607
PEI,2040,T_MDV_T_FCHEV_N,T_D_tkm_mdv_t,ge,0.026296607
PEI,2040,T_MDV_T_GSL_N,T_D_tkm_mdv_t,ge,0.039444911
PEI,2045,T_HDV_T_BEV_N,T_D_tkm_hdv_t,ge,0.212233306
PEI,2045,T_HDV_T_DSL_HEV_N,T_D_tkm_hdv_t,ge,0.212233306
PEI,2045,T_HDV_T_DSL_N,T_D_tkm_hdv_t,ge,0.212233306
PEI,2045,T_HDV_T_DSL_PHEV_N,T_D_tkm_hdv_t,ge,0.212233306
PEI,2045,T_HDV_T_FCEV_N,T_D_tkm_hdv_t,ge,0.212233306
PEI,2045,T_HDV_T_FCHEV_N,T_D_tkm_hdv_t,ge,0.212233306
PEI,2045,T_LDV_C_BEV150_N,T_D_pkm_ldv_c,ge,0.019977172
PEI,2045,T_LDV_C_BEV200_N,T_D_pkm_ldv_c,ge,0.019977172
PEI,2045,T_LDV_C_BEV300_N,T_D_pkm_ldv_c,ge,0.019977172
PEI,2045,T_LDV_C_BEV400_N,T_D_pkm_ldv_c,ge,0.019977172
PEI,2045,T_LDV_C_CNG_N,T_D_pkm_ldv_c,ge,0.019977172
PEI,2045,T_LDV_C_DSL_N,T_D_pkm_ldv_c,ge,0.019977172
PEI,2045,T_LDV_C_FCEV400_N,T_D_pkm_ldv_c,ge,0.019977172
PEI,2045,T_LDV_C_GSL_HEV_N,T_D_pkm_ldv_c,ge,0.019977172
PEI,2045,T_LDV_C_GSL_N,T_D_pkm_ldv_c,ge,0.019977172
PEI,2045,T_LDV_C_GSL_PHEV35_N,T_D_pkm_ldv_c,ge,0.019977172
PEI,2045,T_LDV_C_GSL_PHEV50_N,T_D_pkm_ldv_c,ge,0.019977172
PEI,2045,T_LDV_LTF_BEV150_N,T_D_tkm_ldv_t,ge,0.034634769
PEI,2045,T_LDV_LTF_BEV200_N,T_D_tkm_ldv_t,ge,0.034634769
PEI,2045,T_LDV_LTF_BEV300_N,T_D_tkm_ldv_t,ge,0.034634769
PEI,2045,T_LDV_LTF_BEV400_N,T_D_tkm_ldv_t,ge,0.034634769
PEI,2045,T_LDV_LTF_CNG_N,T_D_tkm_ldv_t,ge,0.034634769
PEI,2045,T_LDV_LTF_DSL_N,T_D_tkm_ldv_t,ge,0.034634769
PEI,2045,T_LDV_LTF_FCEV400_N,T_D_tkm_ldv_t,ge,0.034634769
PEI,2045,T_LDV_LTF_GSL_HEV_N,T_D_tkm_ldv_t,ge,0.034634769
PEI,2045,T_LDV_LTF_GSL_N,T_D_tkm_ldv_t,ge,0.034634769
PEI,2045,T_LDV_LTF_GSL_PHEV35_N,T_D_tkm_ldv_t,ge,0.034634769
PEI,2045,T_LDV_LTF_GSL_PHEV50_N,T_D_tkm_ldv_t,ge,0.034634769
PEI,2045,T_LDV_LTP_BEV150_N,T_D_pkm_ldv_t,ge,0.017819434
PEI,2045,T_LDV_LTP_BEV200_N,T_D_pkm_ldv_t,ge,0.017819434
PEI,2045,T_LDV_LTP_BEV300_N,T_D_pkm_ldv_t,ge,0.017819434
PEI,2045,T_LDV_LTP_BEV400_N,T_D_pkm_ldv_t,ge,0.017819434
PEI,2045,T_LDV_LTP_CNG_N,T_D_pkm_ldv_t,ge,0.017819434
PEI,2045,T_LDV_LTP_DSL_N,T_D_pkm_ldv_t,ge,0.017819434
PEI,2045,T_LDV_LTP_FCEV400_N,T_D_pkm_ldv_t,ge,0.017819434
PEI,2045,T_LDV_LTP_GSL_HEV_N,T_D_pkm_ldv_t,ge,0.017819434
PEI,2045,T_LDV_LTP_GSL_N,T_D_pkm_ldv_t,ge,0.017819434
PEI,2045,T_LDV_LTP_GSL_PHEV35_N,T_D_pkm_ldv_t,ge,0.017819434
PEI,2045,T_LDV_LTP_GSL_PHEV50_N,T_D_pkm_ldv_t,ge,0.017819434
PEI,2045,T_MDV_T_BEV_N,T_D_tkm_mdv_t,ge,0.026296607
PEI,2045,T_MDV_T_DSL_HEV_N,T_D_tkm_mdv_t,ge,0.026296607
PEI,2045,T_MDV_T_DSL_N,T_D_tkm_mdv_t,ge,0.026296607
PEI,2045,T_MDV_T_DSL_PHEV_N,T_D_tkm_mdv_t,ge,0.026296607
PEI,2045,T_MDV_T_FCEV_N,T_D_tkm_mdv_t,ge,0.026296607
PEI,2045,T_MDV_T_FCHEV_N,T_D_tkm_mdv_t,ge,0.026296607
PEI,2045,T_MDV_T_GSL_N,T_D_tkm_mdv_t,ge,0.039444911
PEI,2050,T_HDV_T_BEV_N,T_D_tkm_hdv_t,ge,0.212233306
PEI,2050,T_HDV_T_DSL_HEV_N,T_D_tkm_hdv_t,ge,0.212233306
PEI,2050,T_HDV_T_DSL_N,T_D_tkm_hdv_t,ge,0.212233306
PEI,2050,T_HDV_T_DSL_PHEV_N,T_D_tkm_hdv_t,ge,0.212233306
PEI,2050,T_HDV_T_FCEV_N,T_D_tkm_hdv_t,ge,0.212233306
PEI,2050,T_HDV_T_FCHEV_N,T_D_tkm_hdv_t,ge,0.212233306
PEI,2050,T_LDV_C_BEV150_N,T_D_pkm_ldv_c,ge,0.019977172
PEI,2050,T_LDV_C_BEV200_N,T_D_pkm_ldv_c,ge,0.019977172
PEI,2050,T_LDV_C_BEV300_N,T_D_pkm_ldv_c,ge,0.019977172
PEI,2050,T_LDV_C_BEV400_N,T_D_pkm_ldv_c,ge,0.019977172
PEI,2050,T_LDV_C_CNG_N,T_D_pkm_ldv_c,ge,0.019977172
PEI,2050,T_LDV_C_DSL_N,T_D_pkm_ldv_c,ge,0.019977172
PEI,2050,T_LDV_C_FCEV400_N,T_D_pkm_ldv_c,ge,0.019977172
PEI,2050,T_LDV_C_GSL_HEV_N,T_D_pkm_ldv_c,ge,0.019977172
PEI,2050,T_LDV_C_GSL_N,T_D_pkm_ldv_c,ge,0.019977172
PEI,2050,T_LDV_C_GSL_PHEV35_N,T_D_pkm_ldv_c,ge,0.019977172
PEI,2050,T_LDV_C_GSL_PHEV50_N,T_D_pkm_ldv_c,ge,0.019977172
PEI,2050,T_LDV_LTF_BEV150_N,T_D_tkm_ldv_t,ge,0.034634769
PEI,2050,T_LDV_LTF_BEV200_N,T_D_tkm_ldv_t,ge,0.034634769
PEI,2050,T_LDV_LTF_BEV300_N,T_D_tkm_ldv_t,ge,0.034634769
PEI,2050,T_LDV_LTF_BEV400_N,T_D_tkm_ldv_t,ge,0.034634769
PEI,2050,T_LDV_LTF_CNG_N,T_D_tkm_ldv_t,ge,0.034634769
PEI,2050,T_LDV_LTF_DSL_N,T_D_tkm_ldv_t,ge,0.034634769
PEI,2050,T_LDV_LTF_FCEV400_N,T_D_tkm_ldv_t,ge,0.034634769
PEI,2050,T_LDV_LTF_GSL_HEV_N,T_D_tkm_ldv_t,ge,0.034634769
PEI,2050,T_LDV_LTF_GSL_N,T_D_tkm_ldv_t,ge,0.034634769
PEI,2050,T_LDV_LTF_GSL_PHEV35_N,T_D_tkm_ldv_t,ge,0.034634769
PEI,2050,T_LDV_LTF_GSL_PHEV50_N,T_D_tkm_ldv_t,ge,0.034634769
PEI,2050,T_LDV_LTP_BEV150_N,T_D_pkm_ldv_t,ge,0.017819434
PEI,2050,T_LDV_LTP_BEV200_N,T_D_pkm_ldv_t,ge,0.017819434
PEI,2050,T_LDV_LTP_BEV300_N,T_D_pkm_ldv_t,ge,0.017819434
PEI,2050,T_LDV_LTP_BEV400_N,T_D_pkm_ldv_t,ge,0.017819434
PEI,2050,T_LDV_LTP_CNG_N,T_D_pkm_ldv_t,ge,0.017819434
PEI,2050,T_LDV_LTP_DSL_N,T_D_pkm_ldv_t,ge,0.017819434
PEI,2050,T_LDV_LTP_FCEV400_N,T_D_pkm_ldv_t,ge,0.017819434
PEI,2050,T_LDV_LTP_GSL_HEV_N,T_D_pkm_ldv_t,ge,0.017819434
PEI,2050,T_LDV_LTP_GSL_N,T_D_pkm_ldv_t,ge,0.017819434
PEI,2050,T_LDV_LTP_GSL_PHEV35_N,T_D_pkm_ldv_t,ge,0.017819434
PEI,2050,T_LDV_LTP_GSL_PHEV50_N,T_D_pkm_ldv_t,ge,0.017819434
PEI,2050,T_MDV_T_BEV_N,T_D_tkm_mdv_t,ge,0.026296607
PEI,2050,T_MDV_T_DSL_HEV_N,T_D_tkm_mdv_t,ge,0.026296607
PEI,2050,T_MDV_T_DSL_N,T_D_tkm_mdv_t,ge,0.026296607
PEI,2050,T_MDV_T_DSL_PHEV_N,T_D_tkm_mdv_t,ge,0.026296607
PEI,2050,T_MDV_T_FCEV_N,T_D_tkm_mdv_t,ge,0.026296607
PEI,2050,T_MDV_T_FCHEV_N,T_D_tkm_mdv_t,ge,0.026296607
PEI,2050,T_MDV_T_GSL_N,T_D_tkm_mdv_t,ge,0.039444911
QC,2025,T_HDV_T_BEV_N,T_D_tkm_hdv_t,ge,0.196882695
QC,2025,T_HDV_T_DSL_EX,T_D_tkm_hdv_t,ge,0.196882695
QC,2025,T_HDV_T_DSL_HEV_N,T_D_tkm_hdv_t,ge,0.196882695
QC,2025,T_HDV_T_DSL_N,T_D_tkm_hdv_t,ge,0.196882695
QC,2025,T_HDV_T_DSL_PHEV_N,T_D_tkm_hdv_t,ge,0.196882695
QC,2025,T_HDV_T_FCEV_N,T_D_tkm_hdv_t,ge,0.196882695
QC,2025,T_HDV_T_FCHEV_N,T_D_tkm_hdv_t,ge,0.196882695
QC,2025,T_LDV_C_BEV150_EX,T_D_pkm_ldv_c,ge,0.01791872
QC,2025,T_LDV_C_BEV150_N,T_D_pkm_ldv_c,ge,0.01791872
QC,2025,T_LDV_C_BEV200_N,T_D_pkm_ldv_c,ge,0.01791872
QC,2025,T_LDV_C_BEV300_N,T_D_pkm_ldv_c,ge,0.01791872
QC,2025,T_LDV_C_BEV400_N,T_D_pkm_ldv_c,ge,0.01791872
QC,2025,T_LDV_C_CNG_N,T_D_pkm_ldv_c,ge,0.01791872
QC,2025,T_LDV_C_DSL_EX,T_D_pkm_ldv_c,ge,0.01791872
QC,2025,T_LDV_C_DSL_N,T_D_pkm_ldv_c,ge,0.01791872
QC,2025,T_LDV_C_FCEV400_N,T_D_pkm_ldv_c,ge,0.01791872
QC,2025,T_LDV_C_GSL_EX,T_D_pkm_ldv_c,ge,0.01791872
QC,2025,T_LDV_C_GSL_HEV_EX,T_D_pkm_ldv_c,ge,0.01791872
QC,2025,T_LDV_C_GSL_HEV_N,T_D_pkm_ldv_c,ge,0.01791872
QC,2025,T_LDV_C_GSL_N,T_D_pkm_ldv_c,ge,0.01791872
QC,2025,T_LDV_C_GSL_PHEV35_EX,T_D_pkm_ldv_c,ge,0.01791872
QC,2025,T_LDV_C_GSL_PHEV35_N,T_D_pkm_ldv_c,ge,0.01791872
QC,2025,T_LDV_C_GSL_PHEV50_N,T_D_pkm_ldv_c,ge,0.01791872
QC,2025,T_LDV_LTF_BEV150_N,T_D_tkm_ldv_t,ge,0.031572549
QC,2025,T_LDV_LTF_BEV200_N,T_D_tkm_ldv_t,ge,0.031572549
QC,2025,T_LDV_LTF_BEV300_N,T_D_tkm_ldv_t,ge,0.031572549
QC,2025,T_LDV_LTF_BEV400_N,T_D_tkm_ldv_t,ge,0.031572549
QC,2025,T_LDV_LTF_CNG_N,T_D_tkm_ldv_t,ge,0.031572549
QC,2025,T_LDV_LTF_DSL_EX,T_D_tkm_ldv_t,ge,0.031572549
QC,2025,T_LDV_LTF_DSL_N,T_D_tkm_ldv_t,ge,0.031572549
QC,2025,T_LDV_LTF_FCEV400_N,T_D_tkm_ldv_t,ge,0.031572549
QC,2025,T_LDV_LTF_GSL_EX,T_D_tkm_ldv_t,ge,0.031572549
QC,2025,T_LDV_LTF_GSL_HEV_EX,T_D_tkm_ldv_t,ge,0.031572549
QC,2025,T_LDV_LTF_GSL_HEV_N,T_D_tkm_ldv_t,ge,0.031572549
QC,2025,T_LDV_LTF_GSL_N,T_D_tkm_ldv_t,ge,0.031572549
QC,2025,T_LDV_LTF_GSL_PHEV35_EX,T_D_tkm_ldv_t,ge,0.031572549
QC,2025,T_LDV_LTF_GSL_PHEV35_N,T_D_tkm_ldv_t,ge,0.031572549
QC,2025,T_LDV_LTF_GSL_PHEV50_N,T_D_tkm_ldv_t,ge,0.031572549
QC,2025,T_LDV_LTP_BEV150_N,T_D_pkm_ldv_t,ge,0.016219814
QC,2025,T_LDV_LTP_BEV200_N,T_D_pkm_ldv_t,ge,0.016219814
QC,2025,T_LDV_LTP_BEV300_EX,T_D_pkm_ldv_t,ge,0.016219814
QC,2025,T_LDV_LTP_BEV300_N,T_D_pkm_ldv_t,ge,0.016219814
QC,2025,T_LDV_LTP_BEV400_N,T_D_pkm_ldv_t,ge,0.016219814
QC,2025,T_LDV_LTP_CNG_N,T_D_pkm_ldv_t,ge,0.016219814
QC,2025,T_LDV_LTP_DSL_EX,T_D_pkm_ldv_t,ge,0.016219814
QC,2025,T_LDV_LTP_DSL_N,T_D_pkm_ldv_t,ge,0.016219814
QC,2025,T_LDV_LTP_FCEV400_N,T_D_pkm_ldv_t,ge,0.016219814
QC,2025,T_LDV_LTP_GSL_EX,T_D_pkm_ldv_t,ge,0.016219814
QC,2025,T_LDV_LTP_GSL_HEV_EX,T_D_pkm_ldv_t,ge,0.016219814
QC,2025,T_LDV_LTP_GSL_HEV_N,T_D_pkm_ldv_t,ge,0.016219814
QC,2025,T_LDV_LTP_GSL_N,T_D_pkm_ldv_t,ge,0.016219814
QC,2025,T_LDV_LTP_GSL_PHEV35_EX,T_D_pkm_ldv_t,ge,0.016219814
QC,2025,T_LDV_LTP_GSL_PHEV35_N,T_D_pkm_ldv_t,ge,0.016219814
QC,2025,T_LDV_LTP_GSL_PHEV50_N,T_D_pkm_ldv_t,ge,0.016219814
QC,2025,T_MDV_T_BEV_N,T_D_tkm_mdv_t,ge,0.024930141
QC,2025,T_MDV_T_DSL_EX,T_D_tkm_mdv_t,ge,0.024930141
QC,2025,T_MDV_T_DSL_HEV_N,T_D_tkm_mdv_t,ge,0.024930141
QC,2025,T_MDV_T_DSL_N,T_D_tkm_mdv_t,ge,0.024930141
QC,2025,T_MDV_T_DSL_PHEV_N,T_D_tkm_mdv_t,ge,0.024930141
QC,2025,T_MDV_T_FCEV_N,T_D_tkm_mdv_t,ge,0.024930141
QC,2025,T_MDV_T_FCHEV_N,T_D_tkm_mdv_t,ge,0.024930141
QC,2030,T_HDV_T_BEV_N,T_D_tkm_hdv_t,ge,0.212233306
QC,2030,T_HDV_T_DSL_EX,T_D_tkm_hdv_t,ge,0.212233306
QC,2030,T_HDV_T_DSL_HEV_N,T_D_tkm_hdv_t,ge,0.212233306
QC,2030,T_HDV_T_DSL_N,T_D_tkm_hdv_t,ge,0.212233306
QC,2030,T_HDV_T_DSL_PHEV_N,T_D_tkm_hdv_t,ge,0.212233306
QC,2030,T_HDV_T_FCEV_N,T_D_tkm_hdv_t,ge,0.212233306
QC,2030,T_HDV_T_FCHEV_N,T_D_tkm_hdv_t,ge,0.212233306
QC,2030,T_LDV_C_BEV150_EX,T_D_pkm_ldv_c,ge,0.019977172
QC,2030,T_LDV_C_BEV150_N,T_D_pkm_ldv_c,ge,0.019977172
QC,2030,T_LDV_C_BEV200_N,T_D_pkm_ldv_c,ge,0.019977172
QC,2030,T_LDV_C_BEV300_N,T_D_pkm_ldv_c,ge,0.019977172
QC,2030,T_LDV_C_BEV400_N,T_D_pkm_ldv_c,ge,0.019977172
QC,2030,T_LDV_C_CNG_N,T_D_pkm_ldv_c,ge,0.019977172
QC,2030,T_LDV_C_DSL_EX,T_D_pkm_ldv_c,ge,0.019977172
QC,2030,T_LDV_C_DSL_N,T_D_pkm_ldv_c,ge,0.019977172
QC,2030,T_LDV_C_FCEV400_N,T_D_pkm_ldv_c,ge,0.019977172
QC,2030,T_LDV_C_GSL_EX,T_D_pkm_ldv_c,ge,0.019977172
QC,2030,T_LDV_C_GSL_HEV_EX,T_D_pkm_ldv_c,ge,0.019977172
QC,2030,T_LDV_C_GSL_HEV_N,T_D_pkm_ldv_c,ge,0.019977172
QC,2030,T_LDV_C_GSL_N,T_D_pkm_ldv_c,ge,0.019977172
QC,2030,T_LDV_C_GSL_PHEV35_EX,T_D_pkm_ldv_c,ge,0.019977172
QC,2030,T_LDV_C_GSL_PHEV35_N,T_D_pkm_ldv_c,ge,0.019977172
QC,2030,T_LDV_C_GSL_PHEV50_N,T_D_pkm_ldv_c,ge,0.019977172
QC,2030,T_LDV_LTF_BEV150_N,T_D_tkm_ldv_t,ge,0.034634769
QC,2030,T_LDV_LTF_BEV200_N,T_D_tkm_ldv_t,ge,0.034634769
QC,2030,T_LDV_LTF_BEV300_N,T_D_tkm_ldv_t,ge,0.034634769
QC,2030,T_LDV_LTF_BEV400_N,T_D_tkm_ldv_t,ge,0.034634769
QC,2030,T_LDV_LTF_CNG_N,T_D_tkm_ldv_t,ge,0.034634769
QC,2030,T_LDV_LTF_DSL_EX,T_D_tkm_ldv_t,ge,0.034634769
QC,2030,T_LDV_LTF_DSL_N,T_D_tkm_ldv_t,ge,0.034634769
QC,2030,T_LDV_LTF_FCEV400_N,T_D_tkm_ldv_t,ge,0.034634769
QC,2030,T_LDV_LTF_GSL_EX,T_D_tkm_ldv_t,ge,0.034634769
QC,2030,T_LDV_LTF_GSL_HEV_EX,T_D_tkm_ldv_t,ge,0.034634769
QC,2030,T_LDV_LTF_GSL_HEV_N,T_D_tkm_ldv_t,ge,0.034634769
QC,2030,T_LDV_LTF_GSL_N,T_D_tkm_ldv_t,ge,0.034634769
QC,2030,T_LDV_LTF_GSL_PHEV35_EX,T_D_tkm_ldv_t,ge,0.034634769
QC,2030,T_LDV_LTF_GSL_PHEV35_N,T_D_tkm_ldv_t,ge,0.034634769
QC,2030,T_LDV_LTF_GSL_PHEV50_N,T_D_tkm_ldv_t,ge,0.034634769
QC,2030,T_MDV_T_BEV_N,T_D_tkm_mdv_t,ge,0.026296607
QC,2030,T_MDV_T_DSL_EX,T_D_tkm_mdv_t,ge,0.026296607
QC,2030,T_MDV_T_DSL_HEV_N,T_D_tkm_mdv_t,ge,0.026296607
QC,2030,T_MDV_T_DSL_N,T_D_tkm_mdv_t,ge,0.026296607
QC,2030,T_MDV_T_DSL_PHEV_N,T_D_tkm_mdv_t,ge,0.026296607
QC,2030,T_MDV_T_FCEV_N,T_D_tkm_mdv_t,ge,0.026296607
QC,2030,T_MDV_T_FCHEV_N,T_D_tkm_mdv_t,ge,0.026296607
QC,2035,T_HDV_T_BEV_N,T_D_tkm_hdv_t,ge,0.212233306
QC,2035,T_HDV_T_DSL_EX,T_D_tkm_hdv_t,ge,0.212233306
QC,2035,T_HDV_T_DSL_HEV_N,T_D_tkm_hdv_t,ge,0.212233306
QC,2035,T_HDV_T_DSL_N,T_D_tkm_hdv_t,ge,0.212233306
QC,2035,T_HDV_T_DSL_PHEV_N,T_D_tkm_hdv_t,ge,0.212233306
QC,2035,T_HDV_T_FCEV_N,T_D_tkm_hdv_t,ge,0.212233306
QC,2035,T_HDV_T_FCHEV_N,T_D_tkm_hdv_t,ge,0.212233306
QC,2035,T_LDV_C_BEV150_N,T_D_pkm_ldv_c,ge,0.019977172
QC,2035,T_LDV_C_BEV200_N,T_D_pkm_ldv_c,ge,0.019977172
QC,2035,T_LDV_C_BEV300_N,T_D_pkm_ldv_c,ge,0.019977172
QC,2035,T_LDV_C_BEV400_N,T_D_pkm_ldv_c,ge,0.019977172
QC,2035,T_LDV_C_CNG_N,T_D_pkm_ldv_c,ge,0.019977172
QC,2035,T_LDV_C_DSL_N,T_D_pkm_ldv_c,ge,0.019977172
QC,2035,T_LDV_C_FCEV400_N,T_D_pkm_ldv_c,ge,0.019977172
QC,2035,T_LDV_C_GSL_HEV_N,T_D_pkm_ldv_c,ge,0.019977172
QC,2035,T_LDV_C_GSL_N,T_D_pkm_ldv_c,ge,0.019977172
QC,2035,T_LDV_C_GSL_PHEV35_N,T_D_pkm_ldv_c,ge,0.019977172
QC,2035,T_LDV_C_GSL_PHEV50_N,T_D_pkm_ldv_c,ge,0.019977172
QC,2035,T_LDV_LTF_BEV150_N,T_D_tkm_ldv_t,ge,0.034634769
QC,2035,T_LDV_LTF_BEV200_N,T_D_tkm_ldv_t,ge,0.034634769
QC,2035,T_LDV_LTF_BEV300_N,T_D_tkm_ldv_t,ge,0.034634769
QC,2035,T_LDV_LTF_BEV400_N,T_D_tkm_ldv_t,ge,0.034634769
QC,2035,T_LDV_LTF_CNG_N,T_D_tkm_ldv_t,ge,0.034634769
QC,2035,T_LDV_LTF_DSL_EX,T_D_tkm_ldv_t,ge,0.034634769
QC,2035,T_LDV_LTF_DSL_N,T_D_tkm_ldv_t,ge,0.034634769
QC,2035,T_LDV_LTF_FCEV400_N,T_D_tkm_ldv_t,ge,0.034634769
QC,2035,T_LDV_LTF_GSL_EX,T_D_tkm_ldv_t,ge,0.034634769
QC,2035,T_LDV_LTF_GSL_HEV_EX,T_D_tkm_ldv_t,ge,0.034634769
QC,2035,T_LDV_LTF_GSL_HEV_N,T_D_tkm_ldv_t,ge,0.034634769
QC,2035,T_LDV_LTF_GSL_N,T_D_tkm_ldv_t,ge,0.034634769
QC,2035,T_LDV_LTF_GSL_PHEV35_EX,T_D_tkm_ldv_t,ge,0.034634769
QC,2035,T_LDV_LTF_GSL_PHEV35_N,T_D_tkm_ldv_t,ge,0.034634769
QC,2035,T_LDV_LTF_GSL_PHEV50_N,T_D_tkm_ldv_t,ge,0.034634769
QC,2035,T_MDV_T_BEV_N,T_D_tkm_mdv_t,ge,0.026296607
QC,2035,T_MDV_T_DSL_EX,T_D_tkm_mdv_t,ge,0.026296607
QC,2035,T_MDV_T_DSL_HEV_N,T_D_tkm_mdv_t,ge,0.026296607
QC,2035,T_MDV_T_DSL_N,T_D_tkm_mdv_t,ge,0.026296607
QC,2035,T_MDV_T_DSL_PHEV_N,T_D_tkm_mdv_t,ge,0.026296607
QC,2035,T_MDV_T_FCEV_N,T_D_tkm_mdv_t,ge,0.026296607
QC,2035,T_MDV_T_FCHEV_N,T_D_tkm_mdv_t,ge,0.026296607
QC,2040,T_HDV_T_BEV_N,T_D_tkm_hdv_t,ge,0.212233306
QC,2040,T_HDV_T_DSL_HEV_N,T_D_tkm_hdv_t,ge,0.212233306
QC,2040,T_HDV_T_DSL_N,T_D_tkm_hdv_t,ge,0.212233306
QC,2040,T_HDV_T_DSL_PHEV_N,T_D_tkm_hdv_t,ge,0.212233306
QC,2040,T_HDV_T_FCEV_N,T_D_tkm_hdv_t,ge,0.212233306
QC,2040,T_HDV_T_FCHEV_N,T_D_tkm_hdv_t,ge,0.212233306
QC,2040,T_LDV_C_BEV150_N,T_D_pkm_ldv_c,ge,0.019977172
QC,2040,T_LDV_C_BEV200_N,T_D_pkm_ldv_c,ge,0.019977172
QC,2040,T_LDV_C_BEV300_N,T_D_pkm_ldv_c,ge,0.019977172
QC,2040,T_LDV_C_BEV400_N,T_D_pkm_ldv_c,ge,0.019977172
QC,2040,T_LDV_C_CNG_N,T_D_pkm_ldv_c,ge,0.019977172
QC,2040,T_LDV_C_DSL_N,T_D_pkm_ldv_c,ge,0.019977172
QC,2040,T_LDV_C_FCEV400_N,T_D_pkm_ldv_c,ge,0.019977172
QC,2040,T_LDV_C_GSL_HEV_N,T_D_pkm_ldv_c,ge,0.019977172
QC,2040,T_LDV_C_GSL_N,T_D_pkm_ldv_c,ge,0.019977172
QC,2040,T_LDV_C_GSL_PHEV35_N,T_D_pkm_ldv_c,ge,0.019977172
QC,2040,T_LDV_C_GSL_PHEV50_N,T_D_pkm_ldv_c,ge,0.019977172
QC,2040,T_LDV_LTF_BEV150_N,T_D_tkm_ldv_t,ge,0.034634769
QC,2040,T_LDV_LTF_BEV200_N,T_D_tkm_ldv_t,ge,0.034634769
QC,2040,T_LDV_LTF_BEV300_N,T_D_tkm_ldv_t,ge,0.034634769
QC,2040,T_LDV_LTF_BEV400_N,T_D_tkm_ldv_t,ge,0.034634769
QC,2040,T_LDV_LTF_CNG_N,T_D_tkm_ldv_t,ge,0.034634769
QC,2040,T_LDV_LTF_DSL_N,T_D_tkm_ldv_t,ge,0.034634769
QC,2040,T_LDV_LTF_FCEV400_N,T_D_tkm_ldv_t,ge,0.034634769
QC,2040,T_LDV_LTF_GSL_HEV_N,T_D_tkm_ldv_t,ge,0.034634769
QC,2040,T_LDV_LTF_GSL_N,T_D_tkm_ldv_t,ge,0.034634769
QC,2040,T_LDV_LTF_GSL_PHEV35_N,T_D_tkm_ldv_t,ge,0.034634769
QC,2040,T_LDV_LTF_GSL_PHEV50_N,T_D_tkm_ldv_t,ge,0.034634769
QC,2040,T_MDV_T_BEV_N,T_D_tkm_mdv_t,ge,0.026296607
QC,2040,T_MDV_T_DSL_HEV_N,T_D_tkm_mdv_t,ge,0.026296607
QC,2040,T_MDV_T_DSL_N,T_D_tkm_mdv_t,ge,0.026296607
QC,2040,T_MDV_T_DSL_PHEV_N,T_D_tkm_mdv_t,ge,0.026296607
QC,2040,T_MDV_T_FCEV_N,T_D_tkm_mdv_t,ge,0.026296607
QC,2040,T_MDV_T_FCHEV_N,T_D_tkm_mdv_t,ge,0.026296607
QC,2045,T_HDV_T_BEV_N,T_D_tkm_hdv_t,ge,0.212233306
QC,2045,T_HDV_T_DSL_HEV_N,T_D_tkm_hdv_t,ge,0.212233306
QC,2045,T_HDV_T_DSL_N,T_D_tkm_hdv_t,ge,0.212233306
QC,2045,T_HDV_T_DSL_PHEV_N,T_D_tkm_hdv_t,ge,0.212233306
QC,2045,T_HDV_T_FCEV_N,T_D_tkm_hdv_t,ge,0.212233306
QC,2045,T_HDV_T_FCHEV_N,T_D_tkm_hdv_t,ge,0.212233306
QC,2045,T_LDV_C_BEV150_N,T_D_pkm_ldv_c,ge,0.019977172
QC,2045,T_LDV_C_BEV200_N,T_D_pkm_ldv_c,ge,0.019977172
QC,2045,T_LDV_C_BEV300_N,T_D_pkm_ldv_c,ge,0.019977172
QC,2045,T_LDV_C_BEV400_N,T_D_pkm_ldv_c,ge,0.019977172
QC,2045,T_LDV_C_CNG_N,T_D_pkm_ldv_c,ge,0.019977172
QC,2045,T_LDV_C_DSL_N,T_D_pkm_ldv_c,ge,0.019977172
QC,2045,T_LDV_C_FCEV400_N,T_D_pkm_ldv_c,ge,0.019977172
QC,2045,T_LDV_C_GSL_HEV_N,T_D_pkm_ldv_c,ge,0.019977172
QC,2045,T_LDV_C_GSL_N,T_D_pkm_ldv_c,ge,0.019977172
QC,2045,T_LDV_C_GSL_PHEV35_N,T_D_pkm_ldv_c,ge,0.019977172
QC,2045,T_LDV_C_GSL_PHEV50_N,T_D_pkm_ldv_c,ge,0.019977172
QC,2045,T_LDV_LTF_BEV150_N,T_D_tkm_ldv_t,ge,0.034634769
QC,2045,T_LDV_LTF_BEV200_N,T_D_tkm_ldv_t,ge,0.034634769
QC,2045,T_LDV_LTF_BEV300_N,T_D_tkm_ldv_t,ge,0.034634769
QC,2045,T_LDV_LTF_BEV400_N,T_D_tkm_ldv_t,ge,0.034634769
QC,2045,T_LDV_LTF_CNG_N,T_D_tkm_ldv_t,ge,0.034634769
QC,2045,T_LDV_LTF_DSL_N,T_D_tkm_ldv_t,ge,0.034634769
QC,2045,T_LDV_LTF_FCEV400_N,T_D_tkm_ldv_t,ge,0.034634769
QC,2045,T_LDV_LTF_GSL_HEV_N,T_D_tkm_ldv_t,ge,0.034634769
QC,2045,T_LDV_LTF_GSL_N,T_D_tkm_ldv_t,ge,0.034634769
QC,2045,T_LDV_LTF_GSL_PHEV35_N,T_D_tkm_ldv_t,ge,0.034634769
QC,2045,T_LDV_LTF_GSL_PHEV50_N,T_D_tkm_ldv_t,ge,0.034634769
QC,2045,T_MDV_T_BEV_N,T_D_tkm_mdv_t,ge,0.026296607
QC,2045,T_MDV_T_DSL_HEV_N,T_D_tkm_mdv_t,ge,0.026296607
QC,2045,T_MDV_T_DSL_N,T_D_tkm_mdv_t,ge,0.026296607
QC,2045,T_MDV_T_DSL_PHEV_N,T_D_tkm_mdv_t,ge,0.026296607
QC,2045,T_MDV_T_FCEV_N,T_D_tkm_mdv_t,ge,0.026296607
QC,2045,T_MDV_T_FCHEV_N,T_D_tkm_mdv_t,ge,0.026296607
QC,2050,T_HDV_T_BEV_N,T_D_tkm_hdv_t,ge,0.212233306
QC,2050,T_HDV_T_DSL_HEV_N,T_D_tkm_hdv_t,ge,0.212233306
QC,2050,T_HDV_T_DSL_N,T_D_tkm_hdv_t,ge,0.212233306
QC,2050,T_HDV_T_DSL_PHEV_N,T_D_tkm_hdv_t,ge,0.212233306
QC,2050,T_HDV_T_FCEV_N,T_D_tkm_hdv_t,ge,0.212233306
QC,2050,T_HDV_T_FCHEV_N,T_D_tkm_hdv_t,ge,0.212233306
QC,2050,T_LDV_C_BEV150_N,T_D_pkm_ldv_c,ge,0.019977172
QC,2050,T_LDV_C_BEV200_N,T_D_pkm_ldv_c,ge,0.019977172
QC,2050,T_LDV_C_BEV300_N,T_D_pkm_ldv_c,ge,0.019977172
QC,2050,T_LDV_C_BEV400_N,T_D_pkm_ldv_c,ge,0.019977172
QC,2050,T_LDV_C_CNG_N,T_D_pkm_ldv_c,ge,0.019977172
QC,2050,T_LDV_C_DSL_N,T_D_pkm_ldv_c,ge,0.019977172
QC,2050,T_LDV_C_FCEV400_N,T_D_pkm_ldv_c,ge,0.019977172
QC,2050,T_LDV_C_GSL_HEV_N,T_D_pkm_ldv_c,ge,0.019977172
QC,2050,T_LDV_C_GSL_N,T_D_pkm_ldv_c,ge,0.019977172
QC,2050,T_LDV_C_GSL_PHEV35_N,T_D_pkm_ldv_c,ge,0.019977172
QC,2050,T_LDV_C_GSL_PHEV50_N,T_D_pkm_ldv_c,ge,0.019977172
QC,2050,T_LDV_LTF_BEV150_N,T_D_tkm_ldv_t,ge,0.034634769
QC,2050,T_LDV_LTF_BEV200_N,T_D_tkm_ldv_t,ge,0.034634769
QC,2050,T_LDV_LTF_BEV300_N,T_D_tkm_ldv_t,ge,0.034634769
QC,2050,T_LDV_LTF_BEV400_N,T_D_tkm_ldv_t,ge,0.034634769
QC,2050,T_LDV_LTF_CNG_N,T_D_tkm_ldv_t,ge,0.034634769
QC,2050,T_LDV_LTF_DSL_N,T_D_tkm_ldv_t,ge,0.034634769
QC,2050,T_LDV_LTF_FCEV400_N,T_D_tkm_ldv_t,ge,0.034634769
QC,2050,T_LDV_LTF_GSL_HEV_N,T_D_tkm_ldv_t,ge,0.034634769
QC,2050,T_LDV_LTF_GSL_N,T_D_tkm_ldv_t,ge,0.034634769
QC,2050,T_LDV_LTF_GSL_PHEV35_N,T_D_tkm_ldv_t,ge,0.034634769
QC,2050,T_LDV_LTF_GSL_PHEV50_N,T_D_tkm_ldv_t,ge,0.034634769
QC,2050,T_MDV_T_BEV_N,T_D_tkm_mdv_t,ge,0.026296607
QC,2050,T_MDV_T_DSL_HEV_N,T_D_tkm_mdv_t,ge,0.026296607
QC,2050,T_MDV_T_DSL_N,T_D_tkm_mdv_t,ge,0.026296607
QC,2050,T_MDV_T_DSL_PHEV_N,T_D_tkm_mdv_t,ge,0.026296607
QC,2050,T_MDV_T_FCEV_N,T_D_tkm_mdv_t,ge,0.026296607
QC,2050,T_MDV_T_FCHEV_N,T_D_tkm_mdv_t,ge,0.026296607
SK,2025,T_HDV_T_BEV_N,T_D_tkm_hdv_t,ge,0.196882695
SK,2025,T_HDV_T_DSL_EX,T_D_tkm_hdv_t,ge,0.196882695
SK,2025,T_HDV_T_DSL_HEV_N,T_D_tkm_hdv_t,ge,0.196882695
SK,2025,T_HDV_T_DSL_N,T_D_tkm_hdv_t,ge,0.196882695
SK,2025,T_HDV_T_DSL_PHEV_N,T_D_tkm_hdv_t,ge,0.196882695
SK,2025,T_HDV_T_FCEV_N,T_D_tkm_hdv_t,ge,0.196882695
SK,2025,T_HDV_T_FCHEV_N,T_D_tkm_hdv_t,ge,0.196882695
SK,2025,T_LDV_C_BEV150_EX,T_D_pkm_ldv_c,ge,0.01791872
SK,2025,T_LDV_C_BEV150_N,T_D_pkm_ldv_c,ge,0.01791872
SK,2025,T_LDV_C_BEV200_N,T_D_pkm_ldv_c,ge,0.01791872
SK,2025,T_LDV_C_BEV300_N,T_D_pkm_ldv_c,ge,0.01791872
SK,2025,T_LDV_C_BEV400_N,T_D_pkm_ldv_c,ge,0.01791872
SK,2025,T_LDV_C_CNG_N,T_D_pkm_ldv_c,ge,0.01791872
SK,2025,T_LDV_C_DSL_EX,T_D_pkm_ldv_c,ge,0.01791872
SK,2025,T_LDV_C_DSL_N,T_D_pkm_ldv_c,ge,0.01791872
SK,2025,T_LDV_C_FCEV400_N,T_D_pkm_ldv_c,ge,0.01791872
SK,2025,T_LDV_C_GSL_EX,T_D_pkm_ldv_c,ge,0.01791872
SK,2025,T_LDV_C_GSL_HEV_EX,T_D_pkm_ldv_c,ge,0.01791872
SK,2025,T_LDV_C_GSL_HEV_N,T_D_pkm_ldv_c,ge,0.01791872
SK,2025,T_LDV_C_GSL_N,T_D_pkm_ldv_c,ge,0.01791872
SK,2025,T_LDV_C_GSL_PHEV35_EX,T_D_pkm_ldv_c,ge,0.01791872
SK,2025,T_LDV_C_GSL_PHEV35_N,T_D_pkm_ldv_c,ge,0.01791872
SK,2025,T_LDV_C_GSL_PHEV50_N,T_D_pkm_ldv_c,ge,0.01791872
SK,2025,T_LDV_LTF_BEV150_N,T_D_tkm_ldv_t,ge,0.031572549
SK,2025,T_LDV_LTF_BEV200_N,T_D_tkm_ldv_t,ge,0.031572549
SK,2025,T_LDV_LTF_BEV300_N,T_D_tkm_ldv_t,ge,0.031572549
SK,2025,T_LDV_LTF_BEV400_N,T_D_tkm_ldv_t,ge,0.031572549
SK,2025,T_LDV_LTF_CNG_N,T_D_tkm_ldv_t,ge,0.031572549
SK,2025,T_LDV_LTF_DSL_EX,T_D_tkm_ldv_t,ge,0.031572549
SK,2025,T_LDV_LTF_DSL_N,T_D_tkm_ldv_t,ge,0.031572549
SK,2025,T_LDV_LTF_FCEV400_N,T_D_tkm_ldv_t,ge,0.031572549
SK,2025,T_LDV_LTF_GSL_EX,T_D_tkm_ldv_t,ge,0.031572549
SK,2025,T_LDV_LTF_GSL_HEV_EX,T_D_tkm_ldv_t,ge,0.031572549
SK,2025,T_LDV_LTF_GSL_HEV_N,T_D_tkm_ldv_t,ge,0.031572549
SK,2025,T_LDV_LTF_GSL_N,T_D_tkm_ldv_t,ge,0.031572549
SK,2025,T_LDV_LTF_GSL_PHEV35_EX,T_D_tkm_ldv_t,ge,0.031572549
SK,2025,T_LDV_LTF_GSL_PHEV35_N,T_D_tkm_ldv_t,ge,0.031572549
SK,2025,T_LDV_LTF_GSL_PHEV50_N,T_D_tkm_ldv_t,ge,0.031572549
SK,2025,T_LDV_LTP_BEV150_N,T_D_pkm_ldv_t,ge,0.016219814
SK,2025,T_LDV_LTP_BEV200_N,T_D_pkm_ldv_t,ge,0.016219814
SK,2025,T_LDV_LTP_BEV300_EX,T_D_pkm_ldv_t,ge,0.016219814
SK,2025,T_LDV_LTP_BEV300_N,T_D_pkm_ldv_t,ge,0.016219814
SK,2025,T_LDV_LTP_BEV400_N,T_D_pkm_ldv_t,ge,0.016219814
SK,2025,T_LDV_LTP_CNG_N,T_D_pkm_ldv_t,ge,0.016219814
SK,2025,T_LDV_LTP_DSL_EX,T_D_pkm_ldv_t,ge,0.016219814
SK,2025,T_LDV_LTP_DSL_N,T_D_pkm_ldv_t,ge,0.016219814
SK,2025,T_LDV_LTP_FCEV400_N,T_D_pkm_ldv_t,ge,0.016219814
SK,2025,T_LDV_LTP_GSL_EX,T_D_pkm_ldv_t,ge,0.016219814
SK,2025,T_LDV_LTP_GSL_HEV_EX,T_D_pkm_ldv_t,ge,0.016219814
SK,2025,T_LDV_LTP_GSL_HEV_N,T_D_pkm_ldv_t,ge,0.016219814
SK,2025,T_LDV_LTP_GSL_N,T_D_pkm_ldv_t,ge,0.016219814
SK,2025,T_LDV_LTP_GSL_PHEV35_EX,T_D_pkm_ldv_t,ge,0.016219814
SK,2025,T_LDV_LTP_GSL_PHEV35_N,T_D_pkm_ldv_t,ge,0.016219814
SK,2025,T_LDV_LTP_GSL_PHEV50_N,T_D_pkm_ldv_t,ge,0.016219814
SK,2025,T_MDV_T_BEV_N,T_D_tkm_mdv_t,ge,0.024930141
SK,2025,T_MDV_T_DSL_EX,T_D_tkm_mdv_t,ge,0.024930141
SK,2025,T_MDV_T_DSL_HEV_N,T_D_tkm_mdv_t,ge,0.024930141
SK,2025,T_MDV_T_DSL_N,T_D_tkm_mdv_t,ge,0.024930141
SK,2025,T_MDV_T_DSL_PHEV_N,T_D_tkm_mdv_t,ge,0.024930141
SK,2025,T_MDV_T_FCEV_N,T_D_tkm_mdv_t,ge,0.024930141
SK,2025,T_MDV_T_FCHEV_N,T_D_tkm_mdv_t,ge,0.024930141
SK,2030,T_HDV_T_BEV_N,T_D_tkm_hdv_t,ge,0.212233306
SK,2030,T_HDV_T_DSL_EX,T_D_tkm_hdv_t,ge,0.212233306
SK,2030,T_HDV_T_DSL_HEV_N,T_D_tkm_hdv_t,ge,0.212233306
SK,2030,T_HDV_T_DSL_N,T_D_tkm_hdv_t,ge,0.212233306
SK,2030,T_HDV_T_DSL_PHEV_N,T_D_tkm_hdv_t,ge,0.212233306
SK,2030,T_HDV_T_FCEV_N,T_D_tkm_hdv_t,ge,0.212233306
SK,2030,T_HDV_T_FCHEV_N,T_D_tkm_hdv_t,ge,0.212233306
SK,2030,T_LDV_C_BEV150_EX,T_D_pkm_ldv_c,ge,0.019977172
SK,2030,T_LDV_C_BEV150_N,T_D_pkm_ldv_c,ge,0.019977172
SK,2030,T_LDV_C_BEV200_N,T_D_pkm_ldv_c,ge,0.019977172
SK,2030,T_LDV_C_BEV300_N,T_D_pkm_ldv_c,ge,0.019977172
SK,2030,T_LDV_C_BEV400_N,T_D_pkm_ldv_c,ge,0.019977172
SK,2030,T_LDV_C_CNG_N,T_D_pkm_ldv_c,ge,0.019977172
SK,2030,T_LDV_C_DSL_EX,T_D_pkm_ldv_c,ge,0.019977172
SK,2030,T_LDV_C_DSL_N,T_D_pkm_ldv_c,ge,0.019977172
SK,2030,T_LDV_C_FCEV400_N,T_D_pkm_ldv_c,ge,0.019977172
SK,2030,T_LDV_C_GSL_EX,T_D_pkm_ldv_c,ge,0.019977172
SK,2030,T_LDV_C_GSL_HEV_EX,T_D_pkm_ldv_c,ge,0.019977172
SK,2030,T_LDV_C_GSL_HEV_N,T_D_pkm_ldv_c,ge,0.019977172
SK,2030,T_LDV_C_GSL_N,T_D_pkm_ldv_c,ge,0.019977172
SK,2030,T_LDV_C_GSL_PHEV35_EX,T_D_pkm_ldv_c,ge,0.019977172
SK,2030,T_LDV_C_GSL_PHEV35_N,T_D_pkm_ldv_c,ge,0.019977172
SK,2030,T_LDV_C_GSL_PHEV50_N,T_D_pkm_ldv_c,ge,0.019977172
SK,2030,T_LDV_LTF_BEV150_N,T_D_tkm_ldv_t,ge,0.034634769
SK,2030,T_LDV_LTF_BEV200_N,T_D_tkm_ldv_t,ge,0.034634769
SK,2030,T_LDV_LTF_BEV300_N,T_D_tkm_ldv_t,ge,0.034634769
SK,2030,T_LDV_LTF_BEV400_N,T_D_tkm_ldv_t,ge,0.034634769
SK,2030,T_LDV_LTF_CNG_N,T_D_tkm_ldv_t,ge,0.034634769
SK,2030,T_LDV_LTF_DSL_EX,T_D_tkm_ldv_t,ge,0.034634769
SK,2030,T_LDV_LTF_DSL_N,T_D_tkm_ldv_t,ge,0.034634769
SK,2030,T_LDV_LTF_FCEV400_N,T_D_tkm_ldv_t,ge,0.034634769
SK,2030,T_LDV_LTF_GSL_EX,T_D_tkm_ldv_t,ge,0.034634769
SK,2030,T_LDV_LTF_GSL_HEV_EX,T_D_tkm_ldv_t,ge,0.034634769
SK,2030,T_LDV_LTF_GSL_HEV_N,T_D_tkm_ldv_t,ge,0.034634769
SK,2030,T_LDV_LTF_GSL_N,T_D_tkm_ldv_t,ge,0.034634769
SK,2030,T_LDV_LTF_GSL_PHEV35_EX,T_D_tkm_ldv_t,ge,0.034634769
SK,2030,T_LDV_LTF_GSL_PHEV35_N,T_D_tkm_ldv_t,ge,0.034634769
SK,2030,T_LDV_LTF_GSL_PHEV50_N,T_D_tkm_ldv_t,ge,0.034634769
SK,2030,T_LDV_LTP_BEV150_N,T_D_pkm_ldv_t,ge,0.017819434
SK,2030,T_LDV_LTP_BEV200_N,T_D_pkm_ldv_t,ge,0.017819434
SK,2030,T_LDV_LTP_BEV300_EX,T_D_pkm_ldv_t,ge,0.017819434
SK,2030,T_LDV_LTP_BEV300_N,T_D_pkm_ldv_t,ge,0.017819434
SK,2030,T_LDV_LTP_BEV400_N,T_D_pkm_ldv_t,ge,0.017819434
SK,2030,T_LDV_LTP_CNG_N,T_D_pkm_ldv_t,ge,0.017819434
SK,2030,T_LDV_LTP_DSL_EX,T_D_pkm_ldv_t,ge,0.017819434
SK,2030,T_LDV_LTP_DSL_N,T_D_pkm_ldv_t,ge,0.017819434
SK,2030,T_LDV_LTP_FCEV400_N,T_D_pkm_ldv_t,ge,0.017819434
SK,2030,T_LDV_LTP_GSL_EX,T_D_pkm_ldv_t,ge,0.017819434
SK,2030,T_LDV_LTP_GSL_HEV_EX,T_D_pkm_ldv_t,ge,0.017819434
SK,2030,T_LDV_LTP_GSL_HEV_N,T_D_pkm_ldv_t,ge,0.017819434
SK,2030,T_LDV_LTP_GSL_N,T_D_pkm_ldv_t,ge,0.017819434
SK,2030,T_LDV_LTP_GSL_PHEV35_EX,T_D_pkm_ldv_t,ge,0.017819434
SK,2030,T_LDV_LTP_GSL_PHEV35_N,T_D_pkm_ldv_t,ge,0.017819434
SK,2030,T_LDV_LTP_GSL_PHEV50_N,T_D_pkm_ldv_t,ge,0.017819434
SK,2030,T_MDV_T_BEV_N,T_D_tkm_mdv_t,ge,0.026296607
SK,2030,T_MDV_T_DSL_EX,T_D_tkm_mdv_t,ge,0.026296607
SK,2030,T_MDV_T_DSL_HEV_N,T_D_tkm_mdv_t,ge,0.026296607
SK,2030,T_MDV_T_DSL_N,T_D_tkm_mdv_t,ge,0.026296607
SK,2030,T_MDV_T_DSL_PHEV_N,T_D_tkm_mdv_t,ge,0.026296607
SK,2030,T_MDV_T_FCEV_N,T_D_tkm_mdv_t,ge,0.026296607
SK,2030,T_MDV_T_FCHEV_N,T_D_tkm_mdv_t,ge,0.026296607
SK,2035,T_HDV_T_BEV_N,T_D_tkm_hdv_t,ge,0.212233306
SK,2035,T_HDV_T_DSL_EX,T_D_tkm_hdv_t,ge,0.212233306
SK,2035,T_HDV_T_DSL_HEV_N,T_D_tkm_hdv_t,ge,0.212233306
SK,2035,T_HDV_T_DSL_N,T_D_tkm_hdv_t,ge,0.212233306
SK,2035,T_HDV_T_DSL_PHEV_N,T_D_tkm_hdv_t,ge,0.212233306
SK,2035,T_HDV_T_FCEV_N,T_D_tkm_hdv_t,ge,0.212233306
SK,2035,T_HDV_T_FCHEV_N,T_D_tkm_hdv_t,ge,0.212233306
SK,2035,T_LDV_C_BEV150_N,T_D_pkm_ldv_c,ge,0.019977172
SK,2035,T_LDV_C_BEV200_N,T_D_pkm_ldv_c,ge,0.019977172
SK,2035,T_LDV_C_BEV300_N,T_D_pkm_ldv_c,ge,0.019977172
SK,2035,T_LDV_C_BEV400_N,T_D_pkm_ldv_c,ge,0.019977172
SK,2035,T_LDV_C_CNG_N,T_D_pkm_ldv_c,ge,0.019977172
SK,2035,T_LDV_C_DSL_N,T_D_pkm_ldv_c,ge,0.019977172
SK,2035,T_LDV_C_FCEV400_N,T_D_pkm_ldv_c,ge,0.019977172
SK,2035,T_LDV_C_GSL_HEV_N,T_D_pkm_ldv_c,ge,0.019977172
SK,2035,T_LDV_C_GSL_N,T_D_pkm_ldv_c,ge,0.019977172
SK,2035,T_LDV_C_GSL_PHEV35_N,T_D_pkm_ldv_c,ge,0.019977172
SK,2035,T_LDV_C_GSL_PHEV50_N,T_D_pkm_ldv_c,ge,0.019977172
SK,2035,T_LDV_LTF_BEV150_N,T_D_tkm_ldv_t,ge,0.034634769
SK,2035,T_LDV_LTF_BEV200_N,T_D_tkm_ldv_t,ge,0.034634769
SK,2035,T_LDV_LTF_BEV300_N,T_D_tkm_ldv_t,ge,0.034634769
SK,2035,T_LDV_LTF_BEV400_N,T_D_tkm_ldv_t,ge,0.034634769
SK,2035,T_LDV_LTF_CNG_N,T_D_tkm_ldv_t,ge,0.034634769
SK,2035,T_LDV_LTF_DSL_EX,T_D_tkm_ldv_t,ge,0.034634769
SK,2035,T_LDV_LTF_DSL_N,T_D_tkm_ldv_t,ge,0.034634769
SK,2035,T_LDV_LTF_FCEV400_N,T_D_tkm_ldv_t,ge,0.034634769
SK,2035,T_LDV_LTF_GSL_EX,T_D_tkm_ldv_t,ge,0.034634769
SK,2035,T_LDV_LTF_GSL_HEV_N,T_D_tkm_ldv_t,ge,0.034634769
SK,2035,T_LDV_LTF_GSL_N,T_D_tkm_ldv_t,ge,0.034634769
SK,2035,T_LDV_LTF_GSL_PHEV35_EX,T_D_tkm_ldv_t,ge,0.034634769
SK,2035,T_LDV_LTF_GSL_PHEV35_N,T_D_tkm_ldv_t,ge,0.034634769
SK,2035,T_LDV_LTF_GSL_PHEV50_N,T_D_tkm_ldv_t,ge,0.034634769
SK,2035,T_LDV_LTP_BEV150_N,T_D_pkm_ldv_t,ge,0.017819434
SK,2035,T_LDV_LTP_BEV200_N,T_D_pkm_ldv_t,ge,0.017819434
SK,2035,T_LDV_LTP_BEV300_EX,T_D_pkm_ldv_t,ge,0.017819434
SK,2035,T_LDV_LTP_BEV300_N,T_D_pkm_ldv_t,ge,0.017819434
SK,2035,T_LDV_LTP_BEV400_N,T_D_pkm_ldv_t,ge,0.017819434
SK,2035,T_LDV_LTP_CNG_N,T_D_pkm_ldv_t,ge,0.017819434
SK,2035,T_LDV_LTP_DSL_EX,T_D_pkm_ldv_t,ge,0.017819434
SK,2035,T_LDV_LTP_DSL_N,T_D_pkm_ldv_t,ge,0.017819434
SK,2035,T_LDV_LTP_FCEV400_N,T_D_pkm_ldv_t,ge,0.017819434
SK,2035,T_LDV_LTP_GSL_EX,T_D_pkm_ldv_t,ge,0.017819434
SK,2035,T_LDV_LTP_GSL_HEV_EX,T_D_pkm_ldv_t,ge,0.017819434
SK,2035,T_LDV_LTP_GSL_HEV_N,T_D_pkm_ldv_t,ge,0.017819434
SK,2035,T_LDV_LTP_GSL_N,T_D_pkm_ldv_t,ge,0.017819434
SK,2035,T_LDV_LTP_GSL_PHEV35_EX,T_D_pkm_ldv_t,ge,0.017819434
SK,2035,T_LDV_LTP_GSL_PHEV35_N,T_D_pkm_ldv_t,ge,0.017819434
SK,2035,T_LDV_LTP_GSL_PHEV50_N,T_D_pkm_ldv_t,ge,0.017819434
SK,2035,T_MDV_T_BEV_N,T_D_tkm_mdv_t,ge,0.026296607
SK,2035,T_MDV_T_DSL_EX,T_D_tkm_mdv_t,ge,0.026296607
SK,2035,T_MDV_T_DSL_HEV_N,T_D_tkm_mdv_t,ge,0.026296607
SK,2035,T_MDV_T_DSL_N,T_D_tkm_mdv_t,ge,0.026296607
SK,2035,T_MDV_T_DSL_PHEV_N,T_D_tkm_mdv_t,ge,0.026296607
SK,2035,T_MDV_T_FCEV_N,T_D_tkm_mdv_t,ge,0.026296607
SK,2035,T_MDV_T_FCHEV_N,T_D_tkm_mdv_t,ge,0.026296607
SK,2040,T_HDV_T_BEV_N,T_D_tkm_hdv_t,ge,0.212233306
SK,2040,T_HDV_T_DSL_HEV_N,T_D_tkm_hdv_t,ge,0.212233306
SK,2040,T_HDV_T_DSL_N,T_D_tkm_hdv_t,ge,0.212233306
SK,2040,T_HDV_T_DSL_PHEV_N,T_D_tkm_hdv_t,ge,0.212233306
SK,2040,T_HDV_T_FCEV_N,T_D_tkm_hdv_t,ge,0.212233306
SK,2040,T_HDV_T_FCHEV_N,T_D_tkm_hdv_t,ge,0.212233306
SK,2040,T_LDV_C_BEV150_N,T_D_pkm_ldv_c,ge,0.019977172
SK,2040,T_LDV_C_BEV200_N,T_D_pkm_ldv_c,ge,0.019977172
SK,2040,T_LDV_C_BEV300_N,T_D_pkm_ldv_c,ge,0.019977172
SK,2040,T_LDV_C_BEV400_N,T_D_pkm_ldv_c,ge,0.019977172
SK,2040,T_LDV_C_CNG_N,T_D_pkm_ldv_c,ge,0.019977172
SK,2040,T_LDV_C_DSL_N,T_D_pkm_ldv_c,ge,0.019977172
SK,2040,T_LDV_C_FCEV400_N,T_D_pkm_ldv_c,ge,0.019977172
SK,2040,T_LDV_C_GSL_HEV_N,T_D_pkm_ldv_c,ge,0.019977172
SK,2040,T_LDV_C_GSL_N,T_D_pkm_ldv_c,ge,0.019977172
SK,2040,T_LDV_C_GSL_PHEV35_N,T_D_pkm_ldv_c,ge,0.019977172
SK,2040,T_LDV_C_GSL_PHEV50_N,T_D_pkm_ldv_c,ge,0.019977172
SK,2040,T_LDV_LTF_BEV150_N,T_D_tkm_ldv_t,ge,0.034634769
SK,2040,T_LDV_LTF_BEV200_N,T_D_tkm_ldv_t,ge,0.034634769
SK,2040,T_LDV_LTF_BEV300_N,T_D_tkm_ldv_t,ge,0.034634769
SK,2040,T_LDV_LTF_BEV400_N,T_D_tkm_ldv_t,ge,0.034634769
SK,2040,T_LDV_LTF_CNG_N,T_D_tkm_ldv_t,ge,0.034634769
SK,2040,T_LDV_LTF_DSL_N,T_D_tkm_ldv_t,ge,0.034634769
SK,2040,T_LDV_LTF_FCEV400_N,T_D_tkm_ldv_t,ge,0.034634769
SK,2040,T_LDV_LTF_GSL_HEV_N,T_D_tkm_ldv_t,ge,0.034634769
SK,2040,T_LDV_LTF_GSL_N,T_D_tkm_ldv_t,ge,0.034634769
SK,2040,T_LDV_LTF_GSL_PHEV35_N,T_D_tkm_ldv_t,ge,0.034634769
SK,2040,T_LDV_LTF_GSL_PHEV50_N,T_D_tkm_ldv_t,ge,0.034634769
SK,2040,T_LDV_LTP_BEV150_N,T_D_pkm_ldv_t,ge,0.017819434
SK,2040,T_LDV_LTP_BEV200_N,T_D_pkm_ldv_t,ge,0.017819434
SK,2040,T_LDV_LTP_BEV300_N,T_D_pkm_ldv_t,ge,0.017819434
SK,2040,T_LDV_LTP_BEV400_N,T_D_pkm_ldv_t,ge,0.017819434
SK,2040,T_LDV_LTP_CNG_N,T_D_pkm_ldv_t,ge,0.017819434
SK,2040,T_LDV_LTP_DSL_N,T_D_pkm_ldv_t,ge,0.017819434
SK,2040,T_LDV_LTP_FCEV400_N,T_D_pkm_ldv_t,ge,0.017819434
SK,2040,T_LDV_LTP_GSL_HEV_N,T_D_pkm_ldv_t,ge,0.017819434
SK,2040,T_LDV_LTP_GSL_N,T_D_pkm_ldv_t,ge,0.017819434
SK,2040,T_LDV_LTP_GSL_PHEV35_N,T_D_pkm_ldv_t,ge,0.017819434
SK,2040,T_LDV_LTP_GSL_PHEV50_N,T_D_pkm_ldv_t,ge,0.017819434
SK,2040,T_MDV_T_BEV_N,T_D_tkm_mdv_t,ge,0.026296607
SK,2040,T_MDV_T_DSL_HEV_N,T_D_tkm_mdv_t,ge,0.026296607
SK,2040,T_MDV_T_DSL_N,T_D_tkm_mdv_t,ge,0.026296607
SK,2040,T_MDV_T_DSL_PHEV_N,T_D_tkm_mdv_t,ge,0.026296607
SK,2040,T_MDV_T_FCEV_N,T_D_tkm_mdv_t,ge,0.026296607
SK,2040,T_MDV_T_FCHEV_N,T_D_tkm_mdv_t,ge,0.026296607
SK,2045,T_HDV_T_BEV_N,T_D_tkm_hdv_t,ge,0.212233306
SK,2045,T_HDV_T_DSL_HEV_N,T_D_tkm_hdv_t,ge,0.212233306
SK,2045,T_HDV_T_DSL_N,T_D_tkm_hdv_t,ge,0.212233306
SK,2045,T_HDV_T_DSL_PHEV_N,T_D_tkm_hdv_t,ge,0.212233306
SK,2045,T_HDV_T_FCEV_N,T_D_tkm_hdv_t,ge,0.212233306
SK,2045,T_HDV_T_FCHEV_N,T_D_tkm_hdv_t,ge,0.212233306
SK,2045,T_LDV_C_BEV150_N,T_D_pkm_ldv_c,ge,0.019977172
SK,2045,T_LDV_C_BEV200_N,T_D_pkm_ldv_c,ge,0.019977172
SK,2045,T_LDV_C_BEV300_N,T_D_pkm_ldv_c,ge,0.019977172
SK,2045,T_LDV_C_BEV400_N,T_D_pkm_ldv_c,ge,0.019977172
SK,2045,T_LDV_C_CNG_N,T_D_pkm_ldv_c,ge,0.019977172
SK,2045,T_LDV_C_DSL_N,T_D_pkm_ldv_c,ge,0.019977172
SK,2045,T_LDV_C_FCEV400_N,T_D_pkm_ldv_c,ge,0.019977172
SK,2045,T_LDV_C_GSL_HEV_N,T_D_pkm_ldv_c,ge,0.019977172
SK,2045,T_LDV_C_GSL_N,T_D_pkm_ldv_c,ge,0.019977172
SK,2045,T_LDV_C_GSL_PHEV35_N,T_D_pkm_ldv_c,ge,0.019977172
SK,2045,T_LDV_C_GSL_PHEV50_N,T_D_pkm_ldv_c,ge,0.019977172
SK,2045,T_LDV_LTF_BEV150_N,T_D_tkm_ldv_t,ge,0.034634769
SK,2045,T_LDV_LTF_BEV200_N,T_D_tkm_ldv_t,ge,0.034634769
SK,2045,T_LDV_LTF_BEV300_N,T_D_tkm_ldv_t,ge,0.034634769
SK,2045,T_LDV_LTF_BEV400_N,T_D_tkm_ldv_t,ge,0.034634769
SK,2045,T_LDV_LTF_CNG_N,T_D_tkm_ldv_t,ge,0.034634769
SK,2045,T_LDV_LTF_DSL_N,T_D_tkm_ldv_t,ge,0.034634769
SK,2045,T_LDV_LTF_FCEV400_N,T_D_tkm_ldv_t,ge,0.034634769
SK,2045,T_LDV_LTF_GSL_HEV_N,T_D_tkm_ldv_t,ge,0.034634769
SK,2045,T_LDV_LTF_GSL_N,T_D_tkm_ldv_t,ge,0.034634769
SK,2045,T_LDV_LTF_GSL_PHEV35_N,T_D_tkm_ldv_t,ge,0.034634769
SK,2045,T_LDV_LTF_GSL_PHEV50_N,T_D_tkm_ldv_t,ge,0.034634769
SK,2045,T_LDV_LTP_BEV150_N,T_D_pkm_ldv_t,ge,0.017819434
SK,2045,T_LDV_LTP_BEV200_N,T_D_pkm_ldv_t,ge,0.017819434
SK,2045,T_LDV_LTP_BEV300_N,T_D_pkm_ldv_t,ge,0.017819434
SK,2045,T_LDV_LTP_BEV400_N,T_D_pkm_ldv_t,ge,0.017819434
SK,2045,T_LDV_LTP_CNG_N,T_D_pkm_ldv_t,ge,0.017819434
SK,2045,T_LDV_LTP_DSL_N,T_D_pkm_ldv_t,ge,0.017819434
SK,2045,T_LDV_LTP_FCEV400_N,T_D_pkm_ldv_t,ge,0.017819434
SK,2045,T_LDV_LTP_GSL_HEV_N,T_D_pkm_ldv_t,ge,0.017819434
SK,2045,T_LDV_LTP_GSL_N,T_D_pkm_ldv_t,ge,0.017819434
SK,2045,T_LDV_LTP_GSL_PHEV35_N,T_D_pkm_ldv_t,ge,0.017819434
SK,2045,T_LDV_LTP_GSL_PHEV50_N,T_D_pkm_ldv_t,ge,0.017819434
SK,2045,T_MDV_T_BEV_N,T_D_tkm_mdv_t,ge,0.026296607
SK,2045,T_MDV_T_DSL_HEV_N,T_D_tkm_mdv_t,ge,0.026296607
SK,2045,T_MDV_T_DSL_N,T_D_tkm_mdv_t,ge,0.026296607
SK,2045,T_MDV_T_DSL_PHEV_N,T_D_tkm_mdv_t,ge,0.026296607
SK,2045,T_MDV_T_FCEV_N,T_D_tkm_mdv_t,ge,0.026296607
SK,2045,T_MDV_T_FCHEV_N,T_D_tkm_mdv_t,ge,0.026296607
SK,2050,T_HDV_T_BEV_N,T_D_tkm_hdv_t,ge,0.212233306
SK,2050,T_HDV_T_DSL_HEV_N,T_D_tkm_hdv_t,ge,0.212233306
SK,2050,T_HDV_T_DSL_N,T_D_tkm_hdv_t,ge,0.212233306
SK,2050,T_HDV_T_DSL_PHEV_N,T_D_tkm_hdv_t,ge,0.212233306
SK,2050,T_HDV_T_FCEV_N,T_D_tkm_hdv_t,ge,0.212233306
SK,2050,T_HDV_T_FCHEV_N,T_D_tkm_hdv_t,ge,0.212233306
SK,2050,T_LDV_C_BEV150_N,T_D_pkm_ldv_c,ge,0.019977172
SK,2050,T_LDV_C_BEV200_N,T_D_pkm_ldv_c,ge,0.019977172
SK,2050,T_LDV_C_BEV300_N,T_D_pkm_ldv_c,ge,0.019977172
SK,2050,T_LDV_C_BEV400_N,T_D_pkm_ldv_c,ge,0.019977172
SK,2050,T_LDV_C_CNG_N,T_D_pkm_ldv_c,ge,0.019977172
SK,2050,T_LDV_C_DSL_N,T_D_pkm_ldv_c,ge,0.019977172
SK,2050,T_LDV_C_FCEV400_N,T_D_pkm_ldv_c,ge,0.019977172
SK,2050,T_LDV_C_GSL_HEV_N,T_D_pkm_ldv_c,ge,0.019977172
SK,2050,T_LDV_C_GSL_N,T_D_pkm_ldv_c,ge,0.019977172
SK,2050,T_LDV_C_GSL_PHEV35_N,T_D_pkm_ldv_c,ge,0.019977172
SK,2050,T_LDV_C_GSL_PHEV50_N,T_D_pkm_ldv_c,ge,0.019977172
SK,2050,T_LDV_LTF_BEV150_N,T_D_tkm_ldv_t,ge,0.034634769
SK,2050,T_LDV_LTF_BEV200_N,T_D_tkm_ldv_t,ge,0.034634769
SK,2050,T_LDV_LTF_BEV300_N,T_D_tkm_ldv_t,ge,0.034634769
SK,2050,T_LDV_LTF_BEV400_N,T_D_tkm_ldv_t,ge,0.034634769
SK,2050,T_LDV_LTF_CNG_N,T_D_tkm_ldv_t,ge,0.034634769
SK,2050,T_LDV_LTF_DSL_N,T_D_tkm_ldv_t,ge,0.034634769
SK,2050,T_LDV_LTF_FCEV400_N,T_D_tkm_ldv_t,ge,0.034634769
SK,2050,T_LDV_LTF_GSL_HEV_N,T_D_tkm_ldv_t,ge,0.034634769
SK,2050,T_LDV_LTF_GSL_N,T_D_tkm_ldv_t,ge,0.034634769
SK,2050,T_LDV_LTF_GSL_PHEV35_N,T_D_tkm_ldv_t,ge,0.034634769
SK,2050,T_LDV_LTF_GSL_PHEV50_N,T_D_tkm_ldv_t,ge,0.034634769
SK,2050,T_LDV_LTP_BEV150_N,T_D_pkm_ldv_t,ge,0.017819434
SK,2050,T_LDV_LTP_BEV200_N,T_D_pkm_ldv_t,ge,0.017819434
SK,2050,T_LDV_LTP_BEV300_N,T_D_pkm_ldv_t,ge,0.017819434
SK,2050,T_LDV_LTP_BEV400_N,T_D_pkm_ldv_t,ge,0.017819434
SK,2050,T_LDV_LTP_CNG_N,T_D_pkm_ldv_t,ge,0.017819434
SK,2050,T_LDV_LTP_DSL_N,T_D_pkm_ldv_t,ge,0.017819434
SK,2050,T_LDV_LTP_FCEV400_N,T_D_pkm_ldv_t,ge,0.017819434
SK,2050,T_LDV_LTP_GSL_HEV_N,T_D_pkm_ldv_t,ge,0.017819434
SK,2050,T_LDV_LTP_GSL_N,T_D_pkm_ldv_t,ge,0.017819434
SK,2050,T_LDV_LTP_GSL_PHEV35_N,T_D_pkm_ldv_t,ge,0.017819434
SK,2050,T_LDV_LTP_GSL_PHEV50_N,T_D_pkm_ldv_t,ge,0.017819434
SK,2050,T_MDV_T_BEV_N,T_D_tkm_mdv_t,ge,0.026296607
SK,2050,T_MDV_T_DSL_HEV_N,T_D_tkm_mdv_t,ge,0.026296607
SK,2050,T_MDV_T_DSL_N,T_D_tkm_mdv_t,ge,0.026296607
SK,2050,T_MDV_T_DSL_PHEV_N,T_D_tkm_mdv_t,ge,0.026296607
SK,2050,T_MDV_T_FCEV_N,T_D_tkm_mdv_t,ge,0.026296607
SK,2050,T_MDV_T_FCHEV_N,T_D_tkm_mdv_t,ge,0.026296607
