region,tech,c2a,notes_x,data_source_x,dq_cred_x,dq_geog_x,dq_struc_x,dq_tech_x,dq_time_x,data_id_x,vintage,output_comm,operator,factor,notes_y,data_source_y,dq_cred_y,dq_geog_y,dq_struc_y,dq_tech_y,dq_time_y,data_id_y,capacity,virtual_demand,demand_type
ON,T_HDV_T_DSL,9.75,"An estimate of how much activity a unit of capacity can deliver in a year. Assuming this vehicle class can be driven at an avg. speed of 50 km/h carrying 30 tonnes of payload for 6,500 hours each year. ",,,,,,,TRPHRON002,2000,T_D_tkm_hdv_t,le,0.0611921874666759,,,,,,,,TRPHRON002,12.056,7.192896867957885,T_D_tkm_hdv
ON,T_HDV_T_DSL,9.75,"An estimate of how much activity a unit of capacity can deliver in a year. Assuming this vehicle class can be driven at an avg. speed of 50 km/h carrying 30 tonnes of payload for 6,500 hours each year. ",,,,,,,TRPHRON002,2000,T_D_tkm_hdv_t,le,0.0611921874666759,,,,,,,,TRPHRON002,11.93544,7.120967899278306,T_D_tkm_hdv
ON,T_HDV_T_DSL,9.75,"An estimate of how much activity a unit of capacity can deliver in a year. Assuming this vehicle class can be driven at an avg. speed of 50 km/h carrying 30 tonnes of payload for 6,500 hours each year. ",,,,,,,TRPHRON002,2000,T_D_tkm_hdv_t,le,0.0611921874666759,,,,,,,,TRPHRON002,10.488719999999999,6.25782027512336,T_D_tkm_hdv
ON,T_HDV_T_DSL,9.75,"An estimate of how much activity a unit of capacity can deliver in a year. Assuming this vehicle class can be driven at an avg. speed of 50 km/h carrying 30 tonnes of payload for 6,500 hours each year. ",,,,,,,TRPHRON002,2000,T_D_tkm_hdv_t,le,0.0611921874666759,,,,,,,,TRPHRON002,8.318639999999998,4.96309883889094,T_D_tkm_hdv
ON,T_HDV_T_DSL,9.75,"An estimate of how much activity a unit of capacity can deliver in a year. Assuming this vehicle class can be driven at an avg. speed of 50 km/h carrying 30 tonnes of payload for 6,500 hours each year. ",,,,,,,TRPHRON002,2000,T_D_tkm_hdv_t,le,0.0611921874666759,,,,,,,,TRPHRON002,5.786879999999999,3.4525904966197847,T_D_tkm_hdv
ON,T_HDV_T_DSL,9.75,"An estimate of how much activity a unit of capacity can deliver in a year. Assuming this vehicle class can be driven at an avg. speed of 50 km/h carrying 30 tonnes of payload for 6,500 hours each year. ",,,,,,,TRPHRON002,2005,T_D_tkm_hdv_t,le,0.0611921874666759,,,,,,,,TRPHRON002,39.534,23.586926408248758,T_D_tkm_hdv
ON,T_HDV_T_DSL,9.75,"An estimate of how much activity a unit of capacity can deliver in a year. Assuming this vehicle class can be driven at an avg. speed of 50 km/h carrying 30 tonnes of payload for 6,500 hours each year. ",,,,,,,TRPHRON002,2005,T_D_tkm_hdv_t,le,0.0611921874666759,,,,,,,,TRPHRON002,39.13866,23.351057144166273,T_D_tkm_hdv
ON,T_HDV_T_DSL,9.75,"An estimate of how much activity a unit of capacity can deliver in a year. Assuming this vehicle class can be driven at an avg. speed of 50 km/h carrying 30 tonnes of payload for 6,500 hours each year. ",,,,,,,TRPHRON002,2005,T_D_tkm_hdv_t,le,0.0611921874666759,,,,,,,,TRPHRON002,34.39458,20.52062597517642,T_D_tkm_hdv
ON,T_HDV_T_DSL,9.75,"An estimate of how much activity a unit of capacity can deliver in a year. Assuming this vehicle class can be driven at an avg. speed of 50 km/h carrying 30 tonnes of payload for 6,500 hours each year. ",,,,,,,TRPHRON002,2005,T_D_tkm_hdv_t,le,0.0611921874666759,,,,,,,,TRPHRON002,27.278459999999995,16.27497922169164,T_D_tkm_hdv
ON,T_HDV_T_DSL,9.75,"An estimate of how much activity a unit of capacity can deliver in a year. Assuming this vehicle class can be driven at an avg. speed of 50 km/h carrying 30 tonnes of payload for 6,500 hours each year. ",,,,,,,TRPHRON002,2010,T_D_tkm_hdv_t,le,0.0611921874666759,,,,,,,,TRPHRON002,47.424,28.29428840959147,T_D_tkm_hdv
ON,T_HDV_T_DSL,9.75,"An estimate of how much activity a unit of capacity can deliver in a year. Assuming this vehicle class can be driven at an avg. speed of 50 km/h carrying 30 tonnes of payload for 6,500 hours each year. ",,,,,,,TRPHRON002,2010,T_D_tkm_hdv_t,le,0.0611921874666759,,,,,,,,TRPHRON002,46.94976,28.011345525495553,T_D_tkm_hdv
ON,T_HDV_T_DSL,9.75,"An estimate of how much activity a unit of capacity can deliver in a year. Assuming this vehicle class can be driven at an avg. speed of 50 km/h carrying 30 tonnes of payload for 6,500 hours each year. ",,,,,,,TRPHRON002,2010,T_D_tkm_hdv_t,le,0.0611921874666759,,,,,,,,TRPHRON002,41.25888,24.616030916344577,T_D_tkm_hdv
ON,T_HDV_T_DSL,9.75,"An estimate of how much activity a unit of capacity can deliver in a year. Assuming this vehicle class can be driven at an avg. speed of 50 km/h carrying 30 tonnes of payload for 6,500 hours each year. ",,,,,,,TRPHRON002,2015,T_D_tkm_hdv_t,le,0.0611921874666759,,,,,,,,TRPHRON002,59.437,35.46153045295395,T_D_tkm_hdv
ON,T_HDV_T_DSL,9.75,"An estimate of how much activity a unit of capacity can deliver in a year. Assuming this vehicle class can be driven at an avg. speed of 50 km/h carrying 30 tonnes of payload for 6,500 hours each year. ",,,,,,,TRPHRON002,2015,T_D_tkm_hdv_t,le,0.0611921874666759,,,,,,,,TRPHRON002,58.84263,35.10691514842441,T_D_tkm_hdv
ON,T_HDV_T_DSL,9.75,"An estimate of how much activity a unit of capacity can deliver in a year. Assuming this vehicle class can be driven at an avg. speed of 50 km/h carrying 30 tonnes of payload for 6,500 hours each year. ",,,,,,,TRPHRON002,2020,T_D_tkm_hdv_t,le,0.0611921874666759,,,,,,,,TRPHRON002,63.337,37.7883633813743,T_D_tkm_hdv
ON,T_HDV_T_DSL,9.75,"An estimate of how much activity a unit of capacity can deliver in a year. Assuming this vehicle class can be driven at an avg. speed of 50 km/h carrying 30 tonnes of payload for 6,500 hours each year. ",,,,,,,TRPHRON002,2000,T_D_tkm_hdv_t,ge,0.0582072027122039,,,,,,,,TRPHRON002,12.056,6.84202385000872,T_D_tkm_hdv
ON,T_HDV_T_DSL,9.75,"An estimate of how much activity a unit of capacity can deliver in a year. Assuming this vehicle class can be driven at an avg. speed of 50 km/h carrying 30 tonnes of payload for 6,500 hours each year. ",,,,,,,TRPHRON002,2000,T_D_tkm_hdv_t,ge,0.0582072027122039,,,,,,,,TRPHRON002,11.93544,6.773603611508633,T_D_tkm_hdv
ON,T_HDV_T_DSL,9.75,"An estimate of how much activity a unit of capacity can deliver in a year. Assuming this vehicle class can be driven at an avg. speed of 50 km/h carrying 30 tonnes of payload for 6,500 hours each year. ",,,,,,,TRPHRON002,2000,T_D_tkm_hdv_t,ge,0.0582072027122039,,,,,,,,TRPHRON002,10.488719999999999,5.952560749507586,T_D_tkm_hdv
ON,T_HDV_T_DSL,9.75,"An estimate of how much activity a unit of capacity can deliver in a year. Assuming this vehicle class can be driven at an avg. speed of 50 km/h carrying 30 tonnes of payload for 6,500 hours each year. ",,,,,,,TRPHRON002,2000,T_D_tkm_hdv_t,ge,0.0582072027122039,,,,,,,,TRPHRON002,8.318639999999998,4.720996456506016,T_D_tkm_hdv
ON,T_HDV_T_DSL,9.75,"An estimate of how much activity a unit of capacity can deliver in a year. Assuming this vehicle class can be driven at an avg. speed of 50 km/h carrying 30 tonnes of payload for 6,500 hours each year. ",,,,,,,TRPHRON002,2000,T_D_tkm_hdv_t,ge,0.0582072027122039,,,,,,,,TRPHRON002,5.786879999999999,3.284171448004185,T_D_tkm_hdv
ON,T_HDV_T_DSL,9.75,"An estimate of how much activity a unit of capacity can deliver in a year. Assuming this vehicle class can be driven at an avg. speed of 50 km/h carrying 30 tonnes of payload for 6,500 hours each year. ",,,,,,,TRPHRON002,2005,T_D_tkm_hdv_t,ge,0.0582072027122039,,,,,,,,TRPHRON002,39.534,22.436344632236622,T_D_tkm_hdv
ON,T_HDV_T_DSL,9.75,"An estimate of how much activity a unit of capacity can deliver in a year. Assuming this vehicle class can be driven at an avg. speed of 50 km/h carrying 30 tonnes of payload for 6,500 hours each year. ",,,,,,,TRPHRON002,2005,T_D_tkm_hdv_t,ge,0.0582072027122039,,,,,,,,TRPHRON002,39.13866,22.211981185914258,T_D_tkm_hdv
ON,T_HDV_T_DSL,9.75,"An estimate of how much activity a unit of capacity can deliver in a year. Assuming this vehicle class can be driven at an avg. speed of 50 km/h carrying 30 tonnes of payload for 6,500 hours each year. ",,,,,,,TRPHRON002,2005,T_D_tkm_hdv_t,ge,0.0582072027122039,,,,,,,,TRPHRON002,34.39458,19.519619830045862,T_D_tkm_hdv
ON,T_HDV_T_DSL,9.75,"An estimate of how much activity a unit of capacity can deliver in a year. Assuming this vehicle class can be driven at an avg. speed of 50 km/h carrying 30 tonnes of payload for 6,500 hours each year. ",,,,,,,TRPHRON002,2005,T_D_tkm_hdv_t,ge,0.0582072027122039,,,,,,,,TRPHRON002,27.278459999999995,15.481077796243268,T_D_tkm_hdv
ON,T_HDV_T_DSL,9.75,"An estimate of how much activity a unit of capacity can deliver in a year. Assuming this vehicle class can be driven at an avg. speed of 50 km/h carrying 30 tonnes of payload for 6,500 hours each year. ",,,,,,,TRPHRON002,2010,T_D_tkm_hdv_t,ge,0.0582072027122039,,,,,,,,TRPHRON002,47.424,26.91407921887969,T_D_tkm_hdv
ON,T_HDV_T_DSL,9.75,"An estimate of how much activity a unit of capacity can deliver in a year. Assuming this vehicle class can be driven at an avg. speed of 50 km/h carrying 30 tonnes of payload for 6,500 hours each year. ",,,,,,,TRPHRON002,2010,T_D_tkm_hdv_t,ge,0.0582072027122039,,,,,,,,TRPHRON002,46.94976,26.64493842669089,T_D_tkm_hdv
ON,T_HDV_T_DSL,9.75,"An estimate of how much activity a unit of capacity can deliver in a year. Assuming this vehicle class can be driven at an avg. speed of 50 km/h carrying 30 tonnes of payload for 6,500 hours each year. ",,,,,,,TRPHRON002,2010,T_D_tkm_hdv_t,ge,0.0582072027122039,,,,,,,,TRPHRON002,41.25888,23.415248920425327,T_D_tkm_hdv
ON,T_HDV_T_DSL,9.75,"An estimate of how much activity a unit of capacity can deliver in a year. Assuming this vehicle class can be driven at an avg. speed of 50 km/h carrying 30 tonnes of payload for 6,500 hours each year. ",,,,,,,TRPHRON002,2015,T_D_tkm_hdv_t,ge,0.0582072027122039,,,,,,,,TRPHRON002,59.437,33.731699699151314,T_D_tkm_hdv
ON,T_HDV_T_DSL,9.75,"An estimate of how much activity a unit of capacity can deliver in a year. Assuming this vehicle class can be driven at an avg. speed of 50 km/h carrying 30 tonnes of payload for 6,500 hours each year. ",,,,,,,TRPHRON002,2015,T_D_tkm_hdv_t,ge,0.0582072027122039,,,,,,,,TRPHRON002,58.84263,33.3943827021598,T_D_tkm_hdv
ON,T_HDV_T_DSL,9.75,"An estimate of how much activity a unit of capacity can deliver in a year. Assuming this vehicle class can be driven at an avg. speed of 50 km/h carrying 30 tonnes of payload for 6,500 hours each year. ",,,,,,,TRPHRON002,2020,T_D_tkm_hdv_t,ge,0.0582072027122039,,,,,,,,TRPHRON002,63.337,35.94502858228287,T_D_tkm_hdv
ON,T_LDV_C_BEV150,1.3,"An estimate of how much activity a unit of capacity can deliver in a year. Assuming this vehicle class can be driven at an avg. speed of 50 km/h carrying 4 passengers for 6,500 hours each year. ",,,,,,,TRPHRON002,2010,T_D_pkm_ldv_c,le,0.0400914174124851,,,,,,,,TRPHRON002,3.297716758021438,0.17187318077017996,T_D_pkm_ldv
ON,T_LDV_C_BEV150,1.3,"An estimate of how much activity a unit of capacity can deliver in a year. Assuming this vehicle class can be driven at an avg. speed of 50 km/h carrying 4 passengers for 6,500 hours each year. ",,,,,,,TRPHRON002,2010,T_D_pkm_ldv_c,le,0.0400914174124851,,,,,,,,TRPHRON002,3.1987852552807947,0.16671698534707455,T_D_pkm_ldv
ON,T_LDV_C_BEV150,1.3,"An estimate of how much activity a unit of capacity can deliver in a year. Assuming this vehicle class can be driven at an avg. speed of 50 km/h carrying 4 passengers for 6,500 hours each year. ",,,,,,,TRPHRON002,2010,T_D_pkm_ldv_c,le,0.0400914174124851,,,,,,,,TRPHRON002,2.8360364118984367,0.14781093546235477,T_D_pkm_ldv
ON,T_LDV_C_BEV150,1.3,"An estimate of how much activity a unit of capacity can deliver in a year. Assuming this vehicle class can be driven at an avg. speed of 50 km/h carrying 4 passengers for 6,500 hours each year. ",,,,,,,TRPHRON002,2015,T_D_pkm_ldv_c,le,0.0400914174124851,,,,,,,,TRPHRON002,22.883207235037915,1.1926462768951953,T_D_pkm_ldv
ON,T_LDV_C_BEV150,1.3,"An estimate of how much activity a unit of capacity can deliver in a year. Assuming this vehicle class can be driven at an avg. speed of 50 km/h carrying 4 passengers for 6,500 hours each year. ",,,,,,,TRPHRON002,2015,T_D_pkm_ldv_c,le,0.0400914174124851,,,,,,,,TRPHRON002,22.196711017986775,1.1568668885883393,T_D_pkm_ldv
ON,T_LDV_C_BEV150,1.3,"An estimate of how much activity a unit of capacity can deliver in a year. Assuming this vehicle class can be driven at an avg. speed of 50 km/h carrying 4 passengers for 6,500 hours each year. ",,,,,,,TRPHRON002,2020,T_D_pkm_ldv_c,le,0.0400914174124851,,,,,,,,TRPHRON002,69.85786656401409,3.6409111543526476,T_D_pkm_ldv
ON,T_LDV_C_BEV150,1.3,"An estimate of how much activity a unit of capacity can deliver in a year. Assuming this vehicle class can be driven at an avg. speed of 50 km/h carrying 4 passengers for 6,500 hours each year. ",,,,,,,TRPHRON002,2010,T_D_pkm_ldv_c,ge,0.0381357385143151,,,,,,,,TRPHRON002,3.297716758021438,0.16348912317163464,T_D_pkm_ldv
ON,T_LDV_C_BEV150,1.3,"An estimate of how much activity a unit of capacity can deliver in a year. Assuming this vehicle class can be driven at an avg. speed of 50 km/h carrying 4 passengers for 6,500 hours each year. ",,,,,,,TRPHRON002,2010,T_D_pkm_ldv_c,ge,0.0381357385143151,,,,,,,,TRPHRON002,3.1987852552807947,0.1585844494764856,T_D_pkm_ldv
ON,T_LDV_C_BEV150,1.3,"An estimate of how much activity a unit of capacity can deliver in a year. Assuming this vehicle class can be driven at an avg. speed of 50 km/h carrying 4 passengers for 6,500 hours each year. ",,,,,,,TRPHRON002,2010,T_D_pkm_ldv_c,ge,0.0381357385143151,,,,,,,,TRPHRON002,2.8360364118984367,0.1406006459276058,T_D_pkm_ldv
ON,T_LDV_C_BEV150,1.3,"An estimate of how much activity a unit of capacity can deliver in a year. Assuming this vehicle class can be driven at an avg. speed of 50 km/h carrying 4 passengers for 6,500 hours each year. ",,,,,,,TRPHRON002,2015,T_D_pkm_ldv_c,ge,0.0381357385143151,,,,,,,,TRPHRON002,22.883207235037915,1.1344684097295763,T_D_pkm_ldv
ON,T_LDV_C_BEV150,1.3,"An estimate of how much activity a unit of capacity can deliver in a year. Assuming this vehicle class can be driven at an avg. speed of 50 km/h carrying 4 passengers for 6,500 hours each year. ",,,,,,,TRPHRON002,2015,T_D_pkm_ldv_c,ge,0.0381357385143151,,,,,,,,TRPHRON002,22.196711017986775,1.100434357437689,T_D_pkm_ldv
ON,T_LDV_C_BEV150,1.3,"An estimate of how much activity a unit of capacity can deliver in a year. Assuming this vehicle class can be driven at an avg. speed of 50 km/h carrying 4 passengers for 6,500 hours each year. ",,,,,,,TRPHRON002,2020,T_D_pkm_ldv_c,ge,0.0381357385143151,,,,,,,,TRPHRON002,69.85786656401409,3.4633057321891045,T_D_pkm_ldv
ON,T_LDV_C_DSL,1.3,"An estimate of how much activity a unit of capacity can deliver in a year. Assuming this vehicle class can be driven at an avg. speed of 50 km/h carrying 4 passengers for 6,500 hours each year. ",,,,,,,TRPHRON002,2005,T_D_pkm_ldv_c,le,0.0400914174124851,,,,,,,,TRPHRON002,35.243159999999996,1.8368327100434976,T_D_pkm_ldv
ON,T_LDV_C_DSL,1.3,"An estimate of how much activity a unit of capacity can deliver in a year. Assuming this vehicle class can be driven at an avg. speed of 50 km/h carrying 4 passengers for 6,500 hours each year. ",,,,,,,TRPHRON002,2005,T_D_pkm_ldv_c,le,0.0400914174124851,,,,,,,,TRPHRON002,34.185865199999995,1.7817277287421927,T_D_pkm_ldv
ON,T_LDV_C_DSL,1.3,"An estimate of how much activity a unit of capacity can deliver in a year. Assuming this vehicle class can be driven at an avg. speed of 50 km/h carrying 4 passengers for 6,500 hours each year. ",,,,,,,TRPHRON002,2005,T_D_pkm_ldv_c,le,0.0400914174124851,,,,,,,,TRPHRON002,30.309117599999997,1.579676130637408,T_D_pkm_ldv
ON,T_LDV_C_DSL,1.3,"An estimate of how much activity a unit of capacity can deliver in a year. Assuming this vehicle class can be driven at an avg. speed of 50 km/h carrying 4 passengers for 6,500 hours each year. ",,,,,,,TRPHRON002,2005,T_D_pkm_ldv_c,le,0.0400914174124851,,,,,,,,TRPHRON002,17.974011599999997,0.9367846821221838,T_D_pkm_ldv
ON,T_LDV_C_DSL,1.3,"An estimate of how much activity a unit of capacity can deliver in a year. Assuming this vehicle class can be driven at an avg. speed of 50 km/h carrying 4 passengers for 6,500 hours each year. ",,,,,,,TRPHRON002,2010,T_D_pkm_ldv_c,le,0.0400914174124851,,,,,,,,TRPHRON002,39.286788886065146,2.0475819676356437,T_D_pkm_ldv
ON,T_LDV_C_DSL,1.3,"An estimate of how much activity a unit of capacity can deliver in a year. Assuming this vehicle class can be driven at an avg. speed of 50 km/h carrying 4 passengers for 6,500 hours each year. ",,,,,,,TRPHRON002,2010,T_D_pkm_ldv_c,le,0.0400914174124851,,,,,,,,TRPHRON002,38.10818521948319,1.9861545086065744,T_D_pkm_ldv
ON,T_LDV_C_DSL,1.3,"An estimate of how much activity a unit of capacity can deliver in a year. Assuming this vehicle class can be driven at an avg. speed of 50 km/h carrying 4 passengers for 6,500 hours each year. ",,,,,,,TRPHRON002,2010,T_D_pkm_ldv_c,le,0.0400914174124851,,,,,,,,TRPHRON002,33.78663844201603,1.7609204921666537,T_D_pkm_ldv
ON,T_LDV_C_DSL,1.3,"An estimate of how much activity a unit of capacity can deliver in a year. Assuming this vehicle class can be driven at an avg. speed of 50 km/h carrying 4 passengers for 6,500 hours each year. ",,,,,,,TRPHRON002,2015,T_D_pkm_ldv_c,le,0.0400914174124851,,,,,,,,TRPHRON002,2.7100935828750123,0.14124694097532123,T_D_pkm_ldv
ON,T_LDV_C_DSL,1.3,"An estimate of how much activity a unit of capacity can deliver in a year. Assuming this vehicle class can be driven at an avg. speed of 50 km/h carrying 4 passengers for 6,500 hours each year. ",,,,,,,TRPHRON002,2015,T_D_pkm_ldv_c,le,0.0400914174124851,,,,,,,,TRPHRON002,2.628790775388762,0.1370095327460616,T_D_pkm_ldv
ON,T_LDV_C_DSL,1.3,"An estimate of how much activity a unit of capacity can deliver in a year. Assuming this vehicle class can be driven at an avg. speed of 50 km/h carrying 4 passengers for 6,500 hours each year. ",,,,,,,TRPHRON002,2020,T_D_pkm_ldv_c,le,0.0400914174124851,,,,,,,,TRPHRON002,0.0012414831603704,6.470466547087515e-05,T_D_pkm_ldv
ON,T_LDV_C_DSL,1.3,"An estimate of how much activity a unit of capacity can deliver in a year. Assuming this vehicle class can be driven at an avg. speed of 50 km/h carrying 4 passengers for 6,500 hours each year. ",,,,,,,TRPHRON002,2005,T_D_pkm_ldv_c,ge,0.0381357385143151,,,,,,,,TRPHRON002,35.243159999999996,1.7472311144316202,T_D_pkm_ldv
ON,T_LDV_C_DSL,1.3,"An estimate of how much activity a unit of capacity can deliver in a year. Assuming this vehicle class can be driven at an avg. speed of 50 km/h carrying 4 passengers for 6,500 hours each year. ",,,,,,,TRPHRON002,2005,T_D_pkm_ldv_c,ge,0.0381357385143151,,,,,,,,TRPHRON002,34.185865199999995,1.6948141809986714,T_D_pkm_ldv
ON,T_LDV_C_DSL,1.3,"An estimate of how much activity a unit of capacity can deliver in a year. Assuming this vehicle class can be driven at an avg. speed of 50 km/h carrying 4 passengers for 6,500 hours each year. ",,,,,,,TRPHRON002,2005,T_D_pkm_ldv_c,ge,0.0381357385143151,,,,,,,,TRPHRON002,30.309117599999997,1.5026187584111934,T_D_pkm_ldv
ON,T_LDV_C_DSL,1.3,"An estimate of how much activity a unit of capacity can deliver in a year. Assuming this vehicle class can be driven at an avg. speed of 50 km/h carrying 4 passengers for 6,500 hours each year. ",,,,,,,TRPHRON002,2005,T_D_pkm_ldv_c,ge,0.0381357385143151,,,,,,,,TRPHRON002,17.974011599999997,0.8910878683601262,T_D_pkm_ldv
ON,T_LDV_C_DSL,1.3,"An estimate of how much activity a unit of capacity can deliver in a year. Assuming this vehicle class can be driven at an avg. speed of 50 km/h carrying 4 passengers for 6,500 hours each year. ",,,,,,,TRPHRON002,2010,T_D_pkm_ldv_c,ge,0.0381357385143151,,,,,,,,TRPHRON002,39.286788886065146,1.9476999204339056,T_D_pkm_ldv
ON,T_LDV_C_DSL,1.3,"An estimate of how much activity a unit of capacity can deliver in a year. Assuming this vehicle class can be driven at an avg. speed of 50 km/h carrying 4 passengers for 6,500 hours each year. ",,,,,,,TRPHRON002,2010,T_D_pkm_ldv_c,ge,0.0381357385143151,,,,,,,,TRPHRON002,38.10818521948319,1.8892689228208883,T_D_pkm_ldv
ON,T_LDV_C_DSL,1.3,"An estimate of how much activity a unit of capacity can deliver in a year. Assuming this vehicle class can be driven at an avg. speed of 50 km/h carrying 4 passengers for 6,500 hours each year. ",,,,,,,TRPHRON002,2010,T_D_pkm_ldv_c,ge,0.0381357385143151,,,,,,,,TRPHRON002,33.78663844201603,1.6750219315731587,T_D_pkm_ldv
ON,T_LDV_C_DSL,1.3,"An estimate of how much activity a unit of capacity can deliver in a year. Assuming this vehicle class can be driven at an avg. speed of 50 km/h carrying 4 passengers for 6,500 hours each year. ",,,,,,,TRPHRON002,2015,T_D_pkm_ldv_c,ge,0.0381357385143151,,,,,,,,TRPHRON002,2.7100935828750123,0.13435684629359826,T_D_pkm_ldv
ON,T_LDV_C_DSL,1.3,"An estimate of how much activity a unit of capacity can deliver in a year. Assuming this vehicle class can be driven at an avg. speed of 50 km/h carrying 4 passengers for 6,500 hours each year. ",,,,,,,TRPHRON002,2015,T_D_pkm_ldv_c,ge,0.0381357385143151,,,,,,,,TRPHRON002,2.628790775388762,0.13032614090479033,T_D_pkm_ldv
ON,T_LDV_C_DSL,1.3,"An estimate of how much activity a unit of capacity can deliver in a year. Assuming this vehicle class can be driven at an avg. speed of 50 km/h carrying 4 passengers for 6,500 hours each year. ",,,,,,,TRPHRON002,2020,T_D_pkm_ldv_c,ge,0.0381357385143151,,,,,,,,TRPHRON002,0.0012414831603704,6.154834032595443e-05,T_D_pkm_ldv
ON,T_LDV_C_GSL,1.3,"An estimate of how much activity a unit of capacity can deliver in a year. Assuming this vehicle class can be driven at an avg. speed of 50 km/h carrying 4 passengers for 6,500 hours each year. ",,,,,,,TRPHRON002,2005,T_D_pkm_ldv_c,le,0.0400914174124851,,,,,,,,TRPHRON002,1139.52884,59.39092429140643,T_D_pkm_ldv
ON,T_LDV_C_GSL,1.3,"An estimate of how much activity a unit of capacity can deliver in a year. Assuming this vehicle class can be driven at an avg. speed of 50 km/h carrying 4 passengers for 6,500 hours each year. ",,,,,,,TRPHRON002,2005,T_D_pkm_ldv_c,le,0.0400914174124851,,,,,,,,TRPHRON002,1105.3429747999999,57.60919656266423,T_D_pkm_ldv
ON,T_LDV_C_GSL,1.3,"An estimate of how much activity a unit of capacity can deliver in a year. Assuming this vehicle class can be driven at an avg. speed of 50 km/h carrying 4 passengers for 6,500 hours each year. ",,,,,,,TRPHRON002,2005,T_D_pkm_ldv_c,le,0.0400914174124851,,,,,,,,TRPHRON002,979.9948023999999,51.07619489060953,T_D_pkm_ldv
ON,T_LDV_C_GSL,1.3,"An estimate of how much activity a unit of capacity can deliver in a year. Assuming this vehicle class can be driven at an avg. speed of 50 km/h carrying 4 passengers for 6,500 hours each year. ",,,,,,,TRPHRON002,2005,T_D_pkm_ldv_c,le,0.0400914174124851,,,,,,,,TRPHRON002,581.1597084,30.28937138861728,T_D_pkm_ldv
ON,T_LDV_C_GSL,1.3,"An estimate of how much activity a unit of capacity can deliver in a year. Assuming this vehicle class can be driven at an avg. speed of 50 km/h carrying 4 passengers for 6,500 hours each year. ",,,,,,,TRPHRON002,2010,T_D_pkm_ldv_c,le,0.0400914174124851,,,,,,,,TRPHRON002,1321.0211698728288,68.85009447173125,T_D_pkm_ldv
ON,T_LDV_C_GSL,1.3,"An estimate of how much activity a unit of capacity can deliver in a year. Assuming this vehicle class can be driven at an avg. speed of 50 km/h carrying 4 passengers for 6,500 hours each year. ",,,,,,,TRPHRON002,2010,T_D_pkm_ldv_c,le,0.0400914174124851,,,,,,,,TRPHRON002,1281.3905347766438,66.78459163757931,T_D_pkm_ldv
ON,T_LDV_C_GSL,1.3,"An estimate of how much activity a unit of capacity can deliver in a year. Assuming this vehicle class can be driven at an avg. speed of 50 km/h carrying 4 passengers for 6,500 hours each year. ",,,,,,,TRPHRON002,2010,T_D_pkm_ldv_c,le,0.0400914174124851,,,,,,,,TRPHRON002,1136.0782060906326,59.211081245688874,T_D_pkm_ldv
ON,T_LDV_C_GSL,1.3,"An estimate of how much activity a unit of capacity can deliver in a year. Assuming this vehicle class can be driven at an avg. speed of 50 km/h carrying 4 passengers for 6,500 hours each year. ",,,,,,,TRPHRON002,2015,T_D_pkm_ldv_c,le,0.0400914174124851,,,,,,,,TRPHRON002,1092.8944017225272,56.960391341393816,T_D_pkm_ldv
ON,T_LDV_C_GSL,1.3,"An estimate of how much activity a unit of capacity can deliver in a year. Assuming this vehicle class can be driven at an avg. speed of 50 km/h carrying 4 passengers for 6,500 hours each year. ",,,,,,,TRPHRON002,2015,T_D_pkm_ldv_c,le,0.0400914174124851,,,,,,,,TRPHRON002,1060.1075696708513,55.251579601151995,T_D_pkm_ldv
ON,T_LDV_C_GSL,1.3,"An estimate of how much activity a unit of capacity can deliver in a year. Assuming this vehicle class can be driven at an avg. speed of 50 km/h carrying 4 passengers for 6,500 hours each year. ",,,,,,,TRPHRON002,2020,T_D_pkm_ldv_c,le,0.0400914174124851,,,,,,,,TRPHRON002,586.8725320032931,30.58711714300586,T_D_pkm_ldv
ON,T_LDV_C_GSL,1.3,"An estimate of how much activity a unit of capacity can deliver in a year. Assuming this vehicle class can be driven at an avg. speed of 50 km/h carrying 4 passengers for 6,500 hours each year. ",,,,,,,TRPHRON002,2005,T_D_pkm_ldv_c,ge,0.0381357385143151,,,,,,,,TRPHRON002,1139.52884,56.493806033289054,T_D_pkm_ldv
ON,T_LDV_C_GSL,1.3,"An estimate of how much activity a unit of capacity can deliver in a year. Assuming this vehicle class can be driven at an avg. speed of 50 km/h carrying 4 passengers for 6,500 hours each year. ",,,,,,,TRPHRON002,2005,T_D_pkm_ldv_c,ge,0.0381357385143151,,,,,,,,TRPHRON002,1105.3429747999999,54.79899185229038,T_D_pkm_ldv
ON,T_LDV_C_GSL,1.3,"An estimate of how much activity a unit of capacity can deliver in a year. Assuming this vehicle class can be driven at an avg. speed of 50 km/h carrying 4 passengers for 6,500 hours each year. ",,,,,,,TRPHRON002,2005,T_D_pkm_ldv_c,ge,0.0381357385143151,,,,,,,,TRPHRON002,979.9948023999999,48.584673188628585,T_D_pkm_ldv
ON,T_LDV_C_GSL,1.3,"An estimate of how much activity a unit of capacity can deliver in a year. Assuming this vehicle class can be driven at an avg. speed of 50 km/h carrying 4 passengers for 6,500 hours each year. ",,,,,,,TRPHRON002,2005,T_D_pkm_ldv_c,ge,0.0381357385143151,,,,,,,,TRPHRON002,581.1597084,28.81184107697742,T_D_pkm_ldv
ON,T_LDV_C_GSL,1.3,"An estimate of how much activity a unit of capacity can deliver in a year. Assuming this vehicle class can be driven at an avg. speed of 50 km/h carrying 4 passengers for 6,500 hours each year. ",,,,,,,TRPHRON002,2010,T_D_pkm_ldv_c,ge,0.0381357385143151,,,,,,,,TRPHRON002,1321.0211698728288,65.49155327798827,T_D_pkm_ldv
ON,T_LDV_C_GSL,1.3,"An estimate of how much activity a unit of capacity can deliver in a year. Assuming this vehicle class can be driven at an avg. speed of 50 km/h carrying 4 passengers for 6,500 hours each year. ",,,,,,,TRPHRON002,2010,T_D_pkm_ldv_c,ge,0.0381357385143151,,,,,,,,TRPHRON002,1281.3905347766438,63.52680667964863,T_D_pkm_ldv
ON,T_LDV_C_GSL,1.3,"An estimate of how much activity a unit of capacity can deliver in a year. Assuming this vehicle class can be driven at an avg. speed of 50 km/h carrying 4 passengers for 6,500 hours each year. ",,,,,,,TRPHRON002,2010,T_D_pkm_ldv_c,ge,0.0381357385143151,,,,,,,,TRPHRON002,1136.0782060906326,56.32273581906992,T_D_pkm_ldv
ON,T_LDV_C_GSL,1.3,"An estimate of how much activity a unit of capacity can deliver in a year. Assuming this vehicle class can be driven at an avg. speed of 50 km/h carrying 4 passengers for 6,500 hours each year. ",,,,,,,TRPHRON002,2015,T_D_pkm_ldv_c,ge,0.0381357385143151,,,,,,,,TRPHRON002,1092.8944017225272,54.18183566620389,T_D_pkm_ldv
ON,T_LDV_C_GSL,1.3,"An estimate of how much activity a unit of capacity can deliver in a year. Assuming this vehicle class can be driven at an avg. speed of 50 km/h carrying 4 passengers for 6,500 hours each year. ",,,,,,,TRPHRON002,2015,T_D_pkm_ldv_c,ge,0.0381357385143151,,,,,,,,TRPHRON002,1060.1075696708513,52.556380596217764,T_D_pkm_ldv
ON,T_LDV_C_GSL,1.3,"An estimate of how much activity a unit of capacity can deliver in a year. Assuming this vehicle class can be driven at an avg. speed of 50 km/h carrying 4 passengers for 6,500 hours each year. ",,,,,,,TRPHRON002,2020,T_D_pkm_ldv_c,ge,0.0381357385143151,,,,,,,,TRPHRON002,586.8725320032931,29.095062648225092,T_D_pkm_ldv
ON,T_LDV_C_GSL_HEV,1.3,"An estimate of how much activity a unit of capacity can deliver in a year. Assuming this vehicle class can be driven at an avg. speed of 50 km/h carrying 4 passengers for 6,500 hours each year. ",,,,,,,TRPHRON002,2010,T_D_pkm_ldv_c,le,0.0400914174124851,,,,,,,,TRPHRON002,29.70210098526862,1.5480391272166458,T_D_pkm_ldv
ON,T_LDV_C_GSL_HEV,1.3,"An estimate of how much activity a unit of capacity can deliver in a year. Assuming this vehicle class can be driven at an avg. speed of 50 km/h carrying 4 passengers for 6,500 hours each year. ",,,,,,,TRPHRON002,2010,T_D_pkm_ldv_c,le,0.0400914174124851,,,,,,,,TRPHRON002,28.81103795571056,1.5015979534001465,T_D_pkm_ldv
ON,T_LDV_C_GSL_HEV,1.3,"An estimate of how much activity a unit of capacity can deliver in a year. Assuming this vehicle class can be driven at an avg. speed of 50 km/h carrying 4 passengers for 6,500 hours each year. ",,,,,,,TRPHRON002,2010,T_D_pkm_ldv_c,le,0.0400914174124851,,,,,,,,TRPHRON002,25.543806847331012,1.3313136494063154,T_D_pkm_ldv
ON,T_LDV_C_GSL_HEV,1.3,"An estimate of how much activity a unit of capacity can deliver in a year. Assuming this vehicle class can be driven at an avg. speed of 50 km/h carrying 4 passengers for 6,500 hours each year. ",,,,,,,TRPHRON002,2015,T_D_pkm_ldv_c,le,0.0400914174124851,,,,,,,,TRPHRON002,29.922645489811412,1.5595336515431972,T_D_pkm_ldv
ON,T_LDV_C_GSL_HEV,1.3,"An estimate of how much activity a unit of capacity can deliver in a year. Assuming this vehicle class can be driven at an avg. speed of 50 km/h carrying 4 passengers for 6,500 hours each year. ",,,,,,,TRPHRON002,2015,T_D_pkm_ldv_c,le,0.0400914174124851,,,,,,,,TRPHRON002,29.024966125117068,1.5127476419969013,T_D_pkm_ldv
ON,T_LDV_C_GSL_HEV,1.3,"An estimate of how much activity a unit of capacity can deliver in a year. Assuming this vehicle class can be driven at an avg. speed of 50 km/h carrying 4 passengers for 6,500 hours each year. ",,,,,,,TRPHRON002,2020,T_D_pkm_ldv_c,le,0.0400914174124851,,,,,,,,TRPHRON002,41.77715402452595,2.177376916393837,T_D_pkm_ldv
ON,T_LDV_C_GSL_HEV,1.3,"An estimate of how much activity a unit of capacity can deliver in a year. Assuming this vehicle class can be driven at an avg. speed of 50 km/h carrying 4 passengers for 6,500 hours each year. ",,,,,,,TRPHRON002,2010,T_D_pkm_ldv_c,ge,0.0381357385143151,,,,,,,,TRPHRON002,29.70210098526862,1.4725250234499805,T_D_pkm_ldv
ON,T_LDV_C_GSL_HEV,1.3,"An estimate of how much activity a unit of capacity can deliver in a year. Assuming this vehicle class can be driven at an avg. speed of 50 km/h carrying 4 passengers for 6,500 hours each year. ",,,,,,,TRPHRON002,2010,T_D_pkm_ldv_c,ge,0.0381357385143151,,,,,,,,TRPHRON002,28.81103795571056,1.428349272746481,T_D_pkm_ldv
ON,T_LDV_C_GSL_HEV,1.3,"An estimate of how much activity a unit of capacity can deliver in a year. Assuming this vehicle class can be driven at an avg. speed of 50 km/h carrying 4 passengers for 6,500 hours each year. ",,,,,,,TRPHRON002,2010,T_D_pkm_ldv_c,ge,0.0381357385143151,,,,,,,,TRPHRON002,25.543806847331012,1.2663715201669834,T_D_pkm_ldv
ON,T_LDV_C_GSL_HEV,1.3,"An estimate of how much activity a unit of capacity can deliver in a year. Assuming this vehicle class can be driven at an avg. speed of 50 km/h carrying 4 passengers for 6,500 hours each year. ",,,,,,,TRPHRON002,2015,T_D_pkm_ldv_c,ge,0.0381357385143151,,,,,,,,TRPHRON002,29.922645489811412,1.4834588392727976,T_D_pkm_ldv
ON,T_LDV_C_GSL_HEV,1.3,"An estimate of how much activity a unit of capacity can deliver in a year. Assuming this vehicle class can be driven at an avg. speed of 50 km/h carrying 4 passengers for 6,500 hours each year. ",,,,,,,TRPHRON002,2015,T_D_pkm_ldv_c,ge,0.0381357385143151,,,,,,,,TRPHRON002,29.024966125117068,1.4389550740946135,T_D_pkm_ldv
ON,T_LDV_C_GSL_HEV,1.3,"An estimate of how much activity a unit of capacity can deliver in a year. Assuming this vehicle class can be driven at an avg. speed of 50 km/h carrying 4 passengers for 6,500 hours each year. ",,,,,,,TRPHRON002,2020,T_D_pkm_ldv_c,ge,0.0381357385143151,,,,,,,,TRPHRON002,41.77715402452595,2.071163408277065,T_D_pkm_ldv
ON,T_LDV_C_GSL_PHEV35,1.3,"An estimate of how much activity a unit of capacity can deliver in a year. Assuming this vehicle class can be driven at an avg. speed of 50 km/h carrying 4 passengers for 6,500 hours each year. ",,,,,,,TRPHRON002,2010,T_D_pkm_ldv_c,le,0.0400914174124851,,,,,,,,TRPHRON002,2.51622349781613,0.1311426565202647,T_D_pkm_ldv
ON,T_LDV_C_GSL_PHEV35,1.3,"An estimate of how much activity a unit of capacity can deliver in a year. Assuming this vehicle class can be driven at an avg. speed of 50 km/h carrying 4 passengers for 6,500 hours each year. ",,,,,,,TRPHRON002,2010,T_D_pkm_ldv_c,le,0.0400914174124851,,,,,,,,TRPHRON002,2.4407367928816464,0.12720837682465674,T_D_pkm_ldv
ON,T_LDV_C_GSL_PHEV35,1.3,"An estimate of how much activity a unit of capacity can deliver in a year. Assuming this vehicle class can be driven at an avg. speed of 50 km/h carrying 4 passengers for 6,500 hours each year. ",,,,,,,TRPHRON002,2010,T_D_pkm_ldv_c,le,0.0400914174124851,,,,,,,,TRPHRON002,2.163952208121872,0.11278268460742763,T_D_pkm_ldv
ON,T_LDV_C_GSL_PHEV35,1.3,"An estimate of how much activity a unit of capacity can deliver in a year. Assuming this vehicle class can be driven at an avg. speed of 50 km/h carrying 4 passengers for 6,500 hours each year. ",,,,,,,TRPHRON002,2015,T_D_pkm_ldv_c,le,0.0400914174124851,,,,,,,,TRPHRON002,15.247651969748423,0.79468997358333,T_D_pkm_ldv
ON,T_LDV_C_GSL_PHEV35,1.3,"An estimate of how much activity a unit of capacity can deliver in a year. Assuming this vehicle class can be driven at an avg. speed of 50 km/h carrying 4 passengers for 6,500 hours each year. ",,,,,,,TRPHRON002,2015,T_D_pkm_ldv_c,le,0.0400914174124851,,,,,,,,TRPHRON002,14.79022241065597,0.7708492743758301,T_D_pkm_ldv
ON,T_LDV_C_GSL_PHEV35,1.3,"An estimate of how much activity a unit of capacity can deliver in a year. Assuming this vehicle class can be driven at an avg. speed of 50 km/h carrying 4 passengers for 6,500 hours each year. ",,,,,,,TRPHRON002,2020,T_D_pkm_ldv_c,le,0.0400914174124851,,,,,,,,TRPHRON002,5.19920592500651,0.27097659543877217,T_D_pkm_ldv
ON,T_LDV_C_GSL_PHEV35,1.3,"An estimate of how much activity a unit of capacity can deliver in a year. Assuming this vehicle class can be driven at an avg. speed of 50 km/h carrying 4 passengers for 6,500 hours each year. ",,,,,,,TRPHRON002,2010,T_D_pkm_ldv_c,ge,0.0381357385143151,,,,,,,,TRPHRON002,2.51622349781613,0.12474545376317864,T_D_pkm_ldv
ON,T_LDV_C_GSL_PHEV35,1.3,"An estimate of how much activity a unit of capacity can deliver in a year. Assuming this vehicle class can be driven at an avg. speed of 50 km/h carrying 4 passengers for 6,500 hours each year. ",,,,,,,TRPHRON002,2010,T_D_pkm_ldv_c,ge,0.0381357385143151,,,,,,,,TRPHRON002,2.4407367928816464,0.12100309015028328,T_D_pkm_ldv
ON,T_LDV_C_GSL_PHEV35,1.3,"An estimate of how much activity a unit of capacity can deliver in a year. Assuming this vehicle class can be driven at an avg. speed of 50 km/h carrying 4 passengers for 6,500 hours each year. ",,,,,,,TRPHRON002,2010,T_D_pkm_ldv_c,ge,0.0381357385143151,,,,,,,,TRPHRON002,2.163952208121872,0.10728109023633363,T_D_pkm_ldv
ON,T_LDV_C_GSL_PHEV35,1.3,"An estimate of how much activity a unit of capacity can deliver in a year. Assuming this vehicle class can be driven at an avg. speed of 50 km/h carrying 4 passengers for 6,500 hours each year. ",,,,,,,TRPHRON002,2015,T_D_pkm_ldv_c,ge,0.0381357385143151,,,,,,,,TRPHRON002,15.247651969748423,0.7559246090182897,T_D_pkm_ldv
ON,T_LDV_C_GSL_PHEV35,1.3,"An estimate of how much activity a unit of capacity can deliver in a year. Assuming this vehicle class can be driven at an avg. speed of 50 km/h carrying 4 passengers for 6,500 hours each year. ",,,,,,,TRPHRON002,2015,T_D_pkm_ldv_c,ge,0.0381357385143151,,,,,,,,TRPHRON002,14.79022241065597,0.733246870747741,T_D_pkm_ldv
ON,T_LDV_C_GSL_PHEV35,1.3,"An estimate of how much activity a unit of capacity can deliver in a year. Assuming this vehicle class can be driven at an avg. speed of 50 km/h carrying 4 passengers for 6,500 hours each year. ",,,,,,,TRPHRON002,2020,T_D_pkm_ldv_c,ge,0.0381357385143151,,,,,,,,TRPHRON002,5.19920592500651,0.25775822492956385,T_D_pkm_ldv
ON,T_LDV_LTF_DSL,0.325,"An estimate of how much activity a unit of capacity can deliver in a year. Assuming this vehicle class can be driven at an avg. speed of 50 km/h carrying 1 tonne of payload for 6,500 hours each year. ",,,,,,,TRPHRON002,2000,T_D_tkm_ldv_t,le,0.0378372946151303,,,,,,,,TRPHRON002,2.27996,0.02803694342498156,T_D_tkm_ldv
ON,T_LDV_LTF_DSL,0.325,"An estimate of how much activity a unit of capacity can deliver in a year. Assuming this vehicle class can be driven at an avg. speed of 50 km/h carrying 1 tonne of payload for 6,500 hours each year. ",,,,,,,TRPHRON002,2000,T_D_tkm_ldv_t,le,0.0378372946151303,,,,,,,,TRPHRON002,2.1431624,0.026354726819482664,T_D_tkm_ldv
ON,T_LDV_LTF_DSL,0.325,"An estimate of how much activity a unit of capacity can deliver in a year. Assuming this vehicle class can be driven at an avg. speed of 50 km/h carrying 1 tonne of payload for 6,500 hours each year. ",,,,,,,TRPHRON002,2000,T_D_tkm_ldv_t,le,0.0378372946151303,,,,,,,,TRPHRON002,1.7783688,0.021868815871485616,T_D_tkm_ldv
ON,T_LDV_LTF_DSL,0.325,"An estimate of how much activity a unit of capacity can deliver in a year. Assuming this vehicle class can be driven at an avg. speed of 50 km/h carrying 1 tonne of payload for 6,500 hours each year. ",,,,,,,TRPHRON002,2000,T_D_tkm_ldv_t,le,0.0378372946151303,,,,,,,,TRPHRON002,1.253978,0.015420318883739858,T_D_tkm_ldv
ON,T_LDV_LTF_DSL,0.325,"An estimate of how much activity a unit of capacity can deliver in a year. Assuming this vehicle class can be driven at an avg. speed of 50 km/h carrying 1 tonne of payload for 6,500 hours each year. ",,,,,,,TRPHRON002,2000,T_D_tkm_ldv_t,le,0.0378372946151303,,,,,,,,TRPHRON002,0.7295872,0.008971821895994098,T_D_tkm_ldv
ON,T_LDV_LTF_DSL,0.325,"An estimate of how much activity a unit of capacity can deliver in a year. Assuming this vehicle class can be driven at an avg. speed of 50 km/h carrying 1 tonne of payload for 6,500 hours each year. ",,,,,,,TRPHRON002,2005,T_D_tkm_ldv_t,le,0.0378372946151303,,,,,,,,TRPHRON002,11.68188,0.14365348894604446,T_D_tkm_ldv
ON,T_LDV_LTF_DSL,0.325,"An estimate of how much activity a unit of capacity can deliver in a year. Assuming this vehicle class can be driven at an avg. speed of 50 km/h carrying 1 tonne of payload for 6,500 hours each year. ",,,,,,,TRPHRON002,2005,T_D_tkm_ldv_t,le,0.0378372946151303,,,,,,,,TRPHRON002,10.980967199999998,0.1350342796092818,T_D_tkm_ldv
ON,T_LDV_LTF_DSL,0.325,"An estimate of how much activity a unit of capacity can deliver in a year. Assuming this vehicle class can be driven at an avg. speed of 50 km/h carrying 1 tonne of payload for 6,500 hours each year. ",,,,,,,TRPHRON002,2005,T_D_tkm_ldv_t,le,0.0378372946151303,,,,,,,,TRPHRON002,9.1118664,0.11204972137791469,T_D_tkm_ldv
ON,T_LDV_LTF_DSL,0.325,"An estimate of how much activity a unit of capacity can deliver in a year. Assuming this vehicle class can be driven at an avg. speed of 50 km/h carrying 1 tonne of payload for 6,500 hours each year. ",,,,,,,TRPHRON002,2005,T_D_tkm_ldv_t,le,0.0378372946151303,,,,,,,,TRPHRON002,6.425034,0.07900941892032447,T_D_tkm_ldv
ON,T_LDV_LTF_DSL,0.325,"An estimate of how much activity a unit of capacity can deliver in a year. Assuming this vehicle class can be driven at an avg. speed of 50 km/h carrying 1 tonne of payload for 6,500 hours each year. ",,,,,,,TRPHRON002,2010,T_D_tkm_ldv_t,le,0.0378372946151303,,,,,,,,TRPHRON002,23.5747794048302,0.2899019089938616,T_D_tkm_ldv
ON,T_LDV_LTF_DSL,0.325,"An estimate of how much activity a unit of capacity can deliver in a year. Assuming this vehicle class can be driven at an avg. speed of 50 km/h carrying 1 tonne of payload for 6,500 hours each year. ",,,,,,,TRPHRON002,2010,T_D_tkm_ldv_t,le,0.0378372946151303,,,,,,,,TRPHRON002,22.160292640540387,0.2725077944542299,T_D_tkm_ldv
ON,T_LDV_LTF_DSL,0.325,"An estimate of how much activity a unit of capacity can deliver in a year. Assuming this vehicle class can be driven at an avg. speed of 50 km/h carrying 1 tonne of payload for 6,500 hours each year. ",,,,,,,TRPHRON002,2010,T_D_tkm_ldv_t,le,0.0378372946151303,,,,,,,,TRPHRON002,18.388327935767556,0.22612348901521206,T_D_tkm_ldv
ON,T_LDV_LTF_DSL,0.325,"An estimate of how much activity a unit of capacity can deliver in a year. Assuming this vehicle class can be driven at an avg. speed of 50 km/h carrying 1 tonne of payload for 6,500 hours each year. ",,,,,,,TRPHRON002,2015,T_D_tkm_ldv_t,le,0.0378372946151303,,,,,,,,TRPHRON002,47.51371489332247,0.5842818893203328,T_D_tkm_ldv
ON,T_LDV_LTF_DSL,0.325,"An estimate of how much activity a unit of capacity can deliver in a year. Assuming this vehicle class can be driven at an avg. speed of 50 km/h carrying 1 tonne of payload for 6,500 hours each year. ",,,,,,,TRPHRON002,2015,T_D_tkm_ldv_t,le,0.0378372946151303,,,,,,,,TRPHRON002,44.66289199972312,0.5492249759611127,T_D_tkm_ldv
ON,T_LDV_LTF_DSL,0.325,"An estimate of how much activity a unit of capacity can deliver in a year. Assuming this vehicle class can be driven at an avg. speed of 50 km/h carrying 1 tonne of payload for 6,500 hours each year. ",,,,,,,TRPHRON002,2020,T_D_tkm_ldv_t,le,0.0378372946151303,,,,,,,,TRPHRON002,71.99254868248502,0.8853010642428214,T_D_tkm_ldv
ON,T_LDV_LTF_DSL,0.325,"An estimate of how much activity a unit of capacity can deliver in a year. Assuming this vehicle class can be driven at an avg. speed of 50 km/h carrying 1 tonne of payload for 6,500 hours each year. ",,,,,,,TRPHRON002,2000,T_D_tkm_ldv_t,ge,0.0359915729265874,,,,,,,,TRPHRON002,2.27996,0.02666928764815322,T_D_tkm_ldv
ON,T_LDV_LTF_DSL,0.325,"An estimate of how much activity a unit of capacity can deliver in a year. Assuming this vehicle class can be driven at an avg. speed of 50 km/h carrying 1 tonne of payload for 6,500 hours each year. ",,,,,,,TRPHRON002,2000,T_D_tkm_ldv_t,ge,0.0359915729265874,,,,,,,,TRPHRON002,2.1431624,0.025069130389264026,T_D_tkm_ldv
ON,T_LDV_LTF_DSL,0.325,"An estimate of how much activity a unit of capacity can deliver in a year. Assuming this vehicle class can be driven at an avg. speed of 50 km/h carrying 1 tonne of payload for 6,500 hours each year. ",,,,,,,TRPHRON002,2000,T_D_tkm_ldv_t,ge,0.0359915729265874,,,,,,,,TRPHRON002,1.7783688,0.02080204436555951,T_D_tkm_ldv
ON,T_LDV_LTF_DSL,0.325,"An estimate of how much activity a unit of capacity can deliver in a year. Assuming this vehicle class can be driven at an avg. speed of 50 km/h carrying 1 tonne of payload for 6,500 hours each year. ",,,,,,,TRPHRON002,2000,T_D_tkm_ldv_t,ge,0.0359915729265874,,,,,,,,TRPHRON002,1.253978,0.01466810820648427,T_D_tkm_ldv
ON,T_LDV_LTF_DSL,0.325,"An estimate of how much activity a unit of capacity can deliver in a year. Assuming this vehicle class can be driven at an avg. speed of 50 km/h carrying 1 tonne of payload for 6,500 hours each year. ",,,,,,,TRPHRON002,2000,T_D_tkm_ldv_t,ge,0.0359915729265874,,,,,,,,TRPHRON002,0.7295872,0.00853417204740903,T_D_tkm_ldv
ON,T_LDV_LTF_DSL,0.325,"An estimate of how much activity a unit of capacity can deliver in a year. Assuming this vehicle class can be driven at an avg. speed of 50 km/h carrying 1 tonne of payload for 6,500 hours each year. ",,,,,,,TRPHRON002,2005,T_D_tkm_ldv_t,ge,0.0359915729265874,,,,,,,,TRPHRON002,11.68188,0.1366460016803839,T_D_tkm_ldv
ON,T_LDV_LTF_DSL,0.325,"An estimate of how much activity a unit of capacity can deliver in a year. Assuming this vehicle class can be driven at an avg. speed of 50 km/h carrying 1 tonne of payload for 6,500 hours each year. ",,,,,,,TRPHRON002,2005,T_D_tkm_ldv_t,ge,0.0359915729265874,,,,,,,,TRPHRON002,10.980967199999998,0.12844724157956086,T_D_tkm_ldv
ON,T_LDV_LTF_DSL,0.325,"An estimate of how much activity a unit of capacity can deliver in a year. Assuming this vehicle class can be driven at an avg. speed of 50 km/h carrying 1 tonne of payload for 6,500 hours each year. ",,,,,,,TRPHRON002,2005,T_D_tkm_ldv_t,ge,0.0359915729265874,,,,,,,,TRPHRON002,9.1118664,0.10658388131069946,T_D_tkm_ldv
ON,T_LDV_LTF_DSL,0.325,"An estimate of how much activity a unit of capacity can deliver in a year. Assuming this vehicle class can be driven at an avg. speed of 50 km/h carrying 1 tonne of payload for 6,500 hours each year. ",,,,,,,TRPHRON002,2005,T_D_tkm_ldv_t,ge,0.0359915729265874,,,,,,,,TRPHRON002,6.425034,0.07515530092421116,T_D_tkm_ldv
ON,T_LDV_LTF_DSL,0.325,"An estimate of how much activity a unit of capacity can deliver in a year. Assuming this vehicle class can be driven at an avg. speed of 50 km/h carrying 1 tonne of payload for 6,500 hours each year. ",,,,,,,TRPHRON002,2010,T_D_tkm_ldv_t,ge,0.0359915729265874,,,,,,,,TRPHRON002,23.5747794048302,0.27576035245757596,T_D_tkm_ldv
ON,T_LDV_LTF_DSL,0.325,"An estimate of how much activity a unit of capacity can deliver in a year. Assuming this vehicle class can be driven at an avg. speed of 50 km/h carrying 1 tonne of payload for 6,500 hours each year. ",,,,,,,TRPHRON002,2010,T_D_tkm_ldv_t,ge,0.0359915729265874,,,,,,,,TRPHRON002,22.160292640540387,0.2592147313101214,T_D_tkm_ldv
ON,T_LDV_LTF_DSL,0.325,"An estimate of how much activity a unit of capacity can deliver in a year. Assuming this vehicle class can be driven at an avg. speed of 50 km/h carrying 1 tonne of payload for 6,500 hours each year. ",,,,,,,TRPHRON002,2010,T_D_tkm_ldv_t,ge,0.0359915729265874,,,,,,,,TRPHRON002,18.388327935767556,0.21509307491690927,T_D_tkm_ldv
ON,T_LDV_LTF_DSL,0.325,"An estimate of how much activity a unit of capacity can deliver in a year. Assuming this vehicle class can be driven at an avg. speed of 50 km/h carrying 1 tonne of payload for 6,500 hours each year. ",,,,,,,TRPHRON002,2015,T_D_tkm_ldv_t,ge,0.0359915729265874,,,,,,,,TRPHRON002,47.51371489332247,0.5557803337437317,T_D_tkm_ldv
ON,T_LDV_LTF_DSL,0.325,"An estimate of how much activity a unit of capacity can deliver in a year. Assuming this vehicle class can be driven at an avg. speed of 50 km/h carrying 1 tonne of payload for 6,500 hours each year. ",,,,,,,TRPHRON002,2015,T_D_tkm_ldv_t,ge,0.0359915729265874,,,,,,,,TRPHRON002,44.66289199972312,0.5224335137191078,T_D_tkm_ldv
ON,T_LDV_LTF_DSL,0.325,"An estimate of how much activity a unit of capacity can deliver in a year. Assuming this vehicle class can be driven at an avg. speed of 50 km/h carrying 1 tonne of payload for 6,500 hours each year. ",,,,,,,TRPHRON002,2020,T_D_tkm_ldv_t,ge,0.0359915729265874,,,,,,,,TRPHRON002,71.99254868248502,0.8421156464748798,T_D_tkm_ldv
ON,T_LDV_LTF_GSL,0.325,"An estimate of how much activity a unit of capacity can deliver in a year. Assuming this vehicle class can be driven at an avg. speed of 50 km/h carrying 1 tonne of payload for 6,500 hours each year. ",,,,,,,TRPHRON002,2000,T_D_tkm_ldv_t,le,0.0378372946151303,,,,,,,,TRPHRON002,54.14905,0.665877406343312,T_D_tkm_ldv
ON,T_LDV_LTF_GSL,0.325,"An estimate of how much activity a unit of capacity can deliver in a year. Assuming this vehicle class can be driven at an avg. speed of 50 km/h carrying 1 tonne of payload for 6,500 hours each year. ",,,,,,,TRPHRON002,2000,T_D_tkm_ldv_t,le,0.0378372946151303,,,,,,,,TRPHRON002,50.900107,0.6259247619627133,T_D_tkm_ldv
ON,T_LDV_LTF_GSL,0.325,"An estimate of how much activity a unit of capacity can deliver in a year. Assuming this vehicle class can be driven at an avg. speed of 50 km/h carrying 1 tonne of payload for 6,500 hours each year. ",,,,,,,TRPHRON002,2000,T_D_tkm_ldv_t,le,0.0378372946151303,,,,,,,,TRPHRON002,42.236259000000004,0.5193843769477834,T_D_tkm_ldv
ON,T_LDV_LTF_GSL,0.325,"An estimate of how much activity a unit of capacity can deliver in a year. Assuming this vehicle class can be driven at an avg. speed of 50 km/h carrying 1 tonne of payload for 6,500 hours each year. ",,,,,,,TRPHRON002,2000,T_D_tkm_ldv_t,le,0.0378372946151303,,,,,,,,TRPHRON002,29.781977500000004,0.36623257348882166,T_D_tkm_ldv
ON,T_LDV_LTF_GSL,0.325,"An estimate of how much activity a unit of capacity can deliver in a year. Assuming this vehicle class can be driven at an avg. speed of 50 km/h carrying 1 tonne of payload for 6,500 hours each year. ",,,,,,,TRPHRON002,2000,T_D_tkm_ldv_t,le,0.0378372946151303,,,,,,,,TRPHRON002,17.327696,0.21308077002985984,T_D_tkm_ldv
ON,T_LDV_LTF_GSL,0.325,"An estimate of how much activity a unit of capacity can deliver in a year. Assuming this vehicle class can be driven at an avg. speed of 50 km/h carrying 1 tonne of payload for 6,500 hours each year. ",,,,,,,TRPHRON002,2005,T_D_tkm_ldv_t,le,0.0378372946151303,,,,,,,,TRPHRON002,277.44464999999997,3.411770362468556,T_D_tkm_ldv
ON,T_LDV_LTF_GSL,0.325,"An estimate of how much activity a unit of capacity can deliver in a year. Assuming this vehicle class can be driven at an avg. speed of 50 km/h carrying 1 tonne of payload for 6,500 hours each year. ",,,,,,,TRPHRON002,2005,T_D_tkm_ldv_t,le,0.0378372946151303,,,,,,,,TRPHRON002,260.79797099999996,3.2070641407204423,T_D_tkm_ldv
ON,T_LDV_LTF_GSL,0.325,"An estimate of how much activity a unit of capacity can deliver in a year. Assuming this vehicle class can be driven at an avg. speed of 50 km/h carrying 1 tonne of payload for 6,500 hours each year. ",,,,,,,TRPHRON002,2005,T_D_tkm_ldv_t,le,0.0378372946151303,,,,,,,,TRPHRON002,216.406827,2.661180882725474,T_D_tkm_ldv
ON,T_LDV_LTF_GSL,0.325,"An estimate of how much activity a unit of capacity can deliver in a year. Assuming this vehicle class can be driven at an avg. speed of 50 km/h carrying 1 tonne of payload for 6,500 hours each year. ",,,,,,,TRPHRON002,2005,T_D_tkm_ldv_t,le,0.0378372946151303,,,,,,,,TRPHRON002,152.5945575,1.876473699357706,T_D_tkm_ldv
ON,T_LDV_LTF_GSL,0.325,"An estimate of how much activity a unit of capacity can deliver in a year. Assuming this vehicle class can be driven at an avg. speed of 50 km/h carrying 1 tonne of payload for 6,500 hours each year. ",,,,,,,TRPHRON002,2010,T_D_tkm_ldv_t,le,0.0378372946151303,,,,,,,,TRPHRON002,344.6941157429299,4.238745163076795,T_D_tkm_ldv
ON,T_LDV_LTF_GSL,0.325,"An estimate of how much activity a unit of capacity can deliver in a year. Assuming this vehicle class can be driven at an avg. speed of 50 km/h carrying 1 tonne of payload for 6,500 hours each year. ",,,,,,,TRPHRON002,2010,T_D_tkm_ldv_t,le,0.0378372946151303,,,,,,,,TRPHRON002,324.0124687983541,3.984420453292188,T_D_tkm_ldv
ON,T_LDV_LTF_GSL,0.325,"An estimate of how much activity a unit of capacity can deliver in a year. Assuming this vehicle class can be driven at an avg. speed of 50 km/h carrying 1 tonne of payload for 6,500 hours each year. ",,,,,,,TRPHRON002,2010,T_D_tkm_ldv_t,le,0.0378372946151303,,,,,,,,TRPHRON002,268.8614102794853,3.3062212271999005,T_D_tkm_ldv
ON,T_LDV_LTF_GSL,0.325,"An estimate of how much activity a unit of capacity can deliver in a year. Assuming this vehicle class can be driven at an avg. speed of 50 km/h carrying 1 tonne of payload for 6,500 hours each year. ",,,,,,,TRPHRON002,2015,T_D_tkm_ldv_t,le,0.0378372946151303,,,,,,,,TRPHRON002,488.0976501265233,6.002195741356768,T_D_tkm_ldv
ON,T_LDV_LTF_GSL,0.325,"An estimate of how much activity a unit of capacity can deliver in a year. Assuming this vehicle class can be driven at an avg. speed of 50 km/h carrying 1 tonne of payload for 6,500 hours each year. ",,,,,,,TRPHRON002,2015,T_D_tkm_ldv_t,le,0.0378372946151303,,,,,,,,TRPHRON002,458.8117911189319,5.642063996875362,T_D_tkm_ldv
ON,T_LDV_LTF_GSL,0.325,"An estimate of how much activity a unit of capacity can deliver in a year. Assuming this vehicle class can be driven at an avg. speed of 50 km/h carrying 1 tonne of payload for 6,500 hours each year. ",,,,,,,TRPHRON002,2020,T_D_tkm_ldv_t,le,0.0378372946151303,,,,,,,,TRPHRON002,398.2408175205526,4.897215420596035,T_D_tkm_ldv
ON,T_LDV_LTF_GSL,0.325,"An estimate of how much activity a unit of capacity can deliver in a year. Assuming this vehicle class can be driven at an avg. speed of 50 km/h carrying 1 tonne of payload for 6,500 hours each year. ",,,,,,,TRPHRON002,2000,T_D_tkm_ldv_t,ge,0.0359915729265874,,,,,,,,TRPHRON002,54.14905,0.633395581643639,T_D_tkm_ldv
ON,T_LDV_LTF_GSL,0.325,"An estimate of how much activity a unit of capacity can deliver in a year. Assuming this vehicle class can be driven at an avg. speed of 50 km/h carrying 1 tonne of payload for 6,500 hours each year. ",,,,,,,TRPHRON002,2000,T_D_tkm_ldv_t,ge,0.0359915729265874,,,,,,,,TRPHRON002,50.900107,0.5953918467450205,T_D_tkm_ldv
ON,T_LDV_LTF_GSL,0.325,"An estimate of how much activity a unit of capacity can deliver in a year. Assuming this vehicle class can be driven at an avg. speed of 50 km/h carrying 1 tonne of payload for 6,500 hours each year. ",,,,,,,TRPHRON002,2000,T_D_tkm_ldv_t,ge,0.0359915729265874,,,,,,,,TRPHRON002,42.236259000000004,0.49404855368203837,T_D_tkm_ldv
ON,T_LDV_LTF_GSL,0.325,"An estimate of how much activity a unit of capacity can deliver in a year. Assuming this vehicle class can be driven at an avg. speed of 50 km/h carrying 1 tonne of payload for 6,500 hours each year. ",,,,,,,TRPHRON002,2000,T_D_tkm_ldv_t,ge,0.0359915729265874,,,,,,,,TRPHRON002,29.781977500000004,0.3483675699040014,T_D_tkm_ldv
ON,T_LDV_LTF_GSL,0.325,"An estimate of how much activity a unit of capacity can deliver in a year. Assuming this vehicle class can be driven at an avg. speed of 50 km/h carrying 1 tonne of payload for 6,500 hours each year. ",,,,,,,TRPHRON002,2000,T_D_tkm_ldv_t,ge,0.0359915729265874,,,,,,,,TRPHRON002,17.327696,0.20268658612596444,T_D_tkm_ldv
ON,T_LDV_LTF_GSL,0.325,"An estimate of how much activity a unit of capacity can deliver in a year. Assuming this vehicle class can be driven at an avg. speed of 50 km/h carrying 1 tonne of payload for 6,500 hours each year. ",,,,,,,TRPHRON002,2005,T_D_tkm_ldv_t,ge,0.0359915729265874,,,,,,,,TRPHRON002,277.44464999999997,3.2453425399091174,T_D_tkm_ldv
ON,T_LDV_LTF_GSL,0.325,"An estimate of how much activity a unit of capacity can deliver in a year. Assuming this vehicle class can be driven at an avg. speed of 50 km/h carrying 1 tonne of payload for 6,500 hours each year. ",,,,,,,TRPHRON002,2005,T_D_tkm_ldv_t,ge,0.0359915729265874,,,,,,,,TRPHRON002,260.79797099999996,3.0506219875145706,T_D_tkm_ldv
ON,T_LDV_LTF_GSL,0.325,"An estimate of how much activity a unit of capacity can deliver in a year. Assuming this vehicle class can be driven at an avg. speed of 50 km/h carrying 1 tonne of payload for 6,500 hours each year. ",,,,,,,TRPHRON002,2005,T_D_tkm_ldv_t,ge,0.0359915729265874,,,,,,,,TRPHRON002,216.406827,2.531367181129112,T_D_tkm_ldv
ON,T_LDV_LTF_GSL,0.325,"An estimate of how much activity a unit of capacity can deliver in a year. Assuming this vehicle class can be driven at an avg. speed of 50 km/h carrying 1 tonne of payload for 6,500 hours each year. ",,,,,,,TRPHRON002,2005,T_D_tkm_ldv_t,ge,0.0359915729265874,,,,,,,,TRPHRON002,152.5945575,1.784938396950015,T_D_tkm_ldv
ON,T_LDV_LTF_GSL,0.325,"An estimate of how much activity a unit of capacity can deliver in a year. Assuming this vehicle class can be driven at an avg. speed of 50 km/h carrying 1 tonne of payload for 6,500 hours each year. ",,,,,,,TRPHRON002,2010,T_D_tkm_ldv_t,ge,0.0359915729265874,,,,,,,,TRPHRON002,344.6941157429299,4.031977106341347,T_D_tkm_ldv
ON,T_LDV_LTF_GSL,0.325,"An estimate of how much activity a unit of capacity can deliver in a year. Assuming this vehicle class can be driven at an avg. speed of 50 km/h carrying 1 tonne of payload for 6,500 hours each year. ",,,,,,,TRPHRON002,2010,T_D_tkm_ldv_t,ge,0.0359915729265874,,,,,,,,TRPHRON002,324.0124687983541,3.7900584799608654,T_D_tkm_ldv
ON,T_LDV_LTF_GSL,0.325,"An estimate of how much activity a unit of capacity can deliver in a year. Assuming this vehicle class can be driven at an avg. speed of 50 km/h carrying 1 tonne of payload for 6,500 hours each year. ",,,,,,,TRPHRON002,2010,T_D_tkm_ldv_t,ge,0.0359915729265874,,,,,,,,TRPHRON002,268.8614102794853,3.14494214294625,T_D_tkm_ldv
ON,T_LDV_LTF_GSL,0.325,"An estimate of how much activity a unit of capacity can deliver in a year. Assuming this vehicle class can be driven at an avg. speed of 50 km/h carrying 1 tonne of payload for 6,500 hours each year. ",,,,,,,TRPHRON002,2015,T_D_tkm_ldv_t,ge,0.0359915729265874,,,,,,,,TRPHRON002,488.0976501265233,5.70940570519303,T_D_tkm_ldv
ON,T_LDV_LTF_GSL,0.325,"An estimate of how much activity a unit of capacity can deliver in a year. Assuming this vehicle class can be driven at an avg. speed of 50 km/h carrying 1 tonne of payload for 6,500 hours each year. ",,,,,,,TRPHRON002,2015,T_D_tkm_ldv_t,ge,0.0359915729265874,,,,,,,,TRPHRON002,458.8117911189319,5.3668413628814475,T_D_tkm_ldv
ON,T_LDV_LTF_GSL,0.325,"An estimate of how much activity a unit of capacity can deliver in a year. Assuming this vehicle class can be driven at an avg. speed of 50 km/h carrying 1 tonne of payload for 6,500 hours each year. ",,,,,,,TRPHRON002,2020,T_D_tkm_ldv_t,ge,0.0359915729265874,,,,,,,,TRPHRON002,398.2408175205526,4.658326863493794,T_D_tkm_ldv
ON,T_LDV_LTF_GSL_HEV,0.325,"An estimate of how much activity a unit of capacity can deliver in a year. Assuming this vehicle class can be driven at an avg. speed of 50 km/h carrying 1 tonne of payload for 6,500 hours each year. ",,,,,,,TRPHRON002,2010,T_D_tkm_ldv_t,le,0.0378372946151303,,,,,,,,TRPHRON002,0.069834156170377,0.0008587590508957116,T_D_tkm_ldv
ON,T_LDV_LTF_GSL_HEV,0.325,"An estimate of how much activity a unit of capacity can deliver in a year. Assuming this vehicle class can be driven at an avg. speed of 50 km/h carrying 1 tonne of payload for 6,500 hours each year. ",,,,,,,TRPHRON002,2010,T_D_tkm_ldv_t,le,0.0378372946151303,,,,,,,,TRPHRON002,0.06564410680015438,0.000807233507841969,T_D_tkm_ldv
ON,T_LDV_LTF_GSL_HEV,0.325,"An estimate of how much activity a unit of capacity can deliver in a year. Assuming this vehicle class can be driven at an avg. speed of 50 km/h carrying 1 tonne of payload for 6,500 hours each year. ",,,,,,,TRPHRON002,2010,T_D_tkm_ldv_t,le,0.0378372946151303,,,,,,,,TRPHRON002,0.05447064181289406,0.0006698320596986551,T_D_tkm_ldv
ON,T_LDV_LTF_GSL_HEV,0.325,"An estimate of how much activity a unit of capacity can deliver in a year. Assuming this vehicle class can be driven at an avg. speed of 50 km/h carrying 1 tonne of payload for 6,500 hours each year. ",,,,,,,TRPHRON002,2015,T_D_tkm_ldv_t,le,0.0378372946151303,,,,,,,,TRPHRON002,0.0057270909001668,7.042672834510399e-05,T_D_tkm_ldv
ON,T_LDV_LTF_GSL_HEV,0.325,"An estimate of how much activity a unit of capacity can deliver in a year. Assuming this vehicle class can be driven at an avg. speed of 50 km/h carrying 1 tonne of payload for 6,500 hours each year. ",,,,,,,TRPHRON002,2015,T_D_tkm_ldv_t,le,0.0378372946151303,,,,,,,,TRPHRON002,0.005383465446156792,6.620112464439773e-05,T_D_tkm_ldv
ON,T_LDV_LTF_GSL_HEV,0.325,"An estimate of how much activity a unit of capacity can deliver in a year. Assuming this vehicle class can be driven at an avg. speed of 50 km/h carrying 1 tonne of payload for 6,500 hours each year. ",,,,,,,TRPHRON002,2020,T_D_tkm_ldv_t,le,0.0378372946151303,,,,,,,,TRPHRON002,25.617133762427937,0.31501698714336085,T_D_tkm_ldv
ON,T_LDV_LTF_GSL_HEV,0.325,"An estimate of how much activity a unit of capacity can deliver in a year. Assuming this vehicle class can be driven at an avg. speed of 50 km/h carrying 1 tonne of payload for 6,500 hours each year. ",,,,,,,TRPHRON002,2010,T_D_tkm_ldv_t,ge,0.0359915729265874,,,,,,,,TRPHRON002,0.069834156170377,0.0008168683654861655,T_D_tkm_ldv
ON,T_LDV_LTF_GSL_HEV,0.325,"An estimate of how much activity a unit of capacity can deliver in a year. Assuming this vehicle class can be driven at an avg. speed of 50 km/h carrying 1 tonne of payload for 6,500 hours each year. ",,,,,,,TRPHRON002,2010,T_D_tkm_ldv_t,ge,0.0359915729265874,,,,,,,,TRPHRON002,0.06564410680015438,0.0007678562635569957,T_D_tkm_ldv
ON,T_LDV_LTF_GSL_HEV,0.325,"An estimate of how much activity a unit of capacity can deliver in a year. Assuming this vehicle class can be driven at an avg. speed of 50 km/h carrying 1 tonne of payload for 6,500 hours each year. ",,,,,,,TRPHRON002,2010,T_D_tkm_ldv_t,ge,0.0359915729265874,,,,,,,,TRPHRON002,0.05447064181289406,0.0006371573250792092,T_D_tkm_ldv
ON,T_LDV_LTF_GSL_HEV,0.325,"An estimate of how much activity a unit of capacity can deliver in a year. Assuming this vehicle class can be driven at an avg. speed of 50 km/h carrying 1 tonne of payload for 6,500 hours each year. ",,,,,,,TRPHRON002,2015,T_D_tkm_ldv_t,ge,0.0359915729265874,,,,,,,,TRPHRON002,0.0057270909001668,6.699127818192825e-05,T_D_tkm_ldv
ON,T_LDV_LTF_GSL_HEV,0.325,"An estimate of how much activity a unit of capacity can deliver in a year. Assuming this vehicle class can be driven at an avg. speed of 50 km/h carrying 1 tonne of payload for 6,500 hours each year. ",,,,,,,TRPHRON002,2015,T_D_tkm_ldv_t,ge,0.0359915729265874,,,,,,,,TRPHRON002,0.005383465446156792,6.297180149101255e-05,T_D_tkm_ldv
ON,T_LDV_LTF_GSL_HEV,0.325,"An estimate of how much activity a unit of capacity can deliver in a year. Assuming this vehicle class can be driven at an avg. speed of 50 km/h carrying 1 tonne of payload for 6,500 hours each year. ",,,,,,,TRPHRON002,2020,T_D_tkm_ldv_t,ge,0.0359915729265874,,,,,,,,TRPHRON002,25.617133762427937,0.29965030484368504,T_D_tkm_ldv
ON,T_LDV_LTF_GSL_PHEV35,0.325,"An estimate of how much activity a unit of capacity can deliver in a year. Assuming this vehicle class can be driven at an avg. speed of 50 km/h carrying 1 tonne of payload for 6,500 hours each year. ",,,,,,,TRPHRON002,2015,T_D_tkm_ldv_t,le,0.0378372946151303,,,,,,,,TRPHRON002,0.9409078892539806,0.01157045792870606,T_D_tkm_ldv
ON,T_LDV_LTF_GSL_PHEV35,0.325,"An estimate of how much activity a unit of capacity can deliver in a year. Assuming this vehicle class can be driven at an avg. speed of 50 km/h carrying 1 tonne of payload for 6,500 hours each year. ",,,,,,,TRPHRON002,2015,T_D_tkm_ldv_t,le,0.0378372946151303,,,,,,,,TRPHRON002,0.8844534158987417,0.010876230452983695,T_D_tkm_ldv
ON,T_LDV_LTF_GSL_PHEV35,0.325,"An estimate of how much activity a unit of capacity can deliver in a year. Assuming this vehicle class can be driven at an avg. speed of 50 km/h carrying 1 tonne of payload for 6,500 hours each year. ",,,,,,,TRPHRON002,2020,T_D_tkm_ldv_t,le,0.0378372946151303,,,,,,,,TRPHRON002,1.6424670774932877,0.020197615979698814,T_D_tkm_ldv
ON,T_LDV_LTF_GSL_PHEV35,0.325,"An estimate of how much activity a unit of capacity can deliver in a year. Assuming this vehicle class can be driven at an avg. speed of 50 km/h carrying 1 tonne of payload for 6,500 hours each year. ",,,,,,,TRPHRON002,2015,T_D_tkm_ldv_t,ge,0.0359915729265874,,,,,,,,TRPHRON002,0.9409078892539806,0.011006045346817971,T_D_tkm_ldv
ON,T_LDV_LTF_GSL_PHEV35,0.325,"An estimate of how much activity a unit of capacity can deliver in a year. Assuming this vehicle class can be driven at an avg. speed of 50 km/h carrying 1 tonne of payload for 6,500 hours each year. ",,,,,,,TRPHRON002,2015,T_D_tkm_ldv_t,ge,0.0359915729265874,,,,,,,,TRPHRON002,0.8844534158987417,0.010345682626008892,T_D_tkm_ldv
ON,T_LDV_LTF_GSL_PHEV35,0.325,"An estimate of how much activity a unit of capacity can deliver in a year. Assuming this vehicle class can be driven at an avg. speed of 50 km/h carrying 1 tonne of payload for 6,500 hours each year. ",,,,,,,TRPHRON002,2020,T_D_tkm_ldv_t,ge,0.0359915729265874,,,,,,,,TRPHRON002,1.6424670774932877,0.019212366419713526,T_D_tkm_ldv
ON,T_LDV_LTP_BEV300,1.625,"An estimate of how much activity a unit of capacity can deliver in a year. Assuming this vehicle class can be driven at an avg. speed of 50 km/h carrying 5 passengers for 6,500 hours each year. ",,,,,,,TRPHRON002,2010,T_D_pkm_ldv_t,le,0.0196139683167363,,,,,,,,TRPHRON002,0.0730738259052646,0.002329060022393916,T_D_pkm_ldv
ON,T_LDV_LTP_BEV300,1.625,"An estimate of how much activity a unit of capacity can deliver in a year. Assuming this vehicle class can be driven at an avg. speed of 50 km/h carrying 5 passengers for 6,500 hours each year. ",,,,,,,TRPHRON002,2010,T_D_pkm_ldv_t,le,0.0196139683167363,,,,,,,,TRPHRON002,0.06868939635094871,0.002189316421050281,T_D_pkm_ldv
ON,T_LDV_LTP_BEV300,1.625,"An estimate of how much activity a unit of capacity can deliver in a year. Assuming this vehicle class can be driven at an avg. speed of 50 km/h carrying 5 passengers for 6,500 hours each year. ",,,,,,,TRPHRON002,2010,T_D_pkm_ldv_t,le,0.0196139683167363,,,,,,,,TRPHRON002,0.056997584206106386,0.001816666817467255,T_D_pkm_ldv
ON,T_LDV_LTP_BEV300,1.625,"An estimate of how much activity a unit of capacity can deliver in a year. Assuming this vehicle class can be driven at an avg. speed of 50 km/h carrying 5 passengers for 6,500 hours each year. ",,,,,,,TRPHRON002,2015,T_D_pkm_ldv_t,le,0.0196139683167363,,,,,,,,TRPHRON002,5.161927978540626,0.16452457421460204,T_D_pkm_ldv
ON,T_LDV_LTP_BEV300,1.625,"An estimate of how much activity a unit of capacity can deliver in a year. Assuming this vehicle class can be driven at an avg. speed of 50 km/h carrying 5 passengers for 6,500 hours each year. ",,,,,,,TRPHRON002,2015,T_D_pkm_ldv_t,le,0.0196139683167363,,,,,,,,TRPHRON002,4.852212299828188,0.1546530997617259,T_D_pkm_ldv
ON,T_LDV_LTP_BEV300,1.625,"An estimate of how much activity a unit of capacity can deliver in a year. Assuming this vehicle class can be driven at an avg. speed of 50 km/h carrying 5 passengers for 6,500 hours each year. ",,,,,,,TRPHRON002,2020,T_D_pkm_ldv_t,le,0.0196139683167363,,,,,,,,TRPHRON002,65.90675954649716,2.100626277106098,T_D_pkm_ldv
ON,T_LDV_LTP_BEV300,1.625,"An estimate of how much activity a unit of capacity can deliver in a year. Assuming this vehicle class can be driven at an avg. speed of 50 km/h carrying 5 passengers for 6,500 hours each year. ",,,,,,,TRPHRON002,2010,T_D_pkm_ldv_t,ge,0.0186571893744564,,,,,,,,TRPHRON002,0.0730738259052646,0.0022154473383746917,T_D_pkm_ldv
ON,T_LDV_LTP_BEV300,1.625,"An estimate of how much activity a unit of capacity can deliver in a year. Assuming this vehicle class can be driven at an avg. speed of 50 km/h carrying 5 passengers for 6,500 hours each year. ",,,,,,,TRPHRON002,2010,T_D_pkm_ldv_t,ge,0.0186571893744564,,,,,,,,TRPHRON002,0.06868939635094871,0.0020825204980722102,T_D_pkm_ldv
ON,T_LDV_LTP_BEV300,1.625,"An estimate of how much activity a unit of capacity can deliver in a year. Assuming this vehicle class can be driven at an avg. speed of 50 km/h carrying 5 passengers for 6,500 hours each year. ",,,,,,,TRPHRON002,2010,T_D_pkm_ldv_t,ge,0.0186571893744564,,,,,,,,TRPHRON002,0.056997584206106386,0.0017280489239322595,T_D_pkm_ldv
ON,T_LDV_LTP_BEV300,1.625,"An estimate of how much activity a unit of capacity can deliver in a year. Assuming this vehicle class can be driven at an avg. speed of 50 km/h carrying 5 passengers for 6,500 hours each year. ",,,,,,,TRPHRON002,2015,T_D_pkm_ldv_t,ge,0.0186571893744564,,,,,,,,TRPHRON002,5.161927978540626,0.15649898522852324,T_D_pkm_ldv
ON,T_LDV_LTP_BEV300,1.625,"An estimate of how much activity a unit of capacity can deliver in a year. Assuming this vehicle class can be driven at an avg. speed of 50 km/h carrying 5 passengers for 6,500 hours each year. ",,,,,,,TRPHRON002,2015,T_D_pkm_ldv_t,ge,0.0186571893744564,,,,,,,,TRPHRON002,4.852212299828188,0.14710904611481182,T_D_pkm_ldv
ON,T_LDV_LTP_BEV300,1.625,"An estimate of how much activity a unit of capacity can deliver in a year. Assuming this vehicle class can be driven at an avg. speed of 50 km/h carrying 5 passengers for 6,500 hours each year. ",,,,,,,TRPHRON002,2020,T_D_pkm_ldv_t,ge,0.0186571893744564,,,,,,,,TRPHRON002,65.90675954649716,1.9981567026131095,T_D_pkm_ldv
ON,T_LDV_LTP_DSL,1.625,"An estimate of how much activity a unit of capacity can deliver in a year. Assuming this vehicle class can be driven at an avg. speed of 50 km/h carrying 5 passengers for 6,500 hours each year. ",,,,,,,TRPHRON002,2000,T_D_pkm_ldv_t,le,0.0196139683167363,,,,,,,,TRPHRON002,6.1405199999999995,0.19571494268346404,T_D_pkm_ldv
ON,T_LDV_LTP_DSL,1.625,"An estimate of how much activity a unit of capacity can deliver in a year. Assuming this vehicle class can be driven at an avg. speed of 50 km/h carrying 5 passengers for 6,500 hours each year. ",,,,,,,TRPHRON002,2000,T_D_pkm_ldv_t,le,0.0196139683167363,,,,,,,,TRPHRON002,5.772088799999999,0.18397204612245618,T_D_pkm_ldv
ON,T_LDV_LTP_DSL,1.625,"An estimate of how much activity a unit of capacity can deliver in a year. Assuming this vehicle class can be driven at an avg. speed of 50 km/h carrying 5 passengers for 6,500 hours each year. ",,,,,,,TRPHRON002,2000,T_D_pkm_ldv_t,le,0.0196139683167363,,,,,,,,TRPHRON002,4.7896056,0.15265765529310196,T_D_pkm_ldv
ON,T_LDV_LTP_DSL,1.625,"An estimate of how much activity a unit of capacity can deliver in a year. Assuming this vehicle class can be driven at an avg. speed of 50 km/h carrying 5 passengers for 6,500 hours each year. ",,,,,,,TRPHRON002,2000,T_D_pkm_ldv_t,le,0.0196139683167363,,,,,,,,TRPHRON002,3.3772860000000002,0.10764321847590524,T_D_pkm_ldv
ON,T_LDV_LTP_DSL,1.625,"An estimate of how much activity a unit of capacity can deliver in a year. Assuming this vehicle class can be driven at an avg. speed of 50 km/h carrying 5 passengers for 6,500 hours each year. ",,,,,,,TRPHRON002,2000,T_D_pkm_ldv_t,le,0.0196139683167363,,,,,,,,TRPHRON002,1.9649664,0.0626287816587085,T_D_pkm_ldv
ON,T_LDV_LTP_DSL,1.625,"An estimate of how much activity a unit of capacity can deliver in a year. Assuming this vehicle class can be driven at an avg. speed of 50 km/h carrying 5 passengers for 6,500 hours each year. ",,,,,,,TRPHRON002,2005,T_D_pkm_ldv_t,le,0.0196139683167363,,,,,,,,TRPHRON002,31.47267,1.0031189223625328,T_D_pkm_ldv
ON,T_LDV_LTP_DSL,1.625,"An estimate of how much activity a unit of capacity can deliver in a year. Assuming this vehicle class can be driven at an avg. speed of 50 km/h carrying 5 passengers for 6,500 hours each year. ",,,,,,,TRPHRON002,2005,T_D_pkm_ldv_t,le,0.0196139683167363,,,,,,,,TRPHRON002,29.5843098,0.9429317870207806,T_D_pkm_ldv
ON,T_LDV_LTP_DSL,1.625,"An estimate of how much activity a unit of capacity can deliver in a year. Assuming this vehicle class can be driven at an avg. speed of 50 km/h carrying 5 passengers for 6,500 hours each year. ",,,,,,,TRPHRON002,2005,T_D_pkm_ldv_t,le,0.0196139683167363,,,,,,,,TRPHRON002,24.548682600000003,0.7824327594427756,T_D_pkm_ldv
ON,T_LDV_LTP_DSL,1.625,"An estimate of how much activity a unit of capacity can deliver in a year. Assuming this vehicle class can be driven at an avg. speed of 50 km/h carrying 5 passengers for 6,500 hours each year. ",,,,,,,TRPHRON002,2005,T_D_pkm_ldv_t,le,0.0196139683167363,,,,,,,,TRPHRON002,17.3099685,0.551715407299393,T_D_pkm_ldv
ON,T_LDV_LTP_DSL,1.625,"An estimate of how much activity a unit of capacity can deliver in a year. Assuming this vehicle class can be driven at an avg. speed of 50 km/h carrying 5 passengers for 6,500 hours each year. ",,,,,,,TRPHRON002,2010,T_D_pkm_ldv_t,le,0.0196139683167363,,,,,,,,TRPHRON002,55.52735406832949,1.7698066155386711,T_D_pkm_ldv
ON,T_LDV_LTP_DSL,1.625,"An estimate of how much activity a unit of capacity can deliver in a year. Assuming this vehicle class can be driven at an avg. speed of 50 km/h carrying 5 passengers for 6,500 hours each year. ",,,,,,,TRPHRON002,2010,T_D_pkm_ldv_t,le,0.0196139683167363,,,,,,,,TRPHRON002,52.195712824229716,1.6636182186063506,T_D_pkm_ldv
ON,T_LDV_LTP_DSL,1.625,"An estimate of how much activity a unit of capacity can deliver in a year. Assuming this vehicle class can be driven at an avg. speed of 50 km/h carrying 5 passengers for 6,500 hours each year. ",,,,,,,TRPHRON002,2010,T_D_pkm_ldv_t,le,0.0196139683167363,,,,,,,,TRPHRON002,43.311336173297,1.3804491601201634,T_D_pkm_ldv
ON,T_LDV_LTP_DSL,1.625,"An estimate of how much activity a unit of capacity can deliver in a year. Assuming this vehicle class can be driven at an avg. speed of 50 km/h carrying 5 passengers for 6,500 hours each year. ",,,,,,,TRPHRON002,2015,T_D_pkm_ldv_t,le,0.0196139683167363,,,,,,,,TRPHRON002,67.60222517221418,2.154665341836608,T_D_pkm_ldv
ON,T_LDV_LTP_DSL,1.625,"An estimate of how much activity a unit of capacity can deliver in a year. Assuming this vehicle class can be driven at an avg. speed of 50 km/h carrying 5 passengers for 6,500 hours each year. ",,,,,,,TRPHRON002,2015,T_D_pkm_ldv_t,le,0.0196139683167363,,,,,,,,TRPHRON002,63.54609166188132,2.0253854213264115,T_D_pkm_ldv
ON,T_LDV_LTP_DSL,1.625,"An estimate of how much activity a unit of capacity can deliver in a year. Assuming this vehicle class can be driven at an avg. speed of 50 km/h carrying 5 passengers for 6,500 hours each year. ",,,,,,,TRPHRON002,2020,T_D_pkm_ldv_t,le,0.0196139683167363,,,,,,,,TRPHRON002,80.63177842404977,2.569952364413547,T_D_pkm_ldv
ON,T_LDV_LTP_DSL,1.625,"An estimate of how much activity a unit of capacity can deliver in a year. Assuming this vehicle class can be driven at an avg. speed of 50 km/h carrying 5 passengers for 6,500 hours each year. ",,,,,,,TRPHRON002,2000,T_D_pkm_ldv_t,ge,0.0186571893744564,,,,,,,,TRPHRON002,6.1405199999999995,0.18616787230866014,T_D_pkm_ldv
ON,T_LDV_LTP_DSL,1.625,"An estimate of how much activity a unit of capacity can deliver in a year. Assuming this vehicle class can be driven at an avg. speed of 50 km/h carrying 5 passengers for 6,500 hours each year. ",,,,,,,TRPHRON002,2000,T_D_pkm_ldv_t,ge,0.0186571893744564,,,,,,,,TRPHRON002,5.772088799999999,0.1749977999701405,T_D_pkm_ldv
ON,T_LDV_LTP_DSL,1.625,"An estimate of how much activity a unit of capacity can deliver in a year. Assuming this vehicle class can be driven at an avg. speed of 50 km/h carrying 5 passengers for 6,500 hours each year. ",,,,,,,TRPHRON002,2000,T_D_pkm_ldv_t,ge,0.0186571893744564,,,,,,,,TRPHRON002,4.7896056,0.1452109404007549,T_D_pkm_ldv
ON,T_LDV_LTP_DSL,1.625,"An estimate of how much activity a unit of capacity can deliver in a year. Assuming this vehicle class can be driven at an avg. speed of 50 km/h carrying 5 passengers for 6,500 hours each year. ",,,,,,,TRPHRON002,2000,T_D_pkm_ldv_t,ge,0.0186571893744564,,,,,,,,TRPHRON002,3.3772860000000002,0.10239232976976309,T_D_pkm_ldv
ON,T_LDV_LTP_DSL,1.625,"An estimate of how much activity a unit of capacity can deliver in a year. Assuming this vehicle class can be driven at an avg. speed of 50 km/h carrying 5 passengers for 6,500 hours each year. ",,,,,,,TRPHRON002,2000,T_D_pkm_ldv_t,ge,0.0186571893744564,,,,,,,,TRPHRON002,1.9649664,0.05957371913877125,T_D_pkm_ldv
ON,T_LDV_LTP_DSL,1.625,"An estimate of how much activity a unit of capacity can deliver in a year. Assuming this vehicle class can be driven at an avg. speed of 50 km/h carrying 5 passengers for 6,500 hours each year. ",,,,,,,TRPHRON002,2005,T_D_pkm_ldv_t,ge,0.0186571893744564,,,,,,,,TRPHRON002,31.47267,0.9541862920033807,T_D_pkm_ldv
ON,T_LDV_LTP_DSL,1.625,"An estimate of how much activity a unit of capacity can deliver in a year. Assuming this vehicle class can be driven at an avg. speed of 50 km/h carrying 5 passengers for 6,500 hours each year. ",,,,,,,TRPHRON002,2005,T_D_pkm_ldv_t,ge,0.0186571893744564,,,,,,,,TRPHRON002,29.5843098,0.8969351144831779,T_D_pkm_ldv
ON,T_LDV_LTP_DSL,1.625,"An estimate of how much activity a unit of capacity can deliver in a year. Assuming this vehicle class can be driven at an avg. speed of 50 km/h carrying 5 passengers for 6,500 hours each year. ",,,,,,,TRPHRON002,2005,T_D_pkm_ldv_t,ge,0.0186571893744564,,,,,,,,TRPHRON002,24.548682600000003,0.744265307762637,T_D_pkm_ldv
ON,T_LDV_LTP_DSL,1.625,"An estimate of how much activity a unit of capacity can deliver in a year. Assuming this vehicle class can be driven at an avg. speed of 50 km/h carrying 5 passengers for 6,500 hours each year. ",,,,,,,TRPHRON002,2005,T_D_pkm_ldv_t,ge,0.0186571893744564,,,,,,,,TRPHRON002,17.3099685,0.5248024606018594,T_D_pkm_ldv
ON,T_LDV_LTP_DSL,1.625,"An estimate of how much activity a unit of capacity can deliver in a year. Assuming this vehicle class can be driven at an avg. speed of 50 km/h carrying 5 passengers for 6,500 hours each year. ",,,,,,,TRPHRON002,2010,T_D_pkm_ldv_t,ge,0.0186571893744564,,,,,,,,TRPHRON002,55.52735406832949,1.6834745855123874,T_D_pkm_ldv
ON,T_LDV_LTP_DSL,1.625,"An estimate of how much activity a unit of capacity can deliver in a year. Assuming this vehicle class can be driven at an avg. speed of 50 km/h carrying 5 passengers for 6,500 hours each year. ",,,,,,,TRPHRON002,2010,T_D_pkm_ldv_t,ge,0.0186571893744564,,,,,,,,TRPHRON002,52.195712824229716,1.5824661103816442,T_D_pkm_ldv
ON,T_LDV_LTP_DSL,1.625,"An estimate of how much activity a unit of capacity can deliver in a year. Assuming this vehicle class can be driven at an avg. speed of 50 km/h carrying 5 passengers for 6,500 hours each year. ",,,,,,,TRPHRON002,2010,T_D_pkm_ldv_t,ge,0.0186571893744564,,,,,,,,TRPHRON002,43.311336173297,1.3131101766996622,T_D_pkm_ldv
ON,T_LDV_LTP_DSL,1.625,"An estimate of how much activity a unit of capacity can deliver in a year. Assuming this vehicle class can be driven at an avg. speed of 50 km/h carrying 5 passengers for 6,500 hours each year. ",,,,,,,TRPHRON002,2015,T_D_pkm_ldv_t,ge,0.0186571893744564,,,,,,,,TRPHRON002,67.60222517221418,2.0495597154055454,T_D_pkm_ldv
ON,T_LDV_LTP_DSL,1.625,"An estimate of how much activity a unit of capacity can deliver in a year. Assuming this vehicle class can be driven at an avg. speed of 50 km/h carrying 5 passengers for 6,500 hours each year. ",,,,,,,TRPHRON002,2015,T_D_pkm_ldv_t,ge,0.0186571893744564,,,,,,,,TRPHRON002,63.54609166188132,1.9265861324812126,T_D_pkm_ldv
ON,T_LDV_LTP_DSL,1.625,"An estimate of how much activity a unit of capacity can deliver in a year. Assuming this vehicle class can be driven at an avg. speed of 50 km/h carrying 5 passengers for 6,500 hours each year. ",,,,,,,TRPHRON002,2020,T_D_pkm_ldv_t,ge,0.0186571893744564,,,,,,,,TRPHRON002,80.63177842404977,2.4445888344421443,T_D_pkm_ldv
ON,T_LDV_LTP_GSL,1.625,"An estimate of how much activity a unit of capacity can deliver in a year. Assuming this vehicle class can be driven at an avg. speed of 50 km/h carrying 5 passengers for 6,500 hours each year. ",,,,,,,TRPHRON002,2000,T_D_pkm_ldv_t,le,0.0196139683167363,,,,,,,,TRPHRON002,194.4498,6.197639851643029,T_D_pkm_ldv
ON,T_LDV_LTP_GSL,1.625,"An estimate of how much activity a unit of capacity can deliver in a year. Assuming this vehicle class can be driven at an avg. speed of 50 km/h carrying 5 passengers for 6,500 hours each year. ",,,,,,,TRPHRON002,2000,T_D_pkm_ldv_t,le,0.0196139683167363,,,,,,,,TRPHRON002,182.782812,5.825781460544447,T_D_pkm_ldv
ON,T_LDV_LTP_GSL,1.625,"An estimate of how much activity a unit of capacity can deliver in a year. Assuming this vehicle class can be driven at an avg. speed of 50 km/h carrying 5 passengers for 6,500 hours each year. ",,,,,,,TRPHRON002,2000,T_D_pkm_ldv_t,le,0.0196139683167363,,,,,,,,TRPHRON002,151.67084400000002,4.834159084281563,T_D_pkm_ldv
ON,T_LDV_LTP_GSL,1.625,"An estimate of how much activity a unit of capacity can deliver in a year. Assuming this vehicle class can be driven at an avg. speed of 50 km/h carrying 5 passengers for 6,500 hours each year. ",,,,,,,TRPHRON002,2000,T_D_pkm_ldv_t,le,0.0196139683167363,,,,,,,,TRPHRON002,106.94739000000001,3.408701918403666,T_D_pkm_ldv
ON,T_LDV_LTP_GSL,1.625,"An estimate of how much activity a unit of capacity can deliver in a year. Assuming this vehicle class can be driven at an avg. speed of 50 km/h carrying 5 passengers for 6,500 hours each year. ",,,,,,,TRPHRON002,2000,T_D_pkm_ldv_t,le,0.0196139683167363,,,,,,,,TRPHRON002,62.223936,1.9832447525257693,T_D_pkm_ldv
ON,T_LDV_LTP_GSL,1.625,"An estimate of how much activity a unit of capacity can deliver in a year. Assuming this vehicle class can be driven at an avg. speed of 50 km/h carrying 5 passengers for 6,500 hours each year. ",,,,,,,TRPHRON002,2005,T_D_pkm_ldv_t,le,0.0196139683167363,,,,,,,,TRPHRON002,996.63455,31.765432541480198,T_D_pkm_ldv
ON,T_LDV_LTP_GSL,1.625,"An estimate of how much activity a unit of capacity can deliver in a year. Assuming this vehicle class can be driven at an avg. speed of 50 km/h carrying 5 passengers for 6,500 hours each year. ",,,,,,,TRPHRON002,2005,T_D_pkm_ldv_t,le,0.0196139683167363,,,,,,,,TRPHRON002,936.836477,29.859506588991387,T_D_pkm_ldv
ON,T_LDV_LTP_GSL,1.625,"An estimate of how much activity a unit of capacity can deliver in a year. Assuming this vehicle class can be driven at an avg. speed of 50 km/h carrying 5 passengers for 6,500 hours each year. ",,,,,,,TRPHRON002,2005,T_D_pkm_ldv_t,le,0.0196139683167363,,,,,,,,TRPHRON002,777.374949,24.777037382354557,T_D_pkm_ldv
ON,T_LDV_LTP_GSL,1.625,"An estimate of how much activity a unit of capacity can deliver in a year. Assuming this vehicle class can be driven at an avg. speed of 50 km/h carrying 5 passengers for 6,500 hours each year. ",,,,,,,TRPHRON002,2005,T_D_pkm_ldv_t,le,0.0196139683167363,,,,,,,,TRPHRON002,548.1490025,17.470987897814112,T_D_pkm_ldv
ON,T_LDV_LTP_GSL,1.625,"An estimate of how much activity a unit of capacity can deliver in a year. Assuming this vehicle class can be driven at an avg. speed of 50 km/h carrying 5 passengers for 6,500 hours each year. ",,,,,,,TRPHRON002,2010,T_D_pkm_ldv_t,le,0.0196139683167363,,,,,,,,TRPHRON002,1260.8452784386536,40.18654143335375,T_D_pkm_ldv
ON,T_LDV_LTP_GSL,1.625,"An estimate of how much activity a unit of capacity can deliver in a year. Assuming this vehicle class can be driven at an avg. speed of 50 km/h carrying 5 passengers for 6,500 hours each year. ",,,,,,,TRPHRON002,2010,T_D_pkm_ldv_t,le,0.0196139683167363,,,,,,,,TRPHRON002,1185.1945617323343,37.77534894735252,T_D_pkm_ldv
ON,T_LDV_LTP_GSL,1.625,"An estimate of how much activity a unit of capacity can deliver in a year. Assuming this vehicle class can be driven at an avg. speed of 50 km/h carrying 5 passengers for 6,500 hours each year. ",,,,,,,TRPHRON002,2010,T_D_pkm_ldv_t,le,0.0196139683167363,,,,,,,,TRPHRON002,983.4593171821499,31.345502318015928,T_D_pkm_ldv
ON,T_LDV_LTP_GSL,1.625,"An estimate of how much activity a unit of capacity can deliver in a year. Assuming this vehicle class can be driven at an avg. speed of 50 km/h carrying 5 passengers for 6,500 hours each year. ",,,,,,,TRPHRON002,2015,T_D_pkm_ldv_t,le,0.0196139683167363,,,,,,,,TRPHRON002,1827.4010728643143,58.24420346083719,T_D_pkm_ldv
ON,T_LDV_LTP_GSL,1.625,"An estimate of how much activity a unit of capacity can deliver in a year. Assuming this vehicle class can be driven at an avg. speed of 50 km/h carrying 5 passengers for 6,500 hours each year. ",,,,,,,TRPHRON002,2015,T_D_pkm_ldv_t,le,0.0196139683167363,,,,,,,,TRPHRON002,1717.7570084924553,54.74955125318696,T_D_pkm_ldv
ON,T_LDV_LTP_GSL,1.625,"An estimate of how much activity a unit of capacity can deliver in a year. Assuming this vehicle class can be driven at an avg. speed of 50 km/h carrying 5 passengers for 6,500 hours each year. ",,,,,,,TRPHRON002,2020,T_D_pkm_ldv_t,le,0.0196139683167363,,,,,,,,TRPHRON002,1526.0611036975129,48.639685473155794,T_D_pkm_ldv
ON,T_LDV_LTP_GSL,1.625,"An estimate of how much activity a unit of capacity can deliver in a year. Assuming this vehicle class can be driven at an avg. speed of 50 km/h carrying 5 passengers for 6,500 hours each year. ",,,,,,,TRPHRON002,2000,T_D_pkm_ldv_t,ge,0.0186571893744564,,,,,,,,TRPHRON002,194.4498,5.895315956440905,T_D_pkm_ldv
ON,T_LDV_LTP_GSL,1.625,"An estimate of how much activity a unit of capacity can deliver in a year. Assuming this vehicle class can be driven at an avg. speed of 50 km/h carrying 5 passengers for 6,500 hours each year. ",,,,,,,TRPHRON002,2000,T_D_pkm_ldv_t,ge,0.0186571893744564,,,,,,,,TRPHRON002,182.782812,5.541596999054451,T_D_pkm_ldv
ON,T_LDV_LTP_GSL,1.625,"An estimate of how much activity a unit of capacity can deliver in a year. Assuming this vehicle class can be driven at an avg. speed of 50 km/h carrying 5 passengers for 6,500 hours each year. ",,,,,,,TRPHRON002,2000,T_D_pkm_ldv_t,ge,0.0186571893744564,,,,,,,,TRPHRON002,151.67084400000002,4.598346446023906,T_D_pkm_ldv
ON,T_LDV_LTP_GSL,1.625,"An estimate of how much activity a unit of capacity can deliver in a year. Assuming this vehicle class can be driven at an avg. speed of 50 km/h carrying 5 passengers for 6,500 hours each year. ",,,,,,,TRPHRON002,2000,T_D_pkm_ldv_t,ge,0.0186571893744564,,,,,,,,TRPHRON002,106.94739000000001,3.2424237760424983,T_D_pkm_ldv
ON,T_LDV_LTP_GSL,1.625,"An estimate of how much activity a unit of capacity can deliver in a year. Assuming this vehicle class can be driven at an avg. speed of 50 km/h carrying 5 passengers for 6,500 hours each year. ",,,,,,,TRPHRON002,2000,T_D_pkm_ldv_t,ge,0.0186571893744564,,,,,,,,TRPHRON002,62.223936,1.8865011060610897,T_D_pkm_ldv
ON,T_LDV_LTP_GSL,1.625,"An estimate of how much activity a unit of capacity can deliver in a year. Assuming this vehicle class can be driven at an avg. speed of 50 km/h carrying 5 passengers for 6,500 hours each year. ",,,,,,,TRPHRON002,2005,T_D_pkm_ldv_t,ge,0.0186571893744564,,,,,,,,TRPHRON002,996.63455,30.215899246773724,T_D_pkm_ldv
ON,T_LDV_LTP_GSL,1.625,"An estimate of how much activity a unit of capacity can deliver in a year. Assuming this vehicle class can be driven at an avg. speed of 50 km/h carrying 5 passengers for 6,500 hours each year. ",,,,,,,TRPHRON002,2005,T_D_pkm_ldv_t,ge,0.0186571893744564,,,,,,,,TRPHRON002,936.836477,28.402945291967296,T_D_pkm_ldv
ON,T_LDV_LTP_GSL,1.625,"An estimate of how much activity a unit of capacity can deliver in a year. Assuming this vehicle class can be driven at an avg. speed of 50 km/h carrying 5 passengers for 6,500 hours each year. ",,,,,,,TRPHRON002,2005,T_D_pkm_ldv_t,ge,0.0186571893744564,,,,,,,,TRPHRON002,777.374949,23.568401412483503,T_D_pkm_ldv
ON,T_LDV_LTP_GSL,1.625,"An estimate of how much activity a unit of capacity can deliver in a year. Assuming this vehicle class can be driven at an avg. speed of 50 km/h carrying 5 passengers for 6,500 hours each year. ",,,,,,,TRPHRON002,2005,T_D_pkm_ldv_t,ge,0.0186571893744564,,,,,,,,TRPHRON002,548.1490025,16.618744585725548,T_D_pkm_ldv
ON,T_LDV_LTP_GSL,1.625,"An estimate of how much activity a unit of capacity can deliver in a year. Assuming this vehicle class can be driven at an avg. speed of 50 km/h carrying 5 passengers for 6,500 hours each year. ",,,,,,,TRPHRON002,2010,T_D_pkm_ldv_t,ge,0.0186571893744564,,,,,,,,TRPHRON002,1260.8452784386536,38.22622233904365,T_D_pkm_ldv
ON,T_LDV_LTP_GSL,1.625,"An estimate of how much activity a unit of capacity can deliver in a year. Assuming this vehicle class can be driven at an avg. speed of 50 km/h carrying 5 passengers for 6,500 hours each year. ",,,,,,,TRPHRON002,2010,T_D_pkm_ldv_t,ge,0.0186571893744564,,,,,,,,TRPHRON002,1185.1945617323343,35.932648998701026,T_D_pkm_ldv
ON,T_LDV_LTP_GSL,1.625,"An estimate of how much activity a unit of capacity can deliver in a year. Assuming this vehicle class can be driven at an avg. speed of 50 km/h carrying 5 passengers for 6,500 hours each year. ",,,,,,,TRPHRON002,2010,T_D_pkm_ldv_t,ge,0.0186571893744564,,,,,,,,TRPHRON002,983.4593171821499,29.81645342445405,T_D_pkm_ldv
ON,T_LDV_LTP_GSL,1.625,"An estimate of how much activity a unit of capacity can deliver in a year. Assuming this vehicle class can be driven at an avg. speed of 50 km/h carrying 5 passengers for 6,500 hours each year. ",,,,,,,TRPHRON002,2015,T_D_pkm_ldv_t,ge,0.0186571893744564,,,,,,,,TRPHRON002,1827.4010728643143,55.40302280421076,T_D_pkm_ldv
ON,T_LDV_LTP_GSL,1.625,"An estimate of how much activity a unit of capacity can deliver in a year. Assuming this vehicle class can be driven at an avg. speed of 50 km/h carrying 5 passengers for 6,500 hours each year. ",,,,,,,TRPHRON002,2015,T_D_pkm_ldv_t,ge,0.0186571893744564,,,,,,,,TRPHRON002,1717.7570084924553,52.078841435958104,T_D_pkm_ldv
ON,T_LDV_LTP_GSL,1.625,"An estimate of how much activity a unit of capacity can deliver in a year. Assuming this vehicle class can be driven at an avg. speed of 50 km/h carrying 5 passengers for 6,500 hours each year. ",,,,,,,TRPHRON002,2020,T_D_pkm_ldv_t,ge,0.0186571893744564,,,,,,,,TRPHRON002,1526.0611036975129,46.26701788909922,T_D_pkm_ldv
ON,T_LDV_LTP_GSL_HEV,1.625,"An estimate of how much activity a unit of capacity can deliver in a year. Assuming this vehicle class can be driven at an avg. speed of 50 km/h carrying 5 passengers for 6,500 hours each year. ",,,,,,,TRPHRON002,2010,T_D_pkm_ldv_t,le,0.0196139683167363,,,,,,,,TRPHRON002,3.2458689100046225,0.10345460118680383,T_D_pkm_ldv
ON,T_LDV_LTP_GSL_HEV,1.625,"An estimate of how much activity a unit of capacity can deliver in a year. Assuming this vehicle class can be driven at an avg. speed of 50 km/h carrying 5 passengers for 6,500 hours each year. ",,,,,,,TRPHRON002,2010,T_D_pkm_ldv_t,le,0.0196139683167363,,,,,,,,TRPHRON002,3.051116775404345,0.0972473251155956,T_D_pkm_ldv
ON,T_LDV_LTP_GSL_HEV,1.625,"An estimate of how much activity a unit of capacity can deliver in a year. Assuming this vehicle class can be driven at an avg. speed of 50 km/h carrying 5 passengers for 6,500 hours each year. ",,,,,,,TRPHRON002,2010,T_D_pkm_ldv_t,le,0.0196139683167363,,,,,,,,TRPHRON002,2.531777749803606,0.080694588925707,T_D_pkm_ldv
ON,T_LDV_LTP_GSL_HEV,1.625,"An estimate of how much activity a unit of capacity can deliver in a year. Assuming this vehicle class can be driven at an avg. speed of 50 km/h carrying 5 passengers for 6,500 hours each year. ",,,,,,,TRPHRON002,2015,T_D_pkm_ldv_t,le,0.0196139683167363,,,,,,,,TRPHRON002,21.06352621337658,0.6713514206553582,T_D_pkm_ldv
ON,T_LDV_LTP_GSL_HEV,1.625,"An estimate of how much activity a unit of capacity can deliver in a year. Assuming this vehicle class can be driven at an avg. speed of 50 km/h carrying 5 passengers for 6,500 hours each year. ",,,,,,,TRPHRON002,2015,T_D_pkm_ldv_t,le,0.0196139683167363,,,,,,,,TRPHRON002,19.799714640573985,0.6310703354160367,T_D_pkm_ldv
ON,T_LDV_LTP_GSL_HEV,1.625,"An estimate of how much activity a unit of capacity can deliver in a year. Assuming this vehicle class can be driven at an avg. speed of 50 km/h carrying 5 passengers for 6,500 hours each year. ",,,,,,,TRPHRON002,2020,T_D_pkm_ldv_t,le,0.0196139683167363,,,,,,,,TRPHRON002,104.24125241500248,3.3224500110177506,T_D_pkm_ldv
ON,T_LDV_LTP_GSL_HEV,1.625,"An estimate of how much activity a unit of capacity can deliver in a year. Assuming this vehicle class can be driven at an avg. speed of 50 km/h carrying 5 passengers for 6,500 hours each year. ",,,,,,,TRPHRON002,2010,T_D_pkm_ldv_t,ge,0.0186571893744564,,,,,,,,TRPHRON002,3.2458689100046225,0.098408035275252,T_D_pkm_ldv
ON,T_LDV_LTP_GSL_HEV,1.625,"An estimate of how much activity a unit of capacity can deliver in a year. Assuming this vehicle class can be driven at an avg. speed of 50 km/h carrying 5 passengers for 6,500 hours each year. ",,,,,,,TRPHRON002,2010,T_D_pkm_ldv_t,ge,0.0186571893744564,,,,,,,,TRPHRON002,3.051116775404345,0.09250355315873689,T_D_pkm_ldv
ON,T_LDV_LTP_GSL_HEV,1.625,"An estimate of how much activity a unit of capacity can deliver in a year. Assuming this vehicle class can be driven at an avg. speed of 50 km/h carrying 5 passengers for 6,500 hours each year. ",,,,,,,TRPHRON002,2010,T_D_pkm_ldv_t,ge,0.0186571893744564,,,,,,,,TRPHRON002,2.531777749803606,0.07675826751469658,T_D_pkm_ldv
ON,T_LDV_LTP_GSL_HEV,1.625,"An estimate of how much activity a unit of capacity can deliver in a year. Assuming this vehicle class can be driven at an avg. speed of 50 km/h carrying 5 passengers for 6,500 hours each year. ",,,,,,,TRPHRON002,2015,T_D_pkm_ldv_t,ge,0.0186571893744564,,,,,,,,TRPHRON002,21.06352621337658,0.6386025708672892,T_D_pkm_ldv
ON,T_LDV_LTP_GSL_HEV,1.625,"An estimate of how much activity a unit of capacity can deliver in a year. Assuming this vehicle class can be driven at an avg. speed of 50 km/h carrying 5 passengers for 6,500 hours each year. ",,,,,,,TRPHRON002,2015,T_D_pkm_ldv_t,ge,0.0186571893744564,,,,,,,,TRPHRON002,19.799714640573985,0.600286416615252,T_D_pkm_ldv
ON,T_LDV_LTP_GSL_HEV,1.625,"An estimate of how much activity a unit of capacity can deliver in a year. Assuming this vehicle class can be driven at an avg. speed of 50 km/h carrying 5 passengers for 6,500 hours each year. ",,,,,,,TRPHRON002,2020,T_D_pkm_ldv_t,ge,0.0186571893744564,,,,,,,,TRPHRON002,104.24125241500248,3.1603792787729694,T_D_pkm_ldv
ON,T_LDV_LTP_GSL_PHEV35,1.625,"An estimate of how much activity a unit of capacity can deliver in a year. Assuming this vehicle class can be driven at an avg. speed of 50 km/h carrying 5 passengers for 6,500 hours each year. ",,,,,,,TRPHRON002,2010,T_D_pkm_ldv_t,le,0.0196139683167363,,,,,,,,TRPHRON002,0.0834247571069356,0.0026589721319311413,T_D_pkm_ldv
ON,T_LDV_LTP_GSL_PHEV35,1.625,"An estimate of how much activity a unit of capacity can deliver in a year. Assuming this vehicle class can be driven at an avg. speed of 50 km/h carrying 5 passengers for 6,500 hours each year. ",,,,,,,TRPHRON002,2010,T_D_pkm_ldv_t,le,0.0196139683167363,,,,,,,,TRPHRON002,0.07841927168051946,0.0024994338040152725,T_D_pkm_ldv
ON,T_LDV_LTP_GSL_PHEV35,1.625,"An estimate of how much activity a unit of capacity can deliver in a year. Assuming this vehicle class can be driven at an avg. speed of 50 km/h carrying 5 passengers for 6,500 hours each year. ",,,,,,,TRPHRON002,2010,T_D_pkm_ldv_t,le,0.0196139683167363,,,,,,,,TRPHRON002,0.06507131054340977,0.00207399826290629,T_D_pkm_ldv
ON,T_LDV_LTP_GSL_PHEV35,1.625,"An estimate of how much activity a unit of capacity can deliver in a year. Assuming this vehicle class can be driven at an avg. speed of 50 km/h carrying 5 passengers for 6,500 hours each year. ",,,,,,,TRPHRON002,2015,T_D_pkm_ldv_t,le,0.0196139683167363,,,,,,,,TRPHRON002,5.161247771554364,0.16450289418240133,T_D_pkm_ldv
ON,T_LDV_LTP_GSL_PHEV35,1.625,"An estimate of how much activity a unit of capacity can deliver in a year. Assuming this vehicle class can be driven at an avg. speed of 50 km/h carrying 5 passengers for 6,500 hours each year. ",,,,,,,TRPHRON002,2015,T_D_pkm_ldv_t,le,0.0196139683167363,,,,,,,,TRPHRON002,4.851572905261102,0.1546327205314572,T_D_pkm_ldv
ON,T_LDV_LTP_GSL_PHEV35,1.625,"An estimate of how much activity a unit of capacity can deliver in a year. Assuming this vehicle class can be driven at an avg. speed of 50 km/h carrying 5 passengers for 6,500 hours each year. ",,,,,,,TRPHRON002,2020,T_D_pkm_ldv_t,le,0.0196139683167363,,,,,,,,TRPHRON002,17.880105916937783,0.5698872253013987,T_D_pkm_ldv
ON,T_LDV_LTP_GSL_PHEV35,1.625,"An estimate of how much activity a unit of capacity can deliver in a year. Assuming this vehicle class can be driven at an avg. speed of 50 km/h carrying 5 passengers for 6,500 hours each year. ",,,,,,,TRPHRON002,2010,T_D_pkm_ldv_t,ge,0.0186571893744564,,,,,,,,TRPHRON002,0.0834247571069356,0.002529266174275953,T_D_pkm_ldv
ON,T_LDV_LTP_GSL_PHEV35,1.625,"An estimate of how much activity a unit of capacity can deliver in a year. Assuming this vehicle class can be driven at an avg. speed of 50 km/h carrying 5 passengers for 6,500 hours each year. ",,,,,,,TRPHRON002,2010,T_D_pkm_ldv_t,ge,0.0186571893744564,,,,,,,,TRPHRON002,0.07841927168051946,0.0023775102038193956,T_D_pkm_ldv
ON,T_LDV_LTP_GSL_PHEV35,1.625,"An estimate of how much activity a unit of capacity can deliver in a year. Assuming this vehicle class can be driven at an avg. speed of 50 km/h carrying 5 passengers for 6,500 hours each year. ",,,,,,,TRPHRON002,2010,T_D_pkm_ldv_t,ge,0.0186571893744564,,,,,,,,TRPHRON002,0.06507131054340977,0.0019728276159352433,T_D_pkm_ldv
ON,T_LDV_LTP_GSL_PHEV35,1.625,"An estimate of how much activity a unit of capacity can deliver in a year. Assuming this vehicle class can be driven at an avg. speed of 50 km/h carrying 5 passengers for 6,500 hours each year. ",,,,,,,TRPHRON002,2015,T_D_pkm_ldv_t,ge,0.0186571893744564,,,,,,,,TRPHRON002,5.161247771554364,0.1564783627588689,T_D_pkm_ldv
ON,T_LDV_LTP_GSL_PHEV35,1.625,"An estimate of how much activity a unit of capacity can deliver in a year. Assuming this vehicle class can be driven at an avg. speed of 50 km/h carrying 5 passengers for 6,500 hours each year. ",,,,,,,TRPHRON002,2015,T_D_pkm_ldv_t,ge,0.0186571893744564,,,,,,,,TRPHRON002,4.851572905261102,0.14708966099333676,T_D_pkm_ldv
ON,T_LDV_LTP_GSL_PHEV35,1.625,"An estimate of how much activity a unit of capacity can deliver in a year. Assuming this vehicle class can be driven at an avg. speed of 50 km/h carrying 5 passengers for 6,500 hours each year. ",,,,,,,TRPHRON002,2020,T_D_pkm_ldv_t,ge,0.0186571893744564,,,,,,,,TRPHRON002,17.880105916937783,0.5420878484574257,T_D_pkm_ldv
ON,T_MDV_T_DSL,1.625,"An estimate of how much activity a unit of capacity can deliver in a year. Assuming this vehicle class can be driven at an avg. speed of 50 km/h carrying 5 tonnes of payload for 6,500 hours each year. ",,,,,,,TRPHRON002,2000,T_D_tkm_mdv_t,le,0.0130254870502104,,,,,,,,TRPHRON002,13.1574,0.27849500788596226,T_D_tkm_mdv
ON,T_MDV_T_DSL,1.625,"An estimate of how much activity a unit of capacity can deliver in a year. Assuming this vehicle class can be driven at an avg. speed of 50 km/h carrying 5 tonnes of payload for 6,500 hours each year. ",,,,,,,TRPHRON002,2000,T_D_tkm_mdv_t,le,0.0130254870502104,,,,,,,,TRPHRON002,13.025826,0.27571005780710267,T_D_tkm_mdv
ON,T_MDV_T_DSL,1.625,"An estimate of how much activity a unit of capacity can deliver in a year. Assuming this vehicle class can be driven at an avg. speed of 50 km/h carrying 5 tonnes of payload for 6,500 hours each year. ",,,,,,,TRPHRON002,2000,T_D_tkm_mdv_t,le,0.0130254870502104,,,,,,,,TRPHRON002,11.446938000000001,0.24229065686078718,T_D_tkm_mdv
ON,T_MDV_T_DSL,1.625,"An estimate of how much activity a unit of capacity can deliver in a year. Assuming this vehicle class can be driven at an avg. speed of 50 km/h carrying 5 tonnes of payload for 6,500 hours each year. ",,,,,,,TRPHRON002,2000,T_D_tkm_mdv_t,le,0.0130254870502104,,,,,,,,TRPHRON002,9.078606,0.19216155544131397,T_D_tkm_mdv
ON,T_MDV_T_DSL,1.625,"An estimate of how much activity a unit of capacity can deliver in a year. Assuming this vehicle class can be driven at an avg. speed of 50 km/h carrying 5 tonnes of payload for 6,500 hours each year. ",,,,,,,TRPHRON002,2000,T_D_tkm_mdv_t,le,0.0130254870502104,,,,,,,,TRPHRON002,6.315552,0.1336776037852619,T_D_tkm_mdv
ON,T_MDV_T_DSL,1.625,"An estimate of how much activity a unit of capacity can deliver in a year. Assuming this vehicle class can be driven at an avg. speed of 50 km/h carrying 5 tonnes of payload for 6,500 hours each year. ",,,,,,,TRPHRON002,2005,T_D_tkm_mdv_t,le,0.0130254870502104,,,,,,,,TRPHRON002,76.0962,1.6106838599641085,T_D_tkm_mdv
ON,T_MDV_T_DSL,1.625,"An estimate of how much activity a unit of capacity can deliver in a year. Assuming this vehicle class can be driven at an avg. speed of 50 km/h carrying 5 tonnes of payload for 6,500 hours each year. ",,,,,,,TRPHRON002,2005,T_D_tkm_mdv_t,le,0.0130254870502104,,,,,,,,TRPHRON002,75.33523799999999,1.5945770213644672,T_D_tkm_mdv
ON,T_MDV_T_DSL,1.625,"An estimate of how much activity a unit of capacity can deliver in a year. Assuming this vehicle class can be driven at an avg. speed of 50 km/h carrying 5 tonnes of payload for 6,500 hours each year. ",,,,,,,TRPHRON002,2005,T_D_tkm_mdv_t,le,0.0130254870502104,,,,,,,,TRPHRON002,66.203694,1.4012949581687744,T_D_tkm_mdv
ON,T_MDV_T_DSL,1.625,"An estimate of how much activity a unit of capacity can deliver in a year. Assuming this vehicle class can be driven at an avg. speed of 50 km/h carrying 5 tonnes of payload for 6,500 hours each year. ",,,,,,,TRPHRON002,2005,T_D_tkm_mdv_t,le,0.0130254870502104,,,,,,,,TRPHRON002,52.50637799999999,1.1113718633752347,T_D_tkm_mdv
ON,T_MDV_T_DSL,1.625,"An estimate of how much activity a unit of capacity can deliver in a year. Assuming this vehicle class can be driven at an avg. speed of 50 km/h carrying 5 tonnes of payload for 6,500 hours each year. ",,,,,,,TRPHRON002,2010,T_D_tkm_mdv_t,le,0.0130254870502104,,,,,,,,TRPHRON002,86.4498,1.8298324693890784,T_D_tkm_mdv
ON,T_MDV_T_DSL,1.625,"An estimate of how much activity a unit of capacity can deliver in a year. Assuming this vehicle class can be driven at an avg. speed of 50 km/h carrying 5 tonnes of payload for 6,500 hours each year. ",,,,,,,TRPHRON002,2010,T_D_tkm_mdv_t,le,0.0130254870502104,,,,,,,,TRPHRON002,85.585302,1.8115341446951876,T_D_tkm_mdv
ON,T_MDV_T_DSL,1.625,"An estimate of how much activity a unit of capacity can deliver in a year. Assuming this vehicle class can be driven at an avg. speed of 50 km/h carrying 5 tonnes of payload for 6,500 hours each year. ",,,,,,,TRPHRON002,2010,T_D_tkm_mdv_t,le,0.0130254870502104,,,,,,,,TRPHRON002,75.211326,1.5919542483684983,T_D_tkm_mdv
ON,T_MDV_T_DSL,1.625,"An estimate of how much activity a unit of capacity can deliver in a year. Assuming this vehicle class can be driven at an avg. speed of 50 km/h carrying 5 tonnes of payload for 6,500 hours each year. ",,,,,,,TRPHRON002,2015,T_D_tkm_mdv_t,le,0.0130254870502104,,,,,,,,TRPHRON002,130.11978010713406,2.754169454987762,T_D_tkm_mdv
ON,T_MDV_T_DSL,1.625,"An estimate of how much activity a unit of capacity can deliver in a year. Assuming this vehicle class can be driven at an avg. speed of 50 km/h carrying 5 tonnes of payload for 6,500 hours each year. ",,,,,,,TRPHRON002,2015,T_D_tkm_mdv_t,le,0.0130254870502104,,,,,,,,TRPHRON002,128.81858230606272,2.7266277604378844,T_D_tkm_mdv
ON,T_MDV_T_DSL,1.625,"An estimate of how much activity a unit of capacity can deliver in a year. Assuming this vehicle class can be driven at an avg. speed of 50 km/h carrying 5 tonnes of payload for 6,500 hours each year. ",,,,,,,TRPHRON002,2020,T_D_tkm_mdv_t,le,0.0130254870502104,,,,,,,,TRPHRON002,135.83619829693492,2.875165543033124,T_D_tkm_mdv
ON,T_MDV_T_DSL,1.625,"An estimate of how much activity a unit of capacity can deliver in a year. Assuming this vehicle class can be driven at an avg. speed of 50 km/h carrying 5 tonnes of payload for 6,500 hours each year. ",,,,,,,TRPHRON002,2000,T_D_tkm_mdv_t,ge,0.012390097438005,,,,,,,,TRPHRON002,13.1574,0.26490988555006134,T_D_tkm_mdv
ON,T_MDV_T_DSL,1.625,"An estimate of how much activity a unit of capacity can deliver in a year. Assuming this vehicle class can be driven at an avg. speed of 50 km/h carrying 5 tonnes of payload for 6,500 hours each year. ",,,,,,,TRPHRON002,2000,T_D_tkm_mdv_t,ge,0.012390097438005,,,,,,,,TRPHRON002,13.025826,0.2622607866945607,T_D_tkm_mdv
ON,T_MDV_T_DSL,1.625,"An estimate of how much activity a unit of capacity can deliver in a year. Assuming this vehicle class can be driven at an avg. speed of 50 km/h carrying 5 tonnes of payload for 6,500 hours each year. ",,,,,,,TRPHRON002,2000,T_D_tkm_mdv_t,ge,0.012390097438005,,,,,,,,TRPHRON002,11.446938000000001,0.23047160042855339,T_D_tkm_mdv
ON,T_MDV_T_DSL,1.625,"An estimate of how much activity a unit of capacity can deliver in a year. Assuming this vehicle class can be driven at an avg. speed of 50 km/h carrying 5 tonnes of payload for 6,500 hours each year. ",,,,,,,TRPHRON002,2000,T_D_tkm_mdv_t,ge,0.012390097438005,,,,,,,,TRPHRON002,9.078606,0.18278782102954233,T_D_tkm_mdv
ON,T_MDV_T_DSL,1.625,"An estimate of how much activity a unit of capacity can deliver in a year. Assuming this vehicle class can be driven at an avg. speed of 50 km/h carrying 5 tonnes of payload for 6,500 hours each year. ",,,,,,,TRPHRON002,2000,T_D_tkm_mdv_t,ge,0.012390097438005,,,,,,,,TRPHRON002,6.315552,0.12715674506402944,T_D_tkm_mdv
ON,T_MDV_T_DSL,1.625,"An estimate of how much activity a unit of capacity can deliver in a year. Assuming this vehicle class can be driven at an avg. speed of 50 km/h carrying 5 tonnes of payload for 6,500 hours each year. ",,,,,,,TRPHRON002,2005,T_D_tkm_mdv_t,ge,0.012390097438005,,,,,,,,TRPHRON002,76.0962,1.5321139155756134,T_D_tkm_mdv
ON,T_MDV_T_DSL,1.625,"An estimate of how much activity a unit of capacity can deliver in a year. Assuming this vehicle class can be driven at an avg. speed of 50 km/h carrying 5 tonnes of payload for 6,500 hours each year. ",,,,,,,TRPHRON002,2005,T_D_tkm_mdv_t,ge,0.012390097438005,,,,,,,,TRPHRON002,75.33523799999999,1.5167927764198572,T_D_tkm_mdv
ON,T_MDV_T_DSL,1.625,"An estimate of how much activity a unit of capacity can deliver in a year. Assuming this vehicle class can be driven at an avg. speed of 50 km/h carrying 5 tonnes of payload for 6,500 hours each year. ",,,,,,,TRPHRON002,2005,T_D_tkm_mdv_t,ge,0.012390097438005,,,,,,,,TRPHRON002,66.203694,1.3329391065507838,T_D_tkm_mdv
ON,T_MDV_T_DSL,1.625,"An estimate of how much activity a unit of capacity can deliver in a year. Assuming this vehicle class can be driven at an avg. speed of 50 km/h carrying 5 tonnes of payload for 6,500 hours each year. ",,,,,,,TRPHRON002,2005,T_D_tkm_mdv_t,ge,0.012390097438005,,,,,,,,TRPHRON002,52.50637799999999,1.0571586017471732,T_D_tkm_mdv
ON,T_MDV_T_DSL,1.625,"An estimate of how much activity a unit of capacity can deliver in a year. Assuming this vehicle class can be driven at an avg. speed of 50 km/h carrying 5 tonnes of payload for 6,500 hours each year. ",,,,,,,TRPHRON002,2010,T_D_tkm_mdv_t,ge,0.012390097438005,,,,,,,,TRPHRON002,86.4498,1.7405723489310723,T_D_tkm_mdv
ON,T_MDV_T_DSL,1.625,"An estimate of how much activity a unit of capacity can deliver in a year. Assuming this vehicle class can be driven at an avg. speed of 50 km/h carrying 5 tonnes of payload for 6,500 hours each year. ",,,,,,,TRPHRON002,2010,T_D_tkm_mdv_t,ge,0.012390097438005,,,,,,,,TRPHRON002,85.585302,1.7231666254417617,T_D_tkm_mdv
ON,T_MDV_T_DSL,1.625,"An estimate of how much activity a unit of capacity can deliver in a year. Assuming this vehicle class can be driven at an avg. speed of 50 km/h carrying 5 tonnes of payload for 6,500 hours each year. ",,,,,,,TRPHRON002,2010,T_D_tkm_mdv_t,ge,0.012390097438005,,,,,,,,TRPHRON002,75.211326,1.514297943570033,T_D_tkm_mdv
ON,T_MDV_T_DSL,1.625,"An estimate of how much activity a unit of capacity can deliver in a year. Assuming this vehicle class can be driven at an avg. speed of 50 km/h carrying 5 tonnes of payload for 6,500 hours each year. ",,,,,,,TRPHRON002,2015,T_D_tkm_mdv_t,ge,0.012390097438005,,,,,,,,TRPHRON002,130.11978010713406,2.61981972547616,T_D_tkm_mdv
ON,T_MDV_T_DSL,1.625,"An estimate of how much activity a unit of capacity can deliver in a year. Assuming this vehicle class can be driven at an avg. speed of 50 km/h carrying 5 tonnes of payload for 6,500 hours each year. ",,,,,,,TRPHRON002,2015,T_D_tkm_mdv_t,ge,0.012390097438005,,,,,,,,TRPHRON002,128.81858230606272,2.593621528221399,T_D_tkm_mdv
ON,T_MDV_T_DSL,1.625,"An estimate of how much activity a unit of capacity can deliver in a year. Assuming this vehicle class can be driven at an avg. speed of 50 km/h carrying 5 tonnes of payload for 6,500 hours each year. ",,,,,,,TRPHRON002,2020,T_D_tkm_mdv_t,ge,0.012390097438005,,,,,,,,TRPHRON002,135.83619829693492,2.7349135653241876,T_D_tkm_mdv
ON,T_MDV_T_GSL,1.625,"An estimate of how much activity a unit of capacity can deliver in a year. Assuming this vehicle class can be driven at an avg. speed of 50 km/h carrying 5 tonnes of payload for 6,500 hours each year. ",,,,,,,TRPHRON002,2000,T_D_tkm_mdv_t,le,0.0130254870502104,,,,,,,,TRPHRON002,8.7716,0.1856633385906415,T_D_tkm_mdv
ON,T_MDV_T_GSL,1.625,"An estimate of how much activity a unit of capacity can deliver in a year. Assuming this vehicle class can be driven at an avg. speed of 50 km/h carrying 5 tonnes of payload for 6,500 hours each year. ",,,,,,,TRPHRON002,2000,T_D_tkm_mdv_t,le,0.0130254870502104,,,,,,,,TRPHRON002,8.683883999999999,0.18380670520473508,T_D_tkm_mdv
ON,T_MDV_T_GSL,1.625,"An estimate of how much activity a unit of capacity can deliver in a year. Assuming this vehicle class can be driven at an avg. speed of 50 km/h carrying 5 tonnes of payload for 6,500 hours each year. ",,,,,,,TRPHRON002,2000,T_D_tkm_mdv_t,le,0.0130254870502104,,,,,,,,TRPHRON002,7.631291999999999,0.1615271045738581,T_D_tkm_mdv
ON,T_MDV_T_GSL,1.625,"An estimate of how much activity a unit of capacity can deliver in a year. Assuming this vehicle class can be driven at an avg. speed of 50 km/h carrying 5 tonnes of payload for 6,500 hours each year. ",,,,,,,TRPHRON002,2000,T_D_tkm_mdv_t,le,0.0130254870502104,,,,,,,,TRPHRON002,6.052403999999999,0.12810770362754262,T_D_tkm_mdv
ON,T_MDV_T_GSL,1.625,"An estimate of how much activity a unit of capacity can deliver in a year. Assuming this vehicle class can be driven at an avg. speed of 50 km/h carrying 5 tonnes of payload for 6,500 hours each year. ",,,,,,,TRPHRON002,2000,T_D_tkm_mdv_t,le,0.0130254870502104,,,,,,,,TRPHRON002,4.210368,0.08911840252350792,T_D_tkm_mdv
ON,T_MDV_T_GSL,1.625,"An estimate of how much activity a unit of capacity can deliver in a year. Assuming this vehicle class can be driven at an avg. speed of 50 km/h carrying 5 tonnes of payload for 6,500 hours each year. ",,,,,,,TRPHRON002,2005,T_D_tkm_mdv_t,le,0.0130254870502104,,,,,,,,TRPHRON002,50.7308,1.0737892399760725,T_D_tkm_mdv
ON,T_MDV_T_GSL,1.625,"An estimate of how much activity a unit of capacity can deliver in a year. Assuming this vehicle class can be driven at an avg. speed of 50 km/h carrying 5 tonnes of payload for 6,500 hours each year. ",,,,,,,TRPHRON002,2005,T_D_tkm_mdv_t,le,0.0130254870502104,,,,,,,,TRPHRON002,50.223492,1.0630513475763117,T_D_tkm_mdv
ON,T_MDV_T_GSL,1.625,"An estimate of how much activity a unit of capacity can deliver in a year. Assuming this vehicle class can be driven at an avg. speed of 50 km/h carrying 5 tonnes of payload for 6,500 hours each year. ",,,,,,,TRPHRON002,2005,T_D_tkm_mdv_t,le,0.0130254870502104,,,,,,,,TRPHRON002,44.135796,0.9341966387791829,T_D_tkm_mdv
ON,T_MDV_T_GSL,1.625,"An estimate of how much activity a unit of capacity can deliver in a year. Assuming this vehicle class can be driven at an avg. speed of 50 km/h carrying 5 tonnes of payload for 6,500 hours each year. ",,,,,,,TRPHRON002,2005,T_D_tkm_mdv_t,le,0.0130254870502104,,,,,,,,TRPHRON002,35.004252,0.7409145755834899,T_D_tkm_mdv
ON,T_MDV_T_GSL,1.625,"An estimate of how much activity a unit of capacity can deliver in a year. Assuming this vehicle class can be driven at an avg. speed of 50 km/h carrying 5 tonnes of payload for 6,500 hours each year. ",,,,,,,TRPHRON002,2010,T_D_tkm_mdv_t,le,0.0130254870502104,,,,,,,,TRPHRON002,57.6332,1.2198883129260523,T_D_tkm_mdv
ON,T_MDV_T_GSL,1.625,"An estimate of how much activity a unit of capacity can deliver in a year. Assuming this vehicle class can be driven at an avg. speed of 50 km/h carrying 5 tonnes of payload for 6,500 hours each year. ",,,,,,,TRPHRON002,2010,T_D_tkm_mdv_t,le,0.0130254870502104,,,,,,,,TRPHRON002,57.056868,1.2076894297967917,T_D_tkm_mdv
ON,T_MDV_T_GSL,1.625,"An estimate of how much activity a unit of capacity can deliver in a year. Assuming this vehicle class can be driven at an avg. speed of 50 km/h carrying 5 tonnes of payload for 6,500 hours each year. ",,,,,,,TRPHRON002,2010,T_D_tkm_mdv_t,le,0.0130254870502104,,,,,,,,TRPHRON002,50.140884,1.0613028322456655,T_D_tkm_mdv
ON,T_MDV_T_GSL,1.625,"An estimate of how much activity a unit of capacity can deliver in a year. Assuming this vehicle class can be driven at an avg. speed of 50 km/h carrying 5 tonnes of payload for 6,500 hours each year. ",,,,,,,TRPHRON002,2015,T_D_tkm_mdv_t,le,0.0130254870502104,,,,,,,,TRPHRON002,79.82362529371399,1.6895800960416931,T_D_tkm_mdv
ON,T_MDV_T_GSL,1.625,"An estimate of how much activity a unit of capacity can deliver in a year. Assuming this vehicle class can be driven at an avg. speed of 50 km/h carrying 5 tonnes of payload for 6,500 hours each year. ",,,,,,,TRPHRON002,2015,T_D_tkm_mdv_t,le,0.0130254870502104,,,,,,,,TRPHRON002,79.02538904077684,1.6726842950812761,T_D_tkm_mdv
ON,T_MDV_T_GSL,1.625,"An estimate of how much activity a unit of capacity can deliver in a year. Assuming this vehicle class can be driven at an avg. speed of 50 km/h carrying 5 tonnes of payload for 6,500 hours each year. ",,,,,,,TRPHRON002,2020,T_D_tkm_mdv_t,le,0.0130254870502104,,,,,,,,TRPHRON002,88.4515835808928,1.8722030543182233,T_D_tkm_mdv
ON,T_MDV_T_GSL,1.625,"An estimate of how much activity a unit of capacity can deliver in a year. Assuming this vehicle class can be driven at an avg. speed of 50 km/h carrying 5 tonnes of payload for 6,500 hours each year. ",,,,,,,TRPHRON002,2000,T_D_tkm_mdv_t,ge,0.012390097438005,,,,,,,,TRPHRON002,8.7716,0.17660659036670753,T_D_tkm_mdv
ON,T_MDV_T_GSL,1.625,"An estimate of how much activity a unit of capacity can deliver in a year. Assuming this vehicle class can be driven at an avg. speed of 50 km/h carrying 5 tonnes of payload for 6,500 hours each year. ",,,,,,,TRPHRON002,2000,T_D_tkm_mdv_t,ge,0.012390097438005,,,,,,,,TRPHRON002,8.683883999999999,0.17484052446304046,T_D_tkm_mdv
ON,T_MDV_T_GSL,1.625,"An estimate of how much activity a unit of capacity can deliver in a year. Assuming this vehicle class can be driven at an avg. speed of 50 km/h carrying 5 tonnes of payload for 6,500 hours each year. ",,,,,,,TRPHRON002,2000,T_D_tkm_mdv_t,ge,0.012390097438005,,,,,,,,TRPHRON002,7.631291999999999,0.15364773361903555,T_D_tkm_mdv
ON,T_MDV_T_GSL,1.625,"An estimate of how much activity a unit of capacity can deliver in a year. Assuming this vehicle class can be driven at an avg. speed of 50 km/h carrying 5 tonnes of payload for 6,500 hours each year. ",,,,,,,TRPHRON002,2000,T_D_tkm_mdv_t,ge,0.012390097438005,,,,,,,,TRPHRON002,6.052403999999999,0.1218585473530282,T_D_tkm_mdv
ON,T_MDV_T_GSL,1.625,"An estimate of how much activity a unit of capacity can deliver in a year. Assuming this vehicle class can be driven at an avg. speed of 50 km/h carrying 5 tonnes of payload for 6,500 hours each year. ",,,,,,,TRPHRON002,2000,T_D_tkm_mdv_t,ge,0.012390097438005,,,,,,,,TRPHRON002,4.210368,0.08477116337601963,T_D_tkm_mdv
ON,T_MDV_T_GSL,1.625,"An estimate of how much activity a unit of capacity can deliver in a year. Assuming this vehicle class can be driven at an avg. speed of 50 km/h carrying 5 tonnes of payload for 6,500 hours each year. ",,,,,,,TRPHRON002,2005,T_D_tkm_mdv_t,ge,0.012390097438005,,,,,,,,TRPHRON002,50.7308,1.021409277050409,T_D_tkm_mdv
ON,T_MDV_T_GSL,1.625,"An estimate of how much activity a unit of capacity can deliver in a year. Assuming this vehicle class can be driven at an avg. speed of 50 km/h carrying 5 tonnes of payload for 6,500 hours each year. ",,,,,,,TRPHRON002,2005,T_D_tkm_mdv_t,ge,0.012390097438005,,,,,,,,TRPHRON002,50.223492,1.011195184279905,T_D_tkm_mdv
ON,T_MDV_T_GSL,1.625,"An estimate of how much activity a unit of capacity can deliver in a year. Assuming this vehicle class can be driven at an avg. speed of 50 km/h carrying 5 tonnes of payload for 6,500 hours each year. ",,,,,,,TRPHRON002,2005,T_D_tkm_mdv_t,ge,0.012390097438005,,,,,,,,TRPHRON002,44.135796,0.8886260710338558,T_D_tkm_mdv
ON,T_MDV_T_GSL,1.625,"An estimate of how much activity a unit of capacity can deliver in a year. Assuming this vehicle class can be driven at an avg. speed of 50 km/h carrying 5 tonnes of payload for 6,500 hours each year. ",,,,,,,TRPHRON002,2005,T_D_tkm_mdv_t,ge,0.012390097438005,,,,,,,,TRPHRON002,35.004252,0.7047724011647822,T_D_tkm_mdv
ON,T_MDV_T_GSL,1.625,"An estimate of how much activity a unit of capacity can deliver in a year. Assuming this vehicle class can be driven at an avg. speed of 50 km/h carrying 5 tonnes of payload for 6,500 hours each year. ",,,,,,,TRPHRON002,2010,T_D_tkm_mdv_t,ge,0.012390097438005,,,,,,,,TRPHRON002,57.6332,1.1603815659540484,T_D_tkm_mdv
ON,T_MDV_T_GSL,1.625,"An estimate of how much activity a unit of capacity can deliver in a year. Assuming this vehicle class can be driven at an avg. speed of 50 km/h carrying 5 tonnes of payload for 6,500 hours each year. ",,,,,,,TRPHRON002,2010,T_D_tkm_mdv_t,ge,0.012390097438005,,,,,,,,TRPHRON002,57.056868,1.1487777502945078,T_D_tkm_mdv
ON,T_MDV_T_GSL,1.625,"An estimate of how much activity a unit of capacity can deliver in a year. Assuming this vehicle class can be driven at an avg. speed of 50 km/h carrying 5 tonnes of payload for 6,500 hours each year. ",,,,,,,TRPHRON002,2010,T_D_tkm_mdv_t,ge,0.012390097438005,,,,,,,,TRPHRON002,50.140884,1.009531962380022,T_D_tkm_mdv
ON,T_MDV_T_GSL,1.625,"An estimate of how much activity a unit of capacity can deliver in a year. Assuming this vehicle class can be driven at an avg. speed of 50 km/h carrying 5 tonnes of payload for 6,500 hours each year. ",,,,,,,TRPHRON002,2015,T_D_tkm_mdv_t,ge,0.012390097438005,,,,,,,,TRPHRON002,79.82362529371399,1.6071615547713647,T_D_tkm_mdv
ON,T_MDV_T_GSL,1.625,"An estimate of how much activity a unit of capacity can deliver in a year. Assuming this vehicle class can be driven at an avg. speed of 50 km/h carrying 5 tonnes of payload for 6,500 hours each year. ",,,,,,,TRPHRON002,2015,T_D_tkm_mdv_t,ge,0.012390097438005,,,,,,,,TRPHRON002,79.02538904077684,1.591089939223651,T_D_tkm_mdv
ON,T_MDV_T_GSL,1.625,"An estimate of how much activity a unit of capacity can deliver in a year. Assuming this vehicle class can be driven at an avg. speed of 50 km/h carrying 5 tonnes of payload for 6,500 hours each year. ",,,,,,,TRPHRON002,2020,T_D_tkm_mdv_t,ge,0.012390097438005,,,,,,,,TRPHRON002,88.4515835808928,1.7808760760587956,T_D_tkm_mdv
