region,period,commodity,demand,units,notes,data_source,dq_cred,dq_geog,dq_struc,dq_tech,dq_time,data_id
AB,2025,T_D_pj_off,16.124137857,PJ,"Dummy technology, to pass off-road demand directly in PJ. Off-road vehicles are assumed to consume diesel only. Based on the findings from Sonia Yet et al. 2022, demand projections are indexed through projected national GDP growth (2019=100), using estimates from the Current Measures Scenario of the Canada's Energy Futures 2023. Initial demand is obtained from 2021 subsector energy use, which was impacted by the COVID-19 pandemic.",T17,,,,,,TRPHRAB001
AB,2030,T_D_pj_off,17.368280708,PJ,"Dummy technology, to pass off-road demand directly in PJ. Off-road vehicles are assumed to consume diesel only. Based on the findings from Sonia Yet et al. 2022, demand projections are indexed through projected national GDP growth (2019=100), using estimates from the Current Measures Scenario of the Canada's Energy Futures 2023. Initial demand is obtained from 2021 subsector energy use, which was impacted by the COVID-19 pandemic.",T17,,,,,,TRPHRAB001
AB,2035,T_D_pj_off,18.619543453,PJ,"Dummy technology, to pass off-road demand directly in PJ. Off-road vehicles are assumed to consume diesel only. Based on the findings from Sonia Yet et al. 2022, demand projections are indexed through projected national GDP growth (2019=100), using estimates from the Current Measures Scenario of the Canada's Energy Futures 2023. Initial demand is obtained from 2021 subsector energy use, which was impacted by the COVID-19 pandemic.",T17,,,,,,TRPHRAB001
AB,2040,T_D_pj_off,19.852415773,PJ,"Dummy technology, to pass off-road demand directly in PJ. Off-road vehicles are assumed to consume diesel only. Based on the findings from Sonia Yet et al. 2022, demand projections are indexed through projected national GDP growth (2019=100), using estimates from the Current Measures Scenario of the Canada's Energy Futures 2023. Initial demand is obtained from 2021 subsector energy use, which was impacted by the COVID-19 pandemic.",T17,,,,,,TRPHRAB001
AB,2045,T_D_pj_off,21.257883901,PJ,"Dummy technology, to pass off-road demand directly in PJ. Off-road vehicles are assumed to consume diesel only. Based on the findings from Sonia Yet et al. 2022, demand projections are indexed through projected national GDP growth (2019=100), using estimates from the Current Measures Scenario of the Canada's Energy Futures 2023. Initial demand is obtained from 2021 subsector energy use, which was impacted by the COVID-19 pandemic.",T17,,,,,,TRPHRAB001
AB,2025,T_D_pkm_hdv_aj,35.9868264,bpkm,"Based on the findings from Sonia Yet et al. 2022, demand projections are indexed through projected national GDP growth (2019=100), using estimates from the Current Measures Scenario of the Canada's Energy Futures 2023. Initial demand is obtained from 2021 subsector energy use divided by avg. energy intensity from 2015-2019 to estimate the provincial demand of this mode. This demand would also reflect the impact of COVID-19 on demands.",T17,,,,,,TRPHRAB001
AB,2030,T_D_pkm_hdv_aj,38.763579689,bpkm,"Based on the findings from Sonia Yet et al. 2022, demand projections are indexed through projected national GDP growth (2019=100), using estimates from the Current Measures Scenario of the Canada's Energy Futures 2023. Initial demand is obtained from 2021 subsector energy use divided by avg. energy intensity from 2015-2019 to estimate the provincial demand of this mode. This demand would also reflect the impact of COVID-19 on demands.",T17,,,,,,TRPHRAB001
AB,2035,T_D_pkm_hdv_aj,41.556223586,bpkm,"Based on the findings from Sonia Yet et al. 2022, demand projections are indexed through projected national GDP growth (2019=100), using estimates from the Current Measures Scenario of the Canada's Energy Futures 2023. Initial demand is obtained from 2021 subsector energy use divided by avg. energy intensity from 2015-2019 to estimate the provincial demand of this mode. This demand would also reflect the impact of COVID-19 on demands.",T17,,,,,,TRPHRAB001
AB,2040,T_D_pkm_hdv_aj,44.307822621,bpkm,"Based on the findings from Sonia Yet et al. 2022, demand projections are indexed through projected national GDP growth (2019=100), using estimates from the Current Measures Scenario of the Canada's Energy Futures 2023. Initial demand is obtained from 2021 subsector energy use divided by avg. energy intensity from 2015-2019 to estimate the provincial demand of this mode. This demand would also reflect the impact of COVID-19 on demands.",T17,,,,,,TRPHRAB001
AB,2045,T_D_pkm_hdv_aj,47.444631421,bpkm,"Based on the findings from Sonia Yet et al. 2022, demand projections are indexed through projected national GDP growth (2019=100), using estimates from the Current Measures Scenario of the Canada's Energy Futures 2023. Initial demand is obtained from 2021 subsector energy use divided by avg. energy intensity from 2015-2019 to estimate the provincial demand of this mode. This demand would also reflect the impact of COVID-19 on demands.",T17,,,,,,TRPHRAB001
AB,2025,T_D_pkm_hdv_bic,0.939617536,bpkm,"Based on the findings from Sonia Yet et al. 2022, demand projections are indexed through projected national GDP growth (2019=100), using estimates from the Current Measures Scenario of the Canada's Energy Futures 2023. Initial demand is obtained from 2021 subsector activity, which was impacted by the COVID-19 pandemic.",T17,,,,,,TRPHRAB001
AB,2030,T_D_pkm_hdv_bic,1.012118681,bpkm,"Based on the findings from Sonia Yet et al. 2022, demand projections are indexed through projected national GDP growth (2019=100), using estimates from the Current Measures Scenario of the Canada's Energy Futures 2023. Initial demand is obtained from 2021 subsector activity, which was impacted by the COVID-19 pandemic.",T17,,,,,,TRPHRAB001
AB,2035,T_D_pkm_hdv_bic,1.085034729,bpkm,"Based on the findings from Sonia Yet et al. 2022, demand projections are indexed through projected national GDP growth (2019=100), using estimates from the Current Measures Scenario of the Canada's Energy Futures 2023. Initial demand is obtained from 2021 subsector activity, which was impacted by the COVID-19 pandemic.",T17,,,,,,TRPHRAB001
AB,2040,T_D_pkm_hdv_bic,1.156879094,bpkm,"Based on the findings from Sonia Yet et al. 2022, demand projections are indexed through projected national GDP growth (2019=100), using estimates from the Current Measures Scenario of the Canada's Energy Futures 2023. Initial demand is obtained from 2021 subsector activity, which was impacted by the COVID-19 pandemic.",T17,,,,,,TRPHRAB001
AB,2045,T_D_pkm_hdv_bic,1.238781303,bpkm,"Based on the findings from Sonia Yet et al. 2022, demand projections are indexed through projected national GDP growth (2019=100), using estimates from the Current Measures Scenario of the Canada's Energy Futures 2023. Initial demand is obtained from 2021 subsector activity, which was impacted by the COVID-19 pandemic.",T17,,,,,,TRPHRAB001
AB,2025,T_D_pkm_hdv_bs,6.546800459,bpkm,"Based on the findings from Sonia Yet et al. 2022, demand projections are indexed through projected national GDP growth (2019=100), using estimates from the Current Measures Scenario of the Canada's Energy Futures 2023. Initial demand is obtained from 2021 subsector activity, which was impacted by the COVID-19 pandemic.",T17,,,,,,TRPHRAB001
AB,2030,T_D_pkm_hdv_bs,7.051953359,bpkm,"Based on the findings from Sonia Yet et al. 2022, demand projections are indexed through projected national GDP growth (2019=100), using estimates from the Current Measures Scenario of the Canada's Energy Futures 2023. Initial demand is obtained from 2021 subsector activity, which was impacted by the COVID-19 pandemic.",T17,,,,,,TRPHRAB001
AB,2035,T_D_pkm_hdv_bs,7.559997112,bpkm,"Based on the findings from Sonia Yet et al. 2022, demand projections are indexed through projected national GDP growth (2019=100), using estimates from the Current Measures Scenario of the Canada's Energy Futures 2023. Initial demand is obtained from 2021 subsector activity, which was impacted by the COVID-19 pandemic.",T17,,,,,,TRPHRAB001
AB,2040,T_D_pkm_hdv_bs,8.060573896,bpkm,"Based on the findings from Sonia Yet et al. 2022, demand projections are indexed through projected national GDP growth (2019=100), using estimates from the Current Measures Scenario of the Canada's Energy Futures 2023. Initial demand is obtained from 2021 subsector activity, which was impacted by the COVID-19 pandemic.",T17,,,,,,TRPHRAB001
AB,2045,T_D_pkm_hdv_bs,8.631228865,bpkm,"Based on the findings from Sonia Yet et al. 2022, demand projections are indexed through projected national GDP growth (2019=100), using estimates from the Current Measures Scenario of the Canada's Energy Futures 2023. Initial demand is obtained from 2021 subsector activity, which was impacted by the COVID-19 pandemic.",T17,,,,,,TRPHRAB001
AB,2025,T_D_pkm_hdv_bt,4.025262312,bpkm,"Based on the findings from Sonia Yet et al. 2022, demand projections are indexed through projected national GDP growth (2019=100), using estimates from the Current Measures Scenario of the Canada's Energy Futures 2023. Initial demand is obtained from 2021 subsector activity, which was impacted by the COVID-19 pandemic.",T17,,,,,,TRPHRAB001
AB,2030,T_D_pkm_hdv_bt,4.335852644,bpkm,"Based on the findings from Sonia Yet et al. 2022, demand projections are indexed through projected national GDP growth (2019=100), using estimates from the Current Measures Scenario of the Canada's Energy Futures 2023. Initial demand is obtained from 2021 subsector activity, which was impacted by the COVID-19 pandemic.",T17,,,,,,TRPHRAB001
AB,2035,T_D_pkm_hdv_bt,4.648220401,bpkm,"Based on the findings from Sonia Yet et al. 2022, demand projections are indexed through projected national GDP growth (2019=100), using estimates from the Current Measures Scenario of the Canada's Energy Futures 2023. Initial demand is obtained from 2021 subsector activity, which was impacted by the COVID-19 pandemic.",T17,,,,,,TRPHRAB001
AB,2040,T_D_pkm_hdv_bt,4.955997134,bpkm,"Based on the findings from Sonia Yet et al. 2022, demand projections are indexed through projected national GDP growth (2019=100), using estimates from the Current Measures Scenario of the Canada's Energy Futures 2023. Initial demand is obtained from 2021 subsector activity, which was impacted by the COVID-19 pandemic.",T17,,,,,,TRPHRAB001
AB,2045,T_D_pkm_hdv_bt,5.306861034,bpkm,"Based on the findings from Sonia Yet et al. 2022, demand projections are indexed through projected national GDP growth (2019=100), using estimates from the Current Measures Scenario of the Canada's Energy Futures 2023. Initial demand is obtained from 2021 subsector activity, which was impacted by the COVID-19 pandemic.",T17,,,,,,TRPHRAB001
AB,2025,T_D_pkm_hdv_r,0.487559682,bpkm,"Based on the findings from Sonia Yet et al. 2022, demand projections are indexed through projected national GDP growth (2019=100), using estimates from the Current Measures Scenario of the Canada's Energy Futures 2023. Initial demand is obtained from 2021 subsector energy use divided by avg. energy intensity from 2015-2019 to estimate the provincial demand of this mode. This demand would also reflect the impact of COVID-19 on demands.",T17,,,,,,TRPHRAB001
AB,2030,T_D_pkm_hdv_r,0.525179919,bpkm,"Based on the findings from Sonia Yet et al. 2022, demand projections are indexed through projected national GDP growth (2019=100), using estimates from the Current Measures Scenario of the Canada's Energy Futures 2023. Initial demand is obtained from 2021 subsector energy use divided by avg. energy intensity from 2015-2019 to estimate the provincial demand of this mode. This demand would also reflect the impact of COVID-19 on demands.",T17,,,,,,TRPHRAB001
AB,2035,T_D_pkm_hdv_r,0.563015447,bpkm,"Based on the findings from Sonia Yet et al. 2022, demand projections are indexed through projected national GDP growth (2019=100), using estimates from the Current Measures Scenario of the Canada's Energy Futures 2023. Initial demand is obtained from 2021 subsector energy use divided by avg. energy intensity from 2015-2019 to estimate the provincial demand of this mode. This demand would also reflect the impact of COVID-19 on demands.",T17,,,,,,TRPHRAB001
AB,2040,T_D_pkm_hdv_r,0.600294888,bpkm,"Based on the findings from Sonia Yet et al. 2022, demand projections are indexed through projected national GDP growth (2019=100), using estimates from the Current Measures Scenario of the Canada's Energy Futures 2023. Initial demand is obtained from 2021 subsector energy use divided by avg. energy intensity from 2015-2019 to estimate the provincial demand of this mode. This demand would also reflect the impact of COVID-19 on demands.",T17,,,,,,TRPHRAB001
AB,2045,T_D_pkm_hdv_r,0.642793259,bpkm,"Based on the findings from Sonia Yet et al. 2022, demand projections are indexed through projected national GDP growth (2019=100), using estimates from the Current Measures Scenario of the Canada's Energy Futures 2023. Initial demand is obtained from 2021 subsector energy use divided by avg. energy intensity from 2015-2019 to estimate the provincial demand of this mode. This demand would also reflect the impact of COVID-19 on demands.",T17,,,,,,TRPHRAB001
AB,2025,T_D_pkm_ldv_c,27.986978196,bpkm,"Based on the findings from Sonia Yet et al. 2022, demand projections are indexed through projected national GDP growth (2019=100), using estimates from the Current Measures Scenario of the Canada's Energy Futures 2023. Initial demand is obtained from 2021 subsector activity, which was impacted by the COVID-19 pandemic.",T17,,,,,,TRPHRAB001
AB,2030,T_D_pkm_ldv_c,30.146461027,bpkm,"Based on the findings from Sonia Yet et al. 2022, demand projections are indexed through projected national GDP growth (2019=100), using estimates from the Current Measures Scenario of the Canada's Energy Futures 2023. Initial demand is obtained from 2021 subsector activity, which was impacted by the COVID-19 pandemic.",T17,,,,,,TRPHRAB001
AB,2035,T_D_pkm_ldv_c,32.318301994,bpkm,"Based on the findings from Sonia Yet et al. 2022, demand projections are indexed through projected national GDP growth (2019=100), using estimates from the Current Measures Scenario of the Canada's Energy Futures 2023. Initial demand is obtained from 2021 subsector activity, which was impacted by the COVID-19 pandemic.",T17,,,,,,TRPHRAB001
AB,2040,T_D_pkm_ldv_c,34.458222346,bpkm,"Based on the findings from Sonia Yet et al. 2022, demand projections are indexed through projected national GDP growth (2019=100), using estimates from the Current Measures Scenario of the Canada's Energy Futures 2023. Initial demand is obtained from 2021 subsector activity, which was impacted by the COVID-19 pandemic.",T17,,,,,,TRPHRAB001
AB,2045,T_D_pkm_ldv_c,36.897720581,bpkm,"Based on the findings from Sonia Yet et al. 2022, demand projections are indexed through projected national GDP growth (2019=100), using estimates from the Current Measures Scenario of the Canada's Energy Futures 2023. Initial demand is obtained from 2021 subsector activity, which was impacted by the COVID-19 pandemic.",T17,,,,,,TRPHRAB001
AB,2025,T_D_pkm_ldv_m,0.735863633,bpkm,"Based on the findings from Sonia Yet et al. 2022, demand projections are indexed through projected national GDP growth (2019=100), using estimates from the Current Measures Scenario of the Canada's Energy Futures 2023. Initial demand is obtained from 2021 subsector activity, which was impacted by the COVID-19 pandemic.",T17,,,,,,TRPHRAB001
AB,2030,T_D_pkm_ldv_m,0.792643071,bpkm,"Based on the findings from Sonia Yet et al. 2022, demand projections are indexed through projected national GDP growth (2019=100), using estimates from the Current Measures Scenario of the Canada's Energy Futures 2023. Initial demand is obtained from 2021 subsector activity, which was impacted by the COVID-19 pandemic.",T17,,,,,,TRPHRAB001
AB,2035,T_D_pkm_ldv_m,0.849747442,bpkm,"Based on the findings from Sonia Yet et al. 2022, demand projections are indexed through projected national GDP growth (2019=100), using estimates from the Current Measures Scenario of the Canada's Energy Futures 2023. Initial demand is obtained from 2021 subsector activity, which was impacted by the COVID-19 pandemic.",T17,,,,,,TRPHRAB001
AB,2040,T_D_pkm_ldv_m,0.906012522,bpkm,"Based on the findings from Sonia Yet et al. 2022, demand projections are indexed through projected national GDP growth (2019=100), using estimates from the Current Measures Scenario of the Canada's Energy Futures 2023. Initial demand is obtained from 2021 subsector activity, which was impacted by the COVID-19 pandemic.",T17,,,,,,TRPHRAB001
AB,2045,T_D_pkm_ldv_m,0.970154425,bpkm,"Based on the findings from Sonia Yet et al. 2022, demand projections are indexed through projected national GDP growth (2019=100), using estimates from the Current Measures Scenario of the Canada's Energy Futures 2023. Initial demand is obtained from 2021 subsector activity, which was impacted by the COVID-19 pandemic.",T17,,,,,,TRPHRAB001
AB,2025,T_D_pkm_ldv_t,39.939405418,bpkm,"Based on the findings from Sonia Yet et al. 2022, demand projections are indexed through projected national GDP growth (2019=100), using estimates from the Current Measures Scenario of the Canada's Energy Futures 2023. Initial demand is obtained from 2021 subsector activity, which was impacted by the COVID-19 pandemic.",T17,,,,,,TRPHRAB001
AB,2030,T_D_pkm_ldv_t,43.021140777,bpkm,"Based on the findings from Sonia Yet et al. 2022, demand projections are indexed through projected national GDP growth (2019=100), using estimates from the Current Measures Scenario of the Canada's Energy Futures 2023. Initial demand is obtained from 2021 subsector activity, which was impacted by the COVID-19 pandemic.",T17,,,,,,TRPHRAB001
AB,2035,T_D_pkm_ldv_t,46.120512073,bpkm,"Based on the findings from Sonia Yet et al. 2022, demand projections are indexed through projected national GDP growth (2019=100), using estimates from the Current Measures Scenario of the Canada's Energy Futures 2023. Initial demand is obtained from 2021 subsector activity, which was impacted by the COVID-19 pandemic.",T17,,,,,,TRPHRAB001
AB,2040,T_D_pkm_ldv_t,49.174330383,bpkm,"Based on the findings from Sonia Yet et al. 2022, demand projections are indexed through projected national GDP growth (2019=100), using estimates from the Current Measures Scenario of the Canada's Energy Futures 2023. Initial demand is obtained from 2021 subsector activity, which was impacted by the COVID-19 pandemic.",T17,,,,,,TRPHRAB001
AB,2045,T_D_pkm_ldv_t,52.655667609,bpkm,"Based on the findings from Sonia Yet et al. 2022, demand projections are indexed through projected national GDP growth (2019=100), using estimates from the Current Measures Scenario of the Canada's Energy Futures 2023. Initial demand is obtained from 2021 subsector activity, which was impacted by the COVID-19 pandemic.",T17,,,,,,TRPHRAB001
AB,2025,T_D_tkm_hdv_aj,0.442524714,btkm,"Based on the findings from Sonia Yet et al. 2022, demand projections are indexed through projected national GDP growth (2019=100), using estimates from the Current Measures Scenario of the Canada's Energy Futures 2023. Initial demand is obtained from 2021 subsector energy use divided by avg. energy intensity from 2015-2019 to estimate the provincial demand of this mode. This demand would also reflect the impact of COVID-19 on demands.",T17,,,,,,TRPHRAB001
AB,2030,T_D_tkm_hdv_aj,0.476670042,btkm,"Based on the findings from Sonia Yet et al. 2022, demand projections are indexed through projected national GDP growth (2019=100), using estimates from the Current Measures Scenario of the Canada's Energy Futures 2023. Initial demand is obtained from 2021 subsector energy use divided by avg. energy intensity from 2015-2019 to estimate the provincial demand of this mode. This demand would also reflect the impact of COVID-19 on demands.",T17,,,,,,TRPHRAB001
AB,2035,T_D_tkm_hdv_aj,0.511010773,btkm,"Based on the findings from Sonia Yet et al. 2022, demand projections are indexed through projected national GDP growth (2019=100), using estimates from the Current Measures Scenario of the Canada's Energy Futures 2023. Initial demand is obtained from 2021 subsector energy use divided by avg. energy intensity from 2015-2019 to estimate the provincial demand of this mode. This demand would also reflect the impact of COVID-19 on demands.",T17,,,,,,TRPHRAB001
AB,2040,T_D_tkm_hdv_aj,0.544846782,btkm,"Based on the findings from Sonia Yet et al. 2022, demand projections are indexed through projected national GDP growth (2019=100), using estimates from the Current Measures Scenario of the Canada's Energy Futures 2023. Initial demand is obtained from 2021 subsector energy use divided by avg. energy intensity from 2015-2019 to estimate the provincial demand of this mode. This demand would also reflect the impact of COVID-19 on demands.",T17,,,,,,TRPHRAB001
AB,2045,T_D_tkm_hdv_aj,0.583419659,btkm,"Based on the findings from Sonia Yet et al. 2022, demand projections are indexed through projected national GDP growth (2019=100), using estimates from the Current Measures Scenario of the Canada's Energy Futures 2023. Initial demand is obtained from 2021 subsector energy use divided by avg. energy intensity from 2015-2019 to estimate the provincial demand of this mode. This demand would also reflect the impact of COVID-19 on demands.",T17,,,,,,TRPHRAB001
AB,2025,T_D_tkm_hdv_r,137.939330325,btkm,"Based on the findings from Sonia Yet et al. 2022, demand projections are indexed through projected national GDP growth (2019=100), using estimates from the Current Measures Scenario of the Canada's Energy Futures 2023. Initial demand is obtained from 2021 subsector energy use divided by avg. energy intensity from 2015-2019 to estimate the provincial demand of this mode. This demand would also reflect the impact of COVID-19 on demands.",T17,,,,,,TRPHRAB001
AB,2030,T_D_tkm_hdv_r,148.582766478,btkm,"Based on the findings from Sonia Yet et al. 2022, demand projections are indexed through projected national GDP growth (2019=100), using estimates from the Current Measures Scenario of the Canada's Energy Futures 2023. Initial demand is obtained from 2021 subsector energy use divided by avg. energy intensity from 2015-2019 to estimate the provincial demand of this mode. This demand would also reflect the impact of COVID-19 on demands.",T17,,,,,,TRPHRAB001
AB,2035,T_D_tkm_hdv_r,159.287112137,btkm,"Based on the findings from Sonia Yet et al. 2022, demand projections are indexed through projected national GDP growth (2019=100), using estimates from the Current Measures Scenario of the Canada's Energy Futures 2023. Initial demand is obtained from 2021 subsector energy use divided by avg. energy intensity from 2015-2019 to estimate the provincial demand of this mode. This demand would also reflect the impact of COVID-19 on demands.",T17,,,,,,TRPHRAB001
AB,2040,T_D_tkm_hdv_r,169.834130759,btkm,"Based on the findings from Sonia Yet et al. 2022, demand projections are indexed through projected national GDP growth (2019=100), using estimates from the Current Measures Scenario of the Canada's Energy Futures 2023. Initial demand is obtained from 2021 subsector energy use divided by avg. energy intensity from 2015-2019 to estimate the provincial demand of this mode. This demand would also reflect the impact of COVID-19 on demands.",T17,,,,,,TRPHRAB001
AB,2045,T_D_tkm_hdv_r,181.857677943,btkm,"Based on the findings from Sonia Yet et al. 2022, demand projections are indexed through projected national GDP growth (2019=100), using estimates from the Current Measures Scenario of the Canada's Energy Futures 2023. Initial demand is obtained from 2021 subsector energy use divided by avg. energy intensity from 2015-2019 to estimate the provincial demand of this mode. This demand would also reflect the impact of COVID-19 on demands.",T17,,,,,,TRPHRAB001
AB,2025,T_D_tkm_hdv_t,73.745194687,btkm,"Based on the findings from Sonia Yet et al. 2022, demand projections are indexed through projected national GDP growth (2019=100), using estimates from the Current Measures Scenario of the Canada's Energy Futures 2023. Initial demand is obtained from 2021 subsector activity, which was impacted by the COVID-19 pandemic.",T17,,,,,,TRPHRAB001
AB,2030,T_D_tkm_hdv_t,79.435393917,btkm,"Based on the findings from Sonia Yet et al. 2022, demand projections are indexed through projected national GDP growth (2019=100), using estimates from the Current Measures Scenario of the Canada's Energy Futures 2023. Initial demand is obtained from 2021 subsector activity, which was impacted by the COVID-19 pandemic.",T17,,,,,,TRPHRAB001
AB,2035,T_D_tkm_hdv_t,85.158156618,btkm,"Based on the findings from Sonia Yet et al. 2022, demand projections are indexed through projected national GDP growth (2019=100), using estimates from the Current Measures Scenario of the Canada's Energy Futures 2023. Initial demand is obtained from 2021 subsector activity, which was impacted by the COVID-19 pandemic.",T17,,,,,,TRPHRAB001
AB,2040,T_D_tkm_hdv_t,90.796809059,btkm,"Based on the findings from Sonia Yet et al. 2022, demand projections are indexed through projected national GDP growth (2019=100), using estimates from the Current Measures Scenario of the Canada's Energy Futures 2023. Initial demand is obtained from 2021 subsector activity, which was impacted by the COVID-19 pandemic.",T17,,,,,,TRPHRAB001
AB,2045,T_D_tkm_hdv_t,97.224843948,btkm,"Based on the findings from Sonia Yet et al. 2022, demand projections are indexed through projected national GDP growth (2019=100), using estimates from the Current Measures Scenario of the Canada's Energy Futures 2023. Initial demand is obtained from 2021 subsector activity, which was impacted by the COVID-19 pandemic.",T17,,,,,,TRPHRAB001
AB,2025,T_D_tkm_hdv_wt,1.0,btkm,"Based on the findings from Sonia Yet et al. 2022, demand projections are indexed through projected national GDP growth (2019=100), using estimates from the Current Measures Scenario of the Canada's Energy Futures 2023. Initial demand is obtained from 2021 subsector energy use divided by avg. energy intensity from 2015-2019 to estimate the provincial demand of this mode. This demand would also reflect the impact of COVID-19 on demands.",T17,,,,,,TRPHRAB001
AB,2030,T_D_tkm_hdv_wt,1.0,btkm,"Based on the findings from Sonia Yet et al. 2022, demand projections are indexed through projected national GDP growth (2019=100), using estimates from the Current Measures Scenario of the Canada's Energy Futures 2023. Initial demand is obtained from 2021 subsector energy use divided by avg. energy intensity from 2015-2019 to estimate the provincial demand of this mode. This demand would also reflect the impact of COVID-19 on demands.",T17,,,,,,TRPHRAB001
AB,2035,T_D_tkm_hdv_wt,1.0,btkm,"Based on the findings from Sonia Yet et al. 2022, demand projections are indexed through projected national GDP growth (2019=100), using estimates from the Current Measures Scenario of the Canada's Energy Futures 2023. Initial demand is obtained from 2021 subsector energy use divided by avg. energy intensity from 2015-2019 to estimate the provincial demand of this mode. This demand would also reflect the impact of COVID-19 on demands.",T17,,,,,,TRPHRAB001
AB,2040,T_D_tkm_hdv_wt,1.0,btkm,"Based on the findings from Sonia Yet et al. 2022, demand projections are indexed through projected national GDP growth (2019=100), using estimates from the Current Measures Scenario of the Canada's Energy Futures 2023. Initial demand is obtained from 2021 subsector energy use divided by avg. energy intensity from 2015-2019 to estimate the provincial demand of this mode. This demand would also reflect the impact of COVID-19 on demands.",T17,,,,,,TRPHRAB001
AB,2045,T_D_tkm_hdv_wt,1.0,btkm,"Based on the findings from Sonia Yet et al. 2022, demand projections are indexed through projected national GDP growth (2019=100), using estimates from the Current Measures Scenario of the Canada's Energy Futures 2023. Initial demand is obtained from 2021 subsector energy use divided by avg. energy intensity from 2015-2019 to estimate the provincial demand of this mode. This demand would also reflect the impact of COVID-19 on demands.",T17,,,,,,TRPHRAB001
AB,2025,T_D_tkm_ldv_t,7.286890141,btkm,"Based on the findings from Sonia Yet et al. 2022, demand projections are indexed through projected national GDP growth (2019=100), using estimates from the Current Measures Scenario of the Canada's Energy Futures 2023. Initial demand is obtained from 2021 subsector activity, which was impacted by the COVID-19 pandemic.",T17,,,,,,TRPHRAB001
AB,2030,T_D_tkm_ldv_t,7.849148561,btkm,"Based on the findings from Sonia Yet et al. 2022, demand projections are indexed through projected national GDP growth (2019=100), using estimates from the Current Measures Scenario of the Canada's Energy Futures 2023. Initial demand is obtained from 2021 subsector activity, which was impacted by the COVID-19 pandemic.",T17,,,,,,TRPHRAB001
AB,2035,T_D_tkm_ldv_t,8.414624634,btkm,"Based on the findings from Sonia Yet et al. 2022, demand projections are indexed through projected national GDP growth (2019=100), using estimates from the Current Measures Scenario of the Canada's Energy Futures 2023. Initial demand is obtained from 2021 subsector activity, which was impacted by the COVID-19 pandemic.",T17,,,,,,TRPHRAB001
AB,2040,T_D_tkm_ldv_t,8.971789627,btkm,"Based on the findings from Sonia Yet et al. 2022, demand projections are indexed through projected national GDP growth (2019=100), using estimates from the Current Measures Scenario of the Canada's Energy Futures 2023. Initial demand is obtained from 2021 subsector activity, which was impacted by the COVID-19 pandemic.",T17,,,,,,TRPHRAB001
AB,2045,T_D_tkm_ldv_t,9.606954864,btkm,"Based on the findings from Sonia Yet et al. 2022, demand projections are indexed through projected national GDP growth (2019=100), using estimates from the Current Measures Scenario of the Canada's Energy Futures 2023. Initial demand is obtained from 2021 subsector activity, which was impacted by the COVID-19 pandemic.",T17,,,,,,TRPHRAB001
AB,2025,T_D_tkm_mdv_t,17.779058583,btkm,"Based on the findings from Sonia Yet et al. 2022, demand projections are indexed through projected national GDP growth (2019=100), using estimates from the Current Measures Scenario of the Canada's Energy Futures 2023. Initial demand is obtained from 2021 subsector activity, which was impacted by the COVID-19 pandemic.",T17,,,,,,TRPHRAB001
AB,2030,T_D_tkm_mdv_t,19.150895567,btkm,"Based on the findings from Sonia Yet et al. 2022, demand projections are indexed through projected national GDP growth (2019=100), using estimates from the Current Measures Scenario of the Canada's Energy Futures 2023. Initial demand is obtained from 2021 subsector activity, which was impacted by the COVID-19 pandemic.",T17,,,,,,TRPHRAB001
AB,2035,T_D_tkm_mdv_t,20.530583203,btkm,"Based on the findings from Sonia Yet et al. 2022, demand projections are indexed through projected national GDP growth (2019=100), using estimates from the Current Measures Scenario of the Canada's Energy Futures 2023. Initial demand is obtained from 2021 subsector activity, which was impacted by the COVID-19 pandemic.",T17,,,,,,TRPHRAB001
AB,2040,T_D_tkm_mdv_t,21.889992891,btkm,"Based on the findings from Sonia Yet et al. 2022, demand projections are indexed through projected national GDP growth (2019=100), using estimates from the Current Measures Scenario of the Canada's Energy Futures 2023. Initial demand is obtained from 2021 subsector activity, which was impacted by the COVID-19 pandemic.",T17,,,,,,TRPHRAB001
AB,2045,T_D_tkm_mdv_t,23.439712969,btkm,"Based on the findings from Sonia Yet et al. 2022, demand projections are indexed through projected national GDP growth (2019=100), using estimates from the Current Measures Scenario of the Canada's Energy Futures 2023. Initial demand is obtained from 2021 subsector activity, which was impacted by the COVID-19 pandemic.",T17,,,,,,TRPHRAB001
BC,2025,T_D_pj_off,22.099624804,PJ,"Dummy technology, to pass off-road demand directly in PJ. Off-road vehicles are assumed to consume diesel only. Based on the findings from Sonia Yet et al. 2022, demand projections are indexed through projected national GDP growth (2019=100), using estimates from the Current Measures Scenario of the Canada's Energy Futures 2023. Initial demand is obtained from 2021 subsector energy use, which was impacted by the COVID-19 pandemic.",T17,,,,,,TRPHRBC001
BC,2030,T_D_pj_off,23.80483785,PJ,"Dummy technology, to pass off-road demand directly in PJ. Off-road vehicles are assumed to consume diesel only. Based on the findings from Sonia Yet et al. 2022, demand projections are indexed through projected national GDP growth (2019=100), using estimates from the Current Measures Scenario of the Canada's Energy Futures 2023. Initial demand is obtained from 2021 subsector energy use, which was impacted by the COVID-19 pandemic.",T17,,,,,,TRPHRBC001
BC,2035,T_D_pj_off,25.519809369,PJ,"Dummy technology, to pass off-road demand directly in PJ. Off-road vehicles are assumed to consume diesel only. Based on the findings from Sonia Yet et al. 2022, demand projections are indexed through projected national GDP growth (2019=100), using estimates from the Current Measures Scenario of the Canada's Energy Futures 2023. Initial demand is obtained from 2021 subsector energy use, which was impacted by the COVID-19 pandemic.",T17,,,,,,TRPHRBC001
BC,2040,T_D_pj_off,27.209575107,PJ,"Dummy technology, to pass off-road demand directly in PJ. Off-road vehicles are assumed to consume diesel only. Based on the findings from Sonia Yet et al. 2022, demand projections are indexed through projected national GDP growth (2019=100), using estimates from the Current Measures Scenario of the Canada's Energy Futures 2023. Initial demand is obtained from 2021 subsector energy use, which was impacted by the COVID-19 pandemic.",T17,,,,,,TRPHRBC001
BC,2045,T_D_pj_off,29.13589939,PJ,"Dummy technology, to pass off-road demand directly in PJ. Off-road vehicles are assumed to consume diesel only. Based on the findings from Sonia Yet et al. 2022, demand projections are indexed through projected national GDP growth (2019=100), using estimates from the Current Measures Scenario of the Canada's Energy Futures 2023. Initial demand is obtained from 2021 subsector energy use, which was impacted by the COVID-19 pandemic.",T17,,,,,,TRPHRBC001
BC,2025,T_D_pkm_hdv_aj,72.064705749,bpkm,"Based on the findings from Sonia Yet et al. 2022, demand projections are indexed through projected national GDP growth (2019=100), using estimates from the Current Measures Scenario of the Canada's Energy Futures 2023. Initial demand is obtained from 2021 subsector energy use divided by avg. energy intensity from 2015-2019 to estimate the provincial demand of this mode. This demand would also reflect the impact of COVID-19 on demands.",T17,,,,,,TRPHRBC001
BC,2030,T_D_pkm_hdv_aj,77.625237998,bpkm,"Based on the findings from Sonia Yet et al. 2022, demand projections are indexed through projected national GDP growth (2019=100), using estimates from the Current Measures Scenario of the Canada's Energy Futures 2023. Initial demand is obtained from 2021 subsector energy use divided by avg. energy intensity from 2015-2019 to estimate the provincial demand of this mode. This demand would also reflect the impact of COVID-19 on demands.",T17,,,,,,TRPHRBC001
BC,2035,T_D_pkm_hdv_aj,83.217591667,bpkm,"Based on the findings from Sonia Yet et al. 2022, demand projections are indexed through projected national GDP growth (2019=100), using estimates from the Current Measures Scenario of the Canada's Energy Futures 2023. Initial demand is obtained from 2021 subsector energy use divided by avg. energy intensity from 2015-2019 to estimate the provincial demand of this mode. This demand would also reflect the impact of COVID-19 on demands.",T17,,,,,,TRPHRBC001
BC,2040,T_D_pkm_hdv_aj,88.727751763,bpkm,"Based on the findings from Sonia Yet et al. 2022, demand projections are indexed through projected national GDP growth (2019=100), using estimates from the Current Measures Scenario of the Canada's Energy Futures 2023. Initial demand is obtained from 2021 subsector energy use divided by avg. energy intensity from 2015-2019 to estimate the provincial demand of this mode. This demand would also reflect the impact of COVID-19 on demands.",T17,,,,,,TRPHRBC001
BC,2045,T_D_pkm_hdv_aj,95.009306036,bpkm,"Based on the findings from Sonia Yet et al. 2022, demand projections are indexed through projected national GDP growth (2019=100), using estimates from the Current Measures Scenario of the Canada's Energy Futures 2023. Initial demand is obtained from 2021 subsector energy use divided by avg. energy intensity from 2015-2019 to estimate the provincial demand of this mode. This demand would also reflect the impact of COVID-19 on demands.",T17,,,,,,TRPHRBC001
BC,2025,T_D_pkm_hdv_bic,0.827943987,bpkm,"Based on the findings from Sonia Yet et al. 2022, demand projections are indexed through projected national GDP growth (2019=100), using estimates from the Current Measures Scenario of the Canada's Energy Futures 2023. Initial demand is obtained from 2021 subsector activity, which was impacted by the COVID-19 pandemic.",T17,,,,,,TRPHRBC001
BC,2030,T_D_pkm_hdv_bic,0.89182837,bpkm,"Based on the findings from Sonia Yet et al. 2022, demand projections are indexed through projected national GDP growth (2019=100), using estimates from the Current Measures Scenario of the Canada's Energy Futures 2023. Initial demand is obtained from 2021 subsector activity, which was impacted by the COVID-19 pandemic.",T17,,,,,,TRPHRBC001
BC,2035,T_D_pkm_hdv_bic,0.956078345,bpkm,"Based on the findings from Sonia Yet et al. 2022, demand projections are indexed through projected national GDP growth (2019=100), using estimates from the Current Measures Scenario of the Canada's Energy Futures 2023. Initial demand is obtained from 2021 subsector activity, which was impacted by the COVID-19 pandemic.",T17,,,,,,TRPHRBC001
BC,2040,T_D_pkm_hdv_bic,1.019384008,bpkm,"Based on the findings from Sonia Yet et al. 2022, demand projections are indexed through projected national GDP growth (2019=100), using estimates from the Current Measures Scenario of the Canada's Energy Futures 2023. Initial demand is obtained from 2021 subsector activity, which was impacted by the COVID-19 pandemic.",T17,,,,,,TRPHRBC001
BC,2045,T_D_pkm_hdv_bic,1.091552138,bpkm,"Based on the findings from Sonia Yet et al. 2022, demand projections are indexed through projected national GDP growth (2019=100), using estimates from the Current Measures Scenario of the Canada's Energy Futures 2023. Initial demand is obtained from 2021 subsector activity, which was impacted by the COVID-19 pandemic.",T17,,,,,,TRPHRBC001
BC,2025,T_D_pkm_hdv_bs,4.951217588,bpkm,"Based on the findings from Sonia Yet et al. 2022, demand projections are indexed through projected national GDP growth (2019=100), using estimates from the Current Measures Scenario of the Canada's Energy Futures 2023. Initial demand is obtained from 2021 subsector activity, which was impacted by the COVID-19 pandemic.",T17,,,,,,TRPHRBC001
BC,2030,T_D_pkm_hdv_bs,5.333254881,bpkm,"Based on the findings from Sonia Yet et al. 2022, demand projections are indexed through projected national GDP growth (2019=100), using estimates from the Current Measures Scenario of the Canada's Energy Futures 2023. Initial demand is obtained from 2021 subsector activity, which was impacted by the COVID-19 pandemic.",T17,,,,,,TRPHRBC001
BC,2035,T_D_pkm_hdv_bs,5.717478469,bpkm,"Based on the findings from Sonia Yet et al. 2022, demand projections are indexed through projected national GDP growth (2019=100), using estimates from the Current Measures Scenario of the Canada's Energy Futures 2023. Initial demand is obtained from 2021 subsector activity, which was impacted by the COVID-19 pandemic.",T17,,,,,,TRPHRBC001
BC,2040,T_D_pkm_hdv_bs,6.096054934,bpkm,"Based on the findings from Sonia Yet et al. 2022, demand projections are indexed through projected national GDP growth (2019=100), using estimates from the Current Measures Scenario of the Canada's Energy Futures 2023. Initial demand is obtained from 2021 subsector activity, which was impacted by the COVID-19 pandemic.",T17,,,,,,TRPHRBC001
BC,2045,T_D_pkm_hdv_bs,6.527630165,bpkm,"Based on the findings from Sonia Yet et al. 2022, demand projections are indexed through projected national GDP growth (2019=100), using estimates from the Current Measures Scenario of the Canada's Energy Futures 2023. Initial demand is obtained from 2021 subsector activity, which was impacted by the COVID-19 pandemic.",T17,,,,,,TRPHRBC001
BC,2025,T_D_pkm_hdv_bt,3.763735031,bpkm,"Based on the findings from Sonia Yet et al. 2022, demand projections are indexed through projected national GDP growth (2019=100), using estimates from the Current Measures Scenario of the Canada's Energy Futures 2023. Initial demand is obtained from 2021 subsector activity, which was impacted by the COVID-19 pandemic.",T17,,,,,,TRPHRBC001
BC,2030,T_D_pkm_hdv_bt,4.054145848,bpkm,"Based on the findings from Sonia Yet et al. 2022, demand projections are indexed through projected national GDP growth (2019=100), using estimates from the Current Measures Scenario of the Canada's Energy Futures 2023. Initial demand is obtained from 2021 subsector activity, which was impacted by the COVID-19 pandemic.",T17,,,,,,TRPHRBC001
BC,2035,T_D_pkm_hdv_bt,4.346218606,bpkm,"Based on the findings from Sonia Yet et al. 2022, demand projections are indexed through projected national GDP growth (2019=100), using estimates from the Current Measures Scenario of the Canada's Energy Futures 2023. Initial demand is obtained from 2021 subsector activity, which was impacted by the COVID-19 pandemic.",T17,,,,,,TRPHRBC001
BC,2040,T_D_pkm_hdv_bt,4.633998628,bpkm,"Based on the findings from Sonia Yet et al. 2022, demand projections are indexed through projected national GDP growth (2019=100), using estimates from the Current Measures Scenario of the Canada's Energy Futures 2023. Initial demand is obtained from 2021 subsector activity, which was impacted by the COVID-19 pandemic.",T17,,,,,,TRPHRBC001
BC,2045,T_D_pkm_hdv_bt,4.962066378,bpkm,"Based on the findings from Sonia Yet et al. 2022, demand projections are indexed through projected national GDP growth (2019=100), using estimates from the Current Measures Scenario of the Canada's Energy Futures 2023. Initial demand is obtained from 2021 subsector activity, which was impacted by the COVID-19 pandemic.",T17,,,,,,TRPHRBC001
BC,2025,T_D_pkm_hdv_r,0.245956165,bpkm,"Based on the findings from Sonia Yet et al. 2022, demand projections are indexed through projected national GDP growth (2019=100), using estimates from the Current Measures Scenario of the Canada's Energy Futures 2023. Initial demand is obtained from 2021 subsector energy use divided by avg. energy intensity from 2015-2019 to estimate the provincial demand of this mode. This demand would also reflect the impact of COVID-19 on demands.",T17,,,,,,TRPHRBC001
BC,2030,T_D_pkm_hdv_r,0.26493421,bpkm,"Based on the findings from Sonia Yet et al. 2022, demand projections are indexed through projected national GDP growth (2019=100), using estimates from the Current Measures Scenario of the Canada's Energy Futures 2023. Initial demand is obtained from 2021 subsector energy use divided by avg. energy intensity from 2015-2019 to estimate the provincial demand of this mode. This demand would also reflect the impact of COVID-19 on demands.",T17,,,,,,TRPHRBC001
BC,2035,T_D_pkm_hdv_r,0.284020861,bpkm,"Based on the findings from Sonia Yet et al. 2022, demand projections are indexed through projected national GDP growth (2019=100), using estimates from the Current Measures Scenario of the Canada's Energy Futures 2023. Initial demand is obtained from 2021 subsector energy use divided by avg. energy intensity from 2015-2019 to estimate the provincial demand of this mode. This demand would also reflect the impact of COVID-19 on demands.",T17,,,,,,TRPHRBC001
BC,2040,T_D_pkm_hdv_r,0.302826985,bpkm,"Based on the findings from Sonia Yet et al. 2022, demand projections are indexed through projected national GDP growth (2019=100), using estimates from the Current Measures Scenario of the Canada's Energy Futures 2023. Initial demand is obtained from 2021 subsector energy use divided by avg. energy intensity from 2015-2019 to estimate the provincial demand of this mode. This demand would also reflect the impact of COVID-19 on demands.",T17,,,,,,TRPHRBC001
BC,2045,T_D_pkm_hdv_r,0.324265871,bpkm,"Based on the findings from Sonia Yet et al. 2022, demand projections are indexed through projected national GDP growth (2019=100), using estimates from the Current Measures Scenario of the Canada's Energy Futures 2023. Initial demand is obtained from 2021 subsector energy use divided by avg. energy intensity from 2015-2019 to estimate the provincial demand of this mode. This demand would also reflect the impact of COVID-19 on demands.",T17,,,,,,TRPHRBC001
BC,2025,T_D_pkm_ldv_c,36.658460449,bpkm,"Based on the findings from Sonia Yet et al. 2022, demand projections are indexed through projected national GDP growth (2019=100), using estimates from the Current Measures Scenario of the Canada's Energy Futures 2023. Initial demand is obtained from 2021 subsector activity, which was impacted by the COVID-19 pandemic.",T17,,,,,,TRPHRBC001
BC,2030,T_D_pkm_ldv_c,39.487037203,bpkm,"Based on the findings from Sonia Yet et al. 2022, demand projections are indexed through projected national GDP growth (2019=100), using estimates from the Current Measures Scenario of the Canada's Energy Futures 2023. Initial demand is obtained from 2021 subsector activity, which was impacted by the COVID-19 pandemic.",T17,,,,,,TRPHRBC001
BC,2035,T_D_pkm_ldv_c,42.331801137,bpkm,"Based on the findings from Sonia Yet et al. 2022, demand projections are indexed through projected national GDP growth (2019=100), using estimates from the Current Measures Scenario of the Canada's Energy Futures 2023. Initial demand is obtained from 2021 subsector activity, which was impacted by the COVID-19 pandemic.",T17,,,,,,TRPHRBC001
BC,2040,T_D_pkm_ldv_c,45.134754175,bpkm,"Based on the findings from Sonia Yet et al. 2022, demand projections are indexed through projected national GDP growth (2019=100), using estimates from the Current Measures Scenario of the Canada's Energy Futures 2023. Initial demand is obtained from 2021 subsector activity, which was impacted by the COVID-19 pandemic.",T17,,,,,,TRPHRBC001
BC,2045,T_D_pkm_ldv_c,48.330106275,bpkm,"Based on the findings from Sonia Yet et al. 2022, demand projections are indexed through projected national GDP growth (2019=100), using estimates from the Current Measures Scenario of the Canada's Energy Futures 2023. Initial demand is obtained from 2021 subsector activity, which was impacted by the COVID-19 pandemic.",T17,,,,,,TRPHRBC001
BC,2025,T_D_pkm_ldv_m,0.454126332,bpkm,"Based on the findings from Sonia Yet et al. 2022, demand projections are indexed through projected national GDP growth (2019=100), using estimates from the Current Measures Scenario of the Canada's Energy Futures 2023. Initial demand is obtained from 2021 subsector activity, which was impacted by the COVID-19 pandemic.",T17,,,,,,TRPHRBC001
BC,2030,T_D_pkm_ldv_m,0.489166843,bpkm,"Based on the findings from Sonia Yet et al. 2022, demand projections are indexed through projected national GDP growth (2019=100), using estimates from the Current Measures Scenario of the Canada's Energy Futures 2023. Initial demand is obtained from 2021 subsector activity, which was impacted by the COVID-19 pandemic.",T17,,,,,,TRPHRBC001
BC,2035,T_D_pkm_ldv_m,0.524407881,bpkm,"Based on the findings from Sonia Yet et al. 2022, demand projections are indexed through projected national GDP growth (2019=100), using estimates from the Current Measures Scenario of the Canada's Energy Futures 2023. Initial demand is obtained from 2021 subsector activity, which was impacted by the COVID-19 pandemic.",T17,,,,,,TRPHRBC001
BC,2040,T_D_pkm_ldv_m,0.559130965,bpkm,"Based on the findings from Sonia Yet et al. 2022, demand projections are indexed through projected national GDP growth (2019=100), using estimates from the Current Measures Scenario of the Canada's Energy Futures 2023. Initial demand is obtained from 2021 subsector activity, which was impacted by the COVID-19 pandemic.",T17,,,,,,TRPHRBC001
BC,2045,T_D_pkm_ldv_m,0.598715102,bpkm,"Based on the findings from Sonia Yet et al. 2022, demand projections are indexed through projected national GDP growth (2019=100), using estimates from the Current Measures Scenario of the Canada's Energy Futures 2023. Initial demand is obtained from 2021 subsector activity, which was impacted by the COVID-19 pandemic.",T17,,,,,,TRPHRBC001
BC,2025,T_D_pkm_ldv_t,39.987979077,bpkm,"Based on the findings from Sonia Yet et al. 2022, demand projections are indexed through projected national GDP growth (2019=100), using estimates from the Current Measures Scenario of the Canada's Energy Futures 2023. Initial demand is obtained from 2021 subsector activity, which was impacted by the COVID-19 pandemic.",T17,,,,,,TRPHRBC001
BC,2030,T_D_pkm_ldv_t,43.073462393,bpkm,"Based on the findings from Sonia Yet et al. 2022, demand projections are indexed through projected national GDP growth (2019=100), using estimates from the Current Measures Scenario of the Canada's Energy Futures 2023. Initial demand is obtained from 2021 subsector activity, which was impacted by the COVID-19 pandemic.",T17,,,,,,TRPHRBC001
BC,2035,T_D_pkm_ldv_t,46.176603094,bpkm,"Based on the findings from Sonia Yet et al. 2022, demand projections are indexed through projected national GDP growth (2019=100), using estimates from the Current Measures Scenario of the Canada's Energy Futures 2023. Initial demand is obtained from 2021 subsector activity, which was impacted by the COVID-19 pandemic.",T17,,,,,,TRPHRBC001
BC,2040,T_D_pkm_ldv_t,49.234135409,bpkm,"Based on the findings from Sonia Yet et al. 2022, demand projections are indexed through projected national GDP growth (2019=100), using estimates from the Current Measures Scenario of the Canada's Energy Futures 2023. Initial demand is obtained from 2021 subsector activity, which was impacted by the COVID-19 pandemic.",T17,,,,,,TRPHRBC001
BC,2045,T_D_pkm_ldv_t,52.719706581,bpkm,"Based on the findings from Sonia Yet et al. 2022, demand projections are indexed through projected national GDP growth (2019=100), using estimates from the Current Measures Scenario of the Canada's Energy Futures 2023. Initial demand is obtained from 2021 subsector activity, which was impacted by the COVID-19 pandemic.",T17,,,,,,TRPHRBC001
BC,2025,T_D_tkm_hdv_aj,0.957598496,btkm,"Based on the findings from Sonia Yet et al. 2022, demand projections are indexed through projected national GDP growth (2019=100), using estimates from the Current Measures Scenario of the Canada's Energy Futures 2023. Initial demand is obtained from 2021 subsector energy use divided by avg. energy intensity from 2015-2019 to estimate the provincial demand of this mode. This demand would also reflect the impact of COVID-19 on demands.",T17,,,,,,TRPHRBC001
BC,2030,T_D_tkm_hdv_aj,1.031487056,btkm,"Based on the findings from Sonia Yet et al. 2022, demand projections are indexed through projected national GDP growth (2019=100), using estimates from the Current Measures Scenario of the Canada's Energy Futures 2023. Initial demand is obtained from 2021 subsector energy use divided by avg. energy intensity from 2015-2019 to estimate the provincial demand of this mode. This demand would also reflect the impact of COVID-19 on demands.",T17,,,,,,TRPHRBC001
BC,2035,T_D_tkm_hdv_aj,1.10579846,btkm,"Based on the findings from Sonia Yet et al. 2022, demand projections are indexed through projected national GDP growth (2019=100), using estimates from the Current Measures Scenario of the Canada's Energy Futures 2023. Initial demand is obtained from 2021 subsector energy use divided by avg. energy intensity from 2015-2019 to estimate the provincial demand of this mode. This demand would also reflect the impact of COVID-19 on demands.",T17,,,,,,TRPHRBC001
BC,2040,T_D_tkm_hdv_aj,1.179017672,btkm,"Based on the findings from Sonia Yet et al. 2022, demand projections are indexed through projected national GDP growth (2019=100), using estimates from the Current Measures Scenario of the Canada's Energy Futures 2023. Initial demand is obtained from 2021 subsector energy use divided by avg. energy intensity from 2015-2019 to estimate the provincial demand of this mode. This demand would also reflect the impact of COVID-19 on demands.",T17,,,,,,TRPHRBC001
BC,2045,T_D_tkm_hdv_aj,1.2624872,btkm,"Based on the findings from Sonia Yet et al. 2022, demand projections are indexed through projected national GDP growth (2019=100), using estimates from the Current Measures Scenario of the Canada's Energy Futures 2023. Initial demand is obtained from 2021 subsector energy use divided by avg. energy intensity from 2015-2019 to estimate the provincial demand of this mode. This demand would also reflect the impact of COVID-19 on demands.",T17,,,,,,TRPHRBC001
BC,2025,T_D_tkm_hdv_r,69.585366229,btkm,"Based on the findings from Sonia Yet et al. 2022, demand projections are indexed through projected national GDP growth (2019=100), using estimates from the Current Measures Scenario of the Canada's Energy Futures 2023. Initial demand is obtained from 2021 subsector energy use divided by avg. energy intensity from 2015-2019 to estimate the provincial demand of this mode. This demand would also reflect the impact of COVID-19 on demands.",T17,,,,,,TRPHRBC001
BC,2030,T_D_tkm_hdv_r,74.954591967,btkm,"Based on the findings from Sonia Yet et al. 2022, demand projections are indexed through projected national GDP growth (2019=100), using estimates from the Current Measures Scenario of the Canada's Energy Futures 2023. Initial demand is obtained from 2021 subsector energy use divided by avg. energy intensity from 2015-2019 to estimate the provincial demand of this mode. This demand would also reflect the impact of COVID-19 on demands.",T17,,,,,,TRPHRBC001
BC,2035,T_D_tkm_hdv_r,80.354544331,btkm,"Based on the findings from Sonia Yet et al. 2022, demand projections are indexed through projected national GDP growth (2019=100), using estimates from the Current Measures Scenario of the Canada's Energy Futures 2023. Initial demand is obtained from 2021 subsector energy use divided by avg. energy intensity from 2015-2019 to estimate the provincial demand of this mode. This demand would also reflect the impact of COVID-19 on demands.",T17,,,,,,TRPHRBC001
BC,2040,T_D_tkm_hdv_r,85.675130938,btkm,"Based on the findings from Sonia Yet et al. 2022, demand projections are indexed through projected national GDP growth (2019=100), using estimates from the Current Measures Scenario of the Canada's Energy Futures 2023. Initial demand is obtained from 2021 subsector energy use divided by avg. energy intensity from 2015-2019 to estimate the provincial demand of this mode. This demand would also reflect the impact of COVID-19 on demands.",T17,,,,,,TRPHRBC001
BC,2045,T_D_tkm_hdv_r,91.740572405,btkm,"Based on the findings from Sonia Yet et al. 2022, demand projections are indexed through projected national GDP growth (2019=100), using estimates from the Current Measures Scenario of the Canada's Energy Futures 2023. Initial demand is obtained from 2021 subsector energy use divided by avg. energy intensity from 2015-2019 to estimate the provincial demand of this mode. This demand would also reflect the impact of COVID-19 on demands.",T17,,,,,,TRPHRBC001
BC,2025,T_D_tkm_hdv_t,26.378217164,btkm,"Based on the findings from Sonia Yet et al. 2022, demand projections are indexed through projected national GDP growth (2019=100), using estimates from the Current Measures Scenario of the Canada's Energy Futures 2023. Initial demand is obtained from 2021 subsector activity, which was impacted by the COVID-19 pandemic.",T17,,,,,,TRPHRBC001
BC,2030,T_D_tkm_hdv_t,28.413567557,btkm,"Based on the findings from Sonia Yet et al. 2022, demand projections are indexed through projected national GDP growth (2019=100), using estimates from the Current Measures Scenario of the Canada's Energy Futures 2023. Initial demand is obtained from 2021 subsector activity, which was impacted by the COVID-19 pandemic.",T17,,,,,,TRPHRBC001
BC,2035,T_D_tkm_hdv_t,30.46056571,btkm,"Based on the findings from Sonia Yet et al. 2022, demand projections are indexed through projected national GDP growth (2019=100), using estimates from the Current Measures Scenario of the Canada's Energy Futures 2023. Initial demand is obtained from 2021 subsector activity, which was impacted by the COVID-19 pandemic.",T17,,,,,,TRPHRBC001
BC,2040,T_D_tkm_hdv_t,32.477478124,btkm,"Based on the findings from Sonia Yet et al. 2022, demand projections are indexed through projected national GDP growth (2019=100), using estimates from the Current Measures Scenario of the Canada's Energy Futures 2023. Initial demand is obtained from 2021 subsector activity, which was impacted by the COVID-19 pandemic.",T17,,,,,,TRPHRBC001
BC,2045,T_D_tkm_hdv_t,34.77674794,btkm,"Based on the findings from Sonia Yet et al. 2022, demand projections are indexed through projected national GDP growth (2019=100), using estimates from the Current Measures Scenario of the Canada's Energy Futures 2023. Initial demand is obtained from 2021 subsector activity, which was impacted by the COVID-19 pandemic.",T17,,,,,,TRPHRBC001
BC,2025,T_D_tkm_hdv_wt,110.959840734,btkm,"Based on the findings from Sonia Yet et al. 2022, demand projections are indexed through projected national GDP growth (2019=100), using estimates from the Current Measures Scenario of the Canada's Energy Futures 2023. Initial demand is obtained from 2021 subsector energy use divided by avg. energy intensity from 2015-2019 to estimate the provincial demand of this mode. This demand would also reflect the impact of COVID-19 on demands.",T17,,,,,,TRPHRBC001
BC,2030,T_D_tkm_hdv_wt,119.521532151,btkm,"Based on the findings from Sonia Yet et al. 2022, demand projections are indexed through projected national GDP growth (2019=100), using estimates from the Current Measures Scenario of the Canada's Energy Futures 2023. Initial demand is obtained from 2021 subsector energy use divided by avg. energy intensity from 2015-2019 to estimate the provincial demand of this mode. This demand would also reflect the impact of COVID-19 on demands.",T17,,,,,,TRPHRBC001
BC,2035,T_D_tkm_hdv_wt,128.132219811,btkm,"Based on the findings from Sonia Yet et al. 2022, demand projections are indexed through projected national GDP growth (2019=100), using estimates from the Current Measures Scenario of the Canada's Energy Futures 2023. Initial demand is obtained from 2021 subsector energy use divided by avg. energy intensity from 2015-2019 to estimate the provincial demand of this mode. This demand would also reflect the impact of COVID-19 on demands.",T17,,,,,,TRPHRBC001
BC,2040,T_D_tkm_hdv_wt,136.616351956,btkm,"Based on the findings from Sonia Yet et al. 2022, demand projections are indexed through projected national GDP growth (2019=100), using estimates from the Current Measures Scenario of the Canada's Energy Futures 2023. Initial demand is obtained from 2021 subsector energy use divided by avg. energy intensity from 2015-2019 to estimate the provincial demand of this mode. This demand would also reflect the impact of COVID-19 on demands.",T17,,,,,,TRPHRBC001
BC,2045,T_D_tkm_hdv_wt,146.288219127,btkm,"Based on the findings from Sonia Yet et al. 2022, demand projections are indexed through projected national GDP growth (2019=100), using estimates from the Current Measures Scenario of the Canada's Energy Futures 2023. Initial demand is obtained from 2021 subsector energy use divided by avg. energy intensity from 2015-2019 to estimate the provincial demand of this mode. This demand would also reflect the impact of COVID-19 on demands.",T17,,,,,,TRPHRBC001
BC,2025,T_D_tkm_ldv_t,5.102981329,btkm,"Based on the findings from Sonia Yet et al. 2022, demand projections are indexed through projected national GDP growth (2019=100), using estimates from the Current Measures Scenario of the Canada's Energy Futures 2023. Initial demand is obtained from 2021 subsector activity, which was impacted by the COVID-19 pandemic.",T17,,,,,,TRPHRBC001
BC,2030,T_D_tkm_ldv_t,5.496728753,btkm,"Based on the findings from Sonia Yet et al. 2022, demand projections are indexed through projected national GDP growth (2019=100), using estimates from the Current Measures Scenario of the Canada's Energy Futures 2023. Initial demand is obtained from 2021 subsector activity, which was impacted by the COVID-19 pandemic.",T17,,,,,,TRPHRBC001
BC,2035,T_D_tkm_ldv_t,5.892729487,btkm,"Based on the findings from Sonia Yet et al. 2022, demand projections are indexed through projected national GDP growth (2019=100), using estimates from the Current Measures Scenario of the Canada's Energy Futures 2023. Initial demand is obtained from 2021 subsector activity, which was impacted by the COVID-19 pandemic.",T17,,,,,,TRPHRBC001
BC,2040,T_D_tkm_ldv_t,6.282910003,btkm,"Based on the findings from Sonia Yet et al. 2022, demand projections are indexed through projected national GDP growth (2019=100), using estimates from the Current Measures Scenario of the Canada's Energy Futures 2023. Initial demand is obtained from 2021 subsector activity, which was impacted by the COVID-19 pandemic.",T17,,,,,,TRPHRBC001
BC,2045,T_D_tkm_ldv_t,6.727713792,btkm,"Based on the findings from Sonia Yet et al. 2022, demand projections are indexed through projected national GDP growth (2019=100), using estimates from the Current Measures Scenario of the Canada's Energy Futures 2023. Initial demand is obtained from 2021 subsector activity, which was impacted by the COVID-19 pandemic.",T17,,,,,,TRPHRBC001
BC,2025,T_D_tkm_mdv_t,12.787445814,btkm,"Based on the findings from Sonia Yet et al. 2022, demand projections are indexed through projected national GDP growth (2019=100), using estimates from the Current Measures Scenario of the Canada's Energy Futures 2023. Initial demand is obtained from 2021 subsector activity, which was impacted by the COVID-19 pandemic.",T17,,,,,,TRPHRBC001
BC,2030,T_D_tkm_mdv_t,13.774128603,btkm,"Based on the findings from Sonia Yet et al. 2022, demand projections are indexed through projected national GDP growth (2019=100), using estimates from the Current Measures Scenario of the Canada's Energy Futures 2023. Initial demand is obtained from 2021 subsector activity, which was impacted by the COVID-19 pandemic.",T17,,,,,,TRPHRBC001
BC,2035,T_D_tkm_mdv_t,14.76645791,btkm,"Based on the findings from Sonia Yet et al. 2022, demand projections are indexed through projected national GDP growth (2019=100), using estimates from the Current Measures Scenario of the Canada's Energy Futures 2023. Initial demand is obtained from 2021 subsector activity, which was impacted by the COVID-19 pandemic.",T17,,,,,,TRPHRBC001
BC,2040,T_D_tkm_mdv_t,15.744202465,btkm,"Based on the findings from Sonia Yet et al. 2022, demand projections are indexed through projected national GDP growth (2019=100), using estimates from the Current Measures Scenario of the Canada's Energy Futures 2023. Initial demand is obtained from 2021 subsector activity, which was impacted by the COVID-19 pandemic.",T17,,,,,,TRPHRBC001
BC,2045,T_D_tkm_mdv_t,16.858826247,btkm,"Based on the findings from Sonia Yet et al. 2022, demand projections are indexed through projected national GDP growth (2019=100), using estimates from the Current Measures Scenario of the Canada's Energy Futures 2023. Initial demand is obtained from 2021 subsector activity, which was impacted by the COVID-19 pandemic.",T17,,,,,,TRPHRBC001
MB,2025,T_D_pj_off,4.814258715,PJ,"Dummy technology, to pass off-road demand directly in PJ. Off-road vehicles are assumed to consume diesel only. Based on the findings from Sonia Yet et al. 2022, demand projections are indexed through projected national GDP growth (2019=100), using estimates from the Current Measures Scenario of the Canada's Energy Futures 2023. Initial demand is obtained from 2021 subsector energy use, which was impacted by the COVID-19 pandemic.",T17,,,,,,TRPHRMB001
MB,2030,T_D_pj_off,5.185728223,PJ,"Dummy technology, to pass off-road demand directly in PJ. Off-road vehicles are assumed to consume diesel only. Based on the findings from Sonia Yet et al. 2022, demand projections are indexed through projected national GDP growth (2019=100), using estimates from the Current Measures Scenario of the Canada's Energy Futures 2023. Initial demand is obtained from 2021 subsector energy use, which was impacted by the COVID-19 pandemic.",T17,,,,,,TRPHRMB001
MB,2035,T_D_pj_off,5.559323552,PJ,"Dummy technology, to pass off-road demand directly in PJ. Off-road vehicles are assumed to consume diesel only. Based on the findings from Sonia Yet et al. 2022, demand projections are indexed through projected national GDP growth (2019=100), using estimates from the Current Measures Scenario of the Canada's Energy Futures 2023. Initial demand is obtained from 2021 subsector energy use, which was impacted by the COVID-19 pandemic.",T17,,,,,,TRPHRMB001
MB,2040,T_D_pj_off,5.927427965,PJ,"Dummy technology, to pass off-road demand directly in PJ. Off-road vehicles are assumed to consume diesel only. Based on the findings from Sonia Yet et al. 2022, demand projections are indexed through projected national GDP growth (2019=100), using estimates from the Current Measures Scenario of the Canada's Energy Futures 2023. Initial demand is obtained from 2021 subsector energy use, which was impacted by the COVID-19 pandemic.",T17,,,,,,TRPHRMB001
MB,2045,T_D_pj_off,6.347065111,PJ,"Dummy technology, to pass off-road demand directly in PJ. Off-road vehicles are assumed to consume diesel only. Based on the findings from Sonia Yet et al. 2022, demand projections are indexed through projected national GDP growth (2019=100), using estimates from the Current Measures Scenario of the Canada's Energy Futures 2023. Initial demand is obtained from 2021 subsector energy use, which was impacted by the COVID-19 pandemic.",T17,,,,,,TRPHRMB001
MB,2025,T_D_pkm_hdv_aj,9.443085151,bpkm,"Based on the findings from Sonia Yet et al. 2022, demand projections are indexed through projected national GDP growth (2019=100), using estimates from the Current Measures Scenario of the Canada's Energy Futures 2023. Initial demand is obtained from 2021 subsector energy use divided by avg. energy intensity from 2015-2019 to estimate the provincial demand of this mode. This demand would also reflect the impact of COVID-19 on demands.",T17,,,,,,TRPHRMB001
MB,2030,T_D_pkm_hdv_aj,10.171716163,bpkm,"Based on the findings from Sonia Yet et al. 2022, demand projections are indexed through projected national GDP growth (2019=100), using estimates from the Current Measures Scenario of the Canada's Energy Futures 2023. Initial demand is obtained from 2021 subsector energy use divided by avg. energy intensity from 2015-2019 to estimate the provincial demand of this mode. This demand would also reflect the impact of COVID-19 on demands.",T17,,,,,,TRPHRMB001
MB,2035,T_D_pkm_hdv_aj,10.904516933,bpkm,"Based on the findings from Sonia Yet et al. 2022, demand projections are indexed through projected national GDP growth (2019=100), using estimates from the Current Measures Scenario of the Canada's Energy Futures 2023. Initial demand is obtained from 2021 subsector energy use divided by avg. energy intensity from 2015-2019 to estimate the provincial demand of this mode. This demand would also reflect the impact of COVID-19 on demands.",T17,,,,,,TRPHRMB001
MB,2040,T_D_pkm_hdv_aj,11.62654737,bpkm,"Based on the findings from Sonia Yet et al. 2022, demand projections are indexed through projected national GDP growth (2019=100), using estimates from the Current Measures Scenario of the Canada's Energy Futures 2023. Initial demand is obtained from 2021 subsector energy use divided by avg. energy intensity from 2015-2019 to estimate the provincial demand of this mode. This demand would also reflect the impact of COVID-19 on demands.",T17,,,,,,TRPHRMB001
MB,2045,T_D_pkm_hdv_aj,12.449658368,bpkm,"Based on the findings from Sonia Yet et al. 2022, demand projections are indexed through projected national GDP growth (2019=100), using estimates from the Current Measures Scenario of the Canada's Energy Futures 2023. Initial demand is obtained from 2021 subsector energy use divided by avg. energy intensity from 2015-2019 to estimate the provincial demand of this mode. This demand would also reflect the impact of COVID-19 on demands.",T17,,,,,,TRPHRMB001
MB,2025,T_D_pkm_hdv_bic,0.199445583,bpkm,"Based on the findings from Sonia Yet et al. 2022, demand projections are indexed through projected national GDP growth (2019=100), using estimates from the Current Measures Scenario of the Canada's Energy Futures 2023. Initial demand is obtained from 2021 subsector activity, which was impacted by the COVID-19 pandemic.",T17,,,,,,TRPHRMB001
MB,2030,T_D_pkm_hdv_bic,0.214834858,bpkm,"Based on the findings from Sonia Yet et al. 2022, demand projections are indexed through projected national GDP growth (2019=100), using estimates from the Current Measures Scenario of the Canada's Energy Futures 2023. Initial demand is obtained from 2021 subsector activity, which was impacted by the COVID-19 pandemic.",T17,,,,,,TRPHRMB001
MB,2035,T_D_pkm_hdv_bic,0.230312202,bpkm,"Based on the findings from Sonia Yet et al. 2022, demand projections are indexed through projected national GDP growth (2019=100), using estimates from the Current Measures Scenario of the Canada's Energy Futures 2023. Initial demand is obtained from 2021 subsector activity, which was impacted by the COVID-19 pandemic.",T17,,,,,,TRPHRMB001
MB,2040,T_D_pkm_hdv_bic,0.245562068,bpkm,"Based on the findings from Sonia Yet et al. 2022, demand projections are indexed through projected national GDP growth (2019=100), using estimates from the Current Measures Scenario of the Canada's Energy Futures 2023. Initial demand is obtained from 2021 subsector activity, which was impacted by the COVID-19 pandemic.",T17,,,,,,TRPHRMB001
MB,2045,T_D_pkm_hdv_bic,0.262946837,bpkm,"Based on the findings from Sonia Yet et al. 2022, demand projections are indexed through projected national GDP growth (2019=100), using estimates from the Current Measures Scenario of the Canada's Energy Futures 2023. Initial demand is obtained from 2021 subsector activity, which was impacted by the COVID-19 pandemic.",T17,,,,,,TRPHRMB001
MB,2025,T_D_pkm_hdv_bs,0.863996235,bpkm,"Based on the findings from Sonia Yet et al. 2022, demand projections are indexed through projected national GDP growth (2019=100), using estimates from the Current Measures Scenario of the Canada's Energy Futures 2023. Initial demand is obtained from 2021 subsector activity, which was impacted by the COVID-19 pandemic.",T17,,,,,,TRPHRMB001
MB,2030,T_D_pkm_hdv_bs,0.930662419,bpkm,"Based on the findings from Sonia Yet et al. 2022, demand projections are indexed through projected national GDP growth (2019=100), using estimates from the Current Measures Scenario of the Canada's Energy Futures 2023. Initial demand is obtained from 2021 subsector activity, which was impacted by the COVID-19 pandemic.",T17,,,,,,TRPHRMB001
MB,2035,T_D_pkm_hdv_bs,0.997710115,bpkm,"Based on the findings from Sonia Yet et al. 2022, demand projections are indexed through projected national GDP growth (2019=100), using estimates from the Current Measures Scenario of the Canada's Energy Futures 2023. Initial demand is obtained from 2021 subsector activity, which was impacted by the COVID-19 pandemic.",T17,,,,,,TRPHRMB001
MB,2040,T_D_pkm_hdv_bs,1.063772378,bpkm,"Based on the findings from Sonia Yet et al. 2022, demand projections are indexed through projected national GDP growth (2019=100), using estimates from the Current Measures Scenario of the Canada's Energy Futures 2023. Initial demand is obtained from 2021 subsector activity, which was impacted by the COVID-19 pandemic.",T17,,,,,,TRPHRMB001
MB,2045,T_D_pkm_hdv_bs,1.13908302,bpkm,"Based on the findings from Sonia Yet et al. 2022, demand projections are indexed through projected national GDP growth (2019=100), using estimates from the Current Measures Scenario of the Canada's Energy Futures 2023. Initial demand is obtained from 2021 subsector activity, which was impacted by the COVID-19 pandemic.",T17,,,,,,TRPHRMB001
MB,2025,T_D_pkm_hdv_bt,0.544110389,bpkm,"Based on the findings from Sonia Yet et al. 2022, demand projections are indexed through projected national GDP growth (2019=100), using estimates from the Current Measures Scenario of the Canada's Energy Futures 2023. Initial demand is obtained from 2021 subsector activity, which was impacted by the COVID-19 pandemic.",T17,,,,,,TRPHRMB001
MB,2030,T_D_pkm_hdv_bt,0.586094094,bpkm,"Based on the findings from Sonia Yet et al. 2022, demand projections are indexed through projected national GDP growth (2019=100), using estimates from the Current Measures Scenario of the Canada's Energy Futures 2023. Initial demand is obtained from 2021 subsector activity, which was impacted by the COVID-19 pandemic.",T17,,,,,,TRPHRMB001
MB,2035,T_D_pkm_hdv_bt,0.628318061,bpkm,"Based on the findings from Sonia Yet et al. 2022, demand projections are indexed through projected national GDP growth (2019=100), using estimates from the Current Measures Scenario of the Canada's Energy Futures 2023. Initial demand is obtained from 2021 subsector activity, which was impacted by the COVID-19 pandemic.",T17,,,,,,TRPHRMB001
MB,2040,T_D_pkm_hdv_bt,0.669921441,bpkm,"Based on the findings from Sonia Yet et al. 2022, demand projections are indexed through projected national GDP growth (2019=100), using estimates from the Current Measures Scenario of the Canada's Energy Futures 2023. Initial demand is obtained from 2021 subsector activity, which was impacted by the COVID-19 pandemic.",T17,,,,,,TRPHRMB001
MB,2045,T_D_pkm_hdv_bt,0.717349082,bpkm,"Based on the findings from Sonia Yet et al. 2022, demand projections are indexed through projected national GDP growth (2019=100), using estimates from the Current Measures Scenario of the Canada's Energy Futures 2023. Initial demand is obtained from 2021 subsector activity, which was impacted by the COVID-19 pandemic.",T17,,,,,,TRPHRMB001
MB,2025,T_D_pkm_hdv_r,0.223605453,bpkm,"Based on the findings from Sonia Yet et al. 2022, demand projections are indexed through projected national GDP growth (2019=100), using estimates from the Current Measures Scenario of the Canada's Energy Futures 2023. Initial demand is obtained from 2021 subsector energy use divided by avg. energy intensity from 2015-2019 to estimate the provincial demand of this mode. This demand would also reflect the impact of COVID-19 on demands.",T17,,,,,,TRPHRMB001
MB,2030,T_D_pkm_hdv_r,0.240858911,bpkm,"Based on the findings from Sonia Yet et al. 2022, demand projections are indexed through projected national GDP growth (2019=100), using estimates from the Current Measures Scenario of the Canada's Energy Futures 2023. Initial demand is obtained from 2021 subsector energy use divided by avg. energy intensity from 2015-2019 to estimate the provincial demand of this mode. This demand would also reflect the impact of COVID-19 on demands.",T17,,,,,,TRPHRMB001
MB,2035,T_D_pkm_hdv_r,0.258211105,bpkm,"Based on the findings from Sonia Yet et al. 2022, demand projections are indexed through projected national GDP growth (2019=100), using estimates from the Current Measures Scenario of the Canada's Energy Futures 2023. Initial demand is obtained from 2021 subsector energy use divided by avg. energy intensity from 2015-2019 to estimate the provincial demand of this mode. This demand would also reflect the impact of COVID-19 on demands.",T17,,,,,,TRPHRMB001
MB,2040,T_D_pkm_hdv_r,0.275308266,bpkm,"Based on the findings from Sonia Yet et al. 2022, demand projections are indexed through projected national GDP growth (2019=100), using estimates from the Current Measures Scenario of the Canada's Energy Futures 2023. Initial demand is obtained from 2021 subsector energy use divided by avg. energy intensity from 2015-2019 to estimate the provincial demand of this mode. This demand would also reflect the impact of COVID-19 on demands.",T17,,,,,,TRPHRMB001
MB,2045,T_D_pkm_hdv_r,0.294798941,bpkm,"Based on the findings from Sonia Yet et al. 2022, demand projections are indexed through projected national GDP growth (2019=100), using estimates from the Current Measures Scenario of the Canada's Energy Futures 2023. Initial demand is obtained from 2021 subsector energy use divided by avg. energy intensity from 2015-2019 to estimate the provincial demand of this mode. This demand would also reflect the impact of COVID-19 on demands.",T17,,,,,,TRPHRMB001
MB,2025,T_D_pkm_ldv_c,10.329847791,bpkm,"Based on the findings from Sonia Yet et al. 2022, demand projections are indexed through projected national GDP growth (2019=100), using estimates from the Current Measures Scenario of the Canada's Energy Futures 2023. Initial demand is obtained from 2021 subsector activity, which was impacted by the COVID-19 pandemic.",T17,,,,,,TRPHRMB001
MB,2030,T_D_pkm_ldv_c,11.12690165,bpkm,"Based on the findings from Sonia Yet et al. 2022, demand projections are indexed through projected national GDP growth (2019=100), using estimates from the Current Measures Scenario of the Canada's Energy Futures 2023. Initial demand is obtained from 2021 subsector activity, which was impacted by the COVID-19 pandemic.",T17,,,,,,TRPHRMB001
MB,2035,T_D_pkm_ldv_c,11.928516832,bpkm,"Based on the findings from Sonia Yet et al. 2022, demand projections are indexed through projected national GDP growth (2019=100), using estimates from the Current Measures Scenario of the Canada's Energy Futures 2023. Initial demand is obtained from 2021 subsector activity, which was impacted by the COVID-19 pandemic.",T17,,,,,,TRPHRMB001
MB,2040,T_D_pkm_ldv_c,12.718350281,bpkm,"Based on the findings from Sonia Yet et al. 2022, demand projections are indexed through projected national GDP growth (2019=100), using estimates from the Current Measures Scenario of the Canada's Energy Futures 2023. Initial demand is obtained from 2021 subsector activity, which was impacted by the COVID-19 pandemic.",T17,,,,,,TRPHRMB001
MB,2045,T_D_pkm_ldv_c,13.618756365,bpkm,"Based on the findings from Sonia Yet et al. 2022, demand projections are indexed through projected national GDP growth (2019=100), using estimates from the Current Measures Scenario of the Canada's Energy Futures 2023. Initial demand is obtained from 2021 subsector activity, which was impacted by the COVID-19 pandemic.",T17,,,,,,TRPHRMB001
MB,2025,T_D_pkm_ldv_m,0.180754312,bpkm,"Based on the findings from Sonia Yet et al. 2022, demand projections are indexed through projected national GDP growth (2019=100), using estimates from the Current Measures Scenario of the Canada's Energy Futures 2023. Initial demand is obtained from 2021 subsector activity, which was impacted by the COVID-19 pandemic.",T17,,,,,,TRPHRMB001
MB,2030,T_D_pkm_ldv_m,0.194701364,bpkm,"Based on the findings from Sonia Yet et al. 2022, demand projections are indexed through projected national GDP growth (2019=100), using estimates from the Current Measures Scenario of the Canada's Energy Futures 2023. Initial demand is obtained from 2021 subsector activity, which was impacted by the COVID-19 pandemic.",T17,,,,,,TRPHRMB001
MB,2035,T_D_pkm_ldv_m,0.208728231,bpkm,"Based on the findings from Sonia Yet et al. 2022, demand projections are indexed through projected national GDP growth (2019=100), using estimates from the Current Measures Scenario of the Canada's Energy Futures 2023. Initial demand is obtained from 2021 subsector activity, which was impacted by the COVID-19 pandemic.",T17,,,,,,TRPHRMB001
MB,2040,T_D_pkm_ldv_m,0.222548938,bpkm,"Based on the findings from Sonia Yet et al. 2022, demand projections are indexed through projected national GDP growth (2019=100), using estimates from the Current Measures Scenario of the Canada's Energy Futures 2023. Initial demand is obtained from 2021 subsector activity, which was impacted by the COVID-19 pandemic.",T17,,,,,,TRPHRMB001
MB,2045,T_D_pkm_ldv_m,0.238304473,bpkm,"Based on the findings from Sonia Yet et al. 2022, demand projections are indexed through projected national GDP growth (2019=100), using estimates from the Current Measures Scenario of the Canada's Energy Futures 2023. Initial demand is obtained from 2021 subsector activity, which was impacted by the COVID-19 pandemic.",T17,,,,,,TRPHRMB001
MB,2025,T_D_pkm_ldv_t,14.368592582,bpkm,"Based on the findings from Sonia Yet et al. 2022, demand projections are indexed through projected national GDP growth (2019=100), using estimates from the Current Measures Scenario of the Canada's Energy Futures 2023. Initial demand is obtained from 2021 subsector activity, which was impacted by the COVID-19 pandemic.",T17,,,,,,TRPHRMB001
MB,2030,T_D_pkm_ldv_t,15.477277085,bpkm,"Based on the findings from Sonia Yet et al. 2022, demand projections are indexed through projected national GDP growth (2019=100), using estimates from the Current Measures Scenario of the Canada's Energy Futures 2023. Initial demand is obtained from 2021 subsector activity, which was impacted by the COVID-19 pandemic.",T17,,,,,,TRPHRMB001
MB,2035,T_D_pkm_ldv_t,16.592306288,bpkm,"Based on the findings from Sonia Yet et al. 2022, demand projections are indexed through projected national GDP growth (2019=100), using estimates from the Current Measures Scenario of the Canada's Energy Futures 2023. Initial demand is obtained from 2021 subsector activity, which was impacted by the COVID-19 pandemic.",T17,,,,,,TRPHRMB001
MB,2040,T_D_pkm_ldv_t,17.690947359,bpkm,"Based on the findings from Sonia Yet et al. 2022, demand projections are indexed through projected national GDP growth (2019=100), using estimates from the Current Measures Scenario of the Canada's Energy Futures 2023. Initial demand is obtained from 2021 subsector activity, which was impacted by the COVID-19 pandemic.",T17,,,,,,TRPHRMB001
MB,2045,T_D_pkm_ldv_t,18.943392549,bpkm,"Based on the findings from Sonia Yet et al. 2022, demand projections are indexed through projected national GDP growth (2019=100), using estimates from the Current Measures Scenario of the Canada's Energy Futures 2023. Initial demand is obtained from 2021 subsector activity, which was impacted by the COVID-19 pandemic.",T17,,,,,,TRPHRMB001
MB,2025,T_D_tkm_hdv_aj,0.120824937,btkm,"Based on the findings from Sonia Yet et al. 2022, demand projections are indexed through projected national GDP growth (2019=100), using estimates from the Current Measures Scenario of the Canada's Energy Futures 2023. Initial demand is obtained from 2021 subsector energy use divided by avg. energy intensity from 2015-2019 to estimate the provincial demand of this mode. This demand would also reflect the impact of COVID-19 on demands.",T17,,,,,,TRPHRMB001
MB,2030,T_D_tkm_hdv_aj,0.130147822,btkm,"Based on the findings from Sonia Yet et al. 2022, demand projections are indexed through projected national GDP growth (2019=100), using estimates from the Current Measures Scenario of the Canada's Energy Futures 2023. Initial demand is obtained from 2021 subsector energy use divided by avg. energy intensity from 2015-2019 to estimate the provincial demand of this mode. This demand would also reflect the impact of COVID-19 on demands.",T17,,,,,,TRPHRMB001
MB,2035,T_D_tkm_hdv_aj,0.13952406,btkm,"Based on the findings from Sonia Yet et al. 2022, demand projections are indexed through projected national GDP growth (2019=100), using estimates from the Current Measures Scenario of the Canada's Energy Futures 2023. Initial demand is obtained from 2021 subsector energy use divided by avg. energy intensity from 2015-2019 to estimate the provincial demand of this mode. This demand would also reflect the impact of COVID-19 on demands.",T17,,,,,,TRPHRMB001
MB,2040,T_D_tkm_hdv_aj,0.14876249,btkm,"Based on the findings from Sonia Yet et al. 2022, demand projections are indexed through projected national GDP growth (2019=100), using estimates from the Current Measures Scenario of the Canada's Energy Futures 2023. Initial demand is obtained from 2021 subsector energy use divided by avg. energy intensity from 2015-2019 to estimate the provincial demand of this mode. This demand would also reflect the impact of COVID-19 on demands.",T17,,,,,,TRPHRMB001
MB,2045,T_D_tkm_hdv_aj,0.159294253,btkm,"Based on the findings from Sonia Yet et al. 2022, demand projections are indexed through projected national GDP growth (2019=100), using estimates from the Current Measures Scenario of the Canada's Energy Futures 2023. Initial demand is obtained from 2021 subsector energy use divided by avg. energy intensity from 2015-2019 to estimate the provincial demand of this mode. This demand would also reflect the impact of COVID-19 on demands.",T17,,,,,,TRPHRMB001
MB,2025,T_D_tkm_hdv_r,63.261944959,btkm,"Based on the findings from Sonia Yet et al. 2022, demand projections are indexed through projected national GDP growth (2019=100), using estimates from the Current Measures Scenario of the Canada's Energy Futures 2023. Initial demand is obtained from 2021 subsector energy use divided by avg. energy intensity from 2015-2019 to estimate the provincial demand of this mode. This demand would also reflect the impact of COVID-19 on demands.",T17,,,,,,TRPHRMB001
MB,2030,T_D_tkm_hdv_r,68.143253796,btkm,"Based on the findings from Sonia Yet et al. 2022, demand projections are indexed through projected national GDP growth (2019=100), using estimates from the Current Measures Scenario of the Canada's Energy Futures 2023. Initial demand is obtained from 2021 subsector energy use divided by avg. energy intensity from 2015-2019 to estimate the provincial demand of this mode. This demand would also reflect the impact of COVID-19 on demands.",T17,,,,,,TRPHRMB001
MB,2035,T_D_tkm_hdv_r,73.052497043,btkm,"Based on the findings from Sonia Yet et al. 2022, demand projections are indexed through projected national GDP growth (2019=100), using estimates from the Current Measures Scenario of the Canada's Energy Futures 2023. Initial demand is obtained from 2021 subsector energy use divided by avg. energy intensity from 2015-2019 to estimate the provincial demand of this mode. This demand would also reflect the impact of COVID-19 on demands.",T17,,,,,,TRPHRMB001
MB,2040,T_D_tkm_hdv_r,77.889586726,btkm,"Based on the findings from Sonia Yet et al. 2022, demand projections are indexed through projected national GDP growth (2019=100), using estimates from the Current Measures Scenario of the Canada's Energy Futures 2023. Initial demand is obtained from 2021 subsector energy use divided by avg. energy intensity from 2015-2019 to estimate the provincial demand of this mode. This demand would also reflect the impact of COVID-19 on demands.",T17,,,,,,TRPHRMB001
MB,2045,T_D_tkm_hdv_r,83.403844178,btkm,"Based on the findings from Sonia Yet et al. 2022, demand projections are indexed through projected national GDP growth (2019=100), using estimates from the Current Measures Scenario of the Canada's Energy Futures 2023. Initial demand is obtained from 2021 subsector energy use divided by avg. energy intensity from 2015-2019 to estimate the provincial demand of this mode. This demand would also reflect the impact of COVID-19 on demands.",T17,,,,,,TRPHRMB001
MB,2025,T_D_tkm_hdv_t,16.641111346,btkm,"Based on the findings from Sonia Yet et al. 2022, demand projections are indexed through projected national GDP growth (2019=100), using estimates from the Current Measures Scenario of the Canada's Energy Futures 2023. Initial demand is obtained from 2021 subsector activity, which was impacted by the COVID-19 pandemic.",T17,,,,,,TRPHRMB001
MB,2030,T_D_tkm_hdv_t,17.925144012,btkm,"Based on the findings from Sonia Yet et al. 2022, demand projections are indexed through projected national GDP growth (2019=100), using estimates from the Current Measures Scenario of the Canada's Energy Futures 2023. Initial demand is obtained from 2021 subsector activity, which was impacted by the COVID-19 pandemic.",T17,,,,,,TRPHRMB001
MB,2035,T_D_tkm_hdv_t,19.21652485,btkm,"Based on the findings from Sonia Yet et al. 2022, demand projections are indexed through projected national GDP growth (2019=100), using estimates from the Current Measures Scenario of the Canada's Energy Futures 2023. Initial demand is obtained from 2021 subsector activity, which was impacted by the COVID-19 pandemic.",T17,,,,,,TRPHRMB001
MB,2040,T_D_tkm_hdv_t,20.488925629,btkm,"Based on the findings from Sonia Yet et al. 2022, demand projections are indexed through projected national GDP growth (2019=100), using estimates from the Current Measures Scenario of the Canada's Energy Futures 2023. Initial demand is obtained from 2021 subsector activity, which was impacted by the COVID-19 pandemic.",T17,,,,,,TRPHRMB001
MB,2045,T_D_tkm_hdv_t,21.939455996,btkm,"Based on the findings from Sonia Yet et al. 2022, demand projections are indexed through projected national GDP growth (2019=100), using estimates from the Current Measures Scenario of the Canada's Energy Futures 2023. Initial demand is obtained from 2021 subsector activity, which was impacted by the COVID-19 pandemic.",T17,,,,,,TRPHRMB001
MB,2025,T_D_tkm_hdv_wt,1.0,btkm,"Based on the findings from Sonia Yet et al. 2022, demand projections are indexed through projected national GDP growth (2019=100), using estimates from the Current Measures Scenario of the Canada's Energy Futures 2023. Initial demand is obtained from 2021 subsector energy use divided by avg. energy intensity from 2015-2019 to estimate the provincial demand of this mode. This demand would also reflect the impact of COVID-19 on demands.",T17,,,,,,TRPHRMB001
MB,2030,T_D_tkm_hdv_wt,1.0,btkm,"Based on the findings from Sonia Yet et al. 2022, demand projections are indexed through projected national GDP growth (2019=100), using estimates from the Current Measures Scenario of the Canada's Energy Futures 2023. Initial demand is obtained from 2021 subsector energy use divided by avg. energy intensity from 2015-2019 to estimate the provincial demand of this mode. This demand would also reflect the impact of COVID-19 on demands.",T17,,,,,,TRPHRMB001
MB,2035,T_D_tkm_hdv_wt,1.0,btkm,"Based on the findings from Sonia Yet et al. 2022, demand projections are indexed through projected national GDP growth (2019=100), using estimates from the Current Measures Scenario of the Canada's Energy Futures 2023. Initial demand is obtained from 2021 subsector energy use divided by avg. energy intensity from 2015-2019 to estimate the provincial demand of this mode. This demand would also reflect the impact of COVID-19 on demands.",T17,,,,,,TRPHRMB001
MB,2040,T_D_tkm_hdv_wt,1.0,btkm,"Based on the findings from Sonia Yet et al. 2022, demand projections are indexed through projected national GDP growth (2019=100), using estimates from the Current Measures Scenario of the Canada's Energy Futures 2023. Initial demand is obtained from 2021 subsector energy use divided by avg. energy intensity from 2015-2019 to estimate the provincial demand of this mode. This demand would also reflect the impact of COVID-19 on demands.",T17,,,,,,TRPHRMB001
MB,2045,T_D_tkm_hdv_wt,1.0,btkm,"Based on the findings from Sonia Yet et al. 2022, demand projections are indexed through projected national GDP growth (2019=100), using estimates from the Current Measures Scenario of the Canada's Energy Futures 2023. Initial demand is obtained from 2021 subsector energy use divided by avg. energy intensity from 2015-2019 to estimate the provincial demand of this mode. This demand would also reflect the impact of COVID-19 on demands.",T17,,,,,,TRPHRMB001
MB,2025,T_D_tkm_ldv_t,1.536180708,btkm,"Based on the findings from Sonia Yet et al. 2022, demand projections are indexed through projected national GDP growth (2019=100), using estimates from the Current Measures Scenario of the Canada's Energy Futures 2023. Initial demand is obtained from 2021 subsector activity, which was impacted by the COVID-19 pandemic.",T17,,,,,,TRPHRMB001
MB,2030,T_D_tkm_ldv_t,1.654712828,btkm,"Based on the findings from Sonia Yet et al. 2022, demand projections are indexed through projected national GDP growth (2019=100), using estimates from the Current Measures Scenario of the Canada's Energy Futures 2023. Initial demand is obtained from 2021 subsector activity, which was impacted by the COVID-19 pandemic.",T17,,,,,,TRPHRMB001
MB,2035,T_D_tkm_ldv_t,1.773923275,btkm,"Based on the findings from Sonia Yet et al. 2022, demand projections are indexed through projected national GDP growth (2019=100), using estimates from the Current Measures Scenario of the Canada's Energy Futures 2023. Initial demand is obtained from 2021 subsector activity, which was impacted by the COVID-19 pandemic.",T17,,,,,,TRPHRMB001
MB,2040,T_D_tkm_ldv_t,1.891381628,btkm,"Based on the findings from Sonia Yet et al. 2022, demand projections are indexed through projected national GDP growth (2019=100), using estimates from the Current Measures Scenario of the Canada's Energy Futures 2023. Initial demand is obtained from 2021 subsector activity, which was impacted by the COVID-19 pandemic.",T17,,,,,,TRPHRMB001
MB,2045,T_D_tkm_ldv_t,2.025283549,btkm,"Based on the findings from Sonia Yet et al. 2022, demand projections are indexed through projected national GDP growth (2019=100), using estimates from the Current Measures Scenario of the Canada's Energy Futures 2023. Initial demand is obtained from 2021 subsector activity, which was impacted by the COVID-19 pandemic.",T17,,,,,,TRPHRMB001
MB,2025,T_D_tkm_mdv_t,1.138394298,btkm,"Based on the findings from Sonia Yet et al. 2022, demand projections are indexed through projected national GDP growth (2019=100), using estimates from the Current Measures Scenario of the Canada's Energy Futures 2023. Initial demand is obtained from 2021 subsector activity, which was impacted by the COVID-19 pandemic.",T17,,,,,,TRPHRMB001
MB,2030,T_D_tkm_mdv_t,1.226233111,btkm,"Based on the findings from Sonia Yet et al. 2022, demand projections are indexed through projected national GDP growth (2019=100), using estimates from the Current Measures Scenario of the Canada's Energy Futures 2023. Initial demand is obtained from 2021 subsector activity, which was impacted by the COVID-19 pandemic.",T17,,,,,,TRPHRMB001
MB,2035,T_D_tkm_mdv_t,1.314574602,btkm,"Based on the findings from Sonia Yet et al. 2022, demand projections are indexed through projected national GDP growth (2019=100), using estimates from the Current Measures Scenario of the Canada's Energy Futures 2023. Initial demand is obtained from 2021 subsector activity, which was impacted by the COVID-19 pandemic.",T17,,,,,,TRPHRMB001
MB,2040,T_D_tkm_mdv_t,1.401617694,btkm,"Based on the findings from Sonia Yet et al. 2022, demand projections are indexed through projected national GDP growth (2019=100), using estimates from the Current Measures Scenario of the Canada's Energy Futures 2023. Initial demand is obtained from 2021 subsector activity, which was impacted by the COVID-19 pandemic.",T17,,,,,,TRPHRMB001
MB,2045,T_D_tkm_mdv_t,1.500846373,btkm,"Based on the findings from Sonia Yet et al. 2022, demand projections are indexed through projected national GDP growth (2019=100), using estimates from the Current Measures Scenario of the Canada's Energy Futures 2023. Initial demand is obtained from 2021 subsector activity, which was impacted by the COVID-19 pandemic.",T17,,,,,,TRPHRMB001
NB,2025,T_D_pj_off,3.01428507118136,PJ,"Dummy technology, to pass off-road demand directly in PJ. Off-road vehicles are assumed to consume diesel only. Based on the findings from Sonia Yet et al. 2022, demand projections are indexed through projected national GDP growth (2019=100), using estimates from the Current Measures Scenario of the Canada's Energy Futures 2023. Initial demand is obtained from 2021 subsector energy use, which was impacted by the COVID-19 pandemic.",T17,,,,,,TRPHRNB001
NB,2030,T_D_pj_off,3.14567800114297,PJ,"Dummy technology, to pass off-road demand directly in PJ. Off-road vehicles are assumed to consume diesel only. Based on the findings from Sonia Yet et al. 2022, demand projections are indexed through projected national GDP growth (2019=100), using estimates from the Current Measures Scenario of the Canada's Energy Futures 2023. Initial demand is obtained from 2021 subsector energy use, which was impacted by the COVID-19 pandemic.",T17,,,,,,TRPHRNB001
NB,2035,T_D_pj_off,3.2491801861936,PJ,"Dummy technology, to pass off-road demand directly in PJ. Off-road vehicles are assumed to consume diesel only. Based on the findings from Sonia Yet et al. 2022, demand projections are indexed through projected national GDP growth (2019=100), using estimates from the Current Measures Scenario of the Canada's Energy Futures 2023. Initial demand is obtained from 2021 subsector energy use, which was impacted by the COVID-19 pandemic.",T17,,,,,,TRPHRNB001
NB,2040,T_D_pj_off,3.332182314971,PJ,"Dummy technology, to pass off-road demand directly in PJ. Off-road vehicles are assumed to consume diesel only. Based on the findings from Sonia Yet et al. 2022, demand projections are indexed through projected national GDP growth (2019=100), using estimates from the Current Measures Scenario of the Canada's Energy Futures 2023. Initial demand is obtained from 2021 subsector energy use, which was impacted by the COVID-19 pandemic.",T17,,,,,,TRPHRNB001
NB,2045,T_D_pj_off,3.40862000394429,PJ,"Dummy technology, to pass off-road demand directly in PJ. Off-road vehicles are assumed to consume diesel only. Based on the findings from Sonia Yet et al. 2022, demand projections are indexed through projected national GDP growth (2019=100), using estimates from the Current Measures Scenario of the Canada's Energy Futures 2023. Initial demand is obtained from 2021 subsector energy use, which was impacted by the COVID-19 pandemic.",T17,,,,,,TRPHRNB001
NB,2025,T_D_pkm_hdv_aj,14.6509549568104,bpkm,"Based on the findings from Sonia Yet et al. 2022, demand projections are indexed through projected national GDP growth (2019=100), using estimates from the Current Measures Scenario of the Canada's Energy Futures 2023. Initial demand is obtained from 2021 subsector energy use divided by avg. energy intensity from 2015-2019 to estimate the provincial demand of this mode. This demand would also reflect the impact of COVID-19 on demands.",T17,,,,,,TRPHRNB001
NB,2030,T_D_pkm_hdv_aj,14.8618904396991,bpkm,"Based on the findings from Sonia Yet et al. 2022, demand projections are indexed through projected national GDP growth (2019=100), using estimates from the Current Measures Scenario of the Canada's Energy Futures 2023. Initial demand is obtained from 2021 subsector energy use divided by avg. energy intensity from 2015-2019 to estimate the provincial demand of this mode. This demand would also reflect the impact of COVID-19 on demands.",T17,,,,,,TRPHRNB001
NB,2035,T_D_pkm_hdv_aj,15.0280506995402,bpkm,"Based on the findings from Sonia Yet et al. 2022, demand projections are indexed through projected national GDP growth (2019=100), using estimates from the Current Measures Scenario of the Canada's Energy Futures 2023. Initial demand is obtained from 2021 subsector energy use divided by avg. energy intensity from 2015-2019 to estimate the provincial demand of this mode. This demand would also reflect the impact of COVID-19 on demands.",T17,,,,,,TRPHRNB001
NB,2040,T_D_pkm_hdv_aj,15.1613005944894,bpkm,"Based on the findings from Sonia Yet et al. 2022, demand projections are indexed through projected national GDP growth (2019=100), using estimates from the Current Measures Scenario of the Canada's Energy Futures 2023. Initial demand is obtained from 2021 subsector energy use divided by avg. energy intensity from 2015-2019 to estimate the provincial demand of this mode. This demand would also reflect the impact of COVID-19 on demands.",T17,,,,,,TRPHRNB001
NB,2045,T_D_pkm_hdv_aj,15.2840120740126,bpkm,"Based on the findings from Sonia Yet et al. 2022, demand projections are indexed through projected national GDP growth (2019=100), using estimates from the Current Measures Scenario of the Canada's Energy Futures 2023. Initial demand is obtained from 2021 subsector energy use divided by avg. energy intensity from 2015-2019 to estimate the provincial demand of this mode. This demand would also reflect the impact of COVID-19 on demands.",T17,,,,,,TRPHRNB001
NB,2025,T_D_pkm_hdv_bic,0.20336533855534,bpkm,"Based on the findings from Sonia Yet et al. 2022, demand projections are indexed through projected national GDP growth (2019=100), using estimates from the Current Measures Scenario of the Canada's Energy Futures 2023. Initial demand is obtained from 2021 subsector activity, which was impacted by the COVID-19 pandemic.",T17,,,,,,TRPHRNB001
NB,2030,T_D_pkm_hdv_bic,0.208248269732098,bpkm,"Based on the findings from Sonia Yet et al. 2022, demand projections are indexed through projected national GDP growth (2019=100), using estimates from the Current Measures Scenario of the Canada's Energy Futures 2023. Initial demand is obtained from 2021 subsector activity, which was impacted by the COVID-19 pandemic.",T17,,,,,,TRPHRNB001
NB,2035,T_D_pkm_hdv_bic,0.212094702309513,bpkm,"Based on the findings from Sonia Yet et al. 2022, demand projections are indexed through projected national GDP growth (2019=100), using estimates from the Current Measures Scenario of the Canada's Energy Futures 2023. Initial demand is obtained from 2021 subsector activity, which was impacted by the COVID-19 pandemic.",T17,,,,,,TRPHRNB001
NB,2040,T_D_pkm_hdv_bic,0.215179295083743,bpkm,"Based on the findings from Sonia Yet et al. 2022, demand projections are indexed through projected national GDP growth (2019=100), using estimates from the Current Measures Scenario of the Canada's Energy Futures 2023. Initial demand is obtained from 2021 subsector activity, which was impacted by the COVID-19 pandemic.",T17,,,,,,TRPHRNB001
NB,2045,T_D_pkm_hdv_bic,0.218019934794541,bpkm,"Based on the findings from Sonia Yet et al. 2022, demand projections are indexed through projected national GDP growth (2019=100), using estimates from the Current Measures Scenario of the Canada's Energy Futures 2023. Initial demand is obtained from 2021 subsector activity, which was impacted by the COVID-19 pandemic.",T17,,,,,,TRPHRNB001
NB,2025,T_D_pkm_hdv_bs,1.45531578887626,bpkm,"Based on the findings from Sonia Yet et al. 2022, demand projections are indexed through projected national GDP growth (2019=100), using estimates from the Current Measures Scenario of the Canada's Energy Futures 2023. Initial demand is obtained from 2021 subsector activity, which was impacted by the COVID-19 pandemic.",T17,,,,,,TRPHRNB001
NB,2030,T_D_pkm_hdv_bs,1.48198026891175,bpkm,"Based on the findings from Sonia Yet et al. 2022, demand projections are indexed through projected national GDP growth (2019=100), using estimates from the Current Measures Scenario of the Canada's Energy Futures 2023. Initial demand is obtained from 2021 subsector activity, which was impacted by the COVID-19 pandemic.",T17,,,,,,TRPHRNB001
NB,2035,T_D_pkm_hdv_bs,1.50298468633146,bpkm,"Based on the findings from Sonia Yet et al. 2022, demand projections are indexed through projected national GDP growth (2019=100), using estimates from the Current Measures Scenario of the Canada's Energy Futures 2023. Initial demand is obtained from 2021 subsector activity, which was impacted by the COVID-19 pandemic.",T17,,,,,,TRPHRNB001
NB,2040,T_D_pkm_hdv_bs,1.51982888492216,bpkm,"Based on the findings from Sonia Yet et al. 2022, demand projections are indexed through projected national GDP growth (2019=100), using estimates from the Current Measures Scenario of the Canada's Energy Futures 2023. Initial demand is obtained from 2021 subsector activity, which was impacted by the COVID-19 pandemic.",T17,,,,,,TRPHRNB001
NB,2045,T_D_pkm_hdv_bs,1.53534091614167,bpkm,"Based on the findings from Sonia Yet et al. 2022, demand projections are indexed through projected national GDP growth (2019=100), using estimates from the Current Measures Scenario of the Canada's Energy Futures 2023. Initial demand is obtained from 2021 subsector activity, which was impacted by the COVID-19 pandemic.",T17,,,,,,TRPHRNB001
NB,2025,T_D_pkm_hdv_bt,0.856385461635098,bpkm,"Based on the findings from Sonia Yet et al. 2022, demand projections are indexed through projected national GDP growth (2019=100), using estimates from the Current Measures Scenario of the Canada's Energy Futures 2023. Initial demand is obtained from 2021 subsector activity, which was impacted by the COVID-19 pandemic.",T17,,,,,,TRPHRNB001
NB,2030,T_D_pkm_hdv_bt,0.877476502030042,bpkm,"Based on the findings from Sonia Yet et al. 2022, demand projections are indexed through projected national GDP growth (2019=100), using estimates from the Current Measures Scenario of the Canada's Energy Futures 2023. Initial demand is obtained from 2021 subsector activity, which was impacted by the COVID-19 pandemic.",T17,,,,,,TRPHRNB001
NB,2035,T_D_pkm_hdv_bt,0.894090552470244,bpkm,"Based on the findings from Sonia Yet et al. 2022, demand projections are indexed through projected national GDP growth (2019=100), using estimates from the Current Measures Scenario of the Canada's Energy Futures 2023. Initial demand is obtained from 2021 subsector activity, which was impacted by the COVID-19 pandemic.",T17,,,,,,TRPHRNB001
NB,2040,T_D_pkm_hdv_bt,0.90741395770538,bpkm,"Based on the findings from Sonia Yet et al. 2022, demand projections are indexed through projected national GDP growth (2019=100), using estimates from the Current Measures Scenario of the Canada's Energy Futures 2023. Initial demand is obtained from 2021 subsector activity, which was impacted by the COVID-19 pandemic.",T17,,,,,,TRPHRNB001
NB,2045,T_D_pkm_hdv_bt,0.919683646693236,bpkm,"Based on the findings from Sonia Yet et al. 2022, demand projections are indexed through projected national GDP growth (2019=100), using estimates from the Current Measures Scenario of the Canada's Energy Futures 2023. Initial demand is obtained from 2021 subsector activity, which was impacted by the COVID-19 pandemic.",T17,,,,,,TRPHRNB001
NB,2025,T_D_pkm_hdv_r,0.262879888106835,bpkm,"Based on the findings from Sonia Yet et al. 2022, demand projections are indexed through projected national GDP growth (2019=100), using estimates from the Current Measures Scenario of the Canada's Energy Futures 2023. Initial demand is obtained from 2021 subsector energy use divided by avg. energy intensity from 2015-2019 to estimate the provincial demand of this mode. This demand would also reflect the impact of COVID-19 on demands.",T17,,,,,,TRPHRNB001
NB,2030,T_D_pkm_hdv_r,0.262983377390892,bpkm,"Based on the findings from Sonia Yet et al. 2022, demand projections are indexed through projected national GDP growth (2019=100), using estimates from the Current Measures Scenario of the Canada's Energy Futures 2023. Initial demand is obtained from 2021 subsector energy use divided by avg. energy intensity from 2015-2019 to estimate the provincial demand of this mode. This demand would also reflect the impact of COVID-19 on demands.",T17,,,,,,TRPHRNB001
NB,2035,T_D_pkm_hdv_r,0.263064899030088,bpkm,"Based on the findings from Sonia Yet et al. 2022, demand projections are indexed through projected national GDP growth (2019=100), using estimates from the Current Measures Scenario of the Canada's Energy Futures 2023. Initial demand is obtained from 2021 subsector energy use divided by avg. energy intensity from 2015-2019 to estimate the provincial demand of this mode. This demand would also reflect the impact of COVID-19 on demands.",T17,,,,,,TRPHRNB001
NB,2040,T_D_pkm_hdv_r,0.263130274167737,bpkm,"Based on the findings from Sonia Yet et al. 2022, demand projections are indexed through projected national GDP growth (2019=100), using estimates from the Current Measures Scenario of the Canada's Energy Futures 2023. Initial demand is obtained from 2021 subsector energy use divided by avg. energy intensity from 2015-2019 to estimate the provincial demand of this mode. This demand would also reflect the impact of COVID-19 on demands.",T17,,,,,,TRPHRNB001
NB,2045,T_D_pkm_hdv_r,0.263190478942143,bpkm,"Based on the findings from Sonia Yet et al. 2022, demand projections are indexed through projected national GDP growth (2019=100), using estimates from the Current Measures Scenario of the Canada's Energy Futures 2023. Initial demand is obtained from 2021 subsector energy use divided by avg. energy intensity from 2015-2019 to estimate the provincial demand of this mode. This demand would also reflect the impact of COVID-19 on demands.",T17,,,,,,TRPHRNB001
NB,2025,T_D_pkm_ldv_c,0.341994453758629,bpkm,"Based on the findings from Sonia Yet et al. 2022, demand projections are indexed through projected national GDP growth (2019=100), using estimates from the Current Measures Scenario of the Canada's Energy Futures 2023. Initial demand is obtained from 2021 subsector activity, which was impacted by the COVID-19 pandemic.",T17,,,,,,TRPHRNB001
NB,2030,T_D_pkm_ldv_c,0.702352005239154,bpkm,"Based on the findings from Sonia Yet et al. 2022, demand projections are indexed through projected national GDP growth (2019=100), using estimates from the Current Measures Scenario of the Canada's Energy Futures 2023. Initial demand is obtained from 2021 subsector activity, which was impacted by the COVID-19 pandemic.",T17,,,,,,TRPHRNB001
NB,2035,T_D_pkm_ldv_c,0.986216547940435,bpkm,"Based on the findings from Sonia Yet et al. 2022, demand projections are indexed through projected national GDP growth (2019=100), using estimates from the Current Measures Scenario of the Canada's Energy Futures 2023. Initial demand is obtained from 2021 subsector activity, which was impacted by the COVID-19 pandemic.",T17,,,,,,TRPHRNB001
NB,2040,T_D_pkm_ldv_c,1.2138577452456,bpkm,"Based on the findings from Sonia Yet et al. 2022, demand projections are indexed through projected national GDP growth (2019=100), using estimates from the Current Measures Scenario of the Canada's Energy Futures 2023. Initial demand is obtained from 2021 subsector activity, which was impacted by the COVID-19 pandemic.",T17,,,,,,TRPHRNB001
NB,2045,T_D_pkm_ldv_c,1.42349534482798,bpkm,"Based on the findings from Sonia Yet et al. 2022, demand projections are indexed through projected national GDP growth (2019=100), using estimates from the Current Measures Scenario of the Canada's Energy Futures 2023. Initial demand is obtained from 2021 subsector activity, which was impacted by the COVID-19 pandemic.",T17,,,,,,TRPHRNB001
NB,2025,T_D_pkm_ldv_m,0.143321700226575,bpkm,"Based on the findings from Sonia Yet et al. 2022, demand projections are indexed through projected national GDP growth (2019=100), using estimates from the Current Measures Scenario of the Canada's Energy Futures 2023. Initial demand is obtained from 2021 subsector activity, which was impacted by the COVID-19 pandemic.",T17,,,,,,TRPHRNB001
NB,2030,T_D_pkm_ldv_m,0.146946827414065,bpkm,"Based on the findings from Sonia Yet et al. 2022, demand projections are indexed through projected national GDP growth (2019=100), using estimates from the Current Measures Scenario of the Canada's Energy Futures 2023. Initial demand is obtained from 2021 subsector activity, which was impacted by the COVID-19 pandemic.",T17,,,,,,TRPHRNB001
NB,2035,T_D_pkm_ldv_m,0.149802449745505,bpkm,"Based on the findings from Sonia Yet et al. 2022, demand projections are indexed through projected national GDP growth (2019=100), using estimates from the Current Measures Scenario of the Canada's Energy Futures 2023. Initial demand is obtained from 2021 subsector activity, which was impacted by the COVID-19 pandemic.",T17,,,,,,TRPHRNB001
NB,2040,T_D_pkm_ldv_m,0.152092476109468,bpkm,"Based on the findings from Sonia Yet et al. 2022, demand projections are indexed through projected national GDP growth (2019=100), using estimates from the Current Measures Scenario of the Canada's Energy Futures 2023. Initial demand is obtained from 2021 subsector activity, which was impacted by the COVID-19 pandemic.",T17,,,,,,TRPHRNB001
NB,2045,T_D_pkm_ldv_m,0.154201389766595,bpkm,"Based on the findings from Sonia Yet et al. 2022, demand projections are indexed through projected national GDP growth (2019=100), using estimates from the Current Measures Scenario of the Canada's Energy Futures 2023. Initial demand is obtained from 2021 subsector activity, which was impacted by the COVID-19 pandemic.",T17,,,,,,TRPHRNB001
NB,2025,T_D_pkm_ldv_t,4.42599215101158,bpkm,"Based on the findings from Sonia Yet et al. 2022, demand projections are indexed through projected national GDP growth (2019=100), using estimates from the Current Measures Scenario of the Canada's Energy Futures 2023. Initial demand is obtained from 2021 subsector activity, which was impacted by the COVID-19 pandemic.",T17,,,,,,TRPHRNB001
NB,2030,T_D_pkm_ldv_t,4.75973708738852,bpkm,"Based on the findings from Sonia Yet et al. 2022, demand projections are indexed through projected national GDP growth (2019=100), using estimates from the Current Measures Scenario of the Canada's Energy Futures 2023. Initial demand is obtained from 2021 subsector activity, which was impacted by the COVID-19 pandemic.",T17,,,,,,TRPHRNB001
NB,2035,T_D_pkm_ldv_t,5.02263806824566,bpkm,"Based on the findings from Sonia Yet et al. 2022, demand projections are indexed through projected national GDP growth (2019=100), using estimates from the Current Measures Scenario of the Canada's Energy Futures 2023. Initial demand is obtained from 2021 subsector activity, which was impacted by the COVID-19 pandemic.",T17,,,,,,TRPHRNB001
NB,2040,T_D_pkm_ldv_t,5.23346783051717,bpkm,"Based on the findings from Sonia Yet et al. 2022, demand projections are indexed through projected national GDP growth (2019=100), using estimates from the Current Measures Scenario of the Canada's Energy Futures 2023. Initial demand is obtained from 2021 subsector activity, which was impacted by the COVID-19 pandemic.",T17,,,,,,TRPHRNB001
NB,2045,T_D_pkm_ldv_t,5.42762357124574,bpkm,"Based on the findings from Sonia Yet et al. 2022, demand projections are indexed through projected national GDP growth (2019=100), using estimates from the Current Measures Scenario of the Canada's Energy Futures 2023. Initial demand is obtained from 2021 subsector activity, which was impacted by the COVID-19 pandemic.",T17,,,,,,TRPHRNB001
NB,2025,T_D_tkm_hdv_aj,0.180666045406577,btkm,"Based on the findings from Sonia Yet et al. 2022, demand projections are indexed through projected national GDP growth (2019=100), using estimates from the Current Measures Scenario of the Canada's Energy Futures 2023. Initial demand is obtained from 2021 subsector energy use divided by avg. energy intensity from 2015-2019 to estimate the provincial demand of this mode. This demand would also reflect the impact of COVID-19 on demands.",T17,,,,,,TRPHRNB001
NB,2030,T_D_tkm_hdv_aj,0.183562219951384,btkm,"Based on the findings from Sonia Yet et al. 2022, demand projections are indexed through projected national GDP growth (2019=100), using estimates from the Current Measures Scenario of the Canada's Energy Futures 2023. Initial demand is obtained from 2021 subsector energy use divided by avg. energy intensity from 2015-2019 to estimate the provincial demand of this mode. This demand would also reflect the impact of COVID-19 on demands.",T17,,,,,,TRPHRNB001
NB,2035,T_D_tkm_hdv_aj,0.185843624238229,btkm,"Based on the findings from Sonia Yet et al. 2022, demand projections are indexed through projected national GDP growth (2019=100), using estimates from the Current Measures Scenario of the Canada's Energy Futures 2023. Initial demand is obtained from 2021 subsector energy use divided by avg. energy intensity from 2015-2019 to estimate the provincial demand of this mode. This demand would also reflect the impact of COVID-19 on demands.",T17,,,,,,TRPHRNB001
NB,2040,T_D_tkm_hdv_aj,0.187673164477572,btkm,"Based on the findings from Sonia Yet et al. 2022, demand projections are indexed through projected national GDP growth (2019=100), using estimates from the Current Measures Scenario of the Canada's Energy Futures 2023. Initial demand is obtained from 2021 subsector energy use divided by avg. energy intensity from 2015-2019 to estimate the provincial demand of this mode. This demand would also reflect the impact of COVID-19 on demands.",T17,,,,,,TRPHRNB001
NB,2045,T_D_tkm_hdv_aj,0.189358010756081,btkm,"Based on the findings from Sonia Yet et al. 2022, demand projections are indexed through projected national GDP growth (2019=100), using estimates from the Current Measures Scenario of the Canada's Energy Futures 2023. Initial demand is obtained from 2021 subsector energy use divided by avg. energy intensity from 2015-2019 to estimate the provincial demand of this mode. This demand would also reflect the impact of COVID-19 on demands.",T17,,,,,,TRPHRNB001
NB,2025,T_D_tkm_hdv_r,74.3734058508343,btkm,"Based on the findings from Sonia Yet et al. 2022, demand projections are indexed through projected national GDP growth (2019=100), using estimates from the Current Measures Scenario of the Canada's Energy Futures 2023. Initial demand is obtained from 2021 subsector energy use divided by avg. energy intensity from 2015-2019 to estimate the provincial demand of this mode. This demand would also reflect the impact of COVID-19 on demands.",T17,,,,,,TRPHRNB001
NB,2030,T_D_tkm_hdv_r,74.4026850761008,btkm,"Based on the findings from Sonia Yet et al. 2022, demand projections are indexed through projected national GDP growth (2019=100), using estimates from the Current Measures Scenario of the Canada's Energy Futures 2023. Initial demand is obtained from 2021 subsector energy use divided by avg. energy intensity from 2015-2019 to estimate the provincial demand of this mode. This demand would also reflect the impact of COVID-19 on demands.",T17,,,,,,TRPHRNB001
NB,2035,T_D_tkm_hdv_r,74.4257492074246,btkm,"Based on the findings from Sonia Yet et al. 2022, demand projections are indexed through projected national GDP growth (2019=100), using estimates from the Current Measures Scenario of the Canada's Energy Futures 2023. Initial demand is obtained from 2021 subsector energy use divided by avg. energy intensity from 2015-2019 to estimate the provincial demand of this mode. This demand would also reflect the impact of COVID-19 on demands.",T17,,,,,,TRPHRNB001
NB,2040,T_D_tkm_hdv_r,74.4442451647549,btkm,"Based on the findings from Sonia Yet et al. 2022, demand projections are indexed through projected national GDP growth (2019=100), using estimates from the Current Measures Scenario of the Canada's Energy Futures 2023. Initial demand is obtained from 2021 subsector energy use divided by avg. energy intensity from 2015-2019 to estimate the provincial demand of this mode. This demand would also reflect the impact of COVID-19 on demands.",T17,,,,,,TRPHRNB001
NB,2045,T_D_tkm_hdv_r,74.4612783210666,btkm,"Based on the findings from Sonia Yet et al. 2022, demand projections are indexed through projected national GDP growth (2019=100), using estimates from the Current Measures Scenario of the Canada's Energy Futures 2023. Initial demand is obtained from 2021 subsector energy use divided by avg. energy intensity from 2015-2019 to estimate the provincial demand of this mode. This demand would also reflect the impact of COVID-19 on demands.",T17,,,,,,TRPHRNB001
NB,2025,T_D_tkm_hdv_t,19.003398908093,btkm,"Based on the findings from Sonia Yet et al. 2022, demand projections are indexed through projected national GDP growth (2019=100), using estimates from the Current Measures Scenario of the Canada's Energy Futures 2023. Initial demand is obtained from 2021 subsector activity, which was impacted by the COVID-19 pandemic.",T17,,,,,,TRPHRNB001
NB,2030,T_D_tkm_hdv_t,19.2251900054245,btkm,"Based on the findings from Sonia Yet et al. 2022, demand projections are indexed through projected national GDP growth (2019=100), using estimates from the Current Measures Scenario of the Canada's Energy Futures 2023. Initial demand is obtained from 2021 subsector activity, which was impacted by the COVID-19 pandemic.",T17,,,,,,TRPHRNB001
NB,2035,T_D_tkm_hdv_t,19.3999015611018,btkm,"Based on the findings from Sonia Yet et al. 2022, demand projections are indexed through projected national GDP growth (2019=100), using estimates from the Current Measures Scenario of the Canada's Energy Futures 2023. Initial demand is obtained from 2021 subsector activity, which was impacted by the COVID-19 pandemic.",T17,,,,,,TRPHRNB001
NB,2040,T_D_tkm_hdv_t,19.5400090480706,btkm,"Based on the findings from Sonia Yet et al. 2022, demand projections are indexed through projected national GDP growth (2019=100), using estimates from the Current Measures Scenario of the Canada's Energy Futures 2023. Initial demand is obtained from 2021 subsector activity, which was impacted by the COVID-19 pandemic.",T17,,,,,,TRPHRNB001
NB,2045,T_D_tkm_hdv_t,19.6690357690655,btkm,"Based on the findings from Sonia Yet et al. 2022, demand projections are indexed through projected national GDP growth (2019=100), using estimates from the Current Measures Scenario of the Canada's Energy Futures 2023. Initial demand is obtained from 2021 subsector activity, which was impacted by the COVID-19 pandemic.",T17,,,,,,TRPHRNB001
NB,2025,T_D_tkm_hdv_wt,104.888327739031,btkm,"Based on the findings from Sonia Yet et al. 2022, demand projections are indexed through projected national GDP growth (2019=100), using estimates from the Current Measures Scenario of the Canada's Energy Futures 2023. Initial demand is obtained from 2021 subsector energy use divided by avg. energy intensity from 2015-2019 to estimate the provincial demand of this mode. This demand would also reflect the impact of COVID-19 on demands.",T17,,,,,,TRPHRNB001
NB,2030,T_D_tkm_hdv_wt,104.741699121394,btkm,"Based on the findings from Sonia Yet et al. 2022, demand projections are indexed through projected national GDP growth (2019=100), using estimates from the Current Measures Scenario of the Canada's Energy Futures 2023. Initial demand is obtained from 2021 subsector energy use divided by avg. energy intensity from 2015-2019 to estimate the provincial demand of this mode. This demand would also reflect the impact of COVID-19 on demands.",T17,,,,,,TRPHRNB001
NB,2035,T_D_tkm_hdv_wt,104.626195324341,btkm,"Based on the findings from Sonia Yet et al. 2022, demand projections are indexed through projected national GDP growth (2019=100), using estimates from the Current Measures Scenario of the Canada's Energy Futures 2023. Initial demand is obtained from 2021 subsector energy use divided by avg. energy intensity from 2015-2019 to estimate the provincial demand of this mode. This demand would also reflect the impact of COVID-19 on demands.",T17,,,,,,TRPHRNB001
NB,2040,T_D_tkm_hdv_wt,104.533568670783,btkm,"Based on the findings from Sonia Yet et al. 2022, demand projections are indexed through projected national GDP growth (2019=100), using estimates from the Current Measures Scenario of the Canada's Energy Futures 2023. Initial demand is obtained from 2021 subsector energy use divided by avg. energy intensity from 2015-2019 to estimate the provincial demand of this mode. This demand would also reflect the impact of COVID-19 on demands.",T17,,,,,,TRPHRNB001
NB,2045,T_D_tkm_hdv_wt,104.44826763767,btkm,"Based on the findings from Sonia Yet et al. 2022, demand projections are indexed through projected national GDP growth (2019=100), using estimates from the Current Measures Scenario of the Canada's Energy Futures 2023. Initial demand is obtained from 2021 subsector energy use divided by avg. energy intensity from 2015-2019 to estimate the provincial demand of this mode. This demand would also reflect the impact of COVID-19 on demands.",T17,,,,,,TRPHRNB001
NB,2025,T_D_tkm_ldv_t,1.65682043403099,btkm,"Based on the findings from Sonia Yet et al. 2022, demand projections are indexed through projected national GDP growth (2019=100), using estimates from the Current Measures Scenario of the Canada's Energy Futures 2023. Initial demand is obtained from 2021 subsector activity, which was impacted by the COVID-19 pandemic.",T17,,,,,,TRPHRNB001
NB,2030,T_D_tkm_ldv_t,1.69071782470957,btkm,"Based on the findings from Sonia Yet et al. 2022, demand projections are indexed through projected national GDP growth (2019=100), using estimates from the Current Measures Scenario of the Canada's Energy Futures 2023. Initial demand is obtained from 2021 subsector activity, which was impacted by the COVID-19 pandemic.",T17,,,,,,TRPHRNB001
NB,2035,T_D_tkm_ldv_t,1.71741982460996,btkm,"Based on the findings from Sonia Yet et al. 2022, demand projections are indexed through projected national GDP growth (2019=100), using estimates from the Current Measures Scenario of the Canada's Energy Futures 2023. Initial demand is obtained from 2021 subsector activity, which was impacted by the COVID-19 pandemic.",T17,,,,,,TRPHRNB001
NB,2040,T_D_tkm_ldv_t,1.73883311973279,btkm,"Based on the findings from Sonia Yet et al. 2022, demand projections are indexed through projected national GDP growth (2019=100), using estimates from the Current Measures Scenario of the Canada's Energy Futures 2023. Initial demand is obtained from 2021 subsector activity, which was impacted by the COVID-19 pandemic.",T17,,,,,,TRPHRNB001
NB,2045,T_D_tkm_ldv_t,1.75855288857006,btkm,"Based on the findings from Sonia Yet et al. 2022, demand projections are indexed through projected national GDP growth (2019=100), using estimates from the Current Measures Scenario of the Canada's Energy Futures 2023. Initial demand is obtained from 2021 subsector activity, which was impacted by the COVID-19 pandemic.",T17,,,,,,TRPHRNB001
NB,2025,T_D_tkm_mdv_t,5.83835412930847,btkm,"Based on the findings from Sonia Yet et al. 2022, demand projections are indexed through projected national GDP growth (2019=100), using estimates from the Current Measures Scenario of the Canada's Energy Futures 2023. Initial demand is obtained from 2021 subsector activity, which was impacted by the COVID-19 pandemic.",T17,,,,,,TRPHRNB001
NB,2030,T_D_tkm_mdv_t,5.85893474890261,btkm,"Based on the findings from Sonia Yet et al. 2022, demand projections are indexed through projected national GDP growth (2019=100), using estimates from the Current Measures Scenario of the Canada's Energy Futures 2023. Initial demand is obtained from 2021 subsector activity, which was impacted by the COVID-19 pandemic.",T17,,,,,,TRPHRNB001
NB,2035,T_D_tkm_mdv_t,5.87514672543979,btkm,"Based on the findings from Sonia Yet et al. 2022, demand projections are indexed through projected national GDP growth (2019=100), using estimates from the Current Measures Scenario of the Canada's Energy Futures 2023. Initial demand is obtained from 2021 subsector activity, which was impacted by the COVID-19 pandemic.",T17,,,,,,TRPHRNB001
NB,2040,T_D_tkm_mdv_t,5.88814769313546,btkm,"Based on the findings from Sonia Yet et al. 2022, demand projections are indexed through projected national GDP growth (2019=100), using estimates from the Current Measures Scenario of the Canada's Energy Futures 2023. Initial demand is obtained from 2021 subsector activity, which was impacted by the COVID-19 pandemic.",T17,,,,,,TRPHRNB001
NB,2045,T_D_tkm_mdv_t,5.9001204453975,btkm,"Based on the findings from Sonia Yet et al. 2022, demand projections are indexed through projected national GDP growth (2019=100), using estimates from the Current Measures Scenario of the Canada's Energy Futures 2023. Initial demand is obtained from 2021 subsector activity, which was impacted by the COVID-19 pandemic.",T17,,,,,,TRPHRNB001
NLLAB,2025,T_D_pj_off,1.98561558036673,PJ,"Dummy technology, to pass off-road demand directly in PJ. Off-road vehicles are assumed to consume diesel only. Based on the findings from Sonia Yet et al. 2022, demand projections are indexed through projected national GDP growth (2019=100), using estimates from the Current Measures Scenario of the Canada's Energy Futures 2023. Initial demand is obtained from 2021 subsector energy use, which was impacted by the COVID-19 pandemic.",T17,,,,,,TRPHRNLLAB001
NLLAB,2030,T_D_pj_off,2.06907112322984,PJ,"Dummy technology, to pass off-road demand directly in PJ. Off-road vehicles are assumed to consume diesel only. Based on the findings from Sonia Yet et al. 2022, demand projections are indexed through projected national GDP growth (2019=100), using estimates from the Current Measures Scenario of the Canada's Energy Futures 2023. Initial demand is obtained from 2021 subsector energy use, which was impacted by the COVID-19 pandemic.",T17,,,,,,TRPHRNLLAB001
NLLAB,2035,T_D_pj_off,2.13481157806815,PJ,"Dummy technology, to pass off-road demand directly in PJ. Off-road vehicles are assumed to consume diesel only. Based on the findings from Sonia Yet et al. 2022, demand projections are indexed through projected national GDP growth (2019=100), using estimates from the Current Measures Scenario of the Canada's Energy Futures 2023. Initial demand is obtained from 2021 subsector energy use, which was impacted by the COVID-19 pandemic.",T17,,,,,,TRPHRNLLAB001
NLLAB,2040,T_D_pj_off,2.18753121634318,PJ,"Dummy technology, to pass off-road demand directly in PJ. Off-road vehicles are assumed to consume diesel only. Based on the findings from Sonia Yet et al. 2022, demand projections are indexed through projected national GDP growth (2019=100), using estimates from the Current Measures Scenario of the Canada's Energy Futures 2023. Initial demand is obtained from 2021 subsector energy use, which was impacted by the COVID-19 pandemic.",T17,,,,,,TRPHRNLLAB001
NLLAB,2045,T_D_pj_off,2.23608138343029,PJ,"Dummy technology, to pass off-road demand directly in PJ. Off-road vehicles are assumed to consume diesel only. Based on the findings from Sonia Yet et al. 2022, demand projections are indexed through projected national GDP growth (2019=100), using estimates from the Current Measures Scenario of the Canada's Energy Futures 2023. Initial demand is obtained from 2021 subsector energy use, which was impacted by the COVID-19 pandemic.",T17,,,,,,TRPHRNLLAB001
NLLAB,2025,T_D_pkm_hdv_aj,12.9995503048152,bpkm,"Based on the findings from Sonia Yet et al. 2022, demand projections are indexed through projected national GDP growth (2019=100), using estimates from the Current Measures Scenario of the Canada's Energy Futures 2023. Initial demand is obtained from 2021 subsector energy use divided by avg. energy intensity from 2015-2019 to estimate the provincial demand of this mode. This demand would also reflect the impact of COVID-19 on demands.",T17,,,,,,TRPHRNLLAB001
NLLAB,2030,T_D_pkm_hdv_aj,13.1335281013277,bpkm,"Based on the findings from Sonia Yet et al. 2022, demand projections are indexed through projected national GDP growth (2019=100), using estimates from the Current Measures Scenario of the Canada's Energy Futures 2023. Initial demand is obtained from 2021 subsector energy use divided by avg. energy intensity from 2015-2019 to estimate the provincial demand of this mode. This demand would also reflect the impact of COVID-19 on demands.",T17,,,,,,TRPHRNLLAB001
NLLAB,2035,T_D_pkm_hdv_aj,13.2390664631763,bpkm,"Based on the findings from Sonia Yet et al. 2022, demand projections are indexed through projected national GDP growth (2019=100), using estimates from the Current Measures Scenario of the Canada's Energy Futures 2023. Initial demand is obtained from 2021 subsector energy use divided by avg. energy intensity from 2015-2019 to estimate the provincial demand of this mode. This demand would also reflect the impact of COVID-19 on demands.",T17,,,,,,TRPHRNLLAB001
NLLAB,2040,T_D_pkm_hdv_aj,13.3237014763426,bpkm,"Based on the findings from Sonia Yet et al. 2022, demand projections are indexed through projected national GDP growth (2019=100), using estimates from the Current Measures Scenario of the Canada's Energy Futures 2023. Initial demand is obtained from 2021 subsector energy use divided by avg. energy intensity from 2015-2019 to estimate the provincial demand of this mode. This demand would also reflect the impact of COVID-19 on demands.",T17,,,,,,TRPHRNLLAB001
NLLAB,2045,T_D_pkm_hdv_aj,13.4016429069953,bpkm,"Based on the findings from Sonia Yet et al. 2022, demand projections are indexed through projected national GDP growth (2019=100), using estimates from the Current Measures Scenario of the Canada's Energy Futures 2023. Initial demand is obtained from 2021 subsector energy use divided by avg. energy intensity from 2015-2019 to estimate the provincial demand of this mode. This demand would also reflect the impact of COVID-19 on demands.",T17,,,,,,TRPHRNLLAB001
NLLAB,2025,T_D_pkm_hdv_bic,0.165137084350593,bpkm,"Based on the findings from Sonia Yet et al. 2022, demand projections are indexed through projected national GDP growth (2019=100), using estimates from the Current Measures Scenario of the Canada's Energy Futures 2023. Initial demand is obtained from 2021 subsector activity, which was impacted by the COVID-19 pandemic.",T17,,,,,,TRPHRNLLAB001
NLLAB,2030,T_D_pkm_hdv_bic,0.168238527268706,bpkm,"Based on the findings from Sonia Yet et al. 2022, demand projections are indexed through projected national GDP growth (2019=100), using estimates from the Current Measures Scenario of the Canada's Energy Futures 2023. Initial demand is obtained from 2021 subsector activity, which was impacted by the COVID-19 pandemic.",T17,,,,,,TRPHRNLLAB001
NLLAB,2035,T_D_pkm_hdv_bic,0.170681627644031,bpkm,"Based on the findings from Sonia Yet et al. 2022, demand projections are indexed through projected national GDP growth (2019=100), using estimates from the Current Measures Scenario of the Canada's Energy Futures 2023. Initial demand is obtained from 2021 subsector activity, which was impacted by the COVID-19 pandemic.",T17,,,,,,TRPHRNLLAB001
NLLAB,2040,T_D_pkm_hdv_bic,0.172640837819463,bpkm,"Based on the findings from Sonia Yet et al. 2022, demand projections are indexed through projected national GDP growth (2019=100), using estimates from the Current Measures Scenario of the Canada's Energy Futures 2023. Initial demand is obtained from 2021 subsector activity, which was impacted by the COVID-19 pandemic.",T17,,,,,,TRPHRNLLAB001
NLLAB,2045,T_D_pkm_hdv_bic,0.174445098707592,bpkm,"Based on the findings from Sonia Yet et al. 2022, demand projections are indexed through projected national GDP growth (2019=100), using estimates from the Current Measures Scenario of the Canada's Energy Futures 2023. Initial demand is obtained from 2021 subsector activity, which was impacted by the COVID-19 pandemic.",T17,,,,,,TRPHRNLLAB001
NLLAB,2025,T_D_pkm_hdv_bs,1.24656074315991,bpkm,"Based on the findings from Sonia Yet et al. 2022, demand projections are indexed through projected national GDP growth (2019=100), using estimates from the Current Measures Scenario of the Canada's Energy Futures 2023. Initial demand is obtained from 2021 subsector activity, which was impacted by the COVID-19 pandemic.",T17,,,,,,TRPHRNLLAB001
NLLAB,2030,T_D_pkm_hdv_bs,1.2634969562208,bpkm,"Based on the findings from Sonia Yet et al. 2022, demand projections are indexed through projected national GDP growth (2019=100), using estimates from the Current Measures Scenario of the Canada's Energy Futures 2023. Initial demand is obtained from 2021 subsector activity, which was impacted by the COVID-19 pandemic.",T17,,,,,,TRPHRNLLAB001
NLLAB,2035,T_D_pkm_hdv_bs,1.27683812340591,bpkm,"Based on the findings from Sonia Yet et al. 2022, demand projections are indexed through projected national GDP growth (2019=100), using estimates from the Current Measures Scenario of the Canada's Energy Futures 2023. Initial demand is obtained from 2021 subsector activity, which was impacted by the COVID-19 pandemic.",T17,,,,,,TRPHRNLLAB001
NLLAB,2040,T_D_pkm_hdv_bs,1.28753688583303,bpkm,"Based on the findings from Sonia Yet et al. 2022, demand projections are indexed through projected national GDP growth (2019=100), using estimates from the Current Measures Scenario of the Canada's Energy Futures 2023. Initial demand is obtained from 2021 subsector activity, which was impacted by the COVID-19 pandemic.",T17,,,,,,TRPHRNLLAB001
NLLAB,2045,T_D_pkm_hdv_bs,1.29738950850757,bpkm,"Based on the findings from Sonia Yet et al. 2022, demand projections are indexed through projected national GDP growth (2019=100), using estimates from the Current Measures Scenario of the Canada's Energy Futures 2023. Initial demand is obtained from 2021 subsector activity, which was impacted by the COVID-19 pandemic.",T17,,,,,,TRPHRNLLAB001
NLLAB,2025,T_D_pkm_hdv_bt,0.691264630627237,bpkm,"Based on the findings from Sonia Yet et al. 2022, demand projections are indexed through projected national GDP growth (2019=100), using estimates from the Current Measures Scenario of the Canada's Energy Futures 2023. Initial demand is obtained from 2021 subsector activity, which was impacted by the COVID-19 pandemic.",T17,,,,,,TRPHRNLLAB001
NLLAB,2030,T_D_pkm_hdv_bt,0.704660817364392,bpkm,"Based on the findings from Sonia Yet et al. 2022, demand projections are indexed through projected national GDP growth (2019=100), using estimates from the Current Measures Scenario of the Canada's Energy Futures 2023. Initial demand is obtained from 2021 subsector activity, which was impacted by the COVID-19 pandemic.",T17,,,,,,TRPHRNLLAB001
NLLAB,2035,T_D_pkm_hdv_bt,0.715213398762661,bpkm,"Based on the findings from Sonia Yet et al. 2022, demand projections are indexed through projected national GDP growth (2019=100), using estimates from the Current Measures Scenario of the Canada's Energy Futures 2023. Initial demand is obtained from 2021 subsector activity, which was impacted by the COVID-19 pandemic.",T17,,,,,,TRPHRNLLAB001
NLLAB,2040,T_D_pkm_hdv_bt,0.723675893820732,bpkm,"Based on the findings from Sonia Yet et al. 2022, demand projections are indexed through projected national GDP growth (2019=100), using estimates from the Current Measures Scenario of the Canada's Energy Futures 2023. Initial demand is obtained from 2021 subsector activity, which was impacted by the COVID-19 pandemic.",T17,,,,,,TRPHRNLLAB001
NLLAB,2045,T_D_pkm_hdv_bt,0.731469110210037,bpkm,"Based on the findings from Sonia Yet et al. 2022, demand projections are indexed through projected national GDP growth (2019=100), using estimates from the Current Measures Scenario of the Canada's Energy Futures 2023. Initial demand is obtained from 2021 subsector activity, which was impacted by the COVID-19 pandemic.",T17,,,,,,TRPHRNLLAB001
NLLAB,2025,T_D_pkm_hdv_r,0.262069675037023,bpkm,"Based on the findings from Sonia Yet et al. 2022, demand projections are indexed through projected national GDP growth (2019=100), using estimates from the Current Measures Scenario of the Canada's Energy Futures 2023. Initial demand is obtained from 2021 subsector energy use divided by avg. energy intensity from 2015-2019 to estimate the provincial demand of this mode. This demand would also reflect the impact of COVID-19 on demands.",T17,,,,,,TRPHRNLLAB001
NLLAB,2030,T_D_pkm_hdv_r,0.262135407298143,bpkm,"Based on the findings from Sonia Yet et al. 2022, demand projections are indexed through projected national GDP growth (2019=100), using estimates from the Current Measures Scenario of the Canada's Energy Futures 2023. Initial demand is obtained from 2021 subsector energy use divided by avg. energy intensity from 2015-2019 to estimate the provincial demand of this mode. This demand would also reflect the impact of COVID-19 on demands.",T17,,,,,,TRPHRNLLAB001
NLLAB,2035,T_D_pkm_hdv_r,0.262187186587994,bpkm,"Based on the findings from Sonia Yet et al. 2022, demand projections are indexed through projected national GDP growth (2019=100), using estimates from the Current Measures Scenario of the Canada's Energy Futures 2023. Initial demand is obtained from 2021 subsector energy use divided by avg. energy intensity from 2015-2019 to estimate the provincial demand of this mode. This demand would also reflect the impact of COVID-19 on demands.",T17,,,,,,TRPHRNLLAB001
NLLAB,2040,T_D_pkm_hdv_r,0.262228710265275,bpkm,"Based on the findings from Sonia Yet et al. 2022, demand projections are indexed through projected national GDP growth (2019=100), using estimates from the Current Measures Scenario of the Canada's Energy Futures 2023. Initial demand is obtained from 2021 subsector energy use divided by avg. energy intensity from 2015-2019 to estimate the provincial demand of this mode. This demand would also reflect the impact of COVID-19 on demands.",T17,,,,,,TRPHRNLLAB001
NLLAB,2045,T_D_pkm_hdv_r,0.262266949933378,bpkm,"Based on the findings from Sonia Yet et al. 2022, demand projections are indexed through projected national GDP growth (2019=100), using estimates from the Current Measures Scenario of the Canada's Energy Futures 2023. Initial demand is obtained from 2021 subsector energy use divided by avg. energy intensity from 2015-2019 to estimate the provincial demand of this mode. This demand would also reflect the impact of COVID-19 on demands.",T17,,,,,,TRPHRNLLAB001
NLLAB,2025,T_D_pkm_ldv_c,16.0,bpkm,"Based on the findings from Sonia Yet et al. 2022, demand projections are indexed through projected national GDP growth (2019=100), using estimates from the Current Measures Scenario of the Canada's Energy Futures 2023. Initial demand is obtained from 2021 subsector activity, which was impacted by the COVID-19 pandemic.",T17,,,,,,TRPHRNLLAB001
NLLAB,2030,T_D_pkm_ldv_c,20.0,bpkm,"Based on the findings from Sonia Yet et al. 2022, demand projections are indexed through projected national GDP growth (2019=100), using estimates from the Current Measures Scenario of the Canada's Energy Futures 2023. Initial demand is obtained from 2021 subsector activity, which was impacted by the COVID-19 pandemic.",T17,,,,,,TRPHRNLLAB001
NLLAB,2035,T_D_pkm_ldv_c,20.0,bpkm,"Based on the findings from Sonia Yet et al. 2022, demand projections are indexed through projected national GDP growth (2019=100), using estimates from the Current Measures Scenario of the Canada's Energy Futures 2023. Initial demand is obtained from 2021 subsector activity, which was impacted by the COVID-19 pandemic.",T17,,,,,,TRPHRNLLAB001
NLLAB,2040,T_D_pkm_ldv_c,20.0,bpkm,"Based on the findings from Sonia Yet et al. 2022, demand projections are indexed through projected national GDP growth (2019=100), using estimates from the Current Measures Scenario of the Canada's Energy Futures 2023. Initial demand is obtained from 2021 subsector activity, which was impacted by the COVID-19 pandemic.",T17,,,,,,TRPHRNLLAB001
NLLAB,2045,T_D_pkm_ldv_c,20.0,bpkm,"Based on the findings from Sonia Yet et al. 2022, demand projections are indexed through projected national GDP growth (2019=100), using estimates from the Current Measures Scenario of the Canada's Energy Futures 2023. Initial demand is obtained from 2021 subsector activity, which was impacted by the COVID-19 pandemic.",T17,,,,,,TRPHRNLLAB001
NLLAB,2025,T_D_pkm_ldv_m,0.114940738334768,bpkm,"Based on the findings from Sonia Yet et al. 2022, demand projections are indexed through projected national GDP growth (2019=100), using estimates from the Current Measures Scenario of the Canada's Energy Futures 2023. Initial demand is obtained from 2021 subsector activity, which was impacted by the COVID-19 pandemic.",T17,,,,,,TRPHRNLLAB001
NLLAB,2030,T_D_pkm_ldv_m,0.117243274380415,bpkm,"Based on the findings from Sonia Yet et al. 2022, demand projections are indexed through projected national GDP growth (2019=100), using estimates from the Current Measures Scenario of the Canada's Energy Futures 2023. Initial demand is obtained from 2021 subsector activity, which was impacted by the COVID-19 pandemic.",T17,,,,,,TRPHRNLLAB001
NLLAB,2035,T_D_pkm_ldv_m,0.119057051653073,bpkm,"Based on the findings from Sonia Yet et al. 2022, demand projections are indexed through projected national GDP growth (2019=100), using estimates from the Current Measures Scenario of the Canada's Energy Futures 2023. Initial demand is obtained from 2021 subsector activity, which was impacted by the COVID-19 pandemic.",T17,,,,,,TRPHRNLLAB001
NLLAB,2040,T_D_pkm_ldv_m,0.120511584968384,bpkm,"Based on the findings from Sonia Yet et al. 2022, demand projections are indexed through projected national GDP growth (2019=100), using estimates from the Current Measures Scenario of the Canada's Energy Futures 2023. Initial demand is obtained from 2021 subsector activity, which was impacted by the COVID-19 pandemic.",T17,,,,,,TRPHRNLLAB001
NLLAB,2045,T_D_pkm_ldv_m,0.121851082692622,bpkm,"Based on the findings from Sonia Yet et al. 2022, demand projections are indexed through projected national GDP growth (2019=100), using estimates from the Current Measures Scenario of the Canada's Energy Futures 2023. Initial demand is obtained from 2021 subsector activity, which was impacted by the COVID-19 pandemic.",T17,,,,,,TRPHRNLLAB001
NLLAB,2025,T_D_pkm_ldv_t,1.81311766936973,bpkm,"Based on the findings from Sonia Yet et al. 2022, demand projections are indexed through projected national GDP growth (2019=100), using estimates from the Current Measures Scenario of the Canada's Energy Futures 2023. Initial demand is obtained from 2021 subsector activity, which was impacted by the COVID-19 pandemic.",T17,,,,,,TRPHRNLLAB001
NLLAB,2030,T_D_pkm_ldv_t,2.02509912720988,bpkm,"Based on the findings from Sonia Yet et al. 2022, demand projections are indexed through projected national GDP growth (2019=100), using estimates from the Current Measures Scenario of the Canada's Energy Futures 2023. Initial demand is obtained from 2021 subsector activity, which was impacted by the COVID-19 pandemic.",T17,,,,,,TRPHRNLLAB001
NLLAB,2035,T_D_pkm_ldv_t,2.19208333194461,bpkm,"Based on the findings from Sonia Yet et al. 2022, demand projections are indexed through projected national GDP growth (2019=100), using estimates from the Current Measures Scenario of the Canada's Energy Futures 2023. Initial demand is obtained from 2021 subsector activity, which was impacted by the COVID-19 pandemic.",T17,,,,,,TRPHRNLLAB001
NLLAB,2040,T_D_pkm_ldv_t,2.32599397939769,bpkm,"Based on the findings from Sonia Yet et al. 2022, demand projections are indexed through projected national GDP growth (2019=100), using estimates from the Current Measures Scenario of the Canada's Energy Futures 2023. Initial demand is obtained from 2021 subsector activity, which was impacted by the COVID-19 pandemic.",T17,,,,,,TRPHRNLLAB001
NLLAB,2045,T_D_pkm_ldv_t,2.44931395125853,bpkm,"Based on the findings from Sonia Yet et al. 2022, demand projections are indexed through projected national GDP growth (2019=100), using estimates from the Current Measures Scenario of the Canada's Energy Futures 2023. Initial demand is obtained from 2021 subsector activity, which was impacted by the COVID-19 pandemic.",T17,,,,,,TRPHRNLLAB001
NLLAB,2025,T_D_tkm_hdv_aj,0.157992021810426,btkm,"Based on the findings from Sonia Yet et al. 2022, demand projections are indexed through projected national GDP growth (2019=100), using estimates from the Current Measures Scenario of the Canada's Energy Futures 2023. Initial demand is obtained from 2021 subsector energy use divided by avg. energy intensity from 2015-2019 to estimate the provincial demand of this mode. This demand would also reflect the impact of COVID-19 on demands.",T17,,,,,,TRPHRNLLAB001
NLLAB,2030,T_D_tkm_hdv_aj,0.159831556243015,btkm,"Based on the findings from Sonia Yet et al. 2022, demand projections are indexed through projected national GDP growth (2019=100), using estimates from the Current Measures Scenario of the Canada's Energy Futures 2023. Initial demand is obtained from 2021 subsector energy use divided by avg. energy intensity from 2015-2019 to estimate the provincial demand of this mode. This demand would also reflect the impact of COVID-19 on demands.",T17,,,,,,TRPHRNLLAB001
NLLAB,2035,T_D_tkm_hdv_aj,0.161280613143736,btkm,"Based on the findings from Sonia Yet et al. 2022, demand projections are indexed through projected national GDP growth (2019=100), using estimates from the Current Measures Scenario of the Canada's Energy Futures 2023. Initial demand is obtained from 2021 subsector energy use divided by avg. energy intensity from 2015-2019 to estimate the provincial demand of this mode. This demand would also reflect the impact of COVID-19 on demands.",T17,,,,,,TRPHRNLLAB001
NLLAB,2040,T_D_tkm_hdv_aj,0.162442664057953,btkm,"Based on the findings from Sonia Yet et al. 2022, demand projections are indexed through projected national GDP growth (2019=100), using estimates from the Current Measures Scenario of the Canada's Energy Futures 2023. Initial demand is obtained from 2021 subsector energy use divided by avg. energy intensity from 2015-2019 to estimate the provincial demand of this mode. This demand would also reflect the impact of COVID-19 on demands.",T17,,,,,,TRPHRNLLAB001
NLLAB,2045,T_D_tkm_hdv_aj,0.163512811120697,btkm,"Based on the findings from Sonia Yet et al. 2022, demand projections are indexed through projected national GDP growth (2019=100), using estimates from the Current Measures Scenario of the Canada's Energy Futures 2023. Initial demand is obtained from 2021 subsector energy use divided by avg. energy intensity from 2015-2019 to estimate the provincial demand of this mode. This demand would also reflect the impact of COVID-19 on demands.",T17,,,,,,TRPHRNLLAB001
NLLAB,2025,T_D_tkm_hdv_r,74.1441800792874,btkm,"Based on the findings from Sonia Yet et al. 2022, demand projections are indexed through projected national GDP growth (2019=100), using estimates from the Current Measures Scenario of the Canada's Energy Futures 2023. Initial demand is obtained from 2021 subsector energy use divided by avg. energy intensity from 2015-2019 to estimate the provincial demand of this mode. This demand would also reflect the impact of COVID-19 on demands.",T17,,,,,,TRPHRNLLAB001
NLLAB,2030,T_D_tkm_hdv_r,74.1627770741176,btkm,"Based on the findings from Sonia Yet et al. 2022, demand projections are indexed through projected national GDP growth (2019=100), using estimates from the Current Measures Scenario of the Canada's Energy Futures 2023. Initial demand is obtained from 2021 subsector energy use divided by avg. energy intensity from 2015-2019 to estimate the provincial demand of this mode. This demand would also reflect the impact of COVID-19 on demands.",T17,,,,,,TRPHRNLLAB001
NLLAB,2035,T_D_tkm_hdv_r,74.1774264893251,btkm,"Based on the findings from Sonia Yet et al. 2022, demand projections are indexed through projected national GDP growth (2019=100), using estimates from the Current Measures Scenario of the Canada's Energy Futures 2023. Initial demand is obtained from 2021 subsector energy use divided by avg. energy intensity from 2015-2019 to estimate the provincial demand of this mode. This demand would also reflect the impact of COVID-19 on demands.",T17,,,,,,TRPHRNLLAB001
NLLAB,2040,T_D_tkm_hdv_r,74.1891743829558,btkm,"Based on the findings from Sonia Yet et al. 2022, demand projections are indexed through projected national GDP growth (2019=100), using estimates from the Current Measures Scenario of the Canada's Energy Futures 2023. Initial demand is obtained from 2021 subsector energy use divided by avg. energy intensity from 2015-2019 to estimate the provincial demand of this mode. This demand would also reflect the impact of COVID-19 on demands.",T17,,,,,,TRPHRNLLAB001
NLLAB,2045,T_D_tkm_hdv_r,74.1999931635346,btkm,"Based on the findings from Sonia Yet et al. 2022, demand projections are indexed through projected national GDP growth (2019=100), using estimates from the Current Measures Scenario of the Canada's Energy Futures 2023. Initial demand is obtained from 2021 subsector energy use divided by avg. energy intensity from 2015-2019 to estimate the provincial demand of this mode. This demand would also reflect the impact of COVID-19 on demands.",T17,,,,,,TRPHRNLLAB001
NLLAB,2025,T_D_tkm_hdv_t,17.2670061263365,btkm,"Based on the findings from Sonia Yet et al. 2022, demand projections are indexed through projected national GDP growth (2019=100), using estimates from the Current Measures Scenario of the Canada's Energy Futures 2023. Initial demand is obtained from 2021 subsector activity, which was impacted by the COVID-19 pandemic.",T17,,,,,,TRPHRNLLAB001
NLLAB,2030,T_D_tkm_hdv_t,17.4078789757007,btkm,"Based on the findings from Sonia Yet et al. 2022, demand projections are indexed through projected national GDP growth (2019=100), using estimates from the Current Measures Scenario of the Canada's Energy Futures 2023. Initial demand is obtained from 2021 subsector activity, which was impacted by the COVID-19 pandemic.",T17,,,,,,TRPHRNLLAB001
NLLAB,2035,T_D_tkm_hdv_t,17.5188487791895,btkm,"Based on the findings from Sonia Yet et al. 2022, demand projections are indexed through projected national GDP growth (2019=100), using estimates from the Current Measures Scenario of the Canada's Energy Futures 2023. Initial demand is obtained from 2021 subsector activity, which was impacted by the COVID-19 pandemic.",T17,,,,,,TRPHRNLLAB001
NLLAB,2040,T_D_tkm_hdv_t,17.607839461012,btkm,"Based on the findings from Sonia Yet et al. 2022, demand projections are indexed through projected national GDP growth (2019=100), using estimates from the Current Measures Scenario of the Canada's Energy Futures 2023. Initial demand is obtained from 2021 subsector activity, which was impacted by the COVID-19 pandemic.",T17,,,,,,TRPHRNLLAB001
NLLAB,2045,T_D_tkm_hdv_t,17.6897920808144,btkm,"Based on the findings from Sonia Yet et al. 2022, demand projections are indexed through projected national GDP growth (2019=100), using estimates from the Current Measures Scenario of the Canada's Energy Futures 2023. Initial demand is obtained from 2021 subsector activity, which was impacted by the COVID-19 pandemic.",T17,,,,,,TRPHRNLLAB001
NLLAB,2025,T_D_tkm_hdv_wt,106.036276761006,btkm,"Based on the findings from Sonia Yet et al. 2022, demand projections are indexed through projected national GDP growth (2019=100), using estimates from the Current Measures Scenario of the Canada's Energy Futures 2023. Initial demand is obtained from 2021 subsector energy use divided by avg. energy intensity from 2015-2019 to estimate the provincial demand of this mode. This demand would also reflect the impact of COVID-19 on demands.",T17,,,,,,TRPHRNLLAB001
NLLAB,2030,T_D_tkm_hdv_wt,105.943144117661,btkm,"Based on the findings from Sonia Yet et al. 2022, demand projections are indexed through projected national GDP growth (2019=100), using estimates from the Current Measures Scenario of the Canada's Energy Futures 2023. Initial demand is obtained from 2021 subsector energy use divided by avg. energy intensity from 2015-2019 to estimate the provincial demand of this mode. This demand would also reflect the impact of COVID-19 on demands.",T17,,,,,,TRPHRNLLAB001
NLLAB,2035,T_D_tkm_hdv_wt,105.869780718134,btkm,"Based on the findings from Sonia Yet et al. 2022, demand projections are indexed through projected national GDP growth (2019=100), using estimates from the Current Measures Scenario of the Canada's Energy Futures 2023. Initial demand is obtained from 2021 subsector energy use divided by avg. energy intensity from 2015-2019 to estimate the provincial demand of this mode. This demand would also reflect the impact of COVID-19 on demands.",T17,,,,,,TRPHRNLLAB001
NLLAB,2040,T_D_tkm_hdv_wt,105.810947965985,btkm,"Based on the findings from Sonia Yet et al. 2022, demand projections are indexed through projected national GDP growth (2019=100), using estimates from the Current Measures Scenario of the Canada's Energy Futures 2023. Initial demand is obtained from 2021 subsector energy use divided by avg. energy intensity from 2015-2019 to estimate the provincial demand of this mode. This demand would also reflect the impact of COVID-19 on demands.",T17,,,,,,TRPHRNLLAB001
NLLAB,2045,T_D_tkm_hdv_wt,105.756768156705,btkm,"Based on the findings from Sonia Yet et al. 2022, demand projections are indexed through projected national GDP growth (2019=100), using estimates from the Current Measures Scenario of the Canada's Energy Futures 2023. Initial demand is obtained from 2021 subsector energy use divided by avg. energy intensity from 2015-2019 to estimate the provincial demand of this mode. This demand would also reflect the impact of COVID-19 on demands.",T17,,,,,,TRPHRNLLAB001
NLLAB,2025,T_D_tkm_ldv_t,1.39143924784798,btkm,"Based on the findings from Sonia Yet et al. 2022, demand projections are indexed through projected national GDP growth (2019=100), using estimates from the Current Measures Scenario of the Canada's Energy Futures 2023. Initial demand is obtained from 2021 subsector activity, which was impacted by the COVID-19 pandemic.",T17,,,,,,TRPHRNLLAB001
NLLAB,2030,T_D_tkm_ldv_t,1.41296951695416,btkm,"Based on the findings from Sonia Yet et al. 2022, demand projections are indexed through projected national GDP growth (2019=100), using estimates from the Current Measures Scenario of the Canada's Energy Futures 2023. Initial demand is obtained from 2021 subsector activity, which was impacted by the COVID-19 pandemic.",T17,,,,,,TRPHRNLLAB001
NLLAB,2035,T_D_tkm_ldv_t,1.42992956101203,btkm,"Based on the findings from Sonia Yet et al. 2022, demand projections are indexed through projected national GDP growth (2019=100), using estimates from the Current Measures Scenario of the Canada's Energy Futures 2023. Initial demand is obtained from 2021 subsector activity, which was impacted by the COVID-19 pandemic.",T17,,,,,,TRPHRNLLAB001
NLLAB,2040,T_D_tkm_ldv_t,1.44353043113163,btkm,"Based on the findings from Sonia Yet et al. 2022, demand projections are indexed through projected national GDP growth (2019=100), using estimates from the Current Measures Scenario of the Canada's Energy Futures 2023. Initial demand is obtained from 2021 subsector activity, which was impacted by the COVID-19 pandemic.",T17,,,,,,TRPHRNLLAB001
NLLAB,2045,T_D_tkm_ldv_t,1.45605564068243,btkm,"Based on the findings from Sonia Yet et al. 2022, demand projections are indexed through projected national GDP growth (2019=100), using estimates from the Current Measures Scenario of the Canada's Energy Futures 2023. Initial demand is obtained from 2021 subsector activity, which was impacted by the COVID-19 pandemic.",T17,,,,,,TRPHRNLLAB001
NLLAB,2025,T_D_tkm_mdv_t,5.67722936038268,btkm,"Based on the findings from Sonia Yet et al. 2022, demand projections are indexed through projected national GDP growth (2019=100), using estimates from the Current Measures Scenario of the Canada's Energy Futures 2023. Initial demand is obtained from 2021 subsector activity, which was impacted by the COVID-19 pandemic.",T17,,,,,,TRPHRNLLAB001
NLLAB,2030,T_D_tkm_mdv_t,5.69030134820721,btkm,"Based on the findings from Sonia Yet et al. 2022, demand projections are indexed through projected national GDP growth (2019=100), using estimates from the Current Measures Scenario of the Canada's Energy Futures 2023. Initial demand is obtained from 2021 subsector activity, which was impacted by the COVID-19 pandemic.",T17,,,,,,TRPHRNLLAB001
NLLAB,2035,T_D_tkm_mdv_t,5.70059854831811,btkm,"Based on the findings from Sonia Yet et al. 2022, demand projections are indexed through projected national GDP growth (2019=100), using estimates from the Current Measures Scenario of the Canada's Energy Futures 2023. Initial demand is obtained from 2021 subsector activity, which was impacted by the COVID-19 pandemic.",T17,,,,,,TRPHRNLLAB001
NLLAB,2040,T_D_tkm_mdv_t,5.70885624392468,btkm,"Based on the findings from Sonia Yet et al. 2022, demand projections are indexed through projected national GDP growth (2019=100), using estimates from the Current Measures Scenario of the Canada's Energy Futures 2023. Initial demand is obtained from 2021 subsector activity, which was impacted by the COVID-19 pandemic.",T17,,,,,,TRPHRNLLAB001
NLLAB,2045,T_D_tkm_mdv_t,5.71646085796551,btkm,"Based on the findings from Sonia Yet et al. 2022, demand projections are indexed through projected national GDP growth (2019=100), using estimates from the Current Measures Scenario of the Canada's Energy Futures 2023. Initial demand is obtained from 2021 subsector activity, which was impacted by the COVID-19 pandemic.",T17,,,,,,TRPHRNLLAB001
NS,2025,T_D_pj_off,3.73860515168611,PJ,"Dummy technology, to pass off-road demand directly in PJ. Off-road vehicles are assumed to consume diesel only. Based on the findings from Sonia Yet et al. 2022, demand projections are indexed through projected national GDP growth (2019=100), using estimates from the Current Measures Scenario of the Canada's Energy Futures 2023. Initial demand is obtained from 2021 subsector energy use, which was impacted by the COVID-19 pandemic.",T17,,,,,,TRPHRNS001
NS,2030,T_D_pj_off,3.90375237776294,PJ,"Dummy technology, to pass off-road demand directly in PJ. Off-road vehicles are assumed to consume diesel only. Based on the findings from Sonia Yet et al. 2022, demand projections are indexed through projected national GDP growth (2019=100), using estimates from the Current Measures Scenario of the Canada's Energy Futures 2023. Initial demand is obtained from 2021 subsector energy use, which was impacted by the COVID-19 pandemic.",T17,,,,,,TRPHRNS001
NS,2035,T_D_pj_off,4.03384383965753,PJ,"Dummy technology, to pass off-road demand directly in PJ. Off-road vehicles are assumed to consume diesel only. Based on the findings from Sonia Yet et al. 2022, demand projections are indexed through projected national GDP growth (2019=100), using estimates from the Current Measures Scenario of the Canada's Energy Futures 2023. Initial demand is obtained from 2021 subsector energy use, which was impacted by the COVID-19 pandemic.",T17,,,,,,TRPHRNS001
NS,2040,T_D_pj_off,4.13816886987641,PJ,"Dummy technology, to pass off-road demand directly in PJ. Off-road vehicles are assumed to consume diesel only. Based on the findings from Sonia Yet et al. 2022, demand projections are indexed through projected national GDP growth (2019=100), using estimates from the Current Measures Scenario of the Canada's Energy Futures 2023. Initial demand is obtained from 2021 subsector energy use, which was impacted by the COVID-19 pandemic.",T17,,,,,,TRPHRNS001
NS,2045,T_D_pj_off,4.23424307748517,PJ,"Dummy technology, to pass off-road demand directly in PJ. Off-road vehicles are assumed to consume diesel only. Based on the findings from Sonia Yet et al. 2022, demand projections are indexed through projected national GDP growth (2019=100), using estimates from the Current Measures Scenario of the Canada's Energy Futures 2023. Initial demand is obtained from 2021 subsector energy use, which was impacted by the COVID-19 pandemic.",T17,,,,,,TRPHRNS001
NS,2025,T_D_pkm_hdv_aj,15.8137633818293,bpkm,"Based on the findings from Sonia Yet et al. 2022, demand projections are indexed through projected national GDP growth (2019=100), using estimates from the Current Measures Scenario of the Canada's Energy Futures 2023. Initial demand is obtained from 2021 subsector energy use divided by avg. energy intensity from 2015-2019 to estimate the provincial demand of this mode. This demand would also reflect the impact of COVID-19 on demands.",T17,,,,,,TRPHRNS001
NS,2030,T_D_pkm_hdv_aj,16.0788873111794,bpkm,"Based on the findings from Sonia Yet et al. 2022, demand projections are indexed through projected national GDP growth (2019=100), using estimates from the Current Measures Scenario of the Canada's Energy Futures 2023. Initial demand is obtained from 2021 subsector energy use divided by avg. energy intensity from 2015-2019 to estimate the provincial demand of this mode. This demand would also reflect the impact of COVID-19 on demands.",T17,,,,,,TRPHRNS001
NS,2035,T_D_pkm_hdv_aj,16.2877334442434,bpkm,"Based on the findings from Sonia Yet et al. 2022, demand projections are indexed through projected national GDP growth (2019=100), using estimates from the Current Measures Scenario of the Canada's Energy Futures 2023. Initial demand is obtained from 2021 subsector energy use divided by avg. energy intensity from 2015-2019 to estimate the provincial demand of this mode. This demand would also reflect the impact of COVID-19 on demands.",T17,,,,,,TRPHRNS001
NS,2040,T_D_pkm_hdv_aj,16.4552146826406,bpkm,"Based on the findings from Sonia Yet et al. 2022, demand projections are indexed through projected national GDP growth (2019=100), using estimates from the Current Measures Scenario of the Canada's Energy Futures 2023. Initial demand is obtained from 2021 subsector energy use divided by avg. energy intensity from 2015-2019 to estimate the provincial demand of this mode. This demand would also reflect the impact of COVID-19 on demands.",T17,,,,,,TRPHRNS001
NS,2045,T_D_pkm_hdv_aj,16.6094502216534,bpkm,"Based on the findings from Sonia Yet et al. 2022, demand projections are indexed through projected national GDP growth (2019=100), using estimates from the Current Measures Scenario of the Canada's Energy Futures 2023. Initial demand is obtained from 2021 subsector energy use divided by avg. energy intensity from 2015-2019 to estimate the provincial demand of this mode. This demand would also reflect the impact of COVID-19 on demands.",T17,,,,,,TRPHRNS001
NS,2025,T_D_pkm_hdv_bic,0.230283111863859,bpkm,"Based on the findings from Sonia Yet et al. 2022, demand projections are indexed through projected national GDP growth (2019=100), using estimates from the Current Measures Scenario of the Canada's Energy Futures 2023. Initial demand is obtained from 2021 subsector activity, which was impacted by the COVID-19 pandemic.",T17,,,,,,TRPHRNS001
NS,2030,T_D_pkm_hdv_bic,0.236420447709869,bpkm,"Based on the findings from Sonia Yet et al. 2022, demand projections are indexed through projected national GDP growth (2019=100), using estimates from the Current Measures Scenario of the Canada's Energy Futures 2023. Initial demand is obtained from 2021 subsector activity, which was impacted by the COVID-19 pandemic.",T17,,,,,,TRPHRNS001
NS,2035,T_D_pkm_hdv_bic,0.241255012669344,bpkm,"Based on the findings from Sonia Yet et al. 2022, demand projections are indexed through projected national GDP growth (2019=100), using estimates from the Current Measures Scenario of the Canada's Energy Futures 2023. Initial demand is obtained from 2021 subsector activity, which was impacted by the COVID-19 pandemic.",T17,,,,,,TRPHRNS001
NS,2040,T_D_pkm_hdv_bic,0.245132024489698,bpkm,"Based on the findings from Sonia Yet et al. 2022, demand projections are indexed through projected national GDP growth (2019=100), using estimates from the Current Measures Scenario of the Canada's Energy Futures 2023. Initial demand is obtained from 2021 subsector activity, which was impacted by the COVID-19 pandemic.",T17,,,,,,TRPHRNS001
NS,2045,T_D_pkm_hdv_bic,0.248702412514017,bpkm,"Based on the findings from Sonia Yet et al. 2022, demand projections are indexed through projected national GDP growth (2019=100), using estimates from the Current Measures Scenario of the Canada's Energy Futures 2023. Initial demand is obtained from 2021 subsector activity, which was impacted by the COVID-19 pandemic.",T17,,,,,,TRPHRNS001
NS,2025,T_D_pkm_hdv_bs,1.60230709450865,bpkm,"Based on the findings from Sonia Yet et al. 2022, demand projections are indexed through projected national GDP growth (2019=100), using estimates from the Current Measures Scenario of the Canada's Energy Futures 2023. Initial demand is obtained from 2021 subsector activity, which was impacted by the COVID-19 pandemic.",T17,,,,,,TRPHRNS001
NS,2030,T_D_pkm_hdv_bs,1.63582156833862,bpkm,"Based on the findings from Sonia Yet et al. 2022, demand projections are indexed through projected national GDP growth (2019=100), using estimates from the Current Measures Scenario of the Canada's Energy Futures 2023. Initial demand is obtained from 2021 subsector activity, which was impacted by the COVID-19 pandemic.",T17,,,,,,TRPHRNS001
NS,2035,T_D_pkm_hdv_bs,1.66222193241825,bpkm,"Based on the findings from Sonia Yet et al. 2022, demand projections are indexed through projected national GDP growth (2019=100), using estimates from the Current Measures Scenario of the Canada's Energy Futures 2023. Initial demand is obtained from 2021 subsector activity, which was impacted by the COVID-19 pandemic.",T17,,,,,,TRPHRNS001
NS,2040,T_D_pkm_hdv_bs,1.68339333552408,bpkm,"Based on the findings from Sonia Yet et al. 2022, demand projections are indexed through projected national GDP growth (2019=100), using estimates from the Current Measures Scenario of the Canada's Energy Futures 2023. Initial demand is obtained from 2021 subsector activity, which was impacted by the COVID-19 pandemic.",T17,,,,,,TRPHRNS001
NS,2045,T_D_pkm_hdv_bs,1.70289034188094,bpkm,"Based on the findings from Sonia Yet et al. 2022, demand projections are indexed through projected national GDP growth (2019=100), using estimates from the Current Measures Scenario of the Canada's Energy Futures 2023. Initial demand is obtained from 2021 subsector activity, which was impacted by the COVID-19 pandemic.",T17,,,,,,TRPHRNS001
NS,2025,T_D_pkm_hdv_bt,0.972652479055739,bpkm,"Based on the findings from Sonia Yet et al. 2022, demand projections are indexed through projected national GDP growth (2019=100), using estimates from the Current Measures Scenario of the Canada's Energy Futures 2023. Initial demand is obtained from 2021 subsector activity, which was impacted by the COVID-19 pandemic.",T17,,,,,,TRPHRNS001
NS,2030,T_D_pkm_hdv_bt,0.999161719829327,bpkm,"Based on the findings from Sonia Yet et al. 2022, demand projections are indexed through projected national GDP growth (2019=100), using estimates from the Current Measures Scenario of the Canada's Energy Futures 2023. Initial demand is obtained from 2021 subsector activity, which was impacted by the COVID-19 pandemic.",T17,,,,,,TRPHRNS001
NS,2035,T_D_pkm_hdv_bt,1.02004385008289,bpkm,"Based on the findings from Sonia Yet et al. 2022, demand projections are indexed through projected national GDP growth (2019=100), using estimates from the Current Measures Scenario of the Canada's Energy Futures 2023. Initial demand is obtained from 2021 subsector activity, which was impacted by the COVID-19 pandemic.",T17,,,,,,TRPHRNS001
NS,2040,T_D_pkm_hdv_bt,1.03678998267308,bpkm,"Based on the findings from Sonia Yet et al. 2022, demand projections are indexed through projected national GDP growth (2019=100), using estimates from the Current Measures Scenario of the Canada's Energy Futures 2023. Initial demand is obtained from 2021 subsector activity, which was impacted by the COVID-19 pandemic.",T17,,,,,,TRPHRNS001
NS,2045,T_D_pkm_hdv_bt,1.0522117028081,bpkm,"Based on the findings from Sonia Yet et al. 2022, demand projections are indexed through projected national GDP growth (2019=100), using estimates from the Current Measures Scenario of the Canada's Energy Futures 2023. Initial demand is obtained from 2021 subsector activity, which was impacted by the COVID-19 pandemic.",T17,,,,,,TRPHRNS001
NS,2025,T_D_pkm_hdv_r,0.263450385823732,bpkm,"Based on the findings from Sonia Yet et al. 2022, demand projections are indexed through projected national GDP growth (2019=100), using estimates from the Current Measures Scenario of the Canada's Energy Futures 2023. Initial demand is obtained from 2021 subsector energy use divided by avg. energy intensity from 2015-2019 to estimate the provincial demand of this mode. This demand would also reflect the impact of COVID-19 on demands.",T17,,,,,,TRPHRNS001
NS,2030,T_D_pkm_hdv_r,0.263580461073563,bpkm,"Based on the findings from Sonia Yet et al. 2022, demand projections are indexed through projected national GDP growth (2019=100), using estimates from the Current Measures Scenario of the Canada's Energy Futures 2023. Initial demand is obtained from 2021 subsector energy use divided by avg. energy intensity from 2015-2019 to estimate the provincial demand of this mode. This demand would also reflect the impact of COVID-19 on demands.",T17,,,,,,TRPHRNS001
NS,2035,T_D_pkm_hdv_r,0.263682925279646,bpkm,"Based on the findings from Sonia Yet et al. 2022, demand projections are indexed through projected national GDP growth (2019=100), using estimates from the Current Measures Scenario of the Canada's Energy Futures 2023. Initial demand is obtained from 2021 subsector energy use divided by avg. energy intensity from 2015-2019 to estimate the provincial demand of this mode. This demand would also reflect the impact of COVID-19 on demands.",T17,,,,,,TRPHRNS001
NS,2040,T_D_pkm_hdv_r,0.263765095018076,bpkm,"Based on the findings from Sonia Yet et al. 2022, demand projections are indexed through projected national GDP growth (2019=100), using estimates from the Current Measures Scenario of the Canada's Energy Futures 2023. Initial demand is obtained from 2021 subsector energy use divided by avg. energy intensity from 2015-2019 to estimate the provincial demand of this mode. This demand would also reflect the impact of COVID-19 on demands.",T17,,,,,,TRPHRNS001
NS,2045,T_D_pkm_hdv_r,0.2638407661441,bpkm,"Based on the findings from Sonia Yet et al. 2022, demand projections are indexed through projected national GDP growth (2019=100), using estimates from the Current Measures Scenario of the Canada's Energy Futures 2023. Initial demand is obtained from 2021 subsector energy use divided by avg. energy intensity from 2015-2019 to estimate the provincial demand of this mode. This demand would also reflect the impact of COVID-19 on demands.",T17,,,,,,TRPHRNS001
NS,2025,T_D_pkm_ldv_c,2.32851085745817,bpkm,"Based on the findings from Sonia Yet et al. 2022, demand projections are indexed through projected national GDP growth (2019=100), using estimates from the Current Measures Scenario of the Canada's Energy Futures 2023. Initial demand is obtained from 2021 subsector activity, which was impacted by the COVID-19 pandemic.",T17,,,,,,TRPHRNS001
NS,2030,T_D_pkm_ldv_c,2.78144276209138,bpkm,"Based on the findings from Sonia Yet et al. 2022, demand projections are indexed through projected national GDP growth (2019=100), using estimates from the Current Measures Scenario of the Canada's Energy Futures 2023. Initial demand is obtained from 2021 subsector activity, which was impacted by the COVID-19 pandemic.",T17,,,,,,TRPHRNS001
NS,2035,T_D_pkm_ldv_c,3.1382309141674,bpkm,"Based on the findings from Sonia Yet et al. 2022, demand projections are indexed through projected national GDP growth (2019=100), using estimates from the Current Measures Scenario of the Canada's Energy Futures 2023. Initial demand is obtained from 2021 subsector activity, which was impacted by the COVID-19 pandemic.",T17,,,,,,TRPHRNS001
NS,2040,T_D_pkm_ldv_c,3.42435218765445,bpkm,"Based on the findings from Sonia Yet et al. 2022, demand projections are indexed through projected national GDP growth (2019=100), using estimates from the Current Measures Scenario of the Canada's Energy Futures 2023. Initial demand is obtained from 2021 subsector activity, which was impacted by the COVID-19 pandemic.",T17,,,,,,TRPHRNS001
NS,2045,T_D_pkm_ldv_c,3.68784479889648,bpkm,"Based on the findings from Sonia Yet et al. 2022, demand projections are indexed through projected national GDP growth (2019=100), using estimates from the Current Measures Scenario of the Canada's Energy Futures 2023. Initial demand is obtained from 2021 subsector activity, which was impacted by the COVID-19 pandemic.",T17,,,,,,TRPHRNS001
NS,2025,T_D_pkm_ldv_m,0.163305670574521,bpkm,"Based on the findings from Sonia Yet et al. 2022, demand projections are indexed through projected national GDP growth (2019=100), using estimates from the Current Measures Scenario of the Canada's Energy Futures 2023. Initial demand is obtained from 2021 subsector activity, which was impacted by the COVID-19 pandemic.",T17,,,,,,TRPHRNS001
NS,2030,T_D_pkm_ldv_m,0.167862077828432,bpkm,"Based on the findings from Sonia Yet et al. 2022, demand projections are indexed through projected national GDP growth (2019=100), using estimates from the Current Measures Scenario of the Canada's Energy Futures 2023. Initial demand is obtained from 2021 subsector activity, which was impacted by the COVID-19 pandemic.",T17,,,,,,TRPHRNS001
NS,2035,T_D_pkm_ldv_m,0.171451297549098,bpkm,"Based on the findings from Sonia Yet et al. 2022, demand projections are indexed through projected national GDP growth (2019=100), using estimates from the Current Measures Scenario of the Canada's Energy Futures 2023. Initial demand is obtained from 2021 subsector activity, which was impacted by the COVID-19 pandemic.",T17,,,,,,TRPHRNS001
NS,2040,T_D_pkm_ldv_m,0.174329622155245,bpkm,"Based on the findings from Sonia Yet et al. 2022, demand projections are indexed through projected national GDP growth (2019=100), using estimates from the Current Measures Scenario of the Canada's Energy Futures 2023. Initial demand is obtained from 2021 subsector activity, which was impacted by the COVID-19 pandemic.",T17,,,,,,TRPHRNS001
NS,2045,T_D_pkm_ldv_m,0.176980306801068,bpkm,"Based on the findings from Sonia Yet et al. 2022, demand projections are indexed through projected national GDP growth (2019=100), using estimates from the Current Measures Scenario of the Canada's Energy Futures 2023. Initial demand is obtained from 2021 subsector activity, which was impacted by the COVID-19 pandemic.",T17,,,,,,TRPHRNS001
NS,2025,T_D_pkm_ldv_t,6.26580316105026,bpkm,"Based on the findings from Sonia Yet et al. 2022, demand projections are indexed through projected national GDP growth (2019=100), using estimates from the Current Measures Scenario of the Canada's Energy Futures 2023. Initial demand is obtained from 2021 subsector activity, which was impacted by the COVID-19 pandemic.",T17,,,,,,TRPHRNS001
NS,2030,T_D_pkm_ldv_t,6.68528578067025,bpkm,"Based on the findings from Sonia Yet et al. 2022, demand projections are indexed through projected national GDP growth (2019=100), using estimates from the Current Measures Scenario of the Canada's Energy Futures 2023. Initial demand is obtained from 2021 subsector activity, which was impacted by the COVID-19 pandemic.",T17,,,,,,TRPHRNS001
NS,2035,T_D_pkm_ldv_t,7.01572491986806,bpkm,"Based on the findings from Sonia Yet et al. 2022, demand projections are indexed through projected national GDP growth (2019=100), using estimates from the Current Measures Scenario of the Canada's Energy Futures 2023. Initial demand is obtained from 2021 subsector activity, which was impacted by the COVID-19 pandemic.",T17,,,,,,TRPHRNS001
NS,2040,T_D_pkm_ldv_t,7.28071597062779,bpkm,"Based on the findings from Sonia Yet et al. 2022, demand projections are indexed through projected national GDP growth (2019=100), using estimates from the Current Measures Scenario of the Canada's Energy Futures 2023. Initial demand is obtained from 2021 subsector activity, which was impacted by the COVID-19 pandemic.",T17,,,,,,TRPHRNS001
NS,2045,T_D_pkm_ldv_t,7.52474949903164,bpkm,"Based on the findings from Sonia Yet et al. 2022, demand projections are indexed through projected national GDP growth (2019=100), using estimates from the Current Measures Scenario of the Canada's Energy Futures 2023. Initial demand is obtained from 2021 subsector activity, which was impacted by the COVID-19 pandemic.",T17,,,,,,TRPHRNS001
NS,2025,T_D_tkm_hdv_aj,0.196631572471567,btkm,"Based on the findings from Sonia Yet et al. 2022, demand projections are indexed through projected national GDP growth (2019=100), using estimates from the Current Measures Scenario of the Canada's Energy Futures 2023. Initial demand is obtained from 2021 subsector energy use divided by avg. energy intensity from 2015-2019 to estimate the provincial demand of this mode. This demand would also reflect the impact of COVID-19 on demands.",T17,,,,,,TRPHRNS001
NS,2030,T_D_tkm_hdv_aj,0.200271762186866,btkm,"Based on the findings from Sonia Yet et al. 2022, demand projections are indexed through projected national GDP growth (2019=100), using estimates from the Current Measures Scenario of the Canada's Energy Futures 2023. Initial demand is obtained from 2021 subsector energy use divided by avg. energy intensity from 2015-2019 to estimate the provincial demand of this mode. This demand would also reflect the impact of COVID-19 on demands.",T17,,,,,,TRPHRNS001
NS,2035,T_D_tkm_hdv_aj,0.203139249657812,btkm,"Based on the findings from Sonia Yet et al. 2022, demand projections are indexed through projected national GDP growth (2019=100), using estimates from the Current Measures Scenario of the Canada's Energy Futures 2023. Initial demand is obtained from 2021 subsector energy use divided by avg. energy intensity from 2015-2019 to estimate the provincial demand of this mode. This demand would also reflect the impact of COVID-19 on demands.",T17,,,,,,TRPHRNS001
NS,2040,T_D_tkm_hdv_aj,0.205438791170391,btkm,"Based on the findings from Sonia Yet et al. 2022, demand projections are indexed through projected national GDP growth (2019=100), using estimates from the Current Measures Scenario of the Canada's Energy Futures 2023. Initial demand is obtained from 2021 subsector energy use divided by avg. energy intensity from 2015-2019 to estimate the provincial demand of this mode. This demand would also reflect the impact of COVID-19 on demands.",T17,,,,,,TRPHRNS001
NS,2045,T_D_tkm_hdv_aj,0.207556467323669,btkm,"Based on the findings from Sonia Yet et al. 2022, demand projections are indexed through projected national GDP growth (2019=100), using estimates from the Current Measures Scenario of the Canada's Energy Futures 2023. Initial demand is obtained from 2021 subsector energy use divided by avg. energy intensity from 2015-2019 to estimate the provincial demand of this mode. This demand would also reflect the impact of COVID-19 on demands.",T17,,,,,,TRPHRNS001
NS,2025,T_D_tkm_hdv_r,74.5348112689819,btkm,"Based on the findings from Sonia Yet et al. 2022, demand projections are indexed through projected national GDP growth (2019=100), using estimates from the Current Measures Scenario of the Canada's Energy Futures 2023. Initial demand is obtained from 2021 subsector energy use divided by avg. energy intensity from 2015-2019 to estimate the provincial demand of this mode. This demand would also reflect the impact of COVID-19 on demands.",T17,,,,,,TRPHRNS001
NS,2030,T_D_tkm_hdv_r,74.5716122051955,btkm,"Based on the findings from Sonia Yet et al. 2022, demand projections are indexed through projected national GDP growth (2019=100), using estimates from the Current Measures Scenario of the Canada's Energy Futures 2023. Initial demand is obtained from 2021 subsector energy use divided by avg. energy intensity from 2015-2019 to estimate the provincial demand of this mode. This demand would also reflect the impact of COVID-19 on demands.",T17,,,,,,TRPHRNS001
NS,2035,T_D_tkm_hdv_r,74.6006014150347,btkm,"Based on the findings from Sonia Yet et al. 2022, demand projections are indexed through projected national GDP growth (2019=100), using estimates from the Current Measures Scenario of the Canada's Energy Futures 2023. Initial demand is obtained from 2021 subsector energy use divided by avg. energy intensity from 2015-2019 to estimate the provincial demand of this mode. This demand would also reflect the impact of COVID-19 on demands.",T17,,,,,,TRPHRNS001
NS,2040,T_D_tkm_hdv_r,74.6238489068259,btkm,"Based on the findings from Sonia Yet et al. 2022, demand projections are indexed through projected national GDP growth (2019=100), using estimates from the Current Measures Scenario of the Canada's Energy Futures 2023. Initial demand is obtained from 2021 subsector energy use divided by avg. energy intensity from 2015-2019 to estimate the provincial demand of this mode. This demand would also reflect the impact of COVID-19 on demands.",T17,,,,,,TRPHRNS001
NS,2045,T_D_tkm_hdv_r,74.6452578088703,btkm,"Based on the findings from Sonia Yet et al. 2022, demand projections are indexed through projected national GDP growth (2019=100), using estimates from the Current Measures Scenario of the Canada's Energy Futures 2023. Initial demand is obtained from 2021 subsector energy use divided by avg. energy intensity from 2015-2019 to estimate the provincial demand of this mode. This demand would also reflect the impact of COVID-19 on demands.",T17,,,,,,TRPHRNS001
NS,2025,T_D_tkm_hdv_t,20.2260502754178,btkm,"Based on the findings from Sonia Yet et al. 2022, demand projections are indexed through projected national GDP growth (2019=100), using estimates from the Current Measures Scenario of the Canada's Energy Futures 2023. Initial demand is obtained from 2021 subsector activity, which was impacted by the COVID-19 pandemic.",T17,,,,,,TRPHRNS001
NS,2030,T_D_tkm_hdv_t,20.5048185813193,btkm,"Based on the findings from Sonia Yet et al. 2022, demand projections are indexed through projected national GDP growth (2019=100), using estimates from the Current Measures Scenario of the Canada's Energy Futures 2023. Initial demand is obtained from 2021 subsector activity, which was impacted by the COVID-19 pandemic.",T17,,,,,,TRPHRNS001
NS,2035,T_D_tkm_hdv_t,20.7244128022221,btkm,"Based on the findings from Sonia Yet et al. 2022, demand projections are indexed through projected national GDP growth (2019=100), using estimates from the Current Measures Scenario of the Canada's Energy Futures 2023. Initial demand is obtained from 2021 subsector activity, which was impacted by the COVID-19 pandemic.",T17,,,,,,TRPHRNS001
NS,2040,T_D_tkm_hdv_t,20.9005133194885,btkm,"Based on the findings from Sonia Yet et al. 2022, demand projections are indexed through projected national GDP growth (2019=100), using estimates from the Current Measures Scenario of the Canada's Energy Futures 2023. Initial demand is obtained from 2021 subsector activity, which was impacted by the COVID-19 pandemic.",T17,,,,,,TRPHRNS001
NS,2045,T_D_tkm_hdv_t,21.0626864587664,btkm,"Based on the findings from Sonia Yet et al. 2022, demand projections are indexed through projected national GDP growth (2019=100), using estimates from the Current Measures Scenario of the Canada's Energy Futures 2023. Initial demand is obtained from 2021 subsector activity, which was impacted by the COVID-19 pandemic.",T17,,,,,,TRPHRNS001
NS,2025,T_D_tkm_hdv_wt,104.080019010682,btkm,"Based on the findings from Sonia Yet et al. 2022, demand projections are indexed through projected national GDP growth (2019=100), using estimates from the Current Measures Scenario of the Canada's Energy Futures 2023. Initial demand is obtained from 2021 subsector energy use divided by avg. energy intensity from 2015-2019 to estimate the provincial demand of this mode. This demand would also reflect the impact of COVID-19 on demands.",T17,,,,,,TRPHRNS001
NS,2030,T_D_tkm_hdv_wt,103.895722112262,btkm,"Based on the findings from Sonia Yet et al. 2022, demand projections are indexed through projected national GDP growth (2019=100), using estimates from the Current Measures Scenario of the Canada's Energy Futures 2023. Initial demand is obtained from 2021 subsector energy use divided by avg. energy intensity from 2015-2019 to estimate the provincial demand of this mode. This demand would also reflect the impact of COVID-19 on demands.",T17,,,,,,TRPHRNS001
NS,2035,T_D_tkm_hdv_wt,103.750545874624,btkm,"Based on the findings from Sonia Yet et al. 2022, demand projections are indexed through projected national GDP growth (2019=100), using estimates from the Current Measures Scenario of the Canada's Energy Futures 2023. Initial demand is obtained from 2021 subsector energy use divided by avg. energy intensity from 2015-2019 to estimate the provincial demand of this mode. This demand would also reflect the impact of COVID-19 on demands.",T17,,,,,,TRPHRNS001
NS,2040,T_D_tkm_hdv_wt,103.634123819263,btkm,"Based on the findings from Sonia Yet et al. 2022, demand projections are indexed through projected national GDP growth (2019=100), using estimates from the Current Measures Scenario of the Canada's Energy Futures 2023. Initial demand is obtained from 2021 subsector energy use divided by avg. energy intensity from 2015-2019 to estimate the provincial demand of this mode. This demand would also reflect the impact of COVID-19 on demands.",T17,,,,,,TRPHRNS001
NS,2045,T_D_tkm_hdv_wt,103.526909311935,btkm,"Based on the findings from Sonia Yet et al. 2022, demand projections are indexed through projected national GDP growth (2019=100), using estimates from the Current Measures Scenario of the Canada's Energy Futures 2023. Initial demand is obtained from 2021 subsector energy use divided by avg. energy intensity from 2015-2019 to estimate the provincial demand of this mode. This demand would also reflect the impact of COVID-19 on demands.",T17,,,,,,TRPHRNS001
NS,2025,T_D_tkm_ldv_t,1.84368407085209,btkm,"Based on the findings from Sonia Yet et al. 2022, demand projections are indexed through projected national GDP growth (2019=100), using estimates from the Current Measures Scenario of the Canada's Energy Futures 2023. Initial demand is obtained from 2021 subsector activity, which was impacted by the COVID-19 pandemic.",T17,,,,,,TRPHRNS001
NS,2030,T_D_tkm_ldv_t,1.88628955992555,btkm,"Based on the findings from Sonia Yet et al. 2022, demand projections are indexed through projected national GDP growth (2019=100), using estimates from the Current Measures Scenario of the Canada's Energy Futures 2023. Initial demand is obtained from 2021 subsector activity, which was impacted by the COVID-19 pandemic.",T17,,,,,,TRPHRNS001
NS,2035,T_D_tkm_ldv_t,1.91985119150707,btkm,"Based on the findings from Sonia Yet et al. 2022, demand projections are indexed through projected national GDP growth (2019=100), using estimates from the Current Measures Scenario of the Canada's Energy Futures 2023. Initial demand is obtained from 2021 subsector activity, which was impacted by the COVID-19 pandemic.",T17,,,,,,TRPHRNS001
NS,2040,T_D_tkm_ldv_t,1.94676547302828,btkm,"Based on the findings from Sonia Yet et al. 2022, demand projections are indexed through projected national GDP growth (2019=100), using estimates from the Current Measures Scenario of the Canada's Energy Futures 2023. Initial demand is obtained from 2021 subsector activity, which was impacted by the COVID-19 pandemic.",T17,,,,,,TRPHRNS001
NS,2045,T_D_tkm_ldv_t,1.97155116698,btkm,"Based on the findings from Sonia Yet et al. 2022, demand projections are indexed through projected national GDP growth (2019=100), using estimates from the Current Measures Scenario of the Canada's Energy Futures 2023. Initial demand is obtained from 2021 subsector activity, which was impacted by the COVID-19 pandemic.",T17,,,,,,TRPHRNS001
NS,2025,T_D_tkm_mdv_t,5.95180738775713,btkm,"Based on the findings from Sonia Yet et al. 2022, demand projections are indexed through projected national GDP growth (2019=100), using estimates from the Current Measures Scenario of the Canada's Energy Futures 2023. Initial demand is obtained from 2021 subsector activity, which was impacted by the COVID-19 pandemic.",T17,,,,,,TRPHRNS001
NS,2030,T_D_tkm_mdv_t,5.97767508275341,btkm,"Based on the findings from Sonia Yet et al. 2022, demand projections are indexed through projected national GDP growth (2019=100), using estimates from the Current Measures Scenario of the Canada's Energy Futures 2023. Initial demand is obtained from 2021 subsector activity, which was impacted by the COVID-19 pandemic.",T17,,,,,,TRPHRNS001
NS,2035,T_D_tkm_mdv_t,5.99805184800615,btkm,"Based on the findings from Sonia Yet et al. 2022, demand projections are indexed through projected national GDP growth (2019=100), using estimates from the Current Measures Scenario of the Canada's Energy Futures 2023. Initial demand is obtained from 2021 subsector activity, which was impacted by the COVID-19 pandemic.",T17,,,,,,TRPHRNS001
NS,2040,T_D_tkm_mdv_t,6.01439271019492,btkm,"Based on the findings from Sonia Yet et al. 2022, demand projections are indexed through projected national GDP growth (2019=100), using estimates from the Current Measures Scenario of the Canada's Energy Futures 2023. Initial demand is obtained from 2021 subsector activity, which was impacted by the COVID-19 pandemic.",T17,,,,,,TRPHRNS001
NS,2045,T_D_tkm_mdv_t,6.02944121181659,btkm,"Based on the findings from Sonia Yet et al. 2022, demand projections are indexed through projected national GDP growth (2019=100), using estimates from the Current Measures Scenario of the Canada's Energy Futures 2023. Initial demand is obtained from 2021 subsector activity, which was impacted by the COVID-19 pandemic.",T17,,,,,,TRPHRNS001
ON,2025,T_D_pj_off,56.101838994,PJ,"Dummy technology, to pass off-road demand directly in PJ. Off-road vehicles are assumed to consume diesel only. Based on the findings from Sonia Yet et al. 2022, demand projections are indexed through projected national GDP growth (2019=100), using estimates from the Current Measures Scenario of the Canada's Energy Futures 2023. Initial demand is obtained from 2021 subsector energy use, which was impacted by the COVID-19 pandemic.",T17,,,,,,TRPHRON001
ON,2030,T_D_pj_off,60.430672112,PJ,"Dummy technology, to pass off-road demand directly in PJ. Off-road vehicles are assumed to consume diesel only. Based on the findings from Sonia Yet et al. 2022, demand projections are indexed through projected national GDP growth (2019=100), using estimates from the Current Measures Scenario of the Canada's Energy Futures 2023. Initial demand is obtained from 2021 subsector energy use, which was impacted by the COVID-19 pandemic.",T17,,,,,,TRPHRON001
ON,2035,T_D_pj_off,64.784277971,PJ,"Dummy technology, to pass off-road demand directly in PJ. Off-road vehicles are assumed to consume diesel only. Based on the findings from Sonia Yet et al. 2022, demand projections are indexed through projected national GDP growth (2019=100), using estimates from the Current Measures Scenario of the Canada's Energy Futures 2023. Initial demand is obtained from 2021 subsector energy use, which was impacted by the COVID-19 pandemic.",T17,,,,,,TRPHRON001
ON,2040,T_D_pj_off,69.073896742,PJ,"Dummy technology, to pass off-road demand directly in PJ. Off-road vehicles are assumed to consume diesel only. Based on the findings from Sonia Yet et al. 2022, demand projections are indexed through projected national GDP growth (2019=100), using estimates from the Current Measures Scenario of the Canada's Energy Futures 2023. Initial demand is obtained from 2021 subsector energy use, which was impacted by the COVID-19 pandemic.",T17,,,,,,TRPHRON001
ON,2045,T_D_pj_off,73.964040159,PJ,"Dummy technology, to pass off-road demand directly in PJ. Off-road vehicles are assumed to consume diesel only. Based on the findings from Sonia Yet et al. 2022, demand projections are indexed through projected national GDP growth (2019=100), using estimates from the Current Measures Scenario of the Canada's Energy Futures 2023. Initial demand is obtained from 2021 subsector energy use, which was impacted by the COVID-19 pandemic.",T17,,,,,,TRPHRON001
ON,2025,T_D_pkm_hdv_aj,84.979584162,bpkm,"Based on the findings from Sonia Yet et al. 2022, demand projections are indexed through projected national GDP growth (2019=100), using estimates from the Current Measures Scenario of the Canada's Energy Futures 2023. Initial demand is obtained from 2021 subsector energy use divided by avg. energy intensity from 2015-2019 to estimate the provincial demand of this mode. This demand would also reflect the impact of COVID-19 on demands.",T17,,,,,,TRPHRON001
ON,2030,T_D_pkm_hdv_aj,91.536631933,bpkm,"Based on the findings from Sonia Yet et al. 2022, demand projections are indexed through projected national GDP growth (2019=100), using estimates from the Current Measures Scenario of the Canada's Energy Futures 2023. Initial demand is obtained from 2021 subsector energy use divided by avg. energy intensity from 2015-2019 to estimate the provincial demand of this mode. This demand would also reflect the impact of COVID-19 on demands.",T17,,,,,,TRPHRON001
ON,2035,T_D_pkm_hdv_aj,98.131203914,bpkm,"Based on the findings from Sonia Yet et al. 2022, demand projections are indexed through projected national GDP growth (2019=100), using estimates from the Current Measures Scenario of the Canada's Energy Futures 2023. Initial demand is obtained from 2021 subsector energy use divided by avg. energy intensity from 2015-2019 to estimate the provincial demand of this mode. This demand would also reflect the impact of COVID-19 on demands.",T17,,,,,,TRPHRON001
ON,2040,T_D_pkm_hdv_aj,104.628852224,bpkm,"Based on the findings from Sonia Yet et al. 2022, demand projections are indexed through projected national GDP growth (2019=100), using estimates from the Current Measures Scenario of the Canada's Energy Futures 2023. Initial demand is obtained from 2021 subsector energy use divided by avg. energy intensity from 2015-2019 to estimate the provincial demand of this mode. This demand would also reflect the impact of COVID-19 on demands.",T17,,,,,,TRPHRON001
ON,2045,T_D_pkm_hdv_aj,112.036138003,bpkm,"Based on the findings from Sonia Yet et al. 2022, demand projections are indexed through projected national GDP growth (2019=100), using estimates from the Current Measures Scenario of the Canada's Energy Futures 2023. Initial demand is obtained from 2021 subsector energy use divided by avg. energy intensity from 2015-2019 to estimate the provincial demand of this mode. This demand would also reflect the impact of COVID-19 on demands.",T17,,,,,,TRPHRON001
ON,2025,T_D_pkm_hdv_bic,2.20018248,bpkm,"Based on the findings from Sonia Yet et al. 2022, demand projections are indexed through projected national GDP growth (2019=100), using estimates from the Current Measures Scenario of the Canada's Energy Futures 2023. Initial demand is obtained from 2021 subsector activity, which was impacted by the COVID-19 pandemic.",T17,,,,,,TRPHRON001
ON,2030,T_D_pkm_hdv_bic,2.369949157,bpkm,"Based on the findings from Sonia Yet et al. 2022, demand projections are indexed through projected national GDP growth (2019=100), using estimates from the Current Measures Scenario of the Canada's Energy Futures 2023. Initial demand is obtained from 2021 subsector activity, which was impacted by the COVID-19 pandemic.",T17,,,,,,TRPHRON001
ON,2035,T_D_pkm_hdv_bic,2.540687362,bpkm,"Based on the findings from Sonia Yet et al. 2022, demand projections are indexed through projected national GDP growth (2019=100), using estimates from the Current Measures Scenario of the Canada's Energy Futures 2023. Initial demand is obtained from 2021 subsector activity, which was impacted by the COVID-19 pandemic.",T17,,,,,,TRPHRON001
ON,2040,T_D_pkm_hdv_bic,2.708916145,bpkm,"Based on the findings from Sonia Yet et al. 2022, demand projections are indexed through projected national GDP growth (2019=100), using estimates from the Current Measures Scenario of the Canada's Energy Futures 2023. Initial demand is obtained from 2021 subsector activity, which was impacted by the COVID-19 pandemic.",T17,,,,,,TRPHRON001
ON,2045,T_D_pkm_hdv_bic,2.900696095,bpkm,"Based on the findings from Sonia Yet et al. 2022, demand projections are indexed through projected national GDP growth (2019=100), using estimates from the Current Measures Scenario of the Canada's Energy Futures 2023. Initial demand is obtained from 2021 subsector activity, which was impacted by the COVID-19 pandemic.",T17,,,,,,TRPHRON001
ON,2025,T_D_pkm_hdv_bs,11.780291522,bpkm,"Based on the findings from Sonia Yet et al. 2022, demand projections are indexed through projected national GDP growth (2019=100), using estimates from the Current Measures Scenario of the Canada's Energy Futures 2023. Initial demand is obtained from 2021 subsector activity, which was impacted by the COVID-19 pandemic.",T17,,,,,,TRPHRON001
ON,2030,T_D_pkm_hdv_bs,12.689262012,bpkm,"Based on the findings from Sonia Yet et al. 2022, demand projections are indexed through projected national GDP growth (2019=100), using estimates from the Current Measures Scenario of the Canada's Energy Futures 2023. Initial demand is obtained from 2021 subsector activity, which was impacted by the COVID-19 pandemic.",T17,,,,,,TRPHRON001
ON,2035,T_D_pkm_hdv_bs,13.603434294,bpkm,"Based on the findings from Sonia Yet et al. 2022, demand projections are indexed through projected national GDP growth (2019=100), using estimates from the Current Measures Scenario of the Canada's Energy Futures 2023. Initial demand is obtained from 2021 subsector activity, which was impacted by the COVID-19 pandemic.",T17,,,,,,TRPHRON001
ON,2040,T_D_pkm_hdv_bs,14.504170536,bpkm,"Based on the findings from Sonia Yet et al. 2022, demand projections are indexed through projected national GDP growth (2019=100), using estimates from the Current Measures Scenario of the Canada's Energy Futures 2023. Initial demand is obtained from 2021 subsector activity, which was impacted by the COVID-19 pandemic.",T17,,,,,,TRPHRON001
ON,2045,T_D_pkm_hdv_bs,15.531005237,bpkm,"Based on the findings from Sonia Yet et al. 2022, demand projections are indexed through projected national GDP growth (2019=100), using estimates from the Current Measures Scenario of the Canada's Energy Futures 2023. Initial demand is obtained from 2021 subsector activity, which was impacted by the COVID-19 pandemic.",T17,,,,,,TRPHRON001
ON,2025,T_D_pkm_hdv_bt,9.000896063,bpkm,"Based on the findings from Sonia Yet et al. 2022, demand projections are indexed through projected national GDP growth (2019=100), using estimates from the Current Measures Scenario of the Canada's Energy Futures 2023. Initial demand is obtained from 2021 subsector activity, which was impacted by the COVID-19 pandemic.",T17,,,,,,TRPHRON001
ON,2030,T_D_pkm_hdv_bt,9.695407645,bpkm,"Based on the findings from Sonia Yet et al. 2022, demand projections are indexed through projected national GDP growth (2019=100), using estimates from the Current Measures Scenario of the Canada's Energy Futures 2023. Initial demand is obtained from 2021 subsector activity, which was impacted by the COVID-19 pandemic.",T17,,,,,,TRPHRON001
ON,2035,T_D_pkm_hdv_bt,10.393893729,bpkm,"Based on the findings from Sonia Yet et al. 2022, demand projections are indexed through projected national GDP growth (2019=100), using estimates from the Current Measures Scenario of the Canada's Energy Futures 2023. Initial demand is obtained from 2021 subsector activity, which was impacted by the COVID-19 pandemic.",T17,,,,,,TRPHRON001
ON,2040,T_D_pkm_hdv_bt,11.08211382,bpkm,"Based on the findings from Sonia Yet et al. 2022, demand projections are indexed through projected national GDP growth (2019=100), using estimates from the Current Measures Scenario of the Canada's Energy Futures 2023. Initial demand is obtained from 2021 subsector activity, which was impacted by the COVID-19 pandemic.",T17,,,,,,TRPHRON001
ON,2045,T_D_pkm_hdv_bt,11.866681196,bpkm,"Based on the findings from Sonia Yet et al. 2022, demand projections are indexed through projected national GDP growth (2019=100), using estimates from the Current Measures Scenario of the Canada's Energy Futures 2023. Initial demand is obtained from 2021 subsector activity, which was impacted by the COVID-19 pandemic.",T17,,,,,,TRPHRON001
ON,2025,T_D_pkm_hdv_r,0.389117881,bpkm,"Based on the findings from Sonia Yet et al. 2022, demand projections are indexed through projected national GDP growth (2019=100), using estimates from the Current Measures Scenario of the Canada's Energy Futures 2023. Initial demand is obtained from 2021 subsector energy use divided by avg. energy intensity from 2015-2019 to estimate the provincial demand of this mode. This demand would also reflect the impact of COVID-19 on demands.",T17,,,,,,TRPHRON001
ON,2030,T_D_pkm_hdv_r,0.419142322,bpkm,"Based on the findings from Sonia Yet et al. 2022, demand projections are indexed through projected national GDP growth (2019=100), using estimates from the Current Measures Scenario of the Canada's Energy Futures 2023. Initial demand is obtained from 2021 subsector energy use divided by avg. energy intensity from 2015-2019 to estimate the provincial demand of this mode. This demand would also reflect the impact of COVID-19 on demands.",T17,,,,,,TRPHRON001
ON,2035,T_D_pkm_hdv_r,0.449338585,bpkm,"Based on the findings from Sonia Yet et al. 2022, demand projections are indexed through projected national GDP growth (2019=100), using estimates from the Current Measures Scenario of the Canada's Energy Futures 2023. Initial demand is obtained from 2021 subsector energy use divided by avg. energy intensity from 2015-2019 to estimate the provincial demand of this mode. This demand would also reflect the impact of COVID-19 on demands.",T17,,,,,,TRPHRON001
ON,2040,T_D_pkm_hdv_r,0.479091039,bpkm,"Based on the findings from Sonia Yet et al. 2022, demand projections are indexed through projected national GDP growth (2019=100), using estimates from the Current Measures Scenario of the Canada's Energy Futures 2023. Initial demand is obtained from 2021 subsector energy use divided by avg. energy intensity from 2015-2019 to estimate the provincial demand of this mode. This demand would also reflect the impact of COVID-19 on demands.",T17,,,,,,TRPHRON001
ON,2045,T_D_pkm_hdv_r,0.513008683,bpkm,"Based on the findings from Sonia Yet et al. 2022, demand projections are indexed through projected national GDP growth (2019=100), using estimates from the Current Measures Scenario of the Canada's Energy Futures 2023. Initial demand is obtained from 2021 subsector energy use divided by avg. energy intensity from 2015-2019 to estimate the provincial demand of this mode. This demand would also reflect the impact of COVID-19 on demands.",T17,,,,,,TRPHRON001
ON,2025,T_D_pkm_ldv_c,146.205584924,bpkm,"Based on the findings from Sonia Yet et al. 2022, demand projections are indexed through projected national GDP growth (2019=100), using estimates from the Current Measures Scenario of the Canada's Energy Futures 2023. Initial demand is obtained from 2021 subsector activity, which was impacted by the COVID-19 pandemic.",T17,,,,,,TRPHRON001
ON,2030,T_D_pkm_ldv_c,157.486847525,bpkm,"Based on the findings from Sonia Yet et al. 2022, demand projections are indexed through projected national GDP growth (2019=100), using estimates from the Current Measures Scenario of the Canada's Energy Futures 2023. Initial demand is obtained from 2021 subsector activity, which was impacted by the COVID-19 pandemic.",T17,,,,,,TRPHRON001
ON,2035,T_D_pkm_ldv_c,168.83266974,bpkm,"Based on the findings from Sonia Yet et al. 2022, demand projections are indexed through projected national GDP growth (2019=100), using estimates from the Current Measures Scenario of the Canada's Energy Futures 2023. Initial demand is obtained from 2021 subsector activity, which was impacted by the COVID-19 pandemic.",T17,,,,,,TRPHRON001
ON,2040,T_D_pkm_ldv_c,180.011736822,bpkm,"Based on the findings from Sonia Yet et al. 2022, demand projections are indexed through projected national GDP growth (2019=100), using estimates from the Current Measures Scenario of the Canada's Energy Futures 2023. Initial demand is obtained from 2021 subsector activity, which was impacted by the COVID-19 pandemic.",T17,,,,,,TRPHRON001
ON,2045,T_D_pkm_ldv_c,192.75581601,bpkm,"Based on the findings from Sonia Yet et al. 2022, demand projections are indexed through projected national GDP growth (2019=100), using estimates from the Current Measures Scenario of the Canada's Energy Futures 2023. Initial demand is obtained from 2021 subsector activity, which was impacted by the COVID-19 pandemic.",T17,,,,,,TRPHRON001
ON,2025,T_D_pkm_ldv_m,1.461576447,bpkm,"Based on the findings from Sonia Yet et al. 2022, demand projections are indexed through projected national GDP growth (2019=100), using estimates from the Current Measures Scenario of the Canada's Energy Futures 2023. Initial demand is obtained from 2021 subsector activity, which was impacted by the COVID-19 pandemic.",T17,,,,,,TRPHRON001
ON,2030,T_D_pkm_ldv_m,1.574352082,bpkm,"Based on the findings from Sonia Yet et al. 2022, demand projections are indexed through projected national GDP growth (2019=100), using estimates from the Current Measures Scenario of the Canada's Energy Futures 2023. Initial demand is obtained from 2021 subsector activity, which was impacted by the COVID-19 pandemic.",T17,,,,,,TRPHRON001
ON,2035,T_D_pkm_ldv_m,1.687773102,bpkm,"Based on the findings from Sonia Yet et al. 2022, demand projections are indexed through projected national GDP growth (2019=100), using estimates from the Current Measures Scenario of the Canada's Energy Futures 2023. Initial demand is obtained from 2021 subsector activity, which was impacted by the COVID-19 pandemic.",T17,,,,,,TRPHRON001
ON,2040,T_D_pkm_ldv_m,1.799527117,bpkm,"Based on the findings from Sonia Yet et al. 2022, demand projections are indexed through projected national GDP growth (2019=100), using estimates from the Current Measures Scenario of the Canada's Energy Futures 2023. Initial demand is obtained from 2021 subsector activity, which was impacted by the COVID-19 pandemic.",T17,,,,,,TRPHRON001
ON,2045,T_D_pkm_ldv_m,1.926926122,bpkm,"Based on the findings from Sonia Yet et al. 2022, demand projections are indexed through projected national GDP growth (2019=100), using estimates from the Current Measures Scenario of the Canada's Energy Futures 2023. Initial demand is obtained from 2021 subsector activity, which was impacted by the COVID-19 pandemic.",T17,,,,,,TRPHRON001
ON,2025,T_D_pkm_ldv_t,148.093136593,bpkm,"Based on the findings from Sonia Yet et al. 2022, demand projections are indexed through projected national GDP growth (2019=100), using estimates from the Current Measures Scenario of the Canada's Energy Futures 2023. Initial demand is obtained from 2021 subsector activity, which was impacted by the COVID-19 pandemic.",T17,,,,,,TRPHRON001
ON,2030,T_D_pkm_ldv_t,159.520043193,bpkm,"Based on the findings from Sonia Yet et al. 2022, demand projections are indexed through projected national GDP growth (2019=100), using estimates from the Current Measures Scenario of the Canada's Energy Futures 2023. Initial demand is obtained from 2021 subsector activity, which was impacted by the COVID-19 pandemic.",T17,,,,,,TRPHRON001
ON,2035,T_D_pkm_ldv_t,171.012342888,bpkm,"Based on the findings from Sonia Yet et al. 2022, demand projections are indexed through projected national GDP growth (2019=100), using estimates from the Current Measures Scenario of the Canada's Energy Futures 2023. Initial demand is obtained from 2021 subsector activity, which was impacted by the COVID-19 pandemic.",T17,,,,,,TRPHRON001
ON,2040,T_D_pkm_ldv_t,182.335734598,bpkm,"Based on the findings from Sonia Yet et al. 2022, demand projections are indexed through projected national GDP growth (2019=100), using estimates from the Current Measures Scenario of the Canada's Energy Futures 2023. Initial demand is obtained from 2021 subsector activity, which was impacted by the COVID-19 pandemic.",T17,,,,,,TRPHRON001
ON,2045,T_D_pkm_ldv_t,195.244343123,bpkm,"Based on the findings from Sonia Yet et al. 2022, demand projections are indexed through projected national GDP growth (2019=100), using estimates from the Current Measures Scenario of the Canada's Energy Futures 2023. Initial demand is obtained from 2021 subsector activity, which was impacted by the COVID-19 pandemic.",T17,,,,,,TRPHRON001
ON,2025,T_D_tkm_hdv_aj,1.153517865,btkm,"Based on the findings from Sonia Yet et al. 2022, demand projections are indexed through projected national GDP growth (2019=100), using estimates from the Current Measures Scenario of the Canada's Energy Futures 2023. Initial demand is obtained from 2021 subsector energy use divided by avg. energy intensity from 2015-2019 to estimate the provincial demand of this mode. This demand would also reflect the impact of COVID-19 on demands.",T17,,,,,,TRPHRON001
ON,2030,T_D_tkm_hdv_aj,1.242523617,btkm,"Based on the findings from Sonia Yet et al. 2022, demand projections are indexed through projected national GDP growth (2019=100), using estimates from the Current Measures Scenario of the Canada's Energy Futures 2023. Initial demand is obtained from 2021 subsector energy use divided by avg. energy intensity from 2015-2019 to estimate the provincial demand of this mode. This demand would also reflect the impact of COVID-19 on demands.",T17,,,,,,TRPHRON001
ON,2035,T_D_tkm_hdv_aj,1.332038724,btkm,"Based on the findings from Sonia Yet et al. 2022, demand projections are indexed through projected national GDP growth (2019=100), using estimates from the Current Measures Scenario of the Canada's Energy Futures 2023. Initial demand is obtained from 2021 subsector energy use divided by avg. energy intensity from 2015-2019 to estimate the provincial demand of this mode. This demand would also reflect the impact of COVID-19 on demands.",T17,,,,,,TRPHRON001
ON,2040,T_D_tkm_hdv_aj,1.420238184,btkm,"Based on the findings from Sonia Yet et al. 2022, demand projections are indexed through projected national GDP growth (2019=100), using estimates from the Current Measures Scenario of the Canada's Energy Futures 2023. Initial demand is obtained from 2021 subsector energy use divided by avg. energy intensity from 2015-2019 to estimate the provincial demand of this mode. This demand would also reflect the impact of COVID-19 on demands.",T17,,,,,,TRPHRON001
ON,2045,T_D_tkm_hdv_aj,1.520785116,btkm,"Based on the findings from Sonia Yet et al. 2022, demand projections are indexed through projected national GDP growth (2019=100), using estimates from the Current Measures Scenario of the Canada's Energy Futures 2023. Initial demand is obtained from 2021 subsector energy use divided by avg. energy intensity from 2015-2019 to estimate the provincial demand of this mode. This demand would also reflect the impact of COVID-19 on demands.",T17,,,,,,TRPHRON001
ON,2025,T_D_tkm_hdv_r,110.088546748,btkm,"Based on the findings from Sonia Yet et al. 2022, demand projections are indexed through projected national GDP growth (2019=100), using estimates from the Current Measures Scenario of the Canada's Energy Futures 2023. Initial demand is obtained from 2021 subsector energy use divided by avg. energy intensity from 2015-2019 to estimate the provincial demand of this mode. This demand would also reflect the impact of COVID-19 on demands.",T17,,,,,,TRPHRON001
ON,2030,T_D_tkm_hdv_r,118.583008884,btkm,"Based on the findings from Sonia Yet et al. 2022, demand projections are indexed through projected national GDP growth (2019=100), using estimates from the Current Measures Scenario of the Canada's Energy Futures 2023. Initial demand is obtained from 2021 subsector energy use divided by avg. energy intensity from 2015-2019 to estimate the provincial demand of this mode. This demand would also reflect the impact of COVID-19 on demands.",T17,,,,,,TRPHRON001
ON,2035,T_D_tkm_hdv_r,127.126082529,btkm,"Based on the findings from Sonia Yet et al. 2022, demand projections are indexed through projected national GDP growth (2019=100), using estimates from the Current Measures Scenario of the Canada's Energy Futures 2023. Initial demand is obtained from 2021 subsector energy use divided by avg. energy intensity from 2015-2019 to estimate the provincial demand of this mode. This demand would also reflect the impact of COVID-19 on demands.",T17,,,,,,TRPHRON001
ON,2040,T_D_tkm_hdv_r,135.543594416,btkm,"Based on the findings from Sonia Yet et al. 2022, demand projections are indexed through projected national GDP growth (2019=100), using estimates from the Current Measures Scenario of the Canada's Energy Futures 2023. Initial demand is obtained from 2021 subsector energy use divided by avg. energy intensity from 2015-2019 to estimate the provincial demand of this mode. This demand would also reflect the impact of COVID-19 on demands.",T17,,,,,,TRPHRON001
ON,2045,T_D_tkm_hdv_r,145.139514833,btkm,"Based on the findings from Sonia Yet et al. 2022, demand projections are indexed through projected national GDP growth (2019=100), using estimates from the Current Measures Scenario of the Canada's Energy Futures 2023. Initial demand is obtained from 2021 subsector energy use divided by avg. energy intensity from 2015-2019 to estimate the provincial demand of this mode. This demand would also reflect the impact of COVID-19 on demands.",T17,,,,,,TRPHRON001
ON,2025,T_D_tkm_hdv_t,110.047817504,btkm,"Based on the findings from Sonia Yet et al. 2022, demand projections are indexed through projected national GDP growth (2019=100), using estimates from the Current Measures Scenario of the Canada's Energy Futures 2023. Initial demand is obtained from 2021 subsector activity, which was impacted by the COVID-19 pandemic.",T17,,,,,,TRPHRON001
ON,2030,T_D_tkm_hdv_t,118.539136961,btkm,"Based on the findings from Sonia Yet et al. 2022, demand projections are indexed through projected national GDP growth (2019=100), using estimates from the Current Measures Scenario of the Canada's Energy Futures 2023. Initial demand is obtained from 2021 subsector activity, which was impacted by the COVID-19 pandemic.",T17,,,,,,TRPHRON001
ON,2035,T_D_tkm_hdv_t,127.079049941,btkm,"Based on the findings from Sonia Yet et al. 2022, demand projections are indexed through projected national GDP growth (2019=100), using estimates from the Current Measures Scenario of the Canada's Energy Futures 2023. Initial demand is obtained from 2021 subsector activity, which was impacted by the COVID-19 pandemic.",T17,,,,,,TRPHRON001
ON,2040,T_D_tkm_hdv_t,135.493447617,btkm,"Based on the findings from Sonia Yet et al. 2022, demand projections are indexed through projected national GDP growth (2019=100), using estimates from the Current Measures Scenario of the Canada's Energy Futures 2023. Initial demand is obtained from 2021 subsector activity, which was impacted by the COVID-19 pandemic.",T17,,,,,,TRPHRON001
ON,2045,T_D_tkm_hdv_t,145.085817851,btkm,"Based on the findings from Sonia Yet et al. 2022, demand projections are indexed through projected national GDP growth (2019=100), using estimates from the Current Measures Scenario of the Canada's Energy Futures 2023. Initial demand is obtained from 2021 subsector activity, which was impacted by the COVID-19 pandemic.",T17,,,,,,TRPHRON001
ON,2025,T_D_tkm_hdv_wt,64.071587007,btkm,"Based on the findings from Sonia Yet et al. 2022, demand projections are indexed through projected national GDP growth (2019=100), using estimates from the Current Measures Scenario of the Canada's Energy Futures 2023. Initial demand is obtained from 2021 subsector energy use divided by avg. energy intensity from 2015-2019 to estimate the provincial demand of this mode. This demand would also reflect the impact of COVID-19 on demands.",T17,,,,,,TRPHRON001
ON,2030,T_D_tkm_hdv_wt,69.015368044,btkm,"Based on the findings from Sonia Yet et al. 2022, demand projections are indexed through projected national GDP growth (2019=100), using estimates from the Current Measures Scenario of the Canada's Energy Futures 2023. Initial demand is obtained from 2021 subsector energy use divided by avg. energy intensity from 2015-2019 to estimate the provincial demand of this mode. This demand would also reflect the impact of COVID-19 on demands.",T17,,,,,,TRPHRON001
ON,2035,T_D_tkm_hdv_wt,73.987441003,btkm,"Based on the findings from Sonia Yet et al. 2022, demand projections are indexed through projected national GDP growth (2019=100), using estimates from the Current Measures Scenario of the Canada's Energy Futures 2023. Initial demand is obtained from 2021 subsector energy use divided by avg. energy intensity from 2015-2019 to estimate the provincial demand of this mode. This demand would also reflect the impact of COVID-19 on demands.",T17,,,,,,TRPHRON001
ON,2040,T_D_tkm_hdv_wt,78.886436958,btkm,"Based on the findings from Sonia Yet et al. 2022, demand projections are indexed through projected national GDP growth (2019=100), using estimates from the Current Measures Scenario of the Canada's Energy Futures 2023. Initial demand is obtained from 2021 subsector energy use divided by avg. energy intensity from 2015-2019 to estimate the provincial demand of this mode. This demand would also reflect the impact of COVID-19 on demands.",T17,,,,,,TRPHRON001
ON,2045,T_D_tkm_hdv_wt,84.471267243,btkm,"Based on the findings from Sonia Yet et al. 2022, demand projections are indexed through projected national GDP growth (2019=100), using estimates from the Current Measures Scenario of the Canada's Energy Futures 2023. Initial demand is obtained from 2021 subsector energy use divided by avg. energy intensity from 2015-2019 to estimate the provincial demand of this mode. This demand would also reflect the impact of COVID-19 on demands.",T17,,,,,,TRPHRON001
ON,2025,T_D_tkm_ldv_t,15.902986104,btkm,"Based on the findings from Sonia Yet et al. 2022, demand projections are indexed through projected national GDP growth (2019=100), using estimates from the Current Measures Scenario of the Canada's Energy Futures 2023. Initial demand is obtained from 2021 subsector activity, which was impacted by the COVID-19 pandemic.",T17,,,,,,TRPHRON001
ON,2030,T_D_tkm_ldv_t,17.130064827,btkm,"Based on the findings from Sonia Yet et al. 2022, demand projections are indexed through projected national GDP growth (2019=100), using estimates from the Current Measures Scenario of the Canada's Energy Futures 2023. Initial demand is obtained from 2021 subsector activity, which was impacted by the COVID-19 pandemic.",T17,,,,,,TRPHRON001
ON,2035,T_D_tkm_ldv_t,18.364165789,btkm,"Based on the findings from Sonia Yet et al. 2022, demand projections are indexed through projected national GDP growth (2019=100), using estimates from the Current Measures Scenario of the Canada's Energy Futures 2023. Initial demand is obtained from 2021 subsector activity, which was impacted by the COVID-19 pandemic.",T17,,,,,,TRPHRON001
ON,2040,T_D_tkm_ldv_t,19.580128562,btkm,"Based on the findings from Sonia Yet et al. 2022, demand projections are indexed through projected national GDP growth (2019=100), using estimates from the Current Measures Scenario of the Canada's Energy Futures 2023. Initial demand is obtained from 2021 subsector activity, which was impacted by the COVID-19 pandemic.",T17,,,,,,TRPHRON001
ON,2045,T_D_tkm_ldv_t,20.966319892,btkm,"Based on the findings from Sonia Yet et al. 2022, demand projections are indexed through projected national GDP growth (2019=100), using estimates from the Current Measures Scenario of the Canada's Energy Futures 2023. Initial demand is obtained from 2021 subsector activity, which was impacted by the COVID-19 pandemic.",T17,,,,,,TRPHRON001
ON,2025,T_D_tkm_mdv_t,13.143088209,btkm,"Based on the findings from Sonia Yet et al. 2022, demand projections are indexed through projected national GDP growth (2019=100), using estimates from the Current Measures Scenario of the Canada's Energy Futures 2023. Initial demand is obtained from 2021 subsector activity, which was impacted by the COVID-19 pandemic.",T17,,,,,,TRPHRON001
ON,2030,T_D_tkm_mdv_t,14.157212461,btkm,"Based on the findings from Sonia Yet et al. 2022, demand projections are indexed through projected national GDP growth (2019=100), using estimates from the Current Measures Scenario of the Canada's Energy Futures 2023. Initial demand is obtained from 2021 subsector activity, which was impacted by the COVID-19 pandemic.",T17,,,,,,TRPHRON001
ON,2035,T_D_tkm_mdv_t,15.177140272,btkm,"Based on the findings from Sonia Yet et al. 2022, demand projections are indexed through projected national GDP growth (2019=100), using estimates from the Current Measures Scenario of the Canada's Energy Futures 2023. Initial demand is obtained from 2021 subsector activity, which was impacted by the COVID-19 pandemic.",T17,,,,,,TRPHRON001
ON,2040,T_D_tkm_mdv_t,16.182077702,btkm,"Based on the findings from Sonia Yet et al. 2022, demand projections are indexed through projected national GDP growth (2019=100), using estimates from the Current Measures Scenario of the Canada's Energy Futures 2023. Initial demand is obtained from 2021 subsector activity, which was impacted by the COVID-19 pandemic.",T17,,,,,,TRPHRON001
ON,2045,T_D_tkm_mdv_t,17.327701223,btkm,"Based on the findings from Sonia Yet et al. 2022, demand projections are indexed through projected national GDP growth (2019=100), using estimates from the Current Measures Scenario of the Canada's Energy Futures 2023. Initial demand is obtained from 2021 subsector activity, which was impacted by the COVID-19 pandemic.",T17,,,,,,TRPHRON001
PEI,2025,T_D_pj_off,0.783254879463441,PJ,"Dummy technology, to pass off-road demand directly in PJ. Off-road vehicles are assumed to consume diesel only. Based on the findings from Sonia Yet et al. 2022, demand projections are indexed through projected national GDP growth (2019=100), using estimates from the Current Measures Scenario of the Canada's Energy Futures 2023. Initial demand is obtained from 2021 subsector energy use, which was impacted by the COVID-19 pandemic.",T17,,,,,,TRPHRPEI001
PEI,2030,T_D_pj_off,0.810678790210878,PJ,"Dummy technology, to pass off-road demand directly in PJ. Off-road vehicles are assumed to consume diesel only. Based on the findings from Sonia Yet et al. 2022, demand projections are indexed through projected national GDP growth (2019=100), using estimates from the Current Measures Scenario of the Canada's Energy Futures 2023. Initial demand is obtained from 2021 subsector energy use, which was impacted by the COVID-19 pandemic.",T17,,,,,,TRPHRPEI001
PEI,2035,T_D_pj_off,0.832281433905796,PJ,"Dummy technology, to pass off-road demand directly in PJ. Off-road vehicles are assumed to consume diesel only. Based on the findings from Sonia Yet et al. 2022, demand projections are indexed through projected national GDP growth (2019=100), using estimates from the Current Measures Scenario of the Canada's Energy Futures 2023. Initial demand is obtained from 2021 subsector energy use, which was impacted by the COVID-19 pandemic.",T17,,,,,,TRPHRPEI001
PEI,2040,T_D_pj_off,0.849605371837727,PJ,"Dummy technology, to pass off-road demand directly in PJ. Off-road vehicles are assumed to consume diesel only. Based on the findings from Sonia Yet et al. 2022, demand projections are indexed through projected national GDP growth (2019=100), using estimates from the Current Measures Scenario of the Canada's Energy Futures 2023. Initial demand is obtained from 2021 subsector energy use, which was impacted by the COVID-19 pandemic.",T17,,,,,,TRPHRPEI001
PEI,2045,T_D_pj_off,0.865559200756017,PJ,"Dummy technology, to pass off-road demand directly in PJ. Off-road vehicles are assumed to consume diesel only. Based on the findings from Sonia Yet et al. 2022, demand projections are indexed through projected national GDP growth (2019=100), using estimates from the Current Measures Scenario of the Canada's Energy Futures 2023. Initial demand is obtained from 2021 subsector energy use, which was impacted by the COVID-19 pandemic.",T17,,,,,,TRPHRPEI001
PEI,2025,T_D_pkm_hdv_aj,11.0693053888554,bpkm,"Based on the findings from Sonia Yet et al. 2022, demand projections are indexed through projected national GDP growth (2019=100), using estimates from the Current Measures Scenario of the Canada's Energy Futures 2023. Initial demand is obtained from 2021 subsector energy use divided by avg. energy intensity from 2015-2019 to estimate the provincial demand of this mode. This demand would also reflect the impact of COVID-19 on demands.",T17,,,,,,TRPHRPEI001
PEI,2030,T_D_pkm_hdv_aj,11.1133311660255,bpkm,"Based on the findings from Sonia Yet et al. 2022, demand projections are indexed through projected national GDP growth (2019=100), using estimates from the Current Measures Scenario of the Canada's Energy Futures 2023. Initial demand is obtained from 2021 subsector energy use divided by avg. energy intensity from 2015-2019 to estimate the provincial demand of this mode. This demand would also reflect the impact of COVID-19 on demands.",T17,,,,,,TRPHRPEI001
PEI,2035,T_D_pkm_hdv_aj,11.1480116018814,bpkm,"Based on the findings from Sonia Yet et al. 2022, demand projections are indexed through projected national GDP growth (2019=100), using estimates from the Current Measures Scenario of the Canada's Energy Futures 2023. Initial demand is obtained from 2021 subsector energy use divided by avg. energy intensity from 2015-2019 to estimate the provincial demand of this mode. This demand would also reflect the impact of COVID-19 on demands.",T17,,,,,,TRPHRPEI001
PEI,2040,T_D_pkm_hdv_aj,11.1758230923039,bpkm,"Based on the findings from Sonia Yet et al. 2022, demand projections are indexed through projected national GDP growth (2019=100), using estimates from the Current Measures Scenario of the Canada's Energy Futures 2023. Initial demand is obtained from 2021 subsector energy use divided by avg. energy intensity from 2015-2019 to estimate the provincial demand of this mode. This demand would also reflect the impact of COVID-19 on demands.",T17,,,,,,TRPHRPEI001
PEI,2045,T_D_pkm_hdv_aj,11.2014350381505,bpkm,"Based on the findings from Sonia Yet et al. 2022, demand projections are indexed through projected national GDP growth (2019=100), using estimates from the Current Measures Scenario of the Canada's Energy Futures 2023. Initial demand is obtained from 2021 subsector energy use divided by avg. energy intensity from 2015-2019 to estimate the provincial demand of this mode. This demand would also reflect the impact of COVID-19 on demands.",T17,,,,,,TRPHRPEI001
PEI,2025,T_D_pkm_hdv_bic,0.120453975800802,bpkm,"Based on the findings from Sonia Yet et al. 2022, demand projections are indexed through projected national GDP growth (2019=100), using estimates from the Current Measures Scenario of the Canada's Energy Futures 2023. Initial demand is obtained from 2021 subsector activity, which was impacted by the COVID-19 pandemic.",T17,,,,,,TRPHRPEI001
PEI,2030,T_D_pkm_hdv_bic,0.12147312552839,bpkm,"Based on the findings from Sonia Yet et al. 2022, demand projections are indexed through projected national GDP growth (2019=100), using estimates from the Current Measures Scenario of the Canada's Energy Futures 2023. Initial demand is obtained from 2021 subsector activity, which was impacted by the COVID-19 pandemic.",T17,,,,,,TRPHRPEI001
PEI,2035,T_D_pkm_hdv_bic,0.122275940584186,bpkm,"Based on the findings from Sonia Yet et al. 2022, demand projections are indexed through projected national GDP growth (2019=100), using estimates from the Current Measures Scenario of the Canada's Energy Futures 2023. Initial demand is obtained from 2021 subsector activity, which was impacted by the COVID-19 pandemic.",T17,,,,,,TRPHRPEI001
PEI,2040,T_D_pkm_hdv_bic,0.122919746888351,bpkm,"Based on the findings from Sonia Yet et al. 2022, demand projections are indexed through projected national GDP growth (2019=100), using estimates from the Current Measures Scenario of the Canada's Energy Futures 2023. Initial demand is obtained from 2021 subsector activity, which was impacted by the COVID-19 pandemic.",T17,,,,,,TRPHRPEI001
PEI,2045,T_D_pkm_hdv_bic,0.123512636084418,bpkm,"Based on the findings from Sonia Yet et al. 2022, demand projections are indexed through projected national GDP growth (2019=100), using estimates from the Current Measures Scenario of the Canada's Energy Futures 2023. Initial demand is obtained from 2021 subsector activity, which was impacted by the COVID-19 pandemic.",T17,,,,,,TRPHRPEI001
PEI,2025,T_D_pkm_hdv_bs,1.00255733358485,bpkm,"Based on the findings from Sonia Yet et al. 2022, demand projections are indexed through projected national GDP growth (2019=100), using estimates from the Current Measures Scenario of the Canada's Energy Futures 2023. Initial demand is obtained from 2021 subsector activity, which was impacted by the COVID-19 pandemic.",T17,,,,,,TRPHRPEI001
PEI,2030,T_D_pkm_hdv_bs,1.00812265830083,bpkm,"Based on the findings from Sonia Yet et al. 2022, demand projections are indexed through projected national GDP growth (2019=100), using estimates from the Current Measures Scenario of the Canada's Energy Futures 2023. Initial demand is obtained from 2021 subsector activity, which was impacted by the COVID-19 pandemic.",T17,,,,,,TRPHRPEI001
PEI,2035,T_D_pkm_hdv_bs,1.01250663285475,bpkm,"Based on the findings from Sonia Yet et al. 2022, demand projections are indexed through projected national GDP growth (2019=100), using estimates from the Current Measures Scenario of the Canada's Energy Futures 2023. Initial demand is obtained from 2021 subsector activity, which was impacted by the COVID-19 pandemic.",T17,,,,,,TRPHRPEI001
PEI,2040,T_D_pkm_hdv_bs,1.01602229992494,bpkm,"Based on the findings from Sonia Yet et al. 2022, demand projections are indexed through projected national GDP growth (2019=100), using estimates from the Current Measures Scenario of the Canada's Energy Futures 2023. Initial demand is obtained from 2021 subsector activity, which was impacted by the COVID-19 pandemic.",T17,,,,,,TRPHRPEI001
PEI,2045,T_D_pkm_hdv_bs,1.01925992125514,bpkm,"Based on the findings from Sonia Yet et al. 2022, demand projections are indexed through projected national GDP growth (2019=100), using estimates from the Current Measures Scenario of the Canada's Energy Futures 2023. Initial demand is obtained from 2021 subsector activity, which was impacted by the COVID-19 pandemic.",T17,,,,,,TRPHRPEI001
PEI,2025,T_D_pkm_hdv_bt,0.498263088463172,bpkm,"Based on the findings from Sonia Yet et al. 2022, demand projections are indexed through projected national GDP growth (2019=100), using estimates from the Current Measures Scenario of the Canada's Energy Futures 2023. Initial demand is obtained from 2021 subsector activity, which was impacted by the COVID-19 pandemic.",T17,,,,,,TRPHRPEI001
PEI,2030,T_D_pkm_hdv_bt,0.502665142740602,bpkm,"Based on the findings from Sonia Yet et al. 2022, demand projections are indexed through projected national GDP growth (2019=100), using estimates from the Current Measures Scenario of the Canada's Energy Futures 2023. Initial demand is obtained from 2021 subsector activity, which was impacted by the COVID-19 pandemic.",T17,,,,,,TRPHRPEI001
PEI,2035,T_D_pkm_hdv_bt,0.506132773997019,bpkm,"Based on the findings from Sonia Yet et al. 2022, demand projections are indexed through projected national GDP growth (2019=100), using estimates from the Current Measures Scenario of the Canada's Energy Futures 2023. Initial demand is obtained from 2021 subsector activity, which was impacted by the COVID-19 pandemic.",T17,,,,,,TRPHRPEI001
PEI,2040,T_D_pkm_hdv_bt,0.508913592377648,bpkm,"Based on the findings from Sonia Yet et al. 2022, demand projections are indexed through projected national GDP growth (2019=100), using estimates from the Current Measures Scenario of the Canada's Energy Futures 2023. Initial demand is obtained from 2021 subsector activity, which was impacted by the COVID-19 pandemic.",T17,,,,,,TRPHRPEI001
PEI,2045,T_D_pkm_hdv_bt,0.511474482451931,bpkm,"Based on the findings from Sonia Yet et al. 2022, demand projections are indexed through projected national GDP growth (2019=100), using estimates from the Current Measures Scenario of the Canada's Energy Futures 2023. Initial demand is obtained from 2021 subsector activity, which was impacted by the COVID-19 pandemic.",T17,,,,,,TRPHRPEI001
PEI,2025,T_D_pkm_hdv_r,0.261122657201656,bpkm,"Based on the findings from Sonia Yet et al. 2022, demand projections are indexed through projected national GDP growth (2019=100), using estimates from the Current Measures Scenario of the Canada's Energy Futures 2023. Initial demand is obtained from 2021 subsector energy use divided by avg. energy intensity from 2015-2019 to estimate the provincial demand of this mode. This demand would also reflect the impact of COVID-19 on demands.",T17,,,,,,TRPHRPEI001
PEI,2030,T_D_pkm_hdv_r,0.261144257152964,bpkm,"Based on the findings from Sonia Yet et al. 2022, demand projections are indexed through projected national GDP growth (2019=100), using estimates from the Current Measures Scenario of the Canada's Energy Futures 2023. Initial demand is obtained from 2021 subsector energy use divided by avg. energy intensity from 2015-2019 to estimate the provincial demand of this mode. This demand would also reflect the impact of COVID-19 on demands.",T17,,,,,,TRPHRPEI001
PEI,2035,T_D_pkm_hdv_r,0.261161272087712,bpkm,"Based on the findings from Sonia Yet et al. 2022, demand projections are indexed through projected national GDP growth (2019=100), using estimates from the Current Measures Scenario of the Canada's Energy Futures 2023. Initial demand is obtained from 2021 subsector energy use divided by avg. energy intensity from 2015-2019 to estimate the provincial demand of this mode. This demand would also reflect the impact of COVID-19 on demands.",T17,,,,,,TRPHRPEI001
PEI,2040,T_D_pkm_hdv_r,0.261174916976628,bpkm,"Based on the findings from Sonia Yet et al. 2022, demand projections are indexed through projected national GDP growth (2019=100), using estimates from the Current Measures Scenario of the Canada's Energy Futures 2023. Initial demand is obtained from 2021 subsector energy use divided by avg. energy intensity from 2015-2019 to estimate the provincial demand of this mode. This demand would also reflect the impact of COVID-19 on demands.",T17,,,,,,TRPHRPEI001
PEI,2045,T_D_pkm_hdv_r,0.261187482723759,bpkm,"Based on the findings from Sonia Yet et al. 2022, demand projections are indexed through projected national GDP growth (2019=100), using estimates from the Current Measures Scenario of the Canada's Energy Futures 2023. Initial demand is obtained from 2021 subsector energy use divided by avg. energy intensity from 2015-2019 to estimate the provincial demand of this mode. This demand would also reflect the impact of COVID-19 on demands.",T17,,,,,,TRPHRPEI001
PEI,2025,T_D_pkm_ldv_c,16.0,bpkm,"Based on the findings from Sonia Yet et al. 2022, demand projections are indexed through projected national GDP growth (2019=100), using estimates from the Current Measures Scenario of the Canada's Energy Futures 2023. Initial demand is obtained from 2021 subsector activity, which was impacted by the COVID-19 pandemic.",T17,,,,,,TRPHRPEI001
PEI,2030,T_D_pkm_ldv_c,20.0,bpkm,"Based on the findings from Sonia Yet et al. 2022, demand projections are indexed through projected national GDP growth (2019=100), using estimates from the Current Measures Scenario of the Canada's Energy Futures 2023. Initial demand is obtained from 2021 subsector activity, which was impacted by the COVID-19 pandemic.",T17,,,,,,TRPHRPEI001
PEI,2035,T_D_pkm_ldv_c,20.0,bpkm,"Based on the findings from Sonia Yet et al. 2022, demand projections are indexed through projected national GDP growth (2019=100), using estimates from the Current Measures Scenario of the Canada's Energy Futures 2023. Initial demand is obtained from 2021 subsector activity, which was impacted by the COVID-19 pandemic.",T17,,,,,,TRPHRPEI001
PEI,2040,T_D_pkm_ldv_c,20.0,bpkm,"Based on the findings from Sonia Yet et al. 2022, demand projections are indexed through projected national GDP growth (2019=100), using estimates from the Current Measures Scenario of the Canada's Energy Futures 2023. Initial demand is obtained from 2021 subsector activity, which was impacted by the COVID-19 pandemic.",T17,,,,,,TRPHRPEI001
PEI,2045,T_D_pkm_ldv_c,20.0,bpkm,"Based on the findings from Sonia Yet et al. 2022, demand projections are indexed through projected national GDP growth (2019=100), using estimates from the Current Measures Scenario of the Canada's Energy Futures 2023. Initial demand is obtained from 2021 subsector activity, which was impacted by the COVID-19 pandemic.",T17,,,,,,TRPHRPEI001
PEI,2025,T_D_pkm_ldv_m,0.0817676409140218,bpkm,"Based on the findings from Sonia Yet et al. 2022, demand projections are indexed through projected national GDP growth (2019=100), using estimates from the Current Measures Scenario of the Canada's Energy Futures 2023. Initial demand is obtained from 2021 subsector activity, which was impacted by the COVID-19 pandemic.",T17,,,,,,TRPHRPEI001
PEI,2030,T_D_pkm_ldv_m,0.0825242658288241,bpkm,"Based on the findings from Sonia Yet et al. 2022, demand projections are indexed through projected national GDP growth (2019=100), using estimates from the Current Measures Scenario of the Canada's Energy Futures 2023. Initial demand is obtained from 2021 subsector activity, which was impacted by the COVID-19 pandemic.",T17,,,,,,TRPHRPEI001
PEI,2035,T_D_pkm_ldv_m,0.0831202821517951,bpkm,"Based on the findings from Sonia Yet et al. 2022, demand projections are indexed through projected national GDP growth (2019=100), using estimates from the Current Measures Scenario of the Canada's Energy Futures 2023. Initial demand is obtained from 2021 subsector activity, which was impacted by the COVID-19 pandemic.",T17,,,,,,TRPHRPEI001
PEI,2040,T_D_pkm_ldv_m,0.0835982491048859,bpkm,"Based on the findings from Sonia Yet et al. 2022, demand projections are indexed through projected national GDP growth (2019=100), using estimates from the Current Measures Scenario of the Canada's Energy Futures 2023. Initial demand is obtained from 2021 subsector activity, which was impacted by the COVID-19 pandemic.",T17,,,,,,TRPHRPEI001
PEI,2045,T_D_pkm_ldv_m,0.0840384147893953,bpkm,"Based on the findings from Sonia Yet et al. 2022, demand projections are indexed through projected national GDP growth (2019=100), using estimates from the Current Measures Scenario of the Canada's Energy Futures 2023. Initial demand is obtained from 2021 subsector activity, which was impacted by the COVID-19 pandemic.",T17,,,,,,TRPHRPEI001
PEI,2025,T_D_pkm_ldv_t,16.0,bpkm,"Based on the findings from Sonia Yet et al. 2022, demand projections are indexed through projected national GDP growth (2019=100), using estimates from the Current Measures Scenario of the Canada's Energy Futures 2023. Initial demand is obtained from 2021 subsector activity, which was impacted by the COVID-19 pandemic.",T17,,,,,,TRPHRPEI001
PEI,2030,T_D_pkm_ldv_t,20.0,bpkm,"Based on the findings from Sonia Yet et al. 2022, demand projections are indexed through projected national GDP growth (2019=100), using estimates from the Current Measures Scenario of the Canada's Energy Futures 2023. Initial demand is obtained from 2021 subsector activity, which was impacted by the COVID-19 pandemic.",T17,,,,,,TRPHRPEI001
PEI,2035,T_D_pkm_ldv_t,20.0,bpkm,"Based on the findings from Sonia Yet et al. 2022, demand projections are indexed through projected national GDP growth (2019=100), using estimates from the Current Measures Scenario of the Canada's Energy Futures 2023. Initial demand is obtained from 2021 subsector activity, which was impacted by the COVID-19 pandemic.",T17,,,,,,TRPHRPEI001
PEI,2040,T_D_pkm_ldv_t,20.0,bpkm,"Based on the findings from Sonia Yet et al. 2022, demand projections are indexed through projected national GDP growth (2019=100), using estimates from the Current Measures Scenario of the Canada's Energy Futures 2023. Initial demand is obtained from 2021 subsector activity, which was impacted by the COVID-19 pandemic.",T17,,,,,,TRPHRPEI001
PEI,2045,T_D_pkm_ldv_t,20.0,bpkm,"Based on the findings from Sonia Yet et al. 2022, demand projections are indexed through projected national GDP growth (2019=100), using estimates from the Current Measures Scenario of the Canada's Energy Futures 2023. Initial demand is obtained from 2021 subsector activity, which was impacted by the COVID-19 pandemic.",T17,,,,,,TRPHRPEI001
PEI,2025,T_D_tkm_hdv_aj,0.131489481250215,btkm,"Based on the findings from Sonia Yet et al. 2022, demand projections are indexed through projected national GDP growth (2019=100), using estimates from the Current Measures Scenario of the Canada's Energy Futures 2023. Initial demand is obtained from 2021 subsector energy use divided by avg. energy intensity from 2015-2019 to estimate the provincial demand of this mode. This demand would also reflect the impact of COVID-19 on demands.",T17,,,,,,TRPHRPEI001
PEI,2030,T_D_tkm_hdv_aj,0.132093961508392,btkm,"Based on the findings from Sonia Yet et al. 2022, demand projections are indexed through projected national GDP growth (2019=100), using estimates from the Current Measures Scenario of the Canada's Energy Futures 2023. Initial demand is obtained from 2021 subsector energy use divided by avg. energy intensity from 2015-2019 to estimate the provincial demand of this mode. This demand would also reflect the impact of COVID-19 on demands.",T17,,,,,,TRPHRPEI001
PEI,2035,T_D_tkm_hdv_aj,0.132570128885038,btkm,"Based on the findings from Sonia Yet et al. 2022, demand projections are indexed through projected national GDP growth (2019=100), using estimates from the Current Measures Scenario of the Canada's Energy Futures 2023. Initial demand is obtained from 2021 subsector energy use divided by avg. energy intensity from 2015-2019 to estimate the provincial demand of this mode. This demand would also reflect the impact of COVID-19 on demands.",T17,,,,,,TRPHRPEI001
PEI,2040,T_D_tkm_hdv_aj,0.13295198465208,btkm,"Based on the findings from Sonia Yet et al. 2022, demand projections are indexed through projected national GDP growth (2019=100), using estimates from the Current Measures Scenario of the Canada's Energy Futures 2023. Initial demand is obtained from 2021 subsector energy use divided by avg. energy intensity from 2015-2019 to estimate the provincial demand of this mode. This demand would also reflect the impact of COVID-19 on demands.",T17,,,,,,TRPHRPEI001
PEI,2045,T_D_tkm_hdv_aj,0.133303640355464,btkm,"Based on the findings from Sonia Yet et al. 2022, demand projections are indexed through projected national GDP growth (2019=100), using estimates from the Current Measures Scenario of the Canada's Energy Futures 2023. Initial demand is obtained from 2021 subsector energy use divided by avg. energy intensity from 2015-2019 to estimate the provincial demand of this mode. This demand would also reflect the impact of COVID-19 on demands.",T17,,,,,,TRPHRPEI001
PEI,2025,T_D_tkm_hdv_r,73.8762494545306,btkm,"Based on the findings from Sonia Yet et al. 2022, demand projections are indexed through projected national GDP growth (2019=100), using estimates from the Current Measures Scenario of the Canada's Energy Futures 2023. Initial demand is obtained from 2021 subsector energy use divided by avg. energy intensity from 2015-2019 to estimate the provincial demand of this mode. This demand would also reflect the impact of COVID-19 on demands.",T17,,,,,,TRPHRPEI001
PEI,2030,T_D_tkm_hdv_r,73.8823605204814,btkm,"Based on the findings from Sonia Yet et al. 2022, demand projections are indexed through projected national GDP growth (2019=100), using estimates from the Current Measures Scenario of the Canada's Energy Futures 2023. Initial demand is obtained from 2021 subsector energy use divided by avg. energy intensity from 2015-2019 to estimate the provincial demand of this mode. This demand would also reflect the impact of COVID-19 on demands.",T17,,,,,,TRPHRPEI001
PEI,2035,T_D_tkm_hdv_r,73.8871743919072,btkm,"Based on the findings from Sonia Yet et al. 2022, demand projections are indexed through projected national GDP growth (2019=100), using estimates from the Current Measures Scenario of the Canada's Energy Futures 2023. Initial demand is obtained from 2021 subsector energy use divided by avg. energy intensity from 2015-2019 to estimate the provincial demand of this mode. This demand would also reflect the impact of COVID-19 on demands.",T17,,,,,,TRPHRPEI001
PEI,2040,T_D_tkm_hdv_r,73.8910348087604,btkm,"Based on the findings from Sonia Yet et al. 2022, demand projections are indexed through projected national GDP growth (2019=100), using estimates from the Current Measures Scenario of the Canada's Energy Futures 2023. Initial demand is obtained from 2021 subsector energy use divided by avg. energy intensity from 2015-2019 to estimate the provincial demand of this mode. This demand would also reflect the impact of COVID-19 on demands.",T17,,,,,,TRPHRPEI001
PEI,2045,T_D_tkm_hdv_r,73.8945899144338,btkm,"Based on the findings from Sonia Yet et al. 2022, demand projections are indexed through projected national GDP growth (2019=100), using estimates from the Current Measures Scenario of the Canada's Energy Futures 2023. Initial demand is obtained from 2021 subsector energy use divided by avg. energy intensity from 2015-2019 to estimate the provincial demand of this mode. This demand would also reflect the impact of COVID-19 on demands.",T17,,,,,,TRPHRPEI001
PEI,2025,T_D_tkm_hdv_t,15.2374228046197,btkm,"Based on the findings from Sonia Yet et al. 2022, demand projections are indexed through projected national GDP growth (2019=100), using estimates from the Current Measures Scenario of the Canada's Energy Futures 2023. Initial demand is obtained from 2021 subsector activity, which was impacted by the COVID-19 pandemic.",T17,,,,,,TRPHRPEI001
PEI,2030,T_D_tkm_hdv_t,15.2837143308044,btkm,"Based on the findings from Sonia Yet et al. 2022, demand projections are indexed through projected national GDP growth (2019=100), using estimates from the Current Measures Scenario of the Canada's Energy Futures 2023. Initial demand is obtained from 2021 subsector activity, which was impacted by the COVID-19 pandemic.",T17,,,,,,TRPHRPEI001
PEI,2035,T_D_tkm_hdv_t,15.3201795656671,btkm,"Based on the findings from Sonia Yet et al. 2022, demand projections are indexed through projected national GDP growth (2019=100), using estimates from the Current Measures Scenario of the Canada's Energy Futures 2023. Initial demand is obtained from 2021 subsector activity, which was impacted by the COVID-19 pandemic.",T17,,,,,,TRPHRPEI001
PEI,2040,T_D_tkm_hdv_t,15.3494223506872,btkm,"Based on the findings from Sonia Yet et al. 2022, demand projections are indexed through projected national GDP growth (2019=100), using estimates from the Current Measures Scenario of the Canada's Energy Futures 2023. Initial demand is obtained from 2021 subsector activity, which was impacted by the COVID-19 pandemic.",T17,,,,,,TRPHRPEI001
PEI,2045,T_D_tkm_hdv_t,15.3763523934487,btkm,"Based on the findings from Sonia Yet et al. 2022, demand projections are indexed through projected national GDP growth (2019=100), using estimates from the Current Measures Scenario of the Canada's Energy Futures 2023. Initial demand is obtained from 2021 subsector activity, which was impacted by the COVID-19 pandemic.",T17,,,,,,TRPHRPEI001
PEI,2025,T_D_tkm_hdv_wt,107.378057384411,btkm,"Based on the findings from Sonia Yet et al. 2022, demand projections are indexed through projected national GDP growth (2019=100), using estimates from the Current Measures Scenario of the Canada's Energy Futures 2023. Initial demand is obtained from 2021 subsector energy use divided by avg. energy intensity from 2015-2019 to estimate the provincial demand of this mode. This demand would also reflect the impact of COVID-19 on demands.",T17,,,,,,TRPHRPEI001
PEI,2030,T_D_tkm_hdv_wt,107.347453529818,btkm,"Based on the findings from Sonia Yet et al. 2022, demand projections are indexed through projected national GDP growth (2019=100), using estimates from the Current Measures Scenario of the Canada's Energy Futures 2023. Initial demand is obtained from 2021 subsector energy use divided by avg. energy intensity from 2015-2019 to estimate the provincial demand of this mode. This demand would also reflect the impact of COVID-19 on demands.",T17,,,,,,TRPHRPEI001
PEI,2035,T_D_tkm_hdv_wt,107.323345948206,btkm,"Based on the findings from Sonia Yet et al. 2022, demand projections are indexed through projected national GDP growth (2019=100), using estimates from the Current Measures Scenario of the Canada's Energy Futures 2023. Initial demand is obtained from 2021 subsector energy use divided by avg. energy intensity from 2015-2019 to estimate the provincial demand of this mode. This demand would also reflect the impact of COVID-19 on demands.",T17,,,,,,TRPHRPEI001
PEI,2040,T_D_tkm_hdv_wt,107.30401321035,btkm,"Based on the findings from Sonia Yet et al. 2022, demand projections are indexed through projected national GDP growth (2019=100), using estimates from the Current Measures Scenario of the Canada's Energy Futures 2023. Initial demand is obtained from 2021 subsector energy use divided by avg. energy intensity from 2015-2019 to estimate the provincial demand of this mode. This demand would also reflect the impact of COVID-19 on demands.",T17,,,,,,TRPHRPEI001
PEI,2045,T_D_tkm_hdv_wt,107.286209452713,btkm,"Based on the findings from Sonia Yet et al. 2022, demand projections are indexed through projected national GDP growth (2019=100), using estimates from the Current Measures Scenario of the Canada's Energy Futures 2023. Initial demand is obtained from 2021 subsector energy use divided by avg. energy intensity from 2015-2019 to estimate the provincial demand of this mode. This demand would also reflect the impact of COVID-19 on demands.",T17,,,,,,TRPHRPEI001
PEI,2025,T_D_tkm_ldv_t,1.08124835380983,btkm,"Based on the findings from Sonia Yet et al. 2022, demand projections are indexed through projected national GDP growth (2019=100), using estimates from the Current Measures Scenario of the Canada's Energy Futures 2023. Initial demand is obtained from 2021 subsector activity, which was impacted by the COVID-19 pandemic.",T17,,,,,,TRPHRPEI001
PEI,2030,T_D_tkm_ldv_t,1.08832330842734,btkm,"Based on the findings from Sonia Yet et al. 2022, demand projections are indexed through projected national GDP growth (2019=100), using estimates from the Current Measures Scenario of the Canada's Energy Futures 2023. Initial demand is obtained from 2021 subsector activity, which was impacted by the COVID-19 pandemic.",T17,,,,,,TRPHRPEI001
PEI,2035,T_D_tkm_ldv_t,1.09389646410041,btkm,"Based on the findings from Sonia Yet et al. 2022, demand projections are indexed through projected national GDP growth (2019=100), using estimates from the Current Measures Scenario of the Canada's Energy Futures 2023. Initial demand is obtained from 2021 subsector activity, which was impacted by the COVID-19 pandemic.",T17,,,,,,TRPHRPEI001
PEI,2040,T_D_tkm_ldv_t,1.09836577833476,btkm,"Based on the findings from Sonia Yet et al. 2022, demand projections are indexed through projected national GDP growth (2019=100), using estimates from the Current Measures Scenario of the Canada's Energy Futures 2023. Initial demand is obtained from 2021 subsector activity, which was impacted by the COVID-19 pandemic.",T17,,,,,,TRPHRPEI001
PEI,2045,T_D_tkm_ldv_t,1.10248162514494,btkm,"Based on the findings from Sonia Yet et al. 2022, demand projections are indexed through projected national GDP growth (2019=100), using estimates from the Current Measures Scenario of the Canada's Energy Futures 2023. Initial demand is obtained from 2021 subsector activity, which was impacted by the COVID-19 pandemic.",T17,,,,,,TRPHRPEI001
PEI,2025,T_D_tkm_mdv_t,5.48889861680722,btkm,"Based on the findings from Sonia Yet et al. 2022, demand projections are indexed through projected national GDP growth (2019=100), using estimates from the Current Measures Scenario of the Canada's Energy Futures 2023. Initial demand is obtained from 2021 subsector activity, which was impacted by the COVID-19 pandemic.",T17,,,,,,TRPHRPEI001
PEI,2030,T_D_tkm_mdv_t,5.49319413769287,btkm,"Based on the findings from Sonia Yet et al. 2022, demand projections are indexed through projected national GDP growth (2019=100), using estimates from the Current Measures Scenario of the Canada's Energy Futures 2023. Initial demand is obtained from 2021 subsector activity, which was impacted by the COVID-19 pandemic.",T17,,,,,,TRPHRPEI001
PEI,2035,T_D_tkm_mdv_t,5.4965778493754,btkm,"Based on the findings from Sonia Yet et al. 2022, demand projections are indexed through projected national GDP growth (2019=100), using estimates from the Current Measures Scenario of the Canada's Energy Futures 2023. Initial demand is obtained from 2021 subsector activity, which was impacted by the COVID-19 pandemic.",T17,,,,,,TRPHRPEI001
PEI,2040,T_D_tkm_mdv_t,5.49929136962762,btkm,"Based on the findings from Sonia Yet et al. 2022, demand projections are indexed through projected national GDP growth (2019=100), using estimates from the Current Measures Scenario of the Canada's Energy Futures 2023. Initial demand is obtained from 2021 subsector activity, which was impacted by the COVID-19 pandemic.",T17,,,,,,TRPHRPEI001
PEI,2045,T_D_tkm_mdv_t,5.50179028402227,btkm,"Based on the findings from Sonia Yet et al. 2022, demand projections are indexed through projected national GDP growth (2019=100), using estimates from the Current Measures Scenario of the Canada's Energy Futures 2023. Initial demand is obtained from 2021 subsector activity, which was impacted by the COVID-19 pandemic.",T17,,,,,,TRPHRPEI001
QC,2025,T_D_pj_off,30.869317187,PJ,"Dummy technology, to pass off-road demand directly in PJ. Off-road vehicles are assumed to consume diesel only. Based on the findings from Sonia Yet et al. 2022, demand projections are indexed through projected national GDP growth (2019=100), using estimates from the Current Measures Scenario of the Canada's Energy Futures 2023. Initial demand is obtained from 2021 subsector energy use, which was impacted by the COVID-19 pandemic.",T17,,,,,,TRPHRQC001
QC,2030,T_D_pj_off,33.251202076,PJ,"Dummy technology, to pass off-road demand directly in PJ. Off-road vehicles are assumed to consume diesel only. Based on the findings from Sonia Yet et al. 2022, demand projections are indexed through projected national GDP growth (2019=100), using estimates from the Current Measures Scenario of the Canada's Energy Futures 2023. Initial demand is obtained from 2021 subsector energy use, which was impacted by the COVID-19 pandemic.",T17,,,,,,TRPHRQC001
QC,2035,T_D_pj_off,35.646717849,PJ,"Dummy technology, to pass off-road demand directly in PJ. Off-road vehicles are assumed to consume diesel only. Based on the findings from Sonia Yet et al. 2022, demand projections are indexed through projected national GDP growth (2019=100), using estimates from the Current Measures Scenario of the Canada's Energy Futures 2023. Initial demand is obtained from 2021 subsector energy use, which was impacted by the COVID-19 pandemic.",T17,,,,,,TRPHRQC001
QC,2040,T_D_pj_off,38.007025547,PJ,"Dummy technology, to pass off-road demand directly in PJ. Off-road vehicles are assumed to consume diesel only. Based on the findings from Sonia Yet et al. 2022, demand projections are indexed through projected national GDP growth (2019=100), using estimates from the Current Measures Scenario of the Canada's Energy Futures 2023. Initial demand is obtained from 2021 subsector energy use, which was impacted by the COVID-19 pandemic.",T17,,,,,,TRPHRQC001
QC,2045,T_D_pj_off,40.697764227,PJ,"Dummy technology, to pass off-road demand directly in PJ. Off-road vehicles are assumed to consume diesel only. Based on the findings from Sonia Yet et al. 2022, demand projections are indexed through projected national GDP growth (2019=100), using estimates from the Current Measures Scenario of the Canada's Energy Futures 2023. Initial demand is obtained from 2021 subsector energy use, which was impacted by the COVID-19 pandemic.",T17,,,,,,TRPHRQC001
QC,2025,T_D_pkm_hdv_aj,76.96903667,bpkm,"Based on the findings from Sonia Yet et al. 2022, demand projections are indexed through projected national GDP growth (2019=100), using estimates from the Current Measures Scenario of the Canada's Energy Futures 2023. Initial demand is obtained from 2021 subsector energy use divided by avg. energy intensity from 2015-2019 to estimate the provincial demand of this mode. This demand would also reflect the impact of COVID-19 on demands.",T17,,,,,,TRPHRQC001
QC,2030,T_D_pkm_hdv_aj,82.907988423,bpkm,"Based on the findings from Sonia Yet et al. 2022, demand projections are indexed through projected national GDP growth (2019=100), using estimates from the Current Measures Scenario of the Canada's Energy Futures 2023. Initial demand is obtained from 2021 subsector energy use divided by avg. energy intensity from 2015-2019 to estimate the provincial demand of this mode. This demand would also reflect the impact of COVID-19 on demands.",T17,,,,,,TRPHRQC001
QC,2035,T_D_pkm_hdv_aj,88.88092719,bpkm,"Based on the findings from Sonia Yet et al. 2022, demand projections are indexed through projected national GDP growth (2019=100), using estimates from the Current Measures Scenario of the Canada's Energy Futures 2023. Initial demand is obtained from 2021 subsector energy use divided by avg. energy intensity from 2015-2019 to estimate the provincial demand of this mode. This demand would also reflect the impact of COVID-19 on demands.",T17,,,,,,TRPHRQC001
QC,2040,T_D_pkm_hdv_aj,94.766078736,bpkm,"Based on the findings from Sonia Yet et al. 2022, demand projections are indexed through projected national GDP growth (2019=100), using estimates from the Current Measures Scenario of the Canada's Energy Futures 2023. Initial demand is obtained from 2021 subsector energy use divided by avg. energy intensity from 2015-2019 to estimate the provincial demand of this mode. This demand would also reflect the impact of COVID-19 on demands.",T17,,,,,,TRPHRQC001
QC,2045,T_D_pkm_hdv_aj,101.475121341,bpkm,"Based on the findings from Sonia Yet et al. 2022, demand projections are indexed through projected national GDP growth (2019=100), using estimates from the Current Measures Scenario of the Canada's Energy Futures 2023. Initial demand is obtained from 2021 subsector energy use divided by avg. energy intensity from 2015-2019 to estimate the provincial demand of this mode. This demand would also reflect the impact of COVID-19 on demands.",T17,,,,,,TRPHRQC001
QC,2025,T_D_pkm_hdv_bic,1.167050526,bpkm,"Based on the findings from Sonia Yet et al. 2022, demand projections are indexed through projected national GDP growth (2019=100), using estimates from the Current Measures Scenario of the Canada's Energy Futures 2023. Initial demand is obtained from 2021 subsector activity, which was impacted by the COVID-19 pandemic.",T17,,,,,,TRPHRQC001
QC,2030,T_D_pkm_hdv_bic,1.257100461,bpkm,"Based on the findings from Sonia Yet et al. 2022, demand projections are indexed through projected national GDP growth (2019=100), using estimates from the Current Measures Scenario of the Canada's Energy Futures 2023. Initial demand is obtained from 2021 subsector activity, which was impacted by the COVID-19 pandemic.",T17,,,,,,TRPHRQC001
QC,2035,T_D_pkm_hdv_bic,1.347665728,bpkm,"Based on the findings from Sonia Yet et al. 2022, demand projections are indexed through projected national GDP growth (2019=100), using estimates from the Current Measures Scenario of the Canada's Energy Futures 2023. Initial demand is obtained from 2021 subsector activity, which was impacted by the COVID-19 pandemic.",T17,,,,,,TRPHRQC001
QC,2040,T_D_pkm_hdv_bic,1.436899912,bpkm,"Based on the findings from Sonia Yet et al. 2022, demand projections are indexed through projected national GDP growth (2019=100), using estimates from the Current Measures Scenario of the Canada's Energy Futures 2023. Initial demand is obtained from 2021 subsector activity, which was impacted by the COVID-19 pandemic.",T17,,,,,,TRPHRQC001
QC,2045,T_D_pkm_hdv_bic,1.538626425,bpkm,"Based on the findings from Sonia Yet et al. 2022, demand projections are indexed through projected national GDP growth (2019=100), using estimates from the Current Measures Scenario of the Canada's Energy Futures 2023. Initial demand is obtained from 2021 subsector activity, which was impacted by the COVID-19 pandemic.",T17,,,,,,TRPHRQC001
QC,2025,T_D_pkm_hdv_bs,7.437307254,bpkm,"Based on the findings from Sonia Yet et al. 2022, demand projections are indexed through projected national GDP growth (2019=100), using estimates from the Current Measures Scenario of the Canada's Energy Futures 2023. Initial demand is obtained from 2021 subsector activity, which was impacted by the COVID-19 pandemic.",T17,,,,,,TRPHRQC001
QC,2030,T_D_pkm_hdv_bs,8.011171899,bpkm,"Based on the findings from Sonia Yet et al. 2022, demand projections are indexed through projected national GDP growth (2019=100), using estimates from the Current Measures Scenario of the Canada's Energy Futures 2023. Initial demand is obtained from 2021 subsector activity, which was impacted by the COVID-19 pandemic.",T17,,,,,,TRPHRQC001
QC,2035,T_D_pkm_hdv_bs,8.588320617,bpkm,"Based on the findings from Sonia Yet et al. 2022, demand projections are indexed through projected national GDP growth (2019=100), using estimates from the Current Measures Scenario of the Canada's Energy Futures 2023. Initial demand is obtained from 2021 subsector activity, which was impacted by the COVID-19 pandemic.",T17,,,,,,TRPHRQC001
QC,2040,T_D_pkm_hdv_bs,9.156986696,bpkm,"Based on the findings from Sonia Yet et al. 2022, demand projections are indexed through projected national GDP growth (2019=100), using estimates from the Current Measures Scenario of the Canada's Energy Futures 2023. Initial demand is obtained from 2021 subsector activity, which was impacted by the COVID-19 pandemic.",T17,,,,,,TRPHRQC001
QC,2045,T_D_pkm_hdv_bs,9.805263112,bpkm,"Based on the findings from Sonia Yet et al. 2022, demand projections are indexed through projected national GDP growth (2019=100), using estimates from the Current Measures Scenario of the Canada's Energy Futures 2023. Initial demand is obtained from 2021 subsector activity, which was impacted by the COVID-19 pandemic.",T17,,,,,,TRPHRQC001
QC,2025,T_D_pkm_hdv_bt,5.817155546,bpkm,"Based on the findings from Sonia Yet et al. 2022, demand projections are indexed through projected national GDP growth (2019=100), using estimates from the Current Measures Scenario of the Canada's Energy Futures 2023. Initial demand is obtained from 2021 subsector activity, which was impacted by the COVID-19 pandemic.",T17,,,,,,TRPHRQC001
QC,2030,T_D_pkm_hdv_bt,6.266008847,bpkm,"Based on the findings from Sonia Yet et al. 2022, demand projections are indexed through projected national GDP growth (2019=100), using estimates from the Current Measures Scenario of the Canada's Energy Futures 2023. Initial demand is obtained from 2021 subsector activity, which was impacted by the COVID-19 pandemic.",T17,,,,,,TRPHRQC001
QC,2035,T_D_pkm_hdv_bt,6.717430813,bpkm,"Based on the findings from Sonia Yet et al. 2022, demand projections are indexed through projected national GDP growth (2019=100), using estimates from the Current Measures Scenario of the Canada's Energy Futures 2023. Initial demand is obtained from 2021 subsector activity, which was impacted by the COVID-19 pandemic.",T17,,,,,,TRPHRQC001
QC,2040,T_D_pkm_hdv_bt,7.162218008,bpkm,"Based on the findings from Sonia Yet et al. 2022, demand projections are indexed through projected national GDP growth (2019=100), using estimates from the Current Measures Scenario of the Canada's Energy Futures 2023. Initial demand is obtained from 2021 subsector activity, which was impacted by the COVID-19 pandemic.",T17,,,,,,TRPHRQC001
QC,2045,T_D_pkm_hdv_bt,7.669273132,bpkm,"Based on the findings from Sonia Yet et al. 2022, demand projections are indexed through projected national GDP growth (2019=100), using estimates from the Current Measures Scenario of the Canada's Energy Futures 2023. Initial demand is obtained from 2021 subsector activity, which was impacted by the COVID-19 pandemic.",T17,,,,,,TRPHRQC001
QC,2025,T_D_pkm_hdv_r,0.159847009,bpkm,"Based on the findings from Sonia Yet et al. 2022, demand projections are indexed through projected national GDP growth (2019=100), using estimates from the Current Measures Scenario of the Canada's Energy Futures 2023. Initial demand is obtained from 2021 subsector energy use divided by avg. energy intensity from 2015-2019 to estimate the provincial demand of this mode. This demand would also reflect the impact of COVID-19 on demands.",T17,,,,,,TRPHRQC001
QC,2030,T_D_pkm_hdv_r,0.172180847,bpkm,"Based on the findings from Sonia Yet et al. 2022, demand projections are indexed through projected national GDP growth (2019=100), using estimates from the Current Measures Scenario of the Canada's Energy Futures 2023. Initial demand is obtained from 2021 subsector energy use divided by avg. energy intensity from 2015-2019 to estimate the provincial demand of this mode. This demand would also reflect the impact of COVID-19 on demands.",T17,,,,,,TRPHRQC001
QC,2035,T_D_pkm_hdv_r,0.184585269,bpkm,"Based on the findings from Sonia Yet et al. 2022, demand projections are indexed through projected national GDP growth (2019=100), using estimates from the Current Measures Scenario of the Canada's Energy Futures 2023. Initial demand is obtained from 2021 subsector energy use divided by avg. energy intensity from 2015-2019 to estimate the provincial demand of this mode. This demand would also reflect the impact of COVID-19 on demands.",T17,,,,,,TRPHRQC001
QC,2040,T_D_pkm_hdv_r,0.196807377,bpkm,"Based on the findings from Sonia Yet et al. 2022, demand projections are indexed through projected national GDP growth (2019=100), using estimates from the Current Measures Scenario of the Canada's Energy Futures 2023. Initial demand is obtained from 2021 subsector energy use divided by avg. energy intensity from 2015-2019 to estimate the provincial demand of this mode. This demand would also reflect the impact of COVID-19 on demands.",T17,,,,,,TRPHRQC001
QC,2045,T_D_pkm_hdv_r,0.210740517,bpkm,"Based on the findings from Sonia Yet et al. 2022, demand projections are indexed through projected national GDP growth (2019=100), using estimates from the Current Measures Scenario of the Canada's Energy Futures 2023. Initial demand is obtained from 2021 subsector energy use divided by avg. energy intensity from 2015-2019 to estimate the provincial demand of this mode. This demand would also reflect the impact of COVID-19 on demands.",T17,,,,,,TRPHRQC001
QC,2025,T_D_pkm_ldv_c,85.546062842,bpkm,"Based on the findings from Sonia Yet et al. 2022, demand projections are indexed through projected national GDP growth (2019=100), using estimates from the Current Measures Scenario of the Canada's Energy Futures 2023. Initial demand is obtained from 2021 subsector activity, which was impacted by the COVID-19 pandemic.",T17,,,,,,TRPHRQC001
QC,2030,T_D_pkm_ldv_c,92.146820262,bpkm,"Based on the findings from Sonia Yet et al. 2022, demand projections are indexed through projected national GDP growth (2019=100), using estimates from the Current Measures Scenario of the Canada's Energy Futures 2023. Initial demand is obtained from 2021 subsector activity, which was impacted by the COVID-19 pandemic.",T17,,,,,,TRPHRQC001
QC,2035,T_D_pkm_ldv_c,98.78535203,bpkm,"Based on the findings from Sonia Yet et al. 2022, demand projections are indexed through projected national GDP growth (2019=100), using estimates from the Current Measures Scenario of the Canada's Energy Futures 2023. Initial demand is obtained from 2021 subsector activity, which was impacted by the COVID-19 pandemic.",T17,,,,,,TRPHRQC001
QC,2040,T_D_pkm_ldv_c,105.326314029,bpkm,"Based on the findings from Sonia Yet et al. 2022, demand projections are indexed through projected national GDP growth (2019=100), using estimates from the Current Measures Scenario of the Canada's Energy Futures 2023. Initial demand is obtained from 2021 subsector activity, which was impacted by the COVID-19 pandemic.",T17,,,,,,TRPHRQC001
QC,2045,T_D_pkm_ldv_c,112.78297719,bpkm,"Based on the findings from Sonia Yet et al. 2022, demand projections are indexed through projected national GDP growth (2019=100), using estimates from the Current Measures Scenario of the Canada's Energy Futures 2023. Initial demand is obtained from 2021 subsector activity, which was impacted by the COVID-19 pandemic.",T17,,,,,,TRPHRQC001
QC,2025,T_D_pkm_ldv_m,1.231218305,bpkm,"Based on the findings from Sonia Yet et al. 2022, demand projections are indexed through projected national GDP growth (2019=100), using estimates from the Current Measures Scenario of the Canada's Energy Futures 2023. Initial demand is obtained from 2021 subsector activity, which was impacted by the COVID-19 pandemic.",T17,,,,,,TRPHRQC001
QC,2030,T_D_pkm_ldv_m,1.326219443,bpkm,"Based on the findings from Sonia Yet et al. 2022, demand projections are indexed through projected national GDP growth (2019=100), using estimates from the Current Measures Scenario of the Canada's Energy Futures 2023. Initial demand is obtained from 2021 subsector activity, which was impacted by the COVID-19 pandemic.",T17,,,,,,TRPHRQC001
QC,2035,T_D_pkm_ldv_m,1.421764247,bpkm,"Based on the findings from Sonia Yet et al. 2022, demand projections are indexed through projected national GDP growth (2019=100), using estimates from the Current Measures Scenario of the Canada's Energy Futures 2023. Initial demand is obtained from 2021 subsector activity, which was impacted by the COVID-19 pandemic.",T17,,,,,,TRPHRQC001
QC,2040,T_D_pkm_ldv_m,1.515904782,bpkm,"Based on the findings from Sonia Yet et al. 2022, demand projections are indexed through projected national GDP growth (2019=100), using estimates from the Current Measures Scenario of the Canada's Energy Futures 2023. Initial demand is obtained from 2021 subsector activity, which was impacted by the COVID-19 pandemic.",T17,,,,,,TRPHRQC001
QC,2045,T_D_pkm_ldv_m,1.62322451,bpkm,"Based on the findings from Sonia Yet et al. 2022, demand projections are indexed through projected national GDP growth (2019=100), using estimates from the Current Measures Scenario of the Canada's Energy Futures 2023. Initial demand is obtained from 2021 subsector activity, which was impacted by the COVID-19 pandemic.",T17,,,,,,TRPHRQC001
QC,2025,T_D_pkm_ldv_t,63.099406866,bpkm,"Based on the findings from Sonia Yet et al. 2022, demand projections are indexed through projected national GDP growth (2019=100), using estimates from the Current Measures Scenario of the Canada's Energy Futures 2023. Initial demand is obtained from 2021 subsector activity, which was impacted by the COVID-19 pandemic.",T17,,,,,,TRPHRQC001
QC,2030,T_D_pkm_ldv_t,67.968174219,bpkm,"Based on the findings from Sonia Yet et al. 2022, demand projections are indexed through projected national GDP growth (2019=100), using estimates from the Current Measures Scenario of the Canada's Energy Futures 2023. Initial demand is obtained from 2021 subsector activity, which was impacted by the COVID-19 pandemic.",T17,,,,,,TRPHRQC001
QC,2035,T_D_pkm_ldv_t,72.864804212,bpkm,"Based on the findings from Sonia Yet et al. 2022, demand projections are indexed through projected national GDP growth (2019=100), using estimates from the Current Measures Scenario of the Canada's Energy Futures 2023. Initial demand is obtained from 2021 subsector activity, which was impacted by the COVID-19 pandemic.",T17,,,,,,TRPHRQC001
QC,2040,T_D_pkm_ldv_t,77.689466023,bpkm,"Based on the findings from Sonia Yet et al. 2022, demand projections are indexed through projected national GDP growth (2019=100), using estimates from the Current Measures Scenario of the Canada's Energy Futures 2023. Initial demand is obtained from 2021 subsector activity, which was impacted by the COVID-19 pandemic.",T17,,,,,,TRPHRQC001
QC,2045,T_D_pkm_ldv_t,83.189555764,bpkm,"Based on the findings from Sonia Yet et al. 2022, demand projections are indexed through projected national GDP growth (2019=100), using estimates from the Current Measures Scenario of the Canada's Energy Futures 2023. Initial demand is obtained from 2021 subsector activity, which was impacted by the COVID-19 pandemic.",T17,,,,,,TRPHRQC001
QC,2025,T_D_tkm_hdv_aj,1.034119317,btkm,"Based on the findings from Sonia Yet et al. 2022, demand projections are indexed through projected national GDP growth (2019=100), using estimates from the Current Measures Scenario of the Canada's Energy Futures 2023. Initial demand is obtained from 2021 subsector energy use divided by avg. energy intensity from 2015-2019 to estimate the provincial demand of this mode. This demand would also reflect the impact of COVID-19 on demands.",T17,,,,,,TRPHRQC001
QC,2030,T_D_tkm_hdv_aj,1.113912244,btkm,"Based on the findings from Sonia Yet et al. 2022, demand projections are indexed through projected national GDP growth (2019=100), using estimates from the Current Measures Scenario of the Canada's Energy Futures 2023. Initial demand is obtained from 2021 subsector energy use divided by avg. energy intensity from 2015-2019 to estimate the provincial demand of this mode. This demand would also reflect the impact of COVID-19 on demands.",T17,,,,,,TRPHRQC001
QC,2035,T_D_tkm_hdv_aj,1.194161804,btkm,"Based on the findings from Sonia Yet et al. 2022, demand projections are indexed through projected national GDP growth (2019=100), using estimates from the Current Measures Scenario of the Canada's Energy Futures 2023. Initial demand is obtained from 2021 subsector energy use divided by avg. energy intensity from 2015-2019 to estimate the provincial demand of this mode. This demand would also reflect the impact of COVID-19 on demands.",T17,,,,,,TRPHRQC001
QC,2040,T_D_tkm_hdv_aj,1.273231897,btkm,"Based on the findings from Sonia Yet et al. 2022, demand projections are indexed through projected national GDP growth (2019=100), using estimates from the Current Measures Scenario of the Canada's Energy Futures 2023. Initial demand is obtained from 2021 subsector energy use divided by avg. energy intensity from 2015-2019 to estimate the provincial demand of this mode. This demand would also reflect the impact of COVID-19 on demands.",T17,,,,,,TRPHRQC001
QC,2045,T_D_tkm_hdv_aj,1.363371398,btkm,"Based on the findings from Sonia Yet et al. 2022, demand projections are indexed through projected national GDP growth (2019=100), using estimates from the Current Measures Scenario of the Canada's Energy Futures 2023. Initial demand is obtained from 2021 subsector energy use divided by avg. energy intensity from 2015-2019 to estimate the provincial demand of this mode. This demand would also reflect the impact of COVID-19 on demands.",T17,,,,,,TRPHRQC001
QC,2025,T_D_tkm_hdv_r,45.223554415,btkm,"Based on the findings from Sonia Yet et al. 2022, demand projections are indexed through projected national GDP growth (2019=100), using estimates from the Current Measures Scenario of the Canada's Energy Futures 2023. Initial demand is obtained from 2021 subsector energy use divided by avg. energy intensity from 2015-2019 to estimate the provincial demand of this mode. This demand would also reflect the impact of COVID-19 on demands.",T17,,,,,,TRPHRQC001
QC,2030,T_D_tkm_hdv_r,48.713016144,btkm,"Based on the findings from Sonia Yet et al. 2022, demand projections are indexed through projected national GDP growth (2019=100), using estimates from the Current Measures Scenario of the Canada's Energy Futures 2023. Initial demand is obtained from 2021 subsector energy use divided by avg. energy intensity from 2015-2019 to estimate the provincial demand of this mode. This demand would also reflect the impact of COVID-19 on demands.",T17,,,,,,TRPHRQC001
QC,2035,T_D_tkm_hdv_r,52.222447118,btkm,"Based on the findings from Sonia Yet et al. 2022, demand projections are indexed through projected national GDP growth (2019=100), using estimates from the Current Measures Scenario of the Canada's Energy Futures 2023. Initial demand is obtained from 2021 subsector energy use divided by avg. energy intensity from 2015-2019 to estimate the provincial demand of this mode. This demand would also reflect the impact of COVID-19 on demands.",T17,,,,,,TRPHRQC001
QC,2040,T_D_tkm_hdv_r,55.680298258,btkm,"Based on the findings from Sonia Yet et al. 2022, demand projections are indexed through projected national GDP growth (2019=100), using estimates from the Current Measures Scenario of the Canada's Energy Futures 2023. Initial demand is obtained from 2021 subsector energy use divided by avg. energy intensity from 2015-2019 to estimate the provincial demand of this mode. This demand would also reflect the impact of COVID-19 on demands.",T17,,,,,,TRPHRQC001
QC,2045,T_D_tkm_hdv_r,59.622230838,btkm,"Based on the findings from Sonia Yet et al. 2022, demand projections are indexed through projected national GDP growth (2019=100), using estimates from the Current Measures Scenario of the Canada's Energy Futures 2023. Initial demand is obtained from 2021 subsector energy use divided by avg. energy intensity from 2015-2019 to estimate the provincial demand of this mode. This demand would also reflect the impact of COVID-19 on demands.",T17,,,,,,TRPHRQC001
QC,2025,T_D_tkm_hdv_t,68.469483336,btkm,"Based on the findings from Sonia Yet et al. 2022, demand projections are indexed through projected national GDP growth (2019=100), using estimates from the Current Measures Scenario of the Canada's Energy Futures 2023. Initial demand is obtained from 2021 subsector activity, which was impacted by the COVID-19 pandemic.",T17,,,,,,TRPHRQC001
QC,2030,T_D_tkm_hdv_t,73.752607247,btkm,"Based on the findings from Sonia Yet et al. 2022, demand projections are indexed through projected national GDP growth (2019=100), using estimates from the Current Measures Scenario of the Canada's Energy Futures 2023. Initial demand is obtained from 2021 subsector activity, which was impacted by the COVID-19 pandemic.",T17,,,,,,TRPHRQC001
QC,2035,T_D_tkm_hdv_t,79.065965047,btkm,"Based on the findings from Sonia Yet et al. 2022, demand projections are indexed through projected national GDP growth (2019=100), using estimates from the Current Measures Scenario of the Canada's Energy Futures 2023. Initial demand is obtained from 2021 subsector activity, which was impacted by the COVID-19 pandemic.",T17,,,,,,TRPHRQC001
QC,2040,T_D_tkm_hdv_t,84.301229813,btkm,"Based on the findings from Sonia Yet et al. 2022, demand projections are indexed through projected national GDP growth (2019=100), using estimates from the Current Measures Scenario of the Canada's Energy Futures 2023. Initial demand is obtained from 2021 subsector activity, which was impacted by the COVID-19 pandemic.",T17,,,,,,TRPHRQC001
QC,2045,T_D_tkm_hdv_t,90.269404818,btkm,"Based on the findings from Sonia Yet et al. 2022, demand projections are indexed through projected national GDP growth (2019=100), using estimates from the Current Measures Scenario of the Canada's Energy Futures 2023. Initial demand is obtained from 2021 subsector activity, which was impacted by the COVID-19 pandemic.",T17,,,,,,TRPHRQC001
QC,2025,T_D_tkm_hdv_wt,66.3544715,btkm,"Based on the findings from Sonia Yet et al. 2022, demand projections are indexed through projected national GDP growth (2019=100), using estimates from the Current Measures Scenario of the Canada's Energy Futures 2023. Initial demand is obtained from 2021 subsector energy use divided by avg. energy intensity from 2015-2019 to estimate the provincial demand of this mode. This demand would also reflect the impact of COVID-19 on demands.",T17,,,,,,TRPHRQC001
QC,2030,T_D_tkm_hdv_wt,71.474400524,btkm,"Based on the findings from Sonia Yet et al. 2022, demand projections are indexed through projected national GDP growth (2019=100), using estimates from the Current Measures Scenario of the Canada's Energy Futures 2023. Initial demand is obtained from 2021 subsector energy use divided by avg. energy intensity from 2015-2019 to estimate the provincial demand of this mode. This demand would also reflect the impact of COVID-19 on demands.",T17,,,,,,TRPHRQC001
QC,2035,T_D_tkm_hdv_wt,76.623629517,btkm,"Based on the findings from Sonia Yet et al. 2022, demand projections are indexed through projected national GDP growth (2019=100), using estimates from the Current Measures Scenario of the Canada's Energy Futures 2023. Initial demand is obtained from 2021 subsector energy use divided by avg. energy intensity from 2015-2019 to estimate the provincial demand of this mode. This demand would also reflect the impact of COVID-19 on demands.",T17,,,,,,TRPHRQC001
QC,2040,T_D_tkm_hdv_wt,81.697177757,btkm,"Based on the findings from Sonia Yet et al. 2022, demand projections are indexed through projected national GDP growth (2019=100), using estimates from the Current Measures Scenario of the Canada's Energy Futures 2023. Initial demand is obtained from 2021 subsector energy use divided by avg. energy intensity from 2015-2019 to estimate the provincial demand of this mode. This demand would also reflect the impact of COVID-19 on demands.",T17,,,,,,TRPHRQC001
QC,2045,T_D_tkm_hdv_wt,87.480996752,btkm,"Based on the findings from Sonia Yet et al. 2022, demand projections are indexed through projected national GDP growth (2019=100), using estimates from the Current Measures Scenario of the Canada's Energy Futures 2023. Initial demand is obtained from 2021 subsector energy use divided by avg. energy intensity from 2015-2019 to estimate the provincial demand of this mode. This demand would also reflect the impact of COVID-19 on demands.",T17,,,,,,TRPHRQC001
QC,2025,T_D_tkm_ldv_t,7.991182584,btkm,"Based on the findings from Sonia Yet et al. 2022, demand projections are indexed through projected national GDP growth (2019=100), using estimates from the Current Measures Scenario of the Canada's Energy Futures 2023. Initial demand is obtained from 2021 subsector activity, which was impacted by the COVID-19 pandemic.",T17,,,,,,TRPHRQC001
QC,2030,T_D_tkm_ldv_t,8.607784401,btkm,"Based on the findings from Sonia Yet et al. 2022, demand projections are indexed through projected national GDP growth (2019=100), using estimates from the Current Measures Scenario of the Canada's Energy Futures 2023. Initial demand is obtained from 2021 subsector activity, which was impacted by the COVID-19 pandemic.",T17,,,,,,TRPHRQC001
QC,2035,T_D_tkm_ldv_t,9.227914862,btkm,"Based on the findings from Sonia Yet et al. 2022, demand projections are indexed through projected national GDP growth (2019=100), using estimates from the Current Measures Scenario of the Canada's Energy Futures 2023. Initial demand is obtained from 2021 subsector activity, which was impacted by the COVID-19 pandemic.",T17,,,,,,TRPHRQC001
QC,2040,T_D_tkm_ldv_t,9.838930961,btkm,"Based on the findings from Sonia Yet et al. 2022, demand projections are indexed through projected national GDP growth (2019=100), using estimates from the Current Measures Scenario of the Canada's Energy Futures 2023. Initial demand is obtained from 2021 subsector activity, which was impacted by the COVID-19 pandemic.",T17,,,,,,TRPHRQC001
QC,2045,T_D_tkm_ldv_t,10.535486183,btkm,"Based on the findings from Sonia Yet et al. 2022, demand projections are indexed through projected national GDP growth (2019=100), using estimates from the Current Measures Scenario of the Canada's Energy Futures 2023. Initial demand is obtained from 2021 subsector activity, which was impacted by the COVID-19 pandemic.",T17,,,,,,TRPHRQC001
QC,2025,T_D_tkm_mdv_t,7.774862803,btkm,"Based on the findings from Sonia Yet et al. 2022, demand projections are indexed through projected national GDP growth (2019=100), using estimates from the Current Measures Scenario of the Canada's Energy Futures 2023. Initial demand is obtained from 2021 subsector activity, which was impacted by the COVID-19 pandemic.",T17,,,,,,TRPHRQC001
QC,2030,T_D_tkm_mdv_t,8.374773326,btkm,"Based on the findings from Sonia Yet et al. 2022, demand projections are indexed through projected national GDP growth (2019=100), using estimates from the Current Measures Scenario of the Canada's Energy Futures 2023. Initial demand is obtained from 2021 subsector activity, which was impacted by the COVID-19 pandemic.",T17,,,,,,TRPHRQC001
QC,2035,T_D_tkm_mdv_t,8.978116975,btkm,"Based on the findings from Sonia Yet et al. 2022, demand projections are indexed through projected national GDP growth (2019=100), using estimates from the Current Measures Scenario of the Canada's Energy Futures 2023. Initial demand is obtained from 2021 subsector activity, which was impacted by the COVID-19 pandemic.",T17,,,,,,TRPHRQC001
QC,2040,T_D_tkm_mdv_t,9.572592986,btkm,"Based on the findings from Sonia Yet et al. 2022, demand projections are indexed through projected national GDP growth (2019=100), using estimates from the Current Measures Scenario of the Canada's Energy Futures 2023. Initial demand is obtained from 2021 subsector activity, which was impacted by the COVID-19 pandemic.",T17,,,,,,TRPHRQC001
QC,2045,T_D_tkm_mdv_t,10.250292591,btkm,"Based on the findings from Sonia Yet et al. 2022, demand projections are indexed through projected national GDP growth (2019=100), using estimates from the Current Measures Scenario of the Canada's Energy Futures 2023. Initial demand is obtained from 2021 subsector activity, which was impacted by the COVID-19 pandemic.",T17,,,,,,TRPHRQC001
SK,2025,T_D_pj_off,4.874739352,PJ,"Dummy technology, to pass off-road demand directly in PJ. Off-road vehicles are assumed to consume diesel only. Based on the findings from Sonia Yet et al. 2022, demand projections are indexed through projected national GDP growth (2019=100), using estimates from the Current Measures Scenario of the Canada's Energy Futures 2023. Initial demand is obtained from 2021 subsector energy use, which was impacted by the COVID-19 pandemic.",T17,,,,,,TRPHRSK001
SK,2030,T_D_pj_off,5.250875563,PJ,"Dummy technology, to pass off-road demand directly in PJ. Off-road vehicles are assumed to consume diesel only. Based on the findings from Sonia Yet et al. 2022, demand projections are indexed through projected national GDP growth (2019=100), using estimates from the Current Measures Scenario of the Canada's Energy Futures 2023. Initial demand is obtained from 2021 subsector energy use, which was impacted by the COVID-19 pandemic.",T17,,,,,,TRPHRSK001
SK,2035,T_D_pj_off,5.6291643,PJ,"Dummy technology, to pass off-road demand directly in PJ. Off-road vehicles are assumed to consume diesel only. Based on the findings from Sonia Yet et al. 2022, demand projections are indexed through projected national GDP growth (2019=100), using estimates from the Current Measures Scenario of the Canada's Energy Futures 2023. Initial demand is obtained from 2021 subsector energy use, which was impacted by the COVID-19 pandemic.",T17,,,,,,TRPHRSK001
SK,2040,T_D_pj_off,6.001893141,PJ,"Dummy technology, to pass off-road demand directly in PJ. Off-road vehicles are assumed to consume diesel only. Based on the findings from Sonia Yet et al. 2022, demand projections are indexed through projected national GDP growth (2019=100), using estimates from the Current Measures Scenario of the Canada's Energy Futures 2023. Initial demand is obtained from 2021 subsector energy use, which was impacted by the COVID-19 pandemic.",T17,,,,,,TRPHRSK001
SK,2045,T_D_pj_off,6.42680211,PJ,"Dummy technology, to pass off-road demand directly in PJ. Off-road vehicles are assumed to consume diesel only. Based on the findings from Sonia Yet et al. 2022, demand projections are indexed through projected national GDP growth (2019=100), using estimates from the Current Measures Scenario of the Canada's Energy Futures 2023. Initial demand is obtained from 2021 subsector energy use, which was impacted by the COVID-19 pandemic.",T17,,,,,,TRPHRSK001
SK,2025,T_D_pkm_hdv_aj,2.626979938,bpkm,"Based on the findings from Sonia Yet et al. 2022, demand projections are indexed through projected national GDP growth (2019=100), using estimates from the Current Measures Scenario of the Canada's Energy Futures 2023. Initial demand is obtained from 2021 subsector energy use divided by avg. energy intensity from 2015-2019 to estimate the provincial demand of this mode. This demand would also reflect the impact of COVID-19 on demands.",T17,,,,,,TRPHRSK001
SK,2030,T_D_pkm_hdv_aj,2.829678423,bpkm,"Based on the findings from Sonia Yet et al. 2022, demand projections are indexed through projected national GDP growth (2019=100), using estimates from the Current Measures Scenario of the Canada's Energy Futures 2023. Initial demand is obtained from 2021 subsector energy use divided by avg. energy intensity from 2015-2019 to estimate the provincial demand of this mode. This demand would also reflect the impact of COVID-19 on demands.",T17,,,,,,TRPHRSK001
SK,2035,T_D_pkm_hdv_aj,3.033536897,bpkm,"Based on the findings from Sonia Yet et al. 2022, demand projections are indexed through projected national GDP growth (2019=100), using estimates from the Current Measures Scenario of the Canada's Energy Futures 2023. Initial demand is obtained from 2021 subsector energy use divided by avg. energy intensity from 2015-2019 to estimate the provincial demand of this mode. This demand would also reflect the impact of COVID-19 on demands.",T17,,,,,,TRPHRSK001
SK,2040,T_D_pkm_hdv_aj,3.234399162,bpkm,"Based on the findings from Sonia Yet et al. 2022, demand projections are indexed through projected national GDP growth (2019=100), using estimates from the Current Measures Scenario of the Canada's Energy Futures 2023. Initial demand is obtained from 2021 subsector energy use divided by avg. energy intensity from 2015-2019 to estimate the provincial demand of this mode. This demand would also reflect the impact of COVID-19 on demands.",T17,,,,,,TRPHRSK001
SK,2045,T_D_pkm_hdv_aj,3.463381115,bpkm,"Based on the findings from Sonia Yet et al. 2022, demand projections are indexed through projected national GDP growth (2019=100), using estimates from the Current Measures Scenario of the Canada's Energy Futures 2023. Initial demand is obtained from 2021 subsector energy use divided by avg. energy intensity from 2015-2019 to estimate the provincial demand of this mode. This demand would also reflect the impact of COVID-19 on demands.",T17,,,,,,TRPHRSK001
SK,2025,T_D_pkm_hdv_bic,0.288496263,bpkm,"Based on the findings from Sonia Yet et al. 2022, demand projections are indexed through projected national GDP growth (2019=100), using estimates from the Current Measures Scenario of the Canada's Energy Futures 2023. Initial demand is obtained from 2021 subsector activity, which was impacted by the COVID-19 pandemic.",T17,,,,,,TRPHRSK001
SK,2030,T_D_pkm_hdv_bic,0.310756713,bpkm,"Based on the findings from Sonia Yet et al. 2022, demand projections are indexed through projected national GDP growth (2019=100), using estimates from the Current Measures Scenario of the Canada's Energy Futures 2023. Initial demand is obtained from 2021 subsector activity, which was impacted by the COVID-19 pandemic.",T17,,,,,,TRPHRSK001
SK,2035,T_D_pkm_hdv_bic,0.333144553,bpkm,"Based on the findings from Sonia Yet et al. 2022, demand projections are indexed through projected national GDP growth (2019=100), using estimates from the Current Measures Scenario of the Canada's Energy Futures 2023. Initial demand is obtained from 2021 subsector activity, which was impacted by the COVID-19 pandemic.",T17,,,,,,TRPHRSK001
SK,2040,T_D_pkm_hdv_bic,0.355203349,bpkm,"Based on the findings from Sonia Yet et al. 2022, demand projections are indexed through projected national GDP growth (2019=100), using estimates from the Current Measures Scenario of the Canada's Energy Futures 2023. Initial demand is obtained from 2021 subsector activity, which was impacted by the COVID-19 pandemic.",T17,,,,,,TRPHRSK001
SK,2045,T_D_pkm_hdv_bic,0.380350262,bpkm,"Based on the findings from Sonia Yet et al. 2022, demand projections are indexed through projected national GDP growth (2019=100), using estimates from the Current Measures Scenario of the Canada's Energy Futures 2023. Initial demand is obtained from 2021 subsector activity, which was impacted by the COVID-19 pandemic.",T17,,,,,,TRPHRSK001
SK,2025,T_D_pkm_hdv_bs,1.427486613,bpkm,"Based on the findings from Sonia Yet et al. 2022, demand projections are indexed through projected national GDP growth (2019=100), using estimates from the Current Measures Scenario of the Canada's Energy Futures 2023. Initial demand is obtained from 2021 subsector activity, which was impacted by the COVID-19 pandemic.",T17,,,,,,TRPHRSK001
SK,2030,T_D_pkm_hdv_bs,1.537631868,bpkm,"Based on the findings from Sonia Yet et al. 2022, demand projections are indexed through projected national GDP growth (2019=100), using estimates from the Current Measures Scenario of the Canada's Energy Futures 2023. Initial demand is obtained from 2021 subsector activity, which was impacted by the COVID-19 pandemic.",T17,,,,,,TRPHRSK001
SK,2035,T_D_pkm_hdv_bs,1.648407454,bpkm,"Based on the findings from Sonia Yet et al. 2022, demand projections are indexed through projected national GDP growth (2019=100), using estimates from the Current Measures Scenario of the Canada's Energy Futures 2023. Initial demand is obtained from 2021 subsector activity, which was impacted by the COVID-19 pandemic.",T17,,,,,,TRPHRSK001
SK,2040,T_D_pkm_hdv_bs,1.757554916,bpkm,"Based on the findings from Sonia Yet et al. 2022, demand projections are indexed through projected national GDP growth (2019=100), using estimates from the Current Measures Scenario of the Canada's Energy Futures 2023. Initial demand is obtained from 2021 subsector activity, which was impacted by the COVID-19 pandemic.",T17,,,,,,TRPHRSK001
SK,2045,T_D_pkm_hdv_bs,1.881982464,bpkm,"Based on the findings from Sonia Yet et al. 2022, demand projections are indexed through projected national GDP growth (2019=100), using estimates from the Current Measures Scenario of the Canada's Energy Futures 2023. Initial demand is obtained from 2021 subsector activity, which was impacted by the COVID-19 pandemic.",T17,,,,,,TRPHRSK001
SK,2025,T_D_pkm_hdv_bt,0.988296254,bpkm,"Based on the findings from Sonia Yet et al. 2022, demand projections are indexed through projected national GDP growth (2019=100), using estimates from the Current Measures Scenario of the Canada's Energy Futures 2023. Initial demand is obtained from 2021 subsector activity, which was impacted by the COVID-19 pandemic.",T17,,,,,,TRPHRSK001
SK,2030,T_D_pkm_hdv_bt,1.064553461,bpkm,"Based on the findings from Sonia Yet et al. 2022, demand projections are indexed through projected national GDP growth (2019=100), using estimates from the Current Measures Scenario of the Canada's Energy Futures 2023. Initial demand is obtained from 2021 subsector activity, which was impacted by the COVID-19 pandemic.",T17,,,,,,TRPHRSK001
SK,2035,T_D_pkm_hdv_bt,1.141247068,bpkm,"Based on the findings from Sonia Yet et al. 2022, demand projections are indexed through projected national GDP growth (2019=100), using estimates from the Current Measures Scenario of the Canada's Energy Futures 2023. Initial demand is obtained from 2021 subsector activity, which was impacted by the COVID-19 pandemic.",T17,,,,,,TRPHRSK001
SK,2040,T_D_pkm_hdv_bt,1.216813471,bpkm,"Based on the findings from Sonia Yet et al. 2022, demand projections are indexed through projected national GDP growth (2019=100), using estimates from the Current Measures Scenario of the Canada's Energy Futures 2023. Initial demand is obtained from 2021 subsector activity, which was impacted by the COVID-19 pandemic.",T17,,,,,,TRPHRSK001
SK,2045,T_D_pkm_hdv_bt,1.302958783,bpkm,"Based on the findings from Sonia Yet et al. 2022, demand projections are indexed through projected national GDP growth (2019=100), using estimates from the Current Measures Scenario of the Canada's Energy Futures 2023. Initial demand is obtained from 2021 subsector activity, which was impacted by the COVID-19 pandemic.",T17,,,,,,TRPHRSK001
SK,2025,T_D_pkm_hdv_r,0.339985647,bpkm,"Based on the findings from Sonia Yet et al. 2022, demand projections are indexed through projected national GDP growth (2019=100), using estimates from the Current Measures Scenario of the Canada's Energy Futures 2023. Initial demand is obtained from 2021 subsector energy use divided by avg. energy intensity from 2015-2019 to estimate the provincial demand of this mode. This demand would also reflect the impact of COVID-19 on demands.",T17,,,,,,TRPHRSK001
SK,2030,T_D_pkm_hdv_r,0.366219031,bpkm,"Based on the findings from Sonia Yet et al. 2022, demand projections are indexed through projected national GDP growth (2019=100), using estimates from the Current Measures Scenario of the Canada's Energy Futures 2023. Initial demand is obtained from 2021 subsector energy use divided by avg. energy intensity from 2015-2019 to estimate the provincial demand of this mode. This demand would also reflect the impact of COVID-19 on demands.",T17,,,,,,TRPHRSK001
SK,2035,T_D_pkm_hdv_r,0.392602543,bpkm,"Based on the findings from Sonia Yet et al. 2022, demand projections are indexed through projected national GDP growth (2019=100), using estimates from the Current Measures Scenario of the Canada's Energy Futures 2023. Initial demand is obtained from 2021 subsector energy use divided by avg. energy intensity from 2015-2019 to estimate the provincial demand of this mode. This demand would also reflect the impact of COVID-19 on demands.",T17,,,,,,TRPHRSK001
SK,2040,T_D_pkm_hdv_r,0.418598283,bpkm,"Based on the findings from Sonia Yet et al. 2022, demand projections are indexed through projected national GDP growth (2019=100), using estimates from the Current Measures Scenario of the Canada's Energy Futures 2023. Initial demand is obtained from 2021 subsector energy use divided by avg. energy intensity from 2015-2019 to estimate the provincial demand of this mode. This demand would also reflect the impact of COVID-19 on demands.",T17,,,,,,TRPHRSK001
SK,2045,T_D_pkm_hdv_r,0.448233293,bpkm,"Based on the findings from Sonia Yet et al. 2022, demand projections are indexed through projected national GDP growth (2019=100), using estimates from the Current Measures Scenario of the Canada's Energy Futures 2023. Initial demand is obtained from 2021 subsector energy use divided by avg. energy intensity from 2015-2019 to estimate the provincial demand of this mode. This demand would also reflect the impact of COVID-19 on demands.",T17,,,,,,TRPHRSK001
SK,2025,T_D_pkm_ldv_c,10.27670264,bpkm,"Based on the findings from Sonia Yet et al. 2022, demand projections are indexed through projected national GDP growth (2019=100), using estimates from the Current Measures Scenario of the Canada's Energy Futures 2023. Initial demand is obtained from 2021 subsector activity, which was impacted by the COVID-19 pandemic.",T17,,,,,,TRPHRSK001
SK,2030,T_D_pkm_ldv_c,11.069655804,bpkm,"Based on the findings from Sonia Yet et al. 2022, demand projections are indexed through projected national GDP growth (2019=100), using estimates from the Current Measures Scenario of the Canada's Energy Futures 2023. Initial demand is obtained from 2021 subsector activity, which was impacted by the COVID-19 pandemic.",T17,,,,,,TRPHRSK001
SK,2035,T_D_pkm_ldv_c,11.867146825,bpkm,"Based on the findings from Sonia Yet et al. 2022, demand projections are indexed through projected national GDP growth (2019=100), using estimates from the Current Measures Scenario of the Canada's Energy Futures 2023. Initial demand is obtained from 2021 subsector activity, which was impacted by the COVID-19 pandemic.",T17,,,,,,TRPHRSK001
SK,2040,T_D_pkm_ldv_c,12.652916727,bpkm,"Based on the findings from Sonia Yet et al. 2022, demand projections are indexed through projected national GDP growth (2019=100), using estimates from the Current Measures Scenario of the Canada's Energy Futures 2023. Initial demand is obtained from 2021 subsector activity, which was impacted by the COVID-19 pandemic.",T17,,,,,,TRPHRSK001
SK,2045,T_D_pkm_ldv_c,13.548690389,bpkm,"Based on the findings from Sonia Yet et al. 2022, demand projections are indexed through projected national GDP growth (2019=100), using estimates from the Current Measures Scenario of the Canada's Energy Futures 2023. Initial demand is obtained from 2021 subsector activity, which was impacted by the COVID-19 pandemic.",T17,,,,,,TRPHRSK001
SK,2025,T_D_pkm_ldv_m,0.059677801,bpkm,"Based on the findings from Sonia Yet et al. 2022, demand projections are indexed through projected national GDP growth (2019=100), using estimates from the Current Measures Scenario of the Canada's Energy Futures 2023. Initial demand is obtained from 2021 subsector activity, which was impacted by the COVID-19 pandemic.",T17,,,,,,TRPHRSK001
SK,2030,T_D_pkm_ldv_m,0.064282557,bpkm,"Based on the findings from Sonia Yet et al. 2022, demand projections are indexed through projected national GDP growth (2019=100), using estimates from the Current Measures Scenario of the Canada's Energy Futures 2023. Initial demand is obtained from 2021 subsector activity, which was impacted by the COVID-19 pandemic.",T17,,,,,,TRPHRSK001
SK,2035,T_D_pkm_ldv_m,0.068913664,bpkm,"Based on the findings from Sonia Yet et al. 2022, demand projections are indexed through projected national GDP growth (2019=100), using estimates from the Current Measures Scenario of the Canada's Energy Futures 2023. Initial demand is obtained from 2021 subsector activity, which was impacted by the COVID-19 pandemic.",T17,,,,,,TRPHRSK001
SK,2040,T_D_pkm_ldv_m,0.073476705,bpkm,"Based on the findings from Sonia Yet et al. 2022, demand projections are indexed through projected national GDP growth (2019=100), using estimates from the Current Measures Scenario of the Canada's Energy Futures 2023. Initial demand is obtained from 2021 subsector activity, which was impacted by the COVID-19 pandemic.",T17,,,,,,TRPHRSK001
SK,2045,T_D_pkm_ldv_m,0.078678549,bpkm,"Based on the findings from Sonia Yet et al. 2022, demand projections are indexed through projected national GDP growth (2019=100), using estimates from the Current Measures Scenario of the Canada's Energy Futures 2023. Initial demand is obtained from 2021 subsector activity, which was impacted by the COVID-19 pandemic.",T17,,,,,,TRPHRSK001
SK,2025,T_D_pkm_ldv_t,15.548582596,bpkm,"Based on the findings from Sonia Yet et al. 2022, demand projections are indexed through projected national GDP growth (2019=100), using estimates from the Current Measures Scenario of the Canada's Energy Futures 2023. Initial demand is obtained from 2021 subsector activity, which was impacted by the COVID-19 pandemic.",T17,,,,,,TRPHRSK001
SK,2030,T_D_pkm_ldv_t,16.748315448,bpkm,"Based on the findings from Sonia Yet et al. 2022, demand projections are indexed through projected national GDP growth (2019=100), using estimates from the Current Measures Scenario of the Canada's Energy Futures 2023. Initial demand is obtained from 2021 subsector activity, which was impacted by the COVID-19 pandemic.",T17,,,,,,TRPHRSK001
SK,2035,T_D_pkm_ldv_t,17.954914046,bpkm,"Based on the findings from Sonia Yet et al. 2022, demand projections are indexed through projected national GDP growth (2019=100), using estimates from the Current Measures Scenario of the Canada's Energy Futures 2023. Initial demand is obtained from 2021 subsector activity, which was impacted by the COVID-19 pandemic.",T17,,,,,,TRPHRSK001
SK,2040,T_D_pkm_ldv_t,19.143778671,bpkm,"Based on the findings from Sonia Yet et al. 2022, demand projections are indexed through projected national GDP growth (2019=100), using estimates from the Current Measures Scenario of the Canada's Energy Futures 2023. Initial demand is obtained from 2021 subsector activity, which was impacted by the COVID-19 pandemic.",T17,,,,,,TRPHRSK001
SK,2045,T_D_pkm_ldv_t,20.499078251,bpkm,"Based on the findings from Sonia Yet et al. 2022, demand projections are indexed through projected national GDP growth (2019=100), using estimates from the Current Measures Scenario of the Canada's Energy Futures 2023. Initial demand is obtained from 2021 subsector activity, which was impacted by the COVID-19 pandemic.",T17,,,,,,TRPHRSK001
SK,2025,T_D_tkm_hdv_aj,0.027408792,btkm,"Based on the findings from Sonia Yet et al. 2022, demand projections are indexed through projected national GDP growth (2019=100), using estimates from the Current Measures Scenario of the Canada's Energy Futures 2023. Initial demand is obtained from 2021 subsector energy use divided by avg. energy intensity from 2015-2019 to estimate the provincial demand of this mode. This demand would also reflect the impact of COVID-19 on demands.",T17,,,,,,TRPHRSK001
SK,2030,T_D_tkm_hdv_aj,0.029523661,btkm,"Based on the findings from Sonia Yet et al. 2022, demand projections are indexed through projected national GDP growth (2019=100), using estimates from the Current Measures Scenario of the Canada's Energy Futures 2023. Initial demand is obtained from 2021 subsector energy use divided by avg. energy intensity from 2015-2019 to estimate the provincial demand of this mode. This demand would also reflect the impact of COVID-19 on demands.",T17,,,,,,TRPHRSK001
SK,2035,T_D_tkm_hdv_aj,0.031650634,btkm,"Based on the findings from Sonia Yet et al. 2022, demand projections are indexed through projected national GDP growth (2019=100), using estimates from the Current Measures Scenario of the Canada's Energy Futures 2023. Initial demand is obtained from 2021 subsector energy use divided by avg. energy intensity from 2015-2019 to estimate the provincial demand of this mode. This demand would also reflect the impact of COVID-19 on demands.",T17,,,,,,TRPHRSK001
SK,2040,T_D_tkm_hdv_aj,0.033746345,btkm,"Based on the findings from Sonia Yet et al. 2022, demand projections are indexed through projected national GDP growth (2019=100), using estimates from the Current Measures Scenario of the Canada's Energy Futures 2023. Initial demand is obtained from 2021 subsector energy use divided by avg. energy intensity from 2015-2019 to estimate the provincial demand of this mode. This demand would also reflect the impact of COVID-19 on demands.",T17,,,,,,TRPHRSK001
SK,2045,T_D_tkm_hdv_aj,0.036135446,btkm,"Based on the findings from Sonia Yet et al. 2022, demand projections are indexed through projected national GDP growth (2019=100), using estimates from the Current Measures Scenario of the Canada's Energy Futures 2023. Initial demand is obtained from 2021 subsector energy use divided by avg. energy intensity from 2015-2019 to estimate the provincial demand of this mode. This demand would also reflect the impact of COVID-19 on demands.",T17,,,,,,TRPHRSK001
SK,2025,T_D_tkm_hdv_r,96.188112859,btkm,"Based on the findings from Sonia Yet et al. 2022, demand projections are indexed through projected national GDP growth (2019=100), using estimates from the Current Measures Scenario of the Canada's Energy Futures 2023. Initial demand is obtained from 2021 subsector energy use divided by avg. energy intensity from 2015-2019 to estimate the provincial demand of this mode. This demand would also reflect the impact of COVID-19 on demands.",T17,,,,,,TRPHRSK001
SK,2030,T_D_tkm_hdv_r,103.610013745,btkm,"Based on the findings from Sonia Yet et al. 2022, demand projections are indexed through projected national GDP growth (2019=100), using estimates from the Current Measures Scenario of the Canada's Energy Futures 2023. Initial demand is obtained from 2021 subsector energy use divided by avg. energy intensity from 2015-2019 to estimate the provincial demand of this mode. This demand would also reflect the impact of COVID-19 on demands.",T17,,,,,,TRPHRSK001
SK,2035,T_D_tkm_hdv_r,111.074388162,btkm,"Based on the findings from Sonia Yet et al. 2022, demand projections are indexed through projected national GDP growth (2019=100), using estimates from the Current Measures Scenario of the Canada's Energy Futures 2023. Initial demand is obtained from 2021 subsector energy use divided by avg. energy intensity from 2015-2019 to estimate the provincial demand of this mode. This demand would also reflect the impact of COVID-19 on demands.",T17,,,,,,TRPHRSK001
SK,2040,T_D_tkm_hdv_r,118.429054994,btkm,"Based on the findings from Sonia Yet et al. 2022, demand projections are indexed through projected national GDP growth (2019=100), using estimates from the Current Measures Scenario of the Canada's Energy Futures 2023. Initial demand is obtained from 2021 subsector energy use divided by avg. energy intensity from 2015-2019 to estimate the provincial demand of this mode. This demand would also reflect the impact of COVID-19 on demands.",T17,,,,,,TRPHRSK001
SK,2045,T_D_tkm_hdv_r,126.813337495,btkm,"Based on the findings from Sonia Yet et al. 2022, demand projections are indexed through projected national GDP growth (2019=100), using estimates from the Current Measures Scenario of the Canada's Energy Futures 2023. Initial demand is obtained from 2021 subsector energy use divided by avg. energy intensity from 2015-2019 to estimate the provincial demand of this mode. This demand would also reflect the impact of COVID-19 on demands.",T17,,,,,,TRPHRSK001
SK,2025,T_D_tkm_hdv_t,25.337738713,btkm,"Based on the findings from Sonia Yet et al. 2022, demand projections are indexed through projected national GDP growth (2019=100), using estimates from the Current Measures Scenario of the Canada's Energy Futures 2023. Initial demand is obtained from 2021 subsector activity, which was impacted by the COVID-19 pandemic.",T17,,,,,,TRPHRSK001
SK,2030,T_D_tkm_hdv_t,27.292805507,btkm,"Based on the findings from Sonia Yet et al. 2022, demand projections are indexed through projected national GDP growth (2019=100), using estimates from the Current Measures Scenario of the Canada's Energy Futures 2023. Initial demand is obtained from 2021 subsector activity, which was impacted by the COVID-19 pandemic.",T17,,,,,,TRPHRSK001
SK,2035,T_D_tkm_hdv_t,29.259060619,btkm,"Based on the findings from Sonia Yet et al. 2022, demand projections are indexed through projected national GDP growth (2019=100), using estimates from the Current Measures Scenario of the Canada's Energy Futures 2023. Initial demand is obtained from 2021 subsector activity, which was impacted by the COVID-19 pandemic.",T17,,,,,,TRPHRSK001
SK,2040,T_D_tkm_hdv_t,31.196416712,btkm,"Based on the findings from Sonia Yet et al. 2022, demand projections are indexed through projected national GDP growth (2019=100), using estimates from the Current Measures Scenario of the Canada's Energy Futures 2023. Initial demand is obtained from 2021 subsector activity, which was impacted by the COVID-19 pandemic.",T17,,,,,,TRPHRSK001
SK,2045,T_D_tkm_hdv_t,33.40499273,btkm,"Based on the findings from Sonia Yet et al. 2022, demand projections are indexed through projected national GDP growth (2019=100), using estimates from the Current Measures Scenario of the Canada's Energy Futures 2023. Initial demand is obtained from 2021 subsector activity, which was impacted by the COVID-19 pandemic.",T17,,,,,,TRPHRSK001
SK,2025,T_D_tkm_hdv_wt,1.0,btkm,"Based on the findings from Sonia Yet et al. 2022, demand projections are indexed through projected national GDP growth (2019=100), using estimates from the Current Measures Scenario of the Canada's Energy Futures 2023. Initial demand is obtained from 2021 subsector energy use divided by avg. energy intensity from 2015-2019 to estimate the provincial demand of this mode. This demand would also reflect the impact of COVID-19 on demands.",T17,,,,,,TRPHRSK001
SK,2030,T_D_tkm_hdv_wt,1.0,btkm,"Based on the findings from Sonia Yet et al. 2022, demand projections are indexed through projected national GDP growth (2019=100), using estimates from the Current Measures Scenario of the Canada's Energy Futures 2023. Initial demand is obtained from 2021 subsector energy use divided by avg. energy intensity from 2015-2019 to estimate the provincial demand of this mode. This demand would also reflect the impact of COVID-19 on demands.",T17,,,,,,TRPHRSK001
SK,2035,T_D_tkm_hdv_wt,1.0,btkm,"Based on the findings from Sonia Yet et al. 2022, demand projections are indexed through projected national GDP growth (2019=100), using estimates from the Current Measures Scenario of the Canada's Energy Futures 2023. Initial demand is obtained from 2021 subsector energy use divided by avg. energy intensity from 2015-2019 to estimate the provincial demand of this mode. This demand would also reflect the impact of COVID-19 on demands.",T17,,,,,,TRPHRSK001
SK,2040,T_D_tkm_hdv_wt,1.0,btkm,"Based on the findings from Sonia Yet et al. 2022, demand projections are indexed through projected national GDP growth (2019=100), using estimates from the Current Measures Scenario of the Canada's Energy Futures 2023. Initial demand is obtained from 2021 subsector energy use divided by avg. energy intensity from 2015-2019 to estimate the provincial demand of this mode. This demand would also reflect the impact of COVID-19 on demands.",T17,,,,,,TRPHRSK001
SK,2045,T_D_tkm_hdv_wt,1.0,btkm,"Based on the findings from Sonia Yet et al. 2022, demand projections are indexed through projected national GDP growth (2019=100), using estimates from the Current Measures Scenario of the Canada's Energy Futures 2023. Initial demand is obtained from 2021 subsector energy use divided by avg. energy intensity from 2015-2019 to estimate the provincial demand of this mode. This demand would also reflect the impact of COVID-19 on demands.",T17,,,,,,TRPHRSK001
SK,2025,T_D_tkm_ldv_t,2.84955125,btkm,"Based on the findings from Sonia Yet et al. 2022, demand projections are indexed through projected national GDP growth (2019=100), using estimates from the Current Measures Scenario of the Canada's Energy Futures 2023. Initial demand is obtained from 2021 subsector activity, which was impacted by the COVID-19 pandemic.",T17,,,,,,TRPHRSK001
SK,2030,T_D_tkm_ldv_t,3.069423398,btkm,"Based on the findings from Sonia Yet et al. 2022, demand projections are indexed through projected national GDP growth (2019=100), using estimates from the Current Measures Scenario of the Canada's Energy Futures 2023. Initial demand is obtained from 2021 subsector activity, which was impacted by the COVID-19 pandemic.",T17,,,,,,TRPHRSK001
SK,2035,T_D_tkm_ldv_t,3.290553814,btkm,"Based on the findings from Sonia Yet et al. 2022, demand projections are indexed through projected national GDP growth (2019=100), using estimates from the Current Measures Scenario of the Canada's Energy Futures 2023. Initial demand is obtained from 2021 subsector activity, which was impacted by the COVID-19 pandemic.",T17,,,,,,TRPHRSK001
SK,2040,T_D_tkm_ldv_t,3.508434168,btkm,"Based on the findings from Sonia Yet et al. 2022, demand projections are indexed through projected national GDP growth (2019=100), using estimates from the Current Measures Scenario of the Canada's Energy Futures 2023. Initial demand is obtained from 2021 subsector activity, which was impacted by the COVID-19 pandemic.",T17,,,,,,TRPHRSK001
SK,2045,T_D_tkm_ldv_t,3.756816655,btkm,"Based on the findings from Sonia Yet et al. 2022, demand projections are indexed through projected national GDP growth (2019=100), using estimates from the Current Measures Scenario of the Canada's Energy Futures 2023. Initial demand is obtained from 2021 subsector activity, which was impacted by the COVID-19 pandemic.",T17,,,,,,TRPHRSK001
SK,2025,T_D_tkm_mdv_t,4.343773098,btkm,"Based on the findings from Sonia Yet et al. 2022, demand projections are indexed through projected national GDP growth (2019=100), using estimates from the Current Measures Scenario of the Canada's Energy Futures 2023. Initial demand is obtained from 2021 subsector activity, which was impacted by the COVID-19 pandemic.",T17,,,,,,TRPHRSK001
SK,2030,T_D_tkm_mdv_t,4.678939808,btkm,"Based on the findings from Sonia Yet et al. 2022, demand projections are indexed through projected national GDP growth (2019=100), using estimates from the Current Measures Scenario of the Canada's Energy Futures 2023. Initial demand is obtained from 2021 subsector activity, which was impacted by the COVID-19 pandemic.",T17,,,,,,TRPHRSK001
SK,2035,T_D_tkm_mdv_t,5.016024587,btkm,"Based on the findings from Sonia Yet et al. 2022, demand projections are indexed through projected national GDP growth (2019=100), using estimates from the Current Measures Scenario of the Canada's Energy Futures 2023. Initial demand is obtained from 2021 subsector activity, which was impacted by the COVID-19 pandemic.",T17,,,,,,TRPHRSK001
SK,2040,T_D_tkm_mdv_t,5.348155066,btkm,"Based on the findings from Sonia Yet et al. 2022, demand projections are indexed through projected national GDP growth (2019=100), using estimates from the Current Measures Scenario of the Canada's Energy Futures 2023. Initial demand is obtained from 2021 subsector activity, which was impacted by the COVID-19 pandemic.",T17,,,,,,TRPHRSK001
SK,2045,T_D_tkm_mdv_t,5.726782109,btkm,"Based on the findings from Sonia Yet et al. 2022, demand projections are indexed through projected national GDP growth (2019=100), using estimates from the Current Measures Scenario of the Canada's Energy Futures 2023. Initial demand is obtained from 2021 subsector activity, which was impacted by the COVID-19 pandemic.",T17,,,,,,TRPHRSK001
