region,period,commodity,demand,units,notes,data_source,dq_cred,dq_geog,dq_struc,dq_tech,dq_time,data_id
AB,2025,T_D_pj_off,16.124137857,PJ,"Dummy technology, to pass off-road demand directly in PJ. Off-road vehicles are assumed to consume diesel only. Based on the findings from Sonia Yet et al. 2022, demand projections are indexed through projected national GDP growth (2019=100), using estimates from the Current Measures Scenario of the Canada's Energy Futures 2023. Initial demand is obtained from 2021 subsector energy use, which was impacted by the COVID-19 pandemic.",T17,,,,,,TRPHRAB001
AB,2030,T_D_pj_off,17.368280708,PJ,"Dummy technology, to pass off-road demand directly in PJ. Off-road vehicles are assumed to consume diesel only. Based on the findings from Sonia Yet et al. 2022, demand projections are indexed through projected national GDP growth (2019=100), using estimates from the Current Measures Scenario of the Canada's Energy Futures 2023. Initial demand is obtained from 2021 subsector energy use, which was impacted by the COVID-19 pandemic.",T17,,,,,,TRPHRAB001
AB,2035,T_D_pj_off,18.619543453,PJ,"Dummy technology, to pass off-road demand directly in PJ. Off-road vehicles are assumed to consume diesel only. Based on the findings from Sonia Yet et al. 2022, demand projections are indexed through projected national GDP growth (2019=100), using estimates from the Current Measures Scenario of the Canada's Energy Futures 2023. Initial demand is obtained from 2021 subsector energy use, which was impacted by the COVID-19 pandemic.",T17,,,,,,TRPHRAB001
AB,2040,T_D_pj_off,19.852415773,PJ,"Dummy technology, to pass off-road demand directly in PJ. Off-road vehicles are assumed to consume diesel only. Based on the findings from Sonia Yet et al. 2022, demand projections are indexed through projected national GDP growth (2019=100), using estimates from the Current Measures Scenario of the Canada's Energy Futures 2023. Initial demand is obtained from 2021 subsector energy use, which was impacted by the COVID-19 pandemic.",T17,,,,,,TRPHRAB001
AB,2045,T_D_pj_off,21.257883901,PJ,"Dummy technology, to pass off-road demand directly in PJ. Off-road vehicles are assumed to consume diesel only. Based on the findings from Sonia Yet et al. 2022, demand projections are indexed through projected national GDP growth (2019=100), using estimates from the Current Measures Scenario of the Canada's Energy Futures 2023. Initial demand is obtained from 2021 subsector energy use, which was impacted by the COVID-19 pandemic.",T17,,,,,,TRPHRAB001
AB,2025,T_D_pkm_hdv_aj,35.9868264,bpkm,"Based on the findings from Sonia Yet et al. 2022, demand projections are indexed through projected national GDP growth (2019=100), using estimates from the Current Measures Scenario of the Canada's Energy Futures 2023. Initial demand is obtained from 2021 subsector energy use divided by avg. energy intensity from 2015-2019 to estimate the provincial demand of this mode. This demand would also reflect the impact of COVID-19 on demands.",T17,,,,,,TRPHRAB001
AB,2030,T_D_pkm_hdv_aj,38.763579689,bpkm,"Based on the findings from Sonia Yet et al. 2022, demand projections are indexed through projected national GDP growth (2019=100), using estimates from the Current Measures Scenario of the Canada's Energy Futures 2023. Initial demand is obtained from 2021 subsector energy use divided by avg. energy intensity from 2015-2019 to estimate the provincial demand of this mode. This demand would also reflect the impact of COVID-19 on demands.",T17,,,,,,TRPHRAB001
AB,2035,T_D_pkm_hdv_aj,41.556223586,bpkm,"Based on the findings from Sonia Yet et al. 2022, demand projections are indexed through projected national GDP growth (2019=100), using estimates from the Current Measures Scenario of the Canada's Energy Futures 2023. Initial demand is obtained from 2021 subsector energy use divided by avg. energy intensity from 2015-2019 to estimate the provincial demand of this mode. This demand would also reflect the impact of COVID-19 on demands.",T17,,,,,,TRPHRAB001
AB,2040,T_D_pkm_hdv_aj,44.307822621,bpkm,"Based on the findings from Sonia Yet et al. 2022, demand projections are indexed through projected national GDP growth (2019=100), using estimates from the Current Measures Scenario of the Canada's Energy Futures 2023. Initial demand is obtained from 2021 subsector energy use divided by avg. energy intensity from 2015-2019 to estimate the provincial demand of this mode. This demand would also reflect the impact of COVID-19 on demands.",T17,,,,,,TRPHRAB001
AB,2045,T_D_pkm_hdv_aj,47.444631421,bpkm,"Based on the findings from Sonia Yet et al. 2022, demand projections are indexed through projected national GDP growth (2019=100), using estimates from the Current Measures Scenario of the Canada's Energy Futures 2023. Initial demand is obtained from 2021 subsector energy use divided by avg. energy intensity from 2015-2019 to estimate the provincial demand of this mode. This demand would also reflect the impact of COVID-19 on demands.",T17,,,,,,TRPHRAB001
AB,2025,T_D_pkm_hdv_bic,0.939617536,bpkm,"Based on the findings from Sonia Yet et al. 2022, demand projections are indexed through projected national GDP growth (2019=100), using estimates from the Current Measures Scenario of the Canada's Energy Futures 2023. Initial demand is obtained from 2021 subsector activity, which was impacted by the COVID-19 pandemic.",T17,,,,,,TRPHRAB001
AB,2030,T_D_pkm_hdv_bic,1.012118681,bpkm,"Based on the findings from Sonia Yet et al. 2022, demand projections are indexed through projected national GDP growth (2019=100), using estimates from the Current Measures Scenario of the Canada's Energy Futures 2023. Initial demand is obtained from 2021 subsector activity, which was impacted by the COVID-19 pandemic.",T17,,,,,,TRPHRAB001
AB,2035,T_D_pkm_hdv_bic,1.085034729,bpkm,"Based on the findings from Sonia Yet et al. 2022, demand projections are indexed through projected national GDP growth (2019=100), using estimates from the Current Measures Scenario of the Canada's Energy Futures 2023. Initial demand is obtained from 2021 subsector activity, which was impacted by the COVID-19 pandemic.",T17,,,,,,TRPHRAB001
AB,2040,T_D_pkm_hdv_bic,1.156879094,bpkm,"Based on the findings from Sonia Yet et al. 2022, demand projections are indexed through projected national GDP growth (2019=100), using estimates from the Current Measures Scenario of the Canada's Energy Futures 2023. Initial demand is obtained from 2021 subsector activity, which was impacted by the COVID-19 pandemic.",T17,,,,,,TRPHRAB001
AB,2045,T_D_pkm_hdv_bic,1.238781303,bpkm,"Based on the findings from Sonia Yet et al. 2022, demand projections are indexed through projected national GDP growth (2019=100), using estimates from the Current Measures Scenario of the Canada's Energy Futures 2023. Initial demand is obtained from 2021 subsector activity, which was impacted by the COVID-19 pandemic.",T17,,,,,,TRPHRAB001
AB,2025,T_D_pkm_hdv_bs,6.546800459,bpkm,"Based on the findings from Sonia Yet et al. 2022, demand projections are indexed through projected national GDP growth (2019=100), using estimates from the Current Measures Scenario of the Canada's Energy Futures 2023. Initial demand is obtained from 2021 subsector activity, which was impacted by the COVID-19 pandemic.",T17,,,,,,TRPHRAB001
AB,2030,T_D_pkm_hdv_bs,7.051953359,bpkm,"Based on the findings from Sonia Yet et al. 2022, demand projections are indexed through projected national GDP growth (2019=100), using estimates from the Current Measures Scenario of the Canada's Energy Futures 2023. Initial demand is obtained from 2021 subsector activity, which was impacted by the COVID-19 pandemic.",T17,,,,,,TRPHRAB001
AB,2035,T_D_pkm_hdv_bs,7.559997112,bpkm,"Based on the findings from Sonia Yet et al. 2022, demand projections are indexed through projected national GDP growth (2019=100), using estimates from the Current Measures Scenario of the Canada's Energy Futures 2023. Initial demand is obtained from 2021 subsector activity, which was impacted by the COVID-19 pandemic.",T17,,,,,,TRPHRAB001
AB,2040,T_D_pkm_hdv_bs,8.060573896,bpkm,"Based on the findings from Sonia Yet et al. 2022, demand projections are indexed through projected national GDP growth (2019=100), using estimates from the Current Measures Scenario of the Canada's Energy Futures 2023. Initial demand is obtained from 2021 subsector activity, which was impacted by the COVID-19 pandemic.",T17,,,,,,TRPHRAB001
AB,2045,T_D_pkm_hdv_bs,8.631228865,bpkm,"Based on the findings from Sonia Yet et al. 2022, demand projections are indexed through projected national GDP growth (2019=100), using estimates from the Current Measures Scenario of the Canada's Energy Futures 2023. Initial demand is obtained from 2021 subsector activity, which was impacted by the COVID-19 pandemic.",T17,,,,,,TRPHRAB001
AB,2025,T_D_pkm_hdv_bt,4.025262312,bpkm,"Based on the findings from Sonia Yet et al. 2022, demand projections are indexed through projected national GDP growth (2019=100), using estimates from the Current Measures Scenario of the Canada's Energy Futures 2023. Initial demand is obtained from 2021 subsector activity, which was impacted by the COVID-19 pandemic.",T17,,,,,,TRPHRAB001
AB,2030,T_D_pkm_hdv_bt,4.335852644,bpkm,"Based on the findings from Sonia Yet et al. 2022, demand projections are indexed through projected national GDP growth (2019=100), using estimates from the Current Measures Scenario of the Canada's Energy Futures 2023. Initial demand is obtained from 2021 subsector activity, which was impacted by the COVID-19 pandemic.",T17,,,,,,TRPHRAB001
AB,2035,T_D_pkm_hdv_bt,4.648220401,bpkm,"Based on the findings from Sonia Yet et al. 2022, demand projections are indexed through projected national GDP growth (2019=100), using estimates from the Current Measures Scenario of the Canada's Energy Futures 2023. Initial demand is obtained from 2021 subsector activity, which was impacted by the COVID-19 pandemic.",T17,,,,,,TRPHRAB001
AB,2040,T_D_pkm_hdv_bt,4.955997134,bpkm,"Based on the findings from Sonia Yet et al. 2022, demand projections are indexed through projected national GDP growth (2019=100), using estimates from the Current Measures Scenario of the Canada's Energy Futures 2023. Initial demand is obtained from 2021 subsector activity, which was impacted by the COVID-19 pandemic.",T17,,,,,,TRPHRAB001
AB,2045,T_D_pkm_hdv_bt,5.306861034,bpkm,"Based on the findings from Sonia Yet et al. 2022, demand projections are indexed through projected national GDP growth (2019=100), using estimates from the Current Measures Scenario of the Canada's Energy Futures 2023. Initial demand is obtained from 2021 subsector activity, which was impacted by the COVID-19 pandemic.",T17,,,,,,TRPHRAB001
AB,2025,T_D_pkm_hdv_r,0.487559682,bpkm,"Based on the findings from Sonia Yet et al. 2022, demand projections are indexed through projected national GDP growth (2019=100), using estimates from the Current Measures Scenario of the Canada's Energy Futures 2023. Initial demand is obtained from 2021 subsector energy use divided by avg. energy intensity from 2015-2019 to estimate the provincial demand of this mode. This demand would also reflect the impact of COVID-19 on demands.",T17,,,,,,TRPHRAB001
AB,2030,T_D_pkm_hdv_r,0.525179919,bpkm,"Based on the findings from Sonia Yet et al. 2022, demand projections are indexed through projected national GDP growth (2019=100), using estimates from the Current Measures Scenario of the Canada's Energy Futures 2023. Initial demand is obtained from 2021 subsector energy use divided by avg. energy intensity from 2015-2019 to estimate the provincial demand of this mode. This demand would also reflect the impact of COVID-19 on demands.",T17,,,,,,TRPHRAB001
AB,2035,T_D_pkm_hdv_r,0.563015447,bpkm,"Based on the findings from Sonia Yet et al. 2022, demand projections are indexed through projected national GDP growth (2019=100), using estimates from the Current Measures Scenario of the Canada's Energy Futures 2023. Initial demand is obtained from 2021 subsector energy use divided by avg. energy intensity from 2015-2019 to estimate the provincial demand of this mode. This demand would also reflect the impact of COVID-19 on demands.",T17,,,,,,TRPHRAB001
AB,2040,T_D_pkm_hdv_r,0.600294888,bpkm,"Based on the findings from Sonia Yet et al. 2022, demand projections are indexed through projected national GDP growth (2019=100), using estimates from the Current Measures Scenario of the Canada's Energy Futures 2023. Initial demand is obtained from 2021 subsector energy use divided by avg. energy intensity from 2015-2019 to estimate the provincial demand of this mode. This demand would also reflect the impact of COVID-19 on demands.",T17,,,,,,TRPHRAB001
AB,2045,T_D_pkm_hdv_r,0.642793259,bpkm,"Based on the findings from Sonia Yet et al. 2022, demand projections are indexed through projected national GDP growth (2019=100), using estimates from the Current Measures Scenario of the Canada's Energy Futures 2023. Initial demand is obtained from 2021 subsector energy use divided by avg. energy intensity from 2015-2019 to estimate the provincial demand of this mode. This demand would also reflect the impact of COVID-19 on demands.",T17,,,,,,TRPHRAB001
AB,2025,T_D_pkm_ldv_m,0.735863633,bpkm,"Based on the findings from Sonia Yet et al. 2022, demand projections are indexed through projected national GDP growth (2019=100), using estimates from the Current Measures Scenario of the Canada's Energy Futures 2023. Initial demand is obtained from 2021 subsector activity, which was impacted by the COVID-19 pandemic.",T17,,,,,,TRPHRAB001
AB,2030,T_D_pkm_ldv_m,0.792643071,bpkm,"Based on the findings from Sonia Yet et al. 2022, demand projections are indexed through projected national GDP growth (2019=100), using estimates from the Current Measures Scenario of the Canada's Energy Futures 2023. Initial demand is obtained from 2021 subsector activity, which was impacted by the COVID-19 pandemic.",T17,,,,,,TRPHRAB001
AB,2035,T_D_pkm_ldv_m,0.849747442,bpkm,"Based on the findings from Sonia Yet et al. 2022, demand projections are indexed through projected national GDP growth (2019=100), using estimates from the Current Measures Scenario of the Canada's Energy Futures 2023. Initial demand is obtained from 2021 subsector activity, which was impacted by the COVID-19 pandemic.",T17,,,,,,TRPHRAB001
AB,2040,T_D_pkm_ldv_m,0.906012522,bpkm,"Based on the findings from Sonia Yet et al. 2022, demand projections are indexed through projected national GDP growth (2019=100), using estimates from the Current Measures Scenario of the Canada's Energy Futures 2023. Initial demand is obtained from 2021 subsector activity, which was impacted by the COVID-19 pandemic.",T17,,,,,,TRPHRAB001
AB,2045,T_D_pkm_ldv_m,0.970154425,bpkm,"Based on the findings from Sonia Yet et al. 2022, demand projections are indexed through projected national GDP growth (2019=100), using estimates from the Current Measures Scenario of the Canada's Energy Futures 2023. Initial demand is obtained from 2021 subsector activity, which was impacted by the COVID-19 pandemic.",T17,,,,,,TRPHRAB001
AB,2025,T_D_tkm_hdv_aj,0.442524714,btkm,"Based on the findings from Sonia Yet et al. 2022, demand projections are indexed through projected national GDP growth (2019=100), using estimates from the Current Measures Scenario of the Canada's Energy Futures 2023. Initial demand is obtained from 2021 subsector energy use divided by avg. energy intensity from 2015-2019 to estimate the provincial demand of this mode. This demand would also reflect the impact of COVID-19 on demands.",T17,,,,,,TRPHRAB001
AB,2030,T_D_tkm_hdv_aj,0.476670042,btkm,"Based on the findings from Sonia Yet et al. 2022, demand projections are indexed through projected national GDP growth (2019=100), using estimates from the Current Measures Scenario of the Canada's Energy Futures 2023. Initial demand is obtained from 2021 subsector energy use divided by avg. energy intensity from 2015-2019 to estimate the provincial demand of this mode. This demand would also reflect the impact of COVID-19 on demands.",T17,,,,,,TRPHRAB001
AB,2035,T_D_tkm_hdv_aj,0.511010773,btkm,"Based on the findings from Sonia Yet et al. 2022, demand projections are indexed through projected national GDP growth (2019=100), using estimates from the Current Measures Scenario of the Canada's Energy Futures 2023. Initial demand is obtained from 2021 subsector energy use divided by avg. energy intensity from 2015-2019 to estimate the provincial demand of this mode. This demand would also reflect the impact of COVID-19 on demands.",T17,,,,,,TRPHRAB001
AB,2040,T_D_tkm_hdv_aj,0.544846782,btkm,"Based on the findings from Sonia Yet et al. 2022, demand projections are indexed through projected national GDP growth (2019=100), using estimates from the Current Measures Scenario of the Canada's Energy Futures 2023. Initial demand is obtained from 2021 subsector energy use divided by avg. energy intensity from 2015-2019 to estimate the provincial demand of this mode. This demand would also reflect the impact of COVID-19 on demands.",T17,,,,,,TRPHRAB001
AB,2045,T_D_tkm_hdv_aj,0.583419659,btkm,"Based on the findings from Sonia Yet et al. 2022, demand projections are indexed through projected national GDP growth (2019=100), using estimates from the Current Measures Scenario of the Canada's Energy Futures 2023. Initial demand is obtained from 2021 subsector energy use divided by avg. energy intensity from 2015-2019 to estimate the provincial demand of this mode. This demand would also reflect the impact of COVID-19 on demands.",T17,,,,,,TRPHRAB001
AB,2025,T_D_tkm_hdv_r,137.939330325,btkm,"Based on the findings from Sonia Yet et al. 2022, demand projections are indexed through projected national GDP growth (2019=100), using estimates from the Current Measures Scenario of the Canada's Energy Futures 2023. Initial demand is obtained from 2021 subsector energy use divided by avg. energy intensity from 2015-2019 to estimate the provincial demand of this mode. This demand would also reflect the impact of COVID-19 on demands.",T17,,,,,,TRPHRAB001
AB,2030,T_D_tkm_hdv_r,148.582766478,btkm,"Based on the findings from Sonia Yet et al. 2022, demand projections are indexed through projected national GDP growth (2019=100), using estimates from the Current Measures Scenario of the Canada's Energy Futures 2023. Initial demand is obtained from 2021 subsector energy use divided by avg. energy intensity from 2015-2019 to estimate the provincial demand of this mode. This demand would also reflect the impact of COVID-19 on demands.",T17,,,,,,TRPHRAB001
AB,2035,T_D_tkm_hdv_r,159.287112137,btkm,"Based on the findings from Sonia Yet et al. 2022, demand projections are indexed through projected national GDP growth (2019=100), using estimates from the Current Measures Scenario of the Canada's Energy Futures 2023. Initial demand is obtained from 2021 subsector energy use divided by avg. energy intensity from 2015-2019 to estimate the provincial demand of this mode. This demand would also reflect the impact of COVID-19 on demands.",T17,,,,,,TRPHRAB001
AB,2040,T_D_tkm_hdv_r,169.834130759,btkm,"Based on the findings from Sonia Yet et al. 2022, demand projections are indexed through projected national GDP growth (2019=100), using estimates from the Current Measures Scenario of the Canada's Energy Futures 2023. Initial demand is obtained from 2021 subsector energy use divided by avg. energy intensity from 2015-2019 to estimate the provincial demand of this mode. This demand would also reflect the impact of COVID-19 on demands.",T17,,,,,,TRPHRAB001
AB,2045,T_D_tkm_hdv_r,181.857677943,btkm,"Based on the findings from Sonia Yet et al. 2022, demand projections are indexed through projected national GDP growth (2019=100), using estimates from the Current Measures Scenario of the Canada's Energy Futures 2023. Initial demand is obtained from 2021 subsector energy use divided by avg. energy intensity from 2015-2019 to estimate the provincial demand of this mode. This demand would also reflect the impact of COVID-19 on demands.",T17,,,,,,TRPHRAB001
AB,2025,T_D_tkm_hdv_wt,1.0,btkm,"Based on the findings from Sonia Yet et al. 2022, demand projections are indexed through projected national GDP growth (2019=100), using estimates from the Current Measures Scenario of the Canada's Energy Futures 2023. Initial demand is obtained from 2021 subsector energy use divided by avg. energy intensity from 2015-2019 to estimate the provincial demand of this mode. This demand would also reflect the impact of COVID-19 on demands.",T17,,,,,,TRPHRAB001
AB,2030,T_D_tkm_hdv_wt,1.0,btkm,"Based on the findings from Sonia Yet et al. 2022, demand projections are indexed through projected national GDP growth (2019=100), using estimates from the Current Measures Scenario of the Canada's Energy Futures 2023. Initial demand is obtained from 2021 subsector energy use divided by avg. energy intensity from 2015-2019 to estimate the provincial demand of this mode. This demand would also reflect the impact of COVID-19 on demands.",T17,,,,,,TRPHRAB001
AB,2035,T_D_tkm_hdv_wt,1.0,btkm,"Based on the findings from Sonia Yet et al. 2022, demand projections are indexed through projected national GDP growth (2019=100), using estimates from the Current Measures Scenario of the Canada's Energy Futures 2023. Initial demand is obtained from 2021 subsector energy use divided by avg. energy intensity from 2015-2019 to estimate the provincial demand of this mode. This demand would also reflect the impact of COVID-19 on demands.",T17,,,,,,TRPHRAB001
AB,2040,T_D_tkm_hdv_wt,1.0,btkm,"Based on the findings from Sonia Yet et al. 2022, demand projections are indexed through projected national GDP growth (2019=100), using estimates from the Current Measures Scenario of the Canada's Energy Futures 2023. Initial demand is obtained from 2021 subsector energy use divided by avg. energy intensity from 2015-2019 to estimate the provincial demand of this mode. This demand would also reflect the impact of COVID-19 on demands.",T17,,,,,,TRPHRAB001
AB,2045,T_D_tkm_hdv_wt,1.0,btkm,"Based on the findings from Sonia Yet et al. 2022, demand projections are indexed through projected national GDP growth (2019=100), using estimates from the Current Measures Scenario of the Canada's Energy Futures 2023. Initial demand is obtained from 2021 subsector energy use divided by avg. energy intensity from 2015-2019 to estimate the provincial demand of this mode. This demand would also reflect the impact of COVID-19 on demands.",T17,,,,,,TRPHRAB001
BC,2025,T_D_pj_off,22.099624804,PJ,"Dummy technology, to pass off-road demand directly in PJ. Off-road vehicles are assumed to consume diesel only. Based on the findings from Sonia Yet et al. 2022, demand projections are indexed through projected national GDP growth (2019=100), using estimates from the Current Measures Scenario of the Canada's Energy Futures 2023. Initial demand is obtained from 2021 subsector energy use, which was impacted by the COVID-19 pandemic.",T17,,,,,,TRPHRBC001
BC,2030,T_D_pj_off,23.80483785,PJ,"Dummy technology, to pass off-road demand directly in PJ. Off-road vehicles are assumed to consume diesel only. Based on the findings from Sonia Yet et al. 2022, demand projections are indexed through projected national GDP growth (2019=100), using estimates from the Current Measures Scenario of the Canada's Energy Futures 2023. Initial demand is obtained from 2021 subsector energy use, which was impacted by the COVID-19 pandemic.",T17,,,,,,TRPHRBC001
BC,2035,T_D_pj_off,25.519809369,PJ,"Dummy technology, to pass off-road demand directly in PJ. Off-road vehicles are assumed to consume diesel only. Based on the findings from Sonia Yet et al. 2022, demand projections are indexed through projected national GDP growth (2019=100), using estimates from the Current Measures Scenario of the Canada's Energy Futures 2023. Initial demand is obtained from 2021 subsector energy use, which was impacted by the COVID-19 pandemic.",T17,,,,,,TRPHRBC001
BC,2040,T_D_pj_off,27.209575107,PJ,"Dummy technology, to pass off-road demand directly in PJ. Off-road vehicles are assumed to consume diesel only. Based on the findings from Sonia Yet et al. 2022, demand projections are indexed through projected national GDP growth (2019=100), using estimates from the Current Measures Scenario of the Canada's Energy Futures 2023. Initial demand is obtained from 2021 subsector energy use, which was impacted by the COVID-19 pandemic.",T17,,,,,,TRPHRBC001
BC,2045,T_D_pj_off,29.13589939,PJ,"Dummy technology, to pass off-road demand directly in PJ. Off-road vehicles are assumed to consume diesel only. Based on the findings from Sonia Yet et al. 2022, demand projections are indexed through projected national GDP growth (2019=100), using estimates from the Current Measures Scenario of the Canada's Energy Futures 2023. Initial demand is obtained from 2021 subsector energy use, which was impacted by the COVID-19 pandemic.",T17,,,,,,TRPHRBC001
BC,2025,T_D_pkm_hdv_aj,72.064705749,bpkm,"Based on the findings from Sonia Yet et al. 2022, demand projections are indexed through projected national GDP growth (2019=100), using estimates from the Current Measures Scenario of the Canada's Energy Futures 2023. Initial demand is obtained from 2021 subsector energy use divided by avg. energy intensity from 2015-2019 to estimate the provincial demand of this mode. This demand would also reflect the impact of COVID-19 on demands.",T17,,,,,,TRPHRBC001
BC,2030,T_D_pkm_hdv_aj,77.625237998,bpkm,"Based on the findings from Sonia Yet et al. 2022, demand projections are indexed through projected national GDP growth (2019=100), using estimates from the Current Measures Scenario of the Canada's Energy Futures 2023. Initial demand is obtained from 2021 subsector energy use divided by avg. energy intensity from 2015-2019 to estimate the provincial demand of this mode. This demand would also reflect the impact of COVID-19 on demands.",T17,,,,,,TRPHRBC001
BC,2035,T_D_pkm_hdv_aj,83.217591667,bpkm,"Based on the findings from Sonia Yet et al. 2022, demand projections are indexed through projected national GDP growth (2019=100), using estimates from the Current Measures Scenario of the Canada's Energy Futures 2023. Initial demand is obtained from 2021 subsector energy use divided by avg. energy intensity from 2015-2019 to estimate the provincial demand of this mode. This demand would also reflect the impact of COVID-19 on demands.",T17,,,,,,TRPHRBC001
BC,2040,T_D_pkm_hdv_aj,88.727751763,bpkm,"Based on the findings from Sonia Yet et al. 2022, demand projections are indexed through projected national GDP growth (2019=100), using estimates from the Current Measures Scenario of the Canada's Energy Futures 2023. Initial demand is obtained from 2021 subsector energy use divided by avg. energy intensity from 2015-2019 to estimate the provincial demand of this mode. This demand would also reflect the impact of COVID-19 on demands.",T17,,,,,,TRPHRBC001
BC,2045,T_D_pkm_hdv_aj,95.009306036,bpkm,"Based on the findings from Sonia Yet et al. 2022, demand projections are indexed through projected national GDP growth (2019=100), using estimates from the Current Measures Scenario of the Canada's Energy Futures 2023. Initial demand is obtained from 2021 subsector energy use divided by avg. energy intensity from 2015-2019 to estimate the provincial demand of this mode. This demand would also reflect the impact of COVID-19 on demands.",T17,,,,,,TRPHRBC001
BC,2025,T_D_pkm_hdv_bic,0.827943987,bpkm,"Based on the findings from Sonia Yet et al. 2022, demand projections are indexed through projected national GDP growth (2019=100), using estimates from the Current Measures Scenario of the Canada's Energy Futures 2023. Initial demand is obtained from 2021 subsector activity, which was impacted by the COVID-19 pandemic.",T17,,,,,,TRPHRBC001
BC,2030,T_D_pkm_hdv_bic,0.89182837,bpkm,"Based on the findings from Sonia Yet et al. 2022, demand projections are indexed through projected national GDP growth (2019=100), using estimates from the Current Measures Scenario of the Canada's Energy Futures 2023. Initial demand is obtained from 2021 subsector activity, which was impacted by the COVID-19 pandemic.",T17,,,,,,TRPHRBC001
BC,2035,T_D_pkm_hdv_bic,0.956078345,bpkm,"Based on the findings from Sonia Yet et al. 2022, demand projections are indexed through projected national GDP growth (2019=100), using estimates from the Current Measures Scenario of the Canada's Energy Futures 2023. Initial demand is obtained from 2021 subsector activity, which was impacted by the COVID-19 pandemic.",T17,,,,,,TRPHRBC001
BC,2040,T_D_pkm_hdv_bic,1.019384008,bpkm,"Based on the findings from Sonia Yet et al. 2022, demand projections are indexed through projected national GDP growth (2019=100), using estimates from the Current Measures Scenario of the Canada's Energy Futures 2023. Initial demand is obtained from 2021 subsector activity, which was impacted by the COVID-19 pandemic.",T17,,,,,,TRPHRBC001
BC,2045,T_D_pkm_hdv_bic,1.091552138,bpkm,"Based on the findings from Sonia Yet et al. 2022, demand projections are indexed through projected national GDP growth (2019=100), using estimates from the Current Measures Scenario of the Canada's Energy Futures 2023. Initial demand is obtained from 2021 subsector activity, which was impacted by the COVID-19 pandemic.",T17,,,,,,TRPHRBC001
BC,2025,T_D_pkm_hdv_bs,4.951217588,bpkm,"Based on the findings from Sonia Yet et al. 2022, demand projections are indexed through projected national GDP growth (2019=100), using estimates from the Current Measures Scenario of the Canada's Energy Futures 2023. Initial demand is obtained from 2021 subsector activity, which was impacted by the COVID-19 pandemic.",T17,,,,,,TRPHRBC001
BC,2030,T_D_pkm_hdv_bs,5.333254881,bpkm,"Based on the findings from Sonia Yet et al. 2022, demand projections are indexed through projected national GDP growth (2019=100), using estimates from the Current Measures Scenario of the Canada's Energy Futures 2023. Initial demand is obtained from 2021 subsector activity, which was impacted by the COVID-19 pandemic.",T17,,,,,,TRPHRBC001
BC,2035,T_D_pkm_hdv_bs,5.717478469,bpkm,"Based on the findings from Sonia Yet et al. 2022, demand projections are indexed through projected national GDP growth (2019=100), using estimates from the Current Measures Scenario of the Canada's Energy Futures 2023. Initial demand is obtained from 2021 subsector activity, which was impacted by the COVID-19 pandemic.",T17,,,,,,TRPHRBC001
BC,2040,T_D_pkm_hdv_bs,6.096054934,bpkm,"Based on the findings from Sonia Yet et al. 2022, demand projections are indexed through projected national GDP growth (2019=100), using estimates from the Current Measures Scenario of the Canada's Energy Futures 2023. Initial demand is obtained from 2021 subsector activity, which was impacted by the COVID-19 pandemic.",T17,,,,,,TRPHRBC001
BC,2045,T_D_pkm_hdv_bs,6.527630165,bpkm,"Based on the findings from Sonia Yet et al. 2022, demand projections are indexed through projected national GDP growth (2019=100), using estimates from the Current Measures Scenario of the Canada's Energy Futures 2023. Initial demand is obtained from 2021 subsector activity, which was impacted by the COVID-19 pandemic.",T17,,,,,,TRPHRBC001
BC,2025,T_D_pkm_hdv_bt,3.763735031,bpkm,"Based on the findings from Sonia Yet et al. 2022, demand projections are indexed through projected national GDP growth (2019=100), using estimates from the Current Measures Scenario of the Canada's Energy Futures 2023. Initial demand is obtained from 2021 subsector activity, which was impacted by the COVID-19 pandemic.",T17,,,,,,TRPHRBC001
BC,2030,T_D_pkm_hdv_bt,4.054145848,bpkm,"Based on the findings from Sonia Yet et al. 2022, demand projections are indexed through projected national GDP growth (2019=100), using estimates from the Current Measures Scenario of the Canada's Energy Futures 2023. Initial demand is obtained from 2021 subsector activity, which was impacted by the COVID-19 pandemic.",T17,,,,,,TRPHRBC001
BC,2035,T_D_pkm_hdv_bt,4.346218606,bpkm,"Based on the findings from Sonia Yet et al. 2022, demand projections are indexed through projected national GDP growth (2019=100), using estimates from the Current Measures Scenario of the Canada's Energy Futures 2023. Initial demand is obtained from 2021 subsector activity, which was impacted by the COVID-19 pandemic.",T17,,,,,,TRPHRBC001
BC,2040,T_D_pkm_hdv_bt,4.633998628,bpkm,"Based on the findings from Sonia Yet et al. 2022, demand projections are indexed through projected national GDP growth (2019=100), using estimates from the Current Measures Scenario of the Canada's Energy Futures 2023. Initial demand is obtained from 2021 subsector activity, which was impacted by the COVID-19 pandemic.",T17,,,,,,TRPHRBC001
BC,2045,T_D_pkm_hdv_bt,4.962066378,bpkm,"Based on the findings from Sonia Yet et al. 2022, demand projections are indexed through projected national GDP growth (2019=100), using estimates from the Current Measures Scenario of the Canada's Energy Futures 2023. Initial demand is obtained from 2021 subsector activity, which was impacted by the COVID-19 pandemic.",T17,,,,,,TRPHRBC001
BC,2025,T_D_pkm_hdv_r,0.245956165,bpkm,"Based on the findings from Sonia Yet et al. 2022, demand projections are indexed through projected national GDP growth (2019=100), using estimates from the Current Measures Scenario of the Canada's Energy Futures 2023. Initial demand is obtained from 2021 subsector energy use divided by avg. energy intensity from 2015-2019 to estimate the provincial demand of this mode. This demand would also reflect the impact of COVID-19 on demands.",T17,,,,,,TRPHRBC001
BC,2030,T_D_pkm_hdv_r,0.26493421,bpkm,"Based on the findings from Sonia Yet et al. 2022, demand projections are indexed through projected national GDP growth (2019=100), using estimates from the Current Measures Scenario of the Canada's Energy Futures 2023. Initial demand is obtained from 2021 subsector energy use divided by avg. energy intensity from 2015-2019 to estimate the provincial demand of this mode. This demand would also reflect the impact of COVID-19 on demands.",T17,,,,,,TRPHRBC001
BC,2035,T_D_pkm_hdv_r,0.284020861,bpkm,"Based on the findings from Sonia Yet et al. 2022, demand projections are indexed through projected national GDP growth (2019=100), using estimates from the Current Measures Scenario of the Canada's Energy Futures 2023. Initial demand is obtained from 2021 subsector energy use divided by avg. energy intensity from 2015-2019 to estimate the provincial demand of this mode. This demand would also reflect the impact of COVID-19 on demands.",T17,,,,,,TRPHRBC001
BC,2040,T_D_pkm_hdv_r,0.302826985,bpkm,"Based on the findings from Sonia Yet et al. 2022, demand projections are indexed through projected national GDP growth (2019=100), using estimates from the Current Measures Scenario of the Canada's Energy Futures 2023. Initial demand is obtained from 2021 subsector energy use divided by avg. energy intensity from 2015-2019 to estimate the provincial demand of this mode. This demand would also reflect the impact of COVID-19 on demands.",T17,,,,,,TRPHRBC001
BC,2045,T_D_pkm_hdv_r,0.324265871,bpkm,"Based on the findings from Sonia Yet et al. 2022, demand projections are indexed through projected national GDP growth (2019=100), using estimates from the Current Measures Scenario of the Canada's Energy Futures 2023. Initial demand is obtained from 2021 subsector energy use divided by avg. energy intensity from 2015-2019 to estimate the provincial demand of this mode. This demand would also reflect the impact of COVID-19 on demands.",T17,,,,,,TRPHRBC001
BC,2025,T_D_pkm_ldv_m,0.454126332,bpkm,"Based on the findings from Sonia Yet et al. 2022, demand projections are indexed through projected national GDP growth (2019=100), using estimates from the Current Measures Scenario of the Canada's Energy Futures 2023. Initial demand is obtained from 2021 subsector activity, which was impacted by the COVID-19 pandemic.",T17,,,,,,TRPHRBC001
BC,2030,T_D_pkm_ldv_m,0.489166843,bpkm,"Based on the findings from Sonia Yet et al. 2022, demand projections are indexed through projected national GDP growth (2019=100), using estimates from the Current Measures Scenario of the Canada's Energy Futures 2023. Initial demand is obtained from 2021 subsector activity, which was impacted by the COVID-19 pandemic.",T17,,,,,,TRPHRBC001
BC,2035,T_D_pkm_ldv_m,0.524407881,bpkm,"Based on the findings from Sonia Yet et al. 2022, demand projections are indexed through projected national GDP growth (2019=100), using estimates from the Current Measures Scenario of the Canada's Energy Futures 2023. Initial demand is obtained from 2021 subsector activity, which was impacted by the COVID-19 pandemic.",T17,,,,,,TRPHRBC001
BC,2040,T_D_pkm_ldv_m,0.559130965,bpkm,"Based on the findings from Sonia Yet et al. 2022, demand projections are indexed through projected national GDP growth (2019=100), using estimates from the Current Measures Scenario of the Canada's Energy Futures 2023. Initial demand is obtained from 2021 subsector activity, which was impacted by the COVID-19 pandemic.",T17,,,,,,TRPHRBC001
BC,2045,T_D_pkm_ldv_m,0.598715102,bpkm,"Based on the findings from Sonia Yet et al. 2022, demand projections are indexed through projected national GDP growth (2019=100), using estimates from the Current Measures Scenario of the Canada's Energy Futures 2023. Initial demand is obtained from 2021 subsector activity, which was impacted by the COVID-19 pandemic.",T17,,,,,,TRPHRBC001
BC,2025,T_D_tkm_hdv_aj,0.957598496,btkm,"Based on the findings from Sonia Yet et al. 2022, demand projections are indexed through projected national GDP growth (2019=100), using estimates from the Current Measures Scenario of the Canada's Energy Futures 2023. Initial demand is obtained from 2021 subsector energy use divided by avg. energy intensity from 2015-2019 to estimate the provincial demand of this mode. This demand would also reflect the impact of COVID-19 on demands.",T17,,,,,,TRPHRBC001
BC,2030,T_D_tkm_hdv_aj,1.031487056,btkm,"Based on the findings from Sonia Yet et al. 2022, demand projections are indexed through projected national GDP growth (2019=100), using estimates from the Current Measures Scenario of the Canada's Energy Futures 2023. Initial demand is obtained from 2021 subsector energy use divided by avg. energy intensity from 2015-2019 to estimate the provincial demand of this mode. This demand would also reflect the impact of COVID-19 on demands.",T17,,,,,,TRPHRBC001
BC,2035,T_D_tkm_hdv_aj,1.10579846,btkm,"Based on the findings from Sonia Yet et al. 2022, demand projections are indexed through projected national GDP growth (2019=100), using estimates from the Current Measures Scenario of the Canada's Energy Futures 2023. Initial demand is obtained from 2021 subsector energy use divided by avg. energy intensity from 2015-2019 to estimate the provincial demand of this mode. This demand would also reflect the impact of COVID-19 on demands.",T17,,,,,,TRPHRBC001
BC,2040,T_D_tkm_hdv_aj,1.179017672,btkm,"Based on the findings from Sonia Yet et al. 2022, demand projections are indexed through projected national GDP growth (2019=100), using estimates from the Current Measures Scenario of the Canada's Energy Futures 2023. Initial demand is obtained from 2021 subsector energy use divided by avg. energy intensity from 2015-2019 to estimate the provincial demand of this mode. This demand would also reflect the impact of COVID-19 on demands.",T17,,,,,,TRPHRBC001
BC,2045,T_D_tkm_hdv_aj,1.2624872,btkm,"Based on the findings from Sonia Yet et al. 2022, demand projections are indexed through projected national GDP growth (2019=100), using estimates from the Current Measures Scenario of the Canada's Energy Futures 2023. Initial demand is obtained from 2021 subsector energy use divided by avg. energy intensity from 2015-2019 to estimate the provincial demand of this mode. This demand would also reflect the impact of COVID-19 on demands.",T17,,,,,,TRPHRBC001
BC,2025,T_D_tkm_hdv_r,69.585366229,btkm,"Based on the findings from Sonia Yet et al. 2022, demand projections are indexed through projected national GDP growth (2019=100), using estimates from the Current Measures Scenario of the Canada's Energy Futures 2023. Initial demand is obtained from 2021 subsector energy use divided by avg. energy intensity from 2015-2019 to estimate the provincial demand of this mode. This demand would also reflect the impact of COVID-19 on demands.",T17,,,,,,TRPHRBC001
BC,2030,T_D_tkm_hdv_r,74.954591967,btkm,"Based on the findings from Sonia Yet et al. 2022, demand projections are indexed through projected national GDP growth (2019=100), using estimates from the Current Measures Scenario of the Canada's Energy Futures 2023. Initial demand is obtained from 2021 subsector energy use divided by avg. energy intensity from 2015-2019 to estimate the provincial demand of this mode. This demand would also reflect the impact of COVID-19 on demands.",T17,,,,,,TRPHRBC001
BC,2035,T_D_tkm_hdv_r,80.354544331,btkm,"Based on the findings from Sonia Yet et al. 2022, demand projections are indexed through projected national GDP growth (2019=100), using estimates from the Current Measures Scenario of the Canada's Energy Futures 2023. Initial demand is obtained from 2021 subsector energy use divided by avg. energy intensity from 2015-2019 to estimate the provincial demand of this mode. This demand would also reflect the impact of COVID-19 on demands.",T17,,,,,,TRPHRBC001
BC,2040,T_D_tkm_hdv_r,85.675130938,btkm,"Based on the findings from Sonia Yet et al. 2022, demand projections are indexed through projected national GDP growth (2019=100), using estimates from the Current Measures Scenario of the Canada's Energy Futures 2023. Initial demand is obtained from 2021 subsector energy use divided by avg. energy intensity from 2015-2019 to estimate the provincial demand of this mode. This demand would also reflect the impact of COVID-19 on demands.",T17,,,,,,TRPHRBC001
BC,2045,T_D_tkm_hdv_r,91.740572405,btkm,"Based on the findings from Sonia Yet et al. 2022, demand projections are indexed through projected national GDP growth (2019=100), using estimates from the Current Measures Scenario of the Canada's Energy Futures 2023. Initial demand is obtained from 2021 subsector energy use divided by avg. energy intensity from 2015-2019 to estimate the provincial demand of this mode. This demand would also reflect the impact of COVID-19 on demands.",T17,,,,,,TRPHRBC001
BC,2025,T_D_tkm_hdv_wt,110.959840734,btkm,"Based on the findings from Sonia Yet et al. 2022, demand projections are indexed through projected national GDP growth (2019=100), using estimates from the Current Measures Scenario of the Canada's Energy Futures 2023. Initial demand is obtained from 2021 subsector energy use divided by avg. energy intensity from 2015-2019 to estimate the provincial demand of this mode. This demand would also reflect the impact of COVID-19 on demands.",T17,,,,,,TRPHRBC001
BC,2030,T_D_tkm_hdv_wt,119.521532151,btkm,"Based on the findings from Sonia Yet et al. 2022, demand projections are indexed through projected national GDP growth (2019=100), using estimates from the Current Measures Scenario of the Canada's Energy Futures 2023. Initial demand is obtained from 2021 subsector energy use divided by avg. energy intensity from 2015-2019 to estimate the provincial demand of this mode. This demand would also reflect the impact of COVID-19 on demands.",T17,,,,,,TRPHRBC001
BC,2035,T_D_tkm_hdv_wt,128.132219811,btkm,"Based on the findings from Sonia Yet et al. 2022, demand projections are indexed through projected national GDP growth (2019=100), using estimates from the Current Measures Scenario of the Canada's Energy Futures 2023. Initial demand is obtained from 2021 subsector energy use divided by avg. energy intensity from 2015-2019 to estimate the provincial demand of this mode. This demand would also reflect the impact of COVID-19 on demands.",T17,,,,,,TRPHRBC001
BC,2040,T_D_tkm_hdv_wt,136.616351956,btkm,"Based on the findings from Sonia Yet et al. 2022, demand projections are indexed through projected national GDP growth (2019=100), using estimates from the Current Measures Scenario of the Canada's Energy Futures 2023. Initial demand is obtained from 2021 subsector energy use divided by avg. energy intensity from 2015-2019 to estimate the provincial demand of this mode. This demand would also reflect the impact of COVID-19 on demands.",T17,,,,,,TRPHRBC001
BC,2045,T_D_tkm_hdv_wt,146.288219127,btkm,"Based on the findings from Sonia Yet et al. 2022, demand projections are indexed through projected national GDP growth (2019=100), using estimates from the Current Measures Scenario of the Canada's Energy Futures 2023. Initial demand is obtained from 2021 subsector energy use divided by avg. energy intensity from 2015-2019 to estimate the provincial demand of this mode. This demand would also reflect the impact of COVID-19 on demands.",T17,,,,,,TRPHRBC001
MB,2025,T_D_pj_off,4.814258715,PJ,"Dummy technology, to pass off-road demand directly in PJ. Off-road vehicles are assumed to consume diesel only. Based on the findings from Sonia Yet et al. 2022, demand projections are indexed through projected national GDP growth (2019=100), using estimates from the Current Measures Scenario of the Canada's Energy Futures 2023. Initial demand is obtained from 2021 subsector energy use, which was impacted by the COVID-19 pandemic.",T17,,,,,,TRPHRMB001
MB,2030,T_D_pj_off,5.185728223,PJ,"Dummy technology, to pass off-road demand directly in PJ. Off-road vehicles are assumed to consume diesel only. Based on the findings from Sonia Yet et al. 2022, demand projections are indexed through projected national GDP growth (2019=100), using estimates from the Current Measures Scenario of the Canada's Energy Futures 2023. Initial demand is obtained from 2021 subsector energy use, which was impacted by the COVID-19 pandemic.",T17,,,,,,TRPHRMB001
MB,2035,T_D_pj_off,5.559323552,PJ,"Dummy technology, to pass off-road demand directly in PJ. Off-road vehicles are assumed to consume diesel only. Based on the findings from Sonia Yet et al. 2022, demand projections are indexed through projected national GDP growth (2019=100), using estimates from the Current Measures Scenario of the Canada's Energy Futures 2023. Initial demand is obtained from 2021 subsector energy use, which was impacted by the COVID-19 pandemic.",T17,,,,,,TRPHRMB001
MB,2040,T_D_pj_off,5.927427965,PJ,"Dummy technology, to pass off-road demand directly in PJ. Off-road vehicles are assumed to consume diesel only. Based on the findings from Sonia Yet et al. 2022, demand projections are indexed through projected national GDP growth (2019=100), using estimates from the Current Measures Scenario of the Canada's Energy Futures 2023. Initial demand is obtained from 2021 subsector energy use, which was impacted by the COVID-19 pandemic.",T17,,,,,,TRPHRMB001
MB,2045,T_D_pj_off,6.347065111,PJ,"Dummy technology, to pass off-road demand directly in PJ. Off-road vehicles are assumed to consume diesel only. Based on the findings from Sonia Yet et al. 2022, demand projections are indexed through projected national GDP growth (2019=100), using estimates from the Current Measures Scenario of the Canada's Energy Futures 2023. Initial demand is obtained from 2021 subsector energy use, which was impacted by the COVID-19 pandemic.",T17,,,,,,TRPHRMB001
MB,2025,T_D_pkm_hdv_aj,9.443085151,bpkm,"Based on the findings from Sonia Yet et al. 2022, demand projections are indexed through projected national GDP growth (2019=100), using estimates from the Current Measures Scenario of the Canada's Energy Futures 2023. Initial demand is obtained from 2021 subsector energy use divided by avg. energy intensity from 2015-2019 to estimate the provincial demand of this mode. This demand would also reflect the impact of COVID-19 on demands.",T17,,,,,,TRPHRMB001
MB,2030,T_D_pkm_hdv_aj,10.171716163,bpkm,"Based on the findings from Sonia Yet et al. 2022, demand projections are indexed through projected national GDP growth (2019=100), using estimates from the Current Measures Scenario of the Canada's Energy Futures 2023. Initial demand is obtained from 2021 subsector energy use divided by avg. energy intensity from 2015-2019 to estimate the provincial demand of this mode. This demand would also reflect the impact of COVID-19 on demands.",T17,,,,,,TRPHRMB001
MB,2035,T_D_pkm_hdv_aj,10.904516933,bpkm,"Based on the findings from Sonia Yet et al. 2022, demand projections are indexed through projected national GDP growth (2019=100), using estimates from the Current Measures Scenario of the Canada's Energy Futures 2023. Initial demand is obtained from 2021 subsector energy use divided by avg. energy intensity from 2015-2019 to estimate the provincial demand of this mode. This demand would also reflect the impact of COVID-19 on demands.",T17,,,,,,TRPHRMB001
MB,2040,T_D_pkm_hdv_aj,11.62654737,bpkm,"Based on the findings from Sonia Yet et al. 2022, demand projections are indexed through projected national GDP growth (2019=100), using estimates from the Current Measures Scenario of the Canada's Energy Futures 2023. Initial demand is obtained from 2021 subsector energy use divided by avg. energy intensity from 2015-2019 to estimate the provincial demand of this mode. This demand would also reflect the impact of COVID-19 on demands.",T17,,,,,,TRPHRMB001
MB,2045,T_D_pkm_hdv_aj,12.449658368,bpkm,"Based on the findings from Sonia Yet et al. 2022, demand projections are indexed through projected national GDP growth (2019=100), using estimates from the Current Measures Scenario of the Canada's Energy Futures 2023. Initial demand is obtained from 2021 subsector energy use divided by avg. energy intensity from 2015-2019 to estimate the provincial demand of this mode. This demand would also reflect the impact of COVID-19 on demands.",T17,,,,,,TRPHRMB001
MB,2025,T_D_pkm_hdv_bic,0.199445583,bpkm,"Based on the findings from Sonia Yet et al. 2022, demand projections are indexed through projected national GDP growth (2019=100), using estimates from the Current Measures Scenario of the Canada's Energy Futures 2023. Initial demand is obtained from 2021 subsector activity, which was impacted by the COVID-19 pandemic.",T17,,,,,,TRPHRMB001
MB,2030,T_D_pkm_hdv_bic,0.214834858,bpkm,"Based on the findings from Sonia Yet et al. 2022, demand projections are indexed through projected national GDP growth (2019=100), using estimates from the Current Measures Scenario of the Canada's Energy Futures 2023. Initial demand is obtained from 2021 subsector activity, which was impacted by the COVID-19 pandemic.",T17,,,,,,TRPHRMB001
MB,2035,T_D_pkm_hdv_bic,0.230312202,bpkm,"Based on the findings from Sonia Yet et al. 2022, demand projections are indexed through projected national GDP growth (2019=100), using estimates from the Current Measures Scenario of the Canada's Energy Futures 2023. Initial demand is obtained from 2021 subsector activity, which was impacted by the COVID-19 pandemic.",T17,,,,,,TRPHRMB001
MB,2040,T_D_pkm_hdv_bic,0.245562068,bpkm,"Based on the findings from Sonia Yet et al. 2022, demand projections are indexed through projected national GDP growth (2019=100), using estimates from the Current Measures Scenario of the Canada's Energy Futures 2023. Initial demand is obtained from 2021 subsector activity, which was impacted by the COVID-19 pandemic.",T17,,,,,,TRPHRMB001
MB,2045,T_D_pkm_hdv_bic,0.262946837,bpkm,"Based on the findings from Sonia Yet et al. 2022, demand projections are indexed through projected national GDP growth (2019=100), using estimates from the Current Measures Scenario of the Canada's Energy Futures 2023. Initial demand is obtained from 2021 subsector activity, which was impacted by the COVID-19 pandemic.",T17,,,,,,TRPHRMB001
MB,2025,T_D_pkm_hdv_bs,0.863996235,bpkm,"Based on the findings from Sonia Yet et al. 2022, demand projections are indexed through projected national GDP growth (2019=100), using estimates from the Current Measures Scenario of the Canada's Energy Futures 2023. Initial demand is obtained from 2021 subsector activity, which was impacted by the COVID-19 pandemic.",T17,,,,,,TRPHRMB001
MB,2030,T_D_pkm_hdv_bs,0.930662419,bpkm,"Based on the findings from Sonia Yet et al. 2022, demand projections are indexed through projected national GDP growth (2019=100), using estimates from the Current Measures Scenario of the Canada's Energy Futures 2023. Initial demand is obtained from 2021 subsector activity, which was impacted by the COVID-19 pandemic.",T17,,,,,,TRPHRMB001
MB,2035,T_D_pkm_hdv_bs,0.997710115,bpkm,"Based on the findings from Sonia Yet et al. 2022, demand projections are indexed through projected national GDP growth (2019=100), using estimates from the Current Measures Scenario of the Canada's Energy Futures 2023. Initial demand is obtained from 2021 subsector activity, which was impacted by the COVID-19 pandemic.",T17,,,,,,TRPHRMB001
MB,2040,T_D_pkm_hdv_bs,1.063772378,bpkm,"Based on the findings from Sonia Yet et al. 2022, demand projections are indexed through projected national GDP growth (2019=100), using estimates from the Current Measures Scenario of the Canada's Energy Futures 2023. Initial demand is obtained from 2021 subsector activity, which was impacted by the COVID-19 pandemic.",T17,,,,,,TRPHRMB001
MB,2045,T_D_pkm_hdv_bs,1.13908302,bpkm,"Based on the findings from Sonia Yet et al. 2022, demand projections are indexed through projected national GDP growth (2019=100), using estimates from the Current Measures Scenario of the Canada's Energy Futures 2023. Initial demand is obtained from 2021 subsector activity, which was impacted by the COVID-19 pandemic.",T17,,,,,,TRPHRMB001
MB,2025,T_D_pkm_hdv_bt,0.544110389,bpkm,"Based on the findings from Sonia Yet et al. 2022, demand projections are indexed through projected national GDP growth (2019=100), using estimates from the Current Measures Scenario of the Canada's Energy Futures 2023. Initial demand is obtained from 2021 subsector activity, which was impacted by the COVID-19 pandemic.",T17,,,,,,TRPHRMB001
MB,2030,T_D_pkm_hdv_bt,0.586094094,bpkm,"Based on the findings from Sonia Yet et al. 2022, demand projections are indexed through projected national GDP growth (2019=100), using estimates from the Current Measures Scenario of the Canada's Energy Futures 2023. Initial demand is obtained from 2021 subsector activity, which was impacted by the COVID-19 pandemic.",T17,,,,,,TRPHRMB001
MB,2035,T_D_pkm_hdv_bt,0.628318061,bpkm,"Based on the findings from Sonia Yet et al. 2022, demand projections are indexed through projected national GDP growth (2019=100), using estimates from the Current Measures Scenario of the Canada's Energy Futures 2023. Initial demand is obtained from 2021 subsector activity, which was impacted by the COVID-19 pandemic.",T17,,,,,,TRPHRMB001
MB,2040,T_D_pkm_hdv_bt,0.669921441,bpkm,"Based on the findings from Sonia Yet et al. 2022, demand projections are indexed through projected national GDP growth (2019=100), using estimates from the Current Measures Scenario of the Canada's Energy Futures 2023. Initial demand is obtained from 2021 subsector activity, which was impacted by the COVID-19 pandemic.",T17,,,,,,TRPHRMB001
MB,2045,T_D_pkm_hdv_bt,0.717349082,bpkm,"Based on the findings from Sonia Yet et al. 2022, demand projections are indexed through projected national GDP growth (2019=100), using estimates from the Current Measures Scenario of the Canada's Energy Futures 2023. Initial demand is obtained from 2021 subsector activity, which was impacted by the COVID-19 pandemic.",T17,,,,,,TRPHRMB001
MB,2025,T_D_pkm_hdv_r,0.223605453,bpkm,"Based on the findings from Sonia Yet et al. 2022, demand projections are indexed through projected national GDP growth (2019=100), using estimates from the Current Measures Scenario of the Canada's Energy Futures 2023. Initial demand is obtained from 2021 subsector energy use divided by avg. energy intensity from 2015-2019 to estimate the provincial demand of this mode. This demand would also reflect the impact of COVID-19 on demands.",T17,,,,,,TRPHRMB001
MB,2030,T_D_pkm_hdv_r,0.240858911,bpkm,"Based on the findings from Sonia Yet et al. 2022, demand projections are indexed through projected national GDP growth (2019=100), using estimates from the Current Measures Scenario of the Canada's Energy Futures 2023. Initial demand is obtained from 2021 subsector energy use divided by avg. energy intensity from 2015-2019 to estimate the provincial demand of this mode. This demand would also reflect the impact of COVID-19 on demands.",T17,,,,,,TRPHRMB001
MB,2035,T_D_pkm_hdv_r,0.258211105,bpkm,"Based on the findings from Sonia Yet et al. 2022, demand projections are indexed through projected national GDP growth (2019=100), using estimates from the Current Measures Scenario of the Canada's Energy Futures 2023. Initial demand is obtained from 2021 subsector energy use divided by avg. energy intensity from 2015-2019 to estimate the provincial demand of this mode. This demand would also reflect the impact of COVID-19 on demands.",T17,,,,,,TRPHRMB001
MB,2040,T_D_pkm_hdv_r,0.275308266,bpkm,"Based on the findings from Sonia Yet et al. 2022, demand projections are indexed through projected national GDP growth (2019=100), using estimates from the Current Measures Scenario of the Canada's Energy Futures 2023. Initial demand is obtained from 2021 subsector energy use divided by avg. energy intensity from 2015-2019 to estimate the provincial demand of this mode. This demand would also reflect the impact of COVID-19 on demands.",T17,,,,,,TRPHRMB001
MB,2045,T_D_pkm_hdv_r,0.294798941,bpkm,"Based on the findings from Sonia Yet et al. 2022, demand projections are indexed through projected national GDP growth (2019=100), using estimates from the Current Measures Scenario of the Canada's Energy Futures 2023. Initial demand is obtained from 2021 subsector energy use divided by avg. energy intensity from 2015-2019 to estimate the provincial demand of this mode. This demand would also reflect the impact of COVID-19 on demands.",T17,,,,,,TRPHRMB001
MB,2025,T_D_pkm_ldv_m,0.180754312,bpkm,"Based on the findings from Sonia Yet et al. 2022, demand projections are indexed through projected national GDP growth (2019=100), using estimates from the Current Measures Scenario of the Canada's Energy Futures 2023. Initial demand is obtained from 2021 subsector activity, which was impacted by the COVID-19 pandemic.",T17,,,,,,TRPHRMB001
MB,2030,T_D_pkm_ldv_m,0.194701364,bpkm,"Based on the findings from Sonia Yet et al. 2022, demand projections are indexed through projected national GDP growth (2019=100), using estimates from the Current Measures Scenario of the Canada's Energy Futures 2023. Initial demand is obtained from 2021 subsector activity, which was impacted by the COVID-19 pandemic.",T17,,,,,,TRPHRMB001
MB,2035,T_D_pkm_ldv_m,0.208728231,bpkm,"Based on the findings from Sonia Yet et al. 2022, demand projections are indexed through projected national GDP growth (2019=100), using estimates from the Current Measures Scenario of the Canada's Energy Futures 2023. Initial demand is obtained from 2021 subsector activity, which was impacted by the COVID-19 pandemic.",T17,,,,,,TRPHRMB001
MB,2040,T_D_pkm_ldv_m,0.222548938,bpkm,"Based on the findings from Sonia Yet et al. 2022, demand projections are indexed through projected national GDP growth (2019=100), using estimates from the Current Measures Scenario of the Canada's Energy Futures 2023. Initial demand is obtained from 2021 subsector activity, which was impacted by the COVID-19 pandemic.",T17,,,,,,TRPHRMB001
MB,2045,T_D_pkm_ldv_m,0.238304473,bpkm,"Based on the findings from Sonia Yet et al. 2022, demand projections are indexed through projected national GDP growth (2019=100), using estimates from the Current Measures Scenario of the Canada's Energy Futures 2023. Initial demand is obtained from 2021 subsector activity, which was impacted by the COVID-19 pandemic.",T17,,,,,,TRPHRMB001
MB,2025,T_D_tkm_hdv_aj,0.120824937,btkm,"Based on the findings from Sonia Yet et al. 2022, demand projections are indexed through projected national GDP growth (2019=100), using estimates from the Current Measures Scenario of the Canada's Energy Futures 2023. Initial demand is obtained from 2021 subsector energy use divided by avg. energy intensity from 2015-2019 to estimate the provincial demand of this mode. This demand would also reflect the impact of COVID-19 on demands.",T17,,,,,,TRPHRMB001
MB,2030,T_D_tkm_hdv_aj,0.130147822,btkm,"Based on the findings from Sonia Yet et al. 2022, demand projections are indexed through projected national GDP growth (2019=100), using estimates from the Current Measures Scenario of the Canada's Energy Futures 2023. Initial demand is obtained from 2021 subsector energy use divided by avg. energy intensity from 2015-2019 to estimate the provincial demand of this mode. This demand would also reflect the impact of COVID-19 on demands.",T17,,,,,,TRPHRMB001
MB,2035,T_D_tkm_hdv_aj,0.13952406,btkm,"Based on the findings from Sonia Yet et al. 2022, demand projections are indexed through projected national GDP growth (2019=100), using estimates from the Current Measures Scenario of the Canada's Energy Futures 2023. Initial demand is obtained from 2021 subsector energy use divided by avg. energy intensity from 2015-2019 to estimate the provincial demand of this mode. This demand would also reflect the impact of COVID-19 on demands.",T17,,,,,,TRPHRMB001
MB,2040,T_D_tkm_hdv_aj,0.14876249,btkm,"Based on the findings from Sonia Yet et al. 2022, demand projections are indexed through projected national GDP growth (2019=100), using estimates from the Current Measures Scenario of the Canada's Energy Futures 2023. Initial demand is obtained from 2021 subsector energy use divided by avg. energy intensity from 2015-2019 to estimate the provincial demand of this mode. This demand would also reflect the impact of COVID-19 on demands.",T17,,,,,,TRPHRMB001
MB,2045,T_D_tkm_hdv_aj,0.159294253,btkm,"Based on the findings from Sonia Yet et al. 2022, demand projections are indexed through projected national GDP growth (2019=100), using estimates from the Current Measures Scenario of the Canada's Energy Futures 2023. Initial demand is obtained from 2021 subsector energy use divided by avg. energy intensity from 2015-2019 to estimate the provincial demand of this mode. This demand would also reflect the impact of COVID-19 on demands.",T17,,,,,,TRPHRMB001
MB,2025,T_D_tkm_hdv_r,63.261944959,btkm,"Based on the findings from Sonia Yet et al. 2022, demand projections are indexed through projected national GDP growth (2019=100), using estimates from the Current Measures Scenario of the Canada's Energy Futures 2023. Initial demand is obtained from 2021 subsector energy use divided by avg. energy intensity from 2015-2019 to estimate the provincial demand of this mode. This demand would also reflect the impact of COVID-19 on demands.",T17,,,,,,TRPHRMB001
MB,2030,T_D_tkm_hdv_r,68.143253796,btkm,"Based on the findings from Sonia Yet et al. 2022, demand projections are indexed through projected national GDP growth (2019=100), using estimates from the Current Measures Scenario of the Canada's Energy Futures 2023. Initial demand is obtained from 2021 subsector energy use divided by avg. energy intensity from 2015-2019 to estimate the provincial demand of this mode. This demand would also reflect the impact of COVID-19 on demands.",T17,,,,,,TRPHRMB001
MB,2035,T_D_tkm_hdv_r,73.052497043,btkm,"Based on the findings from Sonia Yet et al. 2022, demand projections are indexed through projected national GDP growth (2019=100), using estimates from the Current Measures Scenario of the Canada's Energy Futures 2023. Initial demand is obtained from 2021 subsector energy use divided by avg. energy intensity from 2015-2019 to estimate the provincial demand of this mode. This demand would also reflect the impact of COVID-19 on demands.",T17,,,,,,TRPHRMB001
MB,2040,T_D_tkm_hdv_r,77.889586726,btkm,"Based on the findings from Sonia Yet et al. 2022, demand projections are indexed through projected national GDP growth (2019=100), using estimates from the Current Measures Scenario of the Canada's Energy Futures 2023. Initial demand is obtained from 2021 subsector energy use divided by avg. energy intensity from 2015-2019 to estimate the provincial demand of this mode. This demand would also reflect the impact of COVID-19 on demands.",T17,,,,,,TRPHRMB001
MB,2045,T_D_tkm_hdv_r,83.403844178,btkm,"Based on the findings from Sonia Yet et al. 2022, demand projections are indexed through projected national GDP growth (2019=100), using estimates from the Current Measures Scenario of the Canada's Energy Futures 2023. Initial demand is obtained from 2021 subsector energy use divided by avg. energy intensity from 2015-2019 to estimate the provincial demand of this mode. This demand would also reflect the impact of COVID-19 on demands.",T17,,,,,,TRPHRMB001
MB,2025,T_D_tkm_hdv_wt,1.0,btkm,"Based on the findings from Sonia Yet et al. 2022, demand projections are indexed through projected national GDP growth (2019=100), using estimates from the Current Measures Scenario of the Canada's Energy Futures 2023. Initial demand is obtained from 2021 subsector energy use divided by avg. energy intensity from 2015-2019 to estimate the provincial demand of this mode. This demand would also reflect the impact of COVID-19 on demands.",T17,,,,,,TRPHRMB001
MB,2030,T_D_tkm_hdv_wt,1.0,btkm,"Based on the findings from Sonia Yet et al. 2022, demand projections are indexed through projected national GDP growth (2019=100), using estimates from the Current Measures Scenario of the Canada's Energy Futures 2023. Initial demand is obtained from 2021 subsector energy use divided by avg. energy intensity from 2015-2019 to estimate the provincial demand of this mode. This demand would also reflect the impact of COVID-19 on demands.",T17,,,,,,TRPHRMB001
MB,2035,T_D_tkm_hdv_wt,1.0,btkm,"Based on the findings from Sonia Yet et al. 2022, demand projections are indexed through projected national GDP growth (2019=100), using estimates from the Current Measures Scenario of the Canada's Energy Futures 2023. Initial demand is obtained from 2021 subsector energy use divided by avg. energy intensity from 2015-2019 to estimate the provincial demand of this mode. This demand would also reflect the impact of COVID-19 on demands.",T17,,,,,,TRPHRMB001
MB,2040,T_D_tkm_hdv_wt,1.0,btkm,"Based on the findings from Sonia Yet et al. 2022, demand projections are indexed through projected national GDP growth (2019=100), using estimates from the Current Measures Scenario of the Canada's Energy Futures 2023. Initial demand is obtained from 2021 subsector energy use divided by avg. energy intensity from 2015-2019 to estimate the provincial demand of this mode. This demand would also reflect the impact of COVID-19 on demands.",T17,,,,,,TRPHRMB001
MB,2045,T_D_tkm_hdv_wt,1.0,btkm,"Based on the findings from Sonia Yet et al. 2022, demand projections are indexed through projected national GDP growth (2019=100), using estimates from the Current Measures Scenario of the Canada's Energy Futures 2023. Initial demand is obtained from 2021 subsector energy use divided by avg. energy intensity from 2015-2019 to estimate the provincial demand of this mode. This demand would also reflect the impact of COVID-19 on demands.",T17,,,,,,TRPHRMB001
NB,2025,T_D_pj_off,3.01428507118136,PJ,"Dummy technology, to pass off-road demand directly in PJ. Off-road vehicles are assumed to consume diesel only. Based on the findings from Sonia Yet et al. 2022, demand projections are indexed through projected national GDP growth (2019=100), using estimates from the Current Measures Scenario of the Canada's Energy Futures 2023. Initial demand is obtained from 2021 subsector energy use, which was impacted by the COVID-19 pandemic.",T17,,,,,,TRPHRNB001
NB,2030,T_D_pj_off,3.14567800114297,PJ,"Dummy technology, to pass off-road demand directly in PJ. Off-road vehicles are assumed to consume diesel only. Based on the findings from Sonia Yet et al. 2022, demand projections are indexed through projected national GDP growth (2019=100), using estimates from the Current Measures Scenario of the Canada's Energy Futures 2023. Initial demand is obtained from 2021 subsector energy use, which was impacted by the COVID-19 pandemic.",T17,,,,,,TRPHRNB001
NB,2035,T_D_pj_off,3.2491801861936,PJ,"Dummy technology, to pass off-road demand directly in PJ. Off-road vehicles are assumed to consume diesel only. Based on the findings from Sonia Yet et al. 2022, demand projections are indexed through projected national GDP growth (2019=100), using estimates from the Current Measures Scenario of the Canada's Energy Futures 2023. Initial demand is obtained from 2021 subsector energy use, which was impacted by the COVID-19 pandemic.",T17,,,,,,TRPHRNB001
NB,2040,T_D_pj_off,3.332182314971,PJ,"Dummy technology, to pass off-road demand directly in PJ. Off-road vehicles are assumed to consume diesel only. Based on the findings from Sonia Yet et al. 2022, demand projections are indexed through projected national GDP growth (2019=100), using estimates from the Current Measures Scenario of the Canada's Energy Futures 2023. Initial demand is obtained from 2021 subsector energy use, which was impacted by the COVID-19 pandemic.",T17,,,,,,TRPHRNB001
NB,2045,T_D_pj_off,3.40862000394429,PJ,"Dummy technology, to pass off-road demand directly in PJ. Off-road vehicles are assumed to consume diesel only. Based on the findings from Sonia Yet et al. 2022, demand projections are indexed through projected national GDP growth (2019=100), using estimates from the Current Measures Scenario of the Canada's Energy Futures 2023. Initial demand is obtained from 2021 subsector energy use, which was impacted by the COVID-19 pandemic.",T17,,,,,,TRPHRNB001
NB,2025,T_D_pkm_hdv_aj,14.6509549568104,bpkm,"Based on the findings from Sonia Yet et al. 2022, demand projections are indexed through projected national GDP growth (2019=100), using estimates from the Current Measures Scenario of the Canada's Energy Futures 2023. Initial demand is obtained from 2021 subsector energy use divided by avg. energy intensity from 2015-2019 to estimate the provincial demand of this mode. This demand would also reflect the impact of COVID-19 on demands.",T17,,,,,,TRPHRNB001
NB,2030,T_D_pkm_hdv_aj,14.8618904396991,bpkm,"Based on the findings from Sonia Yet et al. 2022, demand projections are indexed through projected national GDP growth (2019=100), using estimates from the Current Measures Scenario of the Canada's Energy Futures 2023. Initial demand is obtained from 2021 subsector energy use divided by avg. energy intensity from 2015-2019 to estimate the provincial demand of this mode. This demand would also reflect the impact of COVID-19 on demands.",T17,,,,,,TRPHRNB001
NB,2035,T_D_pkm_hdv_aj,15.0280506995402,bpkm,"Based on the findings from Sonia Yet et al. 2022, demand projections are indexed through projected national GDP growth (2019=100), using estimates from the Current Measures Scenario of the Canada's Energy Futures 2023. Initial demand is obtained from 2021 subsector energy use divided by avg. energy intensity from 2015-2019 to estimate the provincial demand of this mode. This demand would also reflect the impact of COVID-19 on demands.",T17,,,,,,TRPHRNB001
NB,2040,T_D_pkm_hdv_aj,15.1613005944894,bpkm,"Based on the findings from Sonia Yet et al. 2022, demand projections are indexed through projected national GDP growth (2019=100), using estimates from the Current Measures Scenario of the Canada's Energy Futures 2023. Initial demand is obtained from 2021 subsector energy use divided by avg. energy intensity from 2015-2019 to estimate the provincial demand of this mode. This demand would also reflect the impact of COVID-19 on demands.",T17,,,,,,TRPHRNB001
NB,2045,T_D_pkm_hdv_aj,15.2840120740126,bpkm,"Based on the findings from Sonia Yet et al. 2022, demand projections are indexed through projected national GDP growth (2019=100), using estimates from the Current Measures Scenario of the Canada's Energy Futures 2023. Initial demand is obtained from 2021 subsector energy use divided by avg. energy intensity from 2015-2019 to estimate the provincial demand of this mode. This demand would also reflect the impact of COVID-19 on demands.",T17,,,,,,TRPHRNB001
NB,2025,T_D_pkm_hdv_bic,0.20336533855534,bpkm,"Based on the findings from Sonia Yet et al. 2022, demand projections are indexed through projected national GDP growth (2019=100), using estimates from the Current Measures Scenario of the Canada's Energy Futures 2023. Initial demand is obtained from 2021 subsector activity, which was impacted by the COVID-19 pandemic.",T17,,,,,,TRPHRNB001
NB,2030,T_D_pkm_hdv_bic,0.208248269732098,bpkm,"Based on the findings from Sonia Yet et al. 2022, demand projections are indexed through projected national GDP growth (2019=100), using estimates from the Current Measures Scenario of the Canada's Energy Futures 2023. Initial demand is obtained from 2021 subsector activity, which was impacted by the COVID-19 pandemic.",T17,,,,,,TRPHRNB001
NB,2035,T_D_pkm_hdv_bic,0.212094702309513,bpkm,"Based on the findings from Sonia Yet et al. 2022, demand projections are indexed through projected national GDP growth (2019=100), using estimates from the Current Measures Scenario of the Canada's Energy Futures 2023. Initial demand is obtained from 2021 subsector activity, which was impacted by the COVID-19 pandemic.",T17,,,,,,TRPHRNB001
NB,2040,T_D_pkm_hdv_bic,0.215179295083743,bpkm,"Based on the findings from Sonia Yet et al. 2022, demand projections are indexed through projected national GDP growth (2019=100), using estimates from the Current Measures Scenario of the Canada's Energy Futures 2023. Initial demand is obtained from 2021 subsector activity, which was impacted by the COVID-19 pandemic.",T17,,,,,,TRPHRNB001
NB,2045,T_D_pkm_hdv_bic,0.218019934794541,bpkm,"Based on the findings from Sonia Yet et al. 2022, demand projections are indexed through projected national GDP growth (2019=100), using estimates from the Current Measures Scenario of the Canada's Energy Futures 2023. Initial demand is obtained from 2021 subsector activity, which was impacted by the COVID-19 pandemic.",T17,,,,,,TRPHRNB001
NB,2025,T_D_pkm_hdv_bs,1.45531578887626,bpkm,"Based on the findings from Sonia Yet et al. 2022, demand projections are indexed through projected national GDP growth (2019=100), using estimates from the Current Measures Scenario of the Canada's Energy Futures 2023. Initial demand is obtained from 2021 subsector activity, which was impacted by the COVID-19 pandemic.",T17,,,,,,TRPHRNB001
NB,2030,T_D_pkm_hdv_bs,1.48198026891175,bpkm,"Based on the findings from Sonia Yet et al. 2022, demand projections are indexed through projected national GDP growth (2019=100), using estimates from the Current Measures Scenario of the Canada's Energy Futures 2023. Initial demand is obtained from 2021 subsector activity, which was impacted by the COVID-19 pandemic.",T17,,,,,,TRPHRNB001
NB,2035,T_D_pkm_hdv_bs,1.50298468633146,bpkm,"Based on the findings from Sonia Yet et al. 2022, demand projections are indexed through projected national GDP growth (2019=100), using estimates from the Current Measures Scenario of the Canada's Energy Futures 2023. Initial demand is obtained from 2021 subsector activity, which was impacted by the COVID-19 pandemic.",T17,,,,,,TRPHRNB001
NB,2040,T_D_pkm_hdv_bs,1.51982888492216,bpkm,"Based on the findings from Sonia Yet et al. 2022, demand projections are indexed through projected national GDP growth (2019=100), using estimates from the Current Measures Scenario of the Canada's Energy Futures 2023. Initial demand is obtained from 2021 subsector activity, which was impacted by the COVID-19 pandemic.",T17,,,,,,TRPHRNB001
NB,2045,T_D_pkm_hdv_bs,1.53534091614167,bpkm,"Based on the findings from Sonia Yet et al. 2022, demand projections are indexed through projected national GDP growth (2019=100), using estimates from the Current Measures Scenario of the Canada's Energy Futures 2023. Initial demand is obtained from 2021 subsector activity, which was impacted by the COVID-19 pandemic.",T17,,,,,,TRPHRNB001
NB,2025,T_D_pkm_hdv_bt,0.856385461635098,bpkm,"Based on the findings from Sonia Yet et al. 2022, demand projections are indexed through projected national GDP growth (2019=100), using estimates from the Current Measures Scenario of the Canada's Energy Futures 2023. Initial demand is obtained from 2021 subsector activity, which was impacted by the COVID-19 pandemic.",T17,,,,,,TRPHRNB001
NB,2030,T_D_pkm_hdv_bt,0.877476502030042,bpkm,"Based on the findings from Sonia Yet et al. 2022, demand projections are indexed through projected national GDP growth (2019=100), using estimates from the Current Measures Scenario of the Canada's Energy Futures 2023. Initial demand is obtained from 2021 subsector activity, which was impacted by the COVID-19 pandemic.",T17,,,,,,TRPHRNB001
NB,2035,T_D_pkm_hdv_bt,0.894090552470244,bpkm,"Based on the findings from Sonia Yet et al. 2022, demand projections are indexed through projected national GDP growth (2019=100), using estimates from the Current Measures Scenario of the Canada's Energy Futures 2023. Initial demand is obtained from 2021 subsector activity, which was impacted by the COVID-19 pandemic.",T17,,,,,,TRPHRNB001
NB,2040,T_D_pkm_hdv_bt,0.90741395770538,bpkm,"Based on the findings from Sonia Yet et al. 2022, demand projections are indexed through projected national GDP growth (2019=100), using estimates from the Current Measures Scenario of the Canada's Energy Futures 2023. Initial demand is obtained from 2021 subsector activity, which was impacted by the COVID-19 pandemic.",T17,,,,,,TRPHRNB001
NB,2045,T_D_pkm_hdv_bt,0.919683646693236,bpkm,"Based on the findings from Sonia Yet et al. 2022, demand projections are indexed through projected national GDP growth (2019=100), using estimates from the Current Measures Scenario of the Canada's Energy Futures 2023. Initial demand is obtained from 2021 subsector activity, which was impacted by the COVID-19 pandemic.",T17,,,,,,TRPHRNB001
NB,2025,T_D_pkm_hdv_r,0.262879888106835,bpkm,"Based on the findings from Sonia Yet et al. 2022, demand projections are indexed through projected national GDP growth (2019=100), using estimates from the Current Measures Scenario of the Canada's Energy Futures 2023. Initial demand is obtained from 2021 subsector energy use divided by avg. energy intensity from 2015-2019 to estimate the provincial demand of this mode. This demand would also reflect the impact of COVID-19 on demands.",T17,,,,,,TRPHRNB001
NB,2030,T_D_pkm_hdv_r,0.262983377390892,bpkm,"Based on the findings from Sonia Yet et al. 2022, demand projections are indexed through projected national GDP growth (2019=100), using estimates from the Current Measures Scenario of the Canada's Energy Futures 2023. Initial demand is obtained from 2021 subsector energy use divided by avg. energy intensity from 2015-2019 to estimate the provincial demand of this mode. This demand would also reflect the impact of COVID-19 on demands.",T17,,,,,,TRPHRNB001
NB,2035,T_D_pkm_hdv_r,0.263064899030088,bpkm,"Based on the findings from Sonia Yet et al. 2022, demand projections are indexed through projected national GDP growth (2019=100), using estimates from the Current Measures Scenario of the Canada's Energy Futures 2023. Initial demand is obtained from 2021 subsector energy use divided by avg. energy intensity from 2015-2019 to estimate the provincial demand of this mode. This demand would also reflect the impact of COVID-19 on demands.",T17,,,,,,TRPHRNB001
NB,2040,T_D_pkm_hdv_r,0.263130274167737,bpkm,"Based on the findings from Sonia Yet et al. 2022, demand projections are indexed through projected national GDP growth (2019=100), using estimates from the Current Measures Scenario of the Canada's Energy Futures 2023. Initial demand is obtained from 2021 subsector energy use divided by avg. energy intensity from 2015-2019 to estimate the provincial demand of this mode. This demand would also reflect the impact of COVID-19 on demands.",T17,,,,,,TRPHRNB001
NB,2045,T_D_pkm_hdv_r,0.263190478942143,bpkm,"Based on the findings from Sonia Yet et al. 2022, demand projections are indexed through projected national GDP growth (2019=100), using estimates from the Current Measures Scenario of the Canada's Energy Futures 2023. Initial demand is obtained from 2021 subsector energy use divided by avg. energy intensity from 2015-2019 to estimate the provincial demand of this mode. This demand would also reflect the impact of COVID-19 on demands.",T17,,,,,,TRPHRNB001
NB,2025,T_D_pkm_ldv_m,0.143321700226575,bpkm,"Based on the findings from Sonia Yet et al. 2022, demand projections are indexed through projected national GDP growth (2019=100), using estimates from the Current Measures Scenario of the Canada's Energy Futures 2023. Initial demand is obtained from 2021 subsector activity, which was impacted by the COVID-19 pandemic.",T17,,,,,,TRPHRNB001
NB,2030,T_D_pkm_ldv_m,0.146946827414065,bpkm,"Based on the findings from Sonia Yet et al. 2022, demand projections are indexed through projected national GDP growth (2019=100), using estimates from the Current Measures Scenario of the Canada's Energy Futures 2023. Initial demand is obtained from 2021 subsector activity, which was impacted by the COVID-19 pandemic.",T17,,,,,,TRPHRNB001
NB,2035,T_D_pkm_ldv_m,0.149802449745505,bpkm,"Based on the findings from Sonia Yet et al. 2022, demand projections are indexed through projected national GDP growth (2019=100), using estimates from the Current Measures Scenario of the Canada's Energy Futures 2023. Initial demand is obtained from 2021 subsector activity, which was impacted by the COVID-19 pandemic.",T17,,,,,,TRPHRNB001
NB,2040,T_D_pkm_ldv_m,0.152092476109468,bpkm,"Based on the findings from Sonia Yet et al. 2022, demand projections are indexed through projected national GDP growth (2019=100), using estimates from the Current Measures Scenario of the Canada's Energy Futures 2023. Initial demand is obtained from 2021 subsector activity, which was impacted by the COVID-19 pandemic.",T17,,,,,,TRPHRNB001
NB,2045,T_D_pkm_ldv_m,0.154201389766595,bpkm,"Based on the findings from Sonia Yet et al. 2022, demand projections are indexed through projected national GDP growth (2019=100), using estimates from the Current Measures Scenario of the Canada's Energy Futures 2023. Initial demand is obtained from 2021 subsector activity, which was impacted by the COVID-19 pandemic.",T17,,,,,,TRPHRNB001
NB,2025,T_D_tkm_hdv_aj,0.180666045406577,btkm,"Based on the findings from Sonia Yet et al. 2022, demand projections are indexed through projected national GDP growth (2019=100), using estimates from the Current Measures Scenario of the Canada's Energy Futures 2023. Initial demand is obtained from 2021 subsector energy use divided by avg. energy intensity from 2015-2019 to estimate the provincial demand of this mode. This demand would also reflect the impact of COVID-19 on demands.",T17,,,,,,TRPHRNB001
NB,2030,T_D_tkm_hdv_aj,0.183562219951384,btkm,"Based on the findings from Sonia Yet et al. 2022, demand projections are indexed through projected national GDP growth (2019=100), using estimates from the Current Measures Scenario of the Canada's Energy Futures 2023. Initial demand is obtained from 2021 subsector energy use divided by avg. energy intensity from 2015-2019 to estimate the provincial demand of this mode. This demand would also reflect the impact of COVID-19 on demands.",T17,,,,,,TRPHRNB001
NB,2035,T_D_tkm_hdv_aj,0.185843624238229,btkm,"Based on the findings from Sonia Yet et al. 2022, demand projections are indexed through projected national GDP growth (2019=100), using estimates from the Current Measures Scenario of the Canada's Energy Futures 2023. Initial demand is obtained from 2021 subsector energy use divided by avg. energy intensity from 2015-2019 to estimate the provincial demand of this mode. This demand would also reflect the impact of COVID-19 on demands.",T17,,,,,,TRPHRNB001
NB,2040,T_D_tkm_hdv_aj,0.187673164477572,btkm,"Based on the findings from Sonia Yet et al. 2022, demand projections are indexed through projected national GDP growth (2019=100), using estimates from the Current Measures Scenario of the Canada's Energy Futures 2023. Initial demand is obtained from 2021 subsector energy use divided by avg. energy intensity from 2015-2019 to estimate the provincial demand of this mode. This demand would also reflect the impact of COVID-19 on demands.",T17,,,,,,TRPHRNB001
NB,2045,T_D_tkm_hdv_aj,0.189358010756081,btkm,"Based on the findings from Sonia Yet et al. 2022, demand projections are indexed through projected national GDP growth (2019=100), using estimates from the Current Measures Scenario of the Canada's Energy Futures 2023. Initial demand is obtained from 2021 subsector energy use divided by avg. energy intensity from 2015-2019 to estimate the provincial demand of this mode. This demand would also reflect the impact of COVID-19 on demands.",T17,,,,,,TRPHRNB001
NB,2025,T_D_tkm_hdv_r,74.3734058508343,btkm,"Based on the findings from Sonia Yet et al. 2022, demand projections are indexed through projected national GDP growth (2019=100), using estimates from the Current Measures Scenario of the Canada's Energy Futures 2023. Initial demand is obtained from 2021 subsector energy use divided by avg. energy intensity from 2015-2019 to estimate the provincial demand of this mode. This demand would also reflect the impact of COVID-19 on demands.",T17,,,,,,TRPHRNB001
NB,2030,T_D_tkm_hdv_r,74.4026850761008,btkm,"Based on the findings from Sonia Yet et al. 2022, demand projections are indexed through projected national GDP growth (2019=100), using estimates from the Current Measures Scenario of the Canada's Energy Futures 2023. Initial demand is obtained from 2021 subsector energy use divided by avg. energy intensity from 2015-2019 to estimate the provincial demand of this mode. This demand would also reflect the impact of COVID-19 on demands.",T17,,,,,,TRPHRNB001
NB,2035,T_D_tkm_hdv_r,74.4257492074246,btkm,"Based on the findings from Sonia Yet et al. 2022, demand projections are indexed through projected national GDP growth (2019=100), using estimates from the Current Measures Scenario of the Canada's Energy Futures 2023. Initial demand is obtained from 2021 subsector energy use divided by avg. energy intensity from 2015-2019 to estimate the provincial demand of this mode. This demand would also reflect the impact of COVID-19 on demands.",T17,,,,,,TRPHRNB001
NB,2040,T_D_tkm_hdv_r,74.4442451647549,btkm,"Based on the findings from Sonia Yet et al. 2022, demand projections are indexed through projected national GDP growth (2019=100), using estimates from the Current Measures Scenario of the Canada's Energy Futures 2023. Initial demand is obtained from 2021 subsector energy use divided by avg. energy intensity from 2015-2019 to estimate the provincial demand of this mode. This demand would also reflect the impact of COVID-19 on demands.",T17,,,,,,TRPHRNB001
NB,2045,T_D_tkm_hdv_r,74.4612783210666,btkm,"Based on the findings from Sonia Yet et al. 2022, demand projections are indexed through projected national GDP growth (2019=100), using estimates from the Current Measures Scenario of the Canada's Energy Futures 2023. Initial demand is obtained from 2021 subsector energy use divided by avg. energy intensity from 2015-2019 to estimate the provincial demand of this mode. This demand would also reflect the impact of COVID-19 on demands.",T17,,,,,,TRPHRNB001
NB,2025,T_D_tkm_hdv_wt,104.888327739031,btkm,"Based on the findings from Sonia Yet et al. 2022, demand projections are indexed through projected national GDP growth (2019=100), using estimates from the Current Measures Scenario of the Canada's Energy Futures 2023. Initial demand is obtained from 2021 subsector energy use divided by avg. energy intensity from 2015-2019 to estimate the provincial demand of this mode. This demand would also reflect the impact of COVID-19 on demands.",T17,,,,,,TRPHRNB001
NB,2030,T_D_tkm_hdv_wt,104.741699121394,btkm,"Based on the findings from Sonia Yet et al. 2022, demand projections are indexed through projected national GDP growth (2019=100), using estimates from the Current Measures Scenario of the Canada's Energy Futures 2023. Initial demand is obtained from 2021 subsector energy use divided by avg. energy intensity from 2015-2019 to estimate the provincial demand of this mode. This demand would also reflect the impact of COVID-19 on demands.",T17,,,,,,TRPHRNB001
NB,2035,T_D_tkm_hdv_wt,104.626195324341,btkm,"Based on the findings from Sonia Yet et al. 2022, demand projections are indexed through projected national GDP growth (2019=100), using estimates from the Current Measures Scenario of the Canada's Energy Futures 2023. Initial demand is obtained from 2021 subsector energy use divided by avg. energy intensity from 2015-2019 to estimate the provincial demand of this mode. This demand would also reflect the impact of COVID-19 on demands.",T17,,,,,,TRPHRNB001
NB,2040,T_D_tkm_hdv_wt,104.533568670783,btkm,"Based on the findings from Sonia Yet et al. 2022, demand projections are indexed through projected national GDP growth (2019=100), using estimates from the Current Measures Scenario of the Canada's Energy Futures 2023. Initial demand is obtained from 2021 subsector energy use divided by avg. energy intensity from 2015-2019 to estimate the provincial demand of this mode. This demand would also reflect the impact of COVID-19 on demands.",T17,,,,,,TRPHRNB001
NB,2045,T_D_tkm_hdv_wt,104.44826763767,btkm,"Based on the findings from Sonia Yet et al. 2022, demand projections are indexed through projected national GDP growth (2019=100), using estimates from the Current Measures Scenario of the Canada's Energy Futures 2023. Initial demand is obtained from 2021 subsector energy use divided by avg. energy intensity from 2015-2019 to estimate the provincial demand of this mode. This demand would also reflect the impact of COVID-19 on demands.",T17,,,,,,TRPHRNB001
NLLAB,2025,T_D_pj_off,1.98561558036673,PJ,"Dummy technology, to pass off-road demand directly in PJ. Off-road vehicles are assumed to consume diesel only. Based on the findings from Sonia Yet et al. 2022, demand projections are indexed through projected national GDP growth (2019=100), using estimates from the Current Measures Scenario of the Canada's Energy Futures 2023. Initial demand is obtained from 2021 subsector energy use, which was impacted by the COVID-19 pandemic.",T17,,,,,,TRPHRNLLAB001
NLLAB,2030,T_D_pj_off,2.06907112322984,PJ,"Dummy technology, to pass off-road demand directly in PJ. Off-road vehicles are assumed to consume diesel only. Based on the findings from Sonia Yet et al. 2022, demand projections are indexed through projected national GDP growth (2019=100), using estimates from the Current Measures Scenario of the Canada's Energy Futures 2023. Initial demand is obtained from 2021 subsector energy use, which was impacted by the COVID-19 pandemic.",T17,,,,,,TRPHRNLLAB001
NLLAB,2035,T_D_pj_off,2.13481157806815,PJ,"Dummy technology, to pass off-road demand directly in PJ. Off-road vehicles are assumed to consume diesel only. Based on the findings from Sonia Yet et al. 2022, demand projections are indexed through projected national GDP growth (2019=100), using estimates from the Current Measures Scenario of the Canada's Energy Futures 2023. Initial demand is obtained from 2021 subsector energy use, which was impacted by the COVID-19 pandemic.",T17,,,,,,TRPHRNLLAB001
NLLAB,2040,T_D_pj_off,2.18753121634318,PJ,"Dummy technology, to pass off-road demand directly in PJ. Off-road vehicles are assumed to consume diesel only. Based on the findings from Sonia Yet et al. 2022, demand projections are indexed through projected national GDP growth (2019=100), using estimates from the Current Measures Scenario of the Canada's Energy Futures 2023. Initial demand is obtained from 2021 subsector energy use, which was impacted by the COVID-19 pandemic.",T17,,,,,,TRPHRNLLAB001
NLLAB,2045,T_D_pj_off,2.23608138343029,PJ,"Dummy technology, to pass off-road demand directly in PJ. Off-road vehicles are assumed to consume diesel only. Based on the findings from Sonia Yet et al. 2022, demand projections are indexed through projected national GDP growth (2019=100), using estimates from the Current Measures Scenario of the Canada's Energy Futures 2023. Initial demand is obtained from 2021 subsector energy use, which was impacted by the COVID-19 pandemic.",T17,,,,,,TRPHRNLLAB001
NLLAB,2025,T_D_pkm_hdv_aj,12.9995503048152,bpkm,"Based on the findings from Sonia Yet et al. 2022, demand projections are indexed through projected national GDP growth (2019=100), using estimates from the Current Measures Scenario of the Canada's Energy Futures 2023. Initial demand is obtained from 2021 subsector energy use divided by avg. energy intensity from 2015-2019 to estimate the provincial demand of this mode. This demand would also reflect the impact of COVID-19 on demands.",T17,,,,,,TRPHRNLLAB001
NLLAB,2030,T_D_pkm_hdv_aj,13.1335281013277,bpkm,"Based on the findings from Sonia Yet et al. 2022, demand projections are indexed through projected national GDP growth (2019=100), using estimates from the Current Measures Scenario of the Canada's Energy Futures 2023. Initial demand is obtained from 2021 subsector energy use divided by avg. energy intensity from 2015-2019 to estimate the provincial demand of this mode. This demand would also reflect the impact of COVID-19 on demands.",T17,,,,,,TRPHRNLLAB001
NLLAB,2035,T_D_pkm_hdv_aj,13.2390664631763,bpkm,"Based on the findings from Sonia Yet et al. 2022, demand projections are indexed through projected national GDP growth (2019=100), using estimates from the Current Measures Scenario of the Canada's Energy Futures 2023. Initial demand is obtained from 2021 subsector energy use divided by avg. energy intensity from 2015-2019 to estimate the provincial demand of this mode. This demand would also reflect the impact of COVID-19 on demands.",T17,,,,,,TRPHRNLLAB001
NLLAB,2040,T_D_pkm_hdv_aj,13.3237014763426,bpkm,"Based on the findings from Sonia Yet et al. 2022, demand projections are indexed through projected national GDP growth (2019=100), using estimates from the Current Measures Scenario of the Canada's Energy Futures 2023. Initial demand is obtained from 2021 subsector energy use divided by avg. energy intensity from 2015-2019 to estimate the provincial demand of this mode. This demand would also reflect the impact of COVID-19 on demands.",T17,,,,,,TRPHRNLLAB001
NLLAB,2045,T_D_pkm_hdv_aj,13.4016429069953,bpkm,"Based on the findings from Sonia Yet et al. 2022, demand projections are indexed through projected national GDP growth (2019=100), using estimates from the Current Measures Scenario of the Canada's Energy Futures 2023. Initial demand is obtained from 2021 subsector energy use divided by avg. energy intensity from 2015-2019 to estimate the provincial demand of this mode. This demand would also reflect the impact of COVID-19 on demands.",T17,,,,,,TRPHRNLLAB001
NLLAB,2025,T_D_pkm_hdv_bic,0.165137084350593,bpkm,"Based on the findings from Sonia Yet et al. 2022, demand projections are indexed through projected national GDP growth (2019=100), using estimates from the Current Measures Scenario of the Canada's Energy Futures 2023. Initial demand is obtained from 2021 subsector activity, which was impacted by the COVID-19 pandemic.",T17,,,,,,TRPHRNLLAB001
NLLAB,2030,T_D_pkm_hdv_bic,0.168238527268706,bpkm,"Based on the findings from Sonia Yet et al. 2022, demand projections are indexed through projected national GDP growth (2019=100), using estimates from the Current Measures Scenario of the Canada's Energy Futures 2023. Initial demand is obtained from 2021 subsector activity, which was impacted by the COVID-19 pandemic.",T17,,,,,,TRPHRNLLAB001
NLLAB,2035,T_D_pkm_hdv_bic,0.170681627644031,bpkm,"Based on the findings from Sonia Yet et al. 2022, demand projections are indexed through projected national GDP growth (2019=100), using estimates from the Current Measures Scenario of the Canada's Energy Futures 2023. Initial demand is obtained from 2021 subsector activity, which was impacted by the COVID-19 pandemic.",T17,,,,,,TRPHRNLLAB001
NLLAB,2040,T_D_pkm_hdv_bic,0.172640837819463,bpkm,"Based on the findings from Sonia Yet et al. 2022, demand projections are indexed through projected national GDP growth (2019=100), using estimates from the Current Measures Scenario of the Canada's Energy Futures 2023. Initial demand is obtained from 2021 subsector activity, which was impacted by the COVID-19 pandemic.",T17,,,,,,TRPHRNLLAB001
NLLAB,2045,T_D_pkm_hdv_bic,0.174445098707592,bpkm,"Based on the findings from Sonia Yet et al. 2022, demand projections are indexed through projected national GDP growth (2019=100), using estimates from the Current Measures Scenario of the Canada's Energy Futures 2023. Initial demand is obtained from 2021 subsector activity, which was impacted by the COVID-19 pandemic.",T17,,,,,,TRPHRNLLAB001
NLLAB,2025,T_D_pkm_hdv_bs,1.24656074315991,bpkm,"Based on the findings from Sonia Yet et al. 2022, demand projections are indexed through projected national GDP growth (2019=100), using estimates from the Current Measures Scenario of the Canada's Energy Futures 2023. Initial demand is obtained from 2021 subsector activity, which was impacted by the COVID-19 pandemic.",T17,,,,,,TRPHRNLLAB001
NLLAB,2030,T_D_pkm_hdv_bs,1.2634969562208,bpkm,"Based on the findings from Sonia Yet et al. 2022, demand projections are indexed through projected national GDP growth (2019=100), using estimates from the Current Measures Scenario of the Canada's Energy Futures 2023. Initial demand is obtained from 2021 subsector activity, which was impacted by the COVID-19 pandemic.",T17,,,,,,TRPHRNLLAB001
NLLAB,2035,T_D_pkm_hdv_bs,1.27683812340591,bpkm,"Based on the findings from Sonia Yet et al. 2022, demand projections are indexed through projected national GDP growth (2019=100), using estimates from the Current Measures Scenario of the Canada's Energy Futures 2023. Initial demand is obtained from 2021 subsector activity, which was impacted by the COVID-19 pandemic.",T17,,,,,,TRPHRNLLAB001
NLLAB,2040,T_D_pkm_hdv_bs,1.28753688583303,bpkm,"Based on the findings from Sonia Yet et al. 2022, demand projections are indexed through projected national GDP growth (2019=100), using estimates from the Current Measures Scenario of the Canada's Energy Futures 2023. Initial demand is obtained from 2021 subsector activity, which was impacted by the COVID-19 pandemic.",T17,,,,,,TRPHRNLLAB001
NLLAB,2045,T_D_pkm_hdv_bs,1.29738950850757,bpkm,"Based on the findings from Sonia Yet et al. 2022, demand projections are indexed through projected national GDP growth (2019=100), using estimates from the Current Measures Scenario of the Canada's Energy Futures 2023. Initial demand is obtained from 2021 subsector activity, which was impacted by the COVID-19 pandemic.",T17,,,,,,TRPHRNLLAB001
NLLAB,2025,T_D_pkm_hdv_bt,0.691264630627237,bpkm,"Based on the findings from Sonia Yet et al. 2022, demand projections are indexed through projected national GDP growth (2019=100), using estimates from the Current Measures Scenario of the Canada's Energy Futures 2023. Initial demand is obtained from 2021 subsector activity, which was impacted by the COVID-19 pandemic.",T17,,,,,,TRPHRNLLAB001
NLLAB,2030,T_D_pkm_hdv_bt,0.704660817364392,bpkm,"Based on the findings from Sonia Yet et al. 2022, demand projections are indexed through projected national GDP growth (2019=100), using estimates from the Current Measures Scenario of the Canada's Energy Futures 2023. Initial demand is obtained from 2021 subsector activity, which was impacted by the COVID-19 pandemic.",T17,,,,,,TRPHRNLLAB001
NLLAB,2035,T_D_pkm_hdv_bt,0.715213398762661,bpkm,"Based on the findings from Sonia Yet et al. 2022, demand projections are indexed through projected national GDP growth (2019=100), using estimates from the Current Measures Scenario of the Canada's Energy Futures 2023. Initial demand is obtained from 2021 subsector activity, which was impacted by the COVID-19 pandemic.",T17,,,,,,TRPHRNLLAB001
NLLAB,2040,T_D_pkm_hdv_bt,0.723675893820732,bpkm,"Based on the findings from Sonia Yet et al. 2022, demand projections are indexed through projected national GDP growth (2019=100), using estimates from the Current Measures Scenario of the Canada's Energy Futures 2023. Initial demand is obtained from 2021 subsector activity, which was impacted by the COVID-19 pandemic.",T17,,,,,,TRPHRNLLAB001
NLLAB,2045,T_D_pkm_hdv_bt,0.731469110210037,bpkm,"Based on the findings from Sonia Yet et al. 2022, demand projections are indexed through projected national GDP growth (2019=100), using estimates from the Current Measures Scenario of the Canada's Energy Futures 2023. Initial demand is obtained from 2021 subsector activity, which was impacted by the COVID-19 pandemic.",T17,,,,,,TRPHRNLLAB001
NLLAB,2025,T_D_pkm_hdv_r,0.262069675037023,bpkm,"Based on the findings from Sonia Yet et al. 2022, demand projections are indexed through projected national GDP growth (2019=100), using estimates from the Current Measures Scenario of the Canada's Energy Futures 2023. Initial demand is obtained from 2021 subsector energy use divided by avg. energy intensity from 2015-2019 to estimate the provincial demand of this mode. This demand would also reflect the impact of COVID-19 on demands.",T17,,,,,,TRPHRNLLAB001
NLLAB,2030,T_D_pkm_hdv_r,0.262135407298143,bpkm,"Based on the findings from Sonia Yet et al. 2022, demand projections are indexed through projected national GDP growth (2019=100), using estimates from the Current Measures Scenario of the Canada's Energy Futures 2023. Initial demand is obtained from 2021 subsector energy use divided by avg. energy intensity from 2015-2019 to estimate the provincial demand of this mode. This demand would also reflect the impact of COVID-19 on demands.",T17,,,,,,TRPHRNLLAB001
NLLAB,2035,T_D_pkm_hdv_r,0.262187186587994,bpkm,"Based on the findings from Sonia Yet et al. 2022, demand projections are indexed through projected national GDP growth (2019=100), using estimates from the Current Measures Scenario of the Canada's Energy Futures 2023. Initial demand is obtained from 2021 subsector energy use divided by avg. energy intensity from 2015-2019 to estimate the provincial demand of this mode. This demand would also reflect the impact of COVID-19 on demands.",T17,,,,,,TRPHRNLLAB001
NLLAB,2040,T_D_pkm_hdv_r,0.262228710265275,bpkm,"Based on the findings from Sonia Yet et al. 2022, demand projections are indexed through projected national GDP growth (2019=100), using estimates from the Current Measures Scenario of the Canada's Energy Futures 2023. Initial demand is obtained from 2021 subsector energy use divided by avg. energy intensity from 2015-2019 to estimate the provincial demand of this mode. This demand would also reflect the impact of COVID-19 on demands.",T17,,,,,,TRPHRNLLAB001
NLLAB,2045,T_D_pkm_hdv_r,0.262266949933378,bpkm,"Based on the findings from Sonia Yet et al. 2022, demand projections are indexed through projected national GDP growth (2019=100), using estimates from the Current Measures Scenario of the Canada's Energy Futures 2023. Initial demand is obtained from 2021 subsector energy use divided by avg. energy intensity from 2015-2019 to estimate the provincial demand of this mode. This demand would also reflect the impact of COVID-19 on demands.",T17,,,,,,TRPHRNLLAB001
NLLAB,2025,T_D_pkm_ldv_m,0.114940738334768,bpkm,"Based on the findings from Sonia Yet et al. 2022, demand projections are indexed through projected national GDP growth (2019=100), using estimates from the Current Measures Scenario of the Canada's Energy Futures 2023. Initial demand is obtained from 2021 subsector activity, which was impacted by the COVID-19 pandemic.",T17,,,,,,TRPHRNLLAB001
NLLAB,2030,T_D_pkm_ldv_m,0.117243274380415,bpkm,"Based on the findings from Sonia Yet et al. 2022, demand projections are indexed through projected national GDP growth (2019=100), using estimates from the Current Measures Scenario of the Canada's Energy Futures 2023. Initial demand is obtained from 2021 subsector activity, which was impacted by the COVID-19 pandemic.",T17,,,,,,TRPHRNLLAB001
NLLAB,2035,T_D_pkm_ldv_m,0.119057051653073,bpkm,"Based on the findings from Sonia Yet et al. 2022, demand projections are indexed through projected national GDP growth (2019=100), using estimates from the Current Measures Scenario of the Canada's Energy Futures 2023. Initial demand is obtained from 2021 subsector activity, which was impacted by the COVID-19 pandemic.",T17,,,,,,TRPHRNLLAB001
NLLAB,2040,T_D_pkm_ldv_m,0.120511584968384,bpkm,"Based on the findings from Sonia Yet et al. 2022, demand projections are indexed through projected national GDP growth (2019=100), using estimates from the Current Measures Scenario of the Canada's Energy Futures 2023. Initial demand is obtained from 2021 subsector activity, which was impacted by the COVID-19 pandemic.",T17,,,,,,TRPHRNLLAB001
NLLAB,2045,T_D_pkm_ldv_m,0.121851082692622,bpkm,"Based on the findings from Sonia Yet et al. 2022, demand projections are indexed through projected national GDP growth (2019=100), using estimates from the Current Measures Scenario of the Canada's Energy Futures 2023. Initial demand is obtained from 2021 subsector activity, which was impacted by the COVID-19 pandemic.",T17,,,,,,TRPHRNLLAB001
NLLAB,2025,T_D_tkm_hdv_aj,0.157992021810426,btkm,"Based on the findings from Sonia Yet et al. 2022, demand projections are indexed through projected national GDP growth (2019=100), using estimates from the Current Measures Scenario of the Canada's Energy Futures 2023. Initial demand is obtained from 2021 subsector energy use divided by avg. energy intensity from 2015-2019 to estimate the provincial demand of this mode. This demand would also reflect the impact of COVID-19 on demands.",T17,,,,,,TRPHRNLLAB001
NLLAB,2030,T_D_tkm_hdv_aj,0.159831556243015,btkm,"Based on the findings from Sonia Yet et al. 2022, demand projections are indexed through projected national GDP growth (2019=100), using estimates from the Current Measures Scenario of the Canada's Energy Futures 2023. Initial demand is obtained from 2021 subsector energy use divided by avg. energy intensity from 2015-2019 to estimate the provincial demand of this mode. This demand would also reflect the impact of COVID-19 on demands.",T17,,,,,,TRPHRNLLAB001
NLLAB,2035,T_D_tkm_hdv_aj,0.161280613143736,btkm,"Based on the findings from Sonia Yet et al. 2022, demand projections are indexed through projected national GDP growth (2019=100), using estimates from the Current Measures Scenario of the Canada's Energy Futures 2023. Initial demand is obtained from 2021 subsector energy use divided by avg. energy intensity from 2015-2019 to estimate the provincial demand of this mode. This demand would also reflect the impact of COVID-19 on demands.",T17,,,,,,TRPHRNLLAB001
NLLAB,2040,T_D_tkm_hdv_aj,0.162442664057953,btkm,"Based on the findings from Sonia Yet et al. 2022, demand projections are indexed through projected national GDP growth (2019=100), using estimates from the Current Measures Scenario of the Canada's Energy Futures 2023. Initial demand is obtained from 2021 subsector energy use divided by avg. energy intensity from 2015-2019 to estimate the provincial demand of this mode. This demand would also reflect the impact of COVID-19 on demands.",T17,,,,,,TRPHRNLLAB001
NLLAB,2045,T_D_tkm_hdv_aj,0.163512811120697,btkm,"Based on the findings from Sonia Yet et al. 2022, demand projections are indexed through projected national GDP growth (2019=100), using estimates from the Current Measures Scenario of the Canada's Energy Futures 2023. Initial demand is obtained from 2021 subsector energy use divided by avg. energy intensity from 2015-2019 to estimate the provincial demand of this mode. This demand would also reflect the impact of COVID-19 on demands.",T17,,,,,,TRPHRNLLAB001
NLLAB,2025,T_D_tkm_hdv_r,74.1441800792874,btkm,"Based on the findings from Sonia Yet et al. 2022, demand projections are indexed through projected national GDP growth (2019=100), using estimates from the Current Measures Scenario of the Canada's Energy Futures 2023. Initial demand is obtained from 2021 subsector energy use divided by avg. energy intensity from 2015-2019 to estimate the provincial demand of this mode. This demand would also reflect the impact of COVID-19 on demands.",T17,,,,,,TRPHRNLLAB001
NLLAB,2030,T_D_tkm_hdv_r,74.1627770741176,btkm,"Based on the findings from Sonia Yet et al. 2022, demand projections are indexed through projected national GDP growth (2019=100), using estimates from the Current Measures Scenario of the Canada's Energy Futures 2023. Initial demand is obtained from 2021 subsector energy use divided by avg. energy intensity from 2015-2019 to estimate the provincial demand of this mode. This demand would also reflect the impact of COVID-19 on demands.",T17,,,,,,TRPHRNLLAB001
NLLAB,2035,T_D_tkm_hdv_r,74.1774264893251,btkm,"Based on the findings from Sonia Yet et al. 2022, demand projections are indexed through projected national GDP growth (2019=100), using estimates from the Current Measures Scenario of the Canada's Energy Futures 2023. Initial demand is obtained from 2021 subsector energy use divided by avg. energy intensity from 2015-2019 to estimate the provincial demand of this mode. This demand would also reflect the impact of COVID-19 on demands.",T17,,,,,,TRPHRNLLAB001
NLLAB,2040,T_D_tkm_hdv_r,74.1891743829558,btkm,"Based on the findings from Sonia Yet et al. 2022, demand projections are indexed through projected national GDP growth (2019=100), using estimates from the Current Measures Scenario of the Canada's Energy Futures 2023. Initial demand is obtained from 2021 subsector energy use divided by avg. energy intensity from 2015-2019 to estimate the provincial demand of this mode. This demand would also reflect the impact of COVID-19 on demands.",T17,,,,,,TRPHRNLLAB001
NLLAB,2045,T_D_tkm_hdv_r,74.1999931635346,btkm,"Based on the findings from Sonia Yet et al. 2022, demand projections are indexed through projected national GDP growth (2019=100), using estimates from the Current Measures Scenario of the Canada's Energy Futures 2023. Initial demand is obtained from 2021 subsector energy use divided by avg. energy intensity from 2015-2019 to estimate the provincial demand of this mode. This demand would also reflect the impact of COVID-19 on demands.",T17,,,,,,TRPHRNLLAB001
NLLAB,2025,T_D_tkm_hdv_wt,106.036276761006,btkm,"Based on the findings from Sonia Yet et al. 2022, demand projections are indexed through projected national GDP growth (2019=100), using estimates from the Current Measures Scenario of the Canada's Energy Futures 2023. Initial demand is obtained from 2021 subsector energy use divided by avg. energy intensity from 2015-2019 to estimate the provincial demand of this mode. This demand would also reflect the impact of COVID-19 on demands.",T17,,,,,,TRPHRNLLAB001
NLLAB,2030,T_D_tkm_hdv_wt,105.943144117661,btkm,"Based on the findings from Sonia Yet et al. 2022, demand projections are indexed through projected national GDP growth (2019=100), using estimates from the Current Measures Scenario of the Canada's Energy Futures 2023. Initial demand is obtained from 2021 subsector energy use divided by avg. energy intensity from 2015-2019 to estimate the provincial demand of this mode. This demand would also reflect the impact of COVID-19 on demands.",T17,,,,,,TRPHRNLLAB001
NLLAB,2035,T_D_tkm_hdv_wt,105.869780718134,btkm,"Based on the findings from Sonia Yet et al. 2022, demand projections are indexed through projected national GDP growth (2019=100), using estimates from the Current Measures Scenario of the Canada's Energy Futures 2023. Initial demand is obtained from 2021 subsector energy use divided by avg. energy intensity from 2015-2019 to estimate the provincial demand of this mode. This demand would also reflect the impact of COVID-19 on demands.",T17,,,,,,TRPHRNLLAB001
NLLAB,2040,T_D_tkm_hdv_wt,105.810947965985,btkm,"Based on the findings from Sonia Yet et al. 2022, demand projections are indexed through projected national GDP growth (2019=100), using estimates from the Current Measures Scenario of the Canada's Energy Futures 2023. Initial demand is obtained from 2021 subsector energy use divided by avg. energy intensity from 2015-2019 to estimate the provincial demand of this mode. This demand would also reflect the impact of COVID-19 on demands.",T17,,,,,,TRPHRNLLAB001
NLLAB,2045,T_D_tkm_hdv_wt,105.756768156705,btkm,"Based on the findings from Sonia Yet et al. 2022, demand projections are indexed through projected national GDP growth (2019=100), using estimates from the Current Measures Scenario of the Canada's Energy Futures 2023. Initial demand is obtained from 2021 subsector energy use divided by avg. energy intensity from 2015-2019 to estimate the provincial demand of this mode. This demand would also reflect the impact of COVID-19 on demands.",T17,,,,,,TRPHRNLLAB001
NS,2025,T_D_pj_off,3.73860515168611,PJ,"Dummy technology, to pass off-road demand directly in PJ. Off-road vehicles are assumed to consume diesel only. Based on the findings from Sonia Yet et al. 2022, demand projections are indexed through projected national GDP growth (2019=100), using estimates from the Current Measures Scenario of the Canada's Energy Futures 2023. Initial demand is obtained from 2021 subsector energy use, which was impacted by the COVID-19 pandemic.",T17,,,,,,TRPHRNS001
NS,2030,T_D_pj_off,3.90375237776294,PJ,"Dummy technology, to pass off-road demand directly in PJ. Off-road vehicles are assumed to consume diesel only. Based on the findings from Sonia Yet et al. 2022, demand projections are indexed through projected national GDP growth (2019=100), using estimates from the Current Measures Scenario of the Canada's Energy Futures 2023. Initial demand is obtained from 2021 subsector energy use, which was impacted by the COVID-19 pandemic.",T17,,,,,,TRPHRNS001
NS,2035,T_D_pj_off,4.03384383965753,PJ,"Dummy technology, to pass off-road demand directly in PJ. Off-road vehicles are assumed to consume diesel only. Based on the findings from Sonia Yet et al. 2022, demand projections are indexed through projected national GDP growth (2019=100), using estimates from the Current Measures Scenario of the Canada's Energy Futures 2023. Initial demand is obtained from 2021 subsector energy use, which was impacted by the COVID-19 pandemic.",T17,,,,,,TRPHRNS001
NS,2040,T_D_pj_off,4.13816886987641,PJ,"Dummy technology, to pass off-road demand directly in PJ. Off-road vehicles are assumed to consume diesel only. Based on the findings from Sonia Yet et al. 2022, demand projections are indexed through projected national GDP growth (2019=100), using estimates from the Current Measures Scenario of the Canada's Energy Futures 2023. Initial demand is obtained from 2021 subsector energy use, which was impacted by the COVID-19 pandemic.",T17,,,,,,TRPHRNS001
NS,2045,T_D_pj_off,4.23424307748517,PJ,"Dummy technology, to pass off-road demand directly in PJ. Off-road vehicles are assumed to consume diesel only. Based on the findings from Sonia Yet et al. 2022, demand projections are indexed through projected national GDP growth (2019=100), using estimates from the Current Measures Scenario of the Canada's Energy Futures 2023. Initial demand is obtained from 2021 subsector energy use, which was impacted by the COVID-19 pandemic.",T17,,,,,,TRPHRNS001
NS,2025,T_D_pkm_hdv_aj,15.8137633818293,bpkm,"Based on the findings from Sonia Yet et al. 2022, demand projections are indexed through projected national GDP growth (2019=100), using estimates from the Current Measures Scenario of the Canada's Energy Futures 2023. Initial demand is obtained from 2021 subsector energy use divided by avg. energy intensity from 2015-2019 to estimate the provincial demand of this mode. This demand would also reflect the impact of COVID-19 on demands.",T17,,,,,,TRPHRNS001
NS,2030,T_D_pkm_hdv_aj,16.0788873111794,bpkm,"Based on the findings from Sonia Yet et al. 2022, demand projections are indexed through projected national GDP growth (2019=100), using estimates from the Current Measures Scenario of the Canada's Energy Futures 2023. Initial demand is obtained from 2021 subsector energy use divided by avg. energy intensity from 2015-2019 to estimate the provincial demand of this mode. This demand would also reflect the impact of COVID-19 on demands.",T17,,,,,,TRPHRNS001
NS,2035,T_D_pkm_hdv_aj,16.2877334442434,bpkm,"Based on the findings from Sonia Yet et al. 2022, demand projections are indexed through projected national GDP growth (2019=100), using estimates from the Current Measures Scenario of the Canada's Energy Futures 2023. Initial demand is obtained from 2021 subsector energy use divided by avg. energy intensity from 2015-2019 to estimate the provincial demand of this mode. This demand would also reflect the impact of COVID-19 on demands.",T17,,,,,,TRPHRNS001
NS,2040,T_D_pkm_hdv_aj,16.4552146826406,bpkm,"Based on the findings from Sonia Yet et al. 2022, demand projections are indexed through projected national GDP growth (2019=100), using estimates from the Current Measures Scenario of the Canada's Energy Futures 2023. Initial demand is obtained from 2021 subsector energy use divided by avg. energy intensity from 2015-2019 to estimate the provincial demand of this mode. This demand would also reflect the impact of COVID-19 on demands.",T17,,,,,,TRPHRNS001
NS,2045,T_D_pkm_hdv_aj,16.6094502216534,bpkm,"Based on the findings from Sonia Yet et al. 2022, demand projections are indexed through projected national GDP growth (2019=100), using estimates from the Current Measures Scenario of the Canada's Energy Futures 2023. Initial demand is obtained from 2021 subsector energy use divided by avg. energy intensity from 2015-2019 to estimate the provincial demand of this mode. This demand would also reflect the impact of COVID-19 on demands.",T17,,,,,,TRPHRNS001
NS,2025,T_D_pkm_hdv_bic,0.230283111863859,bpkm,"Based on the findings from Sonia Yet et al. 2022, demand projections are indexed through projected national GDP growth (2019=100), using estimates from the Current Measures Scenario of the Canada's Energy Futures 2023. Initial demand is obtained from 2021 subsector activity, which was impacted by the COVID-19 pandemic.",T17,,,,,,TRPHRNS001
NS,2030,T_D_pkm_hdv_bic,0.236420447709869,bpkm,"Based on the findings from Sonia Yet et al. 2022, demand projections are indexed through projected national GDP growth (2019=100), using estimates from the Current Measures Scenario of the Canada's Energy Futures 2023. Initial demand is obtained from 2021 subsector activity, which was impacted by the COVID-19 pandemic.",T17,,,,,,TRPHRNS001
NS,2035,T_D_pkm_hdv_bic,0.241255012669344,bpkm,"Based on the findings from Sonia Yet et al. 2022, demand projections are indexed through projected national GDP growth (2019=100), using estimates from the Current Measures Scenario of the Canada's Energy Futures 2023. Initial demand is obtained from 2021 subsector activity, which was impacted by the COVID-19 pandemic.",T17,,,,,,TRPHRNS001
NS,2040,T_D_pkm_hdv_bic,0.245132024489698,bpkm,"Based on the findings from Sonia Yet et al. 2022, demand projections are indexed through projected national GDP growth (2019=100), using estimates from the Current Measures Scenario of the Canada's Energy Futures 2023. Initial demand is obtained from 2021 subsector activity, which was impacted by the COVID-19 pandemic.",T17,,,,,,TRPHRNS001
NS,2045,T_D_pkm_hdv_bic,0.248702412514017,bpkm,"Based on the findings from Sonia Yet et al. 2022, demand projections are indexed through projected national GDP growth (2019=100), using estimates from the Current Measures Scenario of the Canada's Energy Futures 2023. Initial demand is obtained from 2021 subsector activity, which was impacted by the COVID-19 pandemic.",T17,,,,,,TRPHRNS001
NS,2025,T_D_pkm_hdv_bs,1.60230709450865,bpkm,"Based on the findings from Sonia Yet et al. 2022, demand projections are indexed through projected national GDP growth (2019=100), using estimates from the Current Measures Scenario of the Canada's Energy Futures 2023. Initial demand is obtained from 2021 subsector activity, which was impacted by the COVID-19 pandemic.",T17,,,,,,TRPHRNS001
NS,2030,T_D_pkm_hdv_bs,1.63582156833862,bpkm,"Based on the findings from Sonia Yet et al. 2022, demand projections are indexed through projected national GDP growth (2019=100), using estimates from the Current Measures Scenario of the Canada's Energy Futures 2023. Initial demand is obtained from 2021 subsector activity, which was impacted by the COVID-19 pandemic.",T17,,,,,,TRPHRNS001
NS,2035,T_D_pkm_hdv_bs,1.66222193241825,bpkm,"Based on the findings from Sonia Yet et al. 2022, demand projections are indexed through projected national GDP growth (2019=100), using estimates from the Current Measures Scenario of the Canada's Energy Futures 2023. Initial demand is obtained from 2021 subsector activity, which was impacted by the COVID-19 pandemic.",T17,,,,,,TRPHRNS001
NS,2040,T_D_pkm_hdv_bs,1.68339333552408,bpkm,"Based on the findings from Sonia Yet et al. 2022, demand projections are indexed through projected national GDP growth (2019=100), using estimates from the Current Measures Scenario of the Canada's Energy Futures 2023. Initial demand is obtained from 2021 subsector activity, which was impacted by the COVID-19 pandemic.",T17,,,,,,TRPHRNS001
NS,2045,T_D_pkm_hdv_bs,1.70289034188094,bpkm,"Based on the findings from Sonia Yet et al. 2022, demand projections are indexed through projected national GDP growth (2019=100), using estimates from the Current Measures Scenario of the Canada's Energy Futures 2023. Initial demand is obtained from 2021 subsector activity, which was impacted by the COVID-19 pandemic.",T17,,,,,,TRPHRNS001
NS,2025,T_D_pkm_hdv_bt,0.972652479055739,bpkm,"Based on the findings from Sonia Yet et al. 2022, demand projections are indexed through projected national GDP growth (2019=100), using estimates from the Current Measures Scenario of the Canada's Energy Futures 2023. Initial demand is obtained from 2021 subsector activity, which was impacted by the COVID-19 pandemic.",T17,,,,,,TRPHRNS001
NS,2030,T_D_pkm_hdv_bt,0.999161719829327,bpkm,"Based on the findings from Sonia Yet et al. 2022, demand projections are indexed through projected national GDP growth (2019=100), using estimates from the Current Measures Scenario of the Canada's Energy Futures 2023. Initial demand is obtained from 2021 subsector activity, which was impacted by the COVID-19 pandemic.",T17,,,,,,TRPHRNS001
NS,2035,T_D_pkm_hdv_bt,1.02004385008289,bpkm,"Based on the findings from Sonia Yet et al. 2022, demand projections are indexed through projected national GDP growth (2019=100), using estimates from the Current Measures Scenario of the Canada's Energy Futures 2023. Initial demand is obtained from 2021 subsector activity, which was impacted by the COVID-19 pandemic.",T17,,,,,,TRPHRNS001
NS,2040,T_D_pkm_hdv_bt,1.03678998267308,bpkm,"Based on the findings from Sonia Yet et al. 2022, demand projections are indexed through projected national GDP growth (2019=100), using estimates from the Current Measures Scenario of the Canada's Energy Futures 2023. Initial demand is obtained from 2021 subsector activity, which was impacted by the COVID-19 pandemic.",T17,,,,,,TRPHRNS001
NS,2045,T_D_pkm_hdv_bt,1.0522117028081,bpkm,"Based on the findings from Sonia Yet et al. 2022, demand projections are indexed through projected national GDP growth (2019=100), using estimates from the Current Measures Scenario of the Canada's Energy Futures 2023. Initial demand is obtained from 2021 subsector activity, which was impacted by the COVID-19 pandemic.",T17,,,,,,TRPHRNS001
NS,2025,T_D_pkm_hdv_r,0.263450385823732,bpkm,"Based on the findings from Sonia Yet et al. 2022, demand projections are indexed through projected national GDP growth (2019=100), using estimates from the Current Measures Scenario of the Canada's Energy Futures 2023. Initial demand is obtained from 2021 subsector energy use divided by avg. energy intensity from 2015-2019 to estimate the provincial demand of this mode. This demand would also reflect the impact of COVID-19 on demands.",T17,,,,,,TRPHRNS001
NS,2030,T_D_pkm_hdv_r,0.263580461073563,bpkm,"Based on the findings from Sonia Yet et al. 2022, demand projections are indexed through projected national GDP growth (2019=100), using estimates from the Current Measures Scenario of the Canada's Energy Futures 2023. Initial demand is obtained from 2021 subsector energy use divided by avg. energy intensity from 2015-2019 to estimate the provincial demand of this mode. This demand would also reflect the impact of COVID-19 on demands.",T17,,,,,,TRPHRNS001
NS,2035,T_D_pkm_hdv_r,0.263682925279646,bpkm,"Based on the findings from Sonia Yet et al. 2022, demand projections are indexed through projected national GDP growth (2019=100), using estimates from the Current Measures Scenario of the Canada's Energy Futures 2023. Initial demand is obtained from 2021 subsector energy use divided by avg. energy intensity from 2015-2019 to estimate the provincial demand of this mode. This demand would also reflect the impact of COVID-19 on demands.",T17,,,,,,TRPHRNS001
NS,2040,T_D_pkm_hdv_r,0.263765095018076,bpkm,"Based on the findings from Sonia Yet et al. 2022, demand projections are indexed through projected national GDP growth (2019=100), using estimates from the Current Measures Scenario of the Canada's Energy Futures 2023. Initial demand is obtained from 2021 subsector energy use divided by avg. energy intensity from 2015-2019 to estimate the provincial demand of this mode. This demand would also reflect the impact of COVID-19 on demands.",T17,,,,,,TRPHRNS001
NS,2045,T_D_pkm_hdv_r,0.2638407661441,bpkm,"Based on the findings from Sonia Yet et al. 2022, demand projections are indexed through projected national GDP growth (2019=100), using estimates from the Current Measures Scenario of the Canada's Energy Futures 2023. Initial demand is obtained from 2021 subsector energy use divided by avg. energy intensity from 2015-2019 to estimate the provincial demand of this mode. This demand would also reflect the impact of COVID-19 on demands.",T17,,,,,,TRPHRNS001
NS,2025,T_D_pkm_ldv_m,0.163305670574521,bpkm,"Based on the findings from Sonia Yet et al. 2022, demand projections are indexed through projected national GDP growth (2019=100), using estimates from the Current Measures Scenario of the Canada's Energy Futures 2023. Initial demand is obtained from 2021 subsector activity, which was impacted by the COVID-19 pandemic.",T17,,,,,,TRPHRNS001
NS,2030,T_D_pkm_ldv_m,0.167862077828432,bpkm,"Based on the findings from Sonia Yet et al. 2022, demand projections are indexed through projected national GDP growth (2019=100), using estimates from the Current Measures Scenario of the Canada's Energy Futures 2023. Initial demand is obtained from 2021 subsector activity, which was impacted by the COVID-19 pandemic.",T17,,,,,,TRPHRNS001
NS,2035,T_D_pkm_ldv_m,0.171451297549098,bpkm,"Based on the findings from Sonia Yet et al. 2022, demand projections are indexed through projected national GDP growth (2019=100), using estimates from the Current Measures Scenario of the Canada's Energy Futures 2023. Initial demand is obtained from 2021 subsector activity, which was impacted by the COVID-19 pandemic.",T17,,,,,,TRPHRNS001
NS,2040,T_D_pkm_ldv_m,0.174329622155245,bpkm,"Based on the findings from Sonia Yet et al. 2022, demand projections are indexed through projected national GDP growth (2019=100), using estimates from the Current Measures Scenario of the Canada's Energy Futures 2023. Initial demand is obtained from 2021 subsector activity, which was impacted by the COVID-19 pandemic.",T17,,,,,,TRPHRNS001
NS,2045,T_D_pkm_ldv_m,0.176980306801068,bpkm,"Based on the findings from Sonia Yet et al. 2022, demand projections are indexed through projected national GDP growth (2019=100), using estimates from the Current Measures Scenario of the Canada's Energy Futures 2023. Initial demand is obtained from 2021 subsector activity, which was impacted by the COVID-19 pandemic.",T17,,,,,,TRPHRNS001
NS,2025,T_D_tkm_hdv_aj,0.196631572471567,btkm,"Based on the findings from Sonia Yet et al. 2022, demand projections are indexed through projected national GDP growth (2019=100), using estimates from the Current Measures Scenario of the Canada's Energy Futures 2023. Initial demand is obtained from 2021 subsector energy use divided by avg. energy intensity from 2015-2019 to estimate the provincial demand of this mode. This demand would also reflect the impact of COVID-19 on demands.",T17,,,,,,TRPHRNS001
NS,2030,T_D_tkm_hdv_aj,0.200271762186866,btkm,"Based on the findings from Sonia Yet et al. 2022, demand projections are indexed through projected national GDP growth (2019=100), using estimates from the Current Measures Scenario of the Canada's Energy Futures 2023. Initial demand is obtained from 2021 subsector energy use divided by avg. energy intensity from 2015-2019 to estimate the provincial demand of this mode. This demand would also reflect the impact of COVID-19 on demands.",T17,,,,,,TRPHRNS001
NS,2035,T_D_tkm_hdv_aj,0.203139249657812,btkm,"Based on the findings from Sonia Yet et al. 2022, demand projections are indexed through projected national GDP growth (2019=100), using estimates from the Current Measures Scenario of the Canada's Energy Futures 2023. Initial demand is obtained from 2021 subsector energy use divided by avg. energy intensity from 2015-2019 to estimate the provincial demand of this mode. This demand would also reflect the impact of COVID-19 on demands.",T17,,,,,,TRPHRNS001
NS,2040,T_D_tkm_hdv_aj,0.205438791170391,btkm,"Based on the findings from Sonia Yet et al. 2022, demand projections are indexed through projected national GDP growth (2019=100), using estimates from the Current Measures Scenario of the Canada's Energy Futures 2023. Initial demand is obtained from 2021 subsector energy use divided by avg. energy intensity from 2015-2019 to estimate the provincial demand of this mode. This demand would also reflect the impact of COVID-19 on demands.",T17,,,,,,TRPHRNS001
NS,2045,T_D_tkm_hdv_aj,0.207556467323669,btkm,"Based on the findings from Sonia Yet et al. 2022, demand projections are indexed through projected national GDP growth (2019=100), using estimates from the Current Measures Scenario of the Canada's Energy Futures 2023. Initial demand is obtained from 2021 subsector energy use divided by avg. energy intensity from 2015-2019 to estimate the provincial demand of this mode. This demand would also reflect the impact of COVID-19 on demands.",T17,,,,,,TRPHRNS001
NS,2025,T_D_tkm_hdv_r,74.5348112689819,btkm,"Based on the findings from Sonia Yet et al. 2022, demand projections are indexed through projected national GDP growth (2019=100), using estimates from the Current Measures Scenario of the Canada's Energy Futures 2023. Initial demand is obtained from 2021 subsector energy use divided by avg. energy intensity from 2015-2019 to estimate the provincial demand of this mode. This demand would also reflect the impact of COVID-19 on demands.",T17,,,,,,TRPHRNS001
NS,2030,T_D_tkm_hdv_r,74.5716122051955,btkm,"Based on the findings from Sonia Yet et al. 2022, demand projections are indexed through projected national GDP growth (2019=100), using estimates from the Current Measures Scenario of the Canada's Energy Futures 2023. Initial demand is obtained from 2021 subsector energy use divided by avg. energy intensity from 2015-2019 to estimate the provincial demand of this mode. This demand would also reflect the impact of COVID-19 on demands.",T17,,,,,,TRPHRNS001
NS,2035,T_D_tkm_hdv_r,74.6006014150347,btkm,"Based on the findings from Sonia Yet et al. 2022, demand projections are indexed through projected national GDP growth (2019=100), using estimates from the Current Measures Scenario of the Canada's Energy Futures 2023. Initial demand is obtained from 2021 subsector energy use divided by avg. energy intensity from 2015-2019 to estimate the provincial demand of this mode. This demand would also reflect the impact of COVID-19 on demands.",T17,,,,,,TRPHRNS001
NS,2040,T_D_tkm_hdv_r,74.6238489068259,btkm,"Based on the findings from Sonia Yet et al. 2022, demand projections are indexed through projected national GDP growth (2019=100), using estimates from the Current Measures Scenario of the Canada's Energy Futures 2023. Initial demand is obtained from 2021 subsector energy use divided by avg. energy intensity from 2015-2019 to estimate the provincial demand of this mode. This demand would also reflect the impact of COVID-19 on demands.",T17,,,,,,TRPHRNS001
NS,2045,T_D_tkm_hdv_r,74.6452578088703,btkm,"Based on the findings from Sonia Yet et al. 2022, demand projections are indexed through projected national GDP growth (2019=100), using estimates from the Current Measures Scenario of the Canada's Energy Futures 2023. Initial demand is obtained from 2021 subsector energy use divided by avg. energy intensity from 2015-2019 to estimate the provincial demand of this mode. This demand would also reflect the impact of COVID-19 on demands.",T17,,,,,,TRPHRNS001
NS,2025,T_D_tkm_hdv_wt,104.080019010682,btkm,"Based on the findings from Sonia Yet et al. 2022, demand projections are indexed through projected national GDP growth (2019=100), using estimates from the Current Measures Scenario of the Canada's Energy Futures 2023. Initial demand is obtained from 2021 subsector energy use divided by avg. energy intensity from 2015-2019 to estimate the provincial demand of this mode. This demand would also reflect the impact of COVID-19 on demands.",T17,,,,,,TRPHRNS001
NS,2030,T_D_tkm_hdv_wt,103.895722112262,btkm,"Based on the findings from Sonia Yet et al. 2022, demand projections are indexed through projected national GDP growth (2019=100), using estimates from the Current Measures Scenario of the Canada's Energy Futures 2023. Initial demand is obtained from 2021 subsector energy use divided by avg. energy intensity from 2015-2019 to estimate the provincial demand of this mode. This demand would also reflect the impact of COVID-19 on demands.",T17,,,,,,TRPHRNS001
NS,2035,T_D_tkm_hdv_wt,103.750545874624,btkm,"Based on the findings from Sonia Yet et al. 2022, demand projections are indexed through projected national GDP growth (2019=100), using estimates from the Current Measures Scenario of the Canada's Energy Futures 2023. Initial demand is obtained from 2021 subsector energy use divided by avg. energy intensity from 2015-2019 to estimate the provincial demand of this mode. This demand would also reflect the impact of COVID-19 on demands.",T17,,,,,,TRPHRNS001
NS,2040,T_D_tkm_hdv_wt,103.634123819263,btkm,"Based on the findings from Sonia Yet et al. 2022, demand projections are indexed through projected national GDP growth (2019=100), using estimates from the Current Measures Scenario of the Canada's Energy Futures 2023. Initial demand is obtained from 2021 subsector energy use divided by avg. energy intensity from 2015-2019 to estimate the provincial demand of this mode. This demand would also reflect the impact of COVID-19 on demands.",T17,,,,,,TRPHRNS001
NS,2045,T_D_tkm_hdv_wt,103.526909311935,btkm,"Based on the findings from Sonia Yet et al. 2022, demand projections are indexed through projected national GDP growth (2019=100), using estimates from the Current Measures Scenario of the Canada's Energy Futures 2023. Initial demand is obtained from 2021 subsector energy use divided by avg. energy intensity from 2015-2019 to estimate the provincial demand of this mode. This demand would also reflect the impact of COVID-19 on demands.",T17,,,,,,TRPHRNS001
ON,2025,T_D_pj_off,56.101838994,PJ,"Dummy technology, to pass off-road demand directly in PJ. Off-road vehicles are assumed to consume diesel only. Based on the findings from Sonia Yet et al. 2022, demand projections are indexed through projected national GDP growth (2019=100), using estimates from the Current Measures Scenario of the Canada's Energy Futures 2023. Initial demand is obtained from 2021 subsector energy use, which was impacted by the COVID-19 pandemic.",T17,,,,,,TRPHRON001
ON,2030,T_D_pj_off,60.430672112,PJ,"Dummy technology, to pass off-road demand directly in PJ. Off-road vehicles are assumed to consume diesel only. Based on the findings from Sonia Yet et al. 2022, demand projections are indexed through projected national GDP growth (2019=100), using estimates from the Current Measures Scenario of the Canada's Energy Futures 2023. Initial demand is obtained from 2021 subsector energy use, which was impacted by the COVID-19 pandemic.",T17,,,,,,TRPHRON001
ON,2035,T_D_pj_off,64.784277971,PJ,"Dummy technology, to pass off-road demand directly in PJ. Off-road vehicles are assumed to consume diesel only. Based on the findings from Sonia Yet et al. 2022, demand projections are indexed through projected national GDP growth (2019=100), using estimates from the Current Measures Scenario of the Canada's Energy Futures 2023. Initial demand is obtained from 2021 subsector energy use, which was impacted by the COVID-19 pandemic.",T17,,,,,,TRPHRON001
ON,2040,T_D_pj_off,69.073896742,PJ,"Dummy technology, to pass off-road demand directly in PJ. Off-road vehicles are assumed to consume diesel only. Based on the findings from Sonia Yet et al. 2022, demand projections are indexed through projected national GDP growth (2019=100), using estimates from the Current Measures Scenario of the Canada's Energy Futures 2023. Initial demand is obtained from 2021 subsector energy use, which was impacted by the COVID-19 pandemic.",T17,,,,,,TRPHRON001
ON,2045,T_D_pj_off,73.964040159,PJ,"Dummy technology, to pass off-road demand directly in PJ. Off-road vehicles are assumed to consume diesel only. Based on the findings from Sonia Yet et al. 2022, demand projections are indexed through projected national GDP growth (2019=100), using estimates from the Current Measures Scenario of the Canada's Energy Futures 2023. Initial demand is obtained from 2021 subsector energy use, which was impacted by the COVID-19 pandemic.",T17,,,,,,TRPHRON001
ON,2025,T_D_pkm_hdv_aj,84.979584162,bpkm,"Based on the findings from Sonia Yet et al. 2022, demand projections are indexed through projected national GDP growth (2019=100), using estimates from the Current Measures Scenario of the Canada's Energy Futures 2023. Initial demand is obtained from 2021 subsector energy use divided by avg. energy intensity from 2015-2019 to estimate the provincial demand of this mode. This demand would also reflect the impact of COVID-19 on demands.",T17,,,,,,TRPHRON001
ON,2030,T_D_pkm_hdv_aj,91.536631933,bpkm,"Based on the findings from Sonia Yet et al. 2022, demand projections are indexed through projected national GDP growth (2019=100), using estimates from the Current Measures Scenario of the Canada's Energy Futures 2023. Initial demand is obtained from 2021 subsector energy use divided by avg. energy intensity from 2015-2019 to estimate the provincial demand of this mode. This demand would also reflect the impact of COVID-19 on demands.",T17,,,,,,TRPHRON001
ON,2035,T_D_pkm_hdv_aj,98.131203914,bpkm,"Based on the findings from Sonia Yet et al. 2022, demand projections are indexed through projected national GDP growth (2019=100), using estimates from the Current Measures Scenario of the Canada's Energy Futures 2023. Initial demand is obtained from 2021 subsector energy use divided by avg. energy intensity from 2015-2019 to estimate the provincial demand of this mode. This demand would also reflect the impact of COVID-19 on demands.",T17,,,,,,TRPHRON001
ON,2040,T_D_pkm_hdv_aj,104.628852224,bpkm,"Based on the findings from Sonia Yet et al. 2022, demand projections are indexed through projected national GDP growth (2019=100), using estimates from the Current Measures Scenario of the Canada's Energy Futures 2023. Initial demand is obtained from 2021 subsector energy use divided by avg. energy intensity from 2015-2019 to estimate the provincial demand of this mode. This demand would also reflect the impact of COVID-19 on demands.",T17,,,,,,TRPHRON001
ON,2045,T_D_pkm_hdv_aj,112.036138003,bpkm,"Based on the findings from Sonia Yet et al. 2022, demand projections are indexed through projected national GDP growth (2019=100), using estimates from the Current Measures Scenario of the Canada's Energy Futures 2023. Initial demand is obtained from 2021 subsector energy use divided by avg. energy intensity from 2015-2019 to estimate the provincial demand of this mode. This demand would also reflect the impact of COVID-19 on demands.",T17,,,,,,TRPHRON001
ON,2025,T_D_pkm_hdv_bic,2.20018248,bpkm,"Based on the findings from Sonia Yet et al. 2022, demand projections are indexed through projected national GDP growth (2019=100), using estimates from the Current Measures Scenario of the Canada's Energy Futures 2023. Initial demand is obtained from 2021 subsector activity, which was impacted by the COVID-19 pandemic.",T17,,,,,,TRPHRON001
ON,2030,T_D_pkm_hdv_bic,2.369949157,bpkm,"Based on the findings from Sonia Yet et al. 2022, demand projections are indexed through projected national GDP growth (2019=100), using estimates from the Current Measures Scenario of the Canada's Energy Futures 2023. Initial demand is obtained from 2021 subsector activity, which was impacted by the COVID-19 pandemic.",T17,,,,,,TRPHRON001
ON,2035,T_D_pkm_hdv_bic,2.540687362,bpkm,"Based on the findings from Sonia Yet et al. 2022, demand projections are indexed through projected national GDP growth (2019=100), using estimates from the Current Measures Scenario of the Canada's Energy Futures 2023. Initial demand is obtained from 2021 subsector activity, which was impacted by the COVID-19 pandemic.",T17,,,,,,TRPHRON001
ON,2040,T_D_pkm_hdv_bic,2.708916145,bpkm,"Based on the findings from Sonia Yet et al. 2022, demand projections are indexed through projected national GDP growth (2019=100), using estimates from the Current Measures Scenario of the Canada's Energy Futures 2023. Initial demand is obtained from 2021 subsector activity, which was impacted by the COVID-19 pandemic.",T17,,,,,,TRPHRON001
ON,2045,T_D_pkm_hdv_bic,2.900696095,bpkm,"Based on the findings from Sonia Yet et al. 2022, demand projections are indexed through projected national GDP growth (2019=100), using estimates from the Current Measures Scenario of the Canada's Energy Futures 2023. Initial demand is obtained from 2021 subsector activity, which was impacted by the COVID-19 pandemic.",T17,,,,,,TRPHRON001
ON,2025,T_D_pkm_hdv_bs,11.780291522,bpkm,"Based on the findings from Sonia Yet et al. 2022, demand projections are indexed through projected national GDP growth (2019=100), using estimates from the Current Measures Scenario of the Canada's Energy Futures 2023. Initial demand is obtained from 2021 subsector activity, which was impacted by the COVID-19 pandemic.",T17,,,,,,TRPHRON001
ON,2030,T_D_pkm_hdv_bs,12.689262012,bpkm,"Based on the findings from Sonia Yet et al. 2022, demand projections are indexed through projected national GDP growth (2019=100), using estimates from the Current Measures Scenario of the Canada's Energy Futures 2023. Initial demand is obtained from 2021 subsector activity, which was impacted by the COVID-19 pandemic.",T17,,,,,,TRPHRON001
ON,2035,T_D_pkm_hdv_bs,13.603434294,bpkm,"Based on the findings from Sonia Yet et al. 2022, demand projections are indexed through projected national GDP growth (2019=100), using estimates from the Current Measures Scenario of the Canada's Energy Futures 2023. Initial demand is obtained from 2021 subsector activity, which was impacted by the COVID-19 pandemic.",T17,,,,,,TRPHRON001
ON,2040,T_D_pkm_hdv_bs,14.504170536,bpkm,"Based on the findings from Sonia Yet et al. 2022, demand projections are indexed through projected national GDP growth (2019=100), using estimates from the Current Measures Scenario of the Canada's Energy Futures 2023. Initial demand is obtained from 2021 subsector activity, which was impacted by the COVID-19 pandemic.",T17,,,,,,TRPHRON001
ON,2045,T_D_pkm_hdv_bs,15.531005237,bpkm,"Based on the findings from Sonia Yet et al. 2022, demand projections are indexed through projected national GDP growth (2019=100), using estimates from the Current Measures Scenario of the Canada's Energy Futures 2023. Initial demand is obtained from 2021 subsector activity, which was impacted by the COVID-19 pandemic.",T17,,,,,,TRPHRON001
ON,2025,T_D_pkm_hdv_bt,9.000896063,bpkm,"Based on the findings from Sonia Yet et al. 2022, demand projections are indexed through projected national GDP growth (2019=100), using estimates from the Current Measures Scenario of the Canada's Energy Futures 2023. Initial demand is obtained from 2021 subsector activity, which was impacted by the COVID-19 pandemic.",T17,,,,,,TRPHRON001
ON,2030,T_D_pkm_hdv_bt,9.695407645,bpkm,"Based on the findings from Sonia Yet et al. 2022, demand projections are indexed through projected national GDP growth (2019=100), using estimates from the Current Measures Scenario of the Canada's Energy Futures 2023. Initial demand is obtained from 2021 subsector activity, which was impacted by the COVID-19 pandemic.",T17,,,,,,TRPHRON001
ON,2035,T_D_pkm_hdv_bt,10.393893729,bpkm,"Based on the findings from Sonia Yet et al. 2022, demand projections are indexed through projected national GDP growth (2019=100), using estimates from the Current Measures Scenario of the Canada's Energy Futures 2023. Initial demand is obtained from 2021 subsector activity, which was impacted by the COVID-19 pandemic.",T17,,,,,,TRPHRON001
ON,2040,T_D_pkm_hdv_bt,11.08211382,bpkm,"Based on the findings from Sonia Yet et al. 2022, demand projections are indexed through projected national GDP growth (2019=100), using estimates from the Current Measures Scenario of the Canada's Energy Futures 2023. Initial demand is obtained from 2021 subsector activity, which was impacted by the COVID-19 pandemic.",T17,,,,,,TRPHRON001
ON,2045,T_D_pkm_hdv_bt,11.866681196,bpkm,"Based on the findings from Sonia Yet et al. 2022, demand projections are indexed through projected national GDP growth (2019=100), using estimates from the Current Measures Scenario of the Canada's Energy Futures 2023. Initial demand is obtained from 2021 subsector activity, which was impacted by the COVID-19 pandemic.",T17,,,,,,TRPHRON001
ON,2025,T_D_pkm_hdv_r,0.389117881,bpkm,"Based on the findings from Sonia Yet et al. 2022, demand projections are indexed through projected national GDP growth (2019=100), using estimates from the Current Measures Scenario of the Canada's Energy Futures 2023. Initial demand is obtained from 2021 subsector energy use divided by avg. energy intensity from 2015-2019 to estimate the provincial demand of this mode. This demand would also reflect the impact of COVID-19 on demands.",T17,,,,,,TRPHRON001
ON,2030,T_D_pkm_hdv_r,0.419142322,bpkm,"Based on the findings from Sonia Yet et al. 2022, demand projections are indexed through projected national GDP growth (2019=100), using estimates from the Current Measures Scenario of the Canada's Energy Futures 2023. Initial demand is obtained from 2021 subsector energy use divided by avg. energy intensity from 2015-2019 to estimate the provincial demand of this mode. This demand would also reflect the impact of COVID-19 on demands.",T17,,,,,,TRPHRON001
ON,2035,T_D_pkm_hdv_r,0.449338585,bpkm,"Based on the findings from Sonia Yet et al. 2022, demand projections are indexed through projected national GDP growth (2019=100), using estimates from the Current Measures Scenario of the Canada's Energy Futures 2023. Initial demand is obtained from 2021 subsector energy use divided by avg. energy intensity from 2015-2019 to estimate the provincial demand of this mode. This demand would also reflect the impact of COVID-19 on demands.",T17,,,,,,TRPHRON001
ON,2040,T_D_pkm_hdv_r,0.479091039,bpkm,"Based on the findings from Sonia Yet et al. 2022, demand projections are indexed through projected national GDP growth (2019=100), using estimates from the Current Measures Scenario of the Canada's Energy Futures 2023. Initial demand is obtained from 2021 subsector energy use divided by avg. energy intensity from 2015-2019 to estimate the provincial demand of this mode. This demand would also reflect the impact of COVID-19 on demands.",T17,,,,,,TRPHRON001
ON,2045,T_D_pkm_hdv_r,0.513008683,bpkm,"Based on the findings from Sonia Yet et al. 2022, demand projections are indexed through projected national GDP growth (2019=100), using estimates from the Current Measures Scenario of the Canada's Energy Futures 2023. Initial demand is obtained from 2021 subsector energy use divided by avg. energy intensity from 2015-2019 to estimate the provincial demand of this mode. This demand would also reflect the impact of COVID-19 on demands.",T17,,,,,,TRPHRON001
ON,2025,T_D_pkm_ldv_m,1.461576447,bpkm,"Based on the findings from Sonia Yet et al. 2022, demand projections are indexed through projected national GDP growth (2019=100), using estimates from the Current Measures Scenario of the Canada's Energy Futures 2023. Initial demand is obtained from 2021 subsector activity, which was impacted by the COVID-19 pandemic.",T17,,,,,,TRPHRON001
ON,2030,T_D_pkm_ldv_m,1.574352082,bpkm,"Based on the findings from Sonia Yet et al. 2022, demand projections are indexed through projected national GDP growth (2019=100), using estimates from the Current Measures Scenario of the Canada's Energy Futures 2023. Initial demand is obtained from 2021 subsector activity, which was impacted by the COVID-19 pandemic.",T17,,,,,,TRPHRON001
ON,2035,T_D_pkm_ldv_m,1.687773102,bpkm,"Based on the findings from Sonia Yet et al. 2022, demand projections are indexed through projected national GDP growth (2019=100), using estimates from the Current Measures Scenario of the Canada's Energy Futures 2023. Initial demand is obtained from 2021 subsector activity, which was impacted by the COVID-19 pandemic.",T17,,,,,,TRPHRON001
ON,2040,T_D_pkm_ldv_m,1.799527117,bpkm,"Based on the findings from Sonia Yet et al. 2022, demand projections are indexed through projected national GDP growth (2019=100), using estimates from the Current Measures Scenario of the Canada's Energy Futures 2023. Initial demand is obtained from 2021 subsector activity, which was impacted by the COVID-19 pandemic.",T17,,,,,,TRPHRON001
ON,2045,T_D_pkm_ldv_m,1.926926122,bpkm,"Based on the findings from Sonia Yet et al. 2022, demand projections are indexed through projected national GDP growth (2019=100), using estimates from the Current Measures Scenario of the Canada's Energy Futures 2023. Initial demand is obtained from 2021 subsector activity, which was impacted by the COVID-19 pandemic.",T17,,,,,,TRPHRON001
ON,2025,T_D_tkm_hdv_aj,1.153517865,btkm,"Based on the findings from Sonia Yet et al. 2022, demand projections are indexed through projected national GDP growth (2019=100), using estimates from the Current Measures Scenario of the Canada's Energy Futures 2023. Initial demand is obtained from 2021 subsector energy use divided by avg. energy intensity from 2015-2019 to estimate the provincial demand of this mode. This demand would also reflect the impact of COVID-19 on demands.",T17,,,,,,TRPHRON001
ON,2030,T_D_tkm_hdv_aj,1.242523617,btkm,"Based on the findings from Sonia Yet et al. 2022, demand projections are indexed through projected national GDP growth (2019=100), using estimates from the Current Measures Scenario of the Canada's Energy Futures 2023. Initial demand is obtained from 2021 subsector energy use divided by avg. energy intensity from 2015-2019 to estimate the provincial demand of this mode. This demand would also reflect the impact of COVID-19 on demands.",T17,,,,,,TRPHRON001
ON,2035,T_D_tkm_hdv_aj,1.332038724,btkm,"Based on the findings from Sonia Yet et al. 2022, demand projections are indexed through projected national GDP growth (2019=100), using estimates from the Current Measures Scenario of the Canada's Energy Futures 2023. Initial demand is obtained from 2021 subsector energy use divided by avg. energy intensity from 2015-2019 to estimate the provincial demand of this mode. This demand would also reflect the impact of COVID-19 on demands.",T17,,,,,,TRPHRON001
ON,2040,T_D_tkm_hdv_aj,1.420238184,btkm,"Based on the findings from Sonia Yet et al. 2022, demand projections are indexed through projected national GDP growth (2019=100), using estimates from the Current Measures Scenario of the Canada's Energy Futures 2023. Initial demand is obtained from 2021 subsector energy use divided by avg. energy intensity from 2015-2019 to estimate the provincial demand of this mode. This demand would also reflect the impact of COVID-19 on demands.",T17,,,,,,TRPHRON001
ON,2045,T_D_tkm_hdv_aj,1.520785116,btkm,"Based on the findings from Sonia Yet et al. 2022, demand projections are indexed through projected national GDP growth (2019=100), using estimates from the Current Measures Scenario of the Canada's Energy Futures 2023. Initial demand is obtained from 2021 subsector energy use divided by avg. energy intensity from 2015-2019 to estimate the provincial demand of this mode. This demand would also reflect the impact of COVID-19 on demands.",T17,,,,,,TRPHRON001
ON,2025,T_D_tkm_hdv_r,110.088546748,btkm,"Based on the findings from Sonia Yet et al. 2022, demand projections are indexed through projected national GDP growth (2019=100), using estimates from the Current Measures Scenario of the Canada's Energy Futures 2023. Initial demand is obtained from 2021 subsector energy use divided by avg. energy intensity from 2015-2019 to estimate the provincial demand of this mode. This demand would also reflect the impact of COVID-19 on demands.",T17,,,,,,TRPHRON001
ON,2030,T_D_tkm_hdv_r,118.583008884,btkm,"Based on the findings from Sonia Yet et al. 2022, demand projections are indexed through projected national GDP growth (2019=100), using estimates from the Current Measures Scenario of the Canada's Energy Futures 2023. Initial demand is obtained from 2021 subsector energy use divided by avg. energy intensity from 2015-2019 to estimate the provincial demand of this mode. This demand would also reflect the impact of COVID-19 on demands.",T17,,,,,,TRPHRON001
ON,2035,T_D_tkm_hdv_r,127.126082529,btkm,"Based on the findings from Sonia Yet et al. 2022, demand projections are indexed through projected national GDP growth (2019=100), using estimates from the Current Measures Scenario of the Canada's Energy Futures 2023. Initial demand is obtained from 2021 subsector energy use divided by avg. energy intensity from 2015-2019 to estimate the provincial demand of this mode. This demand would also reflect the impact of COVID-19 on demands.",T17,,,,,,TRPHRON001
ON,2040,T_D_tkm_hdv_r,135.543594416,btkm,"Based on the findings from Sonia Yet et al. 2022, demand projections are indexed through projected national GDP growth (2019=100), using estimates from the Current Measures Scenario of the Canada's Energy Futures 2023. Initial demand is obtained from 2021 subsector energy use divided by avg. energy intensity from 2015-2019 to estimate the provincial demand of this mode. This demand would also reflect the impact of COVID-19 on demands.",T17,,,,,,TRPHRON001
ON,2045,T_D_tkm_hdv_r,145.139514833,btkm,"Based on the findings from Sonia Yet et al. 2022, demand projections are indexed through projected national GDP growth (2019=100), using estimates from the Current Measures Scenario of the Canada's Energy Futures 2023. Initial demand is obtained from 2021 subsector energy use divided by avg. energy intensity from 2015-2019 to estimate the provincial demand of this mode. This demand would also reflect the impact of COVID-19 on demands.",T17,,,,,,TRPHRON001
ON,2025,T_D_tkm_hdv_wt,64.071587007,btkm,"Based on the findings from Sonia Yet et al. 2022, demand projections are indexed through projected national GDP growth (2019=100), using estimates from the Current Measures Scenario of the Canada's Energy Futures 2023. Initial demand is obtained from 2021 subsector energy use divided by avg. energy intensity from 2015-2019 to estimate the provincial demand of this mode. This demand would also reflect the impact of COVID-19 on demands.",T17,,,,,,TRPHRON001
ON,2030,T_D_tkm_hdv_wt,69.015368044,btkm,"Based on the findings from Sonia Yet et al. 2022, demand projections are indexed through projected national GDP growth (2019=100), using estimates from the Current Measures Scenario of the Canada's Energy Futures 2023. Initial demand is obtained from 2021 subsector energy use divided by avg. energy intensity from 2015-2019 to estimate the provincial demand of this mode. This demand would also reflect the impact of COVID-19 on demands.",T17,,,,,,TRPHRON001
ON,2035,T_D_tkm_hdv_wt,73.987441003,btkm,"Based on the findings from Sonia Yet et al. 2022, demand projections are indexed through projected national GDP growth (2019=100), using estimates from the Current Measures Scenario of the Canada's Energy Futures 2023. Initial demand is obtained from 2021 subsector energy use divided by avg. energy intensity from 2015-2019 to estimate the provincial demand of this mode. This demand would also reflect the impact of COVID-19 on demands.",T17,,,,,,TRPHRON001
ON,2040,T_D_tkm_hdv_wt,78.886436958,btkm,"Based on the findings from Sonia Yet et al. 2022, demand projections are indexed through projected national GDP growth (2019=100), using estimates from the Current Measures Scenario of the Canada's Energy Futures 2023. Initial demand is obtained from 2021 subsector energy use divided by avg. energy intensity from 2015-2019 to estimate the provincial demand of this mode. This demand would also reflect the impact of COVID-19 on demands.",T17,,,,,,TRPHRON001
ON,2045,T_D_tkm_hdv_wt,84.471267243,btkm,"Based on the findings from Sonia Yet et al. 2022, demand projections are indexed through projected national GDP growth (2019=100), using estimates from the Current Measures Scenario of the Canada's Energy Futures 2023. Initial demand is obtained from 2021 subsector energy use divided by avg. energy intensity from 2015-2019 to estimate the provincial demand of this mode. This demand would also reflect the impact of COVID-19 on demands.",T17,,,,,,TRPHRON001
PEI,2025,T_D_pj_off,0.783254879463441,PJ,"Dummy technology, to pass off-road demand directly in PJ. Off-road vehicles are assumed to consume diesel only. Based on the findings from Sonia Yet et al. 2022, demand projections are indexed through projected national GDP growth (2019=100), using estimates from the Current Measures Scenario of the Canada's Energy Futures 2023. Initial demand is obtained from 2021 subsector energy use, which was impacted by the COVID-19 pandemic.",T17,,,,,,TRPHRPEI001
PEI,2030,T_D_pj_off,0.810678790210878,PJ,"Dummy technology, to pass off-road demand directly in PJ. Off-road vehicles are assumed to consume diesel only. Based on the findings from Sonia Yet et al. 2022, demand projections are indexed through projected national GDP growth (2019=100), using estimates from the Current Measures Scenario of the Canada's Energy Futures 2023. Initial demand is obtained from 2021 subsector energy use, which was impacted by the COVID-19 pandemic.",T17,,,,,,TRPHRPEI001
PEI,2035,T_D_pj_off,0.832281433905796,PJ,"Dummy technology, to pass off-road demand directly in PJ. Off-road vehicles are assumed to consume diesel only. Based on the findings from Sonia Yet et al. 2022, demand projections are indexed through projected national GDP growth (2019=100), using estimates from the Current Measures Scenario of the Canada's Energy Futures 2023. Initial demand is obtained from 2021 subsector energy use, which was impacted by the COVID-19 pandemic.",T17,,,,,,TRPHRPEI001
PEI,2040,T_D_pj_off,0.849605371837727,PJ,"Dummy technology, to pass off-road demand directly in PJ. Off-road vehicles are assumed to consume diesel only. Based on the findings from Sonia Yet et al. 2022, demand projections are indexed through projected national GDP growth (2019=100), using estimates from the Current Measures Scenario of the Canada's Energy Futures 2023. Initial demand is obtained from 2021 subsector energy use, which was impacted by the COVID-19 pandemic.",T17,,,,,,TRPHRPEI001
PEI,2045,T_D_pj_off,0.865559200756017,PJ,"Dummy technology, to pass off-road demand directly in PJ. Off-road vehicles are assumed to consume diesel only. Based on the findings from Sonia Yet et al. 2022, demand projections are indexed through projected national GDP growth (2019=100), using estimates from the Current Measures Scenario of the Canada's Energy Futures 2023. Initial demand is obtained from 2021 subsector energy use, which was impacted by the COVID-19 pandemic.",T17,,,,,,TRPHRPEI001
PEI,2025,T_D_pkm_hdv_aj,11.0693053888554,bpkm,"Based on the findings from Sonia Yet et al. 2022, demand projections are indexed through projected national GDP growth (2019=100), using estimates from the Current Measures Scenario of the Canada's Energy Futures 2023. Initial demand is obtained from 2021 subsector energy use divided by avg. energy intensity from 2015-2019 to estimate the provincial demand of this mode. This demand would also reflect the impact of COVID-19 on demands.",T17,,,,,,TRPHRPEI001
PEI,2030,T_D_pkm_hdv_aj,11.1133311660255,bpkm,"Based on the findings from Sonia Yet et al. 2022, demand projections are indexed through projected national GDP growth (2019=100), using estimates from the Current Measures Scenario of the Canada's Energy Futures 2023. Initial demand is obtained from 2021 subsector energy use divided by avg. energy intensity from 2015-2019 to estimate the provincial demand of this mode. This demand would also reflect the impact of COVID-19 on demands.",T17,,,,,,TRPHRPEI001
PEI,2035,T_D_pkm_hdv_aj,11.1480116018814,bpkm,"Based on the findings from Sonia Yet et al. 2022, demand projections are indexed through projected national GDP growth (2019=100), using estimates from the Current Measures Scenario of the Canada's Energy Futures 2023. Initial demand is obtained from 2021 subsector energy use divided by avg. energy intensity from 2015-2019 to estimate the provincial demand of this mode. This demand would also reflect the impact of COVID-19 on demands.",T17,,,,,,TRPHRPEI001
PEI,2040,T_D_pkm_hdv_aj,11.1758230923039,bpkm,"Based on the findings from Sonia Yet et al. 2022, demand projections are indexed through projected national GDP growth (2019=100), using estimates from the Current Measures Scenario of the Canada's Energy Futures 2023. Initial demand is obtained from 2021 subsector energy use divided by avg. energy intensity from 2015-2019 to estimate the provincial demand of this mode. This demand would also reflect the impact of COVID-19 on demands.",T17,,,,,,TRPHRPEI001
PEI,2045,T_D_pkm_hdv_aj,11.2014350381505,bpkm,"Based on the findings from Sonia Yet et al. 2022, demand projections are indexed through projected national GDP growth (2019=100), using estimates from the Current Measures Scenario of the Canada's Energy Futures 2023. Initial demand is obtained from 2021 subsector energy use divided by avg. energy intensity from 2015-2019 to estimate the provincial demand of this mode. This demand would also reflect the impact of COVID-19 on demands.",T17,,,,,,TRPHRPEI001
PEI,2025,T_D_pkm_hdv_bic,0.120453975800802,bpkm,"Based on the findings from Sonia Yet et al. 2022, demand projections are indexed through projected national GDP growth (2019=100), using estimates from the Current Measures Scenario of the Canada's Energy Futures 2023. Initial demand is obtained from 2021 subsector activity, which was impacted by the COVID-19 pandemic.",T17,,,,,,TRPHRPEI001
PEI,2030,T_D_pkm_hdv_bic,0.12147312552839,bpkm,"Based on the findings from Sonia Yet et al. 2022, demand projections are indexed through projected national GDP growth (2019=100), using estimates from the Current Measures Scenario of the Canada's Energy Futures 2023. Initial demand is obtained from 2021 subsector activity, which was impacted by the COVID-19 pandemic.",T17,,,,,,TRPHRPEI001
PEI,2035,T_D_pkm_hdv_bic,0.122275940584186,bpkm,"Based on the findings from Sonia Yet et al. 2022, demand projections are indexed through projected national GDP growth (2019=100), using estimates from the Current Measures Scenario of the Canada's Energy Futures 2023. Initial demand is obtained from 2021 subsector activity, which was impacted by the COVID-19 pandemic.",T17,,,,,,TRPHRPEI001
PEI,2040,T_D_pkm_hdv_bic,0.122919746888351,bpkm,"Based on the findings from Sonia Yet et al. 2022, demand projections are indexed through projected national GDP growth (2019=100), using estimates from the Current Measures Scenario of the Canada's Energy Futures 2023. Initial demand is obtained from 2021 subsector activity, which was impacted by the COVID-19 pandemic.",T17,,,,,,TRPHRPEI001
PEI,2045,T_D_pkm_hdv_bic,0.123512636084418,bpkm,"Based on the findings from Sonia Yet et al. 2022, demand projections are indexed through projected national GDP growth (2019=100), using estimates from the Current Measures Scenario of the Canada's Energy Futures 2023. Initial demand is obtained from 2021 subsector activity, which was impacted by the COVID-19 pandemic.",T17,,,,,,TRPHRPEI001
PEI,2025,T_D_pkm_hdv_bs,1.00255733358485,bpkm,"Based on the findings from Sonia Yet et al. 2022, demand projections are indexed through projected national GDP growth (2019=100), using estimates from the Current Measures Scenario of the Canada's Energy Futures 2023. Initial demand is obtained from 2021 subsector activity, which was impacted by the COVID-19 pandemic.",T17,,,,,,TRPHRPEI001
PEI,2030,T_D_pkm_hdv_bs,1.00812265830083,bpkm,"Based on the findings from Sonia Yet et al. 2022, demand projections are indexed through projected national GDP growth (2019=100), using estimates from the Current Measures Scenario of the Canada's Energy Futures 2023. Initial demand is obtained from 2021 subsector activity, which was impacted by the COVID-19 pandemic.",T17,,,,,,TRPHRPEI001
PEI,2035,T_D_pkm_hdv_bs,1.01250663285475,bpkm,"Based on the findings from Sonia Yet et al. 2022, demand projections are indexed through projected national GDP growth (2019=100), using estimates from the Current Measures Scenario of the Canada's Energy Futures 2023. Initial demand is obtained from 2021 subsector activity, which was impacted by the COVID-19 pandemic.",T17,,,,,,TRPHRPEI001
PEI,2040,T_D_pkm_hdv_bs,1.01602229992494,bpkm,"Based on the findings from Sonia Yet et al. 2022, demand projections are indexed through projected national GDP growth (2019=100), using estimates from the Current Measures Scenario of the Canada's Energy Futures 2023. Initial demand is obtained from 2021 subsector activity, which was impacted by the COVID-19 pandemic.",T17,,,,,,TRPHRPEI001
PEI,2045,T_D_pkm_hdv_bs,1.01925992125514,bpkm,"Based on the findings from Sonia Yet et al. 2022, demand projections are indexed through projected national GDP growth (2019=100), using estimates from the Current Measures Scenario of the Canada's Energy Futures 2023. Initial demand is obtained from 2021 subsector activity, which was impacted by the COVID-19 pandemic.",T17,,,,,,TRPHRPEI001
PEI,2025,T_D_pkm_hdv_bt,0.498263088463172,bpkm,"Based on the findings from Sonia Yet et al. 2022, demand projections are indexed through projected national GDP growth (2019=100), using estimates from the Current Measures Scenario of the Canada's Energy Futures 2023. Initial demand is obtained from 2021 subsector activity, which was impacted by the COVID-19 pandemic.",T17,,,,,,TRPHRPEI001
PEI,2030,T_D_pkm_hdv_bt,0.502665142740602,bpkm,"Based on the findings from Sonia Yet et al. 2022, demand projections are indexed through projected national GDP growth (2019=100), using estimates from the Current Measures Scenario of the Canada's Energy Futures 2023. Initial demand is obtained from 2021 subsector activity, which was impacted by the COVID-19 pandemic.",T17,,,,,,TRPHRPEI001
PEI,2035,T_D_pkm_hdv_bt,0.506132773997019,bpkm,"Based on the findings from Sonia Yet et al. 2022, demand projections are indexed through projected national GDP growth (2019=100), using estimates from the Current Measures Scenario of the Canada's Energy Futures 2023. Initial demand is obtained from 2021 subsector activity, which was impacted by the COVID-19 pandemic.",T17,,,,,,TRPHRPEI001
PEI,2040,T_D_pkm_hdv_bt,0.508913592377648,bpkm,"Based on the findings from Sonia Yet et al. 2022, demand projections are indexed through projected national GDP growth (2019=100), using estimates from the Current Measures Scenario of the Canada's Energy Futures 2023. Initial demand is obtained from 2021 subsector activity, which was impacted by the COVID-19 pandemic.",T17,,,,,,TRPHRPEI001
PEI,2045,T_D_pkm_hdv_bt,0.511474482451931,bpkm,"Based on the findings from Sonia Yet et al. 2022, demand projections are indexed through projected national GDP growth (2019=100), using estimates from the Current Measures Scenario of the Canada's Energy Futures 2023. Initial demand is obtained from 2021 subsector activity, which was impacted by the COVID-19 pandemic.",T17,,,,,,TRPHRPEI001
PEI,2025,T_D_pkm_hdv_r,0.261122657201656,bpkm,"Based on the findings from Sonia Yet et al. 2022, demand projections are indexed through projected national GDP growth (2019=100), using estimates from the Current Measures Scenario of the Canada's Energy Futures 2023. Initial demand is obtained from 2021 subsector energy use divided by avg. energy intensity from 2015-2019 to estimate the provincial demand of this mode. This demand would also reflect the impact of COVID-19 on demands.",T17,,,,,,TRPHRPEI001
PEI,2030,T_D_pkm_hdv_r,0.261144257152964,bpkm,"Based on the findings from Sonia Yet et al. 2022, demand projections are indexed through projected national GDP growth (2019=100), using estimates from the Current Measures Scenario of the Canada's Energy Futures 2023. Initial demand is obtained from 2021 subsector energy use divided by avg. energy intensity from 2015-2019 to estimate the provincial demand of this mode. This demand would also reflect the impact of COVID-19 on demands.",T17,,,,,,TRPHRPEI001
PEI,2035,T_D_pkm_hdv_r,0.261161272087712,bpkm,"Based on the findings from Sonia Yet et al. 2022, demand projections are indexed through projected national GDP growth (2019=100), using estimates from the Current Measures Scenario of the Canada's Energy Futures 2023. Initial demand is obtained from 2021 subsector energy use divided by avg. energy intensity from 2015-2019 to estimate the provincial demand of this mode. This demand would also reflect the impact of COVID-19 on demands.",T17,,,,,,TRPHRPEI001
PEI,2040,T_D_pkm_hdv_r,0.261174916976628,bpkm,"Based on the findings from Sonia Yet et al. 2022, demand projections are indexed through projected national GDP growth (2019=100), using estimates from the Current Measures Scenario of the Canada's Energy Futures 2023. Initial demand is obtained from 2021 subsector energy use divided by avg. energy intensity from 2015-2019 to estimate the provincial demand of this mode. This demand would also reflect the impact of COVID-19 on demands.",T17,,,,,,TRPHRPEI001
PEI,2045,T_D_pkm_hdv_r,0.261187482723759,bpkm,"Based on the findings from Sonia Yet et al. 2022, demand projections are indexed through projected national GDP growth (2019=100), using estimates from the Current Measures Scenario of the Canada's Energy Futures 2023. Initial demand is obtained from 2021 subsector energy use divided by avg. energy intensity from 2015-2019 to estimate the provincial demand of this mode. This demand would also reflect the impact of COVID-19 on demands.",T17,,,,,,TRPHRPEI001
PEI,2025,T_D_pkm_ldv_m,0.0817676409140218,bpkm,"Based on the findings from Sonia Yet et al. 2022, demand projections are indexed through projected national GDP growth (2019=100), using estimates from the Current Measures Scenario of the Canada's Energy Futures 2023. Initial demand is obtained from 2021 subsector activity, which was impacted by the COVID-19 pandemic.",T17,,,,,,TRPHRPEI001
PEI,2030,T_D_pkm_ldv_m,0.0825242658288241,bpkm,"Based on the findings from Sonia Yet et al. 2022, demand projections are indexed through projected national GDP growth (2019=100), using estimates from the Current Measures Scenario of the Canada's Energy Futures 2023. Initial demand is obtained from 2021 subsector activity, which was impacted by the COVID-19 pandemic.",T17,,,,,,TRPHRPEI001
PEI,2035,T_D_pkm_ldv_m,0.0831202821517951,bpkm,"Based on the findings from Sonia Yet et al. 2022, demand projections are indexed through projected national GDP growth (2019=100), using estimates from the Current Measures Scenario of the Canada's Energy Futures 2023. Initial demand is obtained from 2021 subsector activity, which was impacted by the COVID-19 pandemic.",T17,,,,,,TRPHRPEI001
PEI,2040,T_D_pkm_ldv_m,0.0835982491048859,bpkm,"Based on the findings from Sonia Yet et al. 2022, demand projections are indexed through projected national GDP growth (2019=100), using estimates from the Current Measures Scenario of the Canada's Energy Futures 2023. Initial demand is obtained from 2021 subsector activity, which was impacted by the COVID-19 pandemic.",T17,,,,,,TRPHRPEI001
PEI,2045,T_D_pkm_ldv_m,0.0840384147893953,bpkm,"Based on the findings from Sonia Yet et al. 2022, demand projections are indexed through projected national GDP growth (2019=100), using estimates from the Current Measures Scenario of the Canada's Energy Futures 2023. Initial demand is obtained from 2021 subsector activity, which was impacted by the COVID-19 pandemic.",T17,,,,,,TRPHRPEI001
PEI,2025,T_D_tkm_hdv_aj,0.131489481250215,btkm,"Based on the findings from Sonia Yet et al. 2022, demand projections are indexed through projected national GDP growth (2019=100), using estimates from the Current Measures Scenario of the Canada's Energy Futures 2023. Initial demand is obtained from 2021 subsector energy use divided by avg. energy intensity from 2015-2019 to estimate the provincial demand of this mode. This demand would also reflect the impact of COVID-19 on demands.",T17,,,,,,TRPHRPEI001
PEI,2030,T_D_tkm_hdv_aj,0.132093961508392,btkm,"Based on the findings from Sonia Yet et al. 2022, demand projections are indexed through projected national GDP growth (2019=100), using estimates from the Current Measures Scenario of the Canada's Energy Futures 2023. Initial demand is obtained from 2021 subsector energy use divided by avg. energy intensity from 2015-2019 to estimate the provincial demand of this mode. This demand would also reflect the impact of COVID-19 on demands.",T17,,,,,,TRPHRPEI001
PEI,2035,T_D_tkm_hdv_aj,0.132570128885038,btkm,"Based on the findings from Sonia Yet et al. 2022, demand projections are indexed through projected national GDP growth (2019=100), using estimates from the Current Measures Scenario of the Canada's Energy Futures 2023. Initial demand is obtained from 2021 subsector energy use divided by avg. energy intensity from 2015-2019 to estimate the provincial demand of this mode. This demand would also reflect the impact of COVID-19 on demands.",T17,,,,,,TRPHRPEI001
PEI,2040,T_D_tkm_hdv_aj,0.13295198465208,btkm,"Based on the findings from Sonia Yet et al. 2022, demand projections are indexed through projected national GDP growth (2019=100), using estimates from the Current Measures Scenario of the Canada's Energy Futures 2023. Initial demand is obtained from 2021 subsector energy use divided by avg. energy intensity from 2015-2019 to estimate the provincial demand of this mode. This demand would also reflect the impact of COVID-19 on demands.",T17,,,,,,TRPHRPEI001
PEI,2045,T_D_tkm_hdv_aj,0.133303640355464,btkm,"Based on the findings from Sonia Yet et al. 2022, demand projections are indexed through projected national GDP growth (2019=100), using estimates from the Current Measures Scenario of the Canada's Energy Futures 2023. Initial demand is obtained from 2021 subsector energy use divided by avg. energy intensity from 2015-2019 to estimate the provincial demand of this mode. This demand would also reflect the impact of COVID-19 on demands.",T17,,,,,,TRPHRPEI001
PEI,2025,T_D_tkm_hdv_r,73.8762494545306,btkm,"Based on the findings from Sonia Yet et al. 2022, demand projections are indexed through projected national GDP growth (2019=100), using estimates from the Current Measures Scenario of the Canada's Energy Futures 2023. Initial demand is obtained from 2021 subsector energy use divided by avg. energy intensity from 2015-2019 to estimate the provincial demand of this mode. This demand would also reflect the impact of COVID-19 on demands.",T17,,,,,,TRPHRPEI001
PEI,2030,T_D_tkm_hdv_r,73.8823605204814,btkm,"Based on the findings from Sonia Yet et al. 2022, demand projections are indexed through projected national GDP growth (2019=100), using estimates from the Current Measures Scenario of the Canada's Energy Futures 2023. Initial demand is obtained from 2021 subsector energy use divided by avg. energy intensity from 2015-2019 to estimate the provincial demand of this mode. This demand would also reflect the impact of COVID-19 on demands.",T17,,,,,,TRPHRPEI001
PEI,2035,T_D_tkm_hdv_r,73.8871743919072,btkm,"Based on the findings from Sonia Yet et al. 2022, demand projections are indexed through projected national GDP growth (2019=100), using estimates from the Current Measures Scenario of the Canada's Energy Futures 2023. Initial demand is obtained from 2021 subsector energy use divided by avg. energy intensity from 2015-2019 to estimate the provincial demand of this mode. This demand would also reflect the impact of COVID-19 on demands.",T17,,,,,,TRPHRPEI001
PEI,2040,T_D_tkm_hdv_r,73.8910348087604,btkm,"Based on the findings from Sonia Yet et al. 2022, demand projections are indexed through projected national GDP growth (2019=100), using estimates from the Current Measures Scenario of the Canada's Energy Futures 2023. Initial demand is obtained from 2021 subsector energy use divided by avg. energy intensity from 2015-2019 to estimate the provincial demand of this mode. This demand would also reflect the impact of COVID-19 on demands.",T17,,,,,,TRPHRPEI001
PEI,2045,T_D_tkm_hdv_r,73.8945899144338,btkm,"Based on the findings from Sonia Yet et al. 2022, demand projections are indexed through projected national GDP growth (2019=100), using estimates from the Current Measures Scenario of the Canada's Energy Futures 2023. Initial demand is obtained from 2021 subsector energy use divided by avg. energy intensity from 2015-2019 to estimate the provincial demand of this mode. This demand would also reflect the impact of COVID-19 on demands.",T17,,,,,,TRPHRPEI001
PEI,2025,T_D_tkm_hdv_wt,107.378057384411,btkm,"Based on the findings from Sonia Yet et al. 2022, demand projections are indexed through projected national GDP growth (2019=100), using estimates from the Current Measures Scenario of the Canada's Energy Futures 2023. Initial demand is obtained from 2021 subsector energy use divided by avg. energy intensity from 2015-2019 to estimate the provincial demand of this mode. This demand would also reflect the impact of COVID-19 on demands.",T17,,,,,,TRPHRPEI001
PEI,2030,T_D_tkm_hdv_wt,107.347453529818,btkm,"Based on the findings from Sonia Yet et al. 2022, demand projections are indexed through projected national GDP growth (2019=100), using estimates from the Current Measures Scenario of the Canada's Energy Futures 2023. Initial demand is obtained from 2021 subsector energy use divided by avg. energy intensity from 2015-2019 to estimate the provincial demand of this mode. This demand would also reflect the impact of COVID-19 on demands.",T17,,,,,,TRPHRPEI001
PEI,2035,T_D_tkm_hdv_wt,107.323345948206,btkm,"Based on the findings from Sonia Yet et al. 2022, demand projections are indexed through projected national GDP growth (2019=100), using estimates from the Current Measures Scenario of the Canada's Energy Futures 2023. Initial demand is obtained from 2021 subsector energy use divided by avg. energy intensity from 2015-2019 to estimate the provincial demand of this mode. This demand would also reflect the impact of COVID-19 on demands.",T17,,,,,,TRPHRPEI001
PEI,2040,T_D_tkm_hdv_wt,107.30401321035,btkm,"Based on the findings from Sonia Yet et al. 2022, demand projections are indexed through projected national GDP growth (2019=100), using estimates from the Current Measures Scenario of the Canada's Energy Futures 2023. Initial demand is obtained from 2021 subsector energy use divided by avg. energy intensity from 2015-2019 to estimate the provincial demand of this mode. This demand would also reflect the impact of COVID-19 on demands.",T17,,,,,,TRPHRPEI001
PEI,2045,T_D_tkm_hdv_wt,107.286209452713,btkm,"Based on the findings from Sonia Yet et al. 2022, demand projections are indexed through projected national GDP growth (2019=100), using estimates from the Current Measures Scenario of the Canada's Energy Futures 2023. Initial demand is obtained from 2021 subsector energy use divided by avg. energy intensity from 2015-2019 to estimate the provincial demand of this mode. This demand would also reflect the impact of COVID-19 on demands.",T17,,,,,,TRPHRPEI001
QC,2025,T_D_pj_off,30.869317187,PJ,"Dummy technology, to pass off-road demand directly in PJ. Off-road vehicles are assumed to consume diesel only. Based on the findings from Sonia Yet et al. 2022, demand projections are indexed through projected national GDP growth (2019=100), using estimates from the Current Measures Scenario of the Canada's Energy Futures 2023. Initial demand is obtained from 2021 subsector energy use, which was impacted by the COVID-19 pandemic.",T17,,,,,,TRPHRQC001
QC,2030,T_D_pj_off,33.251202076,PJ,"Dummy technology, to pass off-road demand directly in PJ. Off-road vehicles are assumed to consume diesel only. Based on the findings from Sonia Yet et al. 2022, demand projections are indexed through projected national GDP growth (2019=100), using estimates from the Current Measures Scenario of the Canada's Energy Futures 2023. Initial demand is obtained from 2021 subsector energy use, which was impacted by the COVID-19 pandemic.",T17,,,,,,TRPHRQC001
QC,2035,T_D_pj_off,35.646717849,PJ,"Dummy technology, to pass off-road demand directly in PJ. Off-road vehicles are assumed to consume diesel only. Based on the findings from Sonia Yet et al. 2022, demand projections are indexed through projected national GDP growth (2019=100), using estimates from the Current Measures Scenario of the Canada's Energy Futures 2023. Initial demand is obtained from 2021 subsector energy use, which was impacted by the COVID-19 pandemic.",T17,,,,,,TRPHRQC001
QC,2040,T_D_pj_off,38.007025547,PJ,"Dummy technology, to pass off-road demand directly in PJ. Off-road vehicles are assumed to consume diesel only. Based on the findings from Sonia Yet et al. 2022, demand projections are indexed through projected national GDP growth (2019=100), using estimates from the Current Measures Scenario of the Canada's Energy Futures 2023. Initial demand is obtained from 2021 subsector energy use, which was impacted by the COVID-19 pandemic.",T17,,,,,,TRPHRQC001
QC,2045,T_D_pj_off,40.697764227,PJ,"Dummy technology, to pass off-road demand directly in PJ. Off-road vehicles are assumed to consume diesel only. Based on the findings from Sonia Yet et al. 2022, demand projections are indexed through projected national GDP growth (2019=100), using estimates from the Current Measures Scenario of the Canada's Energy Futures 2023. Initial demand is obtained from 2021 subsector energy use, which was impacted by the COVID-19 pandemic.",T17,,,,,,TRPHRQC001
QC,2025,T_D_pkm_hdv_aj,76.96903667,bpkm,"Based on the findings from Sonia Yet et al. 2022, demand projections are indexed through projected national GDP growth (2019=100), using estimates from the Current Measures Scenario of the Canada's Energy Futures 2023. Initial demand is obtained from 2021 subsector energy use divided by avg. energy intensity from 2015-2019 to estimate the provincial demand of this mode. This demand would also reflect the impact of COVID-19 on demands.",T17,,,,,,TRPHRQC001
QC,2030,T_D_pkm_hdv_aj,82.907988423,bpkm,"Based on the findings from Sonia Yet et al. 2022, demand projections are indexed through projected national GDP growth (2019=100), using estimates from the Current Measures Scenario of the Canada's Energy Futures 2023. Initial demand is obtained from 2021 subsector energy use divided by avg. energy intensity from 2015-2019 to estimate the provincial demand of this mode. This demand would also reflect the impact of COVID-19 on demands.",T17,,,,,,TRPHRQC001
QC,2035,T_D_pkm_hdv_aj,88.88092719,bpkm,"Based on the findings from Sonia Yet et al. 2022, demand projections are indexed through projected national GDP growth (2019=100), using estimates from the Current Measures Scenario of the Canada's Energy Futures 2023. Initial demand is obtained from 2021 subsector energy use divided by avg. energy intensity from 2015-2019 to estimate the provincial demand of this mode. This demand would also reflect the impact of COVID-19 on demands.",T17,,,,,,TRPHRQC001
QC,2040,T_D_pkm_hdv_aj,94.766078736,bpkm,"Based on the findings from Sonia Yet et al. 2022, demand projections are indexed through projected national GDP growth (2019=100), using estimates from the Current Measures Scenario of the Canada's Energy Futures 2023. Initial demand is obtained from 2021 subsector energy use divided by avg. energy intensity from 2015-2019 to estimate the provincial demand of this mode. This demand would also reflect the impact of COVID-19 on demands.",T17,,,,,,TRPHRQC001
QC,2045,T_D_pkm_hdv_aj,101.475121341,bpkm,"Based on the findings from Sonia Yet et al. 2022, demand projections are indexed through projected national GDP growth (2019=100), using estimates from the Current Measures Scenario of the Canada's Energy Futures 2023. Initial demand is obtained from 2021 subsector energy use divided by avg. energy intensity from 2015-2019 to estimate the provincial demand of this mode. This demand would also reflect the impact of COVID-19 on demands.",T17,,,,,,TRPHRQC001
QC,2025,T_D_pkm_hdv_bic,1.167050526,bpkm,"Based on the findings from Sonia Yet et al. 2022, demand projections are indexed through projected national GDP growth (2019=100), using estimates from the Current Measures Scenario of the Canada's Energy Futures 2023. Initial demand is obtained from 2021 subsector activity, which was impacted by the COVID-19 pandemic.",T17,,,,,,TRPHRQC001
QC,2030,T_D_pkm_hdv_bic,1.257100461,bpkm,"Based on the findings from Sonia Yet et al. 2022, demand projections are indexed through projected national GDP growth (2019=100), using estimates from the Current Measures Scenario of the Canada's Energy Futures 2023. Initial demand is obtained from 2021 subsector activity, which was impacted by the COVID-19 pandemic.",T17,,,,,,TRPHRQC001
QC,2035,T_D_pkm_hdv_bic,1.347665728,bpkm,"Based on the findings from Sonia Yet et al. 2022, demand projections are indexed through projected national GDP growth (2019=100), using estimates from the Current Measures Scenario of the Canada's Energy Futures 2023. Initial demand is obtained from 2021 subsector activity, which was impacted by the COVID-19 pandemic.",T17,,,,,,TRPHRQC001
QC,2040,T_D_pkm_hdv_bic,1.436899912,bpkm,"Based on the findings from Sonia Yet et al. 2022, demand projections are indexed through projected national GDP growth (2019=100), using estimates from the Current Measures Scenario of the Canada's Energy Futures 2023. Initial demand is obtained from 2021 subsector activity, which was impacted by the COVID-19 pandemic.",T17,,,,,,TRPHRQC001
QC,2045,T_D_pkm_hdv_bic,1.538626425,bpkm,"Based on the findings from Sonia Yet et al. 2022, demand projections are indexed through projected national GDP growth (2019=100), using estimates from the Current Measures Scenario of the Canada's Energy Futures 2023. Initial demand is obtained from 2021 subsector activity, which was impacted by the COVID-19 pandemic.",T17,,,,,,TRPHRQC001
QC,2025,T_D_pkm_hdv_bs,7.437307254,bpkm,"Based on the findings from Sonia Yet et al. 2022, demand projections are indexed through projected national GDP growth (2019=100), using estimates from the Current Measures Scenario of the Canada's Energy Futures 2023. Initial demand is obtained from 2021 subsector activity, which was impacted by the COVID-19 pandemic.",T17,,,,,,TRPHRQC001
QC,2030,T_D_pkm_hdv_bs,8.011171899,bpkm,"Based on the findings from Sonia Yet et al. 2022, demand projections are indexed through projected national GDP growth (2019=100), using estimates from the Current Measures Scenario of the Canada's Energy Futures 2023. Initial demand is obtained from 2021 subsector activity, which was impacted by the COVID-19 pandemic.",T17,,,,,,TRPHRQC001
QC,2035,T_D_pkm_hdv_bs,8.588320617,bpkm,"Based on the findings from Sonia Yet et al. 2022, demand projections are indexed through projected national GDP growth (2019=100), using estimates from the Current Measures Scenario of the Canada's Energy Futures 2023. Initial demand is obtained from 2021 subsector activity, which was impacted by the COVID-19 pandemic.",T17,,,,,,TRPHRQC001
QC,2040,T_D_pkm_hdv_bs,9.156986696,bpkm,"Based on the findings from Sonia Yet et al. 2022, demand projections are indexed through projected national GDP growth (2019=100), using estimates from the Current Measures Scenario of the Canada's Energy Futures 2023. Initial demand is obtained from 2021 subsector activity, which was impacted by the COVID-19 pandemic.",T17,,,,,,TRPHRQC001
QC,2045,T_D_pkm_hdv_bs,9.805263112,bpkm,"Based on the findings from Sonia Yet et al. 2022, demand projections are indexed through projected national GDP growth (2019=100), using estimates from the Current Measures Scenario of the Canada's Energy Futures 2023. Initial demand is obtained from 2021 subsector activity, which was impacted by the COVID-19 pandemic.",T17,,,,,,TRPHRQC001
QC,2025,T_D_pkm_hdv_bt,5.817155546,bpkm,"Based on the findings from Sonia Yet et al. 2022, demand projections are indexed through projected national GDP growth (2019=100), using estimates from the Current Measures Scenario of the Canada's Energy Futures 2023. Initial demand is obtained from 2021 subsector activity, which was impacted by the COVID-19 pandemic.",T17,,,,,,TRPHRQC001
QC,2030,T_D_pkm_hdv_bt,6.266008847,bpkm,"Based on the findings from Sonia Yet et al. 2022, demand projections are indexed through projected national GDP growth (2019=100), using estimates from the Current Measures Scenario of the Canada's Energy Futures 2023. Initial demand is obtained from 2021 subsector activity, which was impacted by the COVID-19 pandemic.",T17,,,,,,TRPHRQC001
QC,2035,T_D_pkm_hdv_bt,6.717430813,bpkm,"Based on the findings from Sonia Yet et al. 2022, demand projections are indexed through projected national GDP growth (2019=100), using estimates from the Current Measures Scenario of the Canada's Energy Futures 2023. Initial demand is obtained from 2021 subsector activity, which was impacted by the COVID-19 pandemic.",T17,,,,,,TRPHRQC001
QC,2040,T_D_pkm_hdv_bt,7.162218008,bpkm,"Based on the findings from Sonia Yet et al. 2022, demand projections are indexed through projected national GDP growth (2019=100), using estimates from the Current Measures Scenario of the Canada's Energy Futures 2023. Initial demand is obtained from 2021 subsector activity, which was impacted by the COVID-19 pandemic.",T17,,,,,,TRPHRQC001
QC,2045,T_D_pkm_hdv_bt,7.669273132,bpkm,"Based on the findings from Sonia Yet et al. 2022, demand projections are indexed through projected national GDP growth (2019=100), using estimates from the Current Measures Scenario of the Canada's Energy Futures 2023. Initial demand is obtained from 2021 subsector activity, which was impacted by the COVID-19 pandemic.",T17,,,,,,TRPHRQC001
QC,2025,T_D_pkm_hdv_r,0.159847009,bpkm,"Based on the findings from Sonia Yet et al. 2022, demand projections are indexed through projected national GDP growth (2019=100), using estimates from the Current Measures Scenario of the Canada's Energy Futures 2023. Initial demand is obtained from 2021 subsector energy use divided by avg. energy intensity from 2015-2019 to estimate the provincial demand of this mode. This demand would also reflect the impact of COVID-19 on demands.",T17,,,,,,TRPHRQC001
QC,2030,T_D_pkm_hdv_r,0.172180847,bpkm,"Based on the findings from Sonia Yet et al. 2022, demand projections are indexed through projected national GDP growth (2019=100), using estimates from the Current Measures Scenario of the Canada's Energy Futures 2023. Initial demand is obtained from 2021 subsector energy use divided by avg. energy intensity from 2015-2019 to estimate the provincial demand of this mode. This demand would also reflect the impact of COVID-19 on demands.",T17,,,,,,TRPHRQC001
QC,2035,T_D_pkm_hdv_r,0.184585269,bpkm,"Based on the findings from Sonia Yet et al. 2022, demand projections are indexed through projected national GDP growth (2019=100), using estimates from the Current Measures Scenario of the Canada's Energy Futures 2023. Initial demand is obtained from 2021 subsector energy use divided by avg. energy intensity from 2015-2019 to estimate the provincial demand of this mode. This demand would also reflect the impact of COVID-19 on demands.",T17,,,,,,TRPHRQC001
QC,2040,T_D_pkm_hdv_r,0.196807377,bpkm,"Based on the findings from Sonia Yet et al. 2022, demand projections are indexed through projected national GDP growth (2019=100), using estimates from the Current Measures Scenario of the Canada's Energy Futures 2023. Initial demand is obtained from 2021 subsector energy use divided by avg. energy intensity from 2015-2019 to estimate the provincial demand of this mode. This demand would also reflect the impact of COVID-19 on demands.",T17,,,,,,TRPHRQC001
QC,2045,T_D_pkm_hdv_r,0.210740517,bpkm,"Based on the findings from Sonia Yet et al. 2022, demand projections are indexed through projected national GDP growth (2019=100), using estimates from the Current Measures Scenario of the Canada's Energy Futures 2023. Initial demand is obtained from 2021 subsector energy use divided by avg. energy intensity from 2015-2019 to estimate the provincial demand of this mode. This demand would also reflect the impact of COVID-19 on demands.",T17,,,,,,TRPHRQC001
QC,2025,T_D_pkm_ldv_m,1.231218305,bpkm,"Based on the findings from Sonia Yet et al. 2022, demand projections are indexed through projected national GDP growth (2019=100), using estimates from the Current Measures Scenario of the Canada's Energy Futures 2023. Initial demand is obtained from 2021 subsector activity, which was impacted by the COVID-19 pandemic.",T17,,,,,,TRPHRQC001
QC,2030,T_D_pkm_ldv_m,1.326219443,bpkm,"Based on the findings from Sonia Yet et al. 2022, demand projections are indexed through projected national GDP growth (2019=100), using estimates from the Current Measures Scenario of the Canada's Energy Futures 2023. Initial demand is obtained from 2021 subsector activity, which was impacted by the COVID-19 pandemic.",T17,,,,,,TRPHRQC001
QC,2035,T_D_pkm_ldv_m,1.421764247,bpkm,"Based on the findings from Sonia Yet et al. 2022, demand projections are indexed through projected national GDP growth (2019=100), using estimates from the Current Measures Scenario of the Canada's Energy Futures 2023. Initial demand is obtained from 2021 subsector activity, which was impacted by the COVID-19 pandemic.",T17,,,,,,TRPHRQC001
QC,2040,T_D_pkm_ldv_m,1.515904782,bpkm,"Based on the findings from Sonia Yet et al. 2022, demand projections are indexed through projected national GDP growth (2019=100), using estimates from the Current Measures Scenario of the Canada's Energy Futures 2023. Initial demand is obtained from 2021 subsector activity, which was impacted by the COVID-19 pandemic.",T17,,,,,,TRPHRQC001
QC,2045,T_D_pkm_ldv_m,1.62322451,bpkm,"Based on the findings from Sonia Yet et al. 2022, demand projections are indexed through projected national GDP growth (2019=100), using estimates from the Current Measures Scenario of the Canada's Energy Futures 2023. Initial demand is obtained from 2021 subsector activity, which was impacted by the COVID-19 pandemic.",T17,,,,,,TRPHRQC001
QC,2025,T_D_tkm_hdv_aj,1.034119317,btkm,"Based on the findings from Sonia Yet et al. 2022, demand projections are indexed through projected national GDP growth (2019=100), using estimates from the Current Measures Scenario of the Canada's Energy Futures 2023. Initial demand is obtained from 2021 subsector energy use divided by avg. energy intensity from 2015-2019 to estimate the provincial demand of this mode. This demand would also reflect the impact of COVID-19 on demands.",T17,,,,,,TRPHRQC001
QC,2030,T_D_tkm_hdv_aj,1.113912244,btkm,"Based on the findings from Sonia Yet et al. 2022, demand projections are indexed through projected national GDP growth (2019=100), using estimates from the Current Measures Scenario of the Canada's Energy Futures 2023. Initial demand is obtained from 2021 subsector energy use divided by avg. energy intensity from 2015-2019 to estimate the provincial demand of this mode. This demand would also reflect the impact of COVID-19 on demands.",T17,,,,,,TRPHRQC001
QC,2035,T_D_tkm_hdv_aj,1.194161804,btkm,"Based on the findings from Sonia Yet et al. 2022, demand projections are indexed through projected national GDP growth (2019=100), using estimates from the Current Measures Scenario of the Canada's Energy Futures 2023. Initial demand is obtained from 2021 subsector energy use divided by avg. energy intensity from 2015-2019 to estimate the provincial demand of this mode. This demand would also reflect the impact of COVID-19 on demands.",T17,,,,,,TRPHRQC001
QC,2040,T_D_tkm_hdv_aj,1.273231897,btkm,"Based on the findings from Sonia Yet et al. 2022, demand projections are indexed through projected national GDP growth (2019=100), using estimates from the Current Measures Scenario of the Canada's Energy Futures 2023. Initial demand is obtained from 2021 subsector energy use divided by avg. energy intensity from 2015-2019 to estimate the provincial demand of this mode. This demand would also reflect the impact of COVID-19 on demands.",T17,,,,,,TRPHRQC001
QC,2045,T_D_tkm_hdv_aj,1.363371398,btkm,"Based on the findings from Sonia Yet et al. 2022, demand projections are indexed through projected national GDP growth (2019=100), using estimates from the Current Measures Scenario of the Canada's Energy Futures 2023. Initial demand is obtained from 2021 subsector energy use divided by avg. energy intensity from 2015-2019 to estimate the provincial demand of this mode. This demand would also reflect the impact of COVID-19 on demands.",T17,,,,,,TRPHRQC001
QC,2025,T_D_tkm_hdv_r,45.223554415,btkm,"Based on the findings from Sonia Yet et al. 2022, demand projections are indexed through projected national GDP growth (2019=100), using estimates from the Current Measures Scenario of the Canada's Energy Futures 2023. Initial demand is obtained from 2021 subsector energy use divided by avg. energy intensity from 2015-2019 to estimate the provincial demand of this mode. This demand would also reflect the impact of COVID-19 on demands.",T17,,,,,,TRPHRQC001
QC,2030,T_D_tkm_hdv_r,48.713016144,btkm,"Based on the findings from Sonia Yet et al. 2022, demand projections are indexed through projected national GDP growth (2019=100), using estimates from the Current Measures Scenario of the Canada's Energy Futures 2023. Initial demand is obtained from 2021 subsector energy use divided by avg. energy intensity from 2015-2019 to estimate the provincial demand of this mode. This demand would also reflect the impact of COVID-19 on demands.",T17,,,,,,TRPHRQC001
QC,2035,T_D_tkm_hdv_r,52.222447118,btkm,"Based on the findings from Sonia Yet et al. 2022, demand projections are indexed through projected national GDP growth (2019=100), using estimates from the Current Measures Scenario of the Canada's Energy Futures 2023. Initial demand is obtained from 2021 subsector energy use divided by avg. energy intensity from 2015-2019 to estimate the provincial demand of this mode. This demand would also reflect the impact of COVID-19 on demands.",T17,,,,,,TRPHRQC001
QC,2040,T_D_tkm_hdv_r,55.680298258,btkm,"Based on the findings from Sonia Yet et al. 2022, demand projections are indexed through projected national GDP growth (2019=100), using estimates from the Current Measures Scenario of the Canada's Energy Futures 2023. Initial demand is obtained from 2021 subsector energy use divided by avg. energy intensity from 2015-2019 to estimate the provincial demand of this mode. This demand would also reflect the impact of COVID-19 on demands.",T17,,,,,,TRPHRQC001
QC,2045,T_D_tkm_hdv_r,59.622230838,btkm,"Based on the findings from Sonia Yet et al. 2022, demand projections are indexed through projected national GDP growth (2019=100), using estimates from the Current Measures Scenario of the Canada's Energy Futures 2023. Initial demand is obtained from 2021 subsector energy use divided by avg. energy intensity from 2015-2019 to estimate the provincial demand of this mode. This demand would also reflect the impact of COVID-19 on demands.",T17,,,,,,TRPHRQC001
QC,2025,T_D_tkm_hdv_wt,66.3544715,btkm,"Based on the findings from Sonia Yet et al. 2022, demand projections are indexed through projected national GDP growth (2019=100), using estimates from the Current Measures Scenario of the Canada's Energy Futures 2023. Initial demand is obtained from 2021 subsector energy use divided by avg. energy intensity from 2015-2019 to estimate the provincial demand of this mode. This demand would also reflect the impact of COVID-19 on demands.",T17,,,,,,TRPHRQC001
QC,2030,T_D_tkm_hdv_wt,71.474400524,btkm,"Based on the findings from Sonia Yet et al. 2022, demand projections are indexed through projected national GDP growth (2019=100), using estimates from the Current Measures Scenario of the Canada's Energy Futures 2023. Initial demand is obtained from 2021 subsector energy use divided by avg. energy intensity from 2015-2019 to estimate the provincial demand of this mode. This demand would also reflect the impact of COVID-19 on demands.",T17,,,,,,TRPHRQC001
QC,2035,T_D_tkm_hdv_wt,76.623629517,btkm,"Based on the findings from Sonia Yet et al. 2022, demand projections are indexed through projected national GDP growth (2019=100), using estimates from the Current Measures Scenario of the Canada's Energy Futures 2023. Initial demand is obtained from 2021 subsector energy use divided by avg. energy intensity from 2015-2019 to estimate the provincial demand of this mode. This demand would also reflect the impact of COVID-19 on demands.",T17,,,,,,TRPHRQC001
QC,2040,T_D_tkm_hdv_wt,81.697177757,btkm,"Based on the findings from Sonia Yet et al. 2022, demand projections are indexed through projected national GDP growth (2019=100), using estimates from the Current Measures Scenario of the Canada's Energy Futures 2023. Initial demand is obtained from 2021 subsector energy use divided by avg. energy intensity from 2015-2019 to estimate the provincial demand of this mode. This demand would also reflect the impact of COVID-19 on demands.",T17,,,,,,TRPHRQC001
QC,2045,T_D_tkm_hdv_wt,87.480996752,btkm,"Based on the findings from Sonia Yet et al. 2022, demand projections are indexed through projected national GDP growth (2019=100), using estimates from the Current Measures Scenario of the Canada's Energy Futures 2023. Initial demand is obtained from 2021 subsector energy use divided by avg. energy intensity from 2015-2019 to estimate the provincial demand of this mode. This demand would also reflect the impact of COVID-19 on demands.",T17,,,,,,TRPHRQC001
SK,2025,T_D_pj_off,4.874739352,PJ,"Dummy technology, to pass off-road demand directly in PJ. Off-road vehicles are assumed to consume diesel only. Based on the findings from Sonia Yet et al. 2022, demand projections are indexed through projected national GDP growth (2019=100), using estimates from the Current Measures Scenario of the Canada's Energy Futures 2023. Initial demand is obtained from 2021 subsector energy use, which was impacted by the COVID-19 pandemic.",T17,,,,,,TRPHRSK001
SK,2030,T_D_pj_off,5.250875563,PJ,"Dummy technology, to pass off-road demand directly in PJ. Off-road vehicles are assumed to consume diesel only. Based on the findings from Sonia Yet et al. 2022, demand projections are indexed through projected national GDP growth (2019=100), using estimates from the Current Measures Scenario of the Canada's Energy Futures 2023. Initial demand is obtained from 2021 subsector energy use, which was impacted by the COVID-19 pandemic.",T17,,,,,,TRPHRSK001
SK,2035,T_D_pj_off,5.6291643,PJ,"Dummy technology, to pass off-road demand directly in PJ. Off-road vehicles are assumed to consume diesel only. Based on the findings from Sonia Yet et al. 2022, demand projections are indexed through projected national GDP growth (2019=100), using estimates from the Current Measures Scenario of the Canada's Energy Futures 2023. Initial demand is obtained from 2021 subsector energy use, which was impacted by the COVID-19 pandemic.",T17,,,,,,TRPHRSK001
SK,2040,T_D_pj_off,6.001893141,PJ,"Dummy technology, to pass off-road demand directly in PJ. Off-road vehicles are assumed to consume diesel only. Based on the findings from Sonia Yet et al. 2022, demand projections are indexed through projected national GDP growth (2019=100), using estimates from the Current Measures Scenario of the Canada's Energy Futures 2023. Initial demand is obtained from 2021 subsector energy use, which was impacted by the COVID-19 pandemic.",T17,,,,,,TRPHRSK001
SK,2045,T_D_pj_off,6.42680211,PJ,"Dummy technology, to pass off-road demand directly in PJ. Off-road vehicles are assumed to consume diesel only. Based on the findings from Sonia Yet et al. 2022, demand projections are indexed through projected national GDP growth (2019=100), using estimates from the Current Measures Scenario of the Canada's Energy Futures 2023. Initial demand is obtained from 2021 subsector energy use, which was impacted by the COVID-19 pandemic.",T17,,,,,,TRPHRSK001
SK,2025,T_D_pkm_hdv_aj,2.626979938,bpkm,"Based on the findings from Sonia Yet et al. 2022, demand projections are indexed through projected national GDP growth (2019=100), using estimates from the Current Measures Scenario of the Canada's Energy Futures 2023. Initial demand is obtained from 2021 subsector energy use divided by avg. energy intensity from 2015-2019 to estimate the provincial demand of this mode. This demand would also reflect the impact of COVID-19 on demands.",T17,,,,,,TRPHRSK001
SK,2030,T_D_pkm_hdv_aj,2.829678423,bpkm,"Based on the findings from Sonia Yet et al. 2022, demand projections are indexed through projected national GDP growth (2019=100), using estimates from the Current Measures Scenario of the Canada's Energy Futures 2023. Initial demand is obtained from 2021 subsector energy use divided by avg. energy intensity from 2015-2019 to estimate the provincial demand of this mode. This demand would also reflect the impact of COVID-19 on demands.",T17,,,,,,TRPHRSK001
SK,2035,T_D_pkm_hdv_aj,3.033536897,bpkm,"Based on the findings from Sonia Yet et al. 2022, demand projections are indexed through projected national GDP growth (2019=100), using estimates from the Current Measures Scenario of the Canada's Energy Futures 2023. Initial demand is obtained from 2021 subsector energy use divided by avg. energy intensity from 2015-2019 to estimate the provincial demand of this mode. This demand would also reflect the impact of COVID-19 on demands.",T17,,,,,,TRPHRSK001
SK,2040,T_D_pkm_hdv_aj,3.234399162,bpkm,"Based on the findings from Sonia Yet et al. 2022, demand projections are indexed through projected national GDP growth (2019=100), using estimates from the Current Measures Scenario of the Canada's Energy Futures 2023. Initial demand is obtained from 2021 subsector energy use divided by avg. energy intensity from 2015-2019 to estimate the provincial demand of this mode. This demand would also reflect the impact of COVID-19 on demands.",T17,,,,,,TRPHRSK001
SK,2045,T_D_pkm_hdv_aj,3.463381115,bpkm,"Based on the findings from Sonia Yet et al. 2022, demand projections are indexed through projected national GDP growth (2019=100), using estimates from the Current Measures Scenario of the Canada's Energy Futures 2023. Initial demand is obtained from 2021 subsector energy use divided by avg. energy intensity from 2015-2019 to estimate the provincial demand of this mode. This demand would also reflect the impact of COVID-19 on demands.",T17,,,,,,TRPHRSK001
SK,2025,T_D_pkm_hdv_bic,0.288496263,bpkm,"Based on the findings from Sonia Yet et al. 2022, demand projections are indexed through projected national GDP growth (2019=100), using estimates from the Current Measures Scenario of the Canada's Energy Futures 2023. Initial demand is obtained from 2021 subsector activity, which was impacted by the COVID-19 pandemic.",T17,,,,,,TRPHRSK001
SK,2030,T_D_pkm_hdv_bic,0.310756713,bpkm,"Based on the findings from Sonia Yet et al. 2022, demand projections are indexed through projected national GDP growth (2019=100), using estimates from the Current Measures Scenario of the Canada's Energy Futures 2023. Initial demand is obtained from 2021 subsector activity, which was impacted by the COVID-19 pandemic.",T17,,,,,,TRPHRSK001
SK,2035,T_D_pkm_hdv_bic,0.333144553,bpkm,"Based on the findings from Sonia Yet et al. 2022, demand projections are indexed through projected national GDP growth (2019=100), using estimates from the Current Measures Scenario of the Canada's Energy Futures 2023. Initial demand is obtained from 2021 subsector activity, which was impacted by the COVID-19 pandemic.",T17,,,,,,TRPHRSK001
SK,2040,T_D_pkm_hdv_bic,0.355203349,bpkm,"Based on the findings from Sonia Yet et al. 2022, demand projections are indexed through projected national GDP growth (2019=100), using estimates from the Current Measures Scenario of the Canada's Energy Futures 2023. Initial demand is obtained from 2021 subsector activity, which was impacted by the COVID-19 pandemic.",T17,,,,,,TRPHRSK001
SK,2045,T_D_pkm_hdv_bic,0.380350262,bpkm,"Based on the findings from Sonia Yet et al. 2022, demand projections are indexed through projected national GDP growth (2019=100), using estimates from the Current Measures Scenario of the Canada's Energy Futures 2023. Initial demand is obtained from 2021 subsector activity, which was impacted by the COVID-19 pandemic.",T17,,,,,,TRPHRSK001
SK,2025,T_D_pkm_hdv_bs,1.427486613,bpkm,"Based on the findings from Sonia Yet et al. 2022, demand projections are indexed through projected national GDP growth (2019=100), using estimates from the Current Measures Scenario of the Canada's Energy Futures 2023. Initial demand is obtained from 2021 subsector activity, which was impacted by the COVID-19 pandemic.",T17,,,,,,TRPHRSK001
SK,2030,T_D_pkm_hdv_bs,1.537631868,bpkm,"Based on the findings from Sonia Yet et al. 2022, demand projections are indexed through projected national GDP growth (2019=100), using estimates from the Current Measures Scenario of the Canada's Energy Futures 2023. Initial demand is obtained from 2021 subsector activity, which was impacted by the COVID-19 pandemic.",T17,,,,,,TRPHRSK001
SK,2035,T_D_pkm_hdv_bs,1.648407454,bpkm,"Based on the findings from Sonia Yet et al. 2022, demand projections are indexed through projected national GDP growth (2019=100), using estimates from the Current Measures Scenario of the Canada's Energy Futures 2023. Initial demand is obtained from 2021 subsector activity, which was impacted by the COVID-19 pandemic.",T17,,,,,,TRPHRSK001
SK,2040,T_D_pkm_hdv_bs,1.757554916,bpkm,"Based on the findings from Sonia Yet et al. 2022, demand projections are indexed through projected national GDP growth (2019=100), using estimates from the Current Measures Scenario of the Canada's Energy Futures 2023. Initial demand is obtained from 2021 subsector activity, which was impacted by the COVID-19 pandemic.",T17,,,,,,TRPHRSK001
SK,2045,T_D_pkm_hdv_bs,1.881982464,bpkm,"Based on the findings from Sonia Yet et al. 2022, demand projections are indexed through projected national GDP growth (2019=100), using estimates from the Current Measures Scenario of the Canada's Energy Futures 2023. Initial demand is obtained from 2021 subsector activity, which was impacted by the COVID-19 pandemic.",T17,,,,,,TRPHRSK001
SK,2025,T_D_pkm_hdv_bt,0.988296254,bpkm,"Based on the findings from Sonia Yet et al. 2022, demand projections are indexed through projected national GDP growth (2019=100), using estimates from the Current Measures Scenario of the Canada's Energy Futures 2023. Initial demand is obtained from 2021 subsector activity, which was impacted by the COVID-19 pandemic.",T17,,,,,,TRPHRSK001
SK,2030,T_D_pkm_hdv_bt,1.064553461,bpkm,"Based on the findings from Sonia Yet et al. 2022, demand projections are indexed through projected national GDP growth (2019=100), using estimates from the Current Measures Scenario of the Canada's Energy Futures 2023. Initial demand is obtained from 2021 subsector activity, which was impacted by the COVID-19 pandemic.",T17,,,,,,TRPHRSK001
SK,2035,T_D_pkm_hdv_bt,1.141247068,bpkm,"Based on the findings from Sonia Yet et al. 2022, demand projections are indexed through projected national GDP growth (2019=100), using estimates from the Current Measures Scenario of the Canada's Energy Futures 2023. Initial demand is obtained from 2021 subsector activity, which was impacted by the COVID-19 pandemic.",T17,,,,,,TRPHRSK001
SK,2040,T_D_pkm_hdv_bt,1.216813471,bpkm,"Based on the findings from Sonia Yet et al. 2022, demand projections are indexed through projected national GDP growth (2019=100), using estimates from the Current Measures Scenario of the Canada's Energy Futures 2023. Initial demand is obtained from 2021 subsector activity, which was impacted by the COVID-19 pandemic.",T17,,,,,,TRPHRSK001
SK,2045,T_D_pkm_hdv_bt,1.302958783,bpkm,"Based on the findings from Sonia Yet et al. 2022, demand projections are indexed through projected national GDP growth (2019=100), using estimates from the Current Measures Scenario of the Canada's Energy Futures 2023. Initial demand is obtained from 2021 subsector activity, which was impacted by the COVID-19 pandemic.",T17,,,,,,TRPHRSK001
SK,2025,T_D_pkm_hdv_r,0.339985647,bpkm,"Based on the findings from Sonia Yet et al. 2022, demand projections are indexed through projected national GDP growth (2019=100), using estimates from the Current Measures Scenario of the Canada's Energy Futures 2023. Initial demand is obtained from 2021 subsector energy use divided by avg. energy intensity from 2015-2019 to estimate the provincial demand of this mode. This demand would also reflect the impact of COVID-19 on demands.",T17,,,,,,TRPHRSK001
SK,2030,T_D_pkm_hdv_r,0.366219031,bpkm,"Based on the findings from Sonia Yet et al. 2022, demand projections are indexed through projected national GDP growth (2019=100), using estimates from the Current Measures Scenario of the Canada's Energy Futures 2023. Initial demand is obtained from 2021 subsector energy use divided by avg. energy intensity from 2015-2019 to estimate the provincial demand of this mode. This demand would also reflect the impact of COVID-19 on demands.",T17,,,,,,TRPHRSK001
SK,2035,T_D_pkm_hdv_r,0.392602543,bpkm,"Based on the findings from Sonia Yet et al. 2022, demand projections are indexed through projected national GDP growth (2019=100), using estimates from the Current Measures Scenario of the Canada's Energy Futures 2023. Initial demand is obtained from 2021 subsector energy use divided by avg. energy intensity from 2015-2019 to estimate the provincial demand of this mode. This demand would also reflect the impact of COVID-19 on demands.",T17,,,,,,TRPHRSK001
SK,2040,T_D_pkm_hdv_r,0.418598283,bpkm,"Based on the findings from Sonia Yet et al. 2022, demand projections are indexed through projected national GDP growth (2019=100), using estimates from the Current Measures Scenario of the Canada's Energy Futures 2023. Initial demand is obtained from 2021 subsector energy use divided by avg. energy intensity from 2015-2019 to estimate the provincial demand of this mode. This demand would also reflect the impact of COVID-19 on demands.",T17,,,,,,TRPHRSK001
SK,2045,T_D_pkm_hdv_r,0.448233293,bpkm,"Based on the findings from Sonia Yet et al. 2022, demand projections are indexed through projected national GDP growth (2019=100), using estimates from the Current Measures Scenario of the Canada's Energy Futures 2023. Initial demand is obtained from 2021 subsector energy use divided by avg. energy intensity from 2015-2019 to estimate the provincial demand of this mode. This demand would also reflect the impact of COVID-19 on demands.",T17,,,,,,TRPHRSK001
SK,2025,T_D_pkm_ldv_m,0.059677801,bpkm,"Based on the findings from Sonia Yet et al. 2022, demand projections are indexed through projected national GDP growth (2019=100), using estimates from the Current Measures Scenario of the Canada's Energy Futures 2023. Initial demand is obtained from 2021 subsector activity, which was impacted by the COVID-19 pandemic.",T17,,,,,,TRPHRSK001
SK,2030,T_D_pkm_ldv_m,0.064282557,bpkm,"Based on the findings from Sonia Yet et al. 2022, demand projections are indexed through projected national GDP growth (2019=100), using estimates from the Current Measures Scenario of the Canada's Energy Futures 2023. Initial demand is obtained from 2021 subsector activity, which was impacted by the COVID-19 pandemic.",T17,,,,,,TRPHRSK001
SK,2035,T_D_pkm_ldv_m,0.068913664,bpkm,"Based on the findings from Sonia Yet et al. 2022, demand projections are indexed through projected national GDP growth (2019=100), using estimates from the Current Measures Scenario of the Canada's Energy Futures 2023. Initial demand is obtained from 2021 subsector activity, which was impacted by the COVID-19 pandemic.",T17,,,,,,TRPHRSK001
SK,2040,T_D_pkm_ldv_m,0.073476705,bpkm,"Based on the findings from Sonia Yet et al. 2022, demand projections are indexed through projected national GDP growth (2019=100), using estimates from the Current Measures Scenario of the Canada's Energy Futures 2023. Initial demand is obtained from 2021 subsector activity, which was impacted by the COVID-19 pandemic.",T17,,,,,,TRPHRSK001
SK,2045,T_D_pkm_ldv_m,0.078678549,bpkm,"Based on the findings from Sonia Yet et al. 2022, demand projections are indexed through projected national GDP growth (2019=100), using estimates from the Current Measures Scenario of the Canada's Energy Futures 2023. Initial demand is obtained from 2021 subsector activity, which was impacted by the COVID-19 pandemic.",T17,,,,,,TRPHRSK001
SK,2025,T_D_tkm_hdv_aj,0.027408792,btkm,"Based on the findings from Sonia Yet et al. 2022, demand projections are indexed through projected national GDP growth (2019=100), using estimates from the Current Measures Scenario of the Canada's Energy Futures 2023. Initial demand is obtained from 2021 subsector energy use divided by avg. energy intensity from 2015-2019 to estimate the provincial demand of this mode. This demand would also reflect the impact of COVID-19 on demands.",T17,,,,,,TRPHRSK001
SK,2030,T_D_tkm_hdv_aj,0.029523661,btkm,"Based on the findings from Sonia Yet et al. 2022, demand projections are indexed through projected national GDP growth (2019=100), using estimates from the Current Measures Scenario of the Canada's Energy Futures 2023. Initial demand is obtained from 2021 subsector energy use divided by avg. energy intensity from 2015-2019 to estimate the provincial demand of this mode. This demand would also reflect the impact of COVID-19 on demands.",T17,,,,,,TRPHRSK001
SK,2035,T_D_tkm_hdv_aj,0.031650634,btkm,"Based on the findings from Sonia Yet et al. 2022, demand projections are indexed through projected national GDP growth (2019=100), using estimates from the Current Measures Scenario of the Canada's Energy Futures 2023. Initial demand is obtained from 2021 subsector energy use divided by avg. energy intensity from 2015-2019 to estimate the provincial demand of this mode. This demand would also reflect the impact of COVID-19 on demands.",T17,,,,,,TRPHRSK001
SK,2040,T_D_tkm_hdv_aj,0.033746345,btkm,"Based on the findings from Sonia Yet et al. 2022, demand projections are indexed through projected national GDP growth (2019=100), using estimates from the Current Measures Scenario of the Canada's Energy Futures 2023. Initial demand is obtained from 2021 subsector energy use divided by avg. energy intensity from 2015-2019 to estimate the provincial demand of this mode. This demand would also reflect the impact of COVID-19 on demands.",T17,,,,,,TRPHRSK001
SK,2045,T_D_tkm_hdv_aj,0.036135446,btkm,"Based on the findings from Sonia Yet et al. 2022, demand projections are indexed through projected national GDP growth (2019=100), using estimates from the Current Measures Scenario of the Canada's Energy Futures 2023. Initial demand is obtained from 2021 subsector energy use divided by avg. energy intensity from 2015-2019 to estimate the provincial demand of this mode. This demand would also reflect the impact of COVID-19 on demands.",T17,,,,,,TRPHRSK001
SK,2025,T_D_tkm_hdv_r,96.188112859,btkm,"Based on the findings from Sonia Yet et al. 2022, demand projections are indexed through projected national GDP growth (2019=100), using estimates from the Current Measures Scenario of the Canada's Energy Futures 2023. Initial demand is obtained from 2021 subsector energy use divided by avg. energy intensity from 2015-2019 to estimate the provincial demand of this mode. This demand would also reflect the impact of COVID-19 on demands.",T17,,,,,,TRPHRSK001
SK,2030,T_D_tkm_hdv_r,103.610013745,btkm,"Based on the findings from Sonia Yet et al. 2022, demand projections are indexed through projected national GDP growth (2019=100), using estimates from the Current Measures Scenario of the Canada's Energy Futures 2023. Initial demand is obtained from 2021 subsector energy use divided by avg. energy intensity from 2015-2019 to estimate the provincial demand of this mode. This demand would also reflect the impact of COVID-19 on demands.",T17,,,,,,TRPHRSK001
SK,2035,T_D_tkm_hdv_r,111.074388162,btkm,"Based on the findings from Sonia Yet et al. 2022, demand projections are indexed through projected national GDP growth (2019=100), using estimates from the Current Measures Scenario of the Canada's Energy Futures 2023. Initial demand is obtained from 2021 subsector energy use divided by avg. energy intensity from 2015-2019 to estimate the provincial demand of this mode. This demand would also reflect the impact of COVID-19 on demands.",T17,,,,,,TRPHRSK001
SK,2040,T_D_tkm_hdv_r,118.429054994,btkm,"Based on the findings from Sonia Yet et al. 2022, demand projections are indexed through projected national GDP growth (2019=100), using estimates from the Current Measures Scenario of the Canada's Energy Futures 2023. Initial demand is obtained from 2021 subsector energy use divided by avg. energy intensity from 2015-2019 to estimate the provincial demand of this mode. This demand would also reflect the impact of COVID-19 on demands.",T17,,,,,,TRPHRSK001
SK,2045,T_D_tkm_hdv_r,126.813337495,btkm,"Based on the findings from Sonia Yet et al. 2022, demand projections are indexed through projected national GDP growth (2019=100), using estimates from the Current Measures Scenario of the Canada's Energy Futures 2023. Initial demand is obtained from 2021 subsector energy use divided by avg. energy intensity from 2015-2019 to estimate the provincial demand of this mode. This demand would also reflect the impact of COVID-19 on demands.",T17,,,,,,TRPHRSK001
SK,2025,T_D_tkm_hdv_wt,1.0,btkm,"Based on the findings from Sonia Yet et al. 2022, demand projections are indexed through projected national GDP growth (2019=100), using estimates from the Current Measures Scenario of the Canada's Energy Futures 2023. Initial demand is obtained from 2021 subsector energy use divided by avg. energy intensity from 2015-2019 to estimate the provincial demand of this mode. This demand would also reflect the impact of COVID-19 on demands.",T17,,,,,,TRPHRSK001
SK,2030,T_D_tkm_hdv_wt,1.0,btkm,"Based on the findings from Sonia Yet et al. 2022, demand projections are indexed through projected national GDP growth (2019=100), using estimates from the Current Measures Scenario of the Canada's Energy Futures 2023. Initial demand is obtained from 2021 subsector energy use divided by avg. energy intensity from 2015-2019 to estimate the provincial demand of this mode. This demand would also reflect the impact of COVID-19 on demands.",T17,,,,,,TRPHRSK001
SK,2035,T_D_tkm_hdv_wt,1.0,btkm,"Based on the findings from Sonia Yet et al. 2022, demand projections are indexed through projected national GDP growth (2019=100), using estimates from the Current Measures Scenario of the Canada's Energy Futures 2023. Initial demand is obtained from 2021 subsector energy use divided by avg. energy intensity from 2015-2019 to estimate the provincial demand of this mode. This demand would also reflect the impact of COVID-19 on demands.",T17,,,,,,TRPHRSK001
SK,2040,T_D_tkm_hdv_wt,1.0,btkm,"Based on the findings from Sonia Yet et al. 2022, demand projections are indexed through projected national GDP growth (2019=100), using estimates from the Current Measures Scenario of the Canada's Energy Futures 2023. Initial demand is obtained from 2021 subsector energy use divided by avg. energy intensity from 2015-2019 to estimate the provincial demand of this mode. This demand would also reflect the impact of COVID-19 on demands.",T17,,,,,,TRPHRSK001
SK,2045,T_D_tkm_hdv_wt,1.0,btkm,"Based on the findings from Sonia Yet et al. 2022, demand projections are indexed through projected national GDP growth (2019=100), using estimates from the Current Measures Scenario of the Canada's Energy Futures 2023. Initial demand is obtained from 2021 subsector energy use divided by avg. energy intensity from 2015-2019 to estimate the provincial demand of this mode. This demand would also reflect the impact of COVID-19 on demands.",T17,,,,,,TRPHRSK001
AB,2025,T_D_pkm_ldv_c,18.40318704333821,bpkm,"Demand projections are indexed through projected national GDP growth (2023=1), using estimates from the Current Measures Scenario of the Canada Energy Futures 2026. Initial demand is obtained from 2023 subsector activity.",T17,,,,,,TRPHRAB001
AB,2030,T_D_pkm_ldv_c,20.49765107880488,bpkm,"Demand projections are indexed through projected national GDP growth (2023=1), using estimates from the Current Measures Scenario of the Canada Energy Futures 2026. Initial demand is obtained from 2023 subsector activity.",T17,,,,,,TRPHRAB001
AB,2035,T_D_pkm_ldv_c,22.936935412793495,bpkm,"Demand projections are indexed through projected national GDP growth (2023=1), using estimates from the Current Measures Scenario of the Canada Energy Futures 2026. Initial demand is obtained from 2023 subsector activity.",T17,,,,,,TRPHRAB001
AB,2040,T_D_pkm_ldv_c,25.46561760195447,bpkm,"Demand projections are indexed through projected national GDP growth (2023=1), using estimates from the Current Measures Scenario of the Canada Energy Futures 2026. Initial demand is obtained from 2023 subsector activity.",T17,,,,,,TRPHRAB001
AB,2045,T_D_pkm_ldv_c,28.4668313113122,bpkm,"Demand projections are indexed through projected national GDP growth (2023=1), using estimates from the Current Measures Scenario of the Canada Energy Futures 2026. Initial demand is obtained from 2023 subsector activity.",T17,,,,,,TRPHRAB001
AB,2025,T_D_pkm_ldv_t,34.47967036402032,bpkm,"Demand projections are indexed through projected national GDP growth (2023=1), using estimates from the Current Measures Scenario of the Canada Energy Futures 2026. Initial demand is obtained from 2023 subsector activity.",T17,,,,,,TRPHRAB001
AB,2030,T_D_pkm_ldv_t,38.40379662335366,bpkm,"Demand projections are indexed through projected national GDP growth (2023=1), using estimates from the Current Measures Scenario of the Canada Energy Futures 2026. Initial demand is obtained from 2023 subsector activity.",T17,,,,,,TRPHRAB001
AB,2035,T_D_pkm_ldv_t,42.97396805952845,bpkm,"Demand projections are indexed through projected national GDP growth (2023=1), using estimates from the Current Measures Scenario of the Canada Energy Futures 2026. Initial demand is obtained from 2023 subsector activity.",T17,,,,,,TRPHRAB001
AB,2040,T_D_pkm_ldv_t,47.71163268969919,bpkm,"Demand projections are indexed through projected national GDP growth (2023=1), using estimates from the Current Measures Scenario of the Canada Energy Futures 2026. Initial demand is obtained from 2023 subsector activity.",T17,,,,,,TRPHRAB001
AB,2045,T_D_pkm_ldv_t,53.33461848813415,bpkm,"Demand projections are indexed through projected national GDP growth (2023=1), using estimates from the Current Measures Scenario of the Canada Energy Futures 2026. Initial demand is obtained from 2023 subsector activity.",T17,,,,,,TRPHRAB001
AB,2025,T_D_tkm_ldv_t,6.353161060185365,btkm,"Demand projections are indexed through projected national GDP growth (2023=1), using estimates from the Current Measures Scenario of the Canada Energy Futures 2026. Initial demand is obtained from 2023 subsector activity.",T17,,,,,,TRPHRAB001
AB,2030,T_D_tkm_ldv_t,7.076213394585366,btkm,"Demand projections are indexed through projected national GDP growth (2023=1), using estimates from the Current Measures Scenario of the Canada Energy Futures 2026. Initial demand is obtained from 2023 subsector activity.",T17,,,,,,TRPHRAB001
AB,2035,T_D_tkm_ldv_t,7.918304832819513,btkm,"Demand projections are indexed through projected national GDP growth (2023=1), using estimates from the Current Measures Scenario of the Canada Energy Futures 2026. Initial demand is obtained from 2023 subsector activity.",T17,,,,,,TRPHRAB001
AB,2040,T_D_tkm_ldv_t,8.791258260936585,btkm,"Demand projections are indexed through projected national GDP growth (2023=1), using estimates from the Current Measures Scenario of the Canada Energy Futures 2026. Initial demand is obtained from 2023 subsector activity.",T17,,,,,,TRPHRAB001
AB,2045,T_D_tkm_ldv_t,9.827339349863415,btkm,"Demand projections are indexed through projected national GDP growth (2023=1), using estimates from the Current Measures Scenario of the Canada Energy Futures 2026. Initial demand is obtained from 2023 subsector activity.",T17,,,,,,TRPHRAB001
AB,2025,T_D_tkm_mdv_t,15.292386116556909,btkm,"Demand projections are indexed through projected national GDP growth (2023=1), using estimates from the Current Measures Scenario of the Canada Energy Futures 2026. Initial demand is obtained from 2023 subsector activity.",T17,,,,,,TRPHRAB001
AB,2030,T_D_tkm_mdv_t,17.032810351890245,btkm,"Demand projections are indexed through projected national GDP growth (2023=1), using estimates from the Current Measures Scenario of the Canada Energy Futures 2026. Initial demand is obtained from 2023 subsector activity.",T17,,,,,,TRPHRAB001
AB,2035,T_D_tkm_mdv_t,19.059767845479676,btkm,"Demand projections are indexed through projected national GDP growth (2023=1), using estimates from the Current Measures Scenario of the Canada Energy Futures 2026. Initial demand is obtained from 2023 subsector activity.",T17,,,,,,TRPHRAB001
AB,2040,T_D_tkm_mdv_t,21.161011739357722,btkm,"Demand projections are indexed through projected national GDP growth (2023=1), using estimates from the Current Measures Scenario of the Canada Energy Futures 2026. Initial demand is obtained from 2023 subsector activity.",T17,,,,,,TRPHRAB001
AB,2045,T_D_tkm_mdv_t,23.65491232047561,btkm,"Demand projections are indexed through projected national GDP growth (2023=1), using estimates from the Current Measures Scenario of the Canada Energy Futures 2026. Initial demand is obtained from 2023 subsector activity.",T17,,,,,,TRPHRAB001
AB,2025,T_D_tkm_hdv_t,58.281196371521936,btkm,"Demand projections are indexed through projected national GDP growth (2023=1), using estimates from the Current Measures Scenario of the Canada Energy Futures 2026. Initial demand is obtained from 2023 subsector activity.",T17,,,,,,TRPHRAB001
AB,2030,T_D_tkm_hdv_t,64.91417083712194,btkm,"Demand projections are indexed through projected national GDP growth (2023=1), using estimates from the Current Measures Scenario of the Canada Energy Futures 2026. Initial demand is obtained from 2023 subsector activity.",T17,,,,,,TRPHRAB001
AB,2035,T_D_tkm_hdv_t,72.63915939157073,btkm,"Demand projections are indexed through projected national GDP growth (2023=1), using estimates from the Current Measures Scenario of the Canada Energy Futures 2026. Initial demand is obtained from 2023 subsector activity.",T17,,,,,,TRPHRAB001
AB,2040,T_D_tkm_hdv_t,80.64726270979511,btkm,"Demand projections are indexed through projected national GDP growth (2023=1), using estimates from the Current Measures Scenario of the Canada Energy Futures 2026. Initial demand is obtained from 2023 subsector activity.",T17,,,,,,TRPHRAB001
AB,2045,T_D_tkm_hdv_t,90.15182977940488,btkm,"Demand projections are indexed through projected national GDP growth (2023=1), using estimates from the Current Measures Scenario of the Canada Energy Futures 2026. Initial demand is obtained from 2023 subsector activity.",T17,,,,,,TRPHRAB001
BC,2025,T_D_pkm_ldv_c,27.391061920960162,bpkm,"Demand projections are indexed through projected national GDP growth (2023=1), using estimates from the Current Measures Scenario of the Canada Energy Futures 2026. Initial demand is obtained from 2023 subsector activity.",T17,,,,,,TRPHRBC001
BC,2030,T_D_pkm_ldv_c,30.50843468642683,bpkm,"Demand projections are indexed through projected national GDP growth (2023=1), using estimates from the Current Measures Scenario of the Canada Energy Futures 2026. Initial demand is obtained from 2023 subsector activity.",T17,,,,,,TRPHRBC001
BC,2035,T_D_pkm_ldv_c,34.13903345596423,bpkm,"Demand projections are indexed through projected national GDP growth (2023=1), using estimates from the Current Measures Scenario of the Canada Energy Futures 2026. Initial demand is obtained from 2023 subsector activity.",T17,,,,,,TRPHRBC001
BC,2040,T_D_pkm_ldv_c,37.9026908191496,bpkm,"Demand projections are indexed through projected national GDP growth (2023=1), using estimates from the Current Measures Scenario of the Canada Energy Futures 2026. Initial demand is obtained from 2023 subsector activity.",T17,,,,,,TRPHRBC001
BC,2045,T_D_pkm_ldv_c,42.369657891617074,bpkm,"Demand projections are indexed through projected national GDP growth (2023=1), using estimates from the Current Measures Scenario of the Canada Energy Futures 2026. Initial demand is obtained from 2023 subsector activity.",T17,,,,,,TRPHRBC001
BC,2025,T_D_pkm_ldv_t,40.26373147162845,bpkm,"Demand projections are indexed through projected national GDP growth (2023=1), using estimates from the Current Measures Scenario of the Canada Energy Futures 2026. Initial demand is obtained from 2023 subsector activity.",T17,,,,,,TRPHRBC001
BC,2030,T_D_pkm_ldv_t,44.846140882695124,bpkm,"Demand projections are indexed through projected national GDP growth (2023=1), using estimates from the Current Measures Scenario of the Canada Energy Futures 2026. Initial demand is obtained from 2023 subsector activity.",T17,,,,,,TRPHRBC001
BC,2035,T_D_pkm_ldv_t,50.18297135533984,bpkm,"Demand projections are indexed through projected national GDP growth (2023=1), using estimates from the Current Measures Scenario of the Canada Energy Futures 2026. Initial demand is obtained from 2023 subsector activity.",T17,,,,,,TRPHRBC001
BC,2040,T_D_pkm_ldv_t,55.71539247357886,bpkm,"Demand projections are indexed through projected national GDP growth (2023=1), using estimates from the Current Measures Scenario of the Canada Energy Futures 2026. Initial demand is obtained from 2023 subsector activity.",T17,,,,,,TRPHRBC001
BC,2045,T_D_pkm_ldv_t,62.281649861387805,bpkm,"Demand projections are indexed through projected national GDP growth (2023=1), using estimates from the Current Measures Scenario of the Canada Energy Futures 2026. Initial demand is obtained from 2023 subsector activity.",T17,,,,,,TRPHRBC001
BC,2025,T_D_tkm_ldv_t,5.093645103603252,btkm,"Demand projections are indexed through projected national GDP growth (2023=1), using estimates from the Current Measures Scenario of the Canada Energy Futures 2026. Initial demand is obtained from 2023 subsector activity.",T17,,,,,,TRPHRBC001
BC,2030,T_D_tkm_ldv_t,5.673352110536586,btkm,"Demand projections are indexed through projected national GDP growth (2023=1), using estimates from the Current Measures Scenario of the Canada Energy Futures 2026. Initial demand is obtained from 2023 subsector activity.",T17,,,,,,TRPHRBC001
BC,2035,T_D_tkm_ldv_t,6.348498685684553,btkm,"Demand projections are indexed through projected national GDP growth (2023=1), using estimates from the Current Measures Scenario of the Canada Energy Futures 2026. Initial demand is obtained from 2023 subsector activity.",T17,,,,,,TRPHRBC001
BC,2040,T_D_tkm_ldv_t,7.04838885259187,btkm,"Demand projections are indexed through projected national GDP growth (2023=1), using estimates from the Current Measures Scenario of the Canada Energy Futures 2026. Initial demand is obtained from 2023 subsector activity.",T17,,,,,,TRPHRBC001
BC,2045,T_D_tkm_ldv_t,7.879066575941464,btkm,"Demand projections are indexed through projected national GDP growth (2023=1), using estimates from the Current Measures Scenario of the Canada Energy Futures 2026. Initial demand is obtained from 2023 subsector activity.",T17,,,,,,TRPHRBC001
BC,2025,T_D_tkm_mdv_t,13.666736940069917,btkm,"Demand projections are indexed through projected national GDP growth (2023=1), using estimates from the Current Measures Scenario of the Canada Energy Futures 2026. Initial demand is obtained from 2023 subsector activity.",T17,,,,,,TRPHRBC001
BC,2030,T_D_tkm_mdv_t,15.222146279536586,btkm,"Demand projections are indexed through projected national GDP growth (2023=1), using estimates from the Current Measures Scenario of the Canada Energy Futures 2026. Initial demand is obtained from 2023 subsector activity.",T17,,,,,,TRPHRBC001
BC,2035,T_D_tkm_mdv_t,17.033629107817887,btkm,"Demand projections are indexed through projected national GDP growth (2023=1), using estimates from the Current Measures Scenario of the Canada Energy Futures 2026. Initial demand is obtained from 2023 subsector activity.",T17,,,,,,TRPHRBC001
BC,2040,T_D_tkm_mdv_t,18.911501359125204,btkm,"Demand projections are indexed through projected national GDP growth (2023=1), using estimates from the Current Measures Scenario of the Canada Energy Futures 2026. Initial demand is obtained from 2023 subsector activity.",T17,,,,,,TRPHRBC001
BC,2045,T_D_tkm_mdv_t,21.140289132141465,btkm,"Demand projections are indexed through projected national GDP growth (2023=1), using estimates from the Current Measures Scenario of the Canada Energy Futures 2026. Initial demand is obtained from 2023 subsector activity.",T17,,,,,,TRPHRBC001
BC,2025,T_D_tkm_hdv_t,29.436044779113,btkm,"Demand projections are indexed through projected national GDP growth (2023=1), using estimates from the Current Measures Scenario of the Canada Energy Futures 2026. Initial demand is obtained from 2023 subsector activity.",T17,,,,,,TRPHRBC001
BC,2030,T_D_tkm_hdv_t,32.78615674564634,btkm,"Demand projections are indexed through projected national GDP growth (2023=1), using estimates from the Current Measures Scenario of the Canada Energy Futures 2026. Initial demand is obtained from 2023 subsector activity.",T17,,,,,,TRPHRBC001
BC,2035,T_D_tkm_hdv_t,36.68781153593821,btkm,"Demand projections are indexed through projected national GDP growth (2023=1), using estimates from the Current Measures Scenario of the Canada Energy Futures 2026. Initial demand is obtained from 2023 subsector activity.",T17,,,,,,TRPHRBC001
BC,2040,T_D_tkm_hdv_t,40.73245891016747,btkm,"Demand projections are indexed through projected national GDP growth (2023=1), using estimates from the Current Measures Scenario of the Canada Energy Futures 2026. Initial demand is obtained from 2023 subsector activity.",T17,,,,,,TRPHRBC001
BC,2045,T_D_tkm_hdv_t,45.53292422806585,btkm,"Demand projections are indexed through projected national GDP growth (2023=1), using estimates from the Current Measures Scenario of the Canada Energy Futures 2026. Initial demand is obtained from 2023 subsector activity.",T17,,,,,,TRPHRBC001
MB,2025,T_D_pkm_ldv_c,7.93432537755447,bpkm,"Demand projections are indexed through projected national GDP growth (2023=1), using estimates from the Current Measures Scenario of the Canada Energy Futures 2026. Initial demand is obtained from 2023 subsector activity.",T17,,,,,,TRPHRMB001
MB,2030,T_D_pkm_ldv_c,8.837329792487806,bpkm,"Demand projections are indexed through projected national GDP growth (2023=1), using estimates from the Current Measures Scenario of the Canada Energy Futures 2026. Initial demand is obtained from 2023 subsector activity.",T17,,,,,,TRPHRMB001
MB,2035,T_D_pkm_ldv_c,9.88899956841626,bpkm,"Demand projections are indexed through projected national GDP growth (2023=1), using estimates from the Current Measures Scenario of the Canada Energy Futures 2026. Initial demand is obtained from 2023 subsector activity.",T17,,,,,,TRPHRMB001
MB,2040,T_D_pkm_ldv_c,10.97921221571382,bpkm,"Demand projections are indexed through projected national GDP growth (2023=1), using estimates from the Current Measures Scenario of the Canada Energy Futures 2026. Initial demand is obtained from 2023 subsector activity.",T17,,,,,,TRPHRMB001
MB,2045,T_D_pkm_ldv_c,12.273151468819512,bpkm,"Demand projections are indexed through projected national GDP growth (2023=1), using estimates from the Current Measures Scenario of the Canada Energy Futures 2026. Initial demand is obtained from 2023 subsector activity.",T17,,,,,,TRPHRMB001
MB,2025,T_D_pkm_ldv_t,14.850832624931705,bpkm,"Demand projections are indexed through projected national GDP growth (2023=1), using estimates from the Current Measures Scenario of the Canada Energy Futures 2026. Initial demand is obtained from 2023 subsector activity.",T17,,,,,,TRPHRMB001
MB,2030,T_D_pkm_ldv_t,16.541003721731705,bpkm,"Demand projections are indexed through projected national GDP growth (2023=1), using estimates from the Current Measures Scenario of the Canada Energy Futures 2026. Initial demand is obtained from 2023 subsector activity.",T17,,,,,,TRPHRMB001
MB,2035,T_D_pkm_ldv_t,18.50943469422439,bpkm,"Demand projections are indexed through projected national GDP growth (2023=1), using estimates from the Current Measures Scenario of the Canada Energy Futures 2026. Initial demand is obtained from 2023 subsector activity.",T17,,,,,,TRPHRMB001
MB,2040,T_D_pkm_ldv_t,20.55000711597073,bpkm,"Demand projections are indexed through projected national GDP growth (2023=1), using estimates from the Current Measures Scenario of the Canada Energy Futures 2026. Initial demand is obtained from 2023 subsector activity.",T17,,,,,,TRPHRMB001
MB,2045,T_D_pkm_ldv_t,22.971898626629265,bpkm,"Demand projections are indexed through projected national GDP growth (2023=1), using estimates from the Current Measures Scenario of the Canada Energy Futures 2026. Initial demand is obtained from 2023 subsector activity.",T17,,,,,,TRPHRMB001
MB,2025,T_D_tkm_ldv_t,1.5973342106691053,btkm,"Demand projections are indexed through projected national GDP growth (2023=1), using estimates from the Current Measures Scenario of the Canada Energy Futures 2026. Initial demand is obtained from 2023 subsector activity.",T17,,,,,,TRPHRMB001
MB,2030,T_D_tkm_ldv_t,1.7791265844024389,btkm,"Demand projections are indexed through projected national GDP growth (2023=1), using estimates from the Current Measures Scenario of the Canada Energy Futures 2026. Initial demand is obtained from 2023 subsector activity.",T17,,,,,,TRPHRMB001
MB,2035,T_D_tkm_ldv_t,1.9908481903967479,btkm,"Demand projections are indexed through projected national GDP growth (2023=1), using estimates from the Current Measures Scenario of the Canada Energy Futures 2026. Initial demand is obtained from 2023 subsector activity.",T17,,,,,,TRPHRMB001
MB,2040,T_D_tkm_ldv_t,2.2103292269772354,btkm,"Demand projections are indexed through projected national GDP growth (2023=1), using estimates from the Current Measures Scenario of the Canada Energy Futures 2026. Initial demand is obtained from 2023 subsector activity.",T17,,,,,,TRPHRMB001
MB,2045,T_D_tkm_ldv_t,2.470824396656097,btkm,"Demand projections are indexed through projected national GDP growth (2023=1), using estimates from the Current Measures Scenario of the Canada Energy Futures 2026. Initial demand is obtained from 2023 subsector activity.",T17,,,,,,TRPHRMB001
MB,2025,T_D_tkm_mdv_t,1.231167396719512,btkm,"Demand projections are indexed through projected national GDP growth (2023=1), using estimates from the Current Measures Scenario of the Canada Energy Futures 2026. Initial demand is obtained from 2023 subsector activity.",T17,,,,,,TRPHRMB001
MB,2030,T_D_tkm_mdv_t,1.3712863787195122,btkm,"Demand projections are indexed through projected national GDP growth (2023=1), using estimates from the Current Measures Scenario of the Canada Energy Futures 2026. Initial demand is obtained from 2023 subsector activity.",T17,,,,,,TRPHRMB001
MB,2035,T_D_tkm_mdv_t,1.534473729707317,btkm,"Demand projections are indexed through projected national GDP growth (2023=1), using estimates from the Current Measures Scenario of the Canada Energy Futures 2026. Initial demand is obtained from 2023 subsector activity.",T17,,,,,,TRPHRMB001
MB,2040,T_D_tkm_mdv_t,1.7036417689512193,btkm,"Demand projections are indexed through projected national GDP growth (2023=1), using estimates from the Current Measures Scenario of the Canada Energy Futures 2026. Initial demand is obtained from 2023 subsector activity.",T17,,,,,,TRPHRMB001
MB,2045,T_D_tkm_mdv_t,1.9044220175487805,btkm,"Demand projections are indexed through projected national GDP growth (2023=1), using estimates from the Current Measures Scenario of the Canada Energy Futures 2026. Initial demand is obtained from 2023 subsector activity.",T17,,,,,,TRPHRMB001
MB,2025,T_D_tkm_hdv_t,15.57458490569756,btkm,"Demand projections are indexed through projected national GDP growth (2023=1), using estimates from the Current Measures Scenario of the Canada Energy Futures 2026. Initial demand is obtained from 2023 subsector activity.",T17,,,,,,TRPHRMB001
MB,2030,T_D_tkm_hdv_t,17.34712614409756,btkm,"Demand projections are indexed through projected national GDP growth (2023=1), using estimates from the Current Measures Scenario of the Canada Energy Futures 2026. Initial demand is obtained from 2023 subsector activity.",T17,,,,,,TRPHRMB001
MB,2035,T_D_tkm_hdv_t,19.411488196136585,btkm,"Demand projections are indexed through projected national GDP growth (2023=1), using estimates from the Current Measures Scenario of the Canada Energy Futures 2026. Initial demand is obtained from 2023 subsector activity.",T17,,,,,,TRPHRMB001
MB,2040,T_D_tkm_hdv_t,21.551507496156095,btkm,"Demand projections are indexed through projected national GDP growth (2023=1), using estimates from the Current Measures Scenario of the Canada Energy Futures 2026. Initial demand is obtained from 2023 subsector activity.",T17,,,,,,TRPHRMB001
MB,2045,T_D_tkm_hdv_t,24.091429392643903,btkm,"Demand projections are indexed through projected national GDP growth (2023=1), using estimates from the Current Measures Scenario of the Canada Energy Futures 2026. Initial demand is obtained from 2023 subsector activity.",T17,,,,,,TRPHRMB001
ON,2025,T_D_pkm_ldv_c,98.65449446559755,bpkm,"Demand projections are indexed through projected national GDP growth (2023=1), using estimates from the Current Measures Scenario of the Canada Energy Futures 2026. Initial demand is obtained from 2023 subsector activity.",T17,,,,,,TRPHRON001
ON,2030,T_D_pkm_ldv_c,109.88234810359758,bpkm,"Demand projections are indexed through projected national GDP growth (2023=1), using estimates from the Current Measures Scenario of the Canada Energy Futures 2026. Initial demand is obtained from 2023 subsector activity.",T17,,,,,,TRPHRON001
ON,2035,T_D_pkm_ldv_c,122.9586898405366,bpkm,"Demand projections are indexed through projected national GDP growth (2023=1), using estimates from the Current Measures Scenario of the Canada Energy Futures 2026. Initial demand is obtained from 2023 subsector activity.",T17,,,,,,TRPHRON001
ON,2040,T_D_pkm_ldv_c,136.5142692327561,bpkm,"Demand projections are indexed through projected national GDP growth (2023=1), using estimates from the Current Measures Scenario of the Canada Energy Futures 2026. Initial demand is obtained from 2023 subsector activity.",T17,,,,,,TRPHRON001
ON,2045,T_D_pkm_ldv_c,152.6029619457439,bpkm,"Demand projections are indexed through projected national GDP growth (2023=1), using estimates from the Current Measures Scenario of the Canada Energy Futures 2026. Initial demand is obtained from 2023 subsector activity.",T17,,,,,,TRPHRON001
ON,2025,T_D_pkm_ldv_t,142.77367002118535,bpkm,"Demand projections are indexed through projected national GDP growth (2023=1), using estimates from the Current Measures Scenario of the Canada Energy Futures 2026. Initial demand is obtained from 2023 subsector activity.",T17,,,,,,TRPHRON001
ON,2030,T_D_pkm_ldv_t,159.02272059958537,bpkm,"Demand projections are indexed through projected national GDP growth (2023=1), using estimates from the Current Measures Scenario of the Canada Energy Futures 2026. Initial demand is obtained from 2023 subsector activity.",T17,,,,,,TRPHRON001
ON,2035,T_D_pkm_ldv_t,177.9469197488195,bpkm,"Demand projections are indexed through projected national GDP growth (2023=1), using estimates from the Current Measures Scenario of the Canada Energy Futures 2026. Initial demand is obtained from 2023 subsector activity.",T17,,,,,,TRPHRON001
ON,2040,T_D_pkm_ldv_t,197.56467593493656,bpkm,"Demand projections are indexed through projected national GDP growth (2023=1), using estimates from the Current Measures Scenario of the Canada Energy Futures 2026. Initial demand is obtained from 2023 subsector activity.",T17,,,,,,TRPHRON001
ON,2045,T_D_pkm_ldv_t,220.8483764588634,bpkm,"Demand projections are indexed through projected national GDP growth (2023=1), using estimates from the Current Measures Scenario of the Canada Energy Futures 2026. Initial demand is obtained from 2023 subsector activity.",T17,,,,,,TRPHRON001
ON,2025,T_D_tkm_ldv_t,15.504070176386175,btkm,"Demand projections are indexed through projected national GDP growth (2023=1), using estimates from the Current Measures Scenario of the Canada Energy Futures 2026. Initial demand is obtained from 2023 subsector activity.",T17,,,,,,TRPHRON001
ON,2030,T_D_tkm_ldv_t,17.26858614371951,btkm,"Demand projections are indexed through projected national GDP growth (2023=1), using estimates from the Current Measures Scenario of the Canada Energy Futures 2026. Initial demand is obtained from 2023 subsector activity.",T17,,,,,,TRPHRON001
ON,2035,T_D_tkm_ldv_t,19.32360169104065,btkm,"Demand projections are indexed through projected national GDP growth (2023=1), using estimates from the Current Measures Scenario of the Canada Energy Futures 2026. Initial demand is obtained from 2023 subsector activity.",T17,,,,,,TRPHRON001
ON,2040,T_D_tkm_ldv_t,21.45393194428455,btkm,"Demand projections are indexed through projected national GDP growth (2023=1), using estimates from the Current Measures Scenario of the Canada Energy Futures 2026. Initial demand is obtained from 2023 subsector activity.",T17,,,,,,TRPHRON001
ON,2045,T_D_tkm_ldv_t,23.982354214548778,btkm,"Demand projections are indexed through projected national GDP growth (2023=1), using estimates from the Current Measures Scenario of the Canada Energy Futures 2026. Initial demand is obtained from 2023 subsector activity.",T17,,,,,,TRPHRON001
ON,2025,T_D_tkm_mdv_t,12.769319678705688,btkm,"Demand projections are indexed through projected national GDP growth (2023=1), using estimates from the Current Measures Scenario of the Canada Energy Futures 2026. Initial demand is obtained from 2023 subsector activity.",T17,,,,,,TRPHRON001
ON,2030,T_D_tkm_mdv_t,14.222594090439024,btkm,"Demand projections are indexed through projected national GDP growth (2023=1), using estimates from the Current Measures Scenario of the Canada Energy Futures 2026. Initial demand is obtained from 2023 subsector activity.",T17,,,,,,TRPHRON001
ON,2035,T_D_tkm_mdv_t,15.915127094347966,btkm,"Demand projections are indexed through projected national GDP growth (2023=1), using estimates from the Current Measures Scenario of the Canada Energy Futures 2026. Initial demand is obtained from 2023 subsector activity.",T17,,,,,,TRPHRON001
ON,2040,T_D_tkm_mdv_t,17.66969010363577,btkm,"Demand projections are indexed through projected national GDP growth (2023=1), using estimates from the Current Measures Scenario of the Canada Energy Futures 2026. Initial demand is obtained from 2023 subsector activity.",T17,,,,,,TRPHRON001
ON,2045,T_D_tkm_mdv_t,19.75212599849756,btkm,"Demand projections are indexed through projected national GDP growth (2023=1), using estimates from the Current Measures Scenario of the Canada Energy Futures 2026. Initial demand is obtained from 2023 subsector activity.",T17,,,,,,TRPHRON001
ON,2025,T_D_tkm_hdv_t,108.7210176786943,btkm,"Demand projections are indexed through projected national GDP growth (2023=1), using estimates from the Current Measures Scenario of the Canada Energy Futures 2026. Initial demand is obtained from 2023 subsector activity.",T17,,,,,,TRPHRON001
ON,2030,T_D_tkm_hdv_t,121.09454085656098,btkm,"Demand projections are indexed through projected national GDP growth (2023=1), using estimates from the Current Measures Scenario of the Canada Energy Futures 2026. Initial demand is obtained from 2023 subsector activity.",T17,,,,,,TRPHRON001
ON,2035,T_D_tkm_hdv_t,135.50516846005203,btkm,"Demand projections are indexed through projected national GDP growth (2023=1), using estimates from the Current Measures Scenario of the Canada Energy Futures 2026. Initial demand is obtained from 2023 subsector activity.",T17,,,,,,TRPHRON001
ON,2040,T_D_tkm_hdv_t,150.44393424796422,btkm,"Demand projections are indexed through projected national GDP growth (2023=1), using estimates from the Current Measures Scenario of the Canada Energy Futures 2026. Initial demand is obtained from 2023 subsector activity.",T17,,,,,,TRPHRON001
ON,2045,T_D_tkm_hdv_t,168.17428758210247,btkm,"Demand projections are indexed through projected national GDP growth (2023=1), using estimates from the Current Measures Scenario of the Canada Energy Futures 2026. Initial demand is obtained from 2023 subsector activity.",T17,,,,,,TRPHRON001
QC,2025,T_D_pkm_ldv_c,64.39801518724146,bpkm,"Demand projections are indexed through projected national GDP growth (2023=1), using estimates from the Current Measures Scenario of the Canada Energy Futures 2026. Initial demand is obtained from 2023 subsector activity.",T17,,,,,,TRPHRQC001
QC,2030,T_D_pkm_ldv_c,71.72714391084148,bpkm,"Demand projections are indexed through projected national GDP growth (2023=1), using estimates from the Current Measures Scenario of the Canada Energy Futures 2026. Initial demand is obtained from 2023 subsector activity.",T17,,,,,,TRPHRQC001
QC,2035,T_D_pkm_ldv_c,80.26289748527806,bpkm,"Demand projections are indexed through projected national GDP growth (2023=1), using estimates from the Current Measures Scenario of the Canada Energy Futures 2026. Initial demand is obtained from 2023 subsector activity.",T17,,,,,,TRPHRQC001
QC,2040,T_D_pkm_ldv_c,89.11147972474635,bpkm,"Demand projections are indexed through projected national GDP growth (2023=1), using estimates from the Current Measures Scenario of the Canada Energy Futures 2026. Initial demand is obtained from 2023 subsector activity.",T17,,,,,,TRPHRQC001
QC,2045,T_D_pkm_ldv_c,99.61358490795367,bpkm,"Demand projections are indexed through projected national GDP growth (2023=1), using estimates from the Current Measures Scenario of the Canada Energy Futures 2026. Initial demand is obtained from 2023 subsector activity.",T17,,,,,,TRPHRQC001
QC,2025,T_D_pkm_ldv_t,74.60410962085201,bpkm,"Demand projections are indexed through projected national GDP growth (2023=1), using estimates from the Current Measures Scenario of the Canada Energy Futures 2026. Initial demand is obtained from 2023 subsector activity.",T17,,,,,,TRPHRQC001
QC,2030,T_D_pkm_ldv_t,83.09479246458537,bpkm,"Demand projections are indexed through projected national GDP growth (2023=1), using estimates from the Current Measures Scenario of the Canada Energy Futures 2026. Initial demand is obtained from 2023 subsector activity.",T17,,,,,,TRPHRQC001
QC,2035,T_D_pkm_ldv_t,92.98333163015285,bpkm,"Demand projections are indexed through projected national GDP growth (2023=1), using estimates from the Current Measures Scenario of the Canada Energy Futures 2026. Initial demand is obtained from 2023 subsector activity.",T17,,,,,,TRPHRQC001
QC,2040,T_D_pkm_ldv_t,103.23427799026992,bpkm,"Demand projections are indexed through projected national GDP growth (2023=1), using estimates from the Current Measures Scenario of the Canada Energy Futures 2026. Initial demand is obtained from 2023 subsector activity.",T17,,,,,,TRPHRQC001
QC,2045,T_D_pkm_ldv_t,115.40080523586342,bpkm,"Demand projections are indexed through projected national GDP growth (2023=1), using estimates from the Current Measures Scenario of the Canada Energy Futures 2026. Initial demand is obtained from 2023 subsector activity.",T17,,,,,,TRPHRQC001
QC,2025,T_D_tkm_ldv_t,9.427781472606503,btkm,"Demand projections are indexed through projected national GDP growth (2023=1), using estimates from the Current Measures Scenario of the Canada Energy Futures 2026. Initial demand is obtained from 2023 subsector activity.",T17,,,,,,TRPHRQC001
QC,2030,T_D_tkm_ldv_t,10.50075590807317,btkm,"Demand projections are indexed through projected national GDP growth (2023=1), using estimates from the Current Measures Scenario of the Canada Energy Futures 2026. Initial demand is obtained from 2023 subsector activity.",T17,,,,,,TRPHRQC001
QC,2035,T_D_tkm_ldv_t,11.750378573769106,btkm,"Demand projections are indexed through projected national GDP growth (2023=1), using estimates from the Current Measures Scenario of the Canada Energy Futures 2026. Initial demand is obtained from 2023 subsector activity.",T17,,,,,,TRPHRQC001
QC,2040,T_D_tkm_ldv_t,13.04579892878374,btkm,"Demand projections are indexed through projected national GDP growth (2023=1), using estimates from the Current Measures Scenario of the Canada Energy Futures 2026. Initial demand is obtained from 2023 subsector activity.",T17,,,,,,TRPHRQC001
QC,2045,T_D_tkm_ldv_t,14.583292784482927,btkm,"Demand projections are indexed through projected national GDP growth (2023=1), using estimates from the Current Measures Scenario of the Canada Energy Futures 2026. Initial demand is obtained from 2023 subsector activity.",T17,,,,,,TRPHRQC001
QC,2025,T_D_tkm_mdv_t,7.909611230569918,btkm,"Demand projections are indexed through projected national GDP growth (2023=1), using estimates from the Current Measures Scenario of the Canada Energy Futures 2026. Initial demand is obtained from 2023 subsector activity.",T17,,,,,,TRPHRQC001
QC,2030,T_D_tkm_mdv_t,8.809802932036586,btkm,"Demand projections are indexed through projected national GDP growth (2023=1), using estimates from the Current Measures Scenario of the Canada Energy Futures 2026. Initial demand is obtained from 2023 subsector activity.",T17,,,,,,TRPHRQC001
QC,2035,T_D_tkm_mdv_t,9.858196925817886,btkm,"Demand projections are indexed through projected national GDP growth (2023=1), using estimates from the Current Measures Scenario of the Canada Energy Futures 2026. Initial demand is obtained from 2023 subsector activity.",T17,,,,,,TRPHRQC001
QC,2040,T_D_tkm_mdv_t,10.945013736125203,btkm,"Demand projections are indexed through projected national GDP growth (2023=1), using estimates from the Current Measures Scenario of the Canada Energy Futures 2026. Initial demand is obtained from 2023 subsector activity.",T17,,,,,,TRPHRQC001
QC,2045,T_D_tkm_mdv_t,12.234922576641464,btkm,"Demand projections are indexed through projected national GDP growth (2023=1), using estimates from the Current Measures Scenario of the Canada Energy Futures 2026. Initial demand is obtained from 2023 subsector activity.",T17,,,,,,TRPHRQC001
QC,2025,T_D_tkm_hdv_t,66.2962195274813,btkm,"Demand projections are indexed through projected national GDP growth (2023=1), using estimates from the Current Measures Scenario of the Canada Energy Futures 2026. Initial demand is obtained from 2023 subsector activity.",T17,,,,,,TRPHRQC001
QC,2030,T_D_tkm_hdv_t,73.84138261041464,btkm,"Demand projections are indexed through projected national GDP growth (2023=1), using estimates from the Current Measures Scenario of the Canada Energy Futures 2026. Initial demand is obtained from 2023 subsector activity.",T17,,,,,,TRPHRQC001
QC,2035,T_D_tkm_hdv_t,82.62873717651382,btkm,"Demand projections are indexed through projected national GDP growth (2023=1), using estimates from the Current Measures Scenario of the Canada Energy Futures 2026. Initial demand is obtained from 2023 subsector activity.",T17,,,,,,TRPHRQC001
QC,2040,T_D_tkm_hdv_t,91.73814138639675,btkm,"Demand projections are indexed through projected national GDP growth (2023=1), using estimates from the Current Measures Scenario of the Canada Energy Futures 2026. Initial demand is obtained from 2023 subsector activity.",T17,,,,,,TRPHRQC001
QC,2045,T_D_tkm_hdv_t,102.54980799913659,btkm,"Demand projections are indexed through projected national GDP growth (2023=1), using estimates from the Current Measures Scenario of the Canada Energy Futures 2026. Initial demand is obtained from 2023 subsector activity.",T17,,,,,,TRPHRQC001
SK,2025,T_D_pkm_ldv_c,6.298734201985365,bpkm,"Demand projections are indexed through projected national GDP growth (2023=1), using estimates from the Current Measures Scenario of the Canada Energy Futures 2026. Initial demand is obtained from 2023 subsector activity.",T17,,,,,,TRPHRSK001
SK,2030,T_D_pkm_ldv_c,7.015592223585366,bpkm,"Demand projections are indexed through projected national GDP growth (2023=1), using estimates from the Current Measures Scenario of the Canada Energy Futures 2026. Initial demand is obtained from 2023 subsector activity.",T17,,,,,,TRPHRSK001
SK,2035,T_D_pkm_ldv_c,7.850469553619512,bpkm,"Demand projections are indexed through projected national GDP growth (2023=1), using estimates from the Current Measures Scenario of the Canada Energy Futures 2026. Initial demand is obtained from 2023 subsector activity.",T17,,,,,,TRPHRSK001
SK,2040,T_D_pkm_ldv_c,8.715944482136585,bpkm,"Demand projections are indexed through projected national GDP growth (2023=1), using estimates from the Current Measures Scenario of the Canada Energy Futures 2026. Initial demand is obtained from 2023 subsector activity.",T17,,,,,,TRPHRSK001
SK,2045,T_D_pkm_ldv_c,9.743149574063414,bpkm,"Demand projections are indexed through projected national GDP growth (2023=1), using estimates from the Current Measures Scenario of the Canada Energy Futures 2026. Initial demand is obtained from 2023 subsector activity.",T17,,,,,,TRPHRSK001
SK,2025,T_D_pkm_ldv_t,13.479113284186177,bpkm,"Demand projections are indexed through projected national GDP growth (2023=1), using estimates from the Current Measures Scenario of the Canada Energy Futures 2026. Initial demand is obtained from 2023 subsector activity.",T17,,,,,,TRPHRSK001
SK,2030,T_D_pkm_ldv_t,15.013169202719514,bpkm,"Demand projections are indexed through projected national GDP growth (2023=1), using estimates from the Current Measures Scenario of the Canada Energy Futures 2026. Initial demand is obtained from 2023 subsector activity.",T17,,,,,,TRPHRSK001
SK,2035,T_D_pkm_ldv_t,16.79978310784065,bpkm,"Demand projections are indexed through projected national GDP growth (2023=1), using estimates from the Current Measures Scenario of the Canada Energy Futures 2026. Initial demand is obtained from 2023 subsector activity.",T17,,,,,,TRPHRSK001
SK,2040,T_D_pkm_ldv_t,18.651875009484552,bpkm,"Demand projections are indexed through projected national GDP growth (2023=1), using estimates from the Current Measures Scenario of the Canada Energy Futures 2026. Initial demand is obtained from 2023 subsector activity.",T17,,,,,,TRPHRSK001
SK,2045,T_D_pkm_ldv_t,20.85006489274878,bpkm,"Demand projections are indexed through projected national GDP growth (2023=1), using estimates from the Current Measures Scenario of the Canada Energy Futures 2026. Initial demand is obtained from 2023 subsector activity.",T17,,,,,,TRPHRSK001
SK,2025,T_D_tkm_ldv_t,2.480832103244715,btkm,"Demand projections are indexed through projected national GDP growth (2023=1), using estimates from the Current Measures Scenario of the Canada Energy Futures 2026. Initial demand is obtained from 2023 subsector activity.",T17,,,,,,TRPHRSK001
SK,2030,T_D_tkm_ldv_t,2.7631752433780488,btkm,"Demand projections are indexed through projected national GDP growth (2023=1), using estimates from the Current Measures Scenario of the Canada Energy Futures 2026. Initial demand is obtained from 2023 subsector activity.",T17,,,,,,TRPHRSK001
SK,2035,T_D_tkm_ldv_t,3.092001705362602,btkm,"Demand projections are indexed through projected national GDP growth (2023=1), using estimates from the Current Measures Scenario of the Canada Energy Futures 2026. Initial demand is obtained from 2023 subsector activity.",T17,,,,,,TRPHRSK001
SK,2040,T_D_tkm_ldv_t,3.432879398938211,btkm,"Demand projections are indexed through projected national GDP growth (2023=1), using estimates from the Current Measures Scenario of the Canada Energy Futures 2026. Initial demand is obtained from 2023 subsector activity.",T17,,,,,,TRPHRSK001
SK,2045,T_D_tkm_ldv_t,3.837456459495122,btkm,"Demand projections are indexed through projected national GDP growth (2023=1), using estimates from the Current Measures Scenario of the Canada Energy Futures 2026. Initial demand is obtained from 2023 subsector activity.",T17,,,,,,TRPHRSK001
SK,2025,T_D_tkm_mdv_t,4.295387668125202,btkm,"Demand projections are indexed through projected national GDP growth (2023=1), using estimates from the Current Measures Scenario of the Canada Energy Futures 2026. Initial demand is obtained from 2023 subsector activity.",T17,,,,,,TRPHRSK001
SK,2030,T_D_tkm_mdv_t,4.784245112658536,btkm,"Demand projections are indexed through projected national GDP growth (2023=1), using estimates from the Current Measures Scenario of the Canada Energy Futures 2026. Initial demand is obtained from 2023 subsector activity.",T17,,,,,,TRPHRSK001
SK,2035,T_D_tkm_mdv_t,5.353585185255285,btkm,"Demand projections are indexed through projected national GDP growth (2023=1), using estimates from the Current Measures Scenario of the Canada Energy Futures 2026. Initial demand is obtained from 2023 subsector activity.",T17,,,,,,TRPHRSK001
SK,2040,T_D_tkm_mdv_t,5.943791124386991,btkm,"Demand projections are indexed through projected national GDP growth (2023=1), using estimates from the Current Measures Scenario of the Canada Energy Futures 2026. Initial demand is obtained from 2023 subsector activity.",T17,,,,,,TRPHRSK001
SK,2045,T_D_tkm_mdv_t,6.644288072346341,btkm,"Demand projections are indexed through projected national GDP growth (2023=1), using estimates from the Current Measures Scenario of the Canada Energy Futures 2026. Initial demand is obtained from 2023 subsector activity.",T17,,,,,,TRPHRSK001
SK,2025,T_D_tkm_hdv_t,25.67261345041138,btkm,"Demand projections are indexed through projected national GDP growth (2023=1), using estimates from the Current Measures Scenario of the Canada Energy Futures 2026. Initial demand is obtained from 2023 subsector activity.",T17,,,,,,TRPHRSK001
SK,2030,T_D_tkm_hdv_t,28.59440984587805,btkm,"Demand projections are indexed through projected national GDP growth (2023=1), using estimates from the Current Measures Scenario of the Canada Energy Futures 2026. Initial demand is obtained from 2023 subsector activity.",T17,,,,,,TRPHRSK001
SK,2035,T_D_tkm_hdv_t,31.997233696695936,btkm,"Demand projections are indexed through projected national GDP growth (2023=1), using estimates from the Current Measures Scenario of the Canada Energy Futures 2026. Initial demand is obtained from 2023 subsector activity.",T17,,,,,,TRPHRSK001
SK,2040,T_D_tkm_hdv_t,35.52476836927154,btkm,"Demand projections are indexed through projected national GDP growth (2023=1), using estimates from the Current Measures Scenario of the Canada Energy Futures 2026. Initial demand is obtained from 2023 subsector activity.",T17,,,,,,TRPHRSK001
SK,2045,T_D_tkm_hdv_t,39.711488813995125,btkm,"Demand projections are indexed through projected national GDP growth (2023=1), using estimates from the Current Measures Scenario of the Canada Energy Futures 2026. Initial demand is obtained from 2023 subsector activity.",T17,,,,,,TRPHRSK001
NB,2025,T_D_pkm_ldv_c,5.570597105834145,bpkm,"Demand projections are indexed through projected national GDP growth (2023=1), using estimates from the Current Measures Scenario of the Canada Energy Futures 2026. Initial demand is obtained from 2023 subsector activity.",T17,,,,,,TRPHRNB001
NB,2030,T_D_pkm_ldv_c,6.204585950634146,bpkm,"Demand projections are indexed through projected national GDP growth (2023=1), using estimates from the Current Measures Scenario of the Canada Energy Futures 2026. Initial demand is obtained from 2023 subsector activity.",T17,,,,,,TRPHRNB001
NB,2035,T_D_pkm_ldv_c,6.942951007687805,bpkm,"Demand projections are indexed through projected national GDP growth (2023=1), using estimates from the Current Measures Scenario of the Canada Energy Futures 2026. Initial demand is obtained from 2023 subsector activity.",T17,,,,,,TRPHRNB001
NB,2040,T_D_pkm_ldv_c,7.708376564214634,bpkm,"Demand projections are indexed through projected national GDP growth (2023=1), using estimates from the Current Measures Scenario of the Canada Energy Futures 2026. Initial demand is obtained from 2023 subsector activity.",T17,,,,,,TRPHRNB001
NB,2045,T_D_pkm_ldv_c,8.616836189385365,bpkm,"Demand projections are indexed through projected national GDP growth (2023=1), using estimates from the Current Measures Scenario of the Canada Energy Futures 2026. Initial demand is obtained from 2023 subsector activity.",T17,,,,,,TRPHRNB001
NB,2025,T_D_pkm_ldv_t,8.59281450355122,bpkm,"Demand projections are indexed through projected national GDP growth (2023=1), using estimates from the Current Measures Scenario of the Canada Energy Futures 2026. Initial demand is obtained from 2023 subsector activity.",T17,,,,,,TRPHRNB001
NB,2030,T_D_pkm_ldv_t,9.57076146995122,bpkm,"Demand projections are indexed through projected national GDP growth (2023=1), using estimates from the Current Measures Scenario of the Canada Energy Futures 2026. Initial demand is obtained from 2023 subsector activity.",T17,,,,,,TRPHRNB001
NB,2035,T_D_pkm_ldv_t,10.709711900331708,bpkm,"Demand projections are indexed through projected national GDP growth (2023=1), using estimates from the Current Measures Scenario of the Canada Energy Futures 2026. Initial demand is obtained from 2023 subsector activity.",T17,,,,,,TRPHRNB001
NB,2040,T_D_pkm_ldv_t,11.890403969521952,bpkm,"Demand projections are indexed through projected national GDP growth (2023=1), using estimates from the Current Measures Scenario of the Canada Energy Futures 2026. Initial demand is obtained from 2023 subsector activity.",T17,,,,,,TRPHRNB001
NB,2045,T_D_pkm_ldv_t,13.29173041527805,bpkm,"Demand projections are indexed through projected national GDP growth (2023=1), using estimates from the Current Measures Scenario of the Canada Energy Futures 2026. Initial demand is obtained from 2023 subsector activity.",T17,,,,,,TRPHRNB001
NB,2025,T_D_tkm_ldv_t,0.7964655683796746,btkm,"Demand projections are indexed through projected national GDP growth (2023=1), using estimates from the Current Measures Scenario of the Canada Energy Futures 2026. Initial demand is obtained from 2023 subsector activity.",T17,,,,,,TRPHRNB001
NB,2030,T_D_tkm_ldv_t,0.8871111986463415,btkm,"Demand projections are indexed through projected national GDP growth (2023=1), using estimates from the Current Measures Scenario of the Canada Energy Futures 2026. Initial demand is obtained from 2023 subsector activity.",T17,,,,,,TRPHRNB001
NB,2035,T_D_tkm_ldv_t,0.9926801948715447,btkm,"Demand projections are indexed through projected national GDP growth (2023=1), using estimates from the Current Measures Scenario of the Canada Energy Futures 2026. Initial demand is obtained from 2023 subsector activity.",T17,,,,,,TRPHRNB001
NB,2040,T_D_tkm_ldv_t,1.1021182119008128,btkm,"Demand projections are indexed through projected national GDP growth (2023=1), using estimates from the Current Measures Scenario of the Canada Energy Futures 2026. Initial demand is obtained from 2023 subsector activity.",T17,,,,,,TRPHRNB001
NB,2045,T_D_tkm_ldv_t,1.2320067674658537,btkm,"Demand projections are indexed through projected national GDP growth (2023=1), using estimates from the Current Measures Scenario of the Canada Energy Futures 2026. Initial demand is obtained from 2023 subsector activity.",T17,,,,,,TRPHRNB001
NB,2025,T_D_tkm_mdv_t,0.750342640210569,btkm,"Demand projections are indexed through projected national GDP growth (2023=1), using estimates from the Current Measures Scenario of the Canada Energy Futures 2026. Initial demand is obtained from 2023 subsector activity.",T17,,,,,,TRPHRNB001
NB,2030,T_D_tkm_mdv_t,0.8357390267439023,btkm,"Demand projections are indexed through projected national GDP growth (2023=1), using estimates from the Current Measures Scenario of the Canada Energy Futures 2026. Initial demand is obtained from 2023 subsector activity.",T17,,,,,,TRPHRNB001
NB,2035,T_D_tkm_mdv_t,0.9351945744747967,btkm,"Demand projections are indexed through projected national GDP growth (2023=1), using estimates from the Current Measures Scenario of the Canada Energy Futures 2026. Initial demand is obtained from 2023 subsector activity.",T17,,,,,,TRPHRNB001
NB,2040,T_D_tkm_mdv_t,1.038295089923577,btkm,"Demand projections are indexed through projected national GDP growth (2023=1), using estimates from the Current Measures Scenario of the Canada Energy Futures 2026. Initial demand is obtained from 2023 subsector activity.",T17,,,,,,TRPHRNB001
NB,2045,T_D_tkm_mdv_t,1.160661863309756,btkm,"Demand projections are indexed through projected national GDP growth (2023=1), using estimates from the Current Measures Scenario of the Canada Energy Futures 2026. Initial demand is obtained from 2023 subsector activity.",T17,,,,,,TRPHRNB001
NB,2025,T_D_tkm_hdv_t,3.2926991335154465,btkm,"Demand projections are indexed through projected national GDP growth (2023=1), using estimates from the Current Measures Scenario of the Canada Energy Futures 2026. Initial demand is obtained from 2023 subsector activity.",T17,,,,,,TRPHRNB001
NB,2030,T_D_tkm_hdv_t,3.6674407420487807,btkm,"Demand projections are indexed through projected national GDP growth (2023=1), using estimates from the Current Measures Scenario of the Canada Energy Futures 2026. Initial demand is obtained from 2023 subsector activity.",T17,,,,,,TRPHRNB001
NB,2035,T_D_tkm_hdv_t,4.103877615401626,btkm,"Demand projections are indexed through projected national GDP growth (2023=1), using estimates from the Current Measures Scenario of the Canada Energy Futures 2026. Initial demand is obtained from 2023 subsector activity.",T17,,,,,,TRPHRNB001
NB,2040,T_D_tkm_hdv_t,4.556309557411382,btkm,"Demand projections are indexed through projected national GDP growth (2023=1), using estimates from the Current Measures Scenario of the Canada Energy Futures 2026. Initial demand is obtained from 2023 subsector activity.",T17,,,,,,TRPHRNB001
NB,2045,T_D_tkm_hdv_t,5.093286862321952,btkm,"Demand projections are indexed through projected national GDP growth (2023=1), using estimates from the Current Measures Scenario of the Canada Energy Futures 2026. Initial demand is obtained from 2023 subsector activity.",T17,,,,,,TRPHRNB001
NLLAB,2025,T_D_pkm_ldv_c,3.2218786802382113,bpkm,"Demand projections are indexed through projected national GDP growth (2023=1), using estimates from the Current Measures Scenario of the Canada Energy Futures 2026. Initial demand is obtained from 2023 subsector activity.",T17,,,,,,TRPHRNLLAB001
NLLAB,2030,T_D_pkm_ldv_c,3.588560223304879,bpkm,"Demand projections are indexed through projected national GDP growth (2023=1), using estimates from the Current Measures Scenario of the Canada Energy Futures 2026. Initial demand is obtained from 2023 subsector activity.",T17,,,,,,TRPHRNLLAB001
NLLAB,2035,T_D_pkm_ldv_c,4.015610069193497,bpkm,"Demand projections are indexed through projected national GDP growth (2023=1), using estimates from the Current Measures Scenario of the Canada Energy Futures 2026. Initial demand is obtained from 2023 subsector activity.",T17,,,,,,TRPHRNLLAB001
NLLAB,2040,T_D_pkm_ldv_c,4.458310956554472,bpkm,"Demand projections are indexed through projected national GDP growth (2023=1), using estimates from the Current Measures Scenario of the Canada Energy Futures 2026. Initial demand is obtained from 2023 subsector activity.",T17,,,,,,TRPHRNLLAB001
NLLAB,2045,T_D_pkm_ldv_c,4.983738777412196,bpkm,"Demand projections are indexed through projected national GDP growth (2023=1), using estimates from the Current Measures Scenario of the Canada Energy Futures 2026. Initial demand is obtained from 2023 subsector activity.",T17,,,,,,TRPHRNLLAB001
NLLAB,2025,T_D_pkm_ldv_t,6.617890397791056,bpkm,"Demand projections are indexed through projected national GDP growth (2023=1), using estimates from the Current Measures Scenario of the Canada Energy Futures 2026. Initial demand is obtained from 2023 subsector activity.",T17,,,,,,TRPHRNLLAB001
NLLAB,2030,T_D_pkm_ldv_t,7.371071539524391,bpkm,"Demand projections are indexed through projected national GDP growth (2023=1), using estimates from the Current Measures Scenario of the Canada Energy Futures 2026. Initial demand is obtained from 2023 subsector activity.",T17,,,,,,TRPHRNLLAB001
NLLAB,2035,T_D_pkm_ldv_t,8.24825201556748,bpkm,"Demand projections are indexed through projected national GDP growth (2023=1), using estimates from the Current Measures Scenario of the Canada Energy Futures 2026. Initial demand is obtained from 2023 subsector activity.",T17,,,,,,TRPHRNLLAB001
NLLAB,2040,T_D_pkm_ldv_t,9.157580467172357,bpkm,"Demand projections are indexed through projected national GDP growth (2023=1), using estimates from the Current Measures Scenario of the Canada Energy Futures 2026. Initial demand is obtained from 2023 subsector activity.",T17,,,,,,TRPHRNLLAB001
NLLAB,2045,T_D_pkm_ldv_t,10.236833932460977,bpkm,"Demand projections are indexed through projected national GDP growth (2023=1), using estimates from the Current Measures Scenario of the Canada Energy Futures 2026. Initial demand is obtained from 2023 subsector activity.",T17,,,,,,TRPHRNLLAB001
NLLAB,2025,T_D_tkm_ldv_t,0.6079670204756098,btkm,"Demand projections are indexed through projected national GDP growth (2023=1), using estimates from the Current Measures Scenario of the Canada Energy Futures 2026. Initial demand is obtained from 2023 subsector activity.",T17,,,,,,TRPHRNLLAB001
NLLAB,2030,T_D_tkm_ldv_t,0.6771596584756099,btkm,"Demand projections are indexed through projected national GDP growth (2023=1), using estimates from the Current Measures Scenario of the Canada Energy Futures 2026. Initial demand is obtained from 2023 subsector activity.",T17,,,,,,TRPHRNLLAB001
NLLAB,2035,T_D_tkm_ldv_t,0.7577437673658538,btkm,"Demand projections are indexed through projected national GDP growth (2023=1), using estimates from the Current Measures Scenario of the Canada Energy Futures 2026. Initial demand is obtained from 2023 subsector activity.",T17,,,,,,TRPHRNLLAB001
NLLAB,2040,T_D_tkm_ldv_t,0.8412812205609758,btkm,"Demand projections are indexed through projected national GDP growth (2023=1), using estimates from the Current Measures Scenario of the Canada Energy Futures 2026. Initial demand is obtained from 2023 subsector activity.",T17,,,,,,TRPHRNLLAB001
NLLAB,2045,T_D_tkm_ldv_t,0.9404292079390245,btkm,"Demand projections are indexed through projected national GDP growth (2023=1), using estimates from the Current Measures Scenario of the Canada Energy Futures 2026. Initial demand is obtained from 2023 subsector activity.",T17,,,,,,TRPHRNLLAB001
NLLAB,2025,T_D_tkm_mdv_t,0.6403337865788618,btkm,"Demand projections are indexed through projected national GDP growth (2023=1), using estimates from the Current Measures Scenario of the Canada Energy Futures 2026. Initial demand is obtained from 2023 subsector activity.",T17,,,,,,TRPHRNLLAB001
NLLAB,2030,T_D_tkm_mdv_t,0.7132100815121952,btkm,"Demand projections are indexed through projected national GDP growth (2023=1), using estimates from the Current Measures Scenario of the Canada Energy Futures 2026. Initial demand is obtained from 2023 subsector activity.",T17,,,,,,TRPHRNLLAB001
NLLAB,2035,T_D_tkm_mdv_t,0.7980843030504066,btkm,"Demand projections are indexed through projected national GDP growth (2023=1), using estimates from the Current Measures Scenario of the Canada Energy Futures 2026. Initial demand is obtained from 2023 subsector activity.",T17,,,,,,TRPHRNLLAB001
NLLAB,2040,T_D_tkm_mdv_t,0.8860690981528456,btkm,"Demand projections are indexed through projected national GDP growth (2023=1), using estimates from the Current Measures Scenario of the Canada Energy Futures 2026. Initial demand is obtained from 2023 subsector activity.",T17,,,,,,TRPHRNLLAB001
NLLAB,2045,T_D_tkm_mdv_t,0.990495496380488,btkm,"Demand projections are indexed through projected national GDP growth (2023=1), using estimates from the Current Measures Scenario of the Canada Energy Futures 2026. Initial demand is obtained from 2023 subsector activity.",T17,,,,,,TRPHRNLLAB001
NLLAB,2025,T_D_tkm_hdv_t,4.25198953505691,btkm,"Demand projections are indexed through projected national GDP growth (2023=1), using estimates from the Current Measures Scenario of the Canada Energy Futures 2026. Initial demand is obtained from 2023 subsector activity.",T17,,,,,,TRPHRNLLAB001
NLLAB,2030,T_D_tkm_hdv_t,4.735907844390244,btkm,"Demand projections are indexed through projected national GDP growth (2023=1), using estimates from the Current Measures Scenario of the Canada Energy Futures 2026. Initial demand is obtained from 2023 subsector activity.",T17,,,,,,TRPHRNLLAB001
NLLAB,2035,T_D_tkm_hdv_t,5.299495631479674,btkm,"Demand projections are indexed through projected national GDP growth (2023=1), using estimates from the Current Measures Scenario of the Canada Energy Futures 2026. Initial demand is obtained from 2023 subsector activity.",T17,,,,,,TRPHRNLLAB001
NLLAB,2040,T_D_tkm_hdv_t,5.883738468357723,btkm,"Demand projections are indexed through projected national GDP growth (2023=1), using estimates from the Current Measures Scenario of the Canada Energy Futures 2026. Initial demand is obtained from 2023 subsector activity.",T17,,,,,,TRPHRNLLAB001
NLLAB,2045,T_D_tkm_hdv_t,6.577157996975609,btkm,"Demand projections are indexed through projected national GDP growth (2023=1), using estimates from the Current Measures Scenario of the Canada Energy Futures 2026. Initial demand is obtained from 2023 subsector activity.",T17,,,,,,TRPHRNLLAB001
NS,2025,T_D_pkm_ldv_c,9.995895224699998,bpkm,"Demand projections are indexed through projected national GDP growth (2023=1), using estimates from the Current Measures Scenario of the Canada Energy Futures 2026. Initial demand is obtained from 2023 subsector activity.",T17,,,,,,TRPHRNS001
NS,2030,T_D_pkm_ldv_c,11.1335266035,bpkm,"Demand projections are indexed through projected national GDP growth (2023=1), using estimates from the Current Measures Scenario of the Canada Energy Futures 2026. Initial demand is obtained from 2023 subsector activity.",T17,,,,,,TRPHRNS001
NS,2035,T_D_pkm_ldv_c,12.4584509532,bpkm,"Demand projections are indexed through projected national GDP growth (2023=1), using estimates from the Current Measures Scenario of the Canada Energy Futures 2026. Initial demand is obtained from 2023 subsector activity.",T17,,,,,,TRPHRNS001
NS,2040,T_D_pkm_ldv_c,13.8319327398,bpkm,"Demand projections are indexed through projected national GDP growth (2023=1), using estimates from the Current Measures Scenario of the Canada Energy Futures 2026. Initial demand is obtained from 2023 subsector activity.",T17,,,,,,TRPHRNS001
NS,2045,T_D_pkm_ldv_c,15.4620752643,bpkm,"Demand projections are indexed through projected national GDP growth (2023=1), using estimates from the Current Measures Scenario of the Canada Energy Futures 2026. Initial demand is obtained from 2023 subsector activity.",T17,,,,,,TRPHRNS001
NS,2025,T_D_pkm_ldv_t,13.09607530081382,bpkm,"Demand projections are indexed through projected national GDP growth (2023=1), using estimates from the Current Measures Scenario of the Canada Energy Futures 2026. Initial demand is obtained from 2023 subsector activity.",T17,,,,,,TRPHRNS001
NS,2030,T_D_pkm_ldv_t,14.58653772228049,bpkm,"Demand projections are indexed through projected national GDP growth (2023=1), using estimates from the Current Measures Scenario of the Canada Energy Futures 2026. Initial demand is obtained from 2023 subsector activity.",T17,,,,,,TRPHRNS001
NS,2035,T_D_pkm_ldv_t,16.322381152159352,bpkm,"Demand projections are indexed through projected national GDP growth (2023=1), using estimates from the Current Measures Scenario of the Canada Energy Futures 2026. Initial demand is obtained from 2023 subsector activity.",T17,,,,,,TRPHRNS001
NS,2040,T_D_pkm_ldv_t,18.12184188051545,bpkm,"Demand projections are indexed through projected national GDP growth (2023=1), using estimates from the Current Measures Scenario of the Canada Energy Futures 2026. Initial demand is obtained from 2023 subsector activity.",T17,,,,,,TRPHRNS001
NS,2045,T_D_pkm_ldv_t,20.257565472251223,bpkm,"Demand projections are indexed through projected national GDP growth (2023=1), using estimates from the Current Measures Scenario of the Canada Energy Futures 2026. Initial demand is obtained from 2023 subsector activity.",T17,,,,,,TRPHRNS001
NS,2025,T_D_tkm_ldv_t,1.2176144894609757,btkm,"Demand projections are indexed through projected national GDP growth (2023=1), using estimates from the Current Measures Scenario of the Canada Energy Futures 2026. Initial demand is obtained from 2023 subsector activity.",T17,,,,,,TRPHRNS001
NS,2030,T_D_tkm_ldv_t,1.356191017060976,btkm,"Demand projections are indexed through projected national GDP growth (2023=1), using estimates from the Current Measures Scenario of the Canada Energy Futures 2026. Initial demand is obtained from 2023 subsector activity.",T17,,,,,,TRPHRNS001
NS,2035,T_D_tkm_ldv_t,1.5175819729853661,btkm,"Demand projections are indexed through projected national GDP growth (2023=1), using estimates from the Current Measures Scenario of the Canada Energy Futures 2026. Initial demand is obtained from 2023 subsector activity.",T17,,,,,,TRPHRNS001
NS,2040,T_D_tkm_ldv_t,1.684887780697561,btkm,"Demand projections are indexed through projected national GDP growth (2023=1), using estimates from the Current Measures Scenario of the Canada Energy Futures 2026. Initial demand is obtained from 2023 subsector activity.",T17,,,,,,TRPHRNS001
NS,2045,T_D_tkm_ldv_t,1.8834578050024393,btkm,"Demand projections are indexed through projected national GDP growth (2023=1), using estimates from the Current Measures Scenario of the Canada Energy Futures 2026. Initial demand is obtained from 2023 subsector activity.",T17,,,,,,TRPHRNS001
NS,2025,T_D_tkm_mdv_t,1.0482434697837397,btkm,"Demand projections are indexed through projected national GDP growth (2023=1), using estimates from the Current Measures Scenario of the Canada Energy Futures 2026. Initial demand is obtained from 2023 subsector activity.",T17,,,,,,TRPHRNS001
NS,2030,T_D_tkm_mdv_t,1.1675439063170732,btkm,"Demand projections are indexed through projected national GDP growth (2023=1), using estimates from the Current Measures Scenario of the Canada Energy Futures 2026. Initial demand is obtained from 2023 subsector activity.",T17,,,,,,TRPHRNS001
NS,2035,T_D_tkm_mdv_t,1.3064852683772359,btkm,"Demand projections are indexed through projected national GDP growth (2023=1), using estimates from the Current Measures Scenario of the Canada Energy Futures 2026. Initial demand is obtained from 2023 subsector activity.",T17,,,,,,TRPHRNS001
NS,2040,T_D_tkm_mdv_t,1.4505187222406504,btkm,"Demand projections are indexed through projected national GDP growth (2023=1), using estimates from the Current Measures Scenario of the Canada Energy Futures 2026. Initial demand is obtained from 2023 subsector activity.",T17,,,,,,TRPHRNS001
NS,2045,T_D_tkm_mdv_t,1.621467518492683,btkm,"Demand projections are indexed through projected national GDP growth (2023=1), using estimates from the Current Measures Scenario of the Canada Energy Futures 2026. Initial demand is obtained from 2023 subsector activity.",T17,,,,,,TRPHRNS001
NS,2025,T_D_tkm_hdv_t,5.677507217835771,btkm,"Demand projections are indexed through projected national GDP growth (2023=1), using estimates from the Current Measures Scenario of the Canada Energy Futures 2026. Initial demand is obtained from 2023 subsector activity.",T17,,,,,,TRPHRNS001
NS,2030,T_D_tkm_hdv_t,6.323663486902439,btkm,"Demand projections are indexed through projected national GDP growth (2023=1), using estimates from the Current Measures Scenario of the Canada Energy Futures 2026. Initial demand is obtained from 2023 subsector activity.",T17,,,,,,TRPHRNS001
NS,2035,T_D_tkm_hdv_t,7.076199141730081,btkm,"Demand projections are indexed through projected national GDP growth (2023=1), using estimates from the Current Measures Scenario of the Canada Energy Futures 2026. Initial demand is obtained from 2023 subsector activity.",T17,,,,,,TRPHRNS001
NS,2040,T_D_tkm_hdv_t,7.856314637310569,btkm,"Demand projections are indexed through projected national GDP growth (2023=1), using estimates from the Current Measures Scenario of the Canada Energy Futures 2026. Initial demand is obtained from 2023 subsector activity.",T17,,,,,,TRPHRNS001
NS,2045,T_D_tkm_hdv_t,8.782209291156098,btkm,"Demand projections are indexed through projected national GDP growth (2023=1), using estimates from the Current Measures Scenario of the Canada Energy Futures 2026. Initial demand is obtained from 2023 subsector activity.",T17,,,,,,TRPHRNS001
PEI,2025,T_D_pkm_ldv_c,1.4347626760186991,bpkm,"Demand projections are indexed through projected national GDP growth (2023=1), using estimates from the Current Measures Scenario of the Canada Energy Futures 2026. Initial demand is obtained from 2023 subsector activity.",T17,,,,,,TRPHRPEI001
PEI,2030,T_D_pkm_ldv_c,1.598052807085366,bpkm,"Demand projections are indexed through projected national GDP growth (2023=1), using estimates from the Current Measures Scenario of the Canada Energy Futures 2026. Initial demand is obtained from 2023 subsector activity.",T17,,,,,,TRPHRPEI001
PEI,2035,T_D_pkm_ldv_c,1.788226069486179,bpkm,"Demand projections are indexed through projected national GDP growth (2023=1), using estimates from the Current Measures Scenario of the Canada Energy Futures 2026. Initial demand is obtained from 2023 subsector activity.",T17,,,,,,TRPHRPEI001
PEI,2040,T_D_pkm_ldv_c,1.985369032603252,bpkm,"Demand projections are indexed through projected national GDP growth (2023=1), using estimates from the Current Measures Scenario of the Canada Energy Futures 2026. Initial demand is obtained from 2023 subsector activity.",T17,,,,,,TRPHRPEI001
PEI,2045,T_D_pkm_ldv_c,2.2193518423634147,bpkm,"Demand projections are indexed through projected national GDP growth (2023=1), using estimates from the Current Measures Scenario of the Canada Energy Futures 2026. Initial demand is obtained from 2023 subsector activity.",T17,,,,,,TRPHRPEI001
PEI,2025,T_D_pkm_ldv_t,1.9597375203999998,bpkm,"Demand projections are indexed through projected national GDP growth (2023=1), using estimates from the Current Measures Scenario of the Canada Energy Futures 2026. Initial demand is obtained from 2023 subsector activity.",T17,,,,,,TRPHRPEI001
PEI,2030,T_D_pkm_ldv_t,2.1827749620000003,bpkm,"Demand projections are indexed through projected national GDP growth (2023=1), using estimates from the Current Measures Scenario of the Canada Energy Futures 2026. Initial demand is obtained from 2023 subsector activity.",T17,,,,,,TRPHRPEI001
PEI,2035,T_D_pkm_ldv_t,2.4425319824000002,bpkm,"Demand projections are indexed through projected national GDP growth (2023=1), using estimates from the Current Measures Scenario of the Canada Energy Futures 2026. Initial demand is obtained from 2023 subsector activity.",T17,,,,,,TRPHRPEI001
PEI,2040,T_D_pkm_ldv_t,2.7118088936,bpkm,"Demand projections are indexed through projected national GDP growth (2023=1), using estimates from the Current Measures Scenario of the Canada Energy Futures 2026. Initial demand is obtained from 2023 subsector activity.",T17,,,,,,TRPHRPEI001
PEI,2045,T_D_pkm_ldv_t,3.0314052276,bpkm,"Demand projections are indexed through projected national GDP growth (2023=1), using estimates from the Current Measures Scenario of the Canada Energy Futures 2026. Initial demand is obtained from 2023 subsector activity.",T17,,,,,,TRPHRPEI001
PEI,2025,T_D_tkm_ldv_t,0.1818677407138211,btkm,"Demand projections are indexed through projected national GDP growth (2023=1), using estimates from the Current Measures Scenario of the Canada Energy Futures 2026. Initial demand is obtained from 2023 subsector activity.",T17,,,,,,TRPHRPEI001
PEI,2030,T_D_tkm_ldv_t,0.20256608178048782,btkm,"Demand projections are indexed through projected national GDP growth (2023=1), using estimates from the Current Measures Scenario of the Canada Energy Futures 2026. Initial demand is obtained from 2023 subsector activity.",T17,,,,,,TRPHRPEI001
PEI,2035,T_D_tkm_ldv_t,0.2266720765593496,btkm,"Demand projections are indexed through projected national GDP growth (2023=1), using estimates from the Current Measures Scenario of the Canada Energy Futures 2026. Initial demand is obtained from 2023 subsector activity.",T17,,,,,,TRPHRPEI001
PEI,2040,T_D_tkm_ldv_t,0.25166153711544714,btkm,"Demand projections are indexed through projected national GDP growth (2023=1), using estimates from the Current Measures Scenario of the Canada Energy Futures 2026. Initial demand is obtained from 2023 subsector activity.",T17,,,,,,TRPHRPEI001
PEI,2045,T_D_tkm_ldv_t,0.28132074535121954,btkm,"Demand projections are indexed through projected national GDP growth (2023=1), using estimates from the Current Measures Scenario of the Canada Energy Futures 2026. Initial demand is obtained from 2023 subsector activity.",T17,,,,,,TRPHRPEI001
PEI,2025,T_D_tkm_mdv_t,0.14576218412764225,btkm,"Demand projections are indexed through projected national GDP growth (2023=1), using estimates from the Current Measures Scenario of the Canada Energy Futures 2026. Initial demand is obtained from 2023 subsector activity.",T17,,,,,,TRPHRPEI001
PEI,2030,T_D_tkm_mdv_t,0.16235135706097562,btkm,"Demand projections are indexed through projected national GDP growth (2023=1), using estimates from the Current Measures Scenario of the Canada Energy Futures 2026. Initial demand is obtained from 2023 subsector activity.",T17,,,,,,TRPHRPEI001
PEI,2035,T_D_tkm_mdv_t,0.18167167431869918,btkm,"Demand projections are indexed through projected national GDP growth (2023=1), using estimates from the Current Measures Scenario of the Canada Energy Futures 2026. Initial demand is obtained from 2023 subsector activity.",T17,,,,,,TRPHRPEI001
PEI,2040,T_D_tkm_mdv_t,0.2017000660308943,btkm,"Demand projections are indexed through projected national GDP growth (2023=1), using estimates from the Current Measures Scenario of the Canada Energy Futures 2026. Initial demand is obtained from 2023 subsector activity.",T17,,,,,,TRPHRPEI001
PEI,2045,T_D_tkm_mdv_t,0.22547113700243904,btkm,"Demand projections are indexed through projected national GDP growth (2023=1), using estimates from the Current Measures Scenario of the Canada Energy Futures 2026. Initial demand is obtained from 2023 subsector activity.",T17,,,,,,TRPHRPEI001
PEI,2025,T_D_tkm_hdv_t,0.611094351311382,btkm,"Demand projections are indexed through projected national GDP growth (2023=1), using estimates from the Current Measures Scenario of the Canada Energy Futures 2026. Initial demand is obtained from 2023 subsector activity.",T17,,,,,,TRPHRPEI001
PEI,2030,T_D_tkm_hdv_t,0.6806429103780488,btkm,"Demand projections are indexed through projected national GDP growth (2023=1), using estimates from the Current Measures Scenario of the Canada Energy Futures 2026. Initial demand is obtained from 2023 subsector activity.",T17,,,,,,TRPHRPEI001
PEI,2035,T_D_tkm_hdv_t,0.761641537095935,btkm,"Demand projections are indexed through projected national GDP growth (2023=1), using estimates from the Current Measures Scenario of the Canada Energy Futures 2026. Initial demand is obtained from 2023 subsector activity.",T17,,,,,,TRPHRPEI001
PEI,2040,T_D_tkm_hdv_t,0.8456086998715447,btkm,"Demand projections are indexed through projected national GDP growth (2023=1), using estimates from the Current Measures Scenario of the Canada Energy Futures 2026. Initial demand is obtained from 2023 subsector activity.",T17,,,,,,TRPHRPEI001
PEI,2045,T_D_tkm_hdv_t,0.945266696095122,btkm,"Demand projections are indexed through projected national GDP growth (2023=1), using estimates from the Current Measures Scenario of the Canada Energy Futures 2026. Initial demand is obtained from 2023 subsector activity.",T17,,,,,,TRPHRPEI001
