region,tech,vintage,capacity,units,notes,data_source,dq_cred,dq_geog,dq_struc,dq_tech,dq_time,data_id
AB,T_HDV_AJF_JFL,2000.0,0.00932235670202705,btkm,"As the provincial stock for this technology is unknown, activity units were used. Activity by vintage was estimated using a flow and stock analysis using an avg. annual fleet retirement factor using expected lifetime, meeting 2019 downscaled demand with 5% tolerance. All estimated provincial fleet activity was assigned to jet fuel aircrafts as the share of aviation gasoline is negligible in this class.",T17,,,,,,TRPHRAB001
AB,T_HDV_AJF_JFL,2005.0,0.0230338238331047,btkm,"As the provincial stock for this technology is unknown, activity units were used. Activity by vintage was estimated using a flow and stock analysis using an avg. annual fleet retirement factor using expected lifetime, meeting 2019 downscaled demand with 5% tolerance. All estimated provincial fleet activity was assigned to jet fuel aircrafts as the share of aviation gasoline is negligible in this class.",T17,,,,,,TRPHRAB001
AB,T_HDV_AJF_JFL,2010.0,0.0296546364246302,btkm,"As the provincial stock for this technology is unknown, activity units were used. Activity by vintage was estimated using a flow and stock analysis using an avg. annual fleet retirement factor using expected lifetime, meeting 2019 downscaled demand with 5% tolerance. All estimated provincial fleet activity was assigned to jet fuel aircrafts as the share of aviation gasoline is negligible in this class.",T17,,,,,,TRPHRAB001
AB,T_HDV_AJF_JFL,2015.0,0.0355226254319376,btkm,"As the provincial stock for this technology is unknown, activity units were used. Activity by vintage was estimated using a flow and stock analysis using an avg. annual fleet retirement factor using expected lifetime, meeting 2019 downscaled demand with 5% tolerance. All estimated provincial fleet activity was assigned to jet fuel aircrafts as the share of aviation gasoline is negligible in this class.",T17,,,,,,TRPHRAB001
AB,T_HDV_AJP_JFL,2000.0,1.12350780188712,bpkm,"As the provincial stock for this technology is unknown, activity units were used. Activity by vintage was estimated using a flow and stock analysis using an avg. annual fleet retirement factor using expected lifetime, meeting 2019 downscaled demand with 5% tolerance. All estimated provincial fleet activity was assigned to jet fuel aircrafts as the reported national passenger activity excludes non-commercial demand, where most aviation gasoline is assumed to be used.",T17,,,,,,TRPHRAB001
AB,T_HDV_AJP_JFL,2005.0,3.09035690089106,bpkm,"As the provincial stock for this technology is unknown, activity units were used. Activity by vintage was estimated using a flow and stock analysis using an avg. annual fleet retirement factor using expected lifetime, meeting 2019 downscaled demand with 5% tolerance. All estimated provincial fleet activity was assigned to jet fuel aircrafts as the reported national passenger activity excludes non-commercial demand, where most aviation gasoline is assumed to be used.",T17,,,,,,TRPHRAB001
AB,T_HDV_AJP_JFL,2010.0,3.90910694186362,bpkm,"As the provincial stock for this technology is unknown, activity units were used. Activity by vintage was estimated using a flow and stock analysis using an avg. annual fleet retirement factor using expected lifetime, meeting 2019 downscaled demand with 5% tolerance. All estimated provincial fleet activity was assigned to jet fuel aircrafts as the reported national passenger activity excludes non-commercial demand, where most aviation gasoline is assumed to be used.",T17,,,,,,TRPHRAB001
AB,T_HDV_AJP_JFL,2015.0,2.44296918274392,bpkm,"As the provincial stock for this technology is unknown, activity units were used. Activity by vintage was estimated using a flow and stock analysis using an avg. annual fleet retirement factor using expected lifetime, meeting 2019 downscaled demand with 5% tolerance. All estimated provincial fleet activity was assigned to jet fuel aircrafts as the reported national passenger activity excludes non-commercial demand, where most aviation gasoline is assumed to be used.",T17,,,,,,TRPHRAB001
AB,T_HDV_BIC_DSL,2005.0,0.0284687372071711,k units,"Vehicle class 2021 fleet stock was distributed across vintages up to 2020 based on bus registrations by age (ON Ministry of Transportation, 2023). Fuel types from each vintage were distributed based on estimated activity shares, using fuel usage data and fuel economy inputs of inter-city buses from GREET 2023.",T17,,,,,,TRPHRAB001
AB,T_HDV_BIC_DSL,2010.0,0.0920781761834411,k units,"Vehicle class 2021 fleet stock was distributed across vintages up to 2020 based on bus registrations by age (ON Ministry of Transportation, 2023). Fuel types from each vintage were distributed based on estimated activity shares, using fuel usage data and fuel economy inputs of inter-city buses from GREET 2023.",T17,,,,,,TRPHRAB001
AB,T_HDV_BIC_DSL,2015.0,0.102535222958004,k units,"Vehicle class 2021 fleet stock was distributed across vintages up to 2020 based on bus registrations by age (ON Ministry of Transportation, 2023). Fuel types from each vintage were distributed based on estimated activity shares, using fuel usage data and fuel economy inputs of inter-city buses from GREET 2023.",T17,,,,,,TRPHRAB001
AB,T_HDV_BIC_GSL,2010.0,0.00311405747419952,k units,"Vehicle class 2021 fleet stock was distributed across vintages up to 2020 based on bus registrations by age (ON Ministry of Transportation, 2023). Fuel types from each vintage were distributed based on estimated activity shares, using fuel usage data and fuel economy inputs of inter-city buses from GREET 2023.",T17,,,,,,TRPHRAB001
AB,T_HDV_BIC_GSL,2015.0,0.0169491629568549,k units,"Vehicle class 2021 fleet stock was distributed across vintages up to 2020 based on bus registrations by age (ON Ministry of Transportation, 2023). Fuel types from each vintage were distributed based on estimated activity shares, using fuel usage data and fuel economy inputs of inter-city buses from GREET 2023.",T17,,,,,,TRPHRAB001
AB,T_HDV_BS_CNG,2010.0,0.0441690347870003,k units,"Vehicle class 2021 fleet stock was distributed across vintages up to 2020 based on bus registrations by age (ON Ministry of Transportation, 2023). Fuel types from each vintage were distributed based on estimated activity shares, using fuel usage data and fuel economy inputs of school buses from GREET 2023.",T17,,,,,,TRPHRAB001
AB,T_HDV_BS_CNG,2015.0,0.590534021066756,k units,"Vehicle class 2021 fleet stock was distributed across vintages up to 2020 based on bus registrations by age (ON Ministry of Transportation, 2023). Fuel types from each vintage were distributed based on estimated activity shares, using fuel usage data and fuel economy inputs of school buses from GREET 2023.",T17,,,,,,TRPHRAB001
AB,T_HDV_BS_DSL,2005.0,0.45379851573407,k units,"Vehicle class 2021 fleet stock was distributed across vintages up to 2020 based on bus registrations by age (ON Ministry of Transportation, 2023). Fuel types from each vintage were distributed based on estimated activity shares, using fuel usage data and fuel economy inputs of school buses from GREET 2023.",T17,,,,,,TRPHRAB001
AB,T_HDV_BS_DSL,2010.0,1.41668108473436,k units,"Vehicle class 2021 fleet stock was distributed across vintages up to 2020 based on bus registrations by age (ON Ministry of Transportation, 2023). Fuel types from each vintage were distributed based on estimated activity shares, using fuel usage data and fuel economy inputs of school buses from GREET 2023.",T17,,,,,,TRPHRAB001
AB,T_HDV_BS_DSL,2015.0,1.18886194636147,k units,"Vehicle class 2021 fleet stock was distributed across vintages up to 2020 based on bus registrations by age (ON Ministry of Transportation, 2023). Fuel types from each vintage were distributed based on estimated activity shares, using fuel usage data and fuel economy inputs of school buses from GREET 2023.",T17,,,,,,TRPHRAB001
AB,T_HDV_BS_GSL,2005.0,0.00958922645782531,k units,"Vehicle class 2021 fleet stock was distributed across vintages up to 2020 based on bus registrations by age (ON Ministry of Transportation, 2023). Fuel types from each vintage were distributed based on estimated activity shares, using fuel usage data and fuel economy inputs of school buses from GREET 2023.",T17,,,,,,TRPHRAB001
AB,T_HDV_BS_GSL,2010.0,0.0619813026247565,k units,"Vehicle class 2021 fleet stock was distributed across vintages up to 2020 based on bus registrations by age (ON Ministry of Transportation, 2023). Fuel types from each vintage were distributed based on estimated activity shares, using fuel usage data and fuel economy inputs of school buses from GREET 2023.",T17,,,,,,TRPHRAB001
AB,T_HDV_BS_GSL,2015.0,0.132047545346947,k units,"Vehicle class 2021 fleet stock was distributed across vintages up to 2020 based on bus registrations by age (ON Ministry of Transportation, 2023). Fuel types from each vintage were distributed based on estimated activity shares, using fuel usage data and fuel economy inputs of school buses from GREET 2023.",T17,,,,,,TRPHRAB001
AB,T_HDV_BT_BEV,2005.0,0.0284462427802677,k units,"Vehicle class 2021 fleet stock was distributed across vintages up to 2020 based on bus registrations by age (ON Ministry of Transportation, 2023). Fuel types from each vintage were distributed based on estimated activity shares, using fuel usage data and fuel economy inputs of transit buses from GREET 2023.",T17,,,,,,TRPHRAB001
AB,T_HDV_BT_BEV,2010.0,0.103477857370594,k units,"Vehicle class 2021 fleet stock was distributed across vintages up to 2020 based on bus registrations by age (ON Ministry of Transportation, 2023). Fuel types from each vintage were distributed based on estimated activity shares, using fuel usage data and fuel economy inputs of transit buses from GREET 2023.",T17,,,,,,TRPHRAB001
AB,T_HDV_BT_BEV,2015.0,0.162836048269762,k units,"Vehicle class 2021 fleet stock was distributed across vintages up to 2020 based on bus registrations by age (ON Ministry of Transportation, 2023). Fuel types from each vintage were distributed based on estimated activity shares, using fuel usage data and fuel economy inputs of transit buses from GREET 2023.",T17,,,,,,TRPHRAB001
AB,T_HDV_BT_CNG,2010.0,0.0258246675213893,k units,"Vehicle class 2021 fleet stock was distributed across vintages up to 2020 based on bus registrations by age (ON Ministry of Transportation, 2023). Fuel types from each vintage were distributed based on estimated activity shares, using fuel usage data and fuel economy inputs of transit buses from GREET 2023.",T17,,,,,,TRPHRAB001
AB,T_HDV_BT_CNG,2015.0,0.0676875127096269,k units,"Vehicle class 2021 fleet stock was distributed across vintages up to 2020 based on bus registrations by age (ON Ministry of Transportation, 2023). Fuel types from each vintage were distributed based on estimated activity shares, using fuel usage data and fuel economy inputs of transit buses from GREET 2023.",T17,,,,,,TRPHRAB001
AB,T_HDV_BT_DSL,2005.0,0.166079661414763,k units,"Vehicle class 2021 fleet stock was distributed across vintages up to 2020 based on bus registrations by age (ON Ministry of Transportation, 2023). Fuel types from each vintage were distributed based on estimated activity shares, using fuel usage data and fuel economy inputs of transit buses from GREET 2023.",T17,,,,,,TRPHRAB001
AB,T_HDV_BT_DSL,2010.0,0.509991860475527,k units,"Vehicle class 2021 fleet stock was distributed across vintages up to 2020 based on bus registrations by age (ON Ministry of Transportation, 2023). Fuel types from each vintage were distributed based on estimated activity shares, using fuel usage data and fuel economy inputs of transit buses from GREET 2023.",T17,,,,,,TRPHRAB001
AB,T_HDV_BT_DSL,2015.0,0.565106613866063,k units,"Vehicle class 2021 fleet stock was distributed across vintages up to 2020 based on bus registrations by age (ON Ministry of Transportation, 2023). Fuel types from each vintage were distributed based on estimated activity shares, using fuel usage data and fuel economy inputs of transit buses from GREET 2023.",T17,,,,,,TRPHRAB001
AB,T_HDV_BT_GSL,2010.0,0.00149592254188421,k units,"Vehicle class 2021 fleet stock was distributed across vintages up to 2020 based on bus registrations by age (ON Ministry of Transportation, 2023). Fuel types from each vintage were distributed based on estimated activity shares, using fuel usage data and fuel economy inputs of transit buses from GREET 2023.",T17,,,,,,TRPHRAB001
AB,T_HDV_BT_GSL,2015.0,0.00868372294773438,k units,"Vehicle class 2021 fleet stock was distributed across vintages up to 2020 based on bus registrations by age (ON Ministry of Transportation, 2023). Fuel types from each vintage were distributed based on estimated activity shares, using fuel usage data and fuel economy inputs of transit buses from GREET 2023.",T17,,,,,,TRPHRAB001
AB,T_HDV_CHRG,2005.0,0.00506602410476992,PJ/year,Existing capacity of EV chargers estimated from energy consumption of BEV classes.,,,,,,,TRPHRAB001
AB,T_HDV_CHRG,2010.0,0.019182445050504,PJ/year,Existing capacity of EV chargers estimated from energy consumption of BEV classes.,,,,,,,TRPHRAB001
AB,T_HDV_CHRG,2015.0,0.027956970422945,PJ/year,Existing capacity of EV chargers estimated from energy consumption of BEV classes.,,,,,,,TRPHRAB001
AB,T_HDV_RF_DSL,2000.0,101.020012953662,btkm,"As the provincial stock for this technology is unknown, activity units were used. Activity by vintage was estimated using a flow and stock analysis using an avg. annual fleet retirement factor using expected lifetime, meeting 2019 downscaled demand with 5% tolerance. Rails reportedly only consume diesel.",T17,,,,,,TRPHRAB001
AB,T_HDV_RF_DSL,2005.0,45.6738509306255,btkm,"As the provincial stock for this technology is unknown, activity units were used. Activity by vintage was estimated using a flow and stock analysis using an avg. annual fleet retirement factor using expected lifetime, meeting 2019 downscaled demand with 5% tolerance. Rails reportedly only consume diesel.",T17,,,,,,TRPHRAB001
AB,T_HDV_RF_DSL,2010.0,84.8426268327699,btkm,"As the provincial stock for this technology is unknown, activity units were used. Activity by vintage was estimated using a flow and stock analysis using an avg. annual fleet retirement factor using expected lifetime, meeting 2019 downscaled demand with 5% tolerance. Rails reportedly only consume diesel.",T17,,,,,,TRPHRAB001
AB,T_HDV_RF_DSL,2015.0,15.4807150533231,btkm,"As the provincial stock for this technology is unknown, activity units were used. Activity by vintage was estimated using a flow and stock analysis using an avg. annual fleet retirement factor using expected lifetime, meeting 2019 downscaled demand with 5% tolerance. Rails reportedly only consume diesel.",T17,,,,,,TRPHRAB001
AB,T_HDV_RICP_DSL,2000.0,0.368276755852812,bpkm,"As the provincial stock for this technology is unknown, activity units were used. Activity by vintage was estimated using a flow and stock analysis using an avg. annual fleet retirement factor using expected lifetime, meeting 2019 downscaled demand with 5% tolerance. Rails reportedly only consume diesel.",T17,,,,,,TRPHRAB001
AB,T_HDV_RICP_DSL,2005.0,0.207591972007634,bpkm,"As the provincial stock for this technology is unknown, activity units were used. Activity by vintage was estimated using a flow and stock analysis using an avg. annual fleet retirement factor using expected lifetime, meeting 2019 downscaled demand with 5% tolerance. Rails reportedly only consume diesel.",T17,,,,,,TRPHRAB001
AB,T_HDV_RICP_DSL,2010.0,0.183974603742502,bpkm,"As the provincial stock for this technology is unknown, activity units were used. Activity by vintage was estimated using a flow and stock analysis using an avg. annual fleet retirement factor using expected lifetime, meeting 2019 downscaled demand with 5% tolerance. Rails reportedly only consume diesel.",T17,,,,,,TRPHRAB001
AB,T_HDV_RICP_DSL,2015.0,0.121725954387867,bpkm,"As the provincial stock for this technology is unknown, activity units were used. Activity by vintage was estimated using a flow and stock analysis using an avg. annual fleet retirement factor using expected lifetime, meeting 2019 downscaled demand with 5% tolerance. Rails reportedly only consume diesel.",T17,,,,,,TRPHRAB001
AB,T_LDV_BEV_CHRG,2015.0,0.00337222318287155,PJ/year,Existing capacity of EV chargers estimated from energy consumption of BEV classes.,,,,,,,TRPHRAB001
AB,T_LDV_M_GSL,2000.0,7.53572554718722,k units,"Vehicle class 2021 fleet stock was distributed across vintages up to 2020 based on motorcycle registrations by age (ON Ministry of Transportation, 2023).",T17,,,,,,TRPHRAB001
AB,T_LDV_M_GSL,2005.0,43.6520281808046,k units,"Vehicle class 2021 fleet stock was distributed across vintages up to 2020 based on motorcycle registrations by age (ON Ministry of Transportation, 2023).",T17,,,,,,TRPHRAB001
AB,T_LDV_M_GSL,2010.0,32.3584121480395,k units,"Vehicle class 2021 fleet stock was distributed across vintages up to 2020 based on motorcycle registrations by age (ON Ministry of Transportation, 2023).",T17,,,,,,TRPHRAB001
AB,T_LDV_M_GSL,2015.0,33.6830643890051,k units,"Vehicle class 2021 fleet stock was distributed across vintages up to 2020 based on motorcycle registrations by age (ON Ministry of Transportation, 2023).",T17,,,,,,TRPHRAB001
AB,T_LDV_PHEV_CHRG,2015.0,0.00658079675224115,PJ/year,Existing capacity of EV chargers estimated from energy consumption of PHEV classes.,,,,,,,TRPHRAB001
AB,T_HDV_WTF_HFO,2000.0,2.131662058,btkm,"As the provincial stock for this technology is unknown, activity units were used. Activity by vintage was estimated using a flow and stock analysis using an avg. annual fleet retirement factor using expected lifetime, meeting 2019 downscaled demand with 5% tolerance. Activity was distributed across fuel types using estimated activity shares, based on provincial energy use and national energy intensity.",T17,,,,,,TRPHRAB001
AB,T_HDV_WTF_HFO,2005.0,8.653369733,btkm,"As the provincial stock for this technology is unknown, activity units were used. Activity by vintage was estimated using a flow and stock analysis using an avg. annual fleet retirement factor using expected lifetime, meeting 2019 downscaled demand with 5% tolerance. Activity was distributed across fuel types using estimated activity shares, based on provincial energy use and national energy intensity.",T17,,,,,,TRPHRAB001
AB,T_HDV_WTF_HFO,2010.0,22.398071163,btkm,"As the provincial stock for this technology is unknown, activity units were used. Activity by vintage was estimated using a flow and stock analysis using an avg. annual fleet retirement factor using expected lifetime, meeting 2019 downscaled demand with 5% tolerance. Activity was distributed across fuel types using estimated activity shares, based on provincial energy use and national energy intensity.",T17,,,,,,TRPHRAB001
AB,T_HDV_WTF_HFO,2015.0,8.161665736,btkm,"As the provincial stock for this technology is unknown, activity units were used. Activity by vintage was estimated using a flow and stock analysis using an avg. annual fleet retirement factor using expected lifetime, meeting 2019 downscaled demand with 5% tolerance. Activity was distributed across fuel types using estimated activity shares, based on provincial energy use and national energy intensity.",T17,,,,,,TRPHRAB001
AB,T_HDV_WTF_MDO,2000.0,1.702811321,btkm,"As the provincial stock for this technology is unknown, activity units were used. Activity by vintage was estimated using a flow and stock analysis using an avg. annual fleet retirement factor using expected lifetime, meeting 2019 downscaled demand with 5% tolerance. Activity was distributed across fuel types using estimated activity shares, based on provincial energy use and national energy intensity.",T17,,,,,,TRPHRAB001
AB,T_HDV_WTF_MDO,2005.0,1.779041743,btkm,"As the provincial stock for this technology is unknown, activity units were used. Activity by vintage was estimated using a flow and stock analysis using an avg. annual fleet retirement factor using expected lifetime, meeting 2019 downscaled demand with 5% tolerance. Activity was distributed across fuel types using estimated activity shares, based on provincial energy use and national energy intensity.",T17,,,,,,TRPHRAB001
AB,T_HDV_WTF_MDO,2010.0,2.876054141,btkm,"As the provincial stock for this technology is unknown, activity units were used. Activity by vintage was estimated using a flow and stock analysis using an avg. annual fleet retirement factor using expected lifetime, meeting 2019 downscaled demand with 5% tolerance. Activity was distributed across fuel types using estimated activity shares, based on provincial energy use and national energy intensity.",T17,,,,,,TRPHRAB001
AB,T_HDV_WTF_MDO,2015.0,1.26014774,btkm,"As the provincial stock for this technology is unknown, activity units were used. Activity by vintage was estimated using a flow and stock analysis using an avg. annual fleet retirement factor using expected lifetime, meeting 2019 downscaled demand with 5% tolerance. Activity was distributed across fuel types using estimated activity shares, based on provincial energy use and national energy intensity.",T17,,,,,,TRPHRAB001
BC,T_HDV_AJF_JFL,2000.0,0.0683522904603738,btkm,"As the provincial stock for this technology is unknown, activity units were used. Activity by vintage was estimated using a flow and stock analysis using an avg. annual fleet retirement factor using expected lifetime, meeting 2019 downscaled demand with 5% tolerance. All estimated provincial fleet activity was assigned to jet fuel aircrafts as the share of aviation gasoline is negligible in this class.",T17,,,,,,TRPHRBC001
BC,T_HDV_AJF_JFL,2005.0,0.134511481884574,btkm,"As the provincial stock for this technology is unknown, activity units were used. Activity by vintage was estimated using a flow and stock analysis using an avg. annual fleet retirement factor using expected lifetime, meeting 2019 downscaled demand with 5% tolerance. All estimated provincial fleet activity was assigned to jet fuel aircrafts as the share of aviation gasoline is negligible in this class.",T17,,,,,,TRPHRBC001
BC,T_HDV_AJF_JFL,2010.0,0.0731970851872138,btkm,"As the provincial stock for this technology is unknown, activity units were used. Activity by vintage was estimated using a flow and stock analysis using an avg. annual fleet retirement factor using expected lifetime, meeting 2019 downscaled demand with 5% tolerance. All estimated provincial fleet activity was assigned to jet fuel aircrafts as the share of aviation gasoline is negligible in this class.",T17,,,,,,TRPHRBC001
BC,T_HDV_AJF_JFL,2015.0,0.380853569739117,btkm,"As the provincial stock for this technology is unknown, activity units were used. Activity by vintage was estimated using a flow and stock analysis using an avg. annual fleet retirement factor using expected lifetime, meeting 2019 downscaled demand with 5% tolerance. All estimated provincial fleet activity was assigned to jet fuel aircrafts as the share of aviation gasoline is negligible in this class.",T17,,,,,,TRPHRBC001
BC,T_HDV_AJP_JFL,2000.0,3.23914320791326,bpkm,"As the provincial stock for this technology is unknown, activity units were used. Activity by vintage was estimated using a flow and stock analysis using an avg. annual fleet retirement factor using expected lifetime, meeting 2019 downscaled demand with 5% tolerance. All estimated provincial fleet activity was assigned to jet fuel aircrafts as the reported national passenger activity excludes non-commercial demand, where most aviation gasoline is assumed to be used.",T17,,,,,,TRPHRBC001
BC,T_HDV_AJP_JFL,2005.0,12.6835113809477,bpkm,"As the provincial stock for this technology is unknown, activity units were used. Activity by vintage was estimated using a flow and stock analysis using an avg. annual fleet retirement factor using expected lifetime, meeting 2019 downscaled demand with 5% tolerance. All estimated provincial fleet activity was assigned to jet fuel aircrafts as the reported national passenger activity excludes non-commercial demand, where most aviation gasoline is assumed to be used.",T17,,,,,,TRPHRBC001
BC,T_HDV_AJP_JFL,2010.0,6.20115898125765,bpkm,"As the provincial stock for this technology is unknown, activity units were used. Activity by vintage was estimated using a flow and stock analysis using an avg. annual fleet retirement factor using expected lifetime, meeting 2019 downscaled demand with 5% tolerance. All estimated provincial fleet activity was assigned to jet fuel aircrafts as the reported national passenger activity excludes non-commercial demand, where most aviation gasoline is assumed to be used.",T17,,,,,,TRPHRBC001
BC,T_HDV_AJP_JFL,2015.0,27.4114642838313,bpkm,"As the provincial stock for this technology is unknown, activity units were used. Activity by vintage was estimated using a flow and stock analysis using an avg. annual fleet retirement factor using expected lifetime, meeting 2019 downscaled demand with 5% tolerance. All estimated provincial fleet activity was assigned to jet fuel aircrafts as the reported national passenger activity excludes non-commercial demand, where most aviation gasoline is assumed to be used.",T17,,,,,,TRPHRBC001
BC,T_HDV_BIC_DSL,2005.0,0.0112313915834742,k units,"Vehicle class 2021 fleet stock was distributed across vintages up to 2020 based on bus registrations by age (ON Ministry of Transportation, 2023). Fuel types from each vintage were distributed based on estimated activity shares, using fuel usage data and fuel economy inputs of inter-city buses from GREET 2023.",T17,,,,,,TRPHRBC001
BC,T_HDV_BIC_DSL,2010.0,0.0364054404537772,k units,"Vehicle class 2021 fleet stock was distributed across vintages up to 2020 based on bus registrations by age (ON Ministry of Transportation, 2023). Fuel types from each vintage were distributed based on estimated activity shares, using fuel usage data and fuel economy inputs of inter-city buses from GREET 2023.",T17,,,,,,TRPHRBC001
BC,T_HDV_BIC_DSL,2015.0,0.0415163874372669,k units,"Vehicle class 2021 fleet stock was distributed across vintages up to 2020 based on bus registrations by age (ON Ministry of Transportation, 2023). Fuel types from each vintage were distributed based on estimated activity shares, using fuel usage data and fuel economy inputs of inter-city buses from GREET 2023.",T17,,,,,,TRPHRBC001
BC,T_HDV_BIC_GSL,2010.0,0.00120014789470282,k units,"Vehicle class 2021 fleet stock was distributed across vintages up to 2020 based on bus registrations by age (ON Ministry of Transportation, 2023). Fuel types from each vintage were distributed based on estimated activity shares, using fuel usage data and fuel economy inputs of inter-city buses from GREET 2023.",T17,,,,,,TRPHRBC001
BC,T_HDV_BIC_GSL,2015.0,0.00568578936081733,k units,"Vehicle class 2021 fleet stock was distributed across vintages up to 2020 based on bus registrations by age (ON Ministry of Transportation, 2023). Fuel types from each vintage were distributed based on estimated activity shares, using fuel usage data and fuel economy inputs of inter-city buses from GREET 2023.",T17,,,,,,TRPHRBC001
BC,T_HDV_BS_CNG,2010.0,0.00768064974172134,k units,"Vehicle class 2021 fleet stock was distributed across vintages up to 2020 based on bus registrations by age (ON Ministry of Transportation, 2023). Fuel types from each vintage were distributed based on estimated activity shares, using fuel usage data and fuel economy inputs of school buses from GREET 2023.",T17,,,,,,TRPHRBC001
BC,T_HDV_BS_CNG,2015.0,0.111715031647233,k units,"Vehicle class 2021 fleet stock was distributed across vintages up to 2020 based on bus registrations by age (ON Ministry of Transportation, 2023). Fuel types from each vintage were distributed based on estimated activity shares, using fuel usage data and fuel economy inputs of school buses from GREET 2023.",T17,,,,,,TRPHRBC001
BC,T_HDV_BS_DSL,2005.0,0.152488599884844,k units,"Vehicle class 2021 fleet stock was distributed across vintages up to 2020 based on bus registrations by age (ON Ministry of Transportation, 2023). Fuel types from each vintage were distributed based on estimated activity shares, using fuel usage data and fuel economy inputs of school buses from GREET 2023.",T17,,,,,,TRPHRBC001
BC,T_HDV_BS_DSL,2010.0,0.487112750943367,k units,"Vehicle class 2021 fleet stock was distributed across vintages up to 2020 based on bus registrations by age (ON Ministry of Transportation, 2023). Fuel types from each vintage were distributed based on estimated activity shares, using fuel usage data and fuel economy inputs of school buses from GREET 2023.",T17,,,,,,TRPHRBC001
BC,T_HDV_BS_DSL,2015.0,0.4899522430493,k units,"Vehicle class 2021 fleet stock was distributed across vintages up to 2020 based on bus registrations by age (ON Ministry of Transportation, 2023). Fuel types from each vintage were distributed based on estimated activity shares, using fuel usage data and fuel economy inputs of school buses from GREET 2023.",T17,,,,,,TRPHRBC001
BC,T_HDV_BS_GSL,2005.0,0.00343620581632386,k units,"Vehicle class 2021 fleet stock was distributed across vintages up to 2020 based on bus registrations by age (ON Ministry of Transportation, 2023). Fuel types from each vintage were distributed based on estimated activity shares, using fuel usage data and fuel economy inputs of school buses from GREET 2023.",T17,,,,,,TRPHRBC001
BC,T_HDV_BS_GSL,2010.0,0.0209366091096493,k units,"Vehicle class 2021 fleet stock was distributed across vintages up to 2020 based on bus registrations by age (ON Ministry of Transportation, 2023). Fuel types from each vintage were distributed based on estimated activity shares, using fuel usage data and fuel economy inputs of school buses from GREET 2023.",T17,,,,,,TRPHRBC001
BC,T_HDV_BS_GSL,2015.0,0.0456721266335758,k units,"Vehicle class 2021 fleet stock was distributed across vintages up to 2020 based on bus registrations by age (ON Ministry of Transportation, 2023). Fuel types from each vintage were distributed based on estimated activity shares, using fuel usage data and fuel economy inputs of school buses from GREET 2023.",T17,,,,,,TRPHRBC001
BC,T_HDV_BT_BEV,2005.0,0.0267623108035148,k units,"Vehicle class 2021 fleet stock was distributed across vintages up to 2020 based on bus registrations by age (ON Ministry of Transportation, 2023). Fuel types from each vintage were distributed based on estimated activity shares, using fuel usage data and fuel economy inputs of transit buses from GREET 2023.",T17,,,,,,TRPHRBC001
BC,T_HDV_BT_BEV,2010.0,0.0885538642580993,k units,"Vehicle class 2021 fleet stock was distributed across vintages up to 2020 based on bus registrations by age (ON Ministry of Transportation, 2023). Fuel types from each vintage were distributed based on estimated activity shares, using fuel usage data and fuel economy inputs of transit buses from GREET 2023.",T17,,,,,,TRPHRBC001
BC,T_HDV_BT_BEV,2015.0,0.124633692436281,k units,"Vehicle class 2021 fleet stock was distributed across vintages up to 2020 based on bus registrations by age (ON Ministry of Transportation, 2023). Fuel types from each vintage were distributed based on estimated activity shares, using fuel usage data and fuel economy inputs of transit buses from GREET 2023.",T17,,,,,,TRPHRBC001
BC,T_HDV_BT_CNG,2010.0,0.00602563708881979,k units,"Vehicle class 2021 fleet stock was distributed across vintages up to 2020 based on bus registrations by age (ON Ministry of Transportation, 2023). Fuel types from each vintage were distributed based on estimated activity shares, using fuel usage data and fuel economy inputs of transit buses from GREET 2023.",T17,,,,,,TRPHRBC001
BC,T_HDV_BT_CNG,2015.0,0.0100726996043604,k units,"Vehicle class 2021 fleet stock was distributed across vintages up to 2020 based on bus registrations by age (ON Ministry of Transportation, 2023). Fuel types from each vintage were distributed based on estimated activity shares, using fuel usage data and fuel economy inputs of transit buses from GREET 2023.",T17,,,,,,TRPHRBC001
BC,T_HDV_BT_DSL,2005.0,0.0540557806130562,k units,"Vehicle class 2021 fleet stock was distributed across vintages up to 2020 based on bus registrations by age (ON Ministry of Transportation, 2023). Fuel types from each vintage were distributed based on estimated activity shares, using fuel usage data and fuel economy inputs of transit buses from GREET 2023.",T17,,,,,,TRPHRBC001
BC,T_HDV_BT_DSL,2010.0,0.173203768195803,k units,"Vehicle class 2021 fleet stock was distributed across vintages up to 2020 based on bus registrations by age (ON Ministry of Transportation, 2023). Fuel types from each vintage were distributed based on estimated activity shares, using fuel usage data and fuel economy inputs of transit buses from GREET 2023.",T17,,,,,,TRPHRBC001
BC,T_HDV_BT_DSL,2015.0,0.19953855833744,k units,"Vehicle class 2021 fleet stock was distributed across vintages up to 2020 based on bus registrations by age (ON Ministry of Transportation, 2023). Fuel types from each vintage were distributed based on estimated activity shares, using fuel usage data and fuel economy inputs of transit buses from GREET 2023.",T17,,,,,,TRPHRBC001
BC,T_HDV_BT_GSL,2015.0,0.00249382334623445,k units,"Vehicle class 2021 fleet stock was distributed across vintages up to 2020 based on bus registrations by age (ON Ministry of Transportation, 2023). Fuel types from each vintage were distributed based on estimated activity shares, using fuel usage data and fuel economy inputs of transit buses from GREET 2023.",T17,,,,,,TRPHRBC001
BC,T_HDV_CHRG,2005.0,0.00292401732589034,PJ/year,Existing capacity of EV chargers estimated from energy consumption of BEV classes.,,,,,,,TRPHRBC001
BC,T_HDV_CHRG,2010.0,0.010064291454493,PJ/year,Existing capacity of EV chargers estimated from energy consumption of BEV classes.,,,,,,,TRPHRBC001
BC,T_HDV_CHRG,2015.0,0.0131212108904459,PJ/year,Existing capacity of EV chargers estimated from energy consumption of BEV classes.,,,,,,,TRPHRBC001
BC,T_HDV_RF_DSL,2000.0,1.07593249328277,btkm,"As the provincial stock for this technology is unknown, activity units were used. Activity by vintage was estimated using a flow and stock analysis using an avg. annual fleet retirement factor using expected lifetime, meeting 2019 downscaled demand with 5% tolerance. Rails reportedly only consume diesel.",T17,,,,,,TRPHRBC001
BC,T_HDV_RF_DSL,2005.0,10.2382387946068,btkm,"As the provincial stock for this technology is unknown, activity units were used. Activity by vintage was estimated using a flow and stock analysis using an avg. annual fleet retirement factor using expected lifetime, meeting 2019 downscaled demand with 5% tolerance. Rails reportedly only consume diesel.",T17,,,,,,TRPHRBC001
BC,T_HDV_RF_DSL,2010.0,13.482721829193,btkm,"As the provincial stock for this technology is unknown, activity units were used. Activity by vintage was estimated using a flow and stock analysis using an avg. annual fleet retirement factor using expected lifetime, meeting 2019 downscaled demand with 5% tolerance. Rails reportedly only consume diesel.",T17,,,,,,TRPHRBC001
BC,T_HDV_RF_DSL,2015.0,17.2713115735278,btkm,"As the provincial stock for this technology is unknown, activity units were used. Activity by vintage was estimated using a flow and stock analysis using an avg. annual fleet retirement factor using expected lifetime, meeting 2019 downscaled demand with 5% tolerance. Rails reportedly only consume diesel.",T17,,,,,,TRPHRBC001
BC,T_HDV_RICP_DSL,2000.0,0.00459914176028955,bpkm,"As the provincial stock for this technology is unknown, activity units were used. Activity by vintage was estimated using a flow and stock analysis using an avg. annual fleet retirement factor using expected lifetime, meeting 2019 downscaled demand with 5% tolerance. Rails reportedly only consume diesel.",T17,,,,,,TRPHRBC001
BC,T_HDV_RICP_DSL,2005.0,0.0449402166423329,bpkm,"As the provincial stock for this technology is unknown, activity units were used. Activity by vintage was estimated using a flow and stock analysis using an avg. annual fleet retirement factor using expected lifetime, meeting 2019 downscaled demand with 5% tolerance. Rails reportedly only consume diesel.",T17,,,,,,TRPHRBC001
BC,T_HDV_RICP_DSL,2010.0,0.0355362477450705,bpkm,"As the provincial stock for this technology is unknown, activity units were used. Activity by vintage was estimated using a flow and stock analysis using an avg. annual fleet retirement factor using expected lifetime, meeting 2019 downscaled demand with 5% tolerance. Rails reportedly only consume diesel.",T17,,,,,,TRPHRBC001
BC,T_HDV_RICP_DSL,2015.0,0.0852952189186543,bpkm,"As the provincial stock for this technology is unknown, activity units were used. Activity by vintage was estimated using a flow and stock analysis using an avg. annual fleet retirement factor using expected lifetime, meeting 2019 downscaled demand with 5% tolerance. Rails reportedly only consume diesel.",T17,,,,,,TRPHRBC001
BC,T_HDV_WTF_HFO,2000.0,38.0880182135489,btkm,"As the provincial stock for this technology is unknown, activity units were used. Activity by vintage was estimated using a flow and stock analysis using an avg. annual fleet retirement factor using expected lifetime, meeting 2019 downscaled demand with 5% tolerance. Activity was distributed across fuel types using estimated activity shares, based on provincial energy use and national energy intensity.",T17,,,,,,TRPHRBC001
BC,T_HDV_WTF_HFO,2005.0,19.6684055811176,btkm,"As the provincial stock for this technology is unknown, activity units were used. Activity by vintage was estimated using a flow and stock analysis using an avg. annual fleet retirement factor using expected lifetime, meeting 2019 downscaled demand with 5% tolerance. Activity was distributed across fuel types using estimated activity shares, based on provincial energy use and national energy intensity.",T17,,,,,,TRPHRBC001
BC,T_HDV_WTF_HFO,2010.0,9.64639048023776,btkm,"As the provincial stock for this technology is unknown, activity units were used. Activity by vintage was estimated using a flow and stock analysis using an avg. annual fleet retirement factor using expected lifetime, meeting 2019 downscaled demand with 5% tolerance. Activity was distributed across fuel types using estimated activity shares, based on provincial energy use and national energy intensity.",T17,,,,,,TRPHRBC001
BC,T_HDV_WTF_HFO,2015.0,10.8296944367534,btkm,"As the provincial stock for this technology is unknown, activity units were used. Activity by vintage was estimated using a flow and stock analysis using an avg. annual fleet retirement factor using expected lifetime, meeting 2019 downscaled demand with 5% tolerance. Activity was distributed across fuel types using estimated activity shares, based on provincial energy use and national energy intensity.",T17,,,,,,TRPHRBC001
BC,T_HDV_WTF_MDO,2000.0,9.76125882480194,btkm,"As the provincial stock for this technology is unknown, activity units were used. Activity by vintage was estimated using a flow and stock analysis using an avg. annual fleet retirement factor using expected lifetime, meeting 2019 downscaled demand with 5% tolerance. Activity was distributed across fuel types using estimated activity shares, based on provincial energy use and national energy intensity.",T17,,,,,,TRPHRBC001
BC,T_HDV_WTF_MDO,2005.0,8.61228157579392,btkm,"As the provincial stock for this technology is unknown, activity units were used. Activity by vintage was estimated using a flow and stock analysis using an avg. annual fleet retirement factor using expected lifetime, meeting 2019 downscaled demand with 5% tolerance. Activity was distributed across fuel types using estimated activity shares, based on provincial energy use and national energy intensity.",T17,,,,,,TRPHRBC001
BC,T_HDV_WTF_MDO,2010.0,28.5927797761623,btkm,"As the provincial stock for this technology is unknown, activity units were used. Activity by vintage was estimated using a flow and stock analysis using an avg. annual fleet retirement factor using expected lifetime, meeting 2019 downscaled demand with 5% tolerance. Activity was distributed across fuel types using estimated activity shares, based on provincial energy use and national energy intensity.",T17,,,,,,TRPHRBC001
BC,T_HDV_WTF_MDO,2015.0,46.7875023172922,btkm,"As the provincial stock for this technology is unknown, activity units were used. Activity by vintage was estimated using a flow and stock analysis using an avg. annual fleet retirement factor using expected lifetime, meeting 2019 downscaled demand with 5% tolerance. Activity was distributed across fuel types using estimated activity shares, based on provincial energy use and national energy intensity.",T17,,,,,,TRPHRBC001
BC,T_LDV_BEV_CHRG,2015.0,0.0063582034353678,PJ/year,Existing capacity of EV chargers estimated from energy consumption of BEV classes.,,,,,,,TRPHRBC001
BC,T_LDV_M_GSL,2000.0,4.65055106266949,k units,"Vehicle class 2021 fleet stock was distributed across vintages up to 2020 based on motorcycle registrations by age (ON Ministry of Transportation, 2023).",T17,,,,,,TRPHRBC001
BC,T_LDV_M_GSL,2005.0,26.9391427239137,k units,"Vehicle class 2021 fleet stock was distributed across vintages up to 2020 based on motorcycle registrations by age (ON Ministry of Transportation, 2023).",T17,,,,,,TRPHRBC001
BC,T_LDV_M_GSL,2010.0,19.9694703660661,k units,"Vehicle class 2021 fleet stock was distributed across vintages up to 2020 based on motorcycle registrations by age (ON Ministry of Transportation, 2023).",T17,,,,,,TRPHRBC001
BC,T_LDV_M_GSL,2015.0,20.7869580583016,k units,"Vehicle class 2021 fleet stock was distributed across vintages up to 2020 based on motorcycle registrations by age (ON Ministry of Transportation, 2023).",T17,,,,,,TRPHRBC001
BC,T_LDV_PHEV_CHRG,2015.0,0.0113155304895928,PJ/year,Existing capacity of EV chargers estimated from energy consumption of PHEV classes.,,,,,,,TRPHRBC001
MB,T_HDV_AJF_JFL,2005.0,0.00219999058843045,btkm,"As the provincial stock for this technology is unknown, activity units were used. Activity by vintage was estimated using a flow and stock analysis using an avg. annual fleet retirement factor using expected lifetime, meeting 2019 downscaled demand with 5% tolerance. All estimated provincial fleet activity was assigned to jet fuel aircrafts as the share of aviation gasoline is negligible in this class.",T17,,,,,,TRPHRMB001
MB,T_HDV_AJF_JFL,2015.0,0.00875148166640798,btkm,"As the provincial stock for this technology is unknown, activity units were used. Activity by vintage was estimated using a flow and stock analysis using an avg. annual fleet retirement factor using expected lifetime, meeting 2019 downscaled demand with 5% tolerance. All estimated provincial fleet activity was assigned to jet fuel aircrafts as the share of aviation gasoline is negligible in this class.",T17,,,,,,TRPHRMB001
MB,T_HDV_AJP_JFL,2000.0,0.0586075999987207,bpkm,"As the provincial stock for this technology is unknown, activity units were used. Activity by vintage was estimated using a flow and stock analysis using an avg. annual fleet retirement factor using expected lifetime, meeting 2019 downscaled demand with 5% tolerance. All estimated provincial fleet activity was assigned to jet fuel aircrafts as the reported national passenger activity excludes non-commercial demand, where most aviation gasoline is assumed to be used.",T17,,,,,,TRPHRMB001
MB,T_HDV_AJP_JFL,2005.0,0.220512478825637,bpkm,"As the provincial stock for this technology is unknown, activity units were used. Activity by vintage was estimated using a flow and stock analysis using an avg. annual fleet retirement factor using expected lifetime, meeting 2019 downscaled demand with 5% tolerance. All estimated provincial fleet activity was assigned to jet fuel aircrafts as the reported national passenger activity excludes non-commercial demand, where most aviation gasoline is assumed to be used.",T17,,,,,,TRPHRMB001
MB,T_HDV_AJP_JFL,2010.0,0.0321036563331382,bpkm,"As the provincial stock for this technology is unknown, activity units were used. Activity by vintage was estimated using a flow and stock analysis using an avg. annual fleet retirement factor using expected lifetime, meeting 2019 downscaled demand with 5% tolerance. All estimated provincial fleet activity was assigned to jet fuel aircrafts as the reported national passenger activity excludes non-commercial demand, where most aviation gasoline is assumed to be used.",T17,,,,,,TRPHRMB001
MB,T_HDV_AJP_JFL,2015.0,0.556365078236669,bpkm,"As the provincial stock for this technology is unknown, activity units were used. Activity by vintage was estimated using a flow and stock analysis using an avg. annual fleet retirement factor using expected lifetime, meeting 2019 downscaled demand with 5% tolerance. All estimated provincial fleet activity was assigned to jet fuel aircrafts as the reported national passenger activity excludes non-commercial demand, where most aviation gasoline is assumed to be used.",T17,,,,,,TRPHRMB001
MB,T_HDV_BIC_DSL,2005.0,0.00173804485254818,k units,"Vehicle class 2021 fleet stock was distributed across vintages up to 2020 based on bus registrations by age (ON Ministry of Transportation, 2023). Fuel types from each vintage were distributed based on estimated activity shares, using fuel usage data and fuel economy inputs of inter-city buses from GREET 2023.",T17,,,,,,TRPHRMB001
MB,T_HDV_BIC_DSL,2010.0,0.00543940851475558,k units,"Vehicle class 2021 fleet stock was distributed across vintages up to 2020 based on bus registrations by age (ON Ministry of Transportation, 2023). Fuel types from each vintage were distributed based on estimated activity shares, using fuel usage data and fuel economy inputs of inter-city buses from GREET 2023.",T17,,,,,,TRPHRMB001
MB,T_HDV_BIC_DSL,2015.0,0.00526286069267539,k units,"Vehicle class 2021 fleet stock was distributed across vintages up to 2020 based on bus registrations by age (ON Ministry of Transportation, 2023). Fuel types from each vintage were distributed based on estimated activity shares, using fuel usage data and fuel economy inputs of inter-city buses from GREET 2023.",T17,,,,,,TRPHRMB001
MB,T_HDV_BIC_GSL,2015.0,0.00217667588441515,k units,"Vehicle class 2021 fleet stock was distributed across vintages up to 2020 based on bus registrations by age (ON Ministry of Transportation, 2023). Fuel types from each vintage were distributed based on estimated activity shares, using fuel usage data and fuel economy inputs of inter-city buses from GREET 2023.",T17,,,,,,TRPHRMB001
MB,T_HDV_BS_DSL,2005.0,0.0171300724798412,k units,"Vehicle class 2021 fleet stock was distributed across vintages up to 2020 based on bus registrations by age (ON Ministry of Transportation, 2023). Fuel types from each vintage were distributed based on estimated activity shares, using fuel usage data and fuel economy inputs of school buses from GREET 2023.",T17,,,,,,TRPHRMB001
MB,T_HDV_BS_DSL,2010.0,0.0527695592344795,k units,"Vehicle class 2021 fleet stock was distributed across vintages up to 2020 based on bus registrations by age (ON Ministry of Transportation, 2023). Fuel types from each vintage were distributed based on estimated activity shares, using fuel usage data and fuel economy inputs of school buses from GREET 2023.",T17,,,,,,TRPHRMB001
MB,T_HDV_BS_DSL,2015.0,0.0576197823409738,k units,"Vehicle class 2021 fleet stock was distributed across vintages up to 2020 based on bus registrations by age (ON Ministry of Transportation, 2023). Fuel types from each vintage were distributed based on estimated activity shares, using fuel usage data and fuel economy inputs of school buses from GREET 2023.",T17,,,,,,TRPHRMB001
MB,T_HDV_BS_GSL,2010.0,0.00619226656427354,k units,"Vehicle class 2021 fleet stock was distributed across vintages up to 2020 based on bus registrations by age (ON Ministry of Transportation, 2023). Fuel types from each vintage were distributed based on estimated activity shares, using fuel usage data and fuel economy inputs of school buses from GREET 2023.",T17,,,,,,TRPHRMB001
MB,T_HDV_BS_GSL,2015.0,0.0163885404649643,k units,"Vehicle class 2021 fleet stock was distributed across vintages up to 2020 based on bus registrations by age (ON Ministry of Transportation, 2023). Fuel types from each vintage were distributed based on estimated activity shares, using fuel usage data and fuel economy inputs of school buses from GREET 2023.",T17,,,,,,TRPHRMB001
MB,T_HDV_BT_DSL,2005.0,0.0076223936001686,k units,"Vehicle class 2021 fleet stock was distributed across vintages up to 2020 based on bus registrations by age (ON Ministry of Transportation, 2023). Fuel types from each vintage were distributed based on estimated activity shares, using fuel usage data and fuel economy inputs of transit buses from GREET 2023.",T17,,,,,,TRPHRMB001
MB,T_HDV_BT_DSL,2010.0,0.0252172133326558,k units,"Vehicle class 2021 fleet stock was distributed across vintages up to 2020 based on bus registrations by age (ON Ministry of Transportation, 2023). Fuel types from each vintage were distributed based on estimated activity shares, using fuel usage data and fuel economy inputs of transit buses from GREET 2023.",T17,,,,,,TRPHRMB001
MB,T_HDV_BT_DSL,2015.0,0.0306954401970267,k units,"Vehicle class 2021 fleet stock was distributed across vintages up to 2020 based on bus registrations by age (ON Ministry of Transportation, 2023). Fuel types from each vintage were distributed based on estimated activity shares, using fuel usage data and fuel economy inputs of transit buses from GREET 2023.",T17,,,,,,TRPHRMB001
MB,T_HDV_BT_GSL,2015.0,0.00121370661268856,k units,"Vehicle class 2021 fleet stock was distributed across vintages up to 2020 based on bus registrations by age (ON Ministry of Transportation, 2023). Fuel types from each vintage were distributed based on estimated activity shares, using fuel usage data and fuel economy inputs of transit buses from GREET 2023.",T17,,,,,,TRPHRMB001
MB,T_HDV_RF_DSL,2000.0,7.02625557477627,btkm,"As the provincial stock for this technology is unknown, activity units were used. Activity by vintage was estimated using a flow and stock analysis using an avg. annual fleet retirement factor using expected lifetime, meeting 2019 downscaled demand with 5% tolerance. Rails reportedly only consume diesel.",T17,,,,,,TRPHRMB001
MB,T_HDV_RF_DSL,2005.0,12.5612630913202,btkm,"As the provincial stock for this technology is unknown, activity units were used. Activity by vintage was estimated using a flow and stock analysis using an avg. annual fleet retirement factor using expected lifetime, meeting 2019 downscaled demand with 5% tolerance. Rails reportedly only consume diesel.",T17,,,,,,TRPHRMB001
MB,T_HDV_RF_DSL,2010.0,8.77423099542207,btkm,"As the provincial stock for this technology is unknown, activity units were used. Activity by vintage was estimated using a flow and stock analysis using an avg. annual fleet retirement factor using expected lifetime, meeting 2019 downscaled demand with 5% tolerance. Rails reportedly only consume diesel.",T17,,,,,,TRPHRMB001
MB,T_HDV_RF_DSL,2015.0,10.0856569079506,btkm,"As the provincial stock for this technology is unknown, activity units were used. Activity by vintage was estimated using a flow and stock analysis using an avg. annual fleet retirement factor using expected lifetime, meeting 2019 downscaled demand with 5% tolerance. Rails reportedly only consume diesel.",T17,,,,,,TRPHRMB001
MB,T_HDV_RICP_DSL,2000.0,0.027346437336461,bpkm,"As the provincial stock for this technology is unknown, activity units were used. Activity by vintage was estimated using a flow and stock analysis using an avg. annual fleet retirement factor using expected lifetime, meeting 2019 downscaled demand with 5% tolerance. Rails reportedly only consume diesel.",T17,,,,,,TRPHRMB001
MB,T_HDV_RICP_DSL,2005.0,0.0524902512720616,bpkm,"As the provincial stock for this technology is unknown, activity units were used. Activity by vintage was estimated using a flow and stock analysis using an avg. annual fleet retirement factor using expected lifetime, meeting 2019 downscaled demand with 5% tolerance. Rails reportedly only consume diesel.",T17,,,,,,TRPHRMB001
MB,T_HDV_RICP_DSL,2010.0,0.0209530846121933,bpkm,"As the provincial stock for this technology is unknown, activity units were used. Activity by vintage was estimated using a flow and stock analysis using an avg. annual fleet retirement factor using expected lifetime, meeting 2019 downscaled demand with 5% tolerance. Rails reportedly only consume diesel.",T17,,,,,,TRPHRMB001
MB,T_HDV_RICP_DSL,2015.0,0.0504242232056817,bpkm,"As the provincial stock for this technology is unknown, activity units were used. Activity by vintage was estimated using a flow and stock analysis using an avg. annual fleet retirement factor using expected lifetime, meeting 2019 downscaled demand with 5% tolerance. Rails reportedly only consume diesel.",T17,,,,,,TRPHRMB001
MB,T_HDV_WTF_HFO,2000.0,2.131662058,btkm,"As the provincial stock for this technology is unknown, activity units were used. Activity by vintage was estimated using a flow and stock analysis using an avg. annual fleet retirement factor using expected lifetime, meeting 2019 downscaled demand with 5% tolerance. Activity was distributed across fuel types using estimated activity shares, based on provincial energy use and national energy intensity.",T17,,,,,,TRPHRMB001
MB,T_HDV_WTF_HFO,2005.0,8.653369733,btkm,"As the provincial stock for this technology is unknown, activity units were used. Activity by vintage was estimated using a flow and stock analysis using an avg. annual fleet retirement factor using expected lifetime, meeting 2019 downscaled demand with 5% tolerance. Activity was distributed across fuel types using estimated activity shares, based on provincial energy use and national energy intensity.",T17,,,,,,TRPHRMB001
MB,T_HDV_WTF_HFO,2010.0,22.398071163,btkm,"As the provincial stock for this technology is unknown, activity units were used. Activity by vintage was estimated using a flow and stock analysis using an avg. annual fleet retirement factor using expected lifetime, meeting 2019 downscaled demand with 5% tolerance. Activity was distributed across fuel types using estimated activity shares, based on provincial energy use and national energy intensity.",T17,,,,,,TRPHRMB001
MB,T_HDV_WTF_HFO,2015.0,8.161665736,btkm,"As the provincial stock for this technology is unknown, activity units were used. Activity by vintage was estimated using a flow and stock analysis using an avg. annual fleet retirement factor using expected lifetime, meeting 2019 downscaled demand with 5% tolerance. Activity was distributed across fuel types using estimated activity shares, based on provincial energy use and national energy intensity.",T17,,,,,,TRPHRMB001
MB,T_HDV_WTF_MDO,2000.0,1.702811321,PJ/year,Existing capacity of EV chargers estimated from energy consumption of BEV classes.,,,,,,,TRPHRMB001
MB,T_HDV_WTF_MDO,2005.0,1.779041743,PJ/year,Existing capacity of EV chargers estimated from energy consumption of BEV classes.,,,,,,,TRPHRMB001
MB,T_HDV_WTF_MDO,2010.0,2.876054141,k units,"Vehicle class 2021 fleet stock was distributed across vintages up to 2020 based on passenger vehicle registrations by age (ON Ministry of Transportation, 2023). Fuel types from each vintage were distributed using technology market shares based on provincial sales data (StatCan, 2023) Table: 20-10-0021-01.",T17,,,,,,TRPHRMB001
MB,T_HDV_WTF_MDO,2015.0,1.26014774,k units,"Vehicle class 2021 fleet stock was distributed across vintages up to 2020 based on passenger vehicle registrations by age (ON Ministry of Transportation, 2023). Fuel types from each vintage were distributed using technology market shares based on provincial sales data (StatCan, 2023) Table: 20-10-0021-01.",T17,,,,,,TRPHRMB001
MB,T_LDV_M_GSL,2000.0,1.85104253656424,k units,"Vehicle class 2021 fleet stock was distributed across vintages up to 2020 based on motorcycle registrations by age (ON Ministry of Transportation, 2023).",T17,,,,,,TRPHRMB001
MB,T_LDV_M_GSL,2005.0,10.7224925408981,k units,"Vehicle class 2021 fleet stock was distributed across vintages up to 2020 based on motorcycle registrations by age (ON Ministry of Transportation, 2023).",T17,,,,,,TRPHRMB001
MB,T_LDV_M_GSL,2010.0,7.94837828509495,k units,"Vehicle class 2021 fleet stock was distributed across vintages up to 2020 based on motorcycle registrations by age (ON Ministry of Transportation, 2023).",T17,,,,,,TRPHRMB001
MB,T_LDV_M_GSL,2015.0,8.27376004546145,k units,"Vehicle class 2021 fleet stock was distributed across vintages up to 2020 based on motorcycle registrations by age (ON Ministry of Transportation, 2023).",T17,,,,,,TRPHRMB001
MB,T_HDV_CHRG,2005.0,0.00506602410476992,PJ/year,Existing capacity of EV chargers estimated from energy consumption of BEV classes.,,,,,,,TRPHRMB001
MB,T_HDV_CHRG,2010.0,0.019182445050504,PJ/year,Existing capacity of EV chargers estimated from energy consumption of BEV classes.,,,,,,,TRPHRMB001
MB,T_HDV_CHRG,2015.0,0.027956970422945,PJ/year,Existing capacity of EV chargers estimated from energy consumption of BEV classes.,,,,,,,TRPHRMB001
MB,T_HDV_BT_BEV,2005.0,0.00417538862828269,k units,"Vehicle class 2021 fleet stock was distributed across vintages up to 2020 based on bus registrations by age (ON Ministry of Transportation, 2023). Fuel types from each vintage were distributed based on estimated activity shares, using fuel usage data and fuel economy inputs of transit buses from GREET 2023.",T17,,,,,,TRPHRMB001
MB,T_HDV_BT_BEV,2010.0,0.0151886585614021,k units,"Vehicle class 2021 fleet stock was distributed across vintages up to 2020 based on bus registrations by age (ON Ministry of Transportation, 2023). Fuel types from each vintage were distributed based on estimated activity shares, using fuel usage data and fuel economy inputs of transit buses from GREET 2023.",T17,,,,,,TRPHRMB001
MB,T_HDV_BT_BEV,2015.0,0.0239013563046605,k units,"Vehicle class 2021 fleet stock was distributed across vintages up to 2020 based on bus registrations by age (ON Ministry of Transportation, 2023). Fuel types from each vintage were distributed based on estimated activity shares, using fuel usage data and fuel economy inputs of transit buses from GREET 2023.",T17,,,,,,TRPHRMB001
MB,T_HDV_BT_CNG,2010.0,0.00379058928558352,k units,"Vehicle class 2021 fleet stock was distributed across vintages up to 2020 based on bus registrations by age (ON Ministry of Transportation, 2023). Fuel types from each vintage were distributed based on estimated activity shares, using fuel usage data and fuel economy inputs of transit buses from GREET 2023.",T17,,,,,,TRPHRMB001
MB,T_HDV_BT_CNG,2015.0,0.00993528997933472,k units,"Vehicle class 2021 fleet stock was distributed across vintages up to 2020 based on bus registrations by age (ON Ministry of Transportation, 2023). Fuel types from each vintage were distributed based on estimated activity shares, using fuel usage data and fuel economy inputs of transit buses from GREET 2023.",T17,,,,,,TRPHRMB001
MB,T_LDV_BEV_CHRG,2015.0,0.003372,PJ/year,Existing capacity of EV chargers estimated from energy consumption of BEV classes.,,,,,,,TRPHRMB001
NB,T_HDV_AJF_JFL,2000.0,0.026854916445863,btkm,"As the provincial stock for this technology is unknown, activity units were used. Activity by vintage was estimated using a flow and stock analysis using an avg. annual fleet retirement factor using expected lifetime, meeting 2019 downscaled demand with 5% tolerance. All estimated provincial fleet activity was assigned to jet fuel aircrafts as the share of aviation gasoline is negligible in this class.",T17,,,,,,TRPHRNB001
NB,T_HDV_AJF_JFL,2005.0,0.0170855915864406,btkm,"As the provincial stock for this technology is unknown, activity units were used. Activity by vintage was estimated using a flow and stock analysis using an avg. annual fleet retirement factor using expected lifetime, meeting 2019 downscaled demand with 5% tolerance. All estimated provincial fleet activity was assigned to jet fuel aircrafts as the share of aviation gasoline is negligible in this class.",T17,,,,,,TRPHRNB001
NB,T_HDV_AJF_JFL,2010.0,0.024055012888172,btkm,"As the provincial stock for this technology is unknown, activity units were used. Activity by vintage was estimated using a flow and stock analysis using an avg. annual fleet retirement factor using expected lifetime, meeting 2019 downscaled demand with 5% tolerance. All estimated provincial fleet activity was assigned to jet fuel aircrafts as the share of aviation gasoline is negligible in this class.",T17,,,,,,TRPHRNB001
NB,T_HDV_AJF_JFL,2015.0,0.0691670270916952,btkm,"As the provincial stock for this technology is unknown, activity units were used. Activity by vintage was estimated using a flow and stock analysis using an avg. annual fleet retirement factor using expected lifetime, meeting 2019 downscaled demand with 5% tolerance. All estimated provincial fleet activity was assigned to jet fuel aircrafts as the share of aviation gasoline is negligible in this class.",T17,,,,,,TRPHRNB001
NB,T_HDV_AJP_JFL,2000.0,1.76614409637588,bpkm,"As the provincial stock for this technology is unknown, activity units were used. Activity by vintage was estimated using a flow and stock analysis using an avg. annual fleet retirement factor using expected lifetime, meeting 2019 downscaled demand with 5% tolerance. All estimated provincial fleet activity was assigned to jet fuel aircrafts as the reported national passenger activity excludes non-commercial demand, where most aviation gasoline is assumed to be used.",T17,,,,,,TRPHRNB001
NB,T_HDV_AJP_JFL,2005.0,1.66117747251068,bpkm,"As the provincial stock for this technology is unknown, activity units were used. Activity by vintage was estimated using a flow and stock analysis using an avg. annual fleet retirement factor using expected lifetime, meeting 2019 downscaled demand with 5% tolerance. All estimated provincial fleet activity was assigned to jet fuel aircrafts as the reported national passenger activity excludes non-commercial demand, where most aviation gasoline is assumed to be used.",T17,,,,,,TRPHRNB001
NB,T_HDV_AJP_JFL,2010.0,2.79527163478586,bpkm,"As the provincial stock for this technology is unknown, activity units were used. Activity by vintage was estimated using a flow and stock analysis using an avg. annual fleet retirement factor using expected lifetime, meeting 2019 downscaled demand with 5% tolerance. All estimated provincial fleet activity was assigned to jet fuel aircrafts as the reported national passenger activity excludes non-commercial demand, where most aviation gasoline is assumed to be used.",T17,,,,,,TRPHRNB001
NB,T_HDV_AJP_JFL,2015.0,4.61617977648695,bpkm,"As the provincial stock for this technology is unknown, activity units were used. Activity by vintage was estimated using a flow and stock analysis using an avg. annual fleet retirement factor using expected lifetime, meeting 2019 downscaled demand with 5% tolerance. All estimated provincial fleet activity was assigned to jet fuel aircrafts as the reported national passenger activity excludes non-commercial demand, where most aviation gasoline is assumed to be used.",T17,,,,,,TRPHRNB001
NB,T_HDV_BIC_DSL,2005.0,0.0097566706435876,k units,"Vehicle class 2021 fleet stock was distributed across vintages up to 2020 based on bus registrations by age (ON Ministry of Transportation, 2023). Fuel types from each vintage were distributed based on estimated activity shares, using fuel usage data and fuel economy inputs of inter-city buses from GREET 2023.",T17,,,,,,TRPHRNB001
NB,T_HDV_BIC_DSL,2010.0,0.0315453576241998,k units,"Vehicle class 2021 fleet stock was distributed across vintages up to 2020 based on bus registrations by age (ON Ministry of Transportation, 2023). Fuel types from each vintage were distributed based on estimated activity shares, using fuel usage data and fuel economy inputs of inter-city buses from GREET 2023.",T17,,,,,,TRPHRNB001
NB,T_HDV_BIC_DSL,2015.0,0.0352459796061817,k units,"Vehicle class 2021 fleet stock was distributed across vintages up to 2020 based on bus registrations by age (ON Ministry of Transportation, 2023). Fuel types from each vintage were distributed based on estimated activity shares, using fuel usage data and fuel economy inputs of inter-city buses from GREET 2023.",T17,,,,,,TRPHRNB001
NB,T_HDV_BIC_GSL,2010.0,0.00144393535294443,k units,"Vehicle class 2021 fleet stock was distributed across vintages up to 2020 based on bus registrations by age (ON Ministry of Transportation, 2023). Fuel types from each vintage were distributed based on estimated activity shares, using fuel usage data and fuel economy inputs of inter-city buses from GREET 2023.",T17,,,,,,TRPHRNB001
NB,T_HDV_BIC_GSL,2015.0,0.00616186709258761,k units,"Vehicle class 2021 fleet stock was distributed across vintages up to 2020 based on bus registrations by age (ON Ministry of Transportation, 2023). Fuel types from each vintage were distributed based on estimated activity shares, using fuel usage data and fuel economy inputs of inter-city buses from GREET 2023.",T17,,,,,,TRPHRNB001
NB,T_HDV_BS_CNG,2010.0,0.00423426497666835,k units,"Vehicle class 2021 fleet stock was distributed across vintages up to 2020 based on bus registrations by age (ON Ministry of Transportation, 2023). Fuel types from each vintage were distributed based on estimated activity shares, using fuel usage data and fuel economy inputs of school buses from GREET 2023.",T17,,,,,,TRPHRNB001
NB,T_HDV_BS_CNG,2015.0,0.0597330083861067,k units,"Vehicle class 2021 fleet stock was distributed across vintages up to 2020 based on bus registrations by age (ON Ministry of Transportation, 2023). Fuel types from each vintage were distributed based on estimated activity shares, using fuel usage data and fuel economy inputs of school buses from GREET 2023.",T17,,,,,,TRPHRNB001
NB,T_HDV_BS_DSL,2005.0,0.156467735768775,k units,"Vehicle class 2021 fleet stock was distributed across vintages up to 2020 based on bus registrations by age (ON Ministry of Transportation, 2023). Fuel types from each vintage were distributed based on estimated activity shares, using fuel usage data and fuel economy inputs of school buses from GREET 2023.",T17,,,,,,TRPHRNB001
NB,T_HDV_BS_DSL,2010.0,0.504259704454892,k units,"Vehicle class 2021 fleet stock was distributed across vintages up to 2020 based on bus registrations by age (ON Ministry of Transportation, 2023). Fuel types from each vintage were distributed based on estimated activity shares, using fuel usage data and fuel economy inputs of school buses from GREET 2023.",T17,,,,,,TRPHRNB001
NB,T_HDV_BS_DSL,2015.0,0.549501322032646,k units,"Vehicle class 2021 fleet stock was distributed across vintages up to 2020 based on bus registrations by age (ON Ministry of Transportation, 2023). Fuel types from each vintage were distributed based on estimated activity shares, using fuel usage data and fuel economy inputs of school buses from GREET 2023.",T17,,,,,,TRPHRNB001
NB,T_HDV_BS_GSL,2005.0,0.00515214880590337,k units,"Vehicle class 2021 fleet stock was distributed across vintages up to 2020 based on bus registrations by age (ON Ministry of Transportation, 2023). Fuel types from each vintage were distributed based on estimated activity shares, using fuel usage data and fuel economy inputs of school buses from GREET 2023.",T17,,,,,,TRPHRNB001
NB,T_HDV_BS_GSL,2010.0,0.0300884998914533,k units,"Vehicle class 2021 fleet stock was distributed across vintages up to 2020 based on bus registrations by age (ON Ministry of Transportation, 2023). Fuel types from each vintage were distributed based on estimated activity shares, using fuel usage data and fuel economy inputs of school buses from GREET 2023.",T17,,,,,,TRPHRNB001
NB,T_HDV_BS_GSL,2015.0,0.0667892607905358,k units,"Vehicle class 2021 fleet stock was distributed across vintages up to 2020 based on bus registrations by age (ON Ministry of Transportation, 2023). Fuel types from each vintage were distributed based on estimated activity shares, using fuel usage data and fuel economy inputs of school buses from GREET 2023.",T17,,,,,,TRPHRNB001
NB,T_HDV_BT_BEV,2005.0,0.0153814518631737,k units,"Vehicle class 2021 fleet stock was distributed across vintages up to 2020 based on bus registrations by age (ON Ministry of Transportation, 2023). Fuel types from each vintage were distributed based on estimated activity shares, using fuel usage data and fuel economy inputs of transit buses from GREET 2023.",T17,,,,,,TRPHRNB001
NB,T_HDV_BT_BEV,2010.0,0.0525177719212532,k units,"Vehicle class 2021 fleet stock was distributed across vintages up to 2020 based on bus registrations by age (ON Ministry of Transportation, 2023). Fuel types from each vintage were distributed based on estimated activity shares, using fuel usage data and fuel economy inputs of transit buses from GREET 2023.",T17,,,,,,TRPHRNB001
NB,T_HDV_BT_BEV,2015.0,0.0863091370932196,k units,"Vehicle class 2021 fleet stock was distributed across vintages up to 2020 based on bus registrations by age (ON Ministry of Transportation, 2023). Fuel types from each vintage were distributed based on estimated activity shares, using fuel usage data and fuel economy inputs of transit buses from GREET 2023.",T17,,,,,,TRPHRNB001
NB,T_HDV_BT_CNG,2010.0,0.00267958526209404,k units,"Vehicle class 2021 fleet stock was distributed across vintages up to 2020 based on bus registrations by age (ON Ministry of Transportation, 2023). Fuel types from each vintage were distributed based on estimated activity shares, using fuel usage data and fuel economy inputs of transit buses from GREET 2023.",T17,,,,,,TRPHRNB001
NB,T_HDV_BT_CNG,2015.0,0.00450340213656605,k units,"Vehicle class 2021 fleet stock was distributed across vintages up to 2020 based on bus registrations by age (ON Ministry of Transportation, 2023). Fuel types from each vintage were distributed based on estimated activity shares, using fuel usage data and fuel economy inputs of transit buses from GREET 2023.",T17,,,,,,TRPHRNB001
NB,T_HDV_BT_DSL,2005.0,0.0496763417179551,k units,"Vehicle class 2021 fleet stock was distributed across vintages up to 2020 based on bus registrations by age (ON Ministry of Transportation, 2023). Fuel types from each vintage were distributed based on estimated activity shares, using fuel usage data and fuel economy inputs of transit buses from GREET 2023.",T17,,,,,,TRPHRNB001
NB,T_HDV_BT_DSL,2010.0,0.162412109636983,k units,"Vehicle class 2021 fleet stock was distributed across vintages up to 2020 based on bus registrations by age (ON Ministry of Transportation, 2023). Fuel types from each vintage were distributed based on estimated activity shares, using fuel usage data and fuel economy inputs of transit buses from GREET 2023.",T17,,,,,,TRPHRNB001
NB,T_HDV_BT_DSL,2015.0,0.180196819976794,k units,"Vehicle class 2021 fleet stock was distributed across vintages up to 2020 based on bus registrations by age (ON Ministry of Transportation, 2023). Fuel types from each vintage were distributed based on estimated activity shares, using fuel usage data and fuel economy inputs of transit buses from GREET 2023.",T17,,,,,,TRPHRNB001
NB,T_HDV_BT_GSL,2015.0,0.00292925622598434,k units,"Vehicle class 2021 fleet stock was distributed across vintages up to 2020 based on bus registrations by age (ON Ministry of Transportation, 2023). Fuel types from each vintage were distributed based on estimated activity shares, using fuel usage data and fuel economy inputs of transit buses from GREET 2023.",T17,,,,,,TRPHRNB001
NB,T_HDV_CHRG,2005.0,0.033384629473087,PJ/year,Existing capacity of EV chargers estimated from energy consumption of BEV classes.,,,,,,,TRPHRNB001
NB,T_HDV_CHRG,2010.0,0.117982624251202,PJ/year,Existing capacity of EV chargers estimated from energy consumption of BEV classes.,,,,,,,TRPHRNB001
NB,T_HDV_CHRG,2015.0,0.180372671378237,PJ/year,Existing capacity of EV chargers estimated from energy consumption of BEV classes.,,,,,,,TRPHRNB001
NB,T_HDV_RF_DSL,2000.0,13.9214741125654,btkm,"As the provincial stock for this technology is unknown, activity units were used. Activity by vintage was estimated using a flow and stock analysis using an avg. annual fleet retirement factor using expected lifetime, meeting 2019 downscaled demand with 5% tolerance. Rails reportedly only consume diesel.",T17,,,,,,TRPHRNB001
NB,T_HDV_RF_DSL,2005.0,10.6532214546889,btkm,"As the provincial stock for this technology is unknown, activity units were used. Activity by vintage was estimated using a flow and stock analysis using an avg. annual fleet retirement factor using expected lifetime, meeting 2019 downscaled demand with 5% tolerance. Rails reportedly only consume diesel.",T17,,,,,,TRPHRNB001
NB,T_HDV_RF_DSL,2010.0,17.8707756331638,btkm,"As the provincial stock for this technology is unknown, activity units were used. Activity by vintage was estimated using a flow and stock analysis using an avg. annual fleet retirement factor using expected lifetime, meeting 2019 downscaled demand with 5% tolerance. Rails reportedly only consume diesel.",T17,,,,,,TRPHRNB001
NB,T_HDV_RF_DSL,2015.0,14.0902858197018,btkm,"As the provincial stock for this technology is unknown, activity units were used. Activity by vintage was estimated using a flow and stock analysis using an avg. annual fleet retirement factor using expected lifetime, meeting 2019 downscaled demand with 5% tolerance. Rails reportedly only consume diesel.",T17,,,,,,TRPHRNB001
NB,T_HDV_RICP_DSL,2000.0,0.0575485793085469,bpkm,"As the provincial stock for this technology is unknown, activity units were used. Activity by vintage was estimated using a flow and stock analysis using an avg. annual fleet retirement factor using expected lifetime, meeting 2019 downscaled demand with 5% tolerance. Rails reportedly only consume diesel.",T17,,,,,,TRPHRNB001
NB,T_HDV_RICP_DSL,2005.0,0.0331405459931806,bpkm,"As the provincial stock for this technology is unknown, activity units were used. Activity by vintage was estimated using a flow and stock analysis using an avg. annual fleet retirement factor using expected lifetime, meeting 2019 downscaled demand with 5% tolerance. Rails reportedly only consume diesel.",T17,,,,,,TRPHRNB001
NB,T_HDV_RICP_DSL,2010.0,0.0432956038788037,bpkm,"As the provincial stock for this technology is unknown, activity units were used. Activity by vintage was estimated using a flow and stock analysis using an avg. annual fleet retirement factor using expected lifetime, meeting 2019 downscaled demand with 5% tolerance. Rails reportedly only consume diesel.",T17,,,,,,TRPHRNB001
NB,T_HDV_RICP_DSL,2015.0,0.0767172485454193,bpkm,"As the provincial stock for this technology is unknown, activity units were used. Activity by vintage was estimated using a flow and stock analysis using an avg. annual fleet retirement factor using expected lifetime, meeting 2019 downscaled demand with 5% tolerance. Rails reportedly only consume diesel.",T17,,,,,,TRPHRNB001
NB,T_HDV_WTF_HFO,2000.0,3.18175673474962,btkm,"As the provincial stock for this technology is unknown, activity units were used. Activity by vintage was estimated using a flow and stock analysis using an avg. annual fleet retirement factor using expected lifetime, meeting 2019 downscaled demand with 5% tolerance. Activity was distributed across fuel types using estimated activity shares, based on provincial energy use and national energy intensity.",T17,,,,,,TRPHRNB001
NB,T_HDV_WTF_HFO,2005.0,12.9161737072356,btkm,"As the provincial stock for this technology is unknown, activity units were used. Activity by vintage was estimated using a flow and stock analysis using an avg. annual fleet retirement factor using expected lifetime, meeting 2019 downscaled demand with 5% tolerance. Activity was distributed across fuel types using estimated activity shares, based on provincial energy use and national energy intensity.",T17,,,,,,TRPHRNB001
NB,T_HDV_WTF_HFO,2010.0,33.4317597392244,btkm,"As the provincial stock for this technology is unknown, activity units were used. Activity by vintage was estimated using a flow and stock analysis using an avg. annual fleet retirement factor using expected lifetime, meeting 2019 downscaled demand with 5% tolerance. Activity was distributed across fuel types using estimated activity shares, based on provincial energy use and national energy intensity.",T17,,,,,,TRPHRNB001
NB,T_HDV_WTF_HFO,2015.0,12.1822475681993,btkm,"As the provincial stock for this technology is unknown, activity units were used. Activity by vintage was estimated using a flow and stock analysis using an avg. annual fleet retirement factor using expected lifetime, meeting 2019 downscaled demand with 5% tolerance. Activity was distributed across fuel types using estimated activity shares, based on provincial energy use and national energy intensity.",T17,,,,,,TRPHRNB001
NB,T_HDV_WTF_MDO,2000.0,2.54164649047746,btkm,"As the provincial stock for this technology is unknown, activity units were used. Activity by vintage was estimated using a flow and stock analysis using an avg. annual fleet retirement factor using expected lifetime, meeting 2019 downscaled demand with 5% tolerance. Activity was distributed across fuel types using estimated activity shares, based on provincial energy use and national energy intensity.",T17,,,,,,TRPHRNB001
NB,T_HDV_WTF_MDO,2005.0,2.65542937537755,btkm,"As the provincial stock for this technology is unknown, activity units were used. Activity by vintage was estimated using a flow and stock analysis using an avg. annual fleet retirement factor using expected lifetime, meeting 2019 downscaled demand with 5% tolerance. Activity was distributed across fuel types using estimated activity shares, based on provincial energy use and national energy intensity.",T17,,,,,,TRPHRNB001
NB,T_HDV_WTF_MDO,2010.0,4.29284960919978,btkm,"As the provincial stock for this technology is unknown, activity units were used. Activity by vintage was estimated using a flow and stock analysis using an avg. annual fleet retirement factor using expected lifetime, meeting 2019 downscaled demand with 5% tolerance. Activity was distributed across fuel types using estimated activity shares, based on provincial energy use and national energy intensity.",T17,,,,,,TRPHRNB001
NB,T_HDV_WTF_MDO,2015.0,1.88091894936027,btkm,"As the provincial stock for this technology is unknown, activity units were used. Activity by vintage was estimated using a flow and stock analysis using an avg. annual fleet retirement factor using expected lifetime, meeting 2019 downscaled demand with 5% tolerance. Activity was distributed across fuel types using estimated activity shares, based on provincial energy use and national energy intensity.",T17,,,,,,TRPHRNB001
NB,T_LDV_BEV_CHRG,2015.0,0.00180363119972918,PJ/year,Existing capacity of EV chargers estimated from energy consumption of BEV classes.,,,,,,,TRPHRNB001
NB,T_LDV_M_GSL,2000.0,1.37333878623676,k units,"Vehicle class 2021 fleet stock was distributed across vintages up to 2020 based on motorcycle registrations by age (ON Ministry of Transportation, 2023).",T17,,,,,,TRPHRNB001
NB,T_LDV_M_GSL,2005.0,7.95530875205187,k units,"Vehicle class 2021 fleet stock was distributed across vintages up to 2020 based on motorcycle registrations by age (ON Ministry of Transportation, 2023).",T17,,,,,,TRPHRNB001
NB,T_LDV_M_GSL,2010.0,5.89711795973314,k units,"Vehicle class 2021 fleet stock was distributed across vintages up to 2020 based on motorcycle registrations by age (ON Ministry of Transportation, 2023).",T17,,,,,,TRPHRNB001
NB,T_LDV_M_GSL,2015.0,6.13852753461775,k units,"Vehicle class 2021 fleet stock was distributed across vintages up to 2020 based on motorcycle registrations by age (ON Ministry of Transportation, 2023).",T17,,,,,,TRPHRNB001
NB,T_LDV_PHEV_CHRG,2015.0,0.00313921287923182,PJ/year,Existing capacity of EV chargers estimated from energy consumption of PHEV classes.,,,,,,,TRPHRNB001
NLLAB,T_HDV_AJF_JFL,2000.0,0.0233850169384372,btkm,"As the provincial stock for this technology is unknown, activity units were used. Activity by vintage was estimated using a flow and stock analysis using an avg. annual fleet retirement factor using expected lifetime, meeting 2019 downscaled demand with 5% tolerance. All estimated provincial fleet activity was assigned to jet fuel aircrafts as the share of aviation gasoline is negligible in this class.",T17,,,,,,TRPHRNLLAB001
NLLAB,T_HDV_AJF_JFL,2005.0,0.0148779133872824,btkm,"As the provincial stock for this technology is unknown, activity units were used. Activity by vintage was estimated using a flow and stock analysis using an avg. annual fleet retirement factor using expected lifetime, meeting 2019 downscaled demand with 5% tolerance. All estimated provincial fleet activity was assigned to jet fuel aircrafts as the share of aviation gasoline is negligible in this class.",T17,,,,,,TRPHRNLLAB001
NLLAB,T_HDV_AJF_JFL,2010.0,0.0209468088896168,btkm,"As the provincial stock for this technology is unknown, activity units were used. Activity by vintage was estimated using a flow and stock analysis using an avg. annual fleet retirement factor using expected lifetime, meeting 2019 downscaled demand with 5% tolerance. All estimated provincial fleet activity was assigned to jet fuel aircrafts as the share of aviation gasoline is negligible in this class.",T17,,,,,,TRPHRNLLAB001
NLLAB,T_HDV_AJF_JFL,2015.0,0.0602298226263307,btkm,"As the provincial stock for this technology is unknown, activity units were used. Activity by vintage was estimated using a flow and stock analysis using an avg. annual fleet retirement factor using expected lifetime, meeting 2019 downscaled demand with 5% tolerance. All estimated provincial fleet activity was assigned to jet fuel aircrafts as the share of aviation gasoline is negligible in this class.",T17,,,,,,TRPHRNLLAB001
NLLAB,T_HDV_AJP_JFL,2000.0,1.5608626622651,bpkm,"As the provincial stock for this technology is unknown, activity units were used. Activity by vintage was estimated using a flow and stock analysis using an avg. annual fleet retirement factor using expected lifetime, meeting 2019 downscaled demand with 5% tolerance. All estimated provincial fleet activity was assigned to jet fuel aircrafts as the reported national passenger activity excludes non-commercial demand, where most aviation gasoline is assumed to be used.",T17,,,,,,TRPHRNLLAB001
NLLAB,T_HDV_AJP_JFL,2005.0,1.46809731783956,bpkm,"As the provincial stock for this technology is unknown, activity units were used. Activity by vintage was estimated using a flow and stock analysis using an avg. annual fleet retirement factor using expected lifetime, meeting 2019 downscaled demand with 5% tolerance. All estimated provincial fleet activity was assigned to jet fuel aircrafts as the reported national passenger activity excludes non-commercial demand, where most aviation gasoline is assumed to be used.",T17,,,,,,TRPHRNLLAB001
NLLAB,T_HDV_AJP_JFL,2010.0,2.47037443140349,bpkm,"As the provincial stock for this technology is unknown, activity units were used. Activity by vintage was estimated using a flow and stock analysis using an avg. annual fleet retirement factor using expected lifetime, meeting 2019 downscaled demand with 5% tolerance. All estimated provincial fleet activity was assigned to jet fuel aircrafts as the reported national passenger activity excludes non-commercial demand, where most aviation gasoline is assumed to be used.",T17,,,,,,TRPHRNLLAB001
NLLAB,T_HDV_AJP_JFL,2015.0,4.07963652648325,bpkm,"As the provincial stock for this technology is unknown, activity units were used. Activity by vintage was estimated using a flow and stock analysis using an avg. annual fleet retirement factor using expected lifetime, meeting 2019 downscaled demand with 5% tolerance. All estimated provincial fleet activity was assigned to jet fuel aircrafts as the reported national passenger activity excludes non-commercial demand, where most aviation gasoline is assumed to be used.",T17,,,,,,TRPHRNLLAB001
NLLAB,T_HDV_BIC_DSL,2005.0,0.00788286367699789,k units,"Vehicle class 2021 fleet stock was distributed across vintages up to 2020 based on bus registrations by age (ON Ministry of Transportation, 2023). Fuel types from each vintage were distributed based on estimated activity shares, using fuel usage data and fuel economy inputs of inter-city buses from GREET 2023.",T17,,,,,,TRPHRNLLAB001
NLLAB,T_HDV_BIC_DSL,2010.0,0.0254869813709359,k units,"Vehicle class 2021 fleet stock was distributed across vintages up to 2020 based on bus registrations by age (ON Ministry of Transportation, 2023). Fuel types from each vintage were distributed based on estimated activity shares, using fuel usage data and fuel economy inputs of inter-city buses from GREET 2023.",T17,,,,,,TRPHRNLLAB001
NLLAB,T_HDV_BIC_DSL,2015.0,0.0284769392523173,k units,"Vehicle class 2021 fleet stock was distributed across vintages up to 2020 based on bus registrations by age (ON Ministry of Transportation, 2023). Fuel types from each vintage were distributed based on estimated activity shares, using fuel usage data and fuel economy inputs of inter-city buses from GREET 2023.",T17,,,,,,TRPHRNLLAB001
NLLAB,T_HDV_BIC_GSL,2010.0,0.00116664260743613,k units,"Vehicle class 2021 fleet stock was distributed across vintages up to 2020 based on bus registrations by age (ON Ministry of Transportation, 2023). Fuel types from each vintage were distributed based on estimated activity shares, using fuel usage data and fuel economy inputs of inter-city buses from GREET 2023.",T17,,,,,,TRPHRNLLAB001
NLLAB,T_HDV_BIC_GSL,2015.0,0.00497847075354402,k units,"Vehicle class 2021 fleet stock was distributed across vintages up to 2020 based on bus registrations by age (ON Ministry of Transportation, 2023). Fuel types from each vintage were distributed based on estimated activity shares, using fuel usage data and fuel economy inputs of inter-city buses from GREET 2023.",T17,,,,,,TRPHRNLLAB001
NLLAB,T_HDV_BS_CNG,2010.0,0.00361027426316127,k units,"Vehicle class 2021 fleet stock was distributed across vintages up to 2020 based on bus registrations by age (ON Ministry of Transportation, 2023). Fuel types from each vintage were distributed based on estimated activity shares, using fuel usage data and fuel economy inputs of school buses from GREET 2023.",T17,,,,,,TRPHRNLLAB001
NLLAB,T_HDV_BS_CNG,2015.0,0.0509310463962331,k units,"Vehicle class 2021 fleet stock was distributed across vintages up to 2020 based on bus registrations by age (ON Ministry of Transportation, 2023). Fuel types from each vintage were distributed based on estimated activity shares, using fuel usage data and fuel economy inputs of school buses from GREET 2023.",T17,,,,,,TRPHRNLLAB001
NLLAB,T_HDV_BS_DSL,2005.0,0.133411264910631,k units,"Vehicle class 2021 fleet stock was distributed across vintages up to 2020 based on bus registrations by age (ON Ministry of Transportation, 2023). Fuel types from each vintage were distributed based on estimated activity shares, using fuel usage data and fuel economy inputs of school buses from GREET 2023.",T17,,,,,,TRPHRNLLAB001
NLLAB,T_HDV_BS_DSL,2010.0,0.42995403926816,k units,"Vehicle class 2021 fleet stock was distributed across vintages up to 2020 based on bus registrations by age (ON Ministry of Transportation, 2023). Fuel types from each vintage were distributed based on estimated activity shares, using fuel usage data and fuel economy inputs of school buses from GREET 2023.",T17,,,,,,TRPHRNLLAB001
NLLAB,T_HDV_BS_DSL,2015.0,0.468529128574239,k units,"Vehicle class 2021 fleet stock was distributed across vintages up to 2020 based on bus registrations by age (ON Ministry of Transportation, 2023). Fuel types from each vintage were distributed based on estimated activity shares, using fuel usage data and fuel economy inputs of school buses from GREET 2023.",T17,,,,,,TRPHRNLLAB001
NLLAB,T_HDV_BS_GSL,2005.0,0.00439291154648135,k units,"Vehicle class 2021 fleet stock was distributed across vintages up to 2020 based on bus registrations by age (ON Ministry of Transportation, 2023). Fuel types from each vintage were distributed based on estimated activity shares, using fuel usage data and fuel economy inputs of school buses from GREET 2023.",T17,,,,,,TRPHRNLLAB001
NLLAB,T_HDV_BS_GSL,2010.0,0.0256548188182441,k units,"Vehicle class 2021 fleet stock was distributed across vintages up to 2020 based on bus registrations by age (ON Ministry of Transportation, 2023). Fuel types from each vintage were distributed based on estimated activity shares, using fuel usage data and fuel economy inputs of school buses from GREET 2023.",T17,,,,,,TRPHRNLLAB001
NLLAB,T_HDV_BS_GSL,2015.0,0.0569474848465545,k units,"Vehicle class 2021 fleet stock was distributed across vintages up to 2020 based on bus registrations by age (ON Ministry of Transportation, 2023). Fuel types from each vintage were distributed based on estimated activity shares, using fuel usage data and fuel economy inputs of school buses from GREET 2023.",T17,,,,,,TRPHRNLLAB001
NLLAB,T_HDV_BT_BEV,2005.0,0.0123532393749784,k units,"Vehicle class 2021 fleet stock was distributed across vintages up to 2020 based on bus registrations by age (ON Ministry of Transportation, 2023). Fuel types from each vintage were distributed based on estimated activity shares, using fuel usage data and fuel economy inputs of transit buses from GREET 2023.",T17,,,,,,TRPHRNLLAB001
NLLAB,T_HDV_BT_BEV,2010.0,0.0421784206917926,k units,"Vehicle class 2021 fleet stock was distributed across vintages up to 2020 based on bus registrations by age (ON Ministry of Transportation, 2023). Fuel types from each vintage were distributed based on estimated activity shares, using fuel usage data and fuel economy inputs of transit buses from GREET 2023.",T17,,,,,,TRPHRNLLAB001
NLLAB,T_HDV_BT_BEV,2015.0,0.0693172049218966,k units,"Vehicle class 2021 fleet stock was distributed across vintages up to 2020 based on bus registrations by age (ON Ministry of Transportation, 2023). Fuel types from each vintage were distributed based on estimated activity shares, using fuel usage data and fuel economy inputs of transit buses from GREET 2023.",T17,,,,,,TRPHRNLLAB001
NLLAB,T_HDV_BT_CNG,2010.0,0.00215206158786926,k units,"Vehicle class 2021 fleet stock was distributed across vintages up to 2020 based on bus registrations by age (ON Ministry of Transportation, 2023). Fuel types from each vintage were distributed based on estimated activity shares, using fuel usage data and fuel economy inputs of transit buses from GREET 2023.",T17,,,,,,TRPHRNLLAB001
NLLAB,T_HDV_BT_CNG,2015.0,0.00361680395089908,k units,"Vehicle class 2021 fleet stock was distributed across vintages up to 2020 based on bus registrations by age (ON Ministry of Transportation, 2023). Fuel types from each vintage were distributed based on estimated activity shares, using fuel usage data and fuel economy inputs of transit buses from GREET 2023.",T17,,,,,,TRPHRNLLAB001
NLLAB,T_HDV_BT_DSL,2005.0,0.0398963836730071,k units,"Vehicle class 2021 fleet stock was distributed across vintages up to 2020 based on bus registrations by age (ON Ministry of Transportation, 2023). Fuel types from each vintage were distributed based on estimated activity shares, using fuel usage data and fuel economy inputs of transit buses from GREET 2023.",T17,,,,,,TRPHRNLLAB001
NLLAB,T_HDV_BT_DSL,2010.0,0.130437526084831,k units,"Vehicle class 2021 fleet stock was distributed across vintages up to 2020 based on bus registrations by age (ON Ministry of Transportation, 2023). Fuel types from each vintage were distributed based on estimated activity shares, using fuel usage data and fuel economy inputs of transit buses from GREET 2023.",T17,,,,,,TRPHRNLLAB001
NLLAB,T_HDV_BT_DSL,2015.0,0.144720889890765,k units,"Vehicle class 2021 fleet stock was distributed across vintages up to 2020 based on bus registrations by age (ON Ministry of Transportation, 2023). Fuel types from each vintage were distributed based on estimated activity shares, using fuel usage data and fuel economy inputs of transit buses from GREET 2023.",T17,,,,,,TRPHRNLLAB001
NLLAB,T_HDV_BT_GSL,2015.0,0.00235256244501652,k units,"Vehicle class 2021 fleet stock was distributed across vintages up to 2020 based on bus registrations by age (ON Ministry of Transportation, 2023). Fuel types from each vintage were distributed based on estimated activity shares, using fuel usage data and fuel economy inputs of transit buses from GREET 2023.",T17,,,,,,TRPHRNLLAB001
NLLAB,T_HDV_CHRG,2005.0,0.0302307579180209,PJ/year,Existing capacity of EV chargers estimated from energy consumption of BEV classes.,,,,,,,TRPHRNLLAB001
NLLAB,T_HDV_CHRG,2010.0,0.106836687807719,PJ/year,Existing capacity of EV chargers estimated from energy consumption of BEV classes.,,,,,,,TRPHRNLLAB001
NLLAB,T_HDV_CHRG,2015.0,0.163332678421465,PJ/year,Existing capacity of EV chargers estimated from energy consumption of BEV classes.,,,,,,,TRPHRNLLAB001
NLLAB,T_HDV_RF_DSL,2000.0,13.8766205545123,btkm,"As the provincial stock for this technology is unknown, activity units were used. Activity by vintage was estimated using a flow and stock analysis using an avg. annual fleet retirement factor using expected lifetime, meeting 2019 downscaled demand with 5% tolerance. Rails reportedly only consume diesel.",T17,,,,,,TRPHRNLLAB001
NLLAB,T_HDV_RF_DSL,2005.0,10.6188961288674,btkm,"As the provincial stock for this technology is unknown, activity units were used. Activity by vintage was estimated using a flow and stock analysis using an avg. annual fleet retirement factor using expected lifetime, meeting 2019 downscaled demand with 5% tolerance. Rails reportedly only consume diesel.",T17,,,,,,TRPHRNLLAB001
NLLAB,T_HDV_RF_DSL,2010.0,17.813199025014,btkm,"As the provincial stock for this technology is unknown, activity units were used. Activity by vintage was estimated using a flow and stock analysis using an avg. annual fleet retirement factor using expected lifetime, meeting 2019 downscaled demand with 5% tolerance. Rails reportedly only consume diesel.",T17,,,,,,TRPHRNLLAB001
NLLAB,T_HDV_RF_DSL,2015.0,14.0448855731328,btkm,"As the provincial stock for this technology is unknown, activity units were used. Activity by vintage was estimated using a flow and stock analysis using an avg. annual fleet retirement factor using expected lifetime, meeting 2019 downscaled demand with 5% tolerance. Rails reportedly only consume diesel.",T17,,,,,,TRPHRNLLAB001
NLLAB,T_HDV_RICP_DSL,2000.0,0.0573634683150472,bpkm,"As the provincial stock for this technology is unknown, activity units were used. Activity by vintage was estimated using a flow and stock analysis using an avg. annual fleet retirement factor using expected lifetime, meeting 2019 downscaled demand with 5% tolerance. Rails reportedly only consume diesel.",T17,,,,,,TRPHRNLLAB001
NLLAB,T_HDV_RICP_DSL,2005.0,0.0330336767292092,bpkm,"As the provincial stock for this technology is unknown, activity units were used. Activity by vintage was estimated using a flow and stock analysis using an avg. annual fleet retirement factor using expected lifetime, meeting 2019 downscaled demand with 5% tolerance. Rails reportedly only consume diesel.",T17,,,,,,TRPHRNLLAB001
NLLAB,T_HDV_RICP_DSL,2010.0,0.0431559181117589,bpkm,"As the provincial stock for this technology is unknown, activity units were used. Activity by vintage was estimated using a flow and stock analysis using an avg. annual fleet retirement factor using expected lifetime, meeting 2019 downscaled demand with 5% tolerance. Rails reportedly only consume diesel.",T17,,,,,,TRPHRNLLAB001
NLLAB,T_HDV_RICP_DSL,2015.0,0.0764700677139366,bpkm,"As the provincial stock for this technology is unknown, activity units were used. Activity by vintage was estimated using a flow and stock analysis using an avg. annual fleet retirement factor using expected lifetime, meeting 2019 downscaled demand with 5% tolerance. Rails reportedly only consume diesel.",T17,,,,,,TRPHRNLLAB001
NLLAB,T_HDV_WTF_HFO,2000.0,3.21822284565589,btkm,"As the provincial stock for this technology is unknown, activity units were used. Activity by vintage was estimated using a flow and stock analysis using an avg. annual fleet retirement factor using expected lifetime, meeting 2019 downscaled demand with 5% tolerance. Activity was distributed across fuel types using estimated activity shares, based on provincial energy use and national energy intensity.",T17,,,,,,TRPHRNLLAB001
NLLAB,T_HDV_WTF_HFO,2005.0,13.0642067203493,btkm,"As the provincial stock for this technology is unknown, activity units were used. Activity by vintage was estimated using a flow and stock analysis using an avg. annual fleet retirement factor using expected lifetime, meeting 2019 downscaled demand with 5% tolerance. Activity was distributed across fuel types using estimated activity shares, based on provincial energy use and national energy intensity.",T17,,,,,,TRPHRNLLAB001
NLLAB,T_HDV_WTF_HFO,2010.0,33.8149202700052,btkm,"As the provincial stock for this technology is unknown, activity units were used. Activity by vintage was estimated using a flow and stock analysis using an avg. annual fleet retirement factor using expected lifetime, meeting 2019 downscaled demand with 5% tolerance. Activity was distributed across fuel types using estimated activity shares, based on provincial energy use and national energy intensity.",T17,,,,,,TRPHRNLLAB001
NLLAB,T_HDV_WTF_HFO,2015.0,12.3218690298053,btkm,"As the provincial stock for this technology is unknown, activity units were used. Activity by vintage was estimated using a flow and stock analysis using an avg. annual fleet retirement factor using expected lifetime, meeting 2019 downscaled demand with 5% tolerance. Activity was distributed across fuel types using estimated activity shares, based on provincial energy use and national energy intensity.",T17,,,,,,TRPHRNLLAB001
NLLAB,T_HDV_WTF_MDO,2000.0,2.57077588380998,btkm,"As the provincial stock for this technology is unknown, activity units were used. Activity by vintage was estimated using a flow and stock analysis using an avg. annual fleet retirement factor using expected lifetime, meeting 2019 downscaled demand with 5% tolerance. Activity was distributed across fuel types using estimated activity shares, based on provincial energy use and national energy intensity.",T17,,,,,,TRPHRNLLAB001
NLLAB,T_HDV_WTF_MDO,2005.0,2.6858637099978,btkm,"As the provincial stock for this technology is unknown, activity units were used. Activity by vintage was estimated using a flow and stock analysis using an avg. annual fleet retirement factor using expected lifetime, meeting 2019 downscaled demand with 5% tolerance. Activity was distributed across fuel types using estimated activity shares, based on provincial energy use and national energy intensity.",T17,,,,,,TRPHRNLLAB001
NLLAB,T_HDV_WTF_MDO,2010.0,4.34204985975262,btkm,"As the provincial stock for this technology is unknown, activity units were used. Activity by vintage was estimated using a flow and stock analysis using an avg. annual fleet retirement factor using expected lifetime, meeting 2019 downscaled demand with 5% tolerance. Activity was distributed across fuel types using estimated activity shares, based on provincial energy use and national energy intensity.",T17,,,,,,TRPHRNLLAB001
NLLAB,T_HDV_WTF_MDO,2015.0,1.90247660393982,btkm,"As the provincial stock for this technology is unknown, activity units were used. Activity by vintage was estimated using a flow and stock analysis using an avg. annual fleet retirement factor using expected lifetime, meeting 2019 downscaled demand with 5% tolerance. Activity was distributed across fuel types using estimated activity shares, based on provincial energy use and national energy intensity.",T17,,,,,,TRPHRNLLAB001
NLLAB,T_LDV_BEV_CHRG,2015.0,0.00337222318287155,PJ/year,Existing capacity of EV chargers estimated from energy consumption of BEV classes.,,,,,,,TRPHRNLLAB001
NLLAB,T_LDV_M_GSL,2000.0,1.09583439211527,k units,"Vehicle class 2021 fleet stock was distributed across vintages up to 2020 based on motorcycle registrations by age (ON Ministry of Transportation, 2023).",T17,,,,,,TRPHRNLLAB001
NLLAB,T_LDV_M_GSL,2005.0,6.34781519169799,k units,"Vehicle class 2021 fleet stock was distributed across vintages up to 2020 based on motorcycle registrations by age (ON Ministry of Transportation, 2023).",T17,,,,,,TRPHRNLLAB001
NLLAB,T_LDV_M_GSL,2010.0,4.70551397795686,k units,"Vehicle class 2021 fleet stock was distributed across vintages up to 2020 based on motorcycle registrations by age (ON Ministry of Transportation, 2023).",T17,,,,,,TRPHRNLLAB001
NLLAB,T_LDV_M_GSL,2015.0,4.8981428846338,k units,"Vehicle class 2021 fleet stock was distributed across vintages up to 2020 based on motorcycle registrations by age (ON Ministry of Transportation, 2023).",T17,,,,,,TRPHRNLLAB001
NLLAB,T_LDV_PHEV_CHRG,2015.0,0.00658079675224115,PJ/year,Existing capacity of EV chargers estimated from energy consumption of PHEV classes.,,,,,,,TRPHRNLLAB001
NS,T_HDV_AJF_JFL,2000.0,0.0292982299440576,btkm,"As the provincial stock for this technology is unknown, activity units were used. Activity by vintage was estimated using a flow and stock analysis using an avg. annual fleet retirement factor using expected lifetime, meeting 2019 downscaled demand with 5% tolerance. All estimated provincial fleet activity was assigned to jet fuel aircrafts as the share of aviation gasoline is negligible in this class.",T17,,,,,,TRPHRNS001
NS,T_HDV_AJF_JFL,2005.0,0.0186400725557612,btkm,"As the provincial stock for this technology is unknown, activity units were used. Activity by vintage was estimated using a flow and stock analysis using an avg. annual fleet retirement factor using expected lifetime, meeting 2019 downscaled demand with 5% tolerance. All estimated provincial fleet activity was assigned to jet fuel aircrafts as the share of aviation gasoline is negligible in this class.",T17,,,,,,TRPHRNS001
NS,T_HDV_AJF_JFL,2010.0,0.0262435856140413,btkm,"As the provincial stock for this technology is unknown, activity units were used. Activity by vintage was estimated using a flow and stock analysis using an avg. annual fleet retirement factor using expected lifetime, meeting 2019 downscaled demand with 5% tolerance. All estimated provincial fleet activity was assigned to jet fuel aircrafts as the share of aviation gasoline is negligible in this class.",T17,,,,,,TRPHRNS001
NS,T_HDV_AJF_JFL,2015.0,0.0754599802373068,btkm,"As the provincial stock for this technology is unknown, activity units were used. Activity by vintage was estimated using a flow and stock analysis using an avg. annual fleet retirement factor using expected lifetime, meeting 2019 downscaled demand with 5% tolerance. All estimated provincial fleet activity was assigned to jet fuel aircrafts as the share of aviation gasoline is negligible in this class.",T17,,,,,,TRPHRNS001
NS,T_HDV_AJP_JFL,2000.0,1.91068914928402,bpkm,"As the provincial stock for this technology is unknown, activity units were used. Activity by vintage was estimated using a flow and stock analysis using an avg. annual fleet retirement factor using expected lifetime, meeting 2019 downscaled demand with 5% tolerance. All estimated provincial fleet activity was assigned to jet fuel aircrafts as the reported national passenger activity excludes non-commercial demand, where most aviation gasoline is assumed to be used.",T17,,,,,,TRPHRNS001
NS,T_HDV_AJP_JFL,2005.0,1.79713182988536,bpkm,"As the provincial stock for this technology is unknown, activity units were used. Activity by vintage was estimated using a flow and stock analysis using an avg. annual fleet retirement factor using expected lifetime, meeting 2019 downscaled demand with 5% tolerance. All estimated provincial fleet activity was assigned to jet fuel aircrafts as the reported national passenger activity excludes non-commercial demand, where most aviation gasoline is assumed to be used.",T17,,,,,,TRPHRNS001
NS,T_HDV_AJP_JFL,2010.0,3.02404271137686,bpkm,"As the provincial stock for this technology is unknown, activity units were used. Activity by vintage was estimated using a flow and stock analysis using an avg. annual fleet retirement factor using expected lifetime, meeting 2019 downscaled demand with 5% tolerance. All estimated provincial fleet activity was assigned to jet fuel aircrafts as the reported national passenger activity excludes non-commercial demand, where most aviation gasoline is assumed to be used.",T17,,,,,,TRPHRNS001
NS,T_HDV_AJP_JFL,2015.0,4.99397791390676,bpkm,"As the provincial stock for this technology is unknown, activity units were used. Activity by vintage was estimated using a flow and stock analysis using an avg. annual fleet retirement factor using expected lifetime, meeting 2019 downscaled demand with 5% tolerance. All estimated provincial fleet activity was assigned to jet fuel aircrafts as the reported national passenger activity excludes non-commercial demand, where most aviation gasoline is assumed to be used.",T17,,,,,,TRPHRNS001
NS,T_HDV_BIC_DSL,2005.0,0.0110760663043569,k units,"Vehicle class 2021 fleet stock was distributed across vintages up to 2020 based on bus registrations by age (ON Ministry of Transportation, 2023). Fuel types from each vintage were distributed based on estimated activity shares, using fuel usage data and fuel economy inputs of inter-city buses from GREET 2023.",T17,,,,,,TRPHRNS001
NS,T_HDV_BIC_DSL,2010.0,0.0358112398587449,k units,"Vehicle class 2021 fleet stock was distributed across vintages up to 2020 based on bus registrations by age (ON Ministry of Transportation, 2023). Fuel types from each vintage were distributed based on estimated activity shares, using fuel usage data and fuel economy inputs of inter-city buses from GREET 2023.",T17,,,,,,TRPHRNS001
NS,T_HDV_BIC_DSL,2015.0,0.0400122973646402,k units,"Vehicle class 2021 fleet stock was distributed across vintages up to 2020 based on bus registrations by age (ON Ministry of Transportation, 2023). Fuel types from each vintage were distributed based on estimated activity shares, using fuel usage data and fuel economy inputs of inter-city buses from GREET 2023.",T17,,,,,,TRPHRNS001
NS,T_HDV_BIC_GSL,2010.0,0.00163919889198359,k units,"Vehicle class 2021 fleet stock was distributed across vintages up to 2020 based on bus registrations by age (ON Ministry of Transportation, 2023). Fuel types from each vintage were distributed based on estimated activity shares, using fuel usage data and fuel economy inputs of inter-city buses from GREET 2023.",T17,,,,,,TRPHRNS001
NS,T_HDV_BIC_GSL,2015.0,0.00699513706768316,k units,"Vehicle class 2021 fleet stock was distributed across vintages up to 2020 based on bus registrations by age (ON Ministry of Transportation, 2023). Fuel types from each vintage were distributed based on estimated activity shares, using fuel usage data and fuel economy inputs of inter-city buses from GREET 2023.",T17,,,,,,TRPHRNS001
NS,T_HDV_BS_CNG,2010.0,0.0046736043079093,k units,"Vehicle class 2021 fleet stock was distributed across vintages up to 2020 based on bus registrations by age (ON Ministry of Transportation, 2023). Fuel types from each vintage were distributed based on estimated activity shares, using fuel usage data and fuel economy inputs of school buses from GREET 2023.",T17,,,,,,TRPHRNS001
NS,T_HDV_BS_CNG,2015.0,0.0659307924411828,k units,"Vehicle class 2021 fleet stock was distributed across vintages up to 2020 based on bus registrations by age (ON Ministry of Transportation, 2023). Fuel types from each vintage were distributed based on estimated activity shares, using fuel usage data and fuel economy inputs of school buses from GREET 2023.",T17,,,,,,TRPHRNS001
NS,T_HDV_BS_DSL,2005.0,0.17270253230896,k units,"Vehicle class 2021 fleet stock was distributed across vintages up to 2020 based on bus registrations by age (ON Ministry of Transportation, 2023). Fuel types from each vintage were distributed based on estimated activity shares, using fuel usage data and fuel economy inputs of school buses from GREET 2023.",T17,,,,,,TRPHRNS001
NS,T_HDV_BS_DSL,2010.0,0.556580738340988,k units,"Vehicle class 2021 fleet stock was distributed across vintages up to 2020 based on bus registrations by age (ON Ministry of Transportation, 2023). Fuel types from each vintage were distributed based on estimated activity shares, using fuel usage data and fuel economy inputs of school buses from GREET 2023.",T17,,,,,,TRPHRNS001
NS,T_HDV_BS_DSL,2015.0,0.606516540652195,k units,"Vehicle class 2021 fleet stock was distributed across vintages up to 2020 based on bus registrations by age (ON Ministry of Transportation, 2023). Fuel types from each vintage were distributed based on estimated activity shares, using fuel usage data and fuel economy inputs of school buses from GREET 2023.",T17,,,,,,TRPHRNS001
NS,T_HDV_BS_GSL,2005.0,0.00568672602847022,k units,"Vehicle class 2021 fleet stock was distributed across vintages up to 2020 based on bus registrations by age (ON Ministry of Transportation, 2023). Fuel types from each vintage were distributed based on estimated activity shares, using fuel usage data and fuel economy inputs of school buses from GREET 2023.",T17,,,,,,TRPHRNS001
NS,T_HDV_BS_GSL,2010.0,0.0332104257730867,k units,"Vehicle class 2021 fleet stock was distributed across vintages up to 2020 based on bus registrations by age (ON Ministry of Transportation, 2023). Fuel types from each vintage were distributed based on estimated activity shares, using fuel usage data and fuel economy inputs of school buses from GREET 2023.",T17,,,,,,TRPHRNS001
NS,T_HDV_BS_GSL,2015.0,0.0737191882588162,k units,"Vehicle class 2021 fleet stock was distributed across vintages up to 2020 based on bus registrations by age (ON Ministry of Transportation, 2023). Fuel types from each vintage were distributed based on estimated activity shares, using fuel usage data and fuel economy inputs of school buses from GREET 2023.",T17,,,,,,TRPHRNS001
NS,T_HDV_BT_BEV,2005.0,0.0175137045292283,k units,"Vehicle class 2021 fleet stock was distributed across vintages up to 2020 based on bus registrations by age (ON Ministry of Transportation, 2023). Fuel types from each vintage were distributed based on estimated activity shares, using fuel usage data and fuel economy inputs of transit buses from GREET 2023.",T17,,,,,,TRPHRNS001
NS,T_HDV_BT_BEV,2010.0,0.0597980443032408,k units,"Vehicle class 2021 fleet stock was distributed across vintages up to 2020 based on bus registrations by age (ON Ministry of Transportation, 2023). Fuel types from each vintage were distributed based on estimated activity shares, using fuel usage data and fuel economy inputs of transit buses from GREET 2023.",T17,,,,,,TRPHRNS001
NS,T_HDV_BT_BEV,2015.0,0.0982737350589353,k units,"Vehicle class 2021 fleet stock was distributed across vintages up to 2020 based on bus registrations by age (ON Ministry of Transportation, 2023). Fuel types from each vintage were distributed based on estimated activity shares, using fuel usage data and fuel economy inputs of transit buses from GREET 2023.",T17,,,,,,TRPHRNS001
NS,T_HDV_BT_CNG,2010.0,0.00305104257768723,k units,"Vehicle class 2021 fleet stock was distributed across vintages up to 2020 based on bus registrations by age (ON Ministry of Transportation, 2023). Fuel types from each vintage were distributed based on estimated activity shares, using fuel usage data and fuel economy inputs of transit buses from GREET 2023.",T17,,,,,,TRPHRNS001
NS,T_HDV_BT_CNG,2015.0,0.00512768593613367,k units,"Vehicle class 2021 fleet stock was distributed across vintages up to 2020 based on bus registrations by age (ON Ministry of Transportation, 2023). Fuel types from each vintage were distributed based on estimated activity shares, using fuel usage data and fuel economy inputs of transit buses from GREET 2023.",T17,,,,,,TRPHRNS001
NS,T_HDV_BT_DSL,2005.0,0.0565627210409333,k units,"Vehicle class 2021 fleet stock was distributed across vintages up to 2020 based on bus registrations by age (ON Ministry of Transportation, 2023). Fuel types from each vintage were distributed based on estimated activity shares, using fuel usage data and fuel economy inputs of transit buses from GREET 2023.",T17,,,,,,TRPHRNS001
NS,T_HDV_BT_DSL,2010.0,0.184926476736627,k units,"Vehicle class 2021 fleet stock was distributed across vintages up to 2020 based on bus registrations by age (ON Ministry of Transportation, 2023). Fuel types from each vintage were distributed based on estimated activity shares, using fuel usage data and fuel economy inputs of transit buses from GREET 2023.",T17,,,,,,TRPHRNS001
NS,T_HDV_BT_DSL,2015.0,0.205176591277186,k units,"Vehicle class 2021 fleet stock was distributed across vintages up to 2020 based on bus registrations by age (ON Ministry of Transportation, 2023). Fuel types from each vintage were distributed based on estimated activity shares, using fuel usage data and fuel economy inputs of transit buses from GREET 2023.",T17,,,,,,TRPHRNS001
NS,T_HDV_BT_GSL,2015.0,0.00333532416111638,k units,"Vehicle class 2021 fleet stock was distributed across vintages up to 2020 based on bus registrations by age (ON Ministry of Transportation, 2023). Fuel types from each vintage were distributed based on estimated activity shares, using fuel usage data and fuel economy inputs of transit buses from GREET 2023.",T17,,,,,,TRPHRNS001
NS,T_HDV_CHRG,2005.0,0.0356053846199152,PJ/year,Existing capacity of EV chargers estimated from energy consumption of BEV classes.,,,,,,,TRPHRNS001
NS,T_HDV_CHRG,2010.0,0.125830862322958,PJ/year,Existing capacity of EV chargers estimated from energy consumption of BEV classes.,,,,,,,TRPHRNS001
NS,T_HDV_CHRG,2015.0,0.192371113314916,PJ/year,Existing capacity of EV chargers estimated from energy consumption of BEV classes.,,,,,,,TRPHRNS001
NS,T_HDV_RF_DSL,2000.0,13.953056818669,btkm,"As the provincial stock for this technology is unknown, activity units were used. Activity by vintage was estimated using a flow and stock analysis using an avg. annual fleet retirement factor using expected lifetime, meeting 2019 downscaled demand with 5% tolerance. Rails reportedly only consume diesel.",T17,,,,,,TRPHRNS001
NS,T_HDV_RF_DSL,2005.0,10.6773896971853,btkm,"As the provincial stock for this technology is unknown, activity units were used. Activity by vintage was estimated using a flow and stock analysis using an avg. annual fleet retirement factor using expected lifetime, meeting 2019 downscaled demand with 5% tolerance. Rails reportedly only consume diesel.",T17,,,,,,TRPHRNS001
NS,T_HDV_RF_DSL,2010.0,17.9113178523355,btkm,"As the provincial stock for this technology is unknown, activity units were used. Activity by vintage was estimated using a flow and stock analysis using an avg. annual fleet retirement factor using expected lifetime, meeting 2019 downscaled demand with 5% tolerance. Rails reportedly only consume diesel.",T17,,,,,,TRPHRNS001
NS,T_HDV_RF_DSL,2015.0,14.1222514975,btkm,"As the provincial stock for this technology is unknown, activity units were used. Activity by vintage was estimated using a flow and stock analysis using an avg. annual fleet retirement factor using expected lifetime, meeting 2019 downscaled demand with 5% tolerance. Rails reportedly only consume diesel.",T17,,,,,,TRPHRNS001
NS,T_HDV_RICP_DSL,2000.0,0.0576791347066177,bpkm,"As the provincial stock for this technology is unknown, activity units were used. Activity by vintage was estimated using a flow and stock analysis using an avg. annual fleet retirement factor using expected lifetime, meeting 2019 downscaled demand with 5% tolerance. Rails reportedly only consume diesel.",T17,,,,,,TRPHRNS001
NS,T_HDV_RICP_DSL,2005.0,0.033215729033777,bpkm,"As the provincial stock for this technology is unknown, activity units were used. Activity by vintage was estimated using a flow and stock analysis using an avg. annual fleet retirement factor using expected lifetime, meeting 2019 downscaled demand with 5% tolerance. Rails reportedly only consume diesel.",T17,,,,,,TRPHRNS001
NS,T_HDV_RICP_DSL,2010.0,0.0433938248056628,bpkm,"As the provincial stock for this technology is unknown, activity units were used. Activity by vintage was estimated using a flow and stock analysis using an avg. annual fleet retirement factor using expected lifetime, meeting 2019 downscaled demand with 5% tolerance. Rails reportedly only consume diesel.",T17,,,,,,TRPHRNS001
NS,T_HDV_RICP_DSL,2015.0,0.0768912902167009,bpkm,"As the provincial stock for this technology is unknown, activity units were used. Activity by vintage was estimated using a flow and stock analysis using an avg. annual fleet retirement factor using expected lifetime, meeting 2019 downscaled demand with 5% tolerance. Rails reportedly only consume diesel.",T17,,,,,,TRPHRNS001
NS,T_HDV_WTF_HFO,2000.0,3.15607968290238,btkm,"As the provincial stock for this technology is unknown, activity units were used. Activity by vintage was estimated using a flow and stock analysis using an avg. annual fleet retirement factor using expected lifetime, meeting 2019 downscaled demand with 5% tolerance. Activity was distributed across fuel types using estimated activity shares, based on provincial energy use and national energy intensity.",T17,,,,,,TRPHRNS001
NS,T_HDV_WTF_HFO,2005.0,12.811939069079,btkm,"As the provincial stock for this technology is unknown, activity units were used. Activity by vintage was estimated using a flow and stock analysis using an avg. annual fleet retirement factor using expected lifetime, meeting 2019 downscaled demand with 5% tolerance. Activity was distributed across fuel types using estimated activity shares, based on provincial energy use and national energy intensity.",T17,,,,,,TRPHRNS001
NS,T_HDV_WTF_HFO,2010.0,33.1619625486368,btkm,"As the provincial stock for this technology is unknown, activity units were used. Activity by vintage was estimated using a flow and stock analysis using an avg. annual fleet retirement factor using expected lifetime, meeting 2019 downscaled demand with 5% tolerance. Activity was distributed across fuel types using estimated activity shares, based on provincial energy use and national energy intensity.",T17,,,,,,TRPHRNS001
NS,T_HDV_WTF_HFO,2015.0,12.0839357774177,btkm,"As the provincial stock for this technology is unknown, activity units were used. Activity by vintage was estimated using a flow and stock analysis using an avg. annual fleet retirement factor using expected lifetime, meeting 2019 downscaled demand with 5% tolerance. Activity was distributed across fuel types using estimated activity shares, based on provincial energy use and national energy intensity.",T17,,,,,,TRPHRNS001
NS,T_HDV_WTF_MDO,2000.0,2.52113518362593,btkm,"As the provincial stock for this technology is unknown, activity units were used. Activity by vintage was estimated using a flow and stock analysis using an avg. annual fleet retirement factor using expected lifetime, meeting 2019 downscaled demand with 5% tolerance. Activity was distributed across fuel types using estimated activity shares, based on provincial energy use and national energy intensity.",T17,,,,,,TRPHRNS001
NS,T_HDV_WTF_MDO,2005.0,2.63399983081068,btkm,"As the provincial stock for this technology is unknown, activity units were used. Activity by vintage was estimated using a flow and stock analysis using an avg. annual fleet retirement factor using expected lifetime, meeting 2019 downscaled demand with 5% tolerance. Activity was distributed across fuel types using estimated activity shares, based on provincial energy use and national energy intensity.",T17,,,,,,TRPHRNS001
NS,T_HDV_WTF_MDO,2010.0,4.25820594182446,btkm,"As the provincial stock for this technology is unknown, activity units were used. Activity by vintage was estimated using a flow and stock analysis using an avg. annual fleet retirement factor using expected lifetime, meeting 2019 downscaled demand with 5% tolerance. Activity was distributed across fuel types using estimated activity shares, based on provincial energy use and national energy intensity.",T17,,,,,,TRPHRNS001
NS,T_HDV_WTF_MDO,2015.0,1.86573977087195,btkm,"As the provincial stock for this technology is unknown, activity units were used. Activity by vintage was estimated using a flow and stock analysis using an avg. annual fleet retirement factor using expected lifetime, meeting 2019 downscaled demand with 5% tolerance. Activity was distributed across fuel types using estimated activity shares, based on provincial energy use and national energy intensity.",T17,,,,,,TRPHRNS001
NS,T_LDV_BEV_CHRG,2015.0,0.00700139994551463,PJ/year,Existing capacity of EV chargers estimated from energy consumption of BEV classes.,,,,,,,TRPHRNS001
NS,T_LDV_M_GSL,2000.0,1.56873877069036,k units,"Vehicle class 2021 fleet stock was distributed across vintages up to 2020 based on motorcycle registrations by age (ON Ministry of Transportation, 2023).",T17,,,,,,TRPHRNS001
NS,T_LDV_M_GSL,2005.0,9.0871978547649,k units,"Vehicle class 2021 fleet stock was distributed across vintages up to 2020 based on motorcycle registrations by age (ON Ministry of Transportation, 2023).",T17,,,,,,TRPHRNS001
NS,T_LDV_M_GSL,2010.0,6.73616566536915,k units,"Vehicle class 2021 fleet stock was distributed across vintages up to 2020 based on motorcycle registrations by age (ON Ministry of Transportation, 2023).",T17,,,,,,TRPHRNS001
NS,T_LDV_M_GSL,2015.0,7.01192323045993,k units,"Vehicle class 2021 fleet stock was distributed across vintages up to 2020 based on motorcycle registrations by age (ON Ministry of Transportation, 2023).",T17,,,,,,TRPHRNS001
NS,T_LDV_PHEV_CHRG,2015.0,0.0121859085631877,PJ/year,Existing capacity of EV chargers estimated from energy consumption of PHEV classes.,,,,,,,TRPHRNS001
ON,T_HDV_AJF_JFL,2000.0,0.184886518,btkm,"As the provincial stock for this technology is unknown, activity units were used. Activity by vintage was estimated using a flow and stock analysis using an avg. annual fleet retirement factor using expected lifetime, meeting 2019 downscaled demand with 5% tolerance. All estimated provincial fleet activity was assigned to jet fuel aircrafts as the share of aviation gasoline is negligible in this class.",T17,,,,,,TRPHRON001
ON,T_HDV_AJF_JFL,2005.0,0.117628202,btkm,"As the provincial stock for this technology is unknown, activity units were used. Activity by vintage was estimated using a flow and stock analysis using an avg. annual fleet retirement factor using expected lifetime, meeting 2019 downscaled demand with 5% tolerance. All estimated provincial fleet activity was assigned to jet fuel aircrafts as the share of aviation gasoline is negligible in this class.",T17,,,,,,TRPHRON001
ON,T_HDV_AJF_JFL,2010.0,0.165610181,btkm,"As the provincial stock for this technology is unknown, activity units were used. Activity by vintage was estimated using a flow and stock analysis using an avg. annual fleet retirement factor using expected lifetime, meeting 2019 downscaled demand with 5% tolerance. All estimated provincial fleet activity was assigned to jet fuel aircrafts as the share of aviation gasoline is negligible in this class.",T17,,,,,,TRPHRON001
ON,T_HDV_AJF_JFL,2015.0,0.476190303,btkm,"As the provincial stock for this technology is unknown, activity units were used. Activity by vintage was estimated using a flow and stock analysis using an avg. annual fleet retirement factor using expected lifetime, meeting 2019 downscaled demand with 5% tolerance. All estimated provincial fleet activity was assigned to jet fuel aircrafts as the share of aviation gasoline is negligible in this class.",T17,,,,,,TRPHRON001
ON,T_HDV_AJP_JFL,2000.0,11.06355371,bpkm,"As the provincial stock for this technology is unknown, activity units were used. Activity by vintage was estimated using a flow and stock analysis using an avg. annual fleet retirement factor using expected lifetime, meeting 2019 downscaled demand with 5% tolerance. All estimated provincial fleet activity was assigned to jet fuel aircrafts as the reported national passenger activity excludes non-commercial demand, where most aviation gasoline is assumed to be used.",T17,,,,,,TRPHRON001
ON,T_HDV_AJP_JFL,2005.0,10.406017395,bpkm,"As the provincial stock for this technology is unknown, activity units were used. Activity by vintage was estimated using a flow and stock analysis using an avg. annual fleet retirement factor using expected lifetime, meeting 2019 downscaled demand with 5% tolerance. All estimated provincial fleet activity was assigned to jet fuel aircrafts as the reported national passenger activity excludes non-commercial demand, where most aviation gasoline is assumed to be used.",T17,,,,,,TRPHRON001
ON,T_HDV_AJP_JFL,2010.0,17.510257475,bpkm,"As the provincial stock for this technology is unknown, activity units were used. Activity by vintage was estimated using a flow and stock analysis using an avg. annual fleet retirement factor using expected lifetime, meeting 2019 downscaled demand with 5% tolerance. All estimated provincial fleet activity was assigned to jet fuel aircrafts as the reported national passenger activity excludes non-commercial demand, where most aviation gasoline is assumed to be used.",T17,,,,,,TRPHRON001
ON,T_HDV_AJP_JFL,2015.0,28.916866408,bpkm,"As the provincial stock for this technology is unknown, activity units were used. Activity by vintage was estimated using a flow and stock analysis using an avg. annual fleet retirement factor using expected lifetime, meeting 2019 downscaled demand with 5% tolerance. All estimated provincial fleet activity was assigned to jet fuel aircrafts as the reported national passenger activity excludes non-commercial demand, where most aviation gasoline is assumed to be used.",T17,,,,,,TRPHRON001
ON,T_HDV_BIC_DSL,2005.0,0.112948276,k units,"Vehicle class 2021 fleet stock was distributed across vintages up to 2020 based on bus registrations by age (ON Ministry of Transportation, 2023). Fuel types from each vintage were distributed based on estimated activity shares, using fuel usage data and fuel economy inputs of inter-city buses from GREET 2023.",T17,,,,,,TRPHRON001
ON,T_HDV_BIC_DSL,2010.0,0.365185409,k units,"Vehicle class 2021 fleet stock was distributed across vintages up to 2020 based on bus registrations by age (ON Ministry of Transportation, 2023). Fuel types from each vintage were distributed based on estimated activity shares, using fuel usage data and fuel economy inputs of inter-city buses from GREET 2023.",T17,,,,,,TRPHRON001
ON,T_HDV_BIC_DSL,2015.0,0.408025727,k units,"Vehicle class 2021 fleet stock was distributed across vintages up to 2020 based on bus registrations by age (ON Ministry of Transportation, 2023). Fuel types from each vintage were distributed based on estimated activity shares, using fuel usage data and fuel economy inputs of inter-city buses from GREET 2023.",T17,,,,,,TRPHRON001
ON,T_HDV_BIC_GSL,2005.0,0.003600474,k units,"Vehicle class 2021 fleet stock was distributed across vintages up to 2020 based on bus registrations by age (ON Ministry of Transportation, 2023). Fuel types from each vintage were distributed based on estimated activity shares, using fuel usage data and fuel economy inputs of inter-city buses from GREET 2023.",T17,,,,,,TRPHRON001
ON,T_HDV_BIC_GSL,2010.0,0.016715744,k units,"Vehicle class 2021 fleet stock was distributed across vintages up to 2020 based on bus registrations by age (ON Ministry of Transportation, 2023). Fuel types from each vintage were distributed based on estimated activity shares, using fuel usage data and fuel economy inputs of inter-city buses from GREET 2023.",T17,,,,,,TRPHRON001
ON,T_HDV_BIC_GSL,2015.0,0.071332967,k units,"Vehicle class 2021 fleet stock was distributed across vintages up to 2020 based on bus registrations by age (ON Ministry of Transportation, 2023). Fuel types from each vintage were distributed based on estimated activity shares, using fuel usage data and fuel economy inputs of inter-city buses from GREET 2023.",T17,,,,,,TRPHRON001
ON,T_HDV_BS_CNG,2005.0,0.006673796,k units,"Vehicle class 2021 fleet stock was distributed across vintages up to 2020 based on bus registrations by age (ON Ministry of Transportation, 2023). Fuel types from each vintage were distributed based on estimated activity shares, using fuel usage data and fuel economy inputs of school buses from GREET 2023.",T17,,,,,,TRPHRON001
ON,T_HDV_BS_CNG,2010.0,0.03687648,k units,"Vehicle class 2021 fleet stock was distributed across vintages up to 2020 based on bus registrations by age (ON Ministry of Transportation, 2023). Fuel types from each vintage were distributed based on estimated activity shares, using fuel usage data and fuel economy inputs of school buses from GREET 2023.",T17,,,,,,TRPHRON001
ON,T_HDV_BS_CNG,2015.0,0.520218527,k units,"Vehicle class 2021 fleet stock was distributed across vintages up to 2020 based on bus registrations by age (ON Ministry of Transportation, 2023). Fuel types from each vintage were distributed based on estimated activity shares, using fuel usage data and fuel economy inputs of school buses from GREET 2023.",T17,,,,,,TRPHRON001
ON,T_HDV_BS_DSL,2005.0,1.362687352,k units,"Vehicle class 2021 fleet stock was distributed across vintages up to 2020 based on bus registrations by age (ON Ministry of Transportation, 2023). Fuel types from each vintage were distributed based on estimated activity shares, using fuel usage data and fuel economy inputs of school buses from GREET 2023.",T17,,,,,,TRPHRON001
ON,T_HDV_BS_DSL,2010.0,4.391629482,k units,"Vehicle class 2021 fleet stock was distributed across vintages up to 2020 based on bus registrations by age (ON Ministry of Transportation, 2023). Fuel types from each vintage were distributed based on estimated activity shares, using fuel usage data and fuel economy inputs of school buses from GREET 2023.",T17,,,,,,TRPHRON001
ON,T_HDV_BS_DSL,2015.0,4.785641575,k units,"Vehicle class 2021 fleet stock was distributed across vintages up to 2020 based on bus registrations by age (ON Ministry of Transportation, 2023). Fuel types from each vintage were distributed based on estimated activity shares, using fuel usage data and fuel economy inputs of school buses from GREET 2023.",T17,,,,,,TRPHRON001
ON,T_HDV_BS_GSL,2005.0,0.044870388,k units,"Vehicle class 2021 fleet stock was distributed across vintages up to 2020 based on bus registrations by age (ON Ministry of Transportation, 2023). Fuel types from each vintage were distributed based on estimated activity shares, using fuel usage data and fuel economy inputs of school buses from GREET 2023.",T17,,,,,,TRPHRON001
ON,T_HDV_BS_GSL,2010.0,0.262042638,k units,"Vehicle class 2021 fleet stock was distributed across vintages up to 2020 based on bus registrations by age (ON Ministry of Transportation, 2023). Fuel types from each vintage were distributed based on estimated activity shares, using fuel usage data and fuel economy inputs of school buses from GREET 2023.",T17,,,,,,TRPHRON001
ON,T_HDV_BS_GSL,2015.0,0.581671873,k units,"Vehicle class 2021 fleet stock was distributed across vintages up to 2020 based on bus registrations by age (ON Ministry of Transportation, 2023). Fuel types from each vintage were distributed based on estimated activity shares, using fuel usage data and fuel economy inputs of school buses from GREET 2023.",T17,,,,,,TRPHRON001
ON,T_HDV_BT_BEV,2005.0,0.172883229,k units,"Vehicle class 2021 fleet stock was distributed across vintages up to 2020 based on bus registrations by age (ON Ministry of Transportation, 2023). Fuel types from each vintage were distributed based on estimated activity shares, using fuel usage data and fuel economy inputs of transit buses from GREET 2023.",T17,,,,,,TRPHRON001
ON,T_HDV_BT_BEV,2010.0,0.590285109,k units,"Vehicle class 2021 fleet stock was distributed across vintages up to 2020 based on bus registrations by age (ON Ministry of Transportation, 2023). Fuel types from each vintage were distributed based on estimated activity shares, using fuel usage data and fuel economy inputs of transit buses from GREET 2023.",T17,,,,,,TRPHRON001
ON,T_HDV_BT_BEV,2015.0,0.970090629,k units,"Vehicle class 2021 fleet stock was distributed across vintages up to 2020 based on bus registrations by age (ON Ministry of Transportation, 2023). Fuel types from each vintage were distributed based on estimated activity shares, using fuel usage data and fuel economy inputs of transit buses from GREET 2023.",T17,,,,,,TRPHRON001
ON,T_HDV_BT_CNG,2005.0,0.009465336,k units,"Vehicle class 2021 fleet stock was distributed across vintages up to 2020 based on bus registrations by age (ON Ministry of Transportation, 2023). Fuel types from each vintage were distributed based on estimated activity shares, using fuel usage data and fuel economy inputs of transit buses from GREET 2023.",T17,,,,,,TRPHRON001
ON,T_HDV_BT_CNG,2010.0,0.030117791,k units,"Vehicle class 2021 fleet stock was distributed across vintages up to 2020 based on bus registrations by age (ON Ministry of Transportation, 2023). Fuel types from each vintage were distributed based on estimated activity shares, using fuel usage data and fuel economy inputs of transit buses from GREET 2023.",T17,,,,,,TRPHRON001
ON,T_HDV_BT_CNG,2015.0,0.050616984,k units,"Vehicle class 2021 fleet stock was distributed across vintages up to 2020 based on bus registrations by age (ON Ministry of Transportation, 2023). Fuel types from each vintage were distributed based on estimated activity shares, using fuel usage data and fuel economy inputs of transit buses from GREET 2023.",T17,,,,,,TRPHRON001
ON,T_HDV_BT_DSL,2005.0,0.558348226,k units,"Vehicle class 2021 fleet stock was distributed across vintages up to 2020 based on bus registrations by age (ON Ministry of Transportation, 2023). Fuel types from each vintage were distributed based on estimated activity shares, using fuel usage data and fuel economy inputs of transit buses from GREET 2023.",T17,,,,,,TRPHRON001
ON,T_HDV_BT_DSL,2010.0,1.825466815,k units,"Vehicle class 2021 fleet stock was distributed across vintages up to 2020 based on bus registrations by age (ON Ministry of Transportation, 2023). Fuel types from each vintage were distributed based on estimated activity shares, using fuel usage data and fuel economy inputs of transit buses from GREET 2023.",T17,,,,,,TRPHRON001
ON,T_HDV_BT_DSL,2015.0,2.025361999,k units,"Vehicle class 2021 fleet stock was distributed across vintages up to 2020 based on bus registrations by age (ON Ministry of Transportation, 2023). Fuel types from each vintage were distributed based on estimated activity shares, using fuel usage data and fuel economy inputs of transit buses from GREET 2023.",T17,,,,,,TRPHRON001
ON,T_HDV_BT_GSL,2010.0,0.007139346,k units,"Vehicle class 2021 fleet stock was distributed across vintages up to 2020 based on bus registrations by age (ON Ministry of Transportation, 2023). Fuel types from each vintage were distributed based on estimated activity shares, using fuel usage data and fuel economy inputs of transit buses from GREET 2023.",T17,,,,,,TRPHRON001
ON,T_HDV_BT_GSL,2015.0,0.032924023,k units,"Vehicle class 2021 fleet stock was distributed across vintages up to 2020 based on bus registrations by age (ON Ministry of Transportation, 2023). Fuel types from each vintage were distributed based on estimated activity shares, using fuel usage data and fuel economy inputs of transit buses from GREET 2023.",T17,,,,,,TRPHRON001
ON,T_HDV_CHRG,2005.0,0.209345899,PJ/year,Existing capacity of EV chargers estimated from energy consumption of BEV classes.,,,,,,,TRPHRON001
ON,T_HDV_CHRG,2010.0,0.739836833,PJ/year,Existing capacity of EV chargers estimated from energy consumption of BEV classes.,,,,,,,TRPHRON001
ON,T_HDV_CHRG,2015.0,1.131067789,PJ/year,Existing capacity of EV chargers estimated from energy consumption of BEV classes.,,,,,,,TRPHRON001
ON,T_HDV_RF_DSL,2000.0,22.561000374,btkm,"As the provincial stock for this technology is unknown, activity units were used. Activity by vintage was estimated using a flow and stock analysis using an avg. annual fleet retirement factor using expected lifetime, meeting 2019 downscaled demand with 5% tolerance. Rails reportedly only consume diesel.",T17,,,,,,TRPHRON001
ON,T_HDV_RF_DSL,2005.0,17.264503118,btkm,"As the provincial stock for this technology is unknown, activity units were used. Activity by vintage was estimated using a flow and stock analysis using an avg. annual fleet retirement factor using expected lifetime, meeting 2019 downscaled demand with 5% tolerance. Rails reportedly only consume diesel.",T17,,,,,,TRPHRON001
ON,T_HDV_RF_DSL,2010.0,28.96119854,btkm,"As the provincial stock for this technology is unknown, activity units were used. Activity by vintage was estimated using a flow and stock analysis using an avg. annual fleet retirement factor using expected lifetime, meeting 2019 downscaled demand with 5% tolerance. Rails reportedly only consume diesel.",T17,,,,,,TRPHRON001
ON,T_HDV_RF_DSL,2015.0,22.834574922,btkm,"As the provincial stock for this technology is unknown, activity units were used. Activity by vintage was estimated using a flow and stock analysis using an avg. annual fleet retirement factor using expected lifetime, meeting 2019 downscaled demand with 5% tolerance. Rails reportedly only consume diesel.",T17,,,,,,TRPHRON001
ON,T_HDV_RICP_DSL,2000.0,0.093262509,bpkm,"As the provincial stock for this technology is unknown, activity units were used. Activity by vintage was estimated using a flow and stock analysis using an avg. annual fleet retirement factor using expected lifetime, meeting 2019 downscaled demand with 5% tolerance. Rails reportedly only consume diesel.",T17,,,,,,TRPHRON001
ON,T_HDV_RICP_DSL,2005.0,0.053707155,bpkm,"As the provincial stock for this technology is unknown, activity units were used. Activity by vintage was estimated using a flow and stock analysis using an avg. annual fleet retirement factor using expected lifetime, meeting 2019 downscaled demand with 5% tolerance. Rails reportedly only consume diesel.",T17,,,,,,TRPHRON001
ON,T_HDV_RICP_DSL,2010.0,0.070164315,bpkm,"As the provincial stock for this technology is unknown, activity units were used. Activity by vintage was estimated using a flow and stock analysis using an avg. annual fleet retirement factor using expected lifetime, meeting 2019 downscaled demand with 5% tolerance. Rails reportedly only consume diesel.",T17,,,,,,TRPHRON001
ON,T_HDV_RICP_DSL,2015.0,0.124327015,bpkm,"As the provincial stock for this technology is unknown, activity units were used. Activity by vintage was estimated using a flow and stock analysis using an avg. annual fleet retirement factor using expected lifetime, meeting 2019 downscaled demand with 5% tolerance. Rails reportedly only consume diesel.",T17,,,,,,TRPHRON001
ON,T_HDV_WTF_HFO,2000.0,2.131662058,btkm,"As the provincial stock for this technology is unknown, activity units were used. Activity by vintage was estimated using a flow and stock analysis using an avg. annual fleet retirement factor using expected lifetime, meeting 2019 downscaled demand with 5% tolerance. Activity was distributed across fuel types using estimated activity shares, based on provincial energy use and national energy intensity.",T17,,,,,,TRPHRON001
ON,T_HDV_WTF_HFO,2005.0,8.653369733,btkm,"As the provincial stock for this technology is unknown, activity units were used. Activity by vintage was estimated using a flow and stock analysis using an avg. annual fleet retirement factor using expected lifetime, meeting 2019 downscaled demand with 5% tolerance. Activity was distributed across fuel types using estimated activity shares, based on provincial energy use and national energy intensity.",T17,,,,,,TRPHRON001
ON,T_HDV_WTF_HFO,2010.0,22.398071163,btkm,"As the provincial stock for this technology is unknown, activity units were used. Activity by vintage was estimated using a flow and stock analysis using an avg. annual fleet retirement factor using expected lifetime, meeting 2019 downscaled demand with 5% tolerance. Activity was distributed across fuel types using estimated activity shares, based on provincial energy use and national energy intensity.",T17,,,,,,TRPHRON001
ON,T_HDV_WTF_HFO,2015.0,8.161665736,btkm,"As the provincial stock for this technology is unknown, activity units were used. Activity by vintage was estimated using a flow and stock analysis using an avg. annual fleet retirement factor using expected lifetime, meeting 2019 downscaled demand with 5% tolerance. Activity was distributed across fuel types using estimated activity shares, based on provincial energy use and national energy intensity.",T17,,,,,,TRPHRON001
ON,T_HDV_WTF_MDO,2000.0,1.702811321,btkm,"As the provincial stock for this technology is unknown, activity units were used. Activity by vintage was estimated using a flow and stock analysis using an avg. annual fleet retirement factor using expected lifetime, meeting 2019 downscaled demand with 5% tolerance. Activity was distributed across fuel types using estimated activity shares, based on provincial energy use and national energy intensity.",T17,,,,,,TRPHRON001
ON,T_HDV_WTF_MDO,2005.0,1.779041743,btkm,"As the provincial stock for this technology is unknown, activity units were used. Activity by vintage was estimated using a flow and stock analysis using an avg. annual fleet retirement factor using expected lifetime, meeting 2019 downscaled demand with 5% tolerance. Activity was distributed across fuel types using estimated activity shares, based on provincial energy use and national energy intensity.",T17,,,,,,TRPHRON001
ON,T_HDV_WTF_MDO,2010.0,2.876054141,btkm,"As the provincial stock for this technology is unknown, activity units were used. Activity by vintage was estimated using a flow and stock analysis using an avg. annual fleet retirement factor using expected lifetime, meeting 2019 downscaled demand with 5% tolerance. Activity was distributed across fuel types using estimated activity shares, based on provincial energy use and national energy intensity.",T17,,,,,,TRPHRON001
ON,T_HDV_WTF_MDO,2015.0,1.26014774,btkm,"As the provincial stock for this technology is unknown, activity units were used. Activity by vintage was estimated using a flow and stock analysis using an avg. annual fleet retirement factor using expected lifetime, meeting 2019 downscaled demand with 5% tolerance. Activity was distributed across fuel types using estimated activity shares, based on provincial energy use and national energy intensity.",T17,,,,,,TRPHRON001
ON,T_LDV_BEV_CHRG,2010.0,0.034892726,PJ/year,Existing capacity of EV chargers estimated from energy consumption of BEV classes.,,,,,,,TRPHRON001
ON,T_LDV_BEV_CHRG,2015.0,0.404273953,PJ/year,Existing capacity of EV chargers estimated from energy consumption of BEV classes.,,,,,,,TRPHRON001
ON,T_LDV_M_GSL,2000.0,14.967500054,k units,"Vehicle class 2021 fleet stock was distributed across vintages up to 2020 based on motorcycle registrations by age (ON Ministry of Transportation, 2023).",T17,,,,,,TRPHRON001
ON,T_LDV_M_GSL,2005.0,86.701901504,k units,"Vehicle class 2021 fleet stock was distributed across vintages up to 2020 based on motorcycle registrations by age (ON Ministry of Transportation, 2023).",T17,,,,,,TRPHRON001
ON,T_LDV_M_GSL,2010.0,64.270458437,k units,"Vehicle class 2021 fleet stock was distributed across vintages up to 2020 based on motorcycle registrations by age (ON Ministry of Transportation, 2023).",T17,,,,,,TRPHRON001
ON,T_LDV_M_GSL,2015.0,66.901490096,k units,"Vehicle class 2021 fleet stock was distributed across vintages up to 2020 based on motorcycle registrations by age (ON Ministry of Transportation, 2023).",T17,,,,,,TRPHRON001
ON,T_LDV_PHEV_CHRG,2010.0,0.05541986,PJ/year,Existing capacity of EV chargers estimated from energy consumption of PHEV classes.,,,,,,,TRPHRON001
ON,T_LDV_PHEV_CHRG,2015.0,0.703637196,PJ/year,Existing capacity of EV chargers estimated from energy consumption of PHEV classes.,,,,,,,TRPHRON001
PEI,T_HDV_AJF_JFL,2000.0,0.0193291418315872,btkm,"As the provincial stock for this technology is unknown, activity units were used. Activity by vintage was estimated using a flow and stock analysis using an avg. annual fleet retirement factor using expected lifetime, meeting 2019 downscaled demand with 5% tolerance. All estimated provincial fleet activity was assigned to jet fuel aircrafts as the share of aviation gasoline is negligible in this class.",T17,,,,,,TRPHRPEI001
PEI,T_HDV_AJF_JFL,2005.0,0.0122975022330718,btkm,"As the provincial stock for this technology is unknown, activity units were used. Activity by vintage was estimated using a flow and stock analysis using an avg. annual fleet retirement factor using expected lifetime, meeting 2019 downscaled demand with 5% tolerance. All estimated provincial fleet activity was assigned to jet fuel aircrafts as the share of aviation gasoline is negligible in this class.",T17,,,,,,TRPHRPEI001
PEI,T_HDV_AJF_JFL,2010.0,0.0173138142688732,btkm,"As the provincial stock for this technology is unknown, activity units were used. Activity by vintage was estimated using a flow and stock analysis using an avg. annual fleet retirement factor using expected lifetime, meeting 2019 downscaled demand with 5% tolerance. All estimated provincial fleet activity was assigned to jet fuel aircrafts as the share of aviation gasoline is negligible in this class.",T17,,,,,,TRPHRPEI001
PEI,T_HDV_AJF_JFL,2015.0,0.0497836194474654,btkm,"As the provincial stock for this technology is unknown, activity units were used. Activity by vintage was estimated using a flow and stock analysis using an avg. annual fleet retirement factor using expected lifetime, meeting 2019 downscaled demand with 5% tolerance. All estimated provincial fleet activity was assigned to jet fuel aircrafts as the share of aviation gasoline is negligible in this class.",T17,,,,,,TRPHRPEI001
PEI,T_HDV_AJP_JFL,2000.0,1.32092007717329,bpkm,"As the provincial stock for this technology is unknown, activity units were used. Activity by vintage was estimated using a flow and stock analysis using an avg. annual fleet retirement factor using expected lifetime, meeting 2019 downscaled demand with 5% tolerance. All estimated provincial fleet activity was assigned to jet fuel aircrafts as the reported national passenger activity excludes non-commercial demand, where most aviation gasoline is assumed to be used.",T17,,,,,,TRPHRPEI001
PEI,T_HDV_AJP_JFL,2005.0,1.24241502424329,bpkm,"As the provincial stock for this technology is unknown, activity units were used. Activity by vintage was estimated using a flow and stock analysis using an avg. annual fleet retirement factor using expected lifetime, meeting 2019 downscaled demand with 5% tolerance. All estimated provincial fleet activity was assigned to jet fuel aircrafts as the reported national passenger activity excludes non-commercial demand, where most aviation gasoline is assumed to be used.",T17,,,,,,TRPHRPEI001
PEI,T_HDV_AJP_JFL,2010.0,2.09061774841931,bpkm,"As the provincial stock for this technology is unknown, activity units were used. Activity by vintage was estimated using a flow and stock analysis using an avg. annual fleet retirement factor using expected lifetime, meeting 2019 downscaled demand with 5% tolerance. All estimated provincial fleet activity was assigned to jet fuel aircrafts as the reported national passenger activity excludes non-commercial demand, where most aviation gasoline is assumed to be used.",T17,,,,,,TRPHRPEI001
PEI,T_HDV_AJP_JFL,2015.0,3.4524970874638,bpkm,"As the provincial stock for this technology is unknown, activity units were used. Activity by vintage was estimated using a flow and stock analysis using an avg. annual fleet retirement factor using expected lifetime, meeting 2019 downscaled demand with 5% tolerance. All estimated provincial fleet activity was assigned to jet fuel aircrafts as the reported national passenger activity excludes non-commercial demand, where most aviation gasoline is assumed to be used.",T17,,,,,,TRPHRPEI001
PEI,T_HDV_BIC_DSL,2005.0,0.00569269160398166,k units,"Vehicle class 2021 fleet stock was distributed across vintages up to 2020 based on bus registrations by age (ON Ministry of Transportation, 2023). Fuel types from each vintage were distributed based on estimated activity shares, using fuel usage data and fuel economy inputs of inter-city buses from GREET 2023.",T17,,,,,,TRPHRPEI001
PEI,T_HDV_BIC_DSL,2010.0,0.0184056874260725,k units,"Vehicle class 2021 fleet stock was distributed across vintages up to 2020 based on bus registrations by age (ON Ministry of Transportation, 2023). Fuel types from each vintage were distributed based on estimated activity shares, using fuel usage data and fuel economy inputs of inter-city buses from GREET 2023.",T17,,,,,,TRPHRPEI001
PEI,T_HDV_BIC_DSL,2015.0,0.0205649164607272,k units,"Vehicle class 2021 fleet stock was distributed across vintages up to 2020 based on bus registrations by age (ON Ministry of Transportation, 2023). Fuel types from each vintage were distributed based on estimated activity shares, using fuel usage data and fuel economy inputs of inter-city buses from GREET 2023.",T17,,,,,,TRPHRPEI001
PEI,T_HDV_BIC_GSL,2015.0,0.00359525418942189,k units,"Vehicle class 2021 fleet stock was distributed across vintages up to 2020 based on bus registrations by age (ON Ministry of Transportation, 2023). Fuel types from each vintage were distributed based on estimated activity shares, using fuel usage data and fuel economy inputs of inter-city buses from GREET 2023.",T17,,,,,,TRPHRPEI001
PEI,T_HDV_BS_CNG,2010.0,0.00288098691671477,k units,"Vehicle class 2021 fleet stock was distributed across vintages up to 2020 based on bus registrations by age (ON Ministry of Transportation, 2023). Fuel types from each vintage were distributed based on estimated activity shares, using fuel usage data and fuel economy inputs of school buses from GREET 2023.",T17,,,,,,TRPHRPEI001
PEI,T_HDV_BS_CNG,2015.0,0.0406428065090151,k units,"Vehicle class 2021 fleet stock was distributed across vintages up to 2020 based on bus registrations by age (ON Ministry of Transportation, 2023). Fuel types from each vintage were distributed based on estimated activity shares, using fuel usage data and fuel economy inputs of school buses from GREET 2023.",T17,,,,,,TRPHRPEI001
PEI,T_HDV_BS_DSL,2005.0,0.106461747981812,k units,"Vehicle class 2021 fleet stock was distributed across vintages up to 2020 based on bus registrations by age (ON Ministry of Transportation, 2023). Fuel types from each vintage were distributed based on estimated activity shares, using fuel usage data and fuel economy inputs of school buses from GREET 2023.",T17,,,,,,TRPHRPEI001
PEI,T_HDV_BS_DSL,2010.0,0.343101900750221,k units,"Vehicle class 2021 fleet stock was distributed across vintages up to 2020 based on bus registrations by age (ON Ministry of Transportation, 2023). Fuel types from each vintage were distributed based on estimated activity shares, using fuel usage data and fuel economy inputs of school buses from GREET 2023.",T17,,,,,,TRPHRPEI001
PEI,T_HDV_BS_DSL,2015.0,0.373884694383358,k units,"Vehicle class 2021 fleet stock was distributed across vintages up to 2020 based on bus registrations by age (ON Ministry of Transportation, 2023). Fuel types from each vintage were distributed based on estimated activity shares, using fuel usage data and fuel economy inputs of school buses from GREET 2023.",T17,,,,,,TRPHRPEI001
PEI,T_HDV_BS_GSL,2005.0,0.00350552887929796,k units,"Vehicle class 2021 fleet stock was distributed across vintages up to 2020 based on bus registrations by age (ON Ministry of Transportation, 2023). Fuel types from each vintage were distributed based on estimated activity shares, using fuel usage data and fuel economy inputs of school buses from GREET 2023.",T17,,,,,,TRPHRPEI001
PEI,T_HDV_BS_GSL,2010.0,0.0204724605330482,k units,"Vehicle class 2021 fleet stock was distributed across vintages up to 2020 based on bus registrations by age (ON Ministry of Transportation, 2023). Fuel types from each vintage were distributed based on estimated activity shares, using fuel usage data and fuel economy inputs of school buses from GREET 2023.",T17,,,,,,TRPHRPEI001
PEI,T_HDV_BS_GSL,2015.0,0.0454439044858258,k units,"Vehicle class 2021 fleet stock was distributed across vintages up to 2020 based on bus registrations by age (ON Ministry of Transportation, 2023). Fuel types from each vintage were distributed based on estimated activity shares, using fuel usage data and fuel economy inputs of school buses from GREET 2023.",T17,,,,,,TRPHRPEI001
PEI,T_HDV_BT_BEV,2005.0,0.0088137359444151,k units,"Vehicle class 2021 fleet stock was distributed across vintages up to 2020 based on bus registrations by age (ON Ministry of Transportation, 2023). Fuel types from each vintage were distributed based on estimated activity shares, using fuel usage data and fuel economy inputs of transit buses from GREET 2023.",T17,,,,,,TRPHRPEI001
PEI,T_HDV_BT_BEV,2010.0,0.0300932776614766,k units,"Vehicle class 2021 fleet stock was distributed across vintages up to 2020 based on bus registrations by age (ON Ministry of Transportation, 2023). Fuel types from each vintage were distributed based on estimated activity shares, using fuel usage data and fuel economy inputs of transit buses from GREET 2023.",T17,,,,,,TRPHRPEI001
PEI,T_HDV_BT_BEV,2015.0,0.0494561403727005,k units,"Vehicle class 2021 fleet stock was distributed across vintages up to 2020 based on bus registrations by age (ON Ministry of Transportation, 2023). Fuel types from each vintage were distributed based on estimated activity shares, using fuel usage data and fuel economy inputs of transit buses from GREET 2023.",T17,,,,,,TRPHRPEI001
PEI,T_HDV_BT_CNG,2010.0,0.00153544361894399,k units,"Vehicle class 2021 fleet stock was distributed across vintages up to 2020 based on bus registrations by age (ON Ministry of Transportation, 2023). Fuel types from each vintage were distributed based on estimated activity shares, using fuel usage data and fuel economy inputs of transit buses from GREET 2023.",T17,,,,,,TRPHRPEI001
PEI,T_HDV_BT_CNG,2015.0,0.00258050168205352,k units,"Vehicle class 2021 fleet stock was distributed across vintages up to 2020 based on bus registrations by age (ON Ministry of Transportation, 2023). Fuel types from each vintage were distributed based on estimated activity shares, using fuel usage data and fuel economy inputs of transit buses from GREET 2023.",T17,,,,,,TRPHRPEI001
PEI,T_HDV_BT_DSL,2005.0,0.0284650997327226,k units,"Vehicle class 2021 fleet stock was distributed across vintages up to 2020 based on bus registrations by age (ON Ministry of Transportation, 2023). Fuel types from each vintage were distributed based on estimated activity shares, using fuel usage data and fuel economy inputs of transit buses from GREET 2023.",T17,,,,,,TRPHRPEI001
PEI,T_HDV_BT_DSL,2010.0,0.0930640034777486,k units,"Vehicle class 2021 fleet stock was distributed across vintages up to 2020 based on bus registrations by age (ON Ministry of Transportation, 2023). Fuel types from each vintage were distributed based on estimated activity shares, using fuel usage data and fuel economy inputs of transit buses from GREET 2023.",T17,,,,,,TRPHRPEI001
PEI,T_HDV_BT_DSL,2015.0,0.103254836275703,k units,"Vehicle class 2021 fleet stock was distributed across vintages up to 2020 based on bus registrations by age (ON Ministry of Transportation, 2023). Fuel types from each vintage were distributed based on estimated activity shares, using fuel usage data and fuel economy inputs of transit buses from GREET 2023.",T17,,,,,,TRPHRPEI001
PEI,T_HDV_BT_GSL,2015.0,0.00167849610565482,k units,"Vehicle class 2021 fleet stock was distributed across vintages up to 2020 based on bus registrations by age (ON Ministry of Transportation, 2023). Fuel types from each vintage were distributed based on estimated activity shares, using fuel usage data and fuel economy inputs of transit buses from GREET 2023.",T17,,,,,,TRPHRPEI001
PEI,T_HDV_CHRG,2005.0,0.0265443352018638,PJ/year,Existing capacity of EV chargers estimated from energy consumption of BEV classes.,,,,,,,TRPHRPEI001
PEI,T_HDV_CHRG,2010.0,0.0938087248991686,PJ/year,Existing capacity of EV chargers estimated from energy consumption of BEV classes.,,,,,,,TRPHRPEI001
PEI,T_HDV_CHRG,2015.0,0.143415437257467,PJ/year,Existing capacity of EV chargers estimated from energy consumption of BEV classes.,,,,,,,TRPHRPEI001
PEI,T_HDV_RF_DSL,2000.0,13.8241937269608,btkm,"As the provincial stock for this technology is unknown, activity units were used. Activity by vintage was estimated using a flow and stock analysis using an avg. annual fleet retirement factor using expected lifetime, meeting 2019 downscaled demand with 5% tolerance. Rails reportedly only consume diesel.",T17,,,,,,TRPHRPEI001
PEI,T_HDV_RF_DSL,2005.0,10.5787772084178,btkm,"As the provincial stock for this technology is unknown, activity units were used. Activity by vintage was estimated using a flow and stock analysis using an avg. annual fleet retirement factor using expected lifetime, meeting 2019 downscaled demand with 5% tolerance. Rails reportedly only consume diesel.",T17,,,,,,TRPHRPEI001
PEI,T_HDV_RF_DSL,2010.0,17.7458995330551,btkm,"As the provincial stock for this technology is unknown, activity units were used. Activity by vintage was estimated using a flow and stock analysis using an avg. annual fleet retirement factor using expected lifetime, meeting 2019 downscaled demand with 5% tolerance. Rails reportedly only consume diesel.",T17,,,,,,TRPHRPEI001
PEI,T_HDV_RF_DSL,2015.0,13.9918230287597,btkm,"As the provincial stock for this technology is unknown, activity units were used. Activity by vintage was estimated using a flow and stock analysis using an avg. annual fleet retirement factor using expected lifetime, meeting 2019 downscaled demand with 5% tolerance. Rails reportedly only consume diesel.",T17,,,,,,TRPHRPEI001
PEI,T_HDV_RICP_DSL,2000.0,0.0571467471301538,bpkm,"As the provincial stock for this technology is unknown, activity units were used. Activity by vintage was estimated using a flow and stock analysis using an avg. annual fleet retirement factor using expected lifetime, meeting 2019 downscaled demand with 5% tolerance. Rails reportedly only consume diesel.",T17,,,,,,TRPHRPEI001
PEI,T_HDV_RICP_DSL,2005.0,0.0329088743458732,bpkm,"As the provincial stock for this technology is unknown, activity units were used. Activity by vintage was estimated using a flow and stock analysis using an avg. annual fleet retirement factor using expected lifetime, meeting 2019 downscaled demand with 5% tolerance. Rails reportedly only consume diesel.",T17,,,,,,TRPHRPEI001
PEI,T_HDV_RICP_DSL,2010.0,0.0429928735472815,bpkm,"As the provincial stock for this technology is unknown, activity units were used. Activity by vintage was estimated using a flow and stock analysis using an avg. annual fleet retirement factor using expected lifetime, meeting 2019 downscaled demand with 5% tolerance. Rails reportedly only consume diesel.",T17,,,,,,TRPHRPEI001
PEI,T_HDV_RICP_DSL,2015.0,0.0761811611298225,bpkm,"As the provincial stock for this technology is unknown, activity units were used. Activity by vintage was estimated using a flow and stock analysis using an avg. annual fleet retirement factor using expected lifetime, meeting 2019 downscaled demand with 5% tolerance. Rails reportedly only consume diesel.",T17,,,,,,TRPHRPEI001
PEI,T_HDV_WTF_HFO,2000.0,3.26084637356072,btkm,"As the provincial stock for this technology is unknown, activity units were used. Activity by vintage was estimated using a flow and stock analysis using an avg. annual fleet retirement factor using expected lifetime, meeting 2019 downscaled demand with 5% tolerance. Activity was distributed across fuel types using estimated activity shares, based on provincial energy use and national energy intensity.",T17,,,,,,TRPHRPEI001
PEI,T_HDV_WTF_HFO,2005.0,13.2372346946087,btkm,"As the provincial stock for this technology is unknown, activity units were used. Activity by vintage was estimated using a flow and stock analysis using an avg. annual fleet retirement factor using expected lifetime, meeting 2019 downscaled demand with 5% tolerance. Activity was distributed across fuel types using estimated activity shares, based on provincial energy use and national energy intensity.",T17,,,,,,TRPHRPEI001
PEI,T_HDV_WTF_HFO,2010.0,34.2627796218439,btkm,"As the provincial stock for this technology is unknown, activity units were used. Activity by vintage was estimated using a flow and stock analysis using an avg. annual fleet retirement factor using expected lifetime, meeting 2019 downscaled demand with 5% tolerance. Activity was distributed across fuel types using estimated activity shares, based on provincial energy use and national energy intensity.",T17,,,,,,TRPHRPEI001
PEI,T_HDV_WTF_HFO,2015.0,12.4850651643242,btkm,"As the provincial stock for this technology is unknown, activity units were used. Activity by vintage was estimated using a flow and stock analysis using an avg. annual fleet retirement factor using expected lifetime, meeting 2019 downscaled demand with 5% tolerance. Activity was distributed across fuel types using estimated activity shares, based on provincial energy use and national energy intensity.",T17,,,,,,TRPHRPEI001
PEI,T_HDV_WTF_MDO,2000.0,2.60482434560887,btkm,"As the provincial stock for this technology is unknown, activity units were used. Activity by vintage was estimated using a flow and stock analysis using an avg. annual fleet retirement factor using expected lifetime, meeting 2019 downscaled demand with 5% tolerance. Activity was distributed across fuel types using estimated activity shares, based on provincial energy use and national energy intensity.",T17,,,,,,TRPHRPEI001
PEI,T_HDV_WTF_MDO,2005.0,2.72143644447957,btkm,"As the provincial stock for this technology is unknown, activity units were used. Activity by vintage was estimated using a flow and stock analysis using an avg. annual fleet retirement factor using expected lifetime, meeting 2019 downscaled demand with 5% tolerance. Activity was distributed across fuel types using estimated activity shares, based on provincial energy use and national energy intensity.",T17,,,,,,TRPHRPEI001
PEI,T_HDV_WTF_MDO,2010.0,4.39955783612261,btkm,"As the provincial stock for this technology is unknown, activity units were used. Activity by vintage was estimated using a flow and stock analysis using an avg. annual fleet retirement factor using expected lifetime, meeting 2019 downscaled demand with 5% tolerance. Activity was distributed across fuel types using estimated activity shares, based on provincial energy use and national energy intensity.",T17,,,,,,TRPHRPEI001
PEI,T_HDV_WTF_MDO,2015.0,1.92767382256182,btkm,"As the provincial stock for this technology is unknown, activity units were used. Activity by vintage was estimated using a flow and stock analysis using an avg. annual fleet retirement factor using expected lifetime, meeting 2019 downscaled demand with 5% tolerance. Activity was distributed across fuel types using estimated activity shares, based on provincial energy use and national energy intensity.",T17,,,,,,TRPHRPEI001
PEI,T_LDV_BEV_CHRG,2015.0,0.00337222318287155,PJ/year,Existing capacity of EV chargers estimated from energy consumption of BEV classes.,,,,,,,TRPHRPEI001
PEI,T_LDV_M_GSL,2000.0,0.771473288041622,k units,"Vehicle class 2021 fleet stock was distributed across vintages up to 2020 based on motorcycle registrations by age (ON Ministry of Transportation, 2023).",T17,,,,,,TRPHRPEI001
PEI,T_LDV_M_GSL,2005.0,4.46889593268454,k units,"Vehicle class 2021 fleet stock was distributed across vintages up to 2020 based on motorcycle registrations by age (ON Ministry of Transportation, 2023).",T17,,,,,,TRPHRPEI001
PEI,T_LDV_M_GSL,2010.0,3.31270707199917,k units,"Vehicle class 2021 fleet stock was distributed across vintages up to 2020 based on motorcycle registrations by age (ON Ministry of Transportation, 2023).",T17,,,,,,TRPHRPEI001
PEI,T_LDV_M_GSL,2015.0,3.44831885519851,k units,"Vehicle class 2021 fleet stock was distributed across vintages up to 2020 based on motorcycle registrations by age (ON Ministry of Transportation, 2023).",T17,,,,,,TRPHRPEI001
PEI,T_LDV_PHEV_CHRG,2015.0,0.00658079675224115,PJ/year,Existing capacity of EV chargers estimated from energy consumption of PHEV classes.,,,,,,,TRPHRPEI001
QC,T_HDV_AJF_JFL,2000.0,0.0710422028586861,btkm,"As the provincial stock for this technology is unknown, activity units were used. Activity by vintage was estimated using a flow and stock analysis using an avg. annual fleet retirement factor using expected lifetime, meeting 2019 downscaled demand with 5% tolerance. All estimated provincial fleet activity was assigned to jet fuel aircrafts as the share of aviation gasoline is negligible in this class.",T17,,,,,,TRPHRQC001
QC,T_HDV_AJF_JFL,2005.0,0.175003540977676,btkm,"As the provincial stock for this technology is unknown, activity units were used. Activity by vintage was estimated using a flow and stock analysis using an avg. annual fleet retirement factor using expected lifetime, meeting 2019 downscaled demand with 5% tolerance. All estimated provincial fleet activity was assigned to jet fuel aircrafts as the share of aviation gasoline is negligible in this class.",T17,,,,,,TRPHRQC001
QC,T_HDV_AJF_JFL,2010.0,0.333496041799801,btkm,"As the provincial stock for this technology is unknown, activity units were used. Activity by vintage was estimated using a flow and stock analysis using an avg. annual fleet retirement factor using expected lifetime, meeting 2019 downscaled demand with 5% tolerance. All estimated provincial fleet activity was assigned to jet fuel aircrafts as the share of aviation gasoline is negligible in this class.",T17,,,,,,TRPHRQC001
QC,T_HDV_AJF_JFL,2015.0,0.266956426015002,btkm,"As the provincial stock for this technology is unknown, activity units were used. Activity by vintage was estimated using a flow and stock analysis using an avg. annual fleet retirement factor using expected lifetime, meeting 2019 downscaled demand with 5% tolerance. All estimated provincial fleet activity was assigned to jet fuel aircrafts as the share of aviation gasoline is negligible in this class.",T17,,,,,,TRPHRQC001
QC,T_HDV_AJP_JFL,2000.0,4.09385009888308,bpkm,"As the provincial stock for this technology is unknown, activity units were used. Activity by vintage was estimated using a flow and stock analysis using an avg. annual fleet retirement factor using expected lifetime, meeting 2019 downscaled demand with 5% tolerance. All estimated provincial fleet activity was assigned to jet fuel aircrafts as the reported national passenger activity excludes non-commercial demand, where most aviation gasoline is assumed to be used.",T17,,,,,,TRPHRQC001
QC,T_HDV_AJP_JFL,2005.0,12.7587398915561,bpkm,"As the provincial stock for this technology is unknown, activity units were used. Activity by vintage was estimated using a flow and stock analysis using an avg. annual fleet retirement factor using expected lifetime, meeting 2019 downscaled demand with 5% tolerance. All estimated provincial fleet activity was assigned to jet fuel aircrafts as the reported national passenger activity excludes non-commercial demand, where most aviation gasoline is assumed to be used.",T17,,,,,,TRPHRQC001
QC,T_HDV_AJP_JFL,2010.0,28.7630803970421,bpkm,"As the provincial stock for this technology is unknown, activity units were used. Activity by vintage was estimated using a flow and stock analysis using an avg. annual fleet retirement factor using expected lifetime, meeting 2019 downscaled demand with 5% tolerance. All estimated provincial fleet activity was assigned to jet fuel aircrafts as the reported national passenger activity excludes non-commercial demand, where most aviation gasoline is assumed to be used.",T17,,,,,,TRPHRQC001
QC,T_HDV_AJP_JFL,2015.0,18.0806771591305,bpkm,"As the provincial stock for this technology is unknown, activity units were used. Activity by vintage was estimated using a flow and stock analysis using an avg. annual fleet retirement factor using expected lifetime, meeting 2019 downscaled demand with 5% tolerance. All estimated provincial fleet activity was assigned to jet fuel aircrafts as the reported national passenger activity excludes non-commercial demand, where most aviation gasoline is assumed to be used.",T17,,,,,,TRPHRQC001
QC,T_HDV_BIC_DSL,2005.0,0.0440304962490526,k units,"Vehicle class 2021 fleet stock was distributed across vintages up to 2020 based on bus registrations by age (ON Ministry of Transportation, 2023). Fuel types from each vintage were distributed based on estimated activity shares, using fuel usage data and fuel economy inputs of inter-city buses from GREET 2023.",T17,,,,,,TRPHRQC001
QC,T_HDV_BIC_DSL,2010.0,0.142197432723234,k units,"Vehicle class 2021 fleet stock was distributed across vintages up to 2020 based on bus registrations by age (ON Ministry of Transportation, 2023). Fuel types from each vintage were distributed based on estimated activity shares, using fuel usage data and fuel economy inputs of inter-city buses from GREET 2023.",T17,,,,,,TRPHRQC001
QC,T_HDV_BIC_DSL,2015.0,0.160317844135125,k units,"Vehicle class 2021 fleet stock was distributed across vintages up to 2020 based on bus registrations by age (ON Ministry of Transportation, 2023). Fuel types from each vintage were distributed based on estimated activity shares, using fuel usage data and fuel economy inputs of inter-city buses from GREET 2023.",T17,,,,,,TRPHRQC001
QC,T_HDV_BIC_GSL,2005.0,0.00143346315646838,k units,"Vehicle class 2021 fleet stock was distributed across vintages up to 2020 based on bus registrations by age (ON Ministry of Transportation, 2023). Fuel types from each vintage were distributed based on estimated activity shares, using fuel usage data and fuel economy inputs of inter-city buses from GREET 2023.",T17,,,,,,TRPHRQC001
QC,T_HDV_BIC_GSL,2010.0,0.00677661118573567,k units,"Vehicle class 2021 fleet stock was distributed across vintages up to 2020 based on bus registrations by age (ON Ministry of Transportation, 2023). Fuel types from each vintage were distributed based on estimated activity shares, using fuel usage data and fuel economy inputs of inter-city buses from GREET 2023.",T17,,,,,,TRPHRQC001
QC,T_HDV_BIC_GSL,2015.0,0.0266729585616327,k units,"Vehicle class 2021 fleet stock was distributed across vintages up to 2020 based on bus registrations by age (ON Ministry of Transportation, 2023). Fuel types from each vintage were distributed based on estimated activity shares, using fuel usage data and fuel economy inputs of inter-city buses from GREET 2023.",T17,,,,,,TRPHRQC001
QC,T_HDV_BS_CNG,2010.0,0.0751765159322137,k units,"Vehicle class 2021 fleet stock was distributed across vintages up to 2020 based on bus registrations by age (ON Ministry of Transportation, 2023). Fuel types from each vintage were distributed based on estimated activity shares, using fuel usage data and fuel economy inputs of school buses from GREET 2023.",T17,,,,,,TRPHRQC001
QC,T_HDV_BS_CNG,2015.0,0.666495499994561,k units,"Vehicle class 2021 fleet stock was distributed across vintages up to 2020 based on bus registrations by age (ON Ministry of Transportation, 2023). Fuel types from each vintage were distributed based on estimated activity shares, using fuel usage data and fuel economy inputs of school buses from GREET 2023.",T17,,,,,,TRPHRQC001
QC,T_HDV_BS_DSL,2005.0,0.642468335546152,k units,"Vehicle class 2021 fleet stock was distributed across vintages up to 2020 based on bus registrations by age (ON Ministry of Transportation, 2023). Fuel types from each vintage were distributed based on estimated activity shares, using fuel usage data and fuel economy inputs of school buses from GREET 2023.",T17,,,,,,TRPHRQC001
QC,T_HDV_BS_DSL,2010.0,1.98139464471874,k units,"Vehicle class 2021 fleet stock was distributed across vintages up to 2020 based on bus registrations by age (ON Ministry of Transportation, 2023). Fuel types from each vintage were distributed based on estimated activity shares, using fuel usage data and fuel economy inputs of school buses from GREET 2023.",T17,,,,,,TRPHRQC001
QC,T_HDV_BS_DSL,2015.0,1.86038548198248,k units,"Vehicle class 2021 fleet stock was distributed across vintages up to 2020 based on bus registrations by age (ON Ministry of Transportation, 2023). Fuel types from each vintage were distributed based on estimated activity shares, using fuel usage data and fuel economy inputs of school buses from GREET 2023.",T17,,,,,,TRPHRQC001
QC,T_HDV_BS_GSL,2005.0,0.021633498565829,k units,"Vehicle class 2021 fleet stock was distributed across vintages up to 2020 based on bus registrations by age (ON Ministry of Transportation, 2023). Fuel types from each vintage were distributed based on estimated activity shares, using fuel usage data and fuel economy inputs of school buses from GREET 2023.",T17,,,,,,TRPHRQC001
QC,T_HDV_BS_GSL,2010.0,0.122308550007951,k units,"Vehicle class 2021 fleet stock was distributed across vintages up to 2020 based on bus registrations by age (ON Ministry of Transportation, 2023). Fuel types from each vintage were distributed based on estimated activity shares, using fuel usage data and fuel economy inputs of school buses from GREET 2023.",T17,,,,,,TRPHRQC001
QC,T_HDV_BS_GSL,2015.0,0.208028100363367,k units,"Vehicle class 2021 fleet stock was distributed across vintages up to 2020 based on bus registrations by age (ON Ministry of Transportation, 2023). Fuel types from each vintage were distributed based on estimated activity shares, using fuel usage data and fuel economy inputs of school buses from GREET 2023.",T17,,,,,,TRPHRQC001
QC,T_HDV_BT_BEV,2005.0,0.144807507309474,k units,"Vehicle class 2021 fleet stock was distributed across vintages up to 2020 based on bus registrations by age (ON Ministry of Transportation, 2023). Fuel types from each vintage were distributed based on estimated activity shares, using fuel usage data and fuel economy inputs of transit buses from GREET 2023.",T17,,,,,,TRPHRQC001
QC,T_HDV_BT_BEV,2010.0,0.520494536413187,k units,"Vehicle class 2021 fleet stock was distributed across vintages up to 2020 based on bus registrations by age (ON Ministry of Transportation, 2023). Fuel types from each vintage were distributed based on estimated activity shares, using fuel usage data and fuel economy inputs of transit buses from GREET 2023.",T17,,,,,,TRPHRQC001
QC,T_HDV_BT_BEV,2015.0,0.709589804388091,k units,"Vehicle class 2021 fleet stock was distributed across vintages up to 2020 based on bus registrations by age (ON Ministry of Transportation, 2023). Fuel types from each vintage were distributed based on estimated activity shares, using fuel usage data and fuel economy inputs of transit buses from GREET 2023.",T17,,,,,,TRPHRQC001
QC,T_HDV_BT_CNG,2010.0,0.0284886962639927,k units,"Vehicle class 2021 fleet stock was distributed across vintages up to 2020 based on bus registrations by age (ON Ministry of Transportation, 2023). Fuel types from each vintage were distributed based on estimated activity shares, using fuel usage data and fuel economy inputs of transit buses from GREET 2023.",T17,,,,,,TRPHRQC001
QC,T_HDV_BT_CNG,2015.0,0.0600626319866219,k units,"Vehicle class 2021 fleet stock was distributed across vintages up to 2020 based on bus registrations by age (ON Ministry of Transportation, 2023). Fuel types from each vintage were distributed based on estimated activity shares, using fuel usage data and fuel economy inputs of transit buses from GREET 2023.",T17,,,,,,TRPHRQC001
QC,T_HDV_BT_DSL,2005.0,0.210359971487148,k units,"Vehicle class 2021 fleet stock was distributed across vintages up to 2020 based on bus registrations by age (ON Ministry of Transportation, 2023). Fuel types from each vintage were distributed based on estimated activity shares, using fuel usage data and fuel economy inputs of transit buses from GREET 2023.",T17,,,,,,TRPHRQC001
QC,T_HDV_BT_DSL,2010.0,0.614987504599603,k units,"Vehicle class 2021 fleet stock was distributed across vintages up to 2020 based on bus registrations by age (ON Ministry of Transportation, 2023). Fuel types from each vintage were distributed based on estimated activity shares, using fuel usage data and fuel economy inputs of transit buses from GREET 2023.",T17,,,,,,TRPHRQC001
QC,T_HDV_BT_DSL,2015.0,0.683917142853388,k units,"Vehicle class 2021 fleet stock was distributed across vintages up to 2020 based on bus registrations by age (ON Ministry of Transportation, 2023). Fuel types from each vintage were distributed based on estimated activity shares, using fuel usage data and fuel economy inputs of transit buses from GREET 2023.",T17,,,,,,TRPHRQC001
QC,T_HDV_BT_GSL,2010.0,0.00240988387811079,k units,"Vehicle class 2021 fleet stock was distributed across vintages up to 2020 based on bus registrations by age (ON Ministry of Transportation, 2023). Fuel types from each vintage were distributed based on estimated activity shares, using fuel usage data and fuel economy inputs of transit buses from GREET 2023.",T17,,,,,,TRPHRQC001
QC,T_HDV_BT_GSL,2015.0,0.0104602790060651,k units,"Vehicle class 2021 fleet stock was distributed across vintages up to 2020 based on bus registrations by age (ON Ministry of Transportation, 2023). Fuel types from each vintage were distributed based on estimated activity shares, using fuel usage data and fuel economy inputs of transit buses from GREET 2023.",T17,,,,,,TRPHRQC001
QC,T_HDV_CHRG,2005.0,0.0208390404910789,PJ/year,Existing capacity of EV chargers estimated from energy consumption of BEV classes.,,,,,,,TRPHRQC001
QC,T_HDV_CHRG,2010.0,0.0776252334358491,PJ/year,Existing capacity of EV chargers estimated from energy consumption of BEV classes.,,,,,,,TRPHRQC001
QC,T_HDV_CHRG,2015.0,0.0983345265046685,PJ/year,Existing capacity of EV chargers estimated from energy consumption of BEV classes.,,,,,,,TRPHRQC001
QC,T_HDV_RF_DSL,2000.0,4.50275831413266,btkm,"As the provincial stock for this technology is unknown, activity units were used. Activity by vintage was estimated using a flow and stock analysis using an avg. annual fleet retirement factor using expected lifetime, meeting 2019 downscaled demand with 5% tolerance. Rails reportedly only consume diesel.",T17,,,,,,TRPHRQC001
QC,T_HDV_RF_DSL,2005.0,6.42251061097361,btkm,"As the provincial stock for this technology is unknown, activity units were used. Activity by vintage was estimated using a flow and stock analysis using an avg. annual fleet retirement factor using expected lifetime, meeting 2019 downscaled demand with 5% tolerance. Rails reportedly only consume diesel.",T17,,,,,,TRPHRQC001
QC,T_HDV_RF_DSL,2010.0,2.67678646999212,btkm,"As the provincial stock for this technology is unknown, activity units were used. Activity by vintage was estimated using a flow and stock analysis using an avg. annual fleet retirement factor using expected lifetime, meeting 2019 downscaled demand with 5% tolerance. Rails reportedly only consume diesel.",T17,,,,,,TRPHRQC001
QC,T_HDV_RF_DSL,2015.0,3.88819836259953,btkm,"As the provincial stock for this technology is unknown, activity units were used. Activity by vintage was estimated using a flow and stock analysis using an avg. annual fleet retirement factor using expected lifetime, meeting 2019 downscaled demand with 5% tolerance. Rails reportedly only consume diesel.",T17,,,,,,TRPHRQC001
QC,T_HDV_RICP_DSL,2000.0,0.0172366200345117,bpkm,"As the provincial stock for this technology is unknown, activity units were used. Activity by vintage was estimated using a flow and stock analysis using an avg. annual fleet retirement factor using expected lifetime, meeting 2019 downscaled demand with 5% tolerance. Rails reportedly only consume diesel.",T17,,,,,,TRPHRQC001
QC,T_HDV_RICP_DSL,2005.0,0.0247815750816863,bpkm,"As the provincial stock for this technology is unknown, activity units were used. Activity by vintage was estimated using a flow and stock analysis using an avg. annual fleet retirement factor using expected lifetime, meeting 2019 downscaled demand with 5% tolerance. Rails reportedly only consume diesel.",T17,,,,,,TRPHRQC001
QC,T_HDV_RICP_DSL,2010.0,0.00216163898936155,bpkm,"As the provincial stock for this technology is unknown, activity units were used. Activity by vintage was estimated using a flow and stock analysis using an avg. annual fleet retirement factor using expected lifetime, meeting 2019 downscaled demand with 5% tolerance. Rails reportedly only consume diesel.",T17,,,,,,TRPHRQC001
QC,T_HDV_RICP_DSL,2015.0,0.0186754279988218,bpkm,"As the provincial stock for this technology is unknown, activity units were used. Activity by vintage was estimated using a flow and stock analysis using an avg. annual fleet retirement factor using expected lifetime, meeting 2019 downscaled demand with 5% tolerance. Rails reportedly only consume diesel.",T17,,,,,,TRPHRQC001
QC,T_HDV_WTF_HFO,2000.0,15.6459528426896,btkm,"As the provincial stock for this technology is unknown, activity units were used. Activity by vintage was estimated using a flow and stock analysis using an avg. annual fleet retirement factor using expected lifetime, meeting 2019 downscaled demand with 5% tolerance. Activity was distributed across fuel types using estimated activity shares, based on provincial energy use and national energy intensity.",T17,,,,,,TRPHRQC001
QC,T_HDV_WTF_HFO,2005.0,19.0039689199232,btkm,"As the provincial stock for this technology is unknown, activity units were used. Activity by vintage was estimated using a flow and stock analysis using an avg. annual fleet retirement factor using expected lifetime, meeting 2019 downscaled demand with 5% tolerance. Activity was distributed across fuel types using estimated activity shares, based on provincial energy use and national energy intensity.",T17,,,,,,TRPHRQC001
QC,T_HDV_WTF_HFO,2010.0,3.68567662234006,btkm,"As the provincial stock for this technology is unknown, activity units were used. Activity by vintage was estimated using a flow and stock analysis using an avg. annual fleet retirement factor using expected lifetime, meeting 2019 downscaled demand with 5% tolerance. Activity was distributed across fuel types using estimated activity shares, based on provincial energy use and national energy intensity.",T17,,,,,,TRPHRQC001
QC,T_HDV_WTF_HFO,2015.0,14.9019223090198,btkm,"As the provincial stock for this technology is unknown, activity units were used. Activity by vintage was estimated using a flow and stock analysis using an avg. annual fleet retirement factor using expected lifetime, meeting 2019 downscaled demand with 5% tolerance. Activity was distributed across fuel types using estimated activity shares, based on provincial energy use and national energy intensity.",T17,,,,,,TRPHRQC001
QC,T_HDV_WTF_MDO,2000.0,3.95845080721866,btkm,"As the provincial stock for this technology is unknown, activity units were used. Activity by vintage was estimated using a flow and stock analysis using an avg. annual fleet retirement factor using expected lifetime, meeting 2019 downscaled demand with 5% tolerance. Activity was distributed across fuel types using estimated activity shares, based on provincial energy use and national energy intensity.",T17,,,,,,TRPHRQC001
QC,T_HDV_WTF_MDO,2005.0,2.52241275965207,btkm,"As the provincial stock for this technology is unknown, activity units were used. Activity by vintage was estimated using a flow and stock analysis using an avg. annual fleet retirement factor using expected lifetime, meeting 2019 downscaled demand with 5% tolerance. Activity was distributed across fuel types using estimated activity shares, based on provincial energy use and national energy intensity.",T17,,,,,,TRPHRQC001
QC,T_HDV_WTF_MDO,2010.0,10.5611571461961,btkm,"As the provincial stock for this technology is unknown, activity units were used. Activity by vintage was estimated using a flow and stock analysis using an avg. annual fleet retirement factor using expected lifetime, meeting 2019 downscaled demand with 5% tolerance. Activity was distributed across fuel types using estimated activity shares, based on provincial energy use and national energy intensity.",T17,,,,,,TRPHRQC001
QC,T_HDV_WTF_MDO,2015.0,7.55783577565386,btkm,"As the provincial stock for this technology is unknown, activity units were used. Activity by vintage was estimated using a flow and stock analysis using an avg. annual fleet retirement factor using expected lifetime, meeting 2019 downscaled demand with 5% tolerance. Activity was distributed across fuel types using estimated activity shares, based on provincial energy use and national energy intensity.",T17,,,,,,TRPHRQC001
QC,T_LDV_BEV_CHRG,2010.0,0.00284753007249145,PJ/year,Existing capacity of EV chargers estimated from energy consumption of BEV classes.,,,,,,,TRPHRQC001
QC,T_LDV_BEV_CHRG,2015.0,0.0320432006001644,PJ/year,Existing capacity of EV chargers estimated from energy consumption of BEV classes.,,,,,,,TRPHRQC001
QC,T_LDV_M_GSL,2000.0,12.6084818041759,k units,"Vehicle class 2021 fleet stock was distributed across vintages up to 2020 based on motorcycle registrations by age (ON Ministry of Transportation, 2023).",T17,,,,,,TRPHRQC001
QC,T_LDV_M_GSL,2005.0,73.0368694542608,k units,"Vehicle class 2021 fleet stock was distributed across vintages up to 2020 based on motorcycle registrations by age (ON Ministry of Transportation, 2023).",T17,,,,,,TRPHRQC001
QC,T_LDV_M_GSL,2010.0,54.1408319910043,k units,"Vehicle class 2021 fleet stock was distributed across vintages up to 2020 based on motorcycle registrations by age (ON Ministry of Transportation, 2023).",T17,,,,,,TRPHRQC001
QC,T_LDV_M_GSL,2015.0,56.3571884085108,k units,"Vehicle class 2021 fleet stock was distributed across vintages up to 2020 based on motorcycle registrations by age (ON Ministry of Transportation, 2023).",T17,,,,,,TRPHRQC001
QC,T_LDV_PHEV_CHRG,2010.0,0.00444644836992961,PJ/year,Existing capacity of EV chargers estimated from energy consumption of PHEV classes.,,,,,,,TRPHRQC001
QC,T_LDV_PHEV_CHRG,2015.0,0.0518976979609298,PJ/year,Existing capacity of EV chargers estimated from energy consumption of PHEV classes.,,,,,,,TRPHRQC001
SK,T_HDV_AJP_JFL,2000.0,0.00752318653679147,bpkm,"As the provincial stock for this technology is unknown, activity units were used. Activity by vintage was estimated using a flow and stock analysis using an avg. annual fleet retirement factor using expected lifetime, meeting 2019 downscaled demand with 5% tolerance. All estimated provincial fleet activity was assigned to jet fuel aircrafts as the reported national passenger activity excludes non-commercial demand, where most aviation gasoline is assumed to be used.",T17,,,,,,TRPHRSK001
SK,T_HDV_AJP_JFL,2005.0,0.0292061685690409,bpkm,"As the provincial stock for this technology is unknown, activity units were used. Activity by vintage was estimated using a flow and stock analysis using an avg. annual fleet retirement factor using expected lifetime, meeting 2019 downscaled demand with 5% tolerance. All estimated provincial fleet activity was assigned to jet fuel aircrafts as the reported national passenger activity excludes non-commercial demand, where most aviation gasoline is assumed to be used.",T17,,,,,,TRPHRSK001
SK,T_HDV_AJP_JFL,2010.0,0.0774574609270307,bpkm,"As the provincial stock for this technology is unknown, activity units were used. Activity by vintage was estimated using a flow and stock analysis using an avg. annual fleet retirement factor using expected lifetime, meeting 2019 downscaled demand with 5% tolerance. All estimated provincial fleet activity was assigned to jet fuel aircrafts as the reported national passenger activity excludes non-commercial demand, where most aviation gasoline is assumed to be used.",T17,,,,,,TRPHRSK001
SK,T_HDV_BIC_DSL,2005.0,0.0024703586759348,k units,"Vehicle class 2021 fleet stock was distributed across vintages up to 2020 based on bus registrations by age (ON Ministry of Transportation, 2023). Fuel types from each vintage were distributed based on estimated activity shares, using fuel usage data and fuel economy inputs of inter-city buses from GREET 2023.",T17,,,,,,TRPHRSK001
SK,T_HDV_BIC_DSL,2010.0,0.00797394692018284,k units,"Vehicle class 2021 fleet stock was distributed across vintages up to 2020 based on bus registrations by age (ON Ministry of Transportation, 2023). Fuel types from each vintage were distributed based on estimated activity shares, using fuel usage data and fuel economy inputs of inter-city buses from GREET 2023.",T17,,,,,,TRPHRSK001
SK,T_HDV_BIC_DSL,2015.0,0.00872535533245435,k units,"Vehicle class 2021 fleet stock was distributed across vintages up to 2020 based on bus registrations by age (ON Ministry of Transportation, 2023). Fuel types from each vintage were distributed based on estimated activity shares, using fuel usage data and fuel economy inputs of inter-city buses from GREET 2023.",T17,,,,,,TRPHRSK001
SK,T_HDV_BIC_GSL,2015.0,0.00173015164444847,k units,"Vehicle class 2021 fleet stock was distributed across vintages up to 2020 based on bus registrations by age (ON Ministry of Transportation, 2023). Fuel types from each vintage were distributed based on estimated activity shares, using fuel usage data and fuel economy inputs of inter-city buses from GREET 2023.",T17,,,,,,TRPHRSK001
SK,T_HDV_BS_CNG,2015.0,0.00293942768635738,k units,"Vehicle class 2021 fleet stock was distributed across vintages up to 2020 based on bus registrations by age (ON Ministry of Transportation, 2023). Fuel types from each vintage were distributed based on estimated activity shares, using fuel usage data and fuel economy inputs of school buses from GREET 2023.",T17,,,,,,TRPHRSK001
SK,T_HDV_BS_DSL,2005.0,0.0279470222941861,k units,"Vehicle class 2021 fleet stock was distributed across vintages up to 2020 based on bus registrations by age (ON Ministry of Transportation, 2023). Fuel types from each vintage were distributed based on estimated activity shares, using fuel usage data and fuel economy inputs of school buses from GREET 2023.",T17,,,,,,TRPHRSK001
SK,T_HDV_BS_DSL,2010.0,0.0892503341624533,k units,"Vehicle class 2021 fleet stock was distributed across vintages up to 2020 based on bus registrations by age (ON Ministry of Transportation, 2023). Fuel types from each vintage were distributed based on estimated activity shares, using fuel usage data and fuel economy inputs of school buses from GREET 2023.",T17,,,,,,TRPHRSK001
SK,T_HDV_BS_DSL,2015.0,0.101915697322288,k units,"Vehicle class 2021 fleet stock was distributed across vintages up to 2020 based on bus registrations by age (ON Ministry of Transportation, 2023). Fuel types from each vintage were distributed based on estimated activity shares, using fuel usage data and fuel economy inputs of school buses from GREET 2023.",T17,,,,,,TRPHRSK001
SK,T_HDV_BS_GSL,2010.0,0.0052118185339871,k units,"Vehicle class 2021 fleet stock was distributed across vintages up to 2020 based on bus registrations by age (ON Ministry of Transportation, 2023). Fuel types from each vintage were distributed based on estimated activity shares, using fuel usage data and fuel economy inputs of school buses from GREET 2023.",T17,,,,,,TRPHRSK001
SK,T_HDV_BS_GSL,2015.0,0.013917460902981,k units,"Vehicle class 2021 fleet stock was distributed across vintages up to 2020 based on bus registrations by age (ON Ministry of Transportation, 2023). Fuel types from each vintage were distributed based on estimated activity shares, using fuel usage data and fuel economy inputs of school buses from GREET 2023.",T17,,,,,,TRPHRSK001
SK,T_HDV_BT_DSL,2005.0,0.0135543645988419,k units,"Vehicle class 2021 fleet stock was distributed across vintages up to 2020 based on bus registrations by age (ON Ministry of Transportation, 2023). Fuel types from each vintage were distributed based on estimated activity shares, using fuel usage data and fuel economy inputs of transit buses from GREET 2023.",T17,,,,,,TRPHRSK001
SK,T_HDV_BT_DSL,2010.0,0.044452885978483,k units,"Vehicle class 2021 fleet stock was distributed across vintages up to 2020 based on bus registrations by age (ON Ministry of Transportation, 2023). Fuel types from each vintage were distributed based on estimated activity shares, using fuel usage data and fuel economy inputs of transit buses from GREET 2023.",T17,,,,,,TRPHRSK001
SK,T_HDV_BT_DSL,2015.0,0.0548804531907928,k units,"Vehicle class 2021 fleet stock was distributed across vintages up to 2020 based on bus registrations by age (ON Ministry of Transportation, 2023). Fuel types from each vintage were distributed based on estimated activity shares, using fuel usage data and fuel economy inputs of transit buses from GREET 2023.",T17,,,,,,TRPHRSK001
SK,T_HDV_BT_GSL,2015.0,0.00102267510220021,k units,"Vehicle class 2021 fleet stock was distributed across vintages up to 2020 based on bus registrations by age (ON Ministry of Transportation, 2023). Fuel types from each vintage were distributed based on estimated activity shares, using fuel usage data and fuel economy inputs of transit buses from GREET 2023.",T17,,,,,,TRPHRSK001
SK,T_HDV_RF_DSL,2000.0,11.3121579173741,btkm,"As the provincial stock for this technology is unknown, activity units were used. Activity by vintage was estimated using a flow and stock analysis using an avg. annual fleet retirement factor using expected lifetime, meeting 2019 downscaled demand with 5% tolerance. Rails reportedly only consume diesel.",T17,,,,,,TRPHRSK001
SK,T_HDV_RF_DSL,2005.0,25.0105285556494,btkm,"As the provincial stock for this technology is unknown, activity units were used. Activity by vintage was estimated using a flow and stock analysis using an avg. annual fleet retirement factor using expected lifetime, meeting 2019 downscaled demand with 5% tolerance. Rails reportedly only consume diesel.",T17,,,,,,TRPHRSK001
SK,T_HDV_RF_DSL,2010.0,19.5390808853975,btkm,"As the provincial stock for this technology is unknown, activity units were used. Activity by vintage was estimated using a flow and stock analysis using an avg. annual fleet retirement factor using expected lifetime, meeting 2019 downscaled demand with 5% tolerance. Rails reportedly only consume diesel.",T17,,,,,,TRPHRSK001
SK,T_HDV_RF_DSL,2015.0,35.8319965942641,btkm,"As the provincial stock for this technology is unknown, activity units were used. Activity by vintage was estimated using a flow and stock analysis using an avg. annual fleet retirement factor using expected lifetime, meeting 2019 downscaled demand with 5% tolerance. Rails reportedly only consume diesel.",T17,,,,,,TRPHRSK001
SK,T_HDV_RICP_DSL,2000.0,0.0475418816681443,bpkm,"As the provincial stock for this technology is unknown, activity units were used. Activity by vintage was estimated using a flow and stock analysis using an avg. annual fleet retirement factor using expected lifetime, meeting 2019 downscaled demand with 5% tolerance. Rails reportedly only consume diesel.",T17,,,,,,TRPHRSK001
SK,T_HDV_RICP_DSL,2005.0,0.104136252886873,bpkm,"As the provincial stock for this technology is unknown, activity units were used. Activity by vintage was estimated using a flow and stock analysis using an avg. annual fleet retirement factor using expected lifetime, meeting 2019 downscaled demand with 5% tolerance. Rails reportedly only consume diesel.",T17,,,,,,TRPHRSK001
SK,T_HDV_RICP_DSL,2010.0,0.054271768711998,bpkm,"As the provincial stock for this technology is unknown, activity units were used. Activity by vintage was estimated using a flow and stock analysis using an avg. annual fleet retirement factor using expected lifetime, meeting 2019 downscaled demand with 5% tolerance. Rails reportedly only consume diesel.",T17,,,,,,TRPHRSK001
SK,T_HDV_RICP_DSL,2015.0,0.157404558702813,bpkm,"As the provincial stock for this technology is unknown, activity units were used. Activity by vintage was estimated using a flow and stock analysis using an avg. annual fleet retirement factor using expected lifetime, meeting 2019 downscaled demand with 5% tolerance. Rails reportedly only consume diesel.",T17,,,,,,TRPHRSK001
SK,T_LDV_M_GSL,2000.0,0.611139769877775,k units,"Vehicle class 2021 fleet stock was distributed across vintages up to 2020 based on motorcycle registrations by age (ON Ministry of Transportation, 2023).",T17,,,,,,TRPHRSK001
SK,T_LDV_M_GSL,2005.0,3.54013562331403,k units,"Vehicle class 2021 fleet stock was distributed across vintages up to 2020 based on motorcycle registrations by age (ON Ministry of Transportation, 2023).",T17,,,,,,TRPHRSK001
SK,T_LDV_M_GSL,2010.0,2.62423471103515,k units,"Vehicle class 2021 fleet stock was distributed across vintages up to 2020 based on motorcycle registrations by age (ON Ministry of Transportation, 2023).",T17,,,,,,TRPHRSK001
SK,T_LDV_M_GSL,2015.0,2.73166267674895,k units,"Vehicle class 2021 fleet stock was distributed across vintages up to 2020 based on motorcycle registrations by age (ON Ministry of Transportation, 2023).",T17,,,,,,TRPHRSK001
SK,T_HDV_CHRG,2005.0,0.00506602410476992,PJ/year,Existing capacity of EV chargers estimated from energy consumption of BEV classes.,,,,,,,TRPHRSK001
SK,T_HDV_CHRG,2010.0,0.019182445050504,PJ/year,Existing capacity of EV chargers estimated from energy consumption of BEV classes.,,,,,,,TRPHRSK001
SK,T_HDV_CHRG,2015.0,0.027956970422945,PJ/year,Existing capacity of EV chargers estimated from energy consumption of BEV classes.,,,,,,,TRPHRSK001
SK,T_HDV_AJP_JFL,2015.0,0.0774574609270307,bpkm,"As the provincial stock for this technology is unknown, activity units were used. Activity by vintage was estimated using a flow and stock analysis using an avg. annual fleet retirement factor using expected lifetime, meeting 2019 downscaled demand with 5% tolerance. All estimated provincial fleet activity was assigned to jet fuel aircrafts as the reported national passenger activity excludes non-commercial demand, where most aviation gasoline is assumed to be used.",T17,,,,,,TRPHRSK001
SK,T_HDV_WTF_HFO,2000.0,2.131662058,btkm,"As the provincial stock for this technology is unknown, activity units were used. Activity by vintage was estimated using a flow and stock analysis using an avg. annual fleet retirement factor using expected lifetime, meeting 2019 downscaled demand with 5% tolerance. Activity was distributed across fuel types using estimated activity shares, based on provincial energy use and national energy intensity.",T17,,,,,,TRPHRSK001
SK,T_HDV_WTF_HFO,2005.0,8.653369733,btkm,"As the provincial stock for this technology is unknown, activity units were used. Activity by vintage was estimated using a flow and stock analysis using an avg. annual fleet retirement factor using expected lifetime, meeting 2019 downscaled demand with 5% tolerance. Activity was distributed across fuel types using estimated activity shares, based on provincial energy use and national energy intensity.",T17,,,,,,TRPHRSK001
SK,T_HDV_WTF_HFO,2010.0,22.398071163,btkm,"As the provincial stock for this technology is unknown, activity units were used. Activity by vintage was estimated using a flow and stock analysis using an avg. annual fleet retirement factor using expected lifetime, meeting 2019 downscaled demand with 5% tolerance. Activity was distributed across fuel types using estimated activity shares, based on provincial energy use and national energy intensity.",T17,,,,,,TRPHRSK001
SK,T_HDV_WTF_HFO,2015.0,8.161665736,btkm,"As the provincial stock for this technology is unknown, activity units were used. Activity by vintage was estimated using a flow and stock analysis using an avg. annual fleet retirement factor using expected lifetime, meeting 2019 downscaled demand with 5% tolerance. Activity was distributed across fuel types using estimated activity shares, based on provincial energy use and national energy intensity.",T17,,,,,,TRPHRSK001
SK,T_HDV_WTF_MDO,2000.0,1.702811321,btkm,"As the provincial stock for this technology is unknown, activity units were used. Activity by vintage was estimated using a flow and stock analysis using an avg. annual fleet retirement factor using expected lifetime, meeting 2019 downscaled demand with 5% tolerance. Activity was distributed across fuel types using estimated activity shares, based on provincial energy use and national energy intensity.",T17,,,,,,TRPHRSK001
SK,T_HDV_WTF_MDO,2005.0,1.779041743,btkm,"As the provincial stock for this technology is unknown, activity units were used. Activity by vintage was estimated using a flow and stock analysis using an avg. annual fleet retirement factor using expected lifetime, meeting 2019 downscaled demand with 5% tolerance. Activity was distributed across fuel types using estimated activity shares, based on provincial energy use and national energy intensity.",T17,,,,,,TRPHRSK001
SK,T_HDV_WTF_MDO,2010.0,2.876054141,btkm,"As the provincial stock for this technology is unknown, activity units were used. Activity by vintage was estimated using a flow and stock analysis using an avg. annual fleet retirement factor using expected lifetime, meeting 2019 downscaled demand with 5% tolerance. Activity was distributed across fuel types using estimated activity shares, based on provincial energy use and national energy intensity.",T17,,,,,,TRPHRSK001
SK,T_HDV_WTF_MDO,2015.0,1.26014774,btkm,"As the provincial stock for this technology is unknown, activity units were used. Activity by vintage was estimated using a flow and stock analysis using an avg. annual fleet retirement factor using expected lifetime, meeting 2019 downscaled demand with 5% tolerance. Activity was distributed across fuel types using estimated activity shares, based on provincial energy use and national energy intensity.",T17,,,,,,TRPHRSK001
AB,T_LDV_C_BEV150,2010.0,0.7032969179010291,k units,,,,,,,,TRPHRAB001
AB,T_LDV_C_BEV150,2015.0,4.0760212279313395,k units,,,,,,,,TRPHRAB001
AB,T_LDV_C_BEV150,2020.0,8.871550008507311,k units,,,,,,,,TRPHRAB001
AB,T_LDV_C_DSL,2005.0,9.15645,k units,,,,,,,,TRPHRAB001
AB,T_LDV_C_DSL,2010.0,8.584402280701134,k units,,,,,,,,TRPHRAB001
AB,T_LDV_C_DSL,2015.0,0.5008978803707042,k units,,,,,,,,TRPHRAB001
AB,T_LDV_C_DSL,2020.0,0.00022763577654793415,k units,,,,,,,,TRPHRAB001
AB,T_LDV_C_GSL,2005.0,296.05854999999997,k units,,,,,,,,TRPHRAB001
AB,T_LDV_C_GSL,2010.0,287.1522012036915,k units,,,,,,,,TRPHRAB001
AB,T_LDV_C_GSL,2015.0,199.63206014180565,k units,,,,,,,,TRPHRAB001
AB,T_LDV_C_GSL,2020.0,85.74672301508303,k units,,,,,,,,TRPHRAB001
AB,T_LDV_C_GSL_HEV,2010.0,6.510008608266086,k units,,,,,,,,TRPHRAB001
AB,T_LDV_C_GSL_HEV,2015.0,5.4224485193569265,k units,,,,,,,,TRPHRAB001
AB,T_LDV_C_GSL_HEV,2020.0,7.836124171907719,k units,,,,,,,,TRPHRAB001
AB,T_LDV_C_GSL_PHEV35,2010.0,0.5430909894402753,k units,,,,,,,,TRPHRAB001
AB,T_LDV_C_GSL_PHEV35,2015.0,2.762572230535364,k units,,,,,,,,TRPHRAB001
AB,T_LDV_C_GSL_PHEV35,2020.0,0.780375168725393,k units,,,,,,,,TRPHRAB001
AB,T_HDV_T_DSL,2000.0,6.908,k units,,,,,,,,TRPHRAB001
AB,T_HDV_T_DSL,2005.0,30.251,k units,,,,,,,,TRPHRAB001
AB,T_HDV_T_DSL,2010.0,35.371,k units,,,,,,,,TRPHRAB001
AB,T_HDV_T_DSL,2015.0,19.902,k units,,,,,,,,TRPHRAB001
AB,T_HDV_T_DSL,2020.0,19.081,k units,,,,,,,,TRPHRAB001
AB,T_LDV_LTF_DSL,2000.0,1.41088,k units,,,,,,,,TRPHRAB001
AB,T_LDV_LTF_DSL,2005.0,7.49916,k units,,,,,,,,TRPHRAB001
AB,T_LDV_LTF_DSL,2010.0,15.626267286508392,k units,,,,,,,,TRPHRAB001
AB,T_LDV_LTF_DSL,2015.0,21.89367144378259,k units,,,,,,,,TRPHRAB001
AB,T_LDV_LTF_DSL,2020.0,33.56049342785401,k units,,,,,,,,TRPHRAB001
AB,T_LDV_LTF_GSL,2000.0,33.508399999999995,k units,,,,,,,,TRPHRAB001
AB,T_LDV_LTF_GSL,2005.0,178.10505,k units,,,,,,,,TRPHRAB001
AB,T_LDV_LTF_GSL,2010.0,232.83252141704173,k units,,,,,,,,TRPHRAB001
AB,T_LDV_LTF_GSL,2015.0,225.12153062200966,k units,,,,,,,,TRPHRAB001
AB,T_LDV_LTF_GSL,2020.0,203.51694588615777,k units,,,,,,,,TRPHRAB001
AB,T_LDV_LTF_GSL_HEV,2010.0,0.04898634969048703,k units,,,,,,,,TRPHRAB001
AB,T_LDV_LTF_GSL_HEV,2015.0,0.002593072052616079,k units,,,,,,,,TRPHRAB001
AB,T_LDV_LTF_GSL_HEV,2020.0,11.389583739719928,k units,,,,,,,,TRPHRAB001
AB,T_LDV_LTF_GSL_PHEV35,2015.0,0.44120486215512983,k units,,,,,,,,TRPHRAB001
AB,T_LDV_LTF_GSL_PHEV35,2020.0,0.9008342450818823,k units,,,,,,,,TRPHRAB001
AB,T_LDV_LTP_BEV300,2010.0,0.026085660742827907,k units,,,,,,,,TRPHRAB001
AB,T_LDV_LTP_BEV300,2015.0,1.360667340766259,k units,,,,,,,,TRPHRAB001
AB,T_LDV_LTP_BEV300,2020.0,21.820136838280572,k units,,,,,,,,TRPHRAB001
AB,T_LDV_LTP_DSL,2000.0,2.18796,k units,,,,,,,,TRPHRAB001
AB,T_LDV_LTP_DSL,2005.0,11.67507,k units,,,,,,,,TRPHRAB001
AB,T_LDV_LTP_DSL,2010.0,21.555724964517328,k units,,,,,,,,TRPHRAB001
AB,T_LDV_LTP_DSL,2015.0,18.023915941592023,k units,,,,,,,,TRPHRAB001
AB,T_LDV_LTP_DSL,2020.0,20.770931187660004,k units,,,,,,,,TRPHRAB001
AB,T_LDV_LTP_GSL,2000.0,69.2854,k units,,,,,,,,TRPHRAB001
AB,T_LDV_LTP_GSL,2005.0,369.71055,k units,,,,,,,,TRPHRAB001
AB,T_LDV_LTP_GSL,2010.0,494.07643699461437,k units,,,,,,,,TRPHRAB001
AB,T_LDV_LTP_GSL,2015.0,486.80027446794134,k units,,,,,,,,TRPHRAB001
AB,T_LDV_LTP_GSL,2020.0,425.3238465553857,k units,,,,,,,,TRPHRAB001
AB,T_LDV_LTP_GSL_HEV,2010.0,1.2819059229807404,k units,,,,,,,,TRPHRAB001
AB,T_LDV_LTP_GSL_HEV,2015.0,5.551992704851103,k units,,,,,,,,TRPHRAB001
AB,T_LDV_LTP_GSL_HEV,2020.0,40.961845578129754,k units,,,,,,,,TRPHRAB001
AB,T_LDV_LTP_GSL_PHEV35,2010.0,0.027846457144750023,k units,,,,,,,,TRPHRAB001
AB,T_LDV_LTP_GSL_PHEV35,2015.0,1.3761495448492682,k units,,,,,,,,TRPHRAB001
AB,T_LDV_LTP_GSL_PHEV35,2020.0,7.979239840543894,k units,,,,,,,,TRPHRAB001
AB,T_MDV_T_DSL,2000.0,13.4544,k units,,,,,,,,TRPHRAB001
AB,T_MDV_T_DSL,2005.0,107.32319999999999,k units,,,,,,,,TRPHRAB001
AB,T_MDV_T_DSL,2010.0,126.2064,k units,,,,,,,,TRPHRAB001
AB,T_MDV_T_DSL,2015.0,108.56658518526537,k units,,,,,,,,TRPHRAB001
AB,T_MDV_T_DSL,2020.0,109.86381225897532,k units,,,,,,,,TRPHRAB001
AB,T_MDV_T_GSL,2000.0,8.9696,k units,,,,,,,,TRPHRAB001
AB,T_MDV_T_GSL,2005.0,71.5488,k units,,,,,,,,TRPHRAB001
AB,T_MDV_T_GSL,2010.0,84.1376,k units,,,,,,,,TRPHRAB001
AB,T_MDV_T_GSL,2015.0,66.51496548777433,k units,,,,,,,,TRPHRAB001
AB,T_MDV_T_GSL,2020.0,72.7764096065151,k units,,,,,,,,TRPHRAB001
BC,T_LDV_C_BEV150,2010.0,0.879860610908644,k units,,,,,,,,TRPHRBC001
BC,T_LDV_C_BEV150,2015.0,6.434230602641064,k units,,,,,,,,TRPHRBC001
BC,T_LDV_C_BEV150,2020.0,17.317271856073628,k units,,,,,,,,TRPHRBC001
BC,T_LDV_C_DSL,2005.0,10.315109999999999,k units,,,,,,,,TRPHRBC001
BC,T_LDV_C_DSL,2010.0,10.410553747607942,k units,,,,,,,,TRPHRBC001
BC,T_LDV_C_DSL,2015.0,0.747571329012275,k units,,,,,,,,TRPHRBC001
BC,T_LDV_C_DSL,2020.0,0.00042917575465913234,k units,,,,,,,,TRPHRBC001
BC,T_LDV_C_GSL,2005.0,333.52189,k units,,,,,,,,TRPHRBC001
BC,T_LDV_C_GSL,2010.0,349.8753792886161,k units,,,,,,,,TRPHRBC001
BC,T_LDV_C_GSL,2015.0,307.4456489629307,k units,,,,,,,,TRPHRBC001
BC,T_LDV_C_GSL,2020.0,166.48187717393424,k units,,,,,,,,TRPHRBC001
BC,T_LDV_C_GSL_HEV,2010.0,7.888115844554529,k units,,,,,,,,TRPHRBC001
BC,T_LDV_C_GSL_HEV,2015.0,8.539949785930649,k units,,,,,,,,TRPHRBC001
BC,T_LDV_C_GSL_HEV,2020.0,15.26329634858861,k units,,,,,,,,TRPHRBC001
BC,T_LDV_C_GSL_PHEV35,2010.0,0.669090508312775,k units,,,,,,,,TRPHRBC001
BC,T_LDV_C_GSL_PHEV35,2015.0,4.190599319485297,k units,,,,,,,,TRPHRBC001
BC,T_LDV_C_GSL_PHEV35,2020.0,1.5151254456488676,k units,,,,,,,,TRPHRBC001
BC,T_HDV_T_DSL,2000.0,3.344,k units,,,,,,,,TRPHRBC001
BC,T_HDV_T_DSL,2005.0,13.25,k units,,,,,,,,TRPHRBC001
BC,T_HDV_T_DSL,2010.0,15.195,k units,,,,,,,,TRPHRBC001
BC,T_HDV_T_DSL,2015.0,17.196,k units,,,,,,,,TRPHRBC001
BC,T_HDV_T_DSL,2020.0,17.233999999999998,k units,,,,,,,,TRPHRBC001
BC,T_LDV_LTF_DSL,2000.0,0.85032,k units,,,,,,,,TRPHRBC001
BC,T_LDV_LTF_DSL,2005.0,4.51448,k units,,,,,,,,TRPHRBC001
BC,T_LDV_LTF_DSL,2010.0,8.195050135608152,k units,,,,,,,,TRPHRBC001
BC,T_LDV_LTF_DSL,2015.0,15.909056013465728,k units,,,,,,,,TRPHRBC001
BC,T_LDV_LTF_DSL,2020.0,27.359014658742538,k units,,,,,,,,TRPHRBC001
BC,T_LDV_LTF_GSL,2000.0,20.195099999999996,k units,,,,,,,,TRPHRBC001
BC,T_LDV_LTF_GSL,2005.0,107.21889999999999,k units,,,,,,,,TRPHRBC001
BC,T_LDV_LTF_GSL,2010.0,120.95623244971911,k units,,,,,,,,TRPHRBC001
BC,T_LDV_LTF_GSL,2015.0,163.48827037031995,k units,,,,,,,,TRPHRBC001
BC,T_LDV_LTF_GSL,2020.0,166.12072218078518,k units,,,,,,,,TRPHRBC001
BC,T_LDV_LTF_GSL_HEV,2010.0,0.024989547045570343,k units,,,,,,,,TRPHRBC001
BC,T_LDV_LTF_GSL_HEV,2015.0,0.00198058800431923,k units,,,,,,,,TRPHRBC001
BC,T_LDV_LTF_GSL_HEV,2020.0,9.305024946309466,k units,,,,,,,,TRPHRBC001
BC,T_LDV_LTF_GSL_PHEV35,2015.0,0.317693028210009,k units,,,,,,,,TRPHRBC001
BC,T_LDV_LTF_GSL_PHEV35,2020.0,0.7319837274559241,k units,,,,,,,,TRPHRBC001
BC,T_LDV_LTP_BEV300,2010.0,0.01781334794075149,k units,,,,,,,,TRPHRBC001
BC,T_LDV_LTP_BEV300,2015.0,1.2631730551015212,k units,,,,,,,,TRPHRBC001
BC,T_LDV_LTP_BEV300,2020.0,22.42021569405502,k units,,,,,,,,TRPHRBC001
BC,T_LDV_LTP_DSL,2000.0,1.65255,k units,,,,,,,,TRPHRBC001
BC,T_LDV_LTP_DSL,2005.0,8.777579999999999,k units,,,,,,,,TRPHRBC001
BC,T_LDV_LTP_DSL,2010.0,14.002737519951665,k units,,,,,,,,TRPHRBC001
BC,T_LDV_LTP_DSL,2015.0,16.37188528462186,k units,,,,,,,,TRPHRBC001
BC,T_LDV_LTP_DSL,2020.0,21.43874699952069,k units,,,,,,,,TRPHRBC001
BC,T_LDV_LTP_GSL,2000.0,52.33075,k units,,,,,,,,TRPHRBC001
BC,T_LDV_LTP_GSL,2005.0,277.95669999999996,k units,,,,,,,,TRPHRBC001
BC,T_LDV_LTP_GSL,2010.0,319.6412689938667,k units,,,,,,,,TRPHRBC001
BC,T_LDV_LTP_GSL,2015.0,442.3414392608906,k units,,,,,,,,TRPHRBC001
BC,T_LDV_LTP_GSL,2020.0,439.60895115133724,k units,,,,,,,,TRPHRBC001
BC,T_LDV_LTP_GSL_HEV,2010.0,0.8253461079706543,k units,,,,,,,,TRPHRBC001
BC,T_LDV_LTP_GSL_HEV,2015.0,5.116522481522644,k units,,,,,,,,TRPHRBC001
BC,T_LDV_LTP_GSL_HEV,2020.0,42.19080032619003,k units,,,,,,,,TRPHRBC001
BC,T_LDV_LTP_GSL_PHEV35,2010.0,0.019834030270259886,k units,,,,,,,,TRPHRBC001
BC,T_LDV_LTP_GSL_PHEV35,2015.0,1.2429799178633925,k units,,,,,,,,TRPHRBC001
BC,T_LDV_LTP_GSL_PHEV35,2020.0,8.208285828897031,k units,,,,,,,,TRPHRBC001
BC,T_MDV_T_DSL,2000.0,7.0668,k units,,,,,,,,TRPHRBC001
BC,T_MDV_T_DSL,2005.0,61.254599999999996,k units,,,,,,,,TRPHRBC001
BC,T_MDV_T_DSL,2010.0,62.2116,k units,,,,,,,,TRPHRBC001
BC,T_MDV_T_DSL,2015.0,80.05017274563652,k units,,,,,,,,TRPHRBC001
BC,T_MDV_T_DSL,2020.0,75.2034698590494,k units,,,,,,,,TRPHRBC001
BC,T_MDV_T_GSL,2000.0,4.711200000000001,k units,,,,,,,,TRPHRBC001
BC,T_MDV_T_GSL,2005.0,40.8364,k units,,,,,,,,TRPHRBC001
BC,T_MDV_T_GSL,2010.0,41.4744,k units,,,,,,,,TRPHRBC001
BC,T_MDV_T_GSL,2015.0,49.07981514832806,k units,,,,,,,,TRPHRBC001
BC,T_MDV_T_GSL,2020.0,49.797539293046825,k units,,,,,,,,TRPHRBC001
MB,T_LDV_C_BEV150,2010.0,0.2013934752642212,k units,,,,,,,,TRPHRMB001
MB,T_LDV_C_BEV150,2015.0,1.2120797011245013,k units,,,,,,,,TRPHRMB001
MB,T_LDV_C_BEV150,2020.0,2.6614913878112976,k units,,,,,,,,TRPHRMB001
MB,T_LDV_C_DSL,2005.0,2.32755,k units,,,,,,,,TRPHRMB001
MB,T_LDV_C_DSL,2010.0,2.420562274998513,k units,,,,,,,,TRPHRMB001
MB,T_LDV_C_DSL,2015.0,0.1433557197795012,k units,,,,,,,,TRPHRMB001
MB,T_LDV_C_DSL,2020.0,7.35681075500842e-05,k units,,,,,,,,TRPHRMB001
MB,T_LDV_C_GSL,2005.0,75.25745,k units,,,,,,,,TRPHRMB001
MB,T_LDV_C_GSL,2010.0,81.26462188372757,k units,,,,,,,,TRPHRMB001
MB,T_LDV_C_GSL,2015.0,58.13227654297857,k units,,,,,,,,TRPHRMB001
MB,T_LDV_C_GSL,2020.0,26.011625183576815,k units,,,,,,,,TRPHRMB001
MB,T_LDV_C_GSL_HEV,2010.0,1.8379848283032922,k units,,,,,,,,TRPHRMB001
MB,T_LDV_C_GSL_HEV,2015.0,1.5995581517516424,k units,,,,,,,,TRPHRMB001
MB,T_LDV_C_GSL_HEV,2020.0,2.354136034631059,k units,,,,,,,,TRPHRMB001
MB,T_LDV_C_GSL_PHEV35,2010.0,0.15443753770640947,k units,,,,,,,,TRPHRMB001
MB,T_LDV_C_GSL_PHEV35,2015.0,0.7997298843657855,k units,,,,,,,,TRPHRMB001
MB,T_LDV_C_GSL_PHEV35,2020.0,0.2366738258732773,k units,,,,,,,,TRPHRMB001
MB,T_HDV_T_DSL,2000.0,1.681,k units,,,,,,,,TRPHRMB001
MB,T_HDV_T_DSL,2005.0,6.423,k units,,,,,,,,TRPHRMB001
MB,T_HDV_T_DSL,2010.0,7.85,k units,,,,,,,,TRPHRMB001
MB,T_HDV_T_DSL,2015.0,7.058,k units,,,,,,,,TRPHRMB001
MB,T_HDV_T_DSL,2020.0,7.619,k units,,,,,,,,TRPHRMB001
MB,T_LDV_LTF_DSL,2000.0,0.19460000000000002,k units,,,,,,,,TRPHRMB001
MB,T_LDV_LTF_DSL,2005.0,1.04808,k units,,,,,,,,TRPHRMB001
MB,T_LDV_LTF_DSL,2010.0,2.2509171638184595,k units,,,,,,,,TRPHRMB001
MB,T_LDV_LTF_DSL,2015.0,3.672692906347124,k units,,,,,,,,TRPHRMB001
MB,T_LDV_LTF_DSL,2020.0,5.557385214119136,k units,,,,,,,,TRPHRMB001
MB,T_LDV_LTF_GSL,2000.0,4.62175,k units,,,,,,,,TRPHRMB001
MB,T_LDV_LTF_GSL,2005.0,24.8919,k units,,,,,,,,TRPHRMB001
MB,T_LDV_LTF_GSL,2010.0,33.159097932800236,k units,,,,,,,,TRPHRMB001
MB,T_LDV_LTF_GSL,2015.0,37.7148334382818,k units,,,,,,,,TRPHRMB001
MB,T_LDV_LTF_GSL,2020.0,33.7362555574413,k units,,,,,,,,TRPHRMB001
MB,T_LDV_LTF_GSL_HEV,2010.0,0.006718777530029161,k units,,,,,,,,TRPHRMB001
MB,T_LDV_LTF_GSL_HEV,2015.0,0.0004589795818199666,k units,,,,,,,,TRPHRMB001
MB,T_LDV_LTF_GSL_HEV,2020.0,1.8941793130896412,k units,,,,,,,,TRPHRMB001
MB,T_LDV_LTF_GSL_PHEV35,2015.0,0.07201467578925244,k units,,,,,,,,TRPHRMB001
MB,T_LDV_LTF_GSL_PHEV35,2020.0,0.1480548186890213,k units,,,,,,,,TRPHRMB001
MB,T_LDV_LTP_BEV300,2010.0,0.006630779799883878,k units,,,,,,,,TRPHRMB001
MB,T_LDV_LTP_BEV300,2015.0,0.3970867878594578,k units,,,,,,,,TRPHRMB001
MB,T_LDV_LTP_BEV300,2020.0,6.12319510502074,k units,,,,,,,,TRPHRMB001
MB,T_LDV_LTP_DSL,2000.0,0.50856,k units,,,,,,,,TRPHRMB001
MB,T_LDV_LTP_DSL,2005.0,2.74587,k units,,,,,,,,TRPHRMB001
MB,T_LDV_LTP_DSL,2010.0,5.250167037287969,k units,,,,,,,,TRPHRMB001
MB,T_LDV_LTP_DSL,2015.0,5.165794904604509,k units,,,,,,,,TRPHRMB001
MB,T_LDV_LTP_DSL,2020.0,5.898296129830451,k units,,,,,,,,TRPHRMB001
MB,T_LDV_LTP_GSL,2000.0,16.104400000000002,k units,,,,,,,,TRPHRMB001
MB,T_LDV_LTP_GSL,2005.0,86.95255,k units,,,,,,,,TRPHRMB001
MB,T_LDV_LTP_GSL,2010.0,119.46181237339405,k units,,,,,,,,TRPHRMB001
MB,T_LDV_LTP_GSL,2015.0,139.28838404454402,k units,,,,,,,,TRPHRMB001
MB,T_LDV_LTP_GSL,2020.0,120.97195161765353,k units,,,,,,,,TRPHRMB001
MB,T_LDV_LTP_GSL_HEV,2010.0,0.30798095518354096,k units,,,,,,,,TRPHRMB001
MB,T_LDV_LTP_GSL_HEV,2015.0,1.609365813997698,k units,,,,,,,,TRPHRMB001
MB,T_LDV_LTP_GSL_HEV,2020.0,11.528765625327406,k units,,,,,,,,TRPHRMB001
MB,T_LDV_LTP_GSL_PHEV35,2010.0,0.007408854334551416,k units,,,,,,,,TRPHRMB001
MB,T_LDV_LTP_GSL_PHEV35,2015.0,0.3883684489943076,k units,,,,,,,,TRPHRMB001
MB,T_LDV_LTP_GSL_PHEV35,2020.0,2.237791522167867,k units,,,,,,,,TRPHRMB001
MB,T_MDV_T_DSL,2000.0,1.0272,k units,,,,,,,,TRPHRMB001
MB,T_MDV_T_DSL,2005.0,8.6532,k units,,,,,,,,TRPHRMB001
MB,T_MDV_T_DSL,2010.0,11.2638,k units,,,,,,,,TRPHRMB001
MB,T_MDV_T_DSL,2015.0,12.22249382141912,k units,,,,,,,,TRPHRMB001
MB,T_MDV_T_DSL,2020.0,12.221326297362458,k units,,,,,,,,TRPHRMB001
MB,T_MDV_T_GSL,2000.0,0.6848000000000001,k units,,,,,,,,TRPHRMB001
MB,T_MDV_T_GSL,2005.0,5.768800000000001,k units,,,,,,,,TRPHRMB001
MB,T_MDV_T_GSL,2010.0,7.5092,k units,,,,,,,,TRPHRMB001
MB,T_MDV_T_GSL,2015.0,7.49889986254113,k units,,,,,,,,TRPHRMB001
MB,T_MDV_T_GSL,2020.0,8.098552063744306,k units,,,,,,,,TRPHRMB001
NB,T_LDV_C_BEV150,2010.0,0.20889194108510048,k units,,,,,,,,TRPHRNB001
NB,T_LDV_C_BEV150,2015.0,1.106324533143408,k units,,,,,,,,TRPHRNB001
NB,T_LDV_C_BEV150,2020.0,2.4078108571157566,k units,,,,,,,,TRPHRNB001
NB,T_LDV_C_DSL,2005.0,2.30133,k units,,,,,,,,TRPHRNB001
NB,T_LDV_C_DSL,2010.0,2.5535440496913315,k units,,,,,,,,TRPHRNB001
NB,T_LDV_C_DSL,2015.0,0.1383952968174162,k units,,,,,,,,TRPHRNB001
NB,T_LDV_C_DSL,2020.0,6.663665365240272e-05,k units,,,,,,,,TRPHRNB001
NB,T_LDV_C_GSL,2005.0,74.40967,k units,,,,,,,,TRPHRNB001
NB,T_LDV_C_GSL,2010.0,85.51646302579275,k units,,,,,,,,TRPHRNB001
NB,T_LDV_C_GSL,2015.0,54.91731659119566,k units,,,,,,,,TRPHRNB001
NB,T_LDV_C_GSL,2020.0,23.46951571258189,k units,,,,,,,,TRPHRNB001
NB,T_LDV_C_GSL_HEV,2010.0,1.9355112303424098,k units,,,,,,,,TRPHRNB001
NB,T_LDV_C_GSL_HEV,2015.0,1.4895260664555494,k units,,,,,,,,TRPHRNB001
NB,T_LDV_C_GSL_HEV,2020.0,2.107234282354597,k units,,,,,,,,TRPHRNB001
NB,T_LDV_C_GSL_PHEV35,2010.0,0.16158975308840398,k units,,,,,,,,TRPHRNB001
NB,T_LDV_C_GSL_PHEV35,2015.0,0.7494375123879691,k units,,,,,,,,TRPHRNB001
NB,T_LDV_C_GSL_PHEV35,2020.0,0.21337251129410073,k units,,,,,,,,TRPHRNB001
NB,T_HDV_T_DSL,2000.0,1.127,k units,,,,,,,,TRPHRNB001
NB,T_HDV_T_DSL,2005.0,4.307,k units,,,,,,,,TRPHRNB001
NB,T_HDV_T_DSL,2010.0,4.754,k units,,,,,,,,TRPHRNB001
NB,T_HDV_T_DSL,2015.0,4.116,k units,,,,,,,,TRPHRNB001
NB,T_HDV_T_DSL,2020.0,4.071,k units,,,,,,,,TRPHRNB001
NB,T_LDV_LTF_DSL,2000.0,0.12272000000000001,k units,,,,,,,,TRPHRNB001
NB,T_LDV_LTF_DSL,2005.0,0.7087600000000001,k units,,,,,,,,TRPHRNB001
NB,T_LDV_LTF_DSL,2010.0,1.4986638278319555,k units,,,,,,,,TRPHRNB001
NB,T_LDV_LTF_DSL,2015.0,2.6443356262280555,k units,,,,,,,,TRPHRNB001
NB,T_LDV_LTF_DSL,2020.0,4.164866066921548,k units,,,,,,,,TRPHRNB001
NB,T_LDV_LTF_GSL,2000.0,2.9146,k units,,,,,,,,TRPHRNB001
NB,T_LDV_LTF_GSL,2005.0,16.83305,k units,,,,,,,,TRPHRNB001
NB,T_LDV_LTF_GSL,2010.0,22.16866733095926,k units,,,,,,,,TRPHRNB001
NB,T_LDV_LTF_GSL,2015.0,27.144240997344056,k units,,,,,,,,TRPHRNB001
NB,T_LDV_LTF_GSL,2020.0,25.271200368060438,k units,,,,,,,,TRPHRNB001
NB,T_LDV_LTF_GSL_HEV,2010.0,0.004758582580508394,k units,,,,,,,,TRPHRNB001
NB,T_LDV_LTF_GSL_HEV,2015.0,0.0003281756159811524,k units,,,,,,,,TRPHRNB001
NB,T_LDV_LTF_GSL_HEV,2020.0,1.4189209513288086,k units,,,,,,,,TRPHRNB001
NB,T_LDV_LTF_GSL_PHEV35,2015.0,0.051095200811907146,k units,,,,,,,,TRPHRNB001
NB,T_LDV_LTF_GSL_PHEV35,2020.0,0.11101692786794112,k units,,,,,,,,TRPHRNB001
NB,T_LDV_LTP_BEV300,2010.0,0.004521024055369524,k units,,,,,,,,TRPHRNB001
NB,T_LDV_LTP_BEV300,2015.0,0.28776883399267705,k units,,,,,,,,TRPHRNB001
NB,T_LDV_LTP_BEV300,2020.0,4.660880236890525,k units,,,,,,,,TRPHRNB001
NB,T_LDV_LTP_DSL,2000.0,0.3225,k units,,,,,,,,TRPHRNB001
NB,T_LDV_LTP_DSL,2005.0,1.8715799999999998,k units,,,,,,,,TRPHRNB001
NB,T_LDV_LTP_DSL,2010.0,3.493464631985924,k units,,,,,,,,TRPHRNB001
NB,T_LDV_LTP_DSL,2015.0,3.746305310949046,k units,,,,,,,,TRPHRNB001
NB,T_LDV_LTP_DSL,2020.0,4.483625256996987,k units,,,,,,,,TRPHRNB001
NB,T_LDV_LTP_GSL,2000.0,10.2125,k units,,,,,,,,TRPHRNB001
NB,T_LDV_LTP_GSL,2005.0,59.2667,k units,,,,,,,,TRPHRNB001
NB,T_LDV_LTP_GSL,2010.0,80.15727052133121,k units,,,,,,,,TRPHRNB001
NB,T_LDV_LTP_GSL,2015.0,101.0035381544966,k units,,,,,,,,TRPHRNB001
NB,T_LDV_LTP_GSL,2020.0,91.90120118245326,k units,,,,,,,,TRPHRNB001
NB,T_LDV_LTP_GSL_HEV,2010.0,0.20776136841675533,k units,,,,,,,,TRPHRNB001
NB,T_LDV_LTP_GSL_HEV,2015.0,1.1693660939781074,k units,,,,,,,,TRPHRNB001
NB,T_LDV_LTP_GSL_HEV,2020.0,8.766137324621592,k units,,,,,,,,TRPHRNB001
NB,T_LDV_LTP_GSL_PHEV35,2010.0,0.0049824542107404154,k units,,,,,,,,TRPHRNB001
NB,T_LDV_LTP_GSL_PHEV35,2015.0,0.2810216065835762,k units,,,,,,,,TRPHRNB001
NB,T_LDV_LTP_GSL_PHEV35,2020.0,1.70215599903762,k units,,,,,,,,TRPHRNB001
NB,T_MDV_T_DSL,2000.0,0.6282,k units,,,,,,,,TRPHRNB001
NB,T_MDV_T_DSL,2005.0,4.4406,k units,,,,,,,,TRPHRNB001
NB,T_MDV_T_DSL,2010.0,5.2476,k units,,,,,,,,TRPHRNB001
NB,T_MDV_T_DSL,2015.0,6.954065498186413,k units,,,,,,,,TRPHRNB001
NB,T_MDV_T_DSL,2020.0,7.866900021543015,k units,,,,,,,,TRPHRNB001
NB,T_MDV_T_GSL,2000.0,0.4188,k units,,,,,,,,TRPHRNB001
NB,T_MDV_T_GSL,2005.0,2.9604,k units,,,,,,,,TRPHRNB001
NB,T_MDV_T_GSL,2010.0,3.4984,k units,,,,,,,,TRPHRNB001
NB,T_MDV_T_GSL,2015.0,4.273585430463429,k units,,,,,,,,TRPHRNB001
NB,T_MDV_T_GSL,2020.0,5.212107041517365,k units,,,,,,,,TRPHRNB001
NLLAB,T_LDV_C_BEV150,2010.0,0.15923307765575972,k units,,,,,,,,TRPHRNLLAB001
NLLAB,T_LDV_C_BEV150,2015.0,0.8160910188641766,k units,,,,,,,,TRPHRNLLAB001
NLLAB,T_LDV_C_BEV150,2020.0,1.8468694352777413,k units,,,,,,,,TRPHRNLLAB001
NLLAB,T_LDV_C_DSL,2005.0,1.84638,k units,,,,,,,,TRPHRNLLAB001
NLLAB,T_LDV_C_DSL,2010.0,1.9975888486361377,k units,,,,,,,,TRPHRNLLAB001
NLLAB,T_LDV_C_DSL,2015.0,0.09892537452689457,k units,,,,,,,,TRPHRNLLAB001
NLLAB,T_LDV_C_DSL,2020.0,4.8799608795883035e-05,k units,,,,,,,,TRPHRNLLAB001
NLLAB,T_LDV_C_GSL,2005.0,59.699619999999996,k units,,,,,,,,TRPHRNLLAB001
NLLAB,T_LDV_C_GSL,2010.0,66.96208084822652,k units,,,,,,,,TRPHRNLLAB001
NLLAB,T_LDV_C_GSL,2015.0,39.81968679269192,k units,,,,,,,,TRPHRNLLAB001
NLLAB,T_LDV_C_GSL,2020.0,17.85940130379442,k units,,,,,,,,TRPHRNLLAB001
NLLAB,T_LDV_C_GSL_HEV,2010.0,1.515011016770975,k units,,,,,,,,TRPHRNLLAB001
NLLAB,T_LDV_C_GSL_HEV,2015.0,1.091104513122014,k units,,,,,,,,TRPHRNLLAB001
NLLAB,T_LDV_C_GSL_HEV,2020.0,1.6093307423189789,k units,,,,,,,,TRPHRNLLAB001
NLLAB,T_LDV_C_GSL_PHEV35,2010.0,0.1250862087106026,k units,,,,,,,,TRPHRNLLAB001
NLLAB,T_LDV_C_GSL_PHEV35,2015.0,0.5431923007949928,k units,,,,,,,,TRPHRNLLAB001
NLLAB,T_LDV_C_GSL_PHEV35,2020.0,0.16234971900005965,k units,,,,,,,,TRPHRNLLAB001
NLLAB,T_HDV_T_DSL,2000.0,0.17,k units,,,,,,,,TRPHRNLLAB001
NLLAB,T_HDV_T_DSL,2005.0,1.206,k units,,,,,,,,TRPHRNLLAB001
NLLAB,T_HDV_T_DSL,2010.0,1.496,k units,,,,,,,,TRPHRNLLAB001
NLLAB,T_HDV_T_DSL,2015.0,1.3479999999999999,k units,,,,,,,,TRPHRNLLAB001
NLLAB,T_HDV_T_DSL,2020.0,1.1300000000000001,k units,,,,,,,,TRPHRNLLAB001
NLLAB,T_LDV_LTF_DSL,2000.0,0.09284,k units,,,,,,,,TRPHRNLLAB001
NLLAB,T_LDV_LTF_DSL,2005.0,0.6075200000000001,k units,,,,,,,,TRPHRNLLAB001
NLLAB,T_LDV_LTF_DSL,2010.0,1.4289671832333468,k units,,,,,,,,TRPHRNLLAB001
NLLAB,T_LDV_LTF_DSL,2015.0,2.247694217690801,k units,,,,,,,,TRPHRNLLAB001
NLLAB,T_LDV_LTF_DSL,2020.0,3.349485127419297,k units,,,,,,,,TRPHRNLLAB001
NLLAB,T_LDV_LTF_GSL,2000.0,2.20495,k units,,,,,,,,TRPHRNLLAB001
NLLAB,T_LDV_LTF_GSL,2005.0,14.4286,k units,,,,,,,,TRPHRNLLAB001
NLLAB,T_LDV_LTF_GSL,2010.0,21.25961175894394,k units,,,,,,,,TRPHRNLLAB001
NLLAB,T_LDV_LTF_GSL,2015.0,23.071062783117604,k units,,,,,,,,TRPHRNLLAB001
NLLAB,T_LDV_LTF_GSL,2020.0,20.363433199246607,k units,,,,,,,,TRPHRNLLAB001
NLLAB,T_LDV_LTF_GSL_HEV,2010.0,0.004555647160763513,k units,,,,,,,,TRPHRNLLAB001
NLLAB,T_LDV_LTF_GSL_HEV,2015.0,0.0002825292038873074,k units,,,,,,,,TRPHRNLLAB001
NLLAB,T_LDV_LTF_GSL_HEV,2020.0,1.1430763931852346,k units,,,,,,,,TRPHRNLLAB001
NLLAB,T_LDV_LTF_GSL_PHEV35,2015.0,0.04296046998770909,k units,,,,,,,,TRPHRNLLAB001
NLLAB,T_LDV_LTF_GSL_PHEV35,2020.0,0.08910728052072037,k units,,,,,,,,TRPHRNLLAB001
NLLAB,T_LDV_LTP_BEV300,2010.0,0.004264719315178772,k units,,,,,,,,TRPHRNLLAB001
NLLAB,T_LDV_LTP_BEV300,2015.0,0.2483739649829245,k units,,,,,,,,TRPHRNLLAB001
NLLAB,T_LDV_LTP_BEV300,2020.0,3.770591682649455,k units,,,,,,,,TRPHRNLLAB001
NLLAB,T_LDV_LTP_DSL,2000.0,0.24644999999999997,k units,,,,,,,,TRPHRNLLAB001
NLLAB,T_LDV_LTP_DSL,2005.0,1.62507,k units,,,,,,,,TRPHRNLLAB001
NLLAB,T_LDV_LTP_DSL,2010.0,3.4037030368856263,k units,,,,,,,,TRPHRNLLAB001
NLLAB,T_LDV_LTP_DSL,2015.0,3.2250059552295887,k units,,,,,,,,TRPHRNLLAB001
NLLAB,T_LDV_LTP_DSL,2020.0,3.6378879155773287,k units,,,,,,,,TRPHRNLLAB001
NLLAB,T_LDV_LTP_GSL,2000.0,7.80425,k units,,,,,,,,TRPHRNLLAB001
NLLAB,T_LDV_LTP_GSL,2005.0,51.46055,k units,,,,,,,,TRPHRNLLAB001
NLLAB,T_LDV_LTP_GSL,2010.0,78.19162302705266,k units,,,,,,,,TRPHRNLLAB001
NLLAB,T_LDV_LTP_GSL,2015.0,86.93610275880037,k units,,,,,,,,TRPHRNLLAB001
NLLAB,T_LDV_LTP_GSL,2020.0,74.721257204495,k units,,,,,,,,TRPHRNLLAB001
NLLAB,T_LDV_LTP_GSL_HEV,2010.0,0.20278415675759975,k units,,,,,,,,TRPHRNLLAB001
NLLAB,T_LDV_LTP_GSL_HEV,2015.0,1.0081946728161375,k units,,,,,,,,TRPHRNLLAB001
NLLAB,T_LDV_LTP_GSL_HEV,2020.0,7.11722545299297,k units,,,,,,,,TRPHRNLLAB001
NLLAB,T_LDV_LTP_GSL_PHEV35,2010.0,0.004625059988935303,k units,,,,,,,,TRPHRNLLAB001
NLLAB,T_LDV_LTP_GSL_PHEV35,2015.0,0.24032264817097193,k units,,,,,,,,TRPHRNLLAB001
NLLAB,T_LDV_LTP_GSL_PHEV35,2020.0,1.3810377442852433,k units,,,,,,,,TRPHRNLLAB001
NLLAB,T_MDV_T_DSL,2000.0,0.34319999999999995,k units,,,,,,,,TRPHRNLLAB001
NLLAB,T_MDV_T_DSL,2005.0,2.8217999999999996,k units,,,,,,,,TRPHRNLLAB001
NLLAB,T_MDV_T_DSL,2010.0,4.6602,k units,,,,,,,,TRPHRNLLAB001
NLLAB,T_MDV_T_DSL,2015.0,5.339931374974159,k units,,,,,,,,TRPHRNLLAB001
NLLAB,T_MDV_T_DSL,2020.0,5.622813908233289,k units,,,,,,,,TRPHRNLLAB001
NLLAB,T_MDV_T_GSL,2000.0,0.2288,k units,,,,,,,,TRPHRNLLAB001
NLLAB,T_MDV_T_GSL,2005.0,1.8812,k units,,,,,,,,TRPHRNLLAB001
NLLAB,T_MDV_T_GSL,2010.0,3.1068000000000002,k units,,,,,,,,TRPHRNLLAB001
NLLAB,T_MDV_T_GSL,2015.0,3.279801565383457,k units,,,,,,,,TRPHRNLLAB001
NLLAB,T_MDV_T_GSL,2020.0,3.7207803303218,k units,,,,,,,,TRPHRNLLAB001
NS,T_LDV_C_BEV150,2010.0,0.3052472743736139,k units,,,,,,,,TRPHRNS001
NS,T_LDV_C_BEV150,2015.0,1.728269766266332,k units,,,,,,,,TRPHRNS001
NS,T_LDV_C_BEV150,2020.0,3.98439327176829,k units,,,,,,,,TRPHRNS001
NS,T_LDV_C_DSL,2005.0,3.48555,k units,,,,,,,,TRPHRNS001
NS,T_LDV_C_DSL,2010.0,3.7349423905865735,k units,,,,,,,,TRPHRNS001
NS,T_LDV_C_DSL,2015.0,0.21140796931608044,k units,,,,,,,,TRPHRNS001
NS,T_LDV_C_DSL,2020.0,9.657463538068662e-05,k units,,,,,,,,TRPHRNS001
NS,T_LDV_C_GSL,2005.0,112.69945,k units,,,,,,,,TRPHRNS001
NS,T_LDV_C_GSL,2010.0,125.26609435519975,k units,,,,,,,,TRPHRNS001
NS,T_LDV_C_GSL,2015.0,84.56416340419531,k units,,,,,,,,TRPHRNS001
NS,T_LDV_C_GSL,2020.0,38.60871802412258,k units,,,,,,,,TRPHRNS001
NS,T_LDV_C_GSL_HEV,2010.0,2.825922274265058,k units,,,,,,,,TRPHRNS001
NS,T_LDV_C_GSL_HEV,2015.0,2.3046395401907067,k units,,,,,,,,TRPHRNS001
NS,T_LDV_C_GSL_HEV,2020.0,3.6523268512102236,k units,,,,,,,,TRPHRNS001
NS,T_LDV_C_GSL_PHEV35,2010.0,0.23579370557499252,k units,,,,,,,,TRPHRNS001
NS,T_LDV_C_GSL_PHEV35,2015.0,1.163519320031573,k units,,,,,,,,TRPHRNS001
NS,T_LDV_C_GSL_PHEV35,2020.0,0.3524652782635128,k units,,,,,,,,TRPHRNS001
NS,T_HDV_T_DSL,2000.0,0.712,k units,,,,,,,,TRPHRNS001
NS,T_HDV_T_DSL,2005.0,2.936,k units,,,,,,,,TRPHRNS001
NS,T_HDV_T_DSL,2010.0,3.051,k units,,,,,,,,TRPHRNS001
NS,T_HDV_T_DSL,2015.0,3.477,k units,,,,,,,,TRPHRNS001
NS,T_HDV_T_DSL,2020.0,3.395,k units,,,,,,,,TRPHRNS001
NS,T_LDV_LTF_DSL,2000.0,0.16488,k units,,,,,,,,TRPHRNS001
NS,T_LDV_LTF_DSL,2005.0,0.87148,k units,,,,,,,,TRPHRNS001
NS,T_LDV_LTF_DSL,2010.0,1.7279224343097046,k units,,,,,,,,TRPHRNS001
NS,T_LDV_LTF_DSL,2015.0,3.182289499645635,k units,,,,,,,,TRPHRNS001
NS,T_LDV_LTF_DSL,2020.0,5.119806842783074,k units,,,,,,,,TRPHRNS001
NS,T_LDV_LTF_GSL,2000.0,3.9158999999999997,k units,,,,,,,,TRPHRNS001
NS,T_LDV_LTF_GSL,2005.0,20.69765,k units,,,,,,,,TRPHRNS001
NS,T_LDV_LTF_GSL,2010.0,25.405837712482164,k units,,,,,,,,TRPHRNS001
NS,T_LDV_LTF_GSL,2015.0,32.71073249847789,k units,,,,,,,,TRPHRNS001
NS,T_LDV_LTF_GSL,2020.0,31.191165369172623,k units,,,,,,,,TRPHRNS001
NS,T_LDV_LTF_GSL_HEV,2010.0,0.005241737371574349,k units,,,,,,,,TRPHRNS001
NS,T_LDV_LTF_GSL_HEV,2015.0,0.0003935162461961323,k units,,,,,,,,TRPHRNS001
NS,T_LDV_LTF_GSL_HEV,2020.0,1.7279833486844562,k units,,,,,,,,TRPHRNS001
NS,T_LDV_LTF_GSL_PHEV35,2015.0,0.06258448563027728,k units,,,,,,,,TRPHRNS001
NS,T_LDV_LTF_GSL_PHEV35,2020.0,0.13927911596546558,k units,,,,,,,,TRPHRNS001
NS,T_LDV_LTP_BEV300,2010.0,0.0053022295214339085,k units,,,,,,,,TRPHRNS001
NS,T_LDV_LTP_BEV300,2015.0,0.3485994615006084,k units,,,,,,,,TRPHRNS001
NS,T_LDV_LTP_BEV300,2020.0,5.885264585111962,k units,,,,,,,,TRPHRNS001
NS,T_LDV_LTP_DSL,2000.0,0.43905,k units,,,,,,,,TRPHRNS001
NS,T_LDV_LTP_DSL,2005.0,2.33124,k units,,,,,,,,TRPHRNS001
NS,T_LDV_LTP_DSL,2010.0,4.075196092482496,k units,,,,,,,,TRPHRNS001
NS,T_LDV_LTP_DSL,2015.0,4.548452313212053,k units,,,,,,,,TRPHRNS001
NS,T_LDV_LTP_DSL,2020.0,5.4873723356498925,k units,,,,,,,,TRPHRNS001
NS,T_LDV_LTP_GSL,2000.0,13.90325,k units,,,,,,,,TRPHRNS001
NS,T_LDV_LTP_GSL,2005.0,73.8226,k units,,,,,,,,TRPHRNS001
NS,T_LDV_LTP_GSL,2010.0,92.91092310951832,k units,,,,,,,,TRPHRNS001
NS,T_LDV_LTP_GSL,2015.0,122.77257024376803,k units,,,,,,,,TRPHRNS001
NS,T_LDV_LTP_GSL,2020.0,112.78469232271658,k units,,,,,,,,TRPHRNS001
NS,T_LDV_LTP_GSL_HEV,2010.0,0.23960761360818592,k units,,,,,,,,TRPHRNS001
NS,T_LDV_LTP_GSL_HEV,2015.0,1.4142639797931298,k units,,,,,,,,TRPHRNS001
NS,T_LDV_LTP_GSL_HEV,2020.0,11.111437166297788,k units,,,,,,,,TRPHRNS001
NS,T_LDV_LTP_GSL_PHEV35,2010.0,0.005970954869570567,k units,,,,,,,,TRPHRNS001
NS,T_LDV_LTP_GSL_PHEV35,2015.0,0.3421140017261703,k units,,,,,,,,TRPHRNS001
NS,T_LDV_LTP_GSL_PHEV35,2020.0,2.1792335902237676,k units,,,,,,,,TRPHRNS001
NS,T_MDV_T_DSL,2000.0,0.8351999999999999,k units,,,,,,,,TRPHRNS001
NS,T_MDV_T_DSL,2005.0,5.7264,k units,,,,,,,,TRPHRNS001
NS,T_MDV_T_DSL,2010.0,6.7044,k units,,,,,,,,TRPHRNS001
NS,T_MDV_T_DSL,2015.0,9.969743090654475,k units,,,,,,,,TRPHRNS001
NS,T_MDV_T_DSL,2020.0,12.419115597087544,k units,,,,,,,,TRPHRNS001
NS,T_MDV_T_GSL,2000.0,0.5568,k units,,,,,,,,TRPHRNS001
NS,T_MDV_T_GSL,2005.0,3.8176,k units,,,,,,,,TRPHRNS001
NS,T_MDV_T_GSL,2010.0,4.4696,k units,,,,,,,,TRPHRNS001
NS,T_MDV_T_GSL,2015.0,6.118749687818281,k units,,,,,,,,TRPHRNS001
NS,T_MDV_T_GSL,2020.0,8.240644989684958,k units,,,,,,,,TRPHRNS001
ON,T_LDV_C_BEV150,2010.0,3.297716758021438,k units,,,,,,,,TRPHRON001
ON,T_LDV_C_BEV150,2015.0,22.883207235037915,k units,,,,,,,,TRPHRON001
ON,T_LDV_C_BEV150,2020.0,54.049449637456874,k units,,,,,,,,TRPHRON001
ON,T_LDV_C_DSL,2005.0,35.243159999999996,k units,,,,,,,,TRPHRON001
ON,T_LDV_C_DSL,2010.0,39.286788886065146,k units,,,,,,,,TRPHRON001
ON,T_LDV_C_DSL,2015.0,2.7100935828750123,k units,,,,,,,,TRPHRON001
ON,T_LDV_C_DSL,2020.0,0.0012414831603704017,k units,,,,,,,,TRPHRON001
ON,T_LDV_C_GSL,2005.0,1139.52884,k units,,,,,,,,TRPHRON001
ON,T_LDV_C_GSL,2010.0,1321.0211698728288,k units,,,,,,,,TRPHRON001
ON,T_LDV_C_GSL,2015.0,1092.8944017225272,k units,,,,,,,,TRPHRON001
ON,T_LDV_C_GSL,2020.0,515.7699850945764,k units,,,,,,,,TRPHRON001
ON,T_LDV_C_GSL_HEV,2010.0,29.70210098526862,k units,,,,,,,,TRPHRON001
ON,T_LDV_C_GSL_HEV,2015.0,29.922645489811412,k units,,,,,,,,TRPHRON001
ON,T_LDV_C_GSL_HEV,2020.0,48.080545624286394,k units,,,,,,,,TRPHRON001
ON,T_LDV_C_GSL_PHEV35,2010.0,2.5162234978161306,k units,,,,,,,,TRPHRON001
ON,T_LDV_C_GSL_PHEV35,2015.0,15.247651969748423,k units,,,,,,,,TRPHRON001
ON,T_LDV_C_GSL_PHEV35,2020.0,4.698778160519832,k units,,,,,,,,TRPHRON001
ON,T_HDV_T_DSL,2000.0,12.056,k units,,,,,,,,TRPHRON001
ON,T_HDV_T_DSL,2005.0,39.534,k units,,,,,,,,TRPHRON001
ON,T_HDV_T_DSL,2010.0,47.424,k units,,,,,,,,TRPHRON001
ON,T_HDV_T_DSL,2015.0,59.437,k units,,,,,,,,TRPHRON001
ON,T_HDV_T_DSL,2020.0,66.55,k units,,,,,,,,TRPHRON001
ON,T_LDV_LTF_DSL,2000.0,2.27996,k units,,,,,,,,TRPHRON001
ON,T_LDV_LTF_DSL,2005.0,11.68188,k units,,,,,,,,TRPHRON001
ON,T_LDV_LTF_DSL,2010.0,23.5747794048302,k units,,,,,,,,TRPHRON001
ON,T_LDV_LTF_DSL,2015.0,47.51371489332247,k units,,,,,,,,TRPHRON001
ON,T_LDV_LTF_DSL,2020.0,74.38777744659826,k units,,,,,,,,TRPHRON001
ON,T_LDV_LTF_GSL,2000.0,54.14905,k units,,,,,,,,TRPHRON001
ON,T_LDV_LTF_GSL,2005.0,277.44464999999997,k units,,,,,,,,TRPHRON001
ON,T_LDV_LTF_GSL,2010.0,344.6941157429299,k units,,,,,,,,TRPHRON001
ON,T_LDV_LTF_GSL,2015.0,488.0976501265233,k units,,,,,,,,TRPHRON001
ON,T_LDV_LTF_GSL,2020.0,450.67965632051744,k units,,,,,,,,TRPHRON001
ON,T_LDV_LTF_GSL_HEV,2010.0,0.069834156170377,k units,,,,,,,,TRPHRON001
ON,T_LDV_LTF_GSL_HEV,2015.0,0.005727090900166878,k units,,,,,,,,TRPHRON001
ON,T_LDV_LTF_GSL_HEV,2020.0,25.27719669043926,k units,,,,,,,,TRPHRON001
ON,T_LDV_LTF_GSL_PHEV35,2015.0,0.9409078892539806,k units,,,,,,,,TRPHRON001
ON,T_LDV_LTF_GSL_PHEV35,2020.0,1.990713149278856,k units,,,,,,,,TRPHRON001
ON,T_LDV_LTP_BEV300,2010.0,0.07307382590526464,k units,,,,,,,,TRPHRON001
ON,T_LDV_LTP_BEV300,2015.0,5.161927978540626,k units,,,,,,,,TRPHRON001
ON,T_LDV_LTP_BEV300,2020.0,84.22355068249595,k units,,,,,,,,TRPHRON001
ON,T_LDV_LTP_DSL,2000.0,6.1405199999999995,k units,,,,,,,,TRPHRON001
ON,T_LDV_LTP_DSL,2005.0,31.47267,k units,,,,,,,,TRPHRON001
ON,T_LDV_LTP_DSL,2010.0,55.52735406832949,k units,,,,,,,,TRPHRON001
ON,T_LDV_LTP_DSL,2015.0,67.60222517221418,k units,,,,,,,,TRPHRON001
ON,T_LDV_LTP_DSL,2020.0,80.52166220103139,k units,,,,,,,,TRPHRON001
ON,T_LDV_LTP_GSL,2000.0,194.44979999999998,k units,,,,,,,,TRPHRON001
ON,T_LDV_LTP_GSL,2005.0,996.63455,k units,,,,,,,,TRPHRON001
ON,T_LDV_LTP_GSL,2010.0,1260.8452784386536,k units,,,,,,,,TRPHRON001
ON,T_LDV_LTP_GSL,2015.0,1827.4010728643143,k units,,,,,,,,TRPHRON001
ON,T_LDV_LTP_GSL,2020.0,1647.491169880302,k units,,,,,,,,TRPHRON001
ON,T_LDV_LTP_GSL_HEV,2010.0,3.2458689100046225,k units,,,,,,,,TRPHRON001
ON,T_LDV_LTP_GSL_HEV,2015.0,21.06352621337658,k units,,,,,,,,TRPHRON001
ON,T_LDV_LTP_GSL_HEV,2020.0,157.90588419040023,k units,,,,,,,,TRPHRON001
ON,T_LDV_LTP_GSL_PHEV35,2010.0,0.08342475710693562,k units,,,,,,,,TRPHRON001
ON,T_LDV_LTP_GSL_PHEV35,2015.0,5.161247771554364,k units,,,,,,,,TRPHRON001
ON,T_LDV_LTP_GSL_PHEV35,2020.0,30.714733045770323,k units,,,,,,,,TRPHRON001
ON,T_MDV_T_DSL,2000.0,13.157399999999999,k units,,,,,,,,TRPHRON001
ON,T_MDV_T_DSL,2005.0,76.0962,k units,,,,,,,,TRPHRON001
ON,T_MDV_T_DSL,2010.0,86.4498,k units,,,,,,,,TRPHRON001
ON,T_MDV_T_DSL,2015.0,130.11978010713406,k units,,,,,,,,TRPHRON001
ON,T_MDV_T_DSL,2020.0,145.15815294328357,k units,,,,,,,,TRPHRON001
ON,T_MDV_T_GSL,2000.0,8.7716,k units,,,,,,,,TRPHRON001
ON,T_MDV_T_GSL,2005.0,50.7308,k units,,,,,,,,TRPHRON001
ON,T_MDV_T_GSL,2010.0,57.6332,k units,,,,,,,,TRPHRON001
ON,T_MDV_T_GSL,2015.0,79.82362529371399,k units,,,,,,,,TRPHRON001
ON,T_MDV_T_GSL,2020.0,96.17898909734276,k units,,,,,,,,TRPHRON001
PEI,T_LDV_C_BEV150,2010.0,0.040388243913865834,k units,,,,,,,,TRPHRPEI001
PEI,T_LDV_C_BEV150,2015.0,0.23851733162105088,k units,,,,,,,,TRPHRPEI001
PEI,T_LDV_C_BEV150,2020.0,0.6131282522689171,k units,,,,,,,,TRPHRPEI001
PEI,T_LDV_C_DSL,2005.0,0.37202999999999997,k units,,,,,,,,TRPHRPEI001
PEI,T_LDV_C_DSL,2010.0,0.4720262390053608,k units,,,,,,,,TRPHRPEI001
PEI,T_LDV_C_DSL,2015.0,0.027261647307159874,k units,,,,,,,,TRPHRPEI001
PEI,T_LDV_C_DSL,2020.0,1.5896548244626765e-05,k units,,,,,,,,TRPHRPEI001
PEI,T_LDV_C_GSL,2005.0,12.02897,k units,,,,,,,,TRPHRPEI001
PEI,T_LDV_C_GSL,2010.0,15.77562672762427,k units,,,,,,,,TRPHRPEI001
PEI,T_LDV_C_GSL,2015.0,11.268675927439919,k units,,,,,,,,TRPHRPEI001
PEI,T_LDV_C_GSL,2020.0,5.927719663854931,k units,,,,,,,,TRPHRPEI001
PEI,T_LDV_C_GSL_HEV,2010.0,0.35947614474602435,k units,,,,,,,,TRPHRPEI001
PEI,T_LDV_C_GSL_HEV,2015.0,0.3142152492501932,k units,,,,,,,,TRPHRPEI001
PEI,T_LDV_C_GSL_HEV,2020.0,0.539208727788559,k units,,,,,,,,TRPHRPEI001
PEI,T_LDV_C_GSL_PHEV35,2010.0,0.0304826447104798,k units,,,,,,,,TRPHRPEI001
PEI,T_LDV_C_GSL_PHEV35,2015.0,0.1533298443816761,k units,,,,,,,,TRPHRPEI001
PEI,T_LDV_C_GSL_PHEV35,2020.0,0.053927459539347175,k units,,,,,,,,TRPHRPEI001
PEI,T_HDV_T_DSL,2000.0,0.064,k units,,,,,,,,TRPHRPEI001
PEI,T_HDV_T_DSL,2005.0,0.385,k units,,,,,,,,TRPHRPEI001
PEI,T_HDV_T_DSL,2010.0,0.426,k units,,,,,,,,TRPHRPEI001
PEI,T_HDV_T_DSL,2015.0,0.575,k units,,,,,,,,TRPHRPEI001
PEI,T_HDV_T_DSL,2020.0,0.647,k units,,,,,,,,TRPHRPEI001
PEI,T_LDV_LTF_DSL,2000.0,0.015,k units,,,,,,,,TRPHRPEI001
PEI,T_LDV_LTF_DSL,2005.0,0.08800000000000001,k units,,,,,,,,TRPHRPEI001
PEI,T_LDV_LTF_DSL,2010.0,0.234051377155385,k units,,,,,,,,TRPHRPEI001
PEI,T_LDV_LTF_DSL,2015.0,0.4774364353551648,k units,,,,,,,,TRPHRPEI001
PEI,T_LDV_LTF_DSL,2020.0,0.8939147839544919,k units,,,,,,,,TRPHRPEI001
PEI,T_LDV_LTF_GSL,2000.0,0.35624999999999996,k units,,,,,,,,TRPHRPEI001
PEI,T_LDV_LTF_GSL,2005.0,2.09,k units,,,,,,,,TRPHRPEI001
PEI,T_LDV_LTF_GSL,2010.0,3.427109941434863,k units,,,,,,,,TRPHRPEI001
PEI,T_LDV_LTF_GSL,2015.0,4.876606735233185,k units,,,,,,,,TRPHRPEI001
PEI,T_LDV_LTF_GSL,2020.0,5.4300063905821485,k units,,,,,,,,TRPHRPEI001
PEI,T_LDV_LTF_GSL_HEV,2010.0,0.0007047829986541383,k units,,,,,,,,TRPHRPEI001
PEI,T_LDV_LTF_GSL_HEV,2015.0,6.650633159909688e-05,k units,,,,,,,,TRPHRPEI001
PEI,T_LDV_LTF_GSL_HEV,2020.0,0.3042745159498619,k units,,,,,,,,TRPHRPEI001
PEI,T_LDV_LTF_GSL_PHEV35,2015.0,0.008890323080050371,k units,,,,,,,,TRPHRPEI001
PEI,T_LDV_LTF_GSL_PHEV35,2020.0,0.02388611368357888,k units,,,,,,,,TRPHRPEI001
PEI,T_LDV_LTP_BEV300,2010.0,0.0007139973608859566,k units,,,,,,,,TRPHRPEI001
PEI,T_LDV_LTP_BEV300,2015.0,0.05360577999727924,k units,,,,,,,,TRPHRPEI001
PEI,T_LDV_LTP_BEV300,2020.0,0.9988966754687403,k units,,,,,,,,TRPHRPEI001
PEI,T_LDV_LTP_DSL,2000.0,0.03906,k units,,,,,,,,TRPHRPEI001
PEI,T_LDV_LTP_DSL,2005.0,0.23093999999999998,k units,,,,,,,,TRPHRPEI001
PEI,T_LDV_LTP_DSL,2010.0,0.5406446467903632,k units,,,,,,,,TRPHRPEI001
PEI,T_LDV_LTP_DSL,2015.0,0.6678712370250477,k units,,,,,,,,TRPHRPEI001
PEI,T_LDV_LTP_DSL,2020.0,0.9568117222263404,k units,,,,,,,,TRPHRPEI001
PEI,T_LDV_LTP_GSL,2000.0,1.2368999999999999,k units,,,,,,,,TRPHRPEI001
PEI,T_LDV_LTP_GSL,2005.0,7.3130999999999995,k units,,,,,,,,TRPHRPEI001
PEI,T_LDV_LTP_GSL,2010.0,12.297129950546392,k units,,,,,,,,TRPHRPEI001
PEI,T_LDV_LTP_GSL,2015.0,17.963847754180037,k units,,,,,,,,TRPHRPEI001
PEI,T_LDV_LTP_GSL,2020.0,19.628287178290805,k units,,,,,,,,TRPHRPEI001
PEI,T_LDV_LTP_GSL_HEV,2010.0,0.031696942967212746,k units,,,,,,,,TRPHRPEI001
PEI,T_LDV_LTP_GSL_HEV,2015.0,0.2150966712701019,k units,,,,,,,,TRPHRPEI001
PEI,T_LDV_LTP_GSL_HEV,2020.0,1.8811946180542982,k units,,,,,,,,TRPHRPEI001
PEI,T_LDV_LTP_GSL_PHEV35,2010.0,0.0008144623351460798,k units,,,,,,,,TRPHRPEI001
PEI,T_LDV_LTP_GSL_PHEV35,2015.0,0.049578557527534595,k units,,,,,,,,TRPHRPEI001
PEI,T_LDV_LTP_GSL_PHEV35,2020.0,0.36580980595981355,k units,,,,,,,,TRPHRPEI001
PEI,T_MDV_T_DSL,2000.0,0.054,k units,,,,,,,,TRPHRPEI001
PEI,T_MDV_T_DSL,2005.0,0.47519999999999996,k units,,,,,,,,TRPHRPEI001
PEI,T_MDV_T_DSL,2010.0,0.7385999999999999,k units,,,,,,,,TRPHRPEI001
PEI,T_MDV_T_DSL,2015.0,1.1356399277050162,k units,,,,,,,,TRPHRPEI001
PEI,T_MDV_T_DSL,2020.0,1.5774869550638535,k units,,,,,,,,TRPHRPEI001
PEI,T_MDV_T_GSL,2000.0,0.036,k units,,,,,,,,TRPHRPEI001
PEI,T_MDV_T_GSL,2005.0,0.3168,k units,,,,,,,,TRPHRPEI001
PEI,T_MDV_T_GSL,2010.0,0.4924,k units,,,,,,,,TRPHRPEI001
PEI,T_MDV_T_GSL,2015.0,0.6993020229105353,k units,,,,,,,,TRPHRPEI001
PEI,T_MDV_T_GSL,2020.0,1.0471036067178496,k units,,,,,,,,TRPHRPEI001
QC,T_LDV_C_BEV150,2010.0,2.685682124717826,k units,,,,,,,,TRPHRQC001
QC,T_LDV_C_BEV150,2015.0,17.252237109890856,k units,,,,,,,,TRPHRQC001
QC,T_LDV_C_BEV150,2020.0,36.75199569411894,k units,,,,,,,,TRPHRQC001
QC,T_LDV_C_DSL,2005.0,30.92877,k units,,,,,,,,TRPHRQC001
QC,T_LDV_C_DSL,2010.0,32.845891025295785,k units,,,,,,,,TRPHRQC001
QC,T_LDV_C_DSL,2015.0,2.006253831684356,k units,,,,,,,,TRPHRQC001
QC,T_LDV_C_DSL,2020.0,0.0009572702646061179,k units,,,,,,,,TRPHRQC001
QC,T_LDV_C_GSL,2005.0,1000.0302300000001,k units,,,,,,,,TRPHRQC001
QC,T_LDV_C_GSL,2010.0,1104.867715616637,k units,,,,,,,,TRPHRQC001
QC,T_LDV_C_GSL,2015.0,821.1562161973485,k units,,,,,,,,TRPHRQC001
QC,T_LDV_C_GSL,2020.0,355.3156720113916,k units,,,,,,,,TRPHRQC001
QC,T_LDV_C_GSL_HEV,2010.0,24.79116243372051,k units,,,,,,,,TRPHRQC001
QC,T_LDV_C_GSL_HEV,2015.0,22.73094639607742,k units,,,,,,,,TRPHRQC001
QC,T_LDV_C_GSL_HEV,2020.0,32.242549254778154,k units,,,,,,,,TRPHRQC001
QC,T_LDV_C_GSL_PHEV35,2010.0,2.0765487996288217,k units,,,,,,,,TRPHRQC001
QC,T_LDV_C_GSL_PHEV35,2015.0,11.26834646499884,k units,,,,,,,,TRPHRQC001
QC,T_LDV_C_GSL_PHEV35,2020.0,3.231825769446747,k units,,,,,,,,TRPHRQC001
QC,T_HDV_T_DSL,2000.0,7.255,k units,,,,,,,,TRPHRQC001
QC,T_HDV_T_DSL,2005.0,24.768,k units,,,,,,,,TRPHRQC001
QC,T_HDV_T_DSL,2010.0,27.338,k units,,,,,,,,TRPHRQC001
QC,T_HDV_T_DSL,2015.0,27.567999999999998,k units,,,,,,,,TRPHRQC001
QC,T_HDV_T_DSL,2020.0,27.051000000000002,k units,,,,,,,,TRPHRQC001
QC,T_LDV_LTF_DSL,2000.0,1.08596,k units,,,,,,,,TRPHRQC001
QC,T_LDV_LTF_DSL,2005.0,6.04244,k units,,,,,,,,TRPHRQC001
QC,T_LDV_LTF_DSL,2010.0,12.378142957863306,k units,,,,,,,,TRPHRQC001
QC,T_LDV_LTF_DSL,2015.0,23.999863201964462,k units,,,,,,,,TRPHRQC001
QC,T_LDV_LTF_DSL,2020.0,43.092090368573835,k units,,,,,,,,TRPHRQC001
QC,T_LDV_LTF_GSL,2000.0,25.79155,k units,,,,,,,,TRPHRQC001
QC,T_LDV_LTF_GSL,2005.0,143.50795,k units,,,,,,,,TRPHRQC001
QC,T_LDV_LTF_GSL,2010.0,183.10211433414509,k units,,,,,,,,TRPHRQC001
QC,T_LDV_LTF_GSL,2015.0,245.55533053991655,k units,,,,,,,,TRPHRQC001
QC,T_LDV_LTF_GSL,2020.0,261.4776050683307,k units,,,,,,,,TRPHRQC001
QC,T_LDV_LTF_GSL_HEV,2010.0,0.03924977621344777,k units,,,,,,,,TRPHRQC001
QC,T_LDV_LTF_GSL_HEV,2015.0,0.003165983606557377,k units,,,,,,,,TRPHRQC001
QC,T_LDV_LTF_GSL_HEV,2020.0,14.698030949413145,k units,,,,,,,,TRPHRQC001
QC,T_LDV_LTF_GSL_PHEV35,2015.0,0.46164027451240863,k units,,,,,,,,TRPHRQC001
QC,T_LDV_LTF_GSL_PHEV35,2020.0,1.1461089053136049,k units,,,,,,,,TRPHRQC001
QC,T_LDV_LTP_BEV300,2010.0,0.03791490277302684,k units,,,,,,,,TRPHRQC001
QC,T_LDV_LTP_BEV300,2015.0,2.6925427183262594,k units,,,,,,,,TRPHRQC001
QC,T_LDV_LTP_BEV300,2020.0,48.46015877923796,k units,,,,,,,,TRPHRQC001
QC,T_LDV_LTP_DSL,2000.0,2.90517,k units,,,,,,,,TRPHRQC001
QC,T_LDV_LTP_DSL,2005.0,16.20933,k units,,,,,,,,TRPHRQC001
QC,T_LDV_LTP_DSL,2010.0,29.24736452252167,k units,,,,,,,,TRPHRQC001
QC,T_LDV_LTP_DSL,2015.0,34.0856386831298,k units,,,,,,,,TRPHRQC001
QC,T_LDV_LTP_DSL,2020.0,46.77304243368552,k units,,,,,,,,TRPHRQC001
QC,T_LDV_LTP_GSL,2000.0,91.99704999999999,k units,,,,,,,,TRPHRQC001
QC,T_LDV_LTP_GSL,2005.0,513.29545,k units,,,,,,,,TRPHRQC001
QC,T_LDV_LTP_GSL,2010.0,671.0853950835156,k units,,,,,,,,TRPHRQC001
QC,T_LDV_LTP_GSL,2015.0,919.9710245585477,k units,,,,,,,,TRPHRQC001
QC,T_LDV_LTP_GSL,2020.0,958.8477108503023,k units,,,,,,,,TRPHRQC001
QC,T_LDV_LTP_GSL_HEV,2010.0,1.73834882974499,k units,,,,,,,,TRPHRQC001
QC,T_LDV_LTP_GSL_HEV,2015.0,10.891816180607815,k units,,,,,,,,TRPHRQC001
QC,T_LDV_LTP_GSL_HEV,2020.0,91.17228446193337,k units,,,,,,,,TRPHRQC001
QC,T_LDV_LTP_GSL_PHEV35,2010.0,0.0419766614447283,k units,,,,,,,,TRPHRQC001
QC,T_LDV_LTP_GSL_PHEV35,2015.0,2.5869778593883983,k units,,,,,,,,TRPHRQC001
QC,T_LDV_LTP_GSL_PHEV35,2020.0,17.684803474840784,k units,,,,,,,,TRPHRQC001
QC,T_MDV_T_DSL,2000.0,7.1658,k units,,,,,,,,TRPHRQC001
QC,T_MDV_T_DSL,2005.0,46.769999999999996,k units,,,,,,,,TRPHRQC001
QC,T_MDV_T_DSL,2010.0,52.959599999999995,k units,,,,,,,,TRPHRQC001
QC,T_MDV_T_DSL,2015.0,65.48926361583798,k units,,,,,,,,TRPHRQC001
QC,T_MDV_T_DSL,2020.0,65.1351633822488,k units,,,,,,,,TRPHRQC001
QC,T_MDV_T_GSL,2000.0,4.7772,k units,,,,,,,,TRPHRQC001
QC,T_MDV_T_GSL,2005.0,31.18,k units,,,,,,,,TRPHRQC001
QC,T_MDV_T_GSL,2010.0,35.306400000000004,k units,,,,,,,,TRPHRQC001
QC,T_MDV_T_GSL,2015.0,40.19747942898301,k units,,,,,,,,TRPHRQC001
QC,T_MDV_T_GSL,2020.0,43.126376311974546,k units,,,,,,,,TRPHRQC001
SK,T_LDV_C_BEV150,2010.0,0.12717067531086676,k units,,,,,,,,TRPHRSK001
SK,T_LDV_C_BEV150,2015.0,0.6427173791228394,k units,,,,,,,,TRPHRSK001
SK,T_LDV_C_BEV150,2020.0,1.510436417440029,k units,,,,,,,,TRPHRSK001
SK,T_LDV_C_DSL,2005.0,1.79988,k units,,,,,,,,TRPHRSK001
SK,T_LDV_C_DSL,2010.0,1.6216209068177705,k units,,,,,,,,TRPHRSK001
SK,T_LDV_C_DSL,2015.0,0.08021269903768684,k units,,,,,,,,TRPHRSK001
SK,T_LDV_C_DSL,2020.0,3.958613088261547e-05,k units,,,,,,,,TRPHRSK001
SK,T_LDV_C_GSL,2005.0,58.19612,k units,,,,,,,,TRPHRSK001
SK,T_LDV_C_GSL,2010.0,54.31806545325968,k units,,,,,,,,TRPHRSK001
SK,T_LDV_C_GSL,2015.0,31.842697016125452,k units,,,,,,,,TRPHRSK001
SK,T_LDV_C_GSL,2020.0,14.625169871063598,k units,,,,,,,,TRPHRSK001
SK,T_LDV_C_GSL_HEV,2010.0,1.2255051009396984,k units,,,,,,,,TRPHRSK001
SK,T_LDV_C_GSL_HEV,2015.0,0.8642367801430589,k units,,,,,,,,TRPHRSK001
SK,T_LDV_C_GSL_HEV,2020.0,1.3283082247365252,k units,,,,,,,,TRPHRSK001
SK,T_LDV_C_GSL_PHEV35,2010.0,0.10063786367199372,k units,,,,,,,,TRPHRSK001
SK,T_LDV_C_GSL_PHEV35,2015.0,0.4341361255709645,k units,,,,,,,,TRPHRSK001
SK,T_LDV_C_GSL_PHEV35,2020.0,0.1330459006289662,k units,,,,,,,,TRPHRSK001
SK,T_HDV_T_DSL,2000.0,1.166,k units,,,,,,,,TRPHRSK001
SK,T_HDV_T_DSL,2005.0,5.685,k units,,,,,,,,TRPHRSK001
SK,T_HDV_T_DSL,2010.0,6.473,k units,,,,,,,,TRPHRSK001
SK,T_HDV_T_DSL,2015.0,4.308,k units,,,,,,,,TRPHRSK001
SK,T_HDV_T_DSL,2020.0,4.699,k units,,,,,,,,TRPHRSK001
SK,T_LDV_LTF_DSL,2000.0,0.26692,k units,,,,,,,,TRPHRSK001
SK,T_LDV_LTF_DSL,2005.0,1.6174000000000002,k units,,,,,,,,TRPHRSK001
SK,T_LDV_LTF_DSL,2010.0,3.646919517582347,k units,,,,,,,,TRPHRSK001
SK,T_LDV_LTF_DSL,2015.0,4.958327015185155,k units,,,,,,,,TRPHRSK001
SK,T_LDV_LTF_DSL,2020.0,7.592431729942076,k units,,,,,,,,TRPHRSK001
SK,T_LDV_LTF_GSL,2000.0,6.33935,k units,,,,,,,,TRPHRSK001
SK,T_LDV_LTF_GSL,2005.0,38.413250000000005,k units,,,,,,,,TRPHRSK001
SK,T_LDV_LTF_GSL,2010.0,54.50022382849192,k units,,,,,,,,TRPHRSK001
SK,T_LDV_LTF_GSL,2015.0,50.976282183885324,k units,,,,,,,,TRPHRSK001
SK,T_LDV_LTF_GSL,2020.0,46.02984196729648,k units,,,,,,,,TRPHRSK001
SK,T_LDV_LTF_GSL_HEV,2010.0,0.011658538998444988,k units,,,,,,,,TRPHRSK001
SK,T_LDV_LTF_GSL_HEV,2015.0,0.0006005202709335427,k units,,,,,,,,TRPHRSK001
SK,T_LDV_LTF_GSL_HEV,2020.0,2.580676986465255,k units,,,,,,,,TRPHRSK001
SK,T_LDV_LTF_GSL_PHEV35,2015.0,0.09679028065858276,k units,,,,,,,,TRPHRSK001
SK,T_LDV_LTF_GSL_PHEV35,2020.0,0.20316238662681452,k units,,,,,,,,TRPHRSK001
SK,T_LDV_LTP_BEV300,2010.0,0.006063703631809098,k units,,,,,,,,TRPHRSK001
SK,T_LDV_LTP_BEV300,2015.0,0.30581545872777727,k units,,,,,,,,TRPHRSK001
SK,T_LDV_LTP_BEV300,2020.0,4.872063601567563,k units,,,,,,,,TRPHRSK001
SK,T_LDV_LTP_DSL,2000.0,0.40203,k units,,,,,,,,TRPHRSK001
SK,T_LDV_LTP_DSL,2005.0,2.45466,k units,,,,,,,,TRPHRSK001
SK,T_LDV_LTP_DSL,2010.0,4.9564338953892655,k units,,,,,,,,TRPHRSK001
SK,T_LDV_LTP_DSL,2015.0,4.04401476278646,k units,,,,,,,,TRPHRSK001
SK,T_LDV_LTP_DSL,2020.0,4.66002017208747,k units,,,,,,,,TRPHRSK001
SK,T_LDV_LTP_GSL,2000.0,12.73095,k units,,,,,,,,TRPHRSK001
SK,T_LDV_LTP_GSL,2005.0,77.73089999999999,k units,,,,,,,,TRPHRSK001
SK,T_LDV_LTP_GSL,2010.0,114.00226472848834,k units,,,,,,,,TRPHRSK001
SK,T_LDV_LTP_GSL,2015.0,108.87310174506442,k units,,,,,,,,TRPHRSK001
SK,T_LDV_LTP_GSL,2020.0,95.41945548886972,k units,,,,,,,,TRPHRSK001
SK,T_LDV_LTP_GSL_HEV,2010.0,0.29572157366064444,k units,,,,,,,,TRPHRSK001
SK,T_LDV_LTP_GSL_HEV,2015.0,1.2429957608388364,k units,,,,,,,,TRPHRSK001
SK,T_LDV_LTP_GSL_HEV,2020.0,9.146449311341836,k units,,,,,,,,TRPHRSK001
SK,T_LDV_LTP_GSL_PHEV35,2010.0,0.0065160988299339615,k units,,,,,,,,TRPHRSK001
SK,T_LDV_LTP_GSL_PHEV35,2015.0,0.30107227258251423,k units,,,,,,,,TRPHRSK001
SK,T_LDV_LTP_GSL_PHEV35,2020.0,1.7790114261334171,k units,,,,,,,,TRPHRSK001
SK,T_MDV_T_DSL,2000.0,1.4004,k units,,,,,,,,TRPHRSK001
SK,T_MDV_T_DSL,2005.0,15.889800000000001,k units,,,,,,,,TRPHRSK001
SK,T_MDV_T_DSL,2010.0,22.209,k units,,,,,,,,TRPHRSK001
SK,T_MDV_T_DSL,2015.0,20.104444556035702,k units,,,,,,,,TRPHRSK001
SK,T_MDV_T_DSL,2020.0,21.73541808093503,k units,,,,,,,,TRPHRSK001
SK,T_MDV_T_GSL,2000.0,0.9336000000000001,k units,,,,,,,,TRPHRSK001
SK,T_MDV_T_GSL,2005.0,10.5932,k units,,,,,,,,TRPHRSK001
SK,T_MDV_T_GSL,2010.0,14.806000000000001,k units,,,,,,,,TRPHRSK001
SK,T_MDV_T_GSL,2015.0,12.347556098180267,k units,,,,,,,,TRPHRSK001
SK,T_MDV_T_GSL,2020.0,14.408036628510017,k units,,,,,,,,TRPHRSK001
